site_code,s_index,date_index,one_week_date,nov_3week,predicted,q0.025,q0.975,model
UKENAN_AW_TP000016,1,1,21/05/2024,NA,3.290786531,2.98106835,3.579380667,BRMS
UKENAN_AW_TP000016,1,2,28/05/2024,3.166716595,3.361875226,3.086070857,3.612091778,BRMS
UKENAN_AW_TP000016,1,3,04/06/2024,3.166716595,3.456580339,3.205147438,3.687366831,BRMS
UKENAN_AW_TP000016,1,4,11/06/2024,3.78289225,3.601076529,3.369032808,3.820699763,BRMS
UKENAN_AW_TP000016,1,5,18/06/2024,4.399067904,3.759160389,3.54569584,3.975413288,BRMS
UKENAN_AW_TP000016,1,6,25/06/2024,4.598555993,3.891620751,3.68098916,4.108376184,BRMS
UKENAN_AW_TP000016,1,7,02/07/2024,4.798044081,3.981228933,3.765869341,4.201989469,BRMS
UKENAN_AW_TP000016,1,8,09/07/2024,5.01527048,4.071340449,3.84952612,4.291687854,BRMS
UKENAN_AW_TP000016,1,9,16/07/2024,5.232496879,4.029088028,3.806168721,4.24912869,BRMS
UKENAN_AW_TP000016,1,10,23/07/2024,4.713496681,4.175006704,3.952118057,4.385564155,BRMS
UKENAN_AW_TP000016,1,11,30/07/2024,4.194496483,4.31406165,4.089294063,4.524073559,BRMS
UKENAN_AW_TP000016,1,12,06/08/2024,3.691563332,4.390817431,4.159366344,4.594821276,BRMS
UKENAN_AW_TP000016,1,13,13/08/2024,3.188630181,4.415786575,4.187997959,4.626843387,BRMS
UKENAN_AW_TP000016,1,14,20/08/2024,4.747748325,4.415515876,4.192816573,4.635030215,BRMS
UKENAN_AW_TP000016,1,15,27/08/2024,6.306866468,4.424183932,4.188966535,4.651751101,BRMS
UKENAN_AW_TP000016,1,16,03/09/2024,5.805145858,4.413603621,4.199896588,4.629741671,BRMS
UKENAN_AW_TP000016,1,17,10/09/2024,5.303425248,4.390292746,4.162806392,4.604279079,BRMS
UKENAN_AW_TP000016,1,18,17/09/2024,4.846847579,4.324005053,4.110350006,4.541955692,BRMS
UKENAN_AW_TP000016,1,19,24/09/2024,4.390269909,4.206132699,3.999885732,4.423543063,BRMS
UKENAN_AW_TP000016,1,20,01/10/2024,5.031005698,4.120312791,3.91226351,4.341230909,BRMS
UKENAN_AW_TP000016,1,21,08/10/2024,5.671741487,4.069379954,3.850888022,4.290463074,BRMS
UKENAN_AW_TP000016,1,22,15/10/2024,4.812659249,4.061124276,3.839742284,4.274275019,BRMS
UKENAN_AW_TP000016,1,23,22/10/2024,3.953577011,4.084398327,3.867578864,4.295202805,BRMS
UKENAN_AW_TP000016,1,24,29/10/2024,4.039804732,4.092188759,3.886728697,4.298966562,BRMS
UKENAN_AW_TP000016,1,25,05/11/2024,4.126032452,4.089283041,3.872643748,4.292013156,BRMS
UKENAN_AW_TP000016,1,26,12/11/2024,4.111151042,4.083023577,3.855800737,4.294441396,BRMS
UKENAN_AW_TP000016,1,27,19/11/2024,4.096269631,4.068819784,3.831576004,4.286107665,BRMS
UKENAN_AW_TP000016,1,28,26/11/2024,4.219370597,4.051977991,3.827679261,4.278505963,BRMS
UKENAN_AW_TP000016,1,29,03/12/2024,4.342471563,4.068897776,3.843097707,4.298717314,BRMS
UKENAN_AW_TP000016,1,30,10/12/2024,4.001523924,4.027885567,3.801207252,4.265994569,BRMS
UKENAN_AW_TP000016,1,31,17/12/2024,3.660576284,4.017273697,3.790269922,4.239580224,BRMS
UKENAN_AW_TP000016,1,32,24/12/2024,3.502487763,4.026739237,3.807522716,4.257540344,BRMS
UKENAN_AW_TP000016,1,33,31/12/2024,3.344399242,3.952670657,3.754096254,4.176183989,BRMS
UKENAN_AW_TP000016,1,34,07/01/2025,3.593240541,3.839661587,3.639462322,4.069820748,BRMS
UKENAN_AW_TP000016,1,35,14/01/2025,3.84208184,3.751952965,3.54204874,3.978732133,BRMS
UKENAN_AW_TP000016,1,36,21/01/2025,4.388822222,3.721601181,3.493490058,3.938251352,BRMS
UKENAN_AW_TP000016,1,37,28/01/2025,4.935562603,3.805112763,3.602061247,4.035729156,BRMS
UKENAN_AW_TP000016,1,38,04/02/2025,5.204496558,3.925535399,3.733743683,4.130443884,BRMS
UKENAN_AW_TP000016,1,39,11/02/2025,5.473430513,4.093027431,3.899253182,4.30115537,BRMS
UKENAN_AW_TP000016,1,40,18/02/2025,5.473430513,4.226272599,4.020961342,4.446929342,BRMS
UKENAN_AW_TP000016,1,41,25/02/2025,NA,4.338185976,4.129193866,4.569480226,BRMS
UKENAN_AW_TP000016,1,42,04/03/2025,NA,4.388168719,4.172233022,4.61277083,BRMS
UKENAN_AW_TP000016,1,43,11/03/2025,NA,4.367494361,4.15188129,4.593272009,BRMS
UKENAN_AW_TP000016,1,44,18/03/2025,NA,4.341009571,4.117130882,4.57855142,BRMS
UKENAN_AW_TP000016,1,45,25/03/2025,NA,4.286630126,4.047097394,4.54964078,BRMS
UKENAN_AW_TP000023,2,1,21/05/2024,NA,4.072463539,3.785535583,4.369600635,BRMS
UKENAN_AW_TP000023,2,2,28/05/2024,5.88127531,4.170179176,3.936235962,4.418267328,BRMS
UKENAN_AW_TP000023,2,3,04/06/2024,5.88127531,4.295343933,4.067989018,4.531633032,BRMS
UKENAN_AW_TP000023,2,4,11/06/2024,5.941607414,4.455300361,4.22978412,4.684267733,BRMS
UKENAN_AW_TP000023,2,5,18/06/2024,6.001939518,4.6173955,4.386492168,4.853030549,BRMS
UKENAN_AW_TP000023,2,6,25/06/2024,5.582342046,4.751342124,4.523966785,4.98782029,BRMS
UKENAN_AW_TP000023,2,7,02/07/2024,5.162744574,4.846023615,4.625268265,5.067316311,BRMS
UKENAN_AW_TP000023,2,8,09/07/2024,5.809369052,4.959252022,4.740772979,5.172473022,BRMS
UKENAN_AW_TP000023,2,9,16/07/2024,6.455993529,4.94146209,4.716550655,5.172385129,BRMS
UKENAN_AW_TP000023,2,10,23/07/2024,6.15037503,5.093242201,4.879813018,5.31738429,BRMS
UKENAN_AW_TP000023,2,11,30/07/2024,5.844756531,5.230315585,5.01022918,5.459148049,BRMS
UKENAN_AW_TP000023,2,12,06/08/2024,5.811766002,5.314262972,5.096921788,5.543239334,BRMS
UKENAN_AW_TP000023,2,13,13/08/2024,5.778775472,5.380681941,5.169481219,5.60113113,BRMS
UKENAN_AW_TP000023,2,14,20/08/2024,5.760965718,5.408186034,5.199216955,5.635990331,BRMS
UKENAN_AW_TP000023,2,15,27/08/2024,5.743155964,5.439684859,5.230834652,5.658497658,BRMS
UKENAN_AW_TP000023,2,16,03/09/2024,5.952948808,5.428527015,5.204748453,5.671486709,BRMS
UKENAN_AW_TP000023,2,17,10/09/2024,6.162741652,5.395751312,5.182923158,5.609399134,BRMS
UKENAN_AW_TP000023,2,18,17/09/2024,5.570498723,5.325288661,5.102852077,5.54584399,BRMS
UKENAN_AW_TP000023,2,19,24/09/2024,4.978255793,5.211209757,4.990256482,5.443177562,BRMS
UKENAN_AW_TP000023,2,20,01/10/2024,4.360205548,5.118581094,4.902362701,5.347781725,BRMS
UKENAN_AW_TP000023,2,21,08/10/2024,3.742155302,5.053009086,4.836895144,5.278144134,BRMS
UKENAN_AW_TP000023,2,22,15/10/2024,5.0920297,5.033071827,4.812541192,5.247960959,BRMS
UKENAN_AW_TP000023,2,23,22/10/2024,6.441904097,5.057002603,4.827870711,5.275793965,BRMS
UKENAN_AW_TP000023,2,24,29/10/2024,6.283433856,5.083213094,4.858032144,5.299937453,BRMS
UKENAN_AW_TP000023,2,25,05/11/2024,6.124963615,5.084959983,4.863903271,5.297925445,BRMS
UKENAN_AW_TP000023,2,26,12/11/2024,6.036353976,5.098245002,4.885114897,5.31173972,BRMS
UKENAN_AW_TP000023,2,27,19/11/2024,5.947744336,5.089756271,4.882889971,5.301296215,BRMS
UKENAN_AW_TP000023,2,28,26/11/2024,5.849770253,5.071021083,4.85454606,5.282521429,BRMS
UKENAN_AW_TP000023,2,29,03/12/2024,5.75179617,5.095854954,4.875668008,5.318236731,BRMS
UKENAN_AW_TP000023,2,30,10/12/2024,4.892860166,5.076766852,4.866452389,5.294981534,BRMS
UKENAN_AW_TP000023,2,31,17/12/2024,4.033924161,5.073680593,4.85890357,5.299845535,BRMS
UKENAN_AW_TP000023,2,32,24/12/2024,4.635883317,5.082421081,4.862023216,5.311754616,BRMS
UKENAN_AW_TP000023,2,33,31/12/2024,5.237842473,5.00991513,4.78957783,5.238110582,BRMS
UKENAN_AW_TP000023,2,34,07/01/2025,5.295265975,4.897714392,4.674699128,5.130930066,BRMS
UKENAN_AW_TP000023,2,35,14/01/2025,5.352689476,4.797946022,4.583175469,5.028515094,BRMS
UKENAN_AW_TP000023,2,36,21/01/2025,4.693428924,4.747471508,4.532695659,4.986278372,BRMS
UKENAN_AW_TP000023,2,37,28/01/2025,4.034168371,4.813212055,4.588507714,5.060944261,BRMS
UKENAN_AW_TP000023,2,38,04/02/2025,4.696924319,4.927355684,4.724201568,5.162778923,BRMS
UKENAN_AW_TP000023,2,39,11/02/2025,5.359680266,5.09686542,4.882842381,5.320712586,BRMS
UKENAN_AW_TP000023,2,40,18/02/2025,5.560761672,5.232185744,5.022093953,5.460087254,BRMS
UKENAN_AW_TP000023,2,41,25/02/2025,5.761843077,5.326475074,5.11529943,5.563963035,BRMS
UKENAN_AW_TP000023,2,42,04/03/2025,5.914134189,5.353520889,5.142356175,5.593355448,BRMS
UKENAN_AW_TP000023,2,43,11/03/2025,6.0664253,5.314634936,5.10116772,5.54607821,BRMS
UKENAN_AW_TP000023,2,44,18/03/2025,6.005344002,5.284722269,5.066812696,5.524116354,BRMS
UKENAN_AW_TP000023,2,45,25/03/2025,5.944262703,5.23507507,5.002302027,5.486236224,BRMS
UKENAN_AW_TP000037,3,1,21/05/2024,NA,3.963912642,3.71994512,4.204575912,BRMS
UKENAN_AW_TP000037,3,2,28/05/2024,3.903311068,4.041821084,3.828168633,4.249751636,BRMS
UKENAN_AW_TP000037,3,3,04/06/2024,3.903311068,4.14336522,3.944452936,4.342953172,BRMS
UKENAN_AW_TP000037,3,4,11/06/2024,4.543156003,4.293260743,4.100032747,4.492971975,BRMS
UKENAN_AW_TP000037,3,5,18/06/2024,5.183000937,4.45541897,4.254782239,4.653260764,BRMS
UKENAN_AW_TP000037,3,6,25/06/2024,5.065366168,4.591528776,4.394820193,4.782327585,BRMS
UKENAN_AW_TP000037,3,7,02/07/2024,4.947731398,4.683733631,4.498749405,4.866908314,BRMS
UKENAN_AW_TP000037,3,8,09/07/2024,4.630668328,4.776289479,4.594524194,4.975933429,BRMS
UKENAN_AW_TP000037,3,9,16/07/2024,4.313605257,4.739681178,4.56099326,4.937417866,BRMS
UKENAN_AW_TP000037,3,10,23/07/2024,4.849289227,4.887980032,4.702256181,5.090558515,BRMS
UKENAN_AW_TP000037,3,11,30/07/2024,5.384973196,5.025462555,4.827764407,5.223444711,BRMS
UKENAN_AW_TP000037,3,12,06/08/2024,5.230830287,5.102113269,4.914523539,5.295885413,BRMS
UKENAN_AW_TP000037,3,13,13/08/2024,5.076687378,5.128387392,4.933409262,5.320255872,BRMS
UKENAN_AW_TP000037,3,14,20/08/2024,5.353450935,5.124687871,4.912889922,5.322743912,BRMS
UKENAN_AW_TP000037,3,15,27/08/2024,5.630214491,5.130888046,4.906432813,5.336177174,BRMS
UKENAN_AW_TP000037,3,16,03/09/2024,5.471783811,5.117102511,4.891980152,5.327982289,BRMS
UKENAN_AW_TP000037,3,17,10/09/2024,5.31335313,5.090232164,4.870713489,5.293509204,BRMS
UKENAN_AW_TP000037,3,18,17/09/2024,5.138646497,5.019972696,4.816844586,5.21779236,BRMS
UKENAN_AW_TP000037,3,19,24/09/2024,4.963939863,4.897951034,4.698008836,5.096344048,BRMS
UKENAN_AW_TP000037,3,20,01/10/2024,4.919775262,4.805434815,4.611309367,4.998389848,BRMS
UKENAN_AW_TP000037,3,21,08/10/2024,4.87561066,4.749826239,4.556424438,4.942050296,BRMS
UKENAN_AW_TP000037,3,22,15/10/2024,4.96943506,4.7416475,4.551672825,4.942759104,BRMS
UKENAN_AW_TP000037,3,23,22/10/2024,5.063259459,4.764745967,4.576362797,4.965967486,BRMS
UKENAN_AW_TP000037,3,24,29/10/2024,5.032465756,4.778178915,4.592743699,4.977841124,BRMS
UKENAN_AW_TP000037,3,25,05/11/2024,5.001672052,4.771266231,4.583135093,4.967113759,BRMS
UKENAN_AW_TP000037,3,26,12/11/2024,4.938975208,4.768989715,4.57278124,4.960559702,BRMS
UKENAN_AW_TP000037,3,27,19/11/2024,4.876278364,4.757014811,4.552857105,4.955072507,BRMS
UKENAN_AW_TP000037,3,28,26/11/2024,4.899732982,4.742293076,4.538912863,4.949840662,BRMS
UKENAN_AW_TP000037,3,29,03/12/2024,4.923187599,4.765875833,4.563891527,4.968676225,BRMS
UKENAN_AW_TP000037,3,30,10/12/2024,5.038949969,4.725737067,4.51945428,4.927837591,BRMS
UKENAN_AW_TP000037,3,31,17/12/2024,5.154712338,4.717504204,4.516535097,4.91599285,BRMS
UKENAN_AW_TP000037,3,32,24/12/2024,4.94449611,4.728787646,4.521351048,4.919243503,BRMS
UKENAN_AW_TP000037,3,33,31/12/2024,4.734279882,4.645401724,4.45435514,4.821653986,BRMS
UKENAN_AW_TP000037,3,34,07/01/2025,4.286147753,4.524455237,4.334590057,4.704975191,BRMS
UKENAN_AW_TP000037,3,35,14/01/2025,3.838015623,4.428255425,4.225779066,4.610902807,BRMS
UKENAN_AW_TP000037,3,36,21/01/2025,4.146203327,4.387468352,4.184658032,4.587958103,BRMS
UKENAN_AW_TP000037,3,37,28/01/2025,4.45439103,4.462216728,4.261110206,4.661230535,BRMS
UKENAN_AW_TP000037,3,38,04/02/2025,4.849830205,4.576972843,4.374120423,4.778353436,BRMS
UKENAN_AW_TP000037,3,39,11/02/2025,5.245269379,4.73542337,4.539431934,4.942094633,BRMS
UKENAN_AW_TP000037,3,40,18/02/2025,5.196621438,4.868149311,4.678825895,5.077194367,BRMS
UKENAN_AW_TP000037,3,41,25/02/2025,5.147973496,4.965385438,4.768098825,5.168519459,BRMS
UKENAN_AW_TP000037,3,42,04/03/2025,4.89382889,5.007363426,4.805764653,5.200371428,BRMS
UKENAN_AW_TP000037,3,43,11/03/2025,4.639684283,4.974612831,4.764684083,5.181998648,BRMS
UKENAN_AW_TP000037,3,44,18/03/2025,5.372535612,4.947543507,4.734146031,5.149609461,BRMS
UKENAN_AW_TP000037,3,45,25/03/2025,6.105386941,4.886255958,4.665059827,5.104119146,BRMS
UKENAN_AW_TP000050,4,1,21/05/2024,NA,4.225263592,3.900573521,4.590564625,BRMS
UKENAN_AW_TP000050,4,2,28/05/2024,4.897693102,4.289110622,3.99662864,4.630839716,BRMS
UKENAN_AW_TP000050,4,3,04/06/2024,4.897693102,4.377618219,4.095669358,4.703390704,BRMS
UKENAN_AW_TP000050,4,4,11/06/2024,4.865304477,4.535316181,4.251229703,4.857102131,BRMS
UKENAN_AW_TP000050,4,5,18/06/2024,4.832915852,4.707689741,4.423808408,5.019414361,BRMS
UKENAN_AW_TP000050,4,6,25/06/2024,4.777153873,4.848522991,4.571843474,5.146074168,BRMS
UKENAN_AW_TP000050,4,7,02/07/2024,4.721391894,4.951882931,4.670448768,5.266312577,BRMS
UKENAN_AW_TP000050,4,8,09/07/2024,5.006806916,5.02595753,4.743284895,5.353281028,BRMS
UKENAN_AW_TP000050,4,9,16/07/2024,5.292221938,4.943434228,4.663481468,5.265356011,BRMS
UKENAN_AW_TP000050,4,10,23/07/2024,4.723867395,5.071009153,4.795254557,5.393944702,BRMS
UKENAN_AW_TP000050,4,11,30/07/2024,4.155512852,5.198422545,4.919101232,5.508687393,BRMS
UKENAN_AW_TP000050,4,12,06/08/2024,4.610304188,5.28791303,5.00126211,5.595319706,BRMS
UKENAN_AW_TP000050,4,13,13/08/2024,5.065095524,5.33366415,5.060855062,5.640188284,BRMS
UKENAN_AW_TP000050,4,14,20/08/2024,5.473127402,5.34451751,5.081215254,5.654279532,BRMS
UKENAN_AW_TP000050,4,15,27/08/2024,5.88115928,5.350911114,5.083121133,5.65267874,BRMS
UKENAN_AW_TP000050,4,16,03/09/2024,5.789077843,5.312861972,5.045812402,5.64495604,BRMS
UKENAN_AW_TP000050,4,17,10/09/2024,5.696996406,5.287292525,5.01652983,5.621924595,BRMS
UKENAN_AW_TP000050,4,18,17/09/2024,5.446917624,5.211576548,4.933846658,5.53956146,BRMS
UKENAN_AW_TP000050,4,19,24/09/2024,5.196838841,5.098735652,4.827281468,5.414963601,BRMS
UKENAN_AW_TP000050,4,20,01/10/2024,5.483223699,4.999579216,4.736348759,5.303051139,BRMS
UKENAN_AW_TP000050,4,21,08/10/2024,5.769608556,4.929490049,4.668198921,5.23153404,BRMS
UKENAN_AW_TP000050,4,22,15/10/2024,5.438808164,4.915160941,4.654718698,5.234698853,BRMS
UKENAN_AW_TP000050,4,23,22/10/2024,5.108007771,4.940688191,4.67155015,5.252728658,BRMS
UKENAN_AW_TP000050,4,24,29/10/2024,5.470495454,4.974760139,4.703208051,5.280206516,BRMS
UKENAN_AW_TP000050,4,25,05/11/2024,5.832983137,5.005101376,4.737609621,5.303047423,BRMS
UKENAN_AW_TP000050,4,26,12/11/2024,5.324938326,5.02303424,4.750103097,5.310429697,BRMS
UKENAN_AW_TP000050,4,27,19/11/2024,4.816893515,5.030686374,4.750684013,5.321868721,BRMS
UKENAN_AW_TP000050,4,28,26/11/2024,5.368919763,5.014226421,4.731355916,5.324593846,BRMS
UKENAN_AW_TP000050,4,29,03/12/2024,5.920946011,5.020574316,4.728113593,5.338136225,BRMS
UKENAN_AW_TP000050,4,30,10/12/2024,5.718945729,4.976347829,4.678691887,5.265105356,BRMS
UKENAN_AW_TP000050,4,31,17/12/2024,5.516945447,4.949157229,4.667517058,5.243379705,BRMS
UKENAN_AW_TP000050,4,32,24/12/2024,5.790876198,4.933117624,4.649760722,5.227415922,BRMS
UKENAN_AW_TP000050,4,33,31/12/2024,6.064806948,4.825436531,4.54221785,5.129680348,BRMS
UKENAN_AW_TP000050,4,34,07/01/2025,6.071088954,4.69981509,4.404210031,5.01936272,BRMS
UKENAN_AW_TP000050,4,35,14/01/2025,6.077370959,4.604225472,4.307113073,4.927754437,BRMS
UKENAN_AW_TP000050,4,36,21/01/2025,5.404155543,4.56587159,4.270546304,4.899180439,BRMS
UKENAN_AW_TP000050,4,37,28/01/2025,4.730940126,4.69290836,4.389931744,5.01792904,BRMS
UKENAN_AW_TP000050,4,38,04/02/2025,5.129651942,4.844906882,4.54442206,5.197435913,BRMS
UKENAN_AW_TP000050,4,39,11/02/2025,5.528363757,5.023996976,4.73144989,5.366778089,BRMS
UKENAN_AW_TP000050,4,40,18/02/2025,5.660401752,5.153132317,4.875426466,5.493424343,BRMS
UKENAN_AW_TP000050,4,41,25/02/2025,5.792439746,5.23924083,4.963360662,5.552429051,BRMS
UKENAN_AW_TP000050,4,42,04/03/2025,5.72198417,5.26658362,4.984426691,5.583802802,BRMS
UKENAN_AW_TP000050,4,43,11/03/2025,5.651528593,5.22769903,4.942933504,5.577714607,BRMS
UKENAN_AW_TP000050,4,44,18/03/2025,4.352717428,5.179297513,4.883063634,5.518461694,BRMS
UKENAN_AW_TP000050,4,45,25/03/2025,3.053906262,5.117734981,4.805306304,5.468597613,BRMS
UKENAN_AW_TP000051,5,1,21/05/2024,NA,2.366076027,1.943906775,2.737652888,BRMS
UKENAN_AW_TP000051,5,2,28/05/2024,4.796108887,2.429188354,2.041309727,2.754958481,BRMS
UKENAN_AW_TP000051,5,3,04/06/2024,4.796108887,2.517053831,2.149274046,2.822091789,BRMS
UKENAN_AW_TP000051,5,4,11/06/2024,4.795756766,2.65597322,2.307560252,2.953719434,BRMS
UKENAN_AW_TP000051,5,5,18/06/2024,4.795404645,2.812407201,2.488766203,3.112594203,BRMS
UKENAN_AW_TP000051,5,6,25/06/2024,5.191669584,2.944508466,2.619607776,3.249460714,BRMS
UKENAN_AW_TP000051,5,7,02/07/2024,5.587934523,3.034541418,2.700814762,3.325031601,BRMS
UKENAN_AW_TP000051,5,8,09/07/2024,5.5688099,3.126444243,2.778895791,3.431730098,BRMS
UKENAN_AW_TP000051,5,9,16/07/2024,5.549685277,3.091223586,2.750306866,3.399763558,BRMS
UKENAN_AW_TP000051,5,10,23/07/2024,5.489907504,3.241323325,2.905606716,3.543495317,BRMS
UKENAN_AW_TP000051,5,11,30/07/2024,5.430129731,3.385492053,3.042744415,3.689377183,BRMS
UKENAN_AW_TP000051,5,12,06/08/2024,5.64626628,3.465549221,3.134610417,3.753079359,BRMS
UKENAN_AW_TP000051,5,13,13/08/2024,5.862402829,3.491240597,3.149396345,3.778943378,BRMS
UKENAN_AW_TP000051,5,14,20/08/2024,5.820832464,3.489577678,3.142009127,3.785883404,BRMS
UKENAN_AW_TP000051,5,15,27/08/2024,5.779262099,3.496953103,3.142261006,3.797004551,BRMS
UKENAN_AW_TP000051,5,16,03/09/2024,5.321751642,3.485805408,3.166380774,3.789014471,BRMS
UKENAN_AW_TP000051,5,17,10/09/2024,4.864241185,3.463051312,3.146330709,3.755549474,BRMS
UKENAN_AW_TP000051,5,18,17/09/2024,4.885269868,3.397248607,3.091632439,3.703316294,BRMS
UKENAN_AW_TP000051,5,19,24/09/2024,4.906298551,3.282193124,2.971319717,3.588977066,BRMS
UKENAN_AW_TP000051,5,20,01/10/2024,5.166476033,3.199555212,2.883291735,3.514582567,BRMS
UKENAN_AW_TP000051,5,21,08/10/2024,5.426653515,3.151495886,2.819012094,3.466952353,BRMS
UKENAN_AW_TP000051,5,22,15/10/2024,5.421531838,3.14614575,2.803206297,3.450689355,BRMS
UKENAN_AW_TP000051,5,23,22/10/2024,5.41641016,3.170514789,2.834350116,3.475563468,BRMS
UKENAN_AW_TP000051,5,24,29/10/2024,5.467442769,3.178849832,2.854142164,3.485342273,BRMS
UKENAN_AW_TP000051,5,25,05/11/2024,5.518475377,3.175671397,2.842717936,3.472665371,BRMS
UKENAN_AW_TP000051,5,26,12/11/2024,5.656830463,3.168651277,2.803925375,3.468297497,BRMS
UKENAN_AW_TP000051,5,27,19/11/2024,5.795185548,3.155994318,2.779289254,3.450430223,BRMS
UKENAN_AW_TP000051,5,28,26/11/2024,5.537258689,3.138185387,2.788294518,3.437791188,BRMS
UKENAN_AW_TP000051,5,29,03/12/2024,5.279331829,3.153465602,2.779530009,3.469641762,BRMS
UKENAN_AW_TP000051,5,30,10/12/2024,5.324393474,3.112555109,2.74248797,3.432038295,BRMS
UKENAN_AW_TP000051,5,31,17/12/2024,5.369455119,3.103199091,2.766302085,3.402877566,BRMS
UKENAN_AW_TP000051,5,32,24/12/2024,5.119248928,3.116755207,2.751830224,3.420058101,BRMS
UKENAN_AW_TP000051,5,33,31/12/2024,4.869042736,3.049499566,2.704420993,3.358392583,BRMS
UKENAN_AW_TP000051,5,34,07/01/2025,5.368901024,2.946256418,2.607128379,3.246509605,BRMS
UKENAN_AW_TP000051,5,35,14/01/2025,5.868759311,2.868871187,2.522102282,3.175036762,BRMS
UKENAN_AW_TP000051,5,36,21/01/2025,5.814550259,2.848505967,2.513646746,3.148049435,BRMS
UKENAN_AW_TP000051,5,37,28/01/2025,5.760341207,2.942237436,2.597022239,3.255161657,BRMS
UKENAN_AW_TP000051,5,38,04/02/2025,6.207686598,3.071903912,2.75482905,3.343301894,BRMS
UKENAN_AW_TP000051,5,39,11/02/2025,6.655031988,3.251259187,2.924610354,3.540060264,BRMS
UKENAN_AW_TP000051,5,40,18/02/2025,6.564523199,3.392473553,3.07646881,3.68789325,BRMS
UKENAN_AW_TP000051,5,41,25/02/2025,6.47401441,3.516070601,3.178673329,3.82492694,BRMS
UKENAN_AW_TP000051,5,42,04/03/2025,6.136283906,3.577239761,3.230927089,3.893137052,BRMS
UKENAN_AW_TP000051,5,43,11/03/2025,5.798553401,3.569356761,3.237556315,3.876575427,BRMS
UKENAN_AW_TP000051,5,44,18/03/2025,4.578773254,3.547539373,3.214637287,3.864500636,BRMS
UKENAN_AW_TP000051,5,45,25/03/2025,3.358993107,3.499330709,3.146076729,3.833794337,BRMS
UKENAN_AW_TP000055,6,1,21/05/2024,NA,3.395892335,3.136680487,3.659505527,BRMS
UKENAN_AW_TP000055,6,2,28/05/2024,5.540512309,3.471397867,3.238997064,3.710822754,BRMS
UKENAN_AW_TP000055,6,3,04/06/2024,5.540512309,3.57372063,3.335447821,3.815264186,BRMS
UKENAN_AW_TP000055,6,4,11/06/2024,5.262911497,3.744473966,3.507327176,3.968523832,BRMS
UKENAN_AW_TP000055,6,5,18/06/2024,4.985310684,3.914851049,3.684906407,4.132588896,BRMS
UKENAN_AW_TP000055,6,6,25/06/2024,5.302217587,4.05036327,3.833427795,4.264978071,BRMS
UKENAN_AW_TP000055,6,7,02/07/2024,5.619124489,4.159053038,3.95156234,4.372579406,BRMS
UKENAN_AW_TP000055,6,8,09/07/2024,5.761051911,4.240494449,4.004386295,4.471748056,BRMS
UKENAN_AW_TP000055,6,9,16/07/2024,5.902979332,4.175859121,3.967758652,4.393930833,BRMS
UKENAN_AW_TP000055,6,10,23/07/2024,5.828091066,4.293528347,4.070335092,4.509271189,BRMS
UKENAN_AW_TP000055,6,11,30/07/2024,5.753202799,4.394706926,4.17776453,4.618478626,BRMS
UKENAN_AW_TP000055,6,12,06/08/2024,5.945605331,4.445939055,4.241572512,4.663065651,BRMS
UKENAN_AW_TP000055,6,13,13/08/2024,6.138007862,4.46931685,4.259497112,4.682077674,BRMS
UKENAN_AW_TP000055,6,14,20/08/2024,6.121647392,4.474993801,4.247294959,4.685019707,BRMS
UKENAN_AW_TP000055,6,15,27/08/2024,6.105286922,4.49779868,4.276504789,4.702874634,BRMS
UKENAN_AW_TP000055,6,16,03/09/2024,6.01649658,4.481300064,4.270706001,4.699503821,BRMS
UKENAN_AW_TP000055,6,17,10/09/2024,5.927706237,4.497337647,4.299773628,4.707954778,BRMS
UKENAN_AW_TP000055,6,18,17/09/2024,5.76155384,4.462706798,4.250741303,4.681880069,BRMS
UKENAN_AW_TP000055,6,19,24/09/2024,5.595401442,4.386846403,4.159504121,4.603554418,BRMS
UKENAN_AW_TP000055,6,20,01/10/2024,5.417732226,4.321091422,4.088941462,4.540344164,BRMS
UKENAN_AW_TP000055,6,21,08/10/2024,5.24006301,4.272280518,4.04943981,4.501228272,BRMS
UKENAN_AW_TP000055,6,22,15/10/2024,5.040328576,4.285642696,4.077078701,4.511711198,BRMS
UKENAN_AW_TP000055,6,23,22/10/2024,4.840594142,4.32597797,4.111293975,4.564915771,BRMS
UKENAN_AW_TP000055,6,24,29/10/2024,4.516018062,4.368630613,4.15018728,4.603174041,BRMS
UKENAN_AW_TP000055,6,25,05/11/2024,4.191441981,4.385731528,4.163129459,4.609323024,BRMS
UKENAN_AW_TP000055,6,26,12/11/2024,4.795997823,4.356786863,4.128197492,4.585479507,BRMS
UKENAN_AW_TP000055,6,27,19/11/2024,5.400553665,4.322226634,4.087704117,4.543872061,BRMS
UKENAN_AW_TP000055,6,28,26/11/2024,5.465933308,4.276112437,4.031526107,4.497304834,BRMS
UKENAN_AW_TP000055,6,29,03/12/2024,5.53131295,4.288587902,4.046213421,4.519413783,BRMS
UKENAN_AW_TP000055,6,30,10/12/2024,5.434642656,4.248477565,3.996819584,4.468603477,BRMS
UKENAN_AW_TP000055,6,31,17/12/2024,5.337972361,4.245059681,4.017322037,4.46464911,BRMS
UKENAN_AW_TP000055,6,32,24/12/2024,5.421304757,4.263713626,4.021825716,4.48302352,BRMS
UKENAN_AW_TP000055,6,33,31/12/2024,5.504637152,4.197187571,3.965345263,4.420689889,BRMS
UKENAN_AW_TP000055,6,34,07/01/2025,4.903064508,4.113084423,3.872699192,4.328438974,BRMS
UKENAN_AW_TP000055,6,35,14/01/2025,4.301491864,4.037281239,3.806419684,4.238426275,BRMS
UKENAN_AW_TP000055,6,36,21/01/2025,4.89150457,4.014827514,3.79560231,4.232393395,BRMS
UKENAN_AW_TP000055,6,37,28/01/2025,5.481517276,4.128394791,3.898207518,4.339845555,BRMS
UKENAN_AW_TP000055,6,38,04/02/2025,5.739161749,4.317499859,4.103597347,4.517693274,BRMS
UKENAN_AW_TP000055,6,39,11/02/2025,5.996806222,4.524348594,4.301117997,4.728004275,BRMS
UKENAN_AW_TP000055,6,40,18/02/2025,5.852028266,4.663460252,4.444919655,4.876011423,BRMS
UKENAN_AW_TP000055,6,41,25/02/2025,5.70725031,4.73584562,4.511419033,4.960950609,BRMS
UKENAN_AW_TP000055,6,42,04/03/2025,5.728331716,4.738983576,4.509044454,4.963499696,BRMS
UKENAN_AW_TP000055,6,43,11/03/2025,5.749413122,4.663001022,4.41726896,4.895346123,BRMS
UKENAN_AW_TP000055,6,44,18/03/2025,5.85589368,4.59705609,4.34948252,4.831744864,BRMS
UKENAN_AW_TP000055,6,45,25/03/2025,5.962374237,4.526996275,4.283922576,4.784166113,BRMS
UKENAN_AW_TP000063,7,1,21/05/2024,NA,3.745617013,3.474628879,3.992264792,BRMS
UKENAN_AW_TP000063,7,2,28/05/2024,4.732276406,3.834045263,3.595850896,4.042251043,BRMS
UKENAN_AW_TP000063,7,3,04/06/2024,4.732276406,3.947498806,3.725773742,4.161153882,BRMS
UKENAN_AW_TP000063,7,4,11/06/2024,4.541770542,4.125414273,3.91521824,4.323743511,BRMS
UKENAN_AW_TP000063,7,5,18/06/2024,4.351264677,4.299280972,4.089878276,4.491310185,BRMS
UKENAN_AW_TP000063,7,6,25/06/2024,5.117930786,4.434987519,4.232637142,4.628811229,BRMS
UKENAN_AW_TP000063,7,7,02/07/2024,5.884596895,4.542250662,4.345398921,4.734015265,BRMS
UKENAN_AW_TP000063,7,8,09/07/2024,5.168772734,4.626326086,4.424698722,4.832035504,BRMS
UKENAN_AW_TP000063,7,9,16/07/2024,4.452948572,4.557395015,4.351084309,4.756023059,BRMS
UKENAN_AW_TP000063,7,10,23/07/2024,4.6585306,4.681095238,4.49264732,4.886288398,BRMS
UKENAN_AW_TP000063,7,11,30/07/2024,4.864112628,4.778679993,4.594020976,4.998093481,BRMS
UKENAN_AW_TP000063,7,12,06/08/2024,5.130324846,4.829081773,4.636874908,5.035035374,BRMS
UKENAN_AW_TP000063,7,13,13/08/2024,5.396537063,4.855543889,4.669784921,5.0575598,BRMS
UKENAN_AW_TP000063,7,14,20/08/2024,5.358410032,4.859935236,4.676904092,5.064520283,BRMS
UKENAN_AW_TP000063,7,15,27/08/2024,5.320283,4.884618275,4.706197203,5.088506521,BRMS
UKENAN_AW_TP000063,7,16,03/09/2024,5.472057341,4.870686099,4.687966848,5.07477188,BRMS
UKENAN_AW_TP000063,7,17,10/09/2024,5.623831682,4.883462432,4.701528892,5.07661007,BRMS
UKENAN_AW_TP000063,7,18,17/09/2024,5.483631705,4.85190587,4.667030178,5.048888965,BRMS
UKENAN_AW_TP000063,7,19,24/09/2024,5.343431727,4.771627523,4.586242446,4.965486016,BRMS
UKENAN_AW_TP000063,7,20,01/10/2024,4.926513964,4.706629255,4.528091113,4.899899481,BRMS
UKENAN_AW_TP000063,7,21,08/10/2024,4.509596201,4.657920244,4.477268401,4.855405215,BRMS
UKENAN_AW_TP000063,7,22,15/10/2024,5.113332321,4.669475368,4.490958856,4.859666761,BRMS
UKENAN_AW_TP000063,7,23,22/10/2024,5.71706844,4.711624064,4.532635223,4.899700833,BRMS
UKENAN_AW_TP000063,7,24,29/10/2024,4.766527625,4.758039152,4.570957708,4.943202196,BRMS
UKENAN_AW_TP000063,7,25,05/11/2024,3.815986809,4.775431375,4.591723553,4.968427965,BRMS
UKENAN_AW_TP000063,7,26,12/11/2024,4.949685735,4.751385505,4.566538321,4.963413243,BRMS
UKENAN_AW_TP000063,7,27,19/11/2024,6.08338466,4.716218181,4.53653852,4.938963221,BRMS
UKENAN_AW_TP000063,7,28,26/11/2024,5.848697028,4.669633378,4.495094715,4.881770698,BRMS
UKENAN_AW_TP000063,7,29,03/12/2024,5.614009396,4.685971429,4.506327881,4.881261317,BRMS
UKENAN_AW_TP000063,7,30,10/12/2024,5.689275831,4.644114918,4.460296257,4.845023157,BRMS
UKENAN_AW_TP000063,7,31,17/12/2024,5.764542265,4.638264192,4.440997393,4.8213137,BRMS
UKENAN_AW_TP000063,7,32,24/12/2024,4.557002102,4.649916764,4.458767342,4.845289243,BRMS
UKENAN_AW_TP000063,7,33,31/12/2024,3.349461938,4.573630304,4.374942085,4.762672999,BRMS
UKENAN_AW_TP000063,7,34,07/01/2025,4.053377178,4.475386598,4.278278975,4.661145848,BRMS
UKENAN_AW_TP000063,7,35,14/01/2025,4.757292417,4.383710171,4.192311705,4.560149438,BRMS
UKENAN_AW_TP000063,7,36,21/01/2025,4.710636696,4.345962961,4.151312818,4.5339307,BRMS
UKENAN_AW_TP000063,7,37,28/01/2025,4.663980974,4.443836099,4.233882499,4.638075376,BRMS
UKENAN_AW_TP000063,7,38,04/02/2025,4.48891543,4.621000648,4.433615263,4.802780211,BRMS
UKENAN_AW_TP000063,7,39,11/02/2025,4.313849885,4.814185177,4.637422002,4.99557343,BRMS
UKENAN_AW_TP000063,7,40,18/02/2025,5.194060053,4.93723363,4.760486313,5.114171651,BRMS
UKENAN_AW_TP000063,7,41,25/02/2025,6.07427022,4.994550218,4.810365978,5.181642876,BRMS
UKENAN_AW_TP000063,7,42,04/03/2025,5.937666899,4.978913068,4.792605113,5.168141783,BRMS
UKENAN_AW_TP000063,7,43,11/03/2025,5.801063577,4.886428421,4.683234212,5.095027254,BRMS
UKENAN_AW_TP000063,7,44,18/03/2025,5.455360444,4.809696311,4.60811495,5.028819858,BRMS
UKENAN_AW_TP000063,7,45,25/03/2025,5.10965731,4.729381639,4.50623212,4.976521908,BRMS
UKENAN_AW_TP000069,8,1,21/05/2024,NA,3.326317015,3.019654816,3.590558883,BRMS
UKENAN_AW_TP000069,8,2,28/05/2024,2.780945214,3.393487914,3.145166506,3.61591759,BRMS
UKENAN_AW_TP000069,8,3,04/06/2024,2.780945214,3.488046481,3.25191952,3.685974664,BRMS
UKENAN_AW_TP000069,8,4,11/06/2024,2.828334534,3.632507989,3.411891101,3.818359448,BRMS
UKENAN_AW_TP000069,8,5,18/06/2024,2.875723854,3.793385509,3.585937834,3.977462859,BRMS
UKENAN_AW_TP000069,8,6,25/06/2024,4.042036723,3.929476929,3.732926072,4.121816529,BRMS
UKENAN_AW_TP000069,8,7,02/07/2024,5.208349592,4.025534715,3.843891096,4.2037774,BRMS
UKENAN_AW_TP000069,8,8,09/07/2024,4.129371926,4.122102457,3.924311091,4.307874793,BRMS
UKENAN_AW_TP000069,8,9,16/07/2024,3.050394259,4.08927703,3.906475099,4.2827082,BRMS
UKENAN_AW_TP000069,8,10,23/07/2024,3.417630947,4.24359118,4.06174241,4.422898536,BRMS
UKENAN_AW_TP000069,8,11,30/07/2024,3.784867635,4.387986084,4.195328657,4.574807839,BRMS
UKENAN_AW_TP000069,8,12,06/08/2024,4.179317288,4.468826952,4.28294017,4.640517381,BRMS
UKENAN_AW_TP000069,8,13,13/08/2024,4.57376694,4.492195317,4.31374063,4.664981269,BRMS
UKENAN_AW_TP000069,8,14,20/08/2024,4.643659507,4.490007941,4.311739678,4.673905957,BRMS
UKENAN_AW_TP000069,8,15,27/08/2024,4.713552074,4.493134282,4.302435323,4.676518957,BRMS
UKENAN_AW_TP000069,8,16,03/09/2024,4.650333491,4.478160593,4.292393478,4.669616366,BRMS
UKENAN_AW_TP000069,8,17,10/09/2024,4.587114908,4.449963604,4.275153687,4.627502292,BRMS
UKENAN_AW_TP000069,8,18,17/09/2024,4.031225874,4.378761234,4.204695118,4.567528996,BRMS
UKENAN_AW_TP000069,8,19,24/09/2024,3.475336839,4.257653335,4.086940095,4.45493497,BRMS
UKENAN_AW_TP000069,8,20,01/10/2024,3.306048982,4.168756424,3.995743816,4.368997994,BRMS
UKENAN_AW_TP000069,8,21,08/10/2024,3.136761124,4.114758151,3.92688371,4.306702069,BRMS
UKENAN_AW_TP000069,8,22,15/10/2024,3.017289204,4.107243179,3.918943104,4.278115304,BRMS
UKENAN_AW_TP000069,8,23,22/10/2024,2.897817283,4.129655072,3.937230754,4.311900004,BRMS
UKENAN_AW_TP000069,8,24,29/10/2024,3.791647262,4.14125429,3.953186223,4.321462213,BRMS
UKENAN_AW_TP000069,8,25,05/11/2024,4.685477241,4.136037334,3.950835415,4.313306011,BRMS
UKENAN_AW_TP000069,8,26,12/11/2024,4.103705055,4.128146398,3.937424023,4.30056115,BRMS
UKENAN_AW_TP000069,8,27,19/11/2024,3.521932868,4.116118636,3.931226482,4.287940552,BRMS
UKENAN_AW_TP000069,8,28,26/11/2024,4.302950381,4.098913332,3.909808296,4.278280808,BRMS
UKENAN_AW_TP000069,8,29,03/12/2024,5.083967893,4.11700895,3.91366725,4.304560346,BRMS
UKENAN_AW_TP000069,8,30,10/12/2024,4.274379538,4.077056718,3.863937693,4.273876515,BRMS
UKENAN_AW_TP000069,8,31,17/12/2024,3.464791183,4.063995379,3.863812764,4.2437906,BRMS
UKENAN_AW_TP000069,8,32,24/12/2024,3.38484272,4.079204875,3.871725654,4.268231532,BRMS
UKENAN_AW_TP000069,8,33,31/12/2024,3.304894256,4.008008102,3.80056933,4.185057588,BRMS
UKENAN_AW_TP000069,8,34,07/01/2025,3.164765432,3.899374552,3.710509929,4.073564547,BRMS
UKENAN_AW_TP000069,8,35,14/01/2025,3.024636607,3.815709777,3.621919833,3.996114342,BRMS
UKENAN_AW_TP000069,8,36,21/01/2025,3.223923837,3.788450696,3.589821269,3.977001988,BRMS
UKENAN_AW_TP000069,8,37,28/01/2025,3.423211066,3.87327962,3.681371448,4.066277084,BRMS
UKENAN_AW_TP000069,8,38,04/02/2025,4.242594898,4.000697139,3.822098946,4.16047341,BRMS
UKENAN_AW_TP000069,8,39,11/02/2025,5.06197873,4.167767228,3.978731806,4.337734685,BRMS
UKENAN_AW_TP000069,8,40,18/02/2025,4.723084717,4.310648741,4.109002744,4.493138501,BRMS
UKENAN_AW_TP000069,8,41,25/02/2025,4.384190703,4.425474512,4.213118369,4.624310974,BRMS
UKENAN_AW_TP000069,8,42,04/03/2025,4.454310561,4.479175516,4.272732065,4.669940128,BRMS
UKENAN_AW_TP000069,8,43,11/03/2025,4.524430418,4.463753793,4.249004938,4.651487064,BRMS
UKENAN_AW_TP000069,8,44,18/03/2025,4.499412549,4.439107502,4.215722755,4.641902678,BRMS
UKENAN_AW_TP000069,8,45,25/03/2025,4.47439468,4.385996927,4.146147314,4.613368175,BRMS
UKENAN_AW_TP000082,9,1,21/05/2024,NA,4.284727071,3.961827595,4.59358544,BRMS
UKENAN_AW_TP000082,9,2,28/05/2024,5.269604345,4.376187646,4.101569875,4.642065579,BRMS
UKENAN_AW_TP000082,9,3,04/06/2024,5.269604345,4.491987901,4.213431701,4.743213055,BRMS
UKENAN_AW_TP000082,9,4,11/06/2024,4.716124254,4.644443557,4.375819472,4.8838331,BRMS
UKENAN_AW_TP000082,9,5,18/06/2024,4.162644162,4.797980454,4.535999555,5.042971283,BRMS
UKENAN_AW_TP000082,9,6,25/06/2024,5.613949673,4.923983995,4.657203327,5.172062079,BRMS
UKENAN_AW_TP000082,9,7,02/07/2024,7.065255184,5.013794612,4.750242264,5.251400961,BRMS
UKENAN_AW_TP000082,9,8,09/07/2024,6.172954379,5.117225072,4.848025141,5.361268653,BRMS
UKENAN_AW_TP000082,9,9,16/07/2024,5.280653574,5.093125236,4.822655241,5.342141485,BRMS
UKENAN_AW_TP000082,9,10,23/07/2024,5.157148666,5.23674262,4.981297985,5.476129393,BRMS
UKENAN_AW_TP000082,9,11,30/07/2024,5.033643758,5.362362382,5.103145392,5.608905929,BRMS
UKENAN_AW_TP000082,9,12,06/08/2024,5.357696822,5.436569218,5.169477619,5.686633112,BRMS
UKENAN_AW_TP000082,9,13,13/08/2024,5.681749886,5.491743237,5.229153088,5.728570006,BRMS
UKENAN_AW_TP000082,9,14,20/08/2024,5.773523423,5.51620307,5.256599458,5.758264929,BRMS
UKENAN_AW_TP000082,9,15,27/08/2024,5.86529696,5.538365545,5.2876613,5.763783253,BRMS
UKENAN_AW_TP000082,9,16,03/09/2024,5.967966221,5.521318255,5.245518933,5.778989843,BRMS
UKENAN_AW_TP000082,9,17,10/09/2024,6.070635481,5.482723413,5.21085083,5.719999837,BRMS
UKENAN_AW_TP000082,9,18,17/09/2024,5.93409156,5.411675741,5.139659769,5.662068237,BRMS
UKENAN_AW_TP000082,9,19,24/09/2024,5.797547638,5.293270206,5.026952451,5.551970913,BRMS
UKENAN_AW_TP000082,9,20,01/10/2024,5.607590787,5.202022425,4.937405795,5.445500488,BRMS
UKENAN_AW_TP000082,9,21,08/10/2024,5.417633936,5.138418081,4.873465709,5.378059493,BRMS
UKENAN_AW_TP000082,9,22,15/10/2024,5.188262993,5.118076079,4.857158793,5.356889668,BRMS
UKENAN_AW_TP000082,9,23,22/10/2024,4.958892049,5.14372681,4.900993798,5.386967659,BRMS
UKENAN_AW_TP000082,9,24,29/10/2024,5.249031213,5.172189678,4.930024061,5.423269852,BRMS
UKENAN_AW_TP000082,9,25,05/11/2024,5.539170377,5.179604491,4.927851913,5.422170683,BRMS
UKENAN_AW_TP000082,9,26,12/11/2024,5.995174256,5.195208367,4.947742434,5.429702629,BRMS
UKENAN_AW_TP000082,9,27,19/11/2024,6.451178134,5.188938937,4.950366768,5.410934608,BRMS
UKENAN_AW_TP000082,9,28,26/11/2024,6.41048527,5.17035069,4.937626769,5.401783041,BRMS
UKENAN_AW_TP000082,9,29,03/12/2024,6.369792406,5.196980267,4.945921735,5.434691914,BRMS
UKENAN_AW_TP000082,9,30,10/12/2024,6.200461525,5.18291075,4.936870362,5.43946907,BRMS
UKENAN_AW_TP000082,9,31,17/12/2024,6.031130644,5.179756005,4.924776595,5.422286306,BRMS
UKENAN_AW_TP000082,9,32,24/12/2024,5.719335176,5.20227588,4.967868399,5.438845334,BRMS
UKENAN_AW_TP000082,9,33,31/12/2024,5.407539707,5.1386646,4.9058579,5.383559443,BRMS
UKENAN_AW_TP000082,9,34,07/01/2025,5.164533997,5.03329074,4.783858616,5.272617702,BRMS
UKENAN_AW_TP000082,9,35,14/01/2025,4.921528286,4.945274432,4.707648133,5.174407751,BRMS
UKENAN_AW_TP000082,9,36,21/01/2025,4.944929251,4.906172099,4.664232863,5.163524272,BRMS
UKENAN_AW_TP000082,9,37,28/01/2025,4.968330215,4.983030523,4.740123175,5.231055009,BRMS
UKENAN_AW_TP000082,9,38,04/02/2025,5.45297048,5.105124701,4.863472785,5.34282747,BRMS
UKENAN_AW_TP000082,9,39,11/02/2025,5.937610744,5.287041419,5.053746545,5.533399068,BRMS
UKENAN_AW_TP000082,9,40,18/02/2025,5.351029458,5.422897876,5.176913516,5.66971085,BRMS
UKENAN_AW_TP000082,9,41,25/02/2025,4.764448172,5.527175615,5.277143717,5.77657805,BRMS
UKENAN_AW_TP000082,9,42,04/03/2025,5.150562922,5.559156464,5.312965936,5.811152493,BRMS
UKENAN_AW_TP000082,9,43,11/03/2025,5.536677672,5.521041799,5.280523425,5.770834201,BRMS
UKENAN_AW_TP000082,9,44,18/03/2025,5.356230972,5.493313965,5.246476335,5.747021042,BRMS
UKENAN_AW_TP000082,9,45,25/03/2025,5.175784272,5.451842795,5.182821656,5.703270939,BRMS
UKENAN_AW_TP000107,10,1,21/05/2024,NA,3.854225034,3.609152485,4.106155914,BRMS
UKENAN_AW_TP000107,10,2,28/05/2024,3.551756597,3.898550182,3.675192294,4.100686288,BRMS
UKENAN_AW_TP000107,10,3,04/06/2024,3.551756597,3.987744509,3.781416063,4.181934601,BRMS
UKENAN_AW_TP000107,10,4,11/06/2024,4.05902183,4.13066575,3.939751029,4.316585645,BRMS
UKENAN_AW_TP000107,10,5,18/06/2024,4.566287062,4.294022426,4.112722094,4.486527919,BRMS
UKENAN_AW_TP000107,10,6,25/06/2024,4.817361734,4.440470304,4.265810845,4.632786245,BRMS
UKENAN_AW_TP000107,10,7,02/07/2024,5.068436406,4.550508672,4.371011935,4.739945572,BRMS
UKENAN_AW_TP000107,10,8,09/07/2024,4.942512971,4.651781075,4.471856341,4.838188211,BRMS
UKENAN_AW_TP000107,10,9,16/07/2024,4.816589536,4.590504261,4.413628623,4.793684276,BRMS
UKENAN_AW_TP000107,10,10,23/07/2024,5.23027383,4.715101407,4.548446777,4.898391625,BRMS
UKENAN_AW_TP000107,10,11,30/07/2024,5.643958124,4.829150971,4.67142272,5.016247649,BRMS
UKENAN_AW_TP000107,10,12,06/08/2024,5.476899014,4.905391693,4.742065837,5.097234698,BRMS
UKENAN_AW_TP000107,10,13,13/08/2024,5.309839904,4.953364212,4.786505681,5.142825099,BRMS
UKENAN_AW_TP000107,10,14,20/08/2024,5.210500733,4.979735084,4.817402058,5.159882818,BRMS
UKENAN_AW_TP000107,10,15,27/08/2024,5.111161561,4.993056496,4.83540156,5.17251365,BRMS
UKENAN_AW_TP000107,10,16,03/09/2024,5.662263309,4.970620627,4.809688595,5.1558648,BRMS
UKENAN_AW_TP000107,10,17,10/09/2024,6.213365056,4.932581871,4.772657705,5.10999227,BRMS
UKENAN_AW_TP000107,10,18,17/09/2024,5.514991805,4.863087725,4.703012912,5.046408572,BRMS
UKENAN_AW_TP000107,10,19,24/09/2024,4.816618554,4.758010653,4.590379158,4.939300702,BRMS
UKENAN_AW_TP000107,10,20,01/10/2024,4.561433876,4.680613802,4.514321374,4.864934594,BRMS
UKENAN_AW_TP000107,10,21,08/10/2024,4.306249197,4.626791003,4.458750954,4.815937838,BRMS
UKENAN_AW_TP000107,10,22,15/10/2024,4.652752076,4.615996195,4.434749464,4.794734224,BRMS
UKENAN_AW_TP000107,10,23,22/10/2024,4.999254955,4.637279394,4.462853183,4.814840106,BRMS
UKENAN_AW_TP000107,10,24,29/10/2024,4.915184595,4.663248027,4.505129186,4.841255712,BRMS
UKENAN_AW_TP000107,10,25,05/11/2024,4.831114235,4.66867472,4.507618044,4.846622354,BRMS
UKENAN_AW_TP000107,10,26,12/11/2024,4.923923062,4.670511198,4.503734021,4.851890176,BRMS
UKENAN_AW_TP000107,10,27,19/11/2024,5.016731889,4.670565124,4.497518813,4.84059441,BRMS
UKENAN_AW_TP000107,10,28,26/11/2024,4.798836869,4.677241203,4.50141481,4.850683483,BRMS
UKENAN_AW_TP000107,10,29,03/12/2024,4.580941849,4.731497483,4.563355649,4.922933225,BRMS
UKENAN_AW_TP000107,10,30,10/12/2024,4.665515407,4.690751856,4.510965754,4.869566342,BRMS
UKENAN_AW_TP000107,10,31,17/12/2024,4.750088964,4.680908845,4.514184362,4.862931216,BRMS
UKENAN_AW_TP000107,10,32,24/12/2024,4.616695805,4.67027672,4.503636068,4.861026837,BRMS
UKENAN_AW_TP000107,10,33,31/12/2024,4.483302645,4.60333383,4.434552679,4.794207728,BRMS
UKENAN_AW_TP000107,10,34,07/01/2025,4.105041094,4.510895658,4.341978412,4.688620051,BRMS
UKENAN_AW_TP000107,10,35,14/01/2025,3.726779543,4.432304365,4.267404711,4.599602717,BRMS
UKENAN_AW_TP000107,10,36,21/01/2025,4.000647974,4.399960274,4.227130526,4.59781144,BRMS
UKENAN_AW_TP000107,10,37,28/01/2025,4.274516404,4.502641411,4.317562475,4.687093779,BRMS
UKENAN_AW_TP000107,10,38,04/02/2025,4.954708454,4.62324754,4.4467915,4.792268259,BRMS
UKENAN_AW_TP000107,10,39,11/02/2025,5.634900504,4.785896253,4.619515847,4.950758019,BRMS
UKENAN_AW_TP000107,10,40,18/02/2025,5.238131487,4.933432051,4.770890546,5.098984097,BRMS
UKENAN_AW_TP000107,10,41,25/02/2025,4.84136247,5.044101708,4.877080703,5.210415952,BRMS
UKENAN_AW_TP000107,10,42,04/03/2025,4.752877337,5.087632005,4.90149249,5.262311706,BRMS
UKENAN_AW_TP000107,10,43,11/03/2025,4.664392204,5.045516145,4.84717723,5.227906366,BRMS
UKENAN_AW_TP000107,10,44,18/03/2025,5.037533438,5.000809067,4.80541534,5.187381681,BRMS
UKENAN_AW_TP000107,10,45,25/03/2025,5.410674671,4.923503276,4.72395493,5.120896319,BRMS
UKENAN_AW_TP000115,11,1,21/05/2024,NA,4.59736732,4.147862214,5.021851791,BRMS
UKENAN_AW_TP000115,11,2,28/05/2024,5.567368304,4.761827872,4.366336137,5.132072492,BRMS
UKENAN_AW_TP000115,11,3,04/06/2024,5.567368304,4.948174102,4.557412793,5.301398375,BRMS
UKENAN_AW_TP000115,11,4,11/06/2024,5.545610127,5.169351275,4.771417568,5.518419762,BRMS
UKENAN_AW_TP000115,11,5,18/06/2024,5.523851949,5.388580784,5.00477756,5.728636771,BRMS
UKENAN_AW_TP000115,11,6,25/06/2024,5.429020281,5.572555868,5.204133134,5.902246141,BRMS
UKENAN_AW_TP000115,11,7,02/07/2024,5.334188612,5.69197567,5.341196843,6.012304103,BRMS
UKENAN_AW_TP000115,11,8,09/07/2024,5.543027695,5.773227123,5.410966643,6.098419944,BRMS
UKENAN_AW_TP000115,11,9,16/07/2024,5.751866777,5.654202859,5.285060592,5.981498828,BRMS
UKENAN_AW_TP000115,11,10,23/07/2024,5.56793774,5.736579164,5.380504379,6.076474502,BRMS
UKENAN_AW_TP000115,11,11,30/07/2024,5.384008702,5.834799038,5.471537708,6.18598825,BRMS
UKENAN_AW_TP000115,11,12,06/08/2024,5.591676954,5.936127611,5.581364295,6.29411958,BRMS
UKENAN_AW_TP000115,11,13,13/08/2024,5.799345205,6.075046045,5.714020195,6.426731597,BRMS
UKENAN_AW_TP000115,11,14,20/08/2024,5.528850985,6.190021673,5.842679874,6.546179043,BRMS
UKENAN_AW_TP000115,11,15,27/08/2024,5.258356764,6.292850143,5.970851725,6.644550694,BRMS
UKENAN_AW_TP000115,11,16,03/09/2024,5.128086846,6.306648814,5.984374922,6.623021185,BRMS
UKENAN_AW_TP000115,11,17,10/09/2024,4.997816928,6.25862551,5.937820923,6.559385461,BRMS
UKENAN_AW_TP000115,11,18,17/09/2024,5.177232207,6.175844279,5.834086288,6.469797852,BRMS
UKENAN_AW_TP000115,11,19,24/09/2024,5.356647485,6.046606109,5.703554777,6.358724824,BRMS
UKENAN_AW_TP000115,11,20,01/10/2024,5.535963719,5.976374296,5.611964845,6.308033421,BRMS
UKENAN_AW_TP000115,11,21,08/10/2024,5.715279953,5.948264849,5.585583278,6.287592238,BRMS
UKENAN_AW_TP000115,11,22,15/10/2024,5.417060283,5.949509133,5.606735519,6.28151668,BRMS
UKENAN_AW_TP000115,11,23,22/10/2024,5.118840612,5.963010041,5.615491952,6.294498783,BRMS
UKENAN_AW_TP000115,11,24,29/10/2024,5.171084442,5.971535887,5.618144125,6.305380115,BRMS
UKENAN_AW_TP000115,11,25,05/11/2024,5.223328272,5.97408861,5.617404403,6.311255491,BRMS
UKENAN_AW_TP000115,11,26,12/11/2024,5.286919859,5.994915502,5.61721911,6.321829371,BRMS
UKENAN_AW_TP000115,11,27,19/11/2024,5.350511446,5.996810922,5.625660612,6.323918572,BRMS
UKENAN_AW_TP000115,11,28,26/11/2024,5.43299276,5.94501904,5.604863889,6.274081453,BRMS
UKENAN_AW_TP000115,11,29,03/12/2024,5.515474073,5.922227008,5.571028363,6.267981953,BRMS
UKENAN_AW_TP000115,11,30,10/12/2024,5.002573999,5.834339966,5.473943718,6.19008367,BRMS
UKENAN_AW_TP000115,11,31,17/12/2024,4.489673925,5.687928411,5.327865639,6.029660464,BRMS
UKENAN_AW_TP000115,11,32,24/12/2024,5.11552446,5.603541195,5.231027838,5.948683975,BRMS
UKENAN_AW_TP000115,11,33,31/12/2024,5.741374994,5.472129512,5.108311883,5.810181208,BRMS
UKENAN_AW_TP000115,11,34,07/01/2025,5.495260651,5.374919184,5.018623691,5.701670442,BRMS
UKENAN_AW_TP000115,11,35,14/01/2025,5.249146308,5.330760324,4.978984456,5.660443711,BRMS
UKENAN_AW_TP000115,11,36,21/01/2025,5.295766227,5.336570883,4.969448561,5.671090362,BRMS
UKENAN_AW_TP000115,11,37,28/01/2025,5.342386146,5.398868255,5.036953991,5.722580967,BRMS
UKENAN_AW_TP000115,11,38,04/02/2025,5.508663022,5.486733784,5.103546013,5.83210346,BRMS
UKENAN_AW_TP000115,11,39,11/02/2025,5.674939898,5.613777815,5.201482992,6.00425587,BRMS
UKENAN_AW_TP000115,11,40,18/02/2025,5.858865084,5.710319847,5.295221674,6.124473957,BRMS
UKENAN_AW_TP000115,11,41,25/02/2025,6.042790269,5.825725502,5.408845437,6.234301384,BRMS
UKENAN_AW_TP000115,11,42,04/03/2025,5.780157265,5.87867601,5.479618528,6.261763323,BRMS
UKENAN_AW_TP000115,11,43,11/03/2025,5.51752426,5.846874203,5.451303963,6.236063192,BRMS
UKENAN_AW_TP000115,11,44,18/03/2025,5.448821065,5.782026612,5.368674545,6.184278999,BRMS
UKENAN_AW_TP000115,11,45,25/03/2025,5.380117869,5.677368749,5.221037538,6.127414341,BRMS
UKENAN_AW_TP000116,12,1,21/05/2024,NA,3.768320292,3.435335614,4.124763842,BRMS
UKENAN_AW_TP000116,12,2,28/05/2024,3.552313549,3.918190647,3.637772762,4.23683047,BRMS
UKENAN_AW_TP000116,12,3,04/06/2024,3.552313549,4.079980699,3.799022704,4.383020837,BRMS
UKENAN_AW_TP000116,12,4,11/06/2024,3.48482293,4.26435015,4.003215603,4.554461108,BRMS
UKENAN_AW_TP000116,12,5,18/06/2024,3.41733231,4.429966276,4.196485486,4.707730793,BRMS
UKENAN_AW_TP000116,12,6,25/06/2024,3.561384898,4.552348344,4.328770404,4.811263825,BRMS
UKENAN_AW_TP000116,12,7,02/07/2024,3.705437485,4.616149343,4.387404421,4.881743791,BRMS
UKENAN_AW_TP000116,12,8,09/07/2024,4.246558966,4.684849137,4.452828913,4.935875034,BRMS
UKENAN_AW_TP000116,12,9,16/07/2024,4.787680446,4.569284643,4.332987951,4.81124049,BRMS
UKENAN_AW_TP000116,12,10,23/07/2024,4.563421715,4.680524954,4.458749976,4.922821838,BRMS
UKENAN_AW_TP000116,12,11,30/07/2024,4.339162983,4.790749096,4.570996831,5.041841698,BRMS
UKENAN_AW_TP000116,12,12,06/08/2024,4.737302299,4.886755152,4.645307467,5.138307116,BRMS
UKENAN_AW_TP000116,12,13,13/08/2024,5.135441614,4.984750655,4.731876443,5.228482536,BRMS
UKENAN_AW_TP000116,12,14,20/08/2024,5.494649394,5.050907727,4.801907223,5.295741688,BRMS
UKENAN_AW_TP000116,12,15,27/08/2024,5.853857174,5.116446629,4.884511892,5.359246643,BRMS
UKENAN_AW_TP000116,12,16,03/09/2024,5.750166482,5.121282392,4.899645429,5.37195087,BRMS
UKENAN_AW_TP000116,12,17,10/09/2024,5.646475789,5.087676592,4.874991482,5.338001199,BRMS
UKENAN_AW_TP000116,12,18,17/09/2024,5.754677092,4.984944198,4.763663071,5.245778542,BRMS
UKENAN_AW_TP000116,12,19,24/09/2024,5.862878395,4.83407469,4.585566118,5.098389266,BRMS
UKENAN_AW_TP000116,12,20,01/10/2024,5.662288715,4.718823674,4.461016403,4.982041039,BRMS
UKENAN_AW_TP000116,12,21,08/10/2024,5.461699034,4.639065029,4.388091195,4.909955351,BRMS
UKENAN_AW_TP000116,12,22,15/10/2024,5.550772048,4.615158333,4.384706257,4.881767868,BRMS
UKENAN_AW_TP000116,12,23,22/10/2024,5.639845061,4.622771659,4.390967628,4.892647133,BRMS
UKENAN_AW_TP000116,12,24,29/10/2024,5.295376357,4.642884817,4.403367078,4.917036416,BRMS
UKENAN_AW_TP000116,12,25,05/11/2024,4.950907653,4.64389947,4.407607934,4.922091878,BRMS
UKENAN_AW_TP000116,12,26,12/11/2024,5.115596405,4.685246018,4.455114843,4.951161854,BRMS
UKENAN_AW_TP000116,12,27,19/11/2024,5.280285157,4.693029391,4.469078451,4.958476474,BRMS
UKENAN_AW_TP000116,12,28,26/11/2024,4.960894376,4.67500849,4.453840443,4.943424327,BRMS
UKENAN_AW_TP000116,12,29,03/12/2024,4.641503595,4.688231468,4.458949456,4.936559386,BRMS
UKENAN_AW_TP000116,12,30,10/12/2024,4.968220275,4.673042235,4.43226119,4.948198726,BRMS
UKENAN_AW_TP000116,12,31,17/12/2024,5.294936955,4.640351932,4.407896431,4.89383655,BRMS
UKENAN_AW_TP000116,12,32,24/12/2024,5.085486953,4.614910066,4.387587709,4.886312093,BRMS
UKENAN_AW_TP000116,12,33,31/12/2024,4.876036951,4.531042964,4.28681545,4.808472761,BRMS
UKENAN_AW_TP000116,12,34,07/01/2025,4.608331316,4.444485492,4.198170792,4.727457843,BRMS
UKENAN_AW_TP000116,12,35,14/01/2025,4.340625681,4.375881134,4.138679336,4.662408087,BRMS
UKENAN_AW_TP000116,12,36,21/01/2025,4.442526744,4.340945982,4.103381858,4.626856999,BRMS
UKENAN_AW_TP000116,12,37,28/01/2025,4.544427807,4.380244152,4.139296011,4.644932664,BRMS
UKENAN_AW_TP000116,12,38,04/02/2025,4.662293281,4.486865157,4.245772568,4.75409202,BRMS
UKENAN_AW_TP000116,12,39,11/02/2025,4.780158755,4.662412053,4.409659709,4.944269788,BRMS
UKENAN_AW_TP000116,12,40,18/02/2025,4.749789345,4.845409091,4.585095194,5.114569521,BRMS
UKENAN_AW_TP000116,12,41,25/02/2025,4.719419935,5.006715582,4.74420599,5.264043874,BRMS
UKENAN_AW_TP000116,12,42,04/03/2025,4.94451151,5.102303784,4.844199191,5.348177944,BRMS
UKENAN_AW_TP000116,12,43,11/03/2025,5.169603084,5.095386374,4.828021391,5.352328944,BRMS
UKENAN_AW_TP000116,12,44,18/03/2025,5.517373271,5.046555767,4.770413247,5.315033116,BRMS
UKENAN_AW_TP000116,12,45,25/03/2025,5.865143458,4.968395804,4.641431868,5.265300085,BRMS
UKENAN_AW_TP000144,13,1,21/05/2024,NA,4.670823992,4.40065053,4.922020426,BRMS
UKENAN_AW_TP000144,13,2,28/05/2024,3.894018201,4.717788943,4.505185969,4.938271996,BRMS
UKENAN_AW_TP000144,13,3,04/06/2024,3.894018201,4.804447163,4.597782553,5.024849196,BRMS
UKENAN_AW_TP000144,13,4,11/06/2024,4.229835277,4.941243558,4.746350548,5.145198309,BRMS
UKENAN_AW_TP000144,13,5,18/06/2024,4.565652353,5.094614497,4.902741438,5.299342415,BRMS
UKENAN_AW_TP000144,13,6,25/06/2024,4.271080321,5.225232756,5.038961081,5.420424005,BRMS
UKENAN_AW_TP000144,13,7,02/07/2024,3.976508289,5.31082042,5.124197404,5.503158944,BRMS
UKENAN_AW_TP000144,13,8,09/07/2024,4.635860724,5.394349682,5.197656244,5.589400364,BRMS
UKENAN_AW_TP000144,13,9,16/07/2024,5.295213159,5.304959148,5.118856052,5.501859931,BRMS
UKENAN_AW_TP000144,13,10,23/07/2024,5.453873889,5.411941193,5.220498171,5.598719995,BRMS
UKENAN_AW_TP000144,13,11,30/07/2024,5.612534619,5.511040482,5.319669531,5.702983381,BRMS
UKENAN_AW_TP000144,13,12,06/08/2024,5.384028835,5.574559185,5.388112806,5.772117796,BRMS
UKENAN_AW_TP000144,13,13,13/08/2024,5.155523051,5.622245303,5.435219319,5.813231956,BRMS
UKENAN_AW_TP000144,13,14,20/08/2024,5.47719305,5.63743845,5.44873112,5.825574353,BRMS
UKENAN_AW_TP000144,13,15,27/08/2024,5.798863048,5.651767532,5.461235434,5.843536215,BRMS
UKENAN_AW_TP000144,13,16,03/09/2024,5.304318015,5.630361263,5.445330172,5.811846881,BRMS
UKENAN_AW_TP000144,13,17,10/09/2024,4.809772982,5.589696748,5.411010795,5.78328097,BRMS
UKENAN_AW_TP000144,13,18,17/09/2024,5.061014893,5.532697809,5.35321831,5.723903712,BRMS
UKENAN_AW_TP000144,13,19,24/09/2024,5.312256804,5.430810984,5.251500624,5.621736026,BRMS
UKENAN_AW_TP000144,13,20,01/10/2024,5.162692156,5.364961556,5.178709415,5.559439959,BRMS
UKENAN_AW_TP000144,13,21,08/10/2024,5.013127507,5.321424857,5.136254563,5.509098391,BRMS
UKENAN_AW_TP000144,13,22,15/10/2024,5.046516945,5.318281423,5.140128389,5.504670473,BRMS
UKENAN_AW_TP000144,13,23,22/10/2024,5.079906383,5.345991667,5.167225092,5.535419363,BRMS
UKENAN_AW_TP000144,13,24,29/10/2024,5.184691767,5.375176312,5.196790512,5.559790142,BRMS
UKENAN_AW_TP000144,13,25,05/11/2024,5.17451569,5.382712663,5.203077762,5.563807321,BRMS
UKENAN_AW_TP000144,13,26,12/11/2024,5.17451569,5.384519604,5.209868938,5.565674238,BRMS
UKENAN_AW_TP000144,13,27,19/11/2024,5.05955423,5.384227614,5.213735072,5.564933357,BRMS
UKENAN_AW_TP000144,13,28,26/11/2024,4.796538581,5.379064576,5.201253083,5.564349684,BRMS
UKENAN_AW_TP000144,13,29,03/12/2024,4.796538581,5.436673812,5.24479494,5.628651119,BRMS
UKENAN_AW_TP000144,13,30,10/12/2024,4.739921497,5.396147458,5.214329378,5.588731409,BRMS
UKENAN_AW_TP000144,13,31,17/12/2024,4.683304413,5.378545714,5.201268216,5.568391307,BRMS
UKENAN_AW_TP000144,13,32,24/12/2024,4.457676554,5.361571265,5.19103398,5.551409396,BRMS
UKENAN_AW_TP000144,13,33,31/12/2024,4.232048694,5.280462491,5.118502466,5.460311966,BRMS
UKENAN_AW_TP000144,13,34,07/01/2025,4.336468721,5.174156873,5.01336458,5.357398831,BRMS
UKENAN_AW_TP000144,13,35,14/01/2025,4.440888748,5.082438779,4.914118598,5.272497356,BRMS
UKENAN_AW_TP000144,13,36,21/01/2025,4.754599638,5.041106168,4.852164169,5.252121417,BRMS
UKENAN_AW_TP000144,13,37,28/01/2025,5.068310527,5.139946002,4.944959329,5.350187737,BRMS
UKENAN_AW_TP000144,13,38,04/02/2025,5.227698968,5.2510144,5.06780827,5.453044322,BRMS
UKENAN_AW_TP000144,13,39,11/02/2025,5.387087409,5.420644716,5.238373533,5.621551064,BRMS
UKENAN_AW_TP000144,13,40,18/02/2025,5.113187719,5.55721898,5.372413239,5.749107089,BRMS
UKENAN_AW_TP000144,13,41,25/02/2025,4.839288028,5.669779236,5.468967231,5.861281612,BRMS
UKENAN_AW_TP000144,13,42,04/03/2025,4.89994202,5.701171816,5.501858916,5.903023897,BRMS
UKENAN_AW_TP000144,13,43,11/03/2025,4.960596012,5.650706909,5.442588564,5.867787331,BRMS
UKENAN_AW_TP000144,13,44,18/03/2025,5.335431155,5.598785111,5.395618809,5.827012901,BRMS
UKENAN_AW_TP000144,13,45,25/03/2025,5.710266297,5.523736035,5.289204783,5.774486054,BRMS
UKENAN_AW_TP000148,14,1,21/05/2024,NA,4.521114175,4.139171026,4.92911543,BRMS
UKENAN_AW_TP000148,14,2,28/05/2024,5.180301605,4.6154332,4.262462907,4.942898119,BRMS
UKENAN_AW_TP000148,14,3,04/06/2024,5.180301605,4.734605241,4.400016371,5.067463902,BRMS
UKENAN_AW_TP000148,14,4,11/06/2024,5.499489403,4.916649608,4.574294939,5.249598625,BRMS
UKENAN_AW_TP000148,14,5,18/06/2024,5.8186772,5.095092629,4.74266342,5.446102773,BRMS
UKENAN_AW_TP000148,14,6,25/06/2024,5.5770072,5.233919808,4.877964539,5.590377954,BRMS
UKENAN_AW_TP000148,14,7,02/07/2024,5.3353372,5.341955671,4.993962874,5.702180274,BRMS
UKENAN_AW_TP000148,14,8,09/07/2024,5.492759148,5.431519312,5.093902912,5.754699462,BRMS
UKENAN_AW_TP000148,14,9,16/07/2024,5.650181095,5.363159524,5.040641911,5.704223199,BRMS
UKENAN_AW_TP000148,14,10,23/07/2024,5.524372941,5.494802158,5.180896274,5.802707623,BRMS
UKENAN_AW_TP000148,14,11,30/07/2024,5.398564786,5.594841464,5.295791547,5.890536421,BRMS
UKENAN_AW_TP000148,14,12,06/08/2024,5.945499315,5.646783567,5.352110168,5.935437503,BRMS
UKENAN_AW_TP000148,14,13,13/08/2024,6.492433844,5.676265165,5.376668348,5.970136395,BRMS
UKENAN_AW_TP000148,14,14,20/08/2024,6.529586065,5.681322832,5.37864694,5.962273635,BRMS
UKENAN_AW_TP000148,14,15,27/08/2024,6.566738285,5.709072113,5.407236417,5.986075092,BRMS
UKENAN_AW_TP000148,14,16,03/09/2024,6.273592491,5.698646701,5.385988221,5.977318608,BRMS
UKENAN_AW_TP000148,14,17,10/09/2024,5.980446697,5.712385316,5.396485295,6.00412122,BRMS
UKENAN_AW_TP000148,14,18,17/09/2024,5.881670004,5.687194889,5.377772342,5.988213344,BRMS
UKENAN_AW_TP000148,14,19,24/09/2024,5.782893311,5.608539797,5.288734153,5.920028262,BRMS
UKENAN_AW_TP000148,14,20,01/10/2024,5.687863678,5.548698328,5.2288341,5.861825177,BRMS
UKENAN_AW_TP000148,14,21,08/10/2024,5.592834044,5.503639356,5.17949002,5.812499248,BRMS
UKENAN_AW_TP000148,14,22,15/10/2024,5.527511113,5.517286824,5.188257888,5.834723199,BRMS
UKENAN_AW_TP000148,14,23,22/10/2024,5.462188182,5.562204528,5.237065012,5.874473517,BRMS
UKENAN_AW_TP000148,14,24,29/10/2024,5.653582491,5.610262984,5.268965183,5.92613811,BRMS
UKENAN_AW_TP000148,14,25,05/11/2024,5.844976799,5.628380024,5.280831794,5.949680362,BRMS
UKENAN_AW_TP000148,14,26,12/11/2024,6.214785143,5.604213191,5.259223077,5.914184458,BRMS
UKENAN_AW_TP000148,14,27,19/11/2024,6.584593487,5.567674301,5.225613155,5.873887063,BRMS
UKENAN_AW_TP000148,14,28,26/11/2024,6.445168583,5.520539371,5.198476071,5.819898348,BRMS
UKENAN_AW_TP000148,14,29,03/12/2024,6.305743678,5.533773292,5.213843832,5.824954955,BRMS
UKENAN_AW_TP000148,14,30,10/12/2024,6.214644912,5.489842585,5.137766591,5.805488042,BRMS
UKENAN_AW_TP000148,14,31,17/12/2024,6.123546146,5.480332219,5.137550677,5.801154676,BRMS
UKENAN_AW_TP000148,14,32,24/12/2024,5.681500941,5.490819447,5.154521859,5.796563966,BRMS
UKENAN_AW_TP000148,14,33,31/12/2024,5.239455735,5.410416691,5.06775617,5.732824871,BRMS
UKENAN_AW_TP000148,14,34,07/01/2025,5.784801226,5.305913651,4.938161147,5.648019736,BRMS
UKENAN_AW_TP000148,14,35,14/01/2025,6.330146717,5.208066333,4.855601845,5.546402084,BRMS
UKENAN_AW_TP000148,14,36,21/01/2025,6.169925987,5.165521702,4.833162325,5.510466083,BRMS
UKENAN_AW_TP000148,14,37,28/01/2025,6.009705256,5.256245444,4.901433859,5.600693696,BRMS
UKENAN_AW_TP000148,14,38,04/02/2025,5.990853527,5.430352688,5.087032321,5.785109818,BRMS
UKENAN_AW_TP000148,14,39,11/02/2025,5.972001797,5.619157839,5.28129313,5.962282198,BRMS
UKENAN_AW_TP000148,14,40,18/02/2025,5.965099174,5.734506672,5.404759677,6.070520046,BRMS
UKENAN_AW_TP000148,14,41,25/02/2025,5.95819655,5.788275158,5.470441571,6.117219606,BRMS
UKENAN_AW_TP000148,14,42,04/03/2025,5.711393643,5.766069188,5.458455361,6.079255394,BRMS
UKENAN_AW_TP000148,14,43,11/03/2025,5.464590736,5.668007362,5.363480828,5.975221184,BRMS
UKENAN_AW_TP000148,14,44,18/03/2025,5.53213791,5.585928926,5.27824778,5.887532118,BRMS
UKENAN_AW_TP000148,14,45,25/03/2025,5.599685083,5.49929402,5.188988297,5.806130056,BRMS
UKENAN_AW_TP000154,15,1,21/05/2024,NA,4.080096721,3.799892489,4.3548542,BRMS
UKENAN_AW_TP000154,15,2,28/05/2024,4.752157927,4.174171212,3.938000228,4.401084908,BRMS
UKENAN_AW_TP000154,15,3,04/06/2024,4.752157927,4.293611605,4.064673329,4.51386671,BRMS
UKENAN_AW_TP000154,15,4,11/06/2024,4.946591241,4.449050791,4.223900143,4.669084067,BRMS
UKENAN_AW_TP000154,15,5,18/06/2024,5.141024555,4.605170131,4.382659212,4.843602903,BRMS
UKENAN_AW_TP000154,15,6,25/06/2024,5.428370087,4.733360316,4.499029187,4.980597811,BRMS
UKENAN_AW_TP000154,15,7,02/07/2024,5.715715619,4.824034287,4.600747467,5.043271986,BRMS
UKENAN_AW_TP000154,15,8,09/07/2024,5.953431514,4.930903265,4.703466147,5.157294433,BRMS
UKENAN_AW_TP000154,15,9,16/07/2024,6.191147408,4.908005868,4.672466,5.1416447,BRMS
UKENAN_AW_TP000154,15,10,23/07/2024,5.750981278,5.054548209,4.836187616,5.278950337,BRMS
UKENAN_AW_TP000154,15,11,30/07/2024,5.310815147,5.183268897,4.963503935,5.425873789,BRMS
UKENAN_AW_TP000154,15,12,06/08/2024,4.773076082,5.261021641,5.03545922,5.497841601,BRMS
UKENAN_AW_TP000154,15,13,13/08/2024,4.235337016,5.320407001,5.104043713,5.544276383,BRMS
UKENAN_AW_TP000154,15,14,20/08/2024,5.449338152,5.346407632,5.129812542,5.586898778,BRMS
UKENAN_AW_TP000154,15,15,27/08/2024,6.663339287,5.371142924,5.155349381,5.591301425,BRMS
UKENAN_AW_TP000154,15,16,03/09/2024,6.077931284,5.355593299,5.117698227,5.618474545,BRMS
UKENAN_AW_TP000154,15,17,10/09/2024,5.49252328,5.31930986,5.090901338,5.535769996,BRMS
UKENAN_AW_TP000154,15,18,17/09/2024,5.650419856,5.248597965,5.014108311,5.480208216,BRMS
UKENAN_AW_TP000154,15,19,24/09/2024,5.808316431,5.131326264,4.896605533,5.380131069,BRMS
UKENAN_AW_TP000154,15,20,01/10/2024,5.548844823,5.040064962,4.816152633,5.277246628,BRMS
UKENAN_AW_TP000154,15,21,08/10/2024,5.289373214,4.976281321,4.747785822,5.205602478,BRMS
UKENAN_AW_TP000154,15,22,15/10/2024,5.27644057,4.955845449,4.738566888,5.17251809,BRMS
UKENAN_AW_TP000154,15,23,22/10/2024,5.263507926,4.981355736,4.77039725,5.197611284,BRMS
UKENAN_AW_TP000154,15,24,29/10/2024,5.238772279,5.009747184,4.795149001,5.231522518,BRMS
UKENAN_AW_TP000154,15,25,05/11/2024,5.214036631,5.015901848,4.799719404,5.234089193,BRMS
UKENAN_AW_TP000154,15,26,12/11/2024,5.484855937,5.031386767,4.822590338,5.241381101,BRMS
UKENAN_AW_TP000154,15,27,19/11/2024,5.755675243,5.025376595,4.820329625,5.227932449,BRMS
UKENAN_AW_TP000154,15,28,26/11/2024,5.54103106,5.007517807,4.795727577,5.219898502,BRMS
UKENAN_AW_TP000154,15,29,03/12/2024,5.326386877,5.034775933,4.828882234,5.25524756,BRMS
UKENAN_AW_TP000154,15,30,10/12/2024,5.698056743,5.019818852,4.818719447,5.239617676,BRMS
UKENAN_AW_TP000154,15,31,17/12/2024,6.069726609,5.017289394,4.80087493,5.23901816,BRMS
UKENAN_AW_TP000154,15,32,24/12/2024,5.455368214,5.036662665,4.826963746,5.249372319,BRMS
UKENAN_AW_TP000154,15,33,31/12/2024,4.841009819,4.969054617,4.765388766,5.188815284,BRMS
UKENAN_AW_TP000154,15,34,07/01/2025,5.287599842,4.860845124,4.642349344,5.093948986,BRMS
UKENAN_AW_TP000154,15,35,14/01/2025,5.734189865,4.769125479,4.562954407,4.98811385,BRMS
UKENAN_AW_TP000154,15,36,21/01/2025,6.109325098,4.725783801,4.513028934,4.954955474,BRMS
UKENAN_AW_TP000154,15,37,28/01/2025,6.484460331,4.798872282,4.585395091,5.027530742,BRMS
UKENAN_AW_TP000154,15,38,04/02/2025,6.276991024,4.919111183,4.726873934,5.14278879,BRMS
UKENAN_AW_TP000154,15,39,11/02/2025,6.069521716,5.097872881,4.903099027,5.325907362,BRMS
UKENAN_AW_TP000154,15,40,18/02/2025,5.997053034,5.235158972,5.029538659,5.456926824,BRMS
UKENAN_AW_TP000154,15,41,25/02/2025,5.924584352,5.335807805,5.125397003,5.551220884,BRMS
UKENAN_AW_TP000154,15,42,04/03/2025,5.745042366,5.366405902,5.165988297,5.586061478,BRMS
UKENAN_AW_TP000154,15,43,11/03/2025,5.56550038,5.327356844,5.116954965,5.545624407,BRMS
UKENAN_AW_TP000154,15,44,18/03/2025,5.728389493,5.299781849,5.089205934,5.527912975,BRMS
UKENAN_AW_TP000154,15,45,25/03/2025,5.891278605,5.256236026,5.029504472,5.493215892,BRMS
UKENAN_AW_TP000161,16,1,21/05/2024,NA,4.02802517,3.774800382,4.292051409,BRMS
UKENAN_AW_TP000161,16,2,28/05/2024,4.680363573,4.132505339,3.919275566,4.350870648,BRMS
UKENAN_AW_TP000161,16,3,04/06/2024,4.680363573,4.258642652,4.058649038,4.466086903,BRMS
UKENAN_AW_TP000161,16,4,11/06/2024,4.035030475,4.422249632,4.233782855,4.625839771,BRMS
UKENAN_AW_TP000161,16,5,18/06/2024,3.389697376,4.585202533,4.390716778,4.78214006,BRMS
UKENAN_AW_TP000161,16,6,25/06/2024,3.306016837,4.71938133,4.524276154,4.918813367,BRMS
UKENAN_AW_TP000161,16,7,02/07/2024,3.222336298,4.811720096,4.636537675,5.002305556,BRMS
UKENAN_AW_TP000161,16,8,09/07/2024,3.888401916,4.929256251,4.743367929,5.119386456,BRMS
UKENAN_AW_TP000161,16,9,16/07/2024,4.554467533,4.910178239,4.716376405,5.108670621,BRMS
UKENAN_AW_TP000161,16,10,23/07/2024,4.259278997,5.068877359,4.895559974,5.262649808,BRMS
UKENAN_AW_TP000161,16,11,30/07/2024,3.964090461,5.207410834,5.027997951,5.409613951,BRMS
UKENAN_AW_TP000161,16,12,06/08/2024,4.315166072,5.297594636,5.11490696,5.495383287,BRMS
UKENAN_AW_TP000161,16,13,13/08/2024,4.666241682,5.365684516,5.188719427,5.560051893,BRMS
UKENAN_AW_TP000161,16,14,20/08/2024,4.808776331,5.401052747,5.229465154,5.595563187,BRMS
UKENAN_AW_TP000161,16,15,27/08/2024,4.95131098,5.434226237,5.264938633,5.633253012,BRMS
UKENAN_AW_TP000161,16,16,03/09/2024,4.990302375,5.427906272,5.242442881,5.636535098,BRMS
UKENAN_AW_TP000161,16,17,10/09/2024,5.029293769,5.397403618,5.213387015,5.59292793,BRMS
UKENAN_AW_TP000161,16,18,17/09/2024,5.180897336,5.328202808,5.139493979,5.520000357,BRMS
UKENAN_AW_TP000161,16,19,24/09/2024,5.332500903,5.213439233,5.02625912,5.404677178,BRMS
UKENAN_AW_TP000161,16,20,01/10/2024,5.287425223,5.120459314,4.943897398,5.310924018,BRMS
UKENAN_AW_TP000161,16,21,08/10/2024,5.242349543,5.055359291,4.879328147,5.246342519,BRMS
UKENAN_AW_TP000161,16,22,15/10/2024,5.190992235,5.034775874,4.851381642,5.211885304,BRMS
UKENAN_AW_TP000161,16,23,22/10/2024,5.139634927,5.056597932,4.869124532,5.239575135,BRMS
UKENAN_AW_TP000161,16,24,29/10/2024,4.820558292,5.08018393,4.895830622,5.254798026,BRMS
UKENAN_AW_TP000161,16,25,05/11/2024,4.501481657,5.074800131,4.888038334,5.256252364,BRMS
UKENAN_AW_TP000161,16,26,12/11/2024,5.08633154,5.09237699,4.919826338,5.276591559,BRMS
UKENAN_AW_TP000161,16,27,19/11/2024,5.671181423,5.085862912,4.908248643,5.273643754,BRMS
UKENAN_AW_TP000161,16,28,26/11/2024,5.21845408,5.070671344,4.883506489,5.250823052,BRMS
UKENAN_AW_TP000161,16,29,03/12/2024,4.765726736,5.094880981,4.904607805,5.276368234,BRMS
UKENAN_AW_TP000161,16,30,10/12/2024,4.80037359,5.077957906,4.889728787,5.26540661,BRMS
UKENAN_AW_TP000161,16,31,17/12/2024,4.835020443,5.080808582,4.893315679,5.261196138,BRMS
UKENAN_AW_TP000161,16,32,24/12/2024,4.757507092,5.080855035,4.882956377,5.28243215,BRMS
UKENAN_AW_TP000161,16,33,31/12/2024,4.720646418,5.005578688,4.816357002,5.197738087,BRMS
UKENAN_AW_TP000161,16,34,07/01/2025,4.720646418,4.887092403,4.71036722,5.077621935,BRMS
UKENAN_AW_TP000161,16,35,14/01/2025,4.761299096,4.780595107,4.598477084,4.977098477,BRMS
UKENAN_AW_TP000161,16,36,21/01/2025,4.757112006,4.722479991,4.526904527,4.928648893,BRMS
UKENAN_AW_TP000161,16,37,28/01/2025,4.757112006,4.776035611,4.582656756,4.987925237,BRMS
UKENAN_AW_TP000161,16,38,04/02/2025,5.086655514,4.883515272,4.698125665,5.095562181,BRMS
UKENAN_AW_TP000161,16,39,11/02/2025,5.416199022,5.04718531,4.858342313,5.248475778,BRMS
UKENAN_AW_TP000161,16,40,18/02/2025,5.501368957,5.18158008,4.992515764,5.377936463,BRMS
UKENAN_AW_TP000161,16,41,25/02/2025,5.586538892,5.267678976,5.080046184,5.463883072,BRMS
UKENAN_AW_TP000161,16,42,04/03/2025,5.442891877,5.296019941,5.11016293,5.499698613,BRMS
UKENAN_AW_TP000161,16,43,11/03/2025,5.299244861,5.26165718,5.072907769,5.470995162,BRMS
UKENAN_AW_TP000161,16,44,18/03/2025,5.462003453,5.225064827,5.029106682,5.426517801,BRMS
UKENAN_AW_TP000161,16,45,25/03/2025,5.624762044,5.169292398,4.954575197,5.396964442,BRMS
UKENAN_AW_TP000170,17,1,21/05/2024,NA,4.491270314,4.065274797,4.89840012,BRMS
UKENAN_AW_TP000170,17,2,28/05/2024,5.390076894,4.653552961,4.268797295,5.013585909,BRMS
UKENAN_AW_TP000170,17,3,04/06/2024,5.390076894,4.835503865,4.442919871,5.179955149,BRMS
UKENAN_AW_TP000170,17,4,11/06/2024,5.433602402,5.056151474,4.663610031,5.394137769,BRMS
UKENAN_AW_TP000170,17,5,18/06/2024,5.47712791,5.276036225,4.889378007,5.618990118,BRMS
UKENAN_AW_TP000170,17,6,25/06/2024,5.791370863,5.462555666,5.08458856,5.791061497,BRMS
UKENAN_AW_TP000170,17,7,02/07/2024,6.105613815,5.585782108,5.211331237,5.901477708,BRMS
UKENAN_AW_TP000170,17,8,09/07/2024,5.835924996,5.669845625,5.300142912,5.994346731,BRMS
UKENAN_AW_TP000170,17,9,16/07/2024,5.566236177,5.553554171,5.181135068,5.880230813,BRMS
UKENAN_AW_TP000170,17,10,23/07/2024,4.733790207,5.63660269,5.261471211,5.977891896,BRMS
UKENAN_AW_TP000170,17,11,30/07/2024,3.901344237,5.735236129,5.35580016,6.09064878,BRMS
UKENAN_AW_TP000170,17,12,06/08/2024,4.944436515,5.834440793,5.478305291,6.200293514,BRMS
UKENAN_AW_TP000170,17,13,13/08/2024,5.987528793,5.972606354,5.621235402,6.332244156,BRMS
UKENAN_AW_TP000170,17,14,20/08/2024,5.807803931,6.086433116,5.749721253,6.451317455,BRMS
UKENAN_AW_TP000170,17,15,27/08/2024,5.628079069,6.188112526,5.85654212,6.549128617,BRMS
UKENAN_AW_TP000170,17,16,03/09/2024,5.439765244,6.199972061,5.861600515,6.542177151,BRMS
UKENAN_AW_TP000170,17,17,10/09/2024,5.251451418,6.152073366,5.81758496,6.47099249,BRMS
UKENAN_AW_TP000170,17,18,17/09/2024,5.338501909,6.071675537,5.724539882,6.379668194,BRMS
UKENAN_AW_TP000170,17,19,24/09/2024,5.425552399,5.945328247,5.588941097,6.269642009,BRMS
UKENAN_AW_TP000170,17,20,01/10/2024,5.481609022,5.877801189,5.504873646,6.223635081,BRMS
UKENAN_AW_TP000170,17,21,08/10/2024,5.537665644,5.854789774,5.492111435,6.205834257,BRMS
UKENAN_AW_TP000170,17,22,15/10/2024,5.467788636,5.859087046,5.504564145,6.198088875,BRMS
UKENAN_AW_TP000170,17,23,22/10/2024,5.397911628,5.875259202,5.513911577,6.218213141,BRMS
UKENAN_AW_TP000170,17,24,29/10/2024,5.209191406,5.883767705,5.520478352,6.232261732,BRMS
UKENAN_AW_TP000170,17,25,05/11/2024,5.020471184,5.887518799,5.501896398,6.23983502,BRMS
UKENAN_AW_TP000170,17,26,12/11/2024,5.4839974,5.908446886,5.511551989,6.244649898,BRMS
UKENAN_AW_TP000170,17,27,19/11/2024,5.947523616,5.911698044,5.513905825,6.241238163,BRMS
UKENAN_AW_TP000170,17,28,26/11/2024,5.843300046,5.862587218,5.511672429,6.202209178,BRMS
UKENAN_AW_TP000170,17,29,03/12/2024,5.739076475,5.836050434,5.464242487,6.193140777,BRMS
UKENAN_AW_TP000170,17,30,10/12/2024,5.44701846,5.747715214,5.382415892,6.109756962,BRMS
UKENAN_AW_TP000170,17,31,17/12/2024,5.154960444,5.60289083,5.247958663,5.94559424,BRMS
UKENAN_AW_TP000170,17,32,24/12/2024,5.59493999,5.519028849,5.162158923,5.85569802,BRMS
UKENAN_AW_TP000170,17,33,31/12/2024,6.034919536,5.38462155,5.03540292,5.70623602,BRMS
UKENAN_AW_TP000170,17,34,07/01/2025,5.610398625,5.285564012,4.950801708,5.613919569,BRMS
UKENAN_AW_TP000170,17,35,14/01/2025,5.185877714,5.24408267,4.907496681,5.576501083,BRMS
UKENAN_AW_TP000170,17,36,21/01/2025,5.738158893,5.253481453,4.9034653,5.590515255,BRMS
UKENAN_AW_TP000170,17,37,28/01/2025,6.290440071,5.317246044,4.975698056,5.644449595,BRMS
UKENAN_AW_TP000170,17,38,04/02/2025,6.363205089,5.410589243,5.053190527,5.738275639,BRMS
UKENAN_AW_TP000170,17,39,11/02/2025,6.435970107,5.533859048,5.151861359,5.898936693,BRMS
UKENAN_AW_TP000170,17,40,18/02/2025,6.214541238,5.629485598,5.241860249,6.014402782,BRMS
UKENAN_AW_TP000170,17,41,25/02/2025,5.993112368,5.73882303,5.347018447,6.114547945,BRMS
UKENAN_AW_TP000170,17,42,04/03/2025,5.768019357,5.787490042,5.398394166,6.15439867,BRMS
UKENAN_AW_TP000170,17,43,11/03/2025,5.542926346,5.755391034,5.37215271,6.126751856,BRMS
UKENAN_AW_TP000170,17,44,18/03/2025,5.866075429,5.690141723,5.290596334,6.072216583,BRMS
UKENAN_AW_TP000170,17,45,25/03/2025,6.189224512,5.586039742,5.159565559,6.009538624,BRMS
UKENAN_AW_TP000200,18,1,21/05/2024,NA,4.621447987,4.250037618,4.990436753,BRMS
UKENAN_AW_TP000200,18,2,28/05/2024,3.919519976,4.777232821,4.448835623,5.085785332,BRMS
UKENAN_AW_TP000200,18,3,04/06/2024,3.919519976,4.9551648,4.632606828,5.245213082,BRMS
UKENAN_AW_TP000200,18,4,11/06/2024,4.094529577,5.167730096,4.842799487,5.459389966,BRMS
UKENAN_AW_TP000200,18,5,18/06/2024,4.269539177,5.375809725,5.058018525,5.663958816,BRMS
UKENAN_AW_TP000200,18,6,25/06/2024,4.537643316,5.550649852,5.250136971,5.830089943,BRMS
UKENAN_AW_TP000200,18,7,02/07/2024,4.805747454,5.663657217,5.379399,5.929799653,BRMS
UKENAN_AW_TP000200,18,8,09/07/2024,4.674243354,5.74352508,5.451082005,6.010403147,BRMS
UKENAN_AW_TP000200,18,9,16/07/2024,4.542739254,5.630935395,5.341244627,5.893781744,BRMS
UKENAN_AW_TP000200,18,10,23/07/2024,4.721829988,5.717557078,5.423041414,5.993660238,BRMS
UKENAN_AW_TP000200,18,11,30/07/2024,4.900920721,5.814742275,5.513113853,6.117477815,BRMS
UKENAN_AW_TP000200,18,12,06/08/2024,5.125161626,5.909907455,5.621813988,6.215646736,BRMS
UKENAN_AW_TP000200,18,13,13/08/2024,5.349402531,6.02857618,5.738487636,6.316326275,BRMS
UKENAN_AW_TP000200,18,14,20/08/2024,5.044383311,6.128506052,5.851324042,6.417919462,BRMS
UKENAN_AW_TP000200,18,15,27/08/2024,4.739364091,6.218191984,5.952666109,6.501339902,BRMS
UKENAN_AW_TP000200,18,16,03/09/2024,5.219691754,6.228027988,5.96419195,6.497818016,BRMS
UKENAN_AW_TP000200,18,17,10/09/2024,5.700019416,6.183185292,5.919223881,6.439223409,BRMS
UKENAN_AW_TP000200,18,18,17/09/2024,5.426476622,6.093154439,5.80764998,6.344583692,BRMS
UKENAN_AW_TP000200,18,19,24/09/2024,5.152933828,5.962108872,5.678286808,6.221037364,BRMS
UKENAN_AW_TP000200,18,20,01/10/2024,4.581407353,5.886561123,5.583504815,6.160831133,BRMS
UKENAN_AW_TP000200,18,21,08/10/2024,4.009880877,5.849302274,5.552634159,6.125898494,BRMS
UKENAN_AW_TP000200,18,22,15/10/2024,4.288112575,5.849835372,5.570892821,6.135720478,BRMS
UKENAN_AW_TP000200,18,23,22/10/2024,4.566344272,5.864917659,5.577853188,6.156147522,BRMS
UKENAN_AW_TP000200,18,24,29/10/2024,4.641903944,5.873933787,5.578685897,6.16644237,BRMS
UKENAN_AW_TP000200,18,25,05/11/2024,4.717463616,5.872500457,5.568988522,6.167788116,BRMS
UKENAN_AW_TP000200,18,26,12/11/2024,3.835707333,5.900291399,5.584995778,6.17404151,BRMS
UKENAN_AW_TP000200,18,27,19/11/2024,2.953951049,5.904982069,5.589585414,6.171862494,BRMS
UKENAN_AW_TP000200,18,28,26/11/2024,3.902707053,5.854404374,5.57475452,6.136075068,BRMS
UKENAN_AW_TP000200,18,29,03/12/2024,4.851463057,5.840447757,5.556443181,6.120744824,BRMS
UKENAN_AW_TP000200,18,30,10/12/2024,4.942640553,5.766352006,5.474151806,6.06143737,BRMS
UKENAN_AW_TP000200,18,31,17/12/2024,5.033818049,5.637133052,5.350408593,5.927738255,BRMS
UKENAN_AW_TP000200,18,32,24/12/2024,4.988077873,5.563377663,5.267110641,5.853360804,BRMS
UKENAN_AW_TP000200,18,33,31/12/2024,4.942337697,5.443271378,5.150991504,5.722480676,BRMS
UKENAN_AW_TP000200,18,34,07/01/2025,4.980759443,5.344955948,5.057991112,5.623692951,BRMS
UKENAN_AW_TP000200,18,35,14/01/2025,5.019181188,5.298858462,5.015596741,5.576260616,BRMS
UKENAN_AW_TP000200,18,36,21/01/2025,4.40246827,5.302103475,5.006169522,5.578643331,BRMS
UKENAN_AW_TP000200,18,37,28/01/2025,3.785755351,5.368583698,5.078452212,5.631417674,BRMS
UKENAN_AW_TP000200,18,38,04/02/2025,4.371387676,5.456545133,5.152921101,5.732824956,BRMS
UKENAN_AW_TP000200,18,39,11/02/2025,4.957020001,5.589222857,5.253783353,5.890876587,BRMS
UKENAN_AW_TP000200,18,40,18/02/2025,5.096933997,5.694081088,5.3596046,6.018093245,BRMS
UKENAN_AW_TP000200,18,41,25/02/2025,5.236847993,5.807682556,5.4715924,6.122706834,BRMS
UKENAN_AW_TP000200,18,42,04/03/2025,5.095627873,5.860352525,5.537603961,6.169504015,BRMS
UKENAN_AW_TP000200,18,43,11/03/2025,4.954407753,5.821905032,5.49883502,6.138177866,BRMS
UKENAN_AW_TP000200,18,44,18/03/2025,5.040102257,5.763999752,5.43109173,6.090534232,BRMS
UKENAN_AW_TP000200,18,45,25/03/2025,5.12579676,5.668427669,5.298351417,6.03115266,BRMS
UKENAN_AW_TP000210,19,1,21/05/2024,NA,4.10744272,3.837497174,4.361356379,BRMS
UKENAN_AW_TP000210,19,2,28/05/2024,3.005367047,4.199921958,3.964675539,4.41465925,BRMS
UKENAN_AW_TP000210,19,3,04/06/2024,3.005367047,4.317926699,4.091817613,4.521355887,BRMS
UKENAN_AW_TP000210,19,4,11/06/2024,3.463069395,4.472867975,4.25745209,4.669939881,BRMS
UKENAN_AW_TP000210,19,5,18/06/2024,3.920771742,4.629388689,4.417032614,4.834663125,BRMS
UKENAN_AW_TP000210,19,6,25/06/2024,4.495329179,4.759680775,4.546026551,4.964932292,BRMS
UKENAN_AW_TP000210,19,7,02/07/2024,5.069886616,4.852804017,4.639892857,5.053644954,BRMS
UKENAN_AW_TP000210,19,8,09/07/2024,4.838078323,4.962280059,4.751256373,5.160475454,BRMS
UKENAN_AW_TP000210,19,9,16/07/2024,4.606270029,4.942488552,4.721738275,5.143320056,BRMS
UKENAN_AW_TP000210,19,10,23/07/2024,4.802261737,5.088462201,4.884022754,5.289137487,BRMS
UKENAN_AW_TP000210,19,11,30/07/2024,4.998253445,5.220938282,5.017935006,5.428257245,BRMS
UKENAN_AW_TP000210,19,12,06/08/2024,4.626011461,5.299254484,5.086276565,5.502394363,BRMS
UKENAN_AW_TP000210,19,13,13/08/2024,4.253769477,5.355507832,5.148862476,5.552662648,BRMS
UKENAN_AW_TP000210,19,14,20/08/2024,4.903041606,5.381189527,5.17957,5.575020363,BRMS
UKENAN_AW_TP000210,19,15,27/08/2024,5.552313735,5.403706731,5.20315484,5.599961773,BRMS
UKENAN_AW_TP000210,19,16,03/09/2024,5.23016111,5.388136124,5.179006972,5.594144121,BRMS
UKENAN_AW_TP000210,19,17,10/09/2024,4.908008485,5.349624936,5.136040227,5.55202065,BRMS
UKENAN_AW_TP000210,19,18,17/09/2024,5.014244897,5.276771007,5.062547872,5.479735276,BRMS
UKENAN_AW_TP000210,19,19,24/09/2024,5.120481308,5.154401001,4.928819154,5.350612065,BRMS
UKENAN_AW_TP000210,19,20,01/10/2024,4.608288976,5.064964653,4.84891267,5.259988433,BRMS
UKENAN_AW_TP000210,19,21,08/10/2024,4.096096643,5.001260644,4.790504693,5.190860402,BRMS
UKENAN_AW_TP000210,19,22,15/10/2024,3.910486917,4.979317274,4.771091751,5.176872222,BRMS
UKENAN_AW_TP000210,19,23,22/10/2024,3.72487719,5.003234335,4.801082303,5.187882295,BRMS
UKENAN_AW_TP000210,19,24,29/10/2024,3.770427834,5.030843026,4.825599424,5.222117777,BRMS
UKENAN_AW_TP000210,19,25,05/11/2024,3.815978477,5.039484344,4.832917357,5.223700542,BRMS
UKENAN_AW_TP000210,19,26,12/11/2024,3.63962017,5.049664017,4.845474747,5.240614105,BRMS
UKENAN_AW_TP000210,19,27,19/11/2024,3.463261862,5.040341322,4.841109607,5.236045425,BRMS
UKENAN_AW_TP000210,19,28,26/11/2024,4.134963153,5.021053848,4.827644431,5.208623067,BRMS
UKENAN_AW_TP000210,19,29,03/12/2024,4.806664444,5.045636127,4.848439772,5.257708766,BRMS
UKENAN_AW_TP000210,19,30,10/12/2024,4.377347569,5.028601155,4.839765349,5.215031792,BRMS
UKENAN_AW_TP000210,19,31,17/12/2024,3.948030693,5.021979818,4.833431792,5.215565706,BRMS
UKENAN_AW_TP000210,19,32,24/12/2024,3.566764995,5.036002294,4.831382611,5.255434613,BRMS
UKENAN_AW_TP000210,19,33,31/12/2024,3.402561715,4.974759568,4.799545474,5.174778728,BRMS
UKENAN_AW_TP000210,19,34,07/01/2025,3.402561715,4.870907675,4.691714104,5.070666114,BRMS
UKENAN_AW_TP000210,19,35,14/01/2025,3.619624133,4.781462458,4.594430323,4.976276326,BRMS
UKENAN_AW_TP000210,19,36,21/01/2025,3.46216354,4.74147001,4.544850641,4.950090977,BRMS
UKENAN_AW_TP000210,19,37,28/01/2025,3.46216354,4.813531399,4.621862682,5.012549734,BRMS
UKENAN_AW_TP000210,19,38,04/02/2025,3.315017805,4.934231402,4.742755654,5.134966873,BRMS
UKENAN_AW_TP000210,19,39,11/02/2025,3.16787207,5.108441936,4.928264496,5.303297901,BRMS
UKENAN_AW_TP000210,19,40,18/02/2025,4.122799188,5.244890396,5.058427354,5.434650483,BRMS
UKENAN_AW_TP000210,19,41,25/02/2025,5.077726306,5.341502662,5.144617085,5.53987355,BRMS
UKENAN_AW_TP000210,19,42,04/03/2025,4.681355429,5.373375928,5.172909209,5.578943359,BRMS
UKENAN_AW_TP000210,19,43,11/03/2025,4.284984551,5.332743625,5.132687353,5.530606021,BRMS
UKENAN_AW_TP000210,19,44,18/03/2025,4.452785581,5.309380186,5.102129022,5.510929261,BRMS
UKENAN_AW_TP000210,19,45,25/03/2025,4.620586611,5.25746616,5.028994458,5.472957984,BRMS
UKENAN_AW_TP000293,20,1,21/05/2024,NA,4.361736218,4.067994475,4.683544218,BRMS
UKENAN_AW_TP000293,20,2,28/05/2024,3.609022286,4.45575414,4.180797705,4.726953359,BRMS
UKENAN_AW_TP000293,20,3,04/06/2024,3.609022286,4.575465897,4.301975348,4.831480278,BRMS
UKENAN_AW_TP000293,20,4,11/06/2024,4.363980597,4.730973845,4.463417024,4.992467315,BRMS
UKENAN_AW_TP000293,20,5,18/06/2024,5.118938908,4.887474511,4.633374768,5.161105997,BRMS
UKENAN_AW_TP000293,20,6,25/06/2024,4.938299457,5.016627473,4.757629984,5.298733209,BRMS
UKENAN_AW_TP000293,20,7,02/07/2024,4.757660005,5.108741828,4.852640248,5.382346772,BRMS
UKENAN_AW_TP000293,20,8,09/07/2024,4.223315861,5.216264282,4.936702653,5.474193044,BRMS
UKENAN_AW_TP000293,20,9,16/07/2024,3.688971716,5.194773414,4.934721024,5.462216975,BRMS
UKENAN_AW_TP000293,20,10,23/07/2024,4.995502696,5.341789071,5.085155892,5.590894231,BRMS
UKENAN_AW_TP000293,20,11,30/07/2024,6.302033676,5.47201098,5.206601973,5.724849398,BRMS
UKENAN_AW_TP000293,20,12,06/08/2024,5.319812662,5.549563284,5.27826688,5.80533248,BRMS
UKENAN_AW_TP000293,20,13,13/08/2024,4.337591647,5.609130284,5.349726418,5.8575929,BRMS
UKENAN_AW_TP000293,20,14,20/08/2024,4.359156942,5.634746439,5.372636653,5.893049648,BRMS
UKENAN_AW_TP000293,20,15,27/08/2024,4.380722236,5.659259969,5.391375136,5.909426828,BRMS
UKENAN_AW_TP000293,20,16,03/09/2024,4.888485669,5.644027771,5.35385481,5.921566529,BRMS
UKENAN_AW_TP000293,20,17,10/09/2024,5.396249102,5.607848881,5.317974744,5.853461045,BRMS
UKENAN_AW_TP000293,20,18,17/09/2024,4.939837668,5.536510247,5.25365347,5.794149921,BRMS
UKENAN_AW_TP000293,20,19,24/09/2024,4.483426233,5.417490593,5.130599293,5.679914209,BRMS
UKENAN_AW_TP000293,20,20,01/10/2024,5.224181268,5.32665657,5.054090852,5.584029032,BRMS
UKENAN_AW_TP000293,20,21,08/10/2024,5.964936302,5.262731233,4.987837214,5.522375632,BRMS
UKENAN_AW_TP000293,20,22,15/10/2024,5.553990369,5.240687443,4.956938089,5.495162643,BRMS
UKENAN_AW_TP000293,20,23,22/10/2024,5.143044436,5.265466218,4.981153864,5.531306788,BRMS
UKENAN_AW_TP000293,20,24,29/10/2024,5.38085851,5.293077432,5.019453885,5.561975165,BRMS
UKENAN_AW_TP000293,20,25,05/11/2024,5.618672583,5.300230132,5.0286528,5.561070032,BRMS
UKENAN_AW_TP000293,20,26,12/11/2024,5.334901748,5.313133298,5.044359992,5.579439402,BRMS
UKENAN_AW_TP000293,20,27,19/11/2024,5.051130913,5.305649969,5.037637562,5.573905987,BRMS
UKENAN_AW_TP000293,20,28,26/11/2024,5.02410866,5.287500336,5.006611472,5.552475304,BRMS
UKENAN_AW_TP000293,20,29,03/12/2024,4.997086407,5.312362627,5.057192467,5.591319931,BRMS
UKENAN_AW_TP000293,20,30,10/12/2024,5.36382185,5.296296606,5.045205058,5.560870017,BRMS
UKENAN_AW_TP000293,20,31,17/12/2024,5.730557293,5.292207489,5.030831005,5.565155611,BRMS
UKENAN_AW_TP000293,20,32,24/12/2024,4.678108534,5.30814654,5.032043601,5.591845497,BRMS
UKENAN_AW_TP000293,20,33,31/12/2024,3.625659774,5.24231826,4.990776951,5.527323148,BRMS
UKENAN_AW_TP000293,20,34,07/01/2025,3.890826893,5.135392354,4.888188024,5.417208449,BRMS
UKENAN_AW_TP000293,20,35,14/01/2025,4.155994011,5.043939487,4.788474928,5.32193658,BRMS
UKENAN_AW_TP000293,20,36,21/01/2025,4.257660988,5.001697571,4.742620066,5.289026331,BRMS
UKENAN_AW_TP000293,20,37,28/01/2025,4.359327965,5.073833797,4.813839587,5.361951527,BRMS
UKENAN_AW_TP000293,20,38,04/02/2025,4.766351844,5.192675222,4.937457323,5.479196085,BRMS
UKENAN_AW_TP000293,20,39,11/02/2025,5.173375723,5.369742549,5.125811943,5.652653926,BRMS
UKENAN_AW_TP000293,20,40,18/02/2025,4.823986415,5.505344103,5.255849843,5.769098118,BRMS
UKENAN_AW_TP000293,20,41,25/02/2025,4.474597107,5.605544725,5.355711899,5.863090383,BRMS
UKENAN_AW_TP000293,20,42,04/03/2025,4.410544133,5.636388982,5.397605736,5.904117846,BRMS
UKENAN_AW_TP000293,20,43,11/03/2025,4.346491158,5.594942708,5.338258143,5.85227347,BRMS
UKENAN_AW_TP000293,20,44,18/03/2025,3.977522343,5.569656766,5.317916909,5.827303537,BRMS
UKENAN_AW_TP000293,20,45,25/03/2025,3.608553527,5.523167938,5.257327668,5.786539529,BRMS
UKENAN_AW_TP000303,21,1,21/05/2024,NA,3.940086579,3.639422062,4.213198142,BRMS
UKENAN_AW_TP000303,21,2,28/05/2024,5.812266377,4.012039174,3.779905529,4.243176112,BRMS
UKENAN_AW_TP000303,21,3,04/06/2024,5.812266377,4.11055084,3.90323606,4.351382371,BRMS
UKENAN_AW_TP000303,21,4,11/06/2024,5.126598926,4.279071152,4.064269849,4.519287796,BRMS
UKENAN_AW_TP000303,21,5,18/06/2024,4.440931475,4.447607754,4.220584735,4.689086345,BRMS
UKENAN_AW_TP000303,21,6,25/06/2024,4.785653887,4.582242007,4.358895197,4.827427728,BRMS
UKENAN_AW_TP000303,21,7,02/07/2024,5.130376299,4.688716488,4.462636316,4.9420243,BRMS
UKENAN_AW_TP000303,21,8,09/07/2024,5.165105561,4.769172109,4.543677398,5.006832809,BRMS
UKENAN_AW_TP000303,21,9,16/07/2024,5.199834823,4.705230018,4.467056556,4.946340905,BRMS
UKENAN_AW_TP000303,21,10,23/07/2024,5.271666395,4.822142771,4.591852108,5.048701809,BRMS
UKENAN_AW_TP000303,21,11,30/07/2024,5.343497967,4.924678264,4.703801535,5.145254329,BRMS
UKENAN_AW_TP000303,21,12,06/08/2024,5.484738112,4.975584374,4.764961735,5.185294037,BRMS
UKENAN_AW_TP000303,21,13,13/08/2024,5.625978256,4.997327478,4.792685387,5.199095283,BRMS
UKENAN_AW_TP000303,21,14,20/08/2024,5.629272513,5.002189341,4.793186692,5.195793781,BRMS
UKENAN_AW_TP000303,21,15,27/08/2024,5.632566769,5.024744501,4.81061349,5.234535868,BRMS
UKENAN_AW_TP000303,21,16,03/09/2024,5.827098512,5.007937248,4.794962901,5.214962985,BRMS
UKENAN_AW_TP000303,21,17,10/09/2024,6.021630255,5.0272672,4.816171527,5.236573853,BRMS
UKENAN_AW_TP000303,21,18,17/09/2024,5.737234239,4.995347448,4.779536366,5.213616074,BRMS
UKENAN_AW_TP000303,21,19,24/09/2024,5.452838223,4.923850428,4.697832022,5.145373119,BRMS
UKENAN_AW_TP000303,21,20,01/10/2024,5.498765325,4.861380885,4.636690601,5.078025643,BRMS
UKENAN_AW_TP000303,21,21,08/10/2024,5.544692427,4.815861081,4.594859024,5.034463864,BRMS
UKENAN_AW_TP000303,21,22,15/10/2024,5.335046578,4.832741647,4.611063189,5.051287931,BRMS
UKENAN_AW_TP000303,21,23,22/10/2024,5.125400728,4.87470927,4.654548989,5.096427177,BRMS
UKENAN_AW_TP000303,21,24,29/10/2024,4.875262662,4.918896367,4.705876787,5.140039607,BRMS
UKENAN_AW_TP000303,21,25,05/11/2024,4.625124595,4.936592411,4.72427704,5.152834114,BRMS
UKENAN_AW_TP000303,21,26,12/11/2024,4.750921854,4.906483124,4.692938732,5.126653074,BRMS
UKENAN_AW_TP000303,21,27,19/11/2024,4.876719113,4.871766987,4.661589374,5.086045166,BRMS
UKENAN_AW_TP000303,21,28,26/11/2024,5.221007698,4.825739627,4.612744879,5.044225314,BRMS
UKENAN_AW_TP000303,21,29,03/12/2024,5.565296283,4.835605754,4.624169157,5.043908206,BRMS
UKENAN_AW_TP000303,21,30,10/12/2024,5.555384318,4.795202721,4.567699208,5.020680751,BRMS
UKENAN_AW_TP000303,21,31,17/12/2024,5.545472352,4.791186752,4.563426335,5.020084401,BRMS
UKENAN_AW_TP000303,21,32,24/12/2024,5.38918963,4.810888773,4.574662986,5.03240588,BRMS
UKENAN_AW_TP000303,21,33,31/12/2024,5.232906908,4.745850504,4.516401992,4.970283524,BRMS
UKENAN_AW_TP000303,21,34,07/01/2025,5.00148346,4.662515805,4.437570697,4.892203571,BRMS
UKENAN_AW_TP000303,21,35,14/01/2025,4.770060012,4.587997231,4.368720983,4.80611368,BRMS
UKENAN_AW_TP000303,21,36,21/01/2025,5.415198693,4.567489702,4.342345666,4.788404682,BRMS
UKENAN_AW_TP000303,21,37,28/01/2025,6.060337374,4.682129733,4.461359649,4.903228144,BRMS
UKENAN_AW_TP000303,21,38,04/02/2025,5.617179115,4.874431256,4.663688776,5.085793023,BRMS
UKENAN_AW_TP000303,21,39,11/02/2025,5.174020856,5.083865832,4.860642765,5.288148475,BRMS
UKENAN_AW_TP000303,21,40,18/02/2025,5.448641594,5.224410304,5.000803069,5.431725366,BRMS
UKENAN_AW_TP000303,21,41,25/02/2025,5.723262332,5.301246689,5.088733023,5.508923202,BRMS
UKENAN_AW_TP000303,21,42,04/03/2025,6.078726192,5.307967664,5.094508177,5.517720574,BRMS
UKENAN_AW_TP000303,21,43,11/03/2025,6.434190051,5.236064496,5.019318488,5.457136758,BRMS
UKENAN_AW_TP000303,21,44,18/03/2025,6.420063827,5.172242638,4.956313888,5.394494188,BRMS
UKENAN_AW_TP000303,21,45,25/03/2025,6.405937603,5.104560513,4.870074239,5.344588022,BRMS
UKENAN_AW_TP000307,22,1,21/05/2024,NA,4.044280013,3.755340118,4.305774838,BRMS
UKENAN_AW_TP000307,22,2,28/05/2024,4.281559694,4.125007922,3.88459696,4.355946672,BRMS
UKENAN_AW_TP000307,22,3,04/06/2024,4.281559694,4.232564289,4.012271539,4.456435437,BRMS
UKENAN_AW_TP000307,22,4,11/06/2024,4.058309795,4.408023135,4.196248311,4.618025847,BRMS
UKENAN_AW_TP000307,22,5,18/06/2024,3.835059895,4.582043942,4.37461656,4.789189568,BRMS
UKENAN_AW_TP000307,22,6,25/06/2024,4.243826416,4.720155276,4.509343122,4.929055709,BRMS
UKENAN_AW_TP000307,22,7,02/07/2024,4.652592936,4.828886514,4.600407629,5.034738856,BRMS
UKENAN_AW_TP000307,22,8,09/07/2024,4.91239181,4.915664986,4.685176234,5.142084243,BRMS
UKENAN_AW_TP000307,22,9,16/07/2024,5.172190684,4.85181739,4.610121946,5.06804878,BRMS
UKENAN_AW_TP000307,22,10,23/07/2024,4.625963952,4.976113354,4.740270894,5.205011926,BRMS
UKENAN_AW_TP000307,22,11,30/07/2024,4.07973722,5.08312376,4.856839539,5.328622218,BRMS
UKENAN_AW_TP000307,22,12,06/08/2024,4.861255677,5.135590341,4.909601872,5.366440292,BRMS
UKENAN_AW_TP000307,22,13,13/08/2024,5.642774134,5.162289205,4.928927047,5.383405959,BRMS
UKENAN_AW_TP000307,22,14,20/08/2024,5.308649883,5.168248687,4.944870507,5.385263963,BRMS
UKENAN_AW_TP000307,22,15,27/08/2024,4.974525631,5.194771235,4.979866162,5.416538832,BRMS
UKENAN_AW_TP000307,22,16,03/09/2024,5.250576436,5.182800748,4.970237553,5.412261187,BRMS
UKENAN_AW_TP000307,22,17,10/09/2024,5.52662724,5.203120718,4.989479215,5.420327555,BRMS
UKENAN_AW_TP000307,22,18,17/09/2024,5.460348134,5.17725791,4.960736446,5.403452149,BRMS
UKENAN_AW_TP000307,22,19,24/09/2024,5.394069028,5.106046829,4.867907923,5.330370091,BRMS
UKENAN_AW_TP000307,22,20,01/10/2024,5.319932857,5.048577256,4.827508516,5.265120983,BRMS
UKENAN_AW_TP000307,22,21,08/10/2024,5.245796686,5.006020646,4.791024307,5.218459076,BRMS
UKENAN_AW_TP000307,22,22,15/10/2024,4.837563643,5.023478485,4.81625471,5.233874799,BRMS
UKENAN_AW_TP000307,22,23,22/10/2024,4.429330599,5.066921574,4.865987008,5.278030186,BRMS
UKENAN_AW_TP000307,22,24,29/10/2024,4.754320067,5.112662301,4.915312393,5.319344271,BRMS
UKENAN_AW_TP000307,22,25,05/11/2024,5.079309534,5.128620549,4.930061018,5.339063721,BRMS
UKENAN_AW_TP000307,22,26,12/11/2024,5.119166283,5.097770309,4.902232426,5.322234472,BRMS
UKENAN_AW_TP000307,22,27,19/11/2024,5.159023032,5.060606122,4.86413273,5.288086783,BRMS
UKENAN_AW_TP000307,22,28,26/11/2024,5.111171375,5.01221222,4.812710799,5.239324034,BRMS
UKENAN_AW_TP000307,22,29,03/12/2024,5.063319717,5.017451899,4.811623302,5.234968244,BRMS
UKENAN_AW_TP000307,22,30,10/12/2024,5.187838655,4.973299972,4.755464175,5.201973491,BRMS
UKENAN_AW_TP000307,22,31,17/12/2024,5.312357592,4.962073855,4.736756618,5.188100969,BRMS
UKENAN_AW_TP000307,22,32,24/12/2024,4.894756651,4.975482922,4.748765779,5.20985926,BRMS
UKENAN_AW_TP000307,22,33,31/12/2024,4.477155709,4.902479934,4.685305706,5.12568213,BRMS
UKENAN_AW_TP000307,22,34,07/01/2025,4.625071724,4.809408705,4.593785535,5.031144133,BRMS
UKENAN_AW_TP000307,22,35,14/01/2025,4.772987739,4.723783363,4.504428815,4.942322464,BRMS
UKENAN_AW_TP000307,22,36,21/01/2025,4.647533075,4.693814378,4.471458236,4.913147215,BRMS
UKENAN_AW_TP000307,22,37,28/01/2025,4.522078411,4.796586191,4.56945417,5.022351257,BRMS
UKENAN_AW_TP000307,22,38,04/02/2025,4.25582,4.982028828,4.760746953,5.181914886,BRMS
UKENAN_AW_TP000307,22,39,11/02/2025,3.989561588,5.18399177,4.974017776,5.378064239,BRMS
UKENAN_AW_TP000307,22,40,18/02/2025,4.594439398,5.312566552,5.088893152,5.511965399,BRMS
UKENAN_AW_TP000307,22,41,25/02/2025,5.199317207,5.381905965,5.169631059,5.594012813,BRMS
UKENAN_AW_TP000307,22,42,04/03/2025,5.305741271,5.37781323,5.169969969,5.590070131,BRMS
UKENAN_AW_TP000307,22,43,11/03/2025,5.412165335,5.293616244,5.070923641,5.51588686,BRMS
UKENAN_AW_TP000307,22,44,18/03/2025,5.30865871,5.222919258,5.007692712,5.459010897,BRMS
UKENAN_AW_TP000307,22,45,25/03/2025,5.205152084,5.147208777,4.919053619,5.395267749,BRMS
UKENAN_AW_TP000308,23,1,21/05/2024,NA,3.685963565,3.270366038,4.135052605,BRMS
UKENAN_AW_TP000308,23,2,28/05/2024,4.407294191,3.755639708,3.389959371,4.169837053,BRMS
UKENAN_AW_TP000308,23,3,04/06/2024,4.407294191,3.832655556,3.492145546,4.197829588,BRMS
UKENAN_AW_TP000308,23,4,11/06/2024,4.256711204,3.973423597,3.647622141,4.331640782,BRMS
UKENAN_AW_TP000308,23,5,18/06/2024,4.106128217,4.126106884,3.790426099,4.483860654,BRMS
UKENAN_AW_TP000308,23,6,25/06/2024,4.558326354,4.242862137,3.90609431,4.598461822,BRMS
UKENAN_AW_TP000308,23,7,02/07/2024,5.01052449,4.318834,4.001937538,4.663847405,BRMS
UKENAN_AW_TP000308,23,8,09/07/2024,5.315854511,4.392422298,4.071717623,4.74749838,BRMS
UKENAN_AW_TP000308,23,9,16/07/2024,5.621184532,4.329016091,4.013774191,4.677566064,BRMS
UKENAN_AW_TP000308,23,10,23/07/2024,5.219847683,4.453160307,4.135028712,4.834195404,BRMS
UKENAN_AW_TP000308,23,11,30/07/2024,4.818510834,4.569257304,4.251136589,4.939765704,BRMS
UKENAN_AW_TP000308,23,12,06/08/2024,5.03958193,4.637631524,4.321396554,4.986600039,BRMS
UKENAN_AW_TP000308,23,13,13/08/2024,5.260653026,4.677041166,4.351835001,4.999216459,BRMS
UKENAN_AW_TP000308,23,14,20/08/2024,5.422308885,4.708686332,4.382409787,5.024979276,BRMS
UKENAN_AW_TP000308,23,15,27/08/2024,5.583964744,4.756223363,4.42143418,5.096541112,BRMS
UKENAN_AW_TP000308,23,16,03/09/2024,5.798098879,4.762645712,4.430518297,5.108599464,BRMS
UKENAN_AW_TP000308,23,17,10/09/2024,6.012233013,4.758753016,4.432886677,5.102604332,BRMS
UKENAN_AW_TP000308,23,18,17/09/2024,5.426960939,4.700731572,4.371601983,5.035548237,BRMS
UKENAN_AW_TP000308,23,19,24/09/2024,4.841688864,4.600025131,4.271847287,4.924594959,BRMS
UKENAN_AW_TP000308,23,20,01/10/2024,4.690391533,4.520135646,4.178601501,4.851541224,BRMS
UKENAN_AW_TP000308,23,21,08/10/2024,4.539094202,4.475371786,4.141823334,4.821482473,BRMS
UKENAN_AW_TP000308,23,22,15/10/2024,4.100396193,4.496101152,4.151376393,4.845768513,BRMS
UKENAN_AW_TP000308,23,23,22/10/2024,3.661698183,4.543620705,4.199178075,4.898479221,BRMS
UKENAN_AW_TP000308,23,24,29/10/2024,4.333816602,4.574597924,4.241659549,4.919705035,BRMS
UKENAN_AW_TP000308,23,25,05/11/2024,5.00593502,4.586988523,4.25731377,4.933410842,BRMS
UKENAN_AW_TP000308,23,26,12/11/2024,5.017699398,4.579899225,4.247171974,4.935841894,BRMS
UKENAN_AW_TP000308,23,27,19/11/2024,5.029463776,4.578935132,4.224281119,4.949788614,BRMS
UKENAN_AW_TP000308,23,28,26/11/2024,5.00182885,4.581428479,4.21929993,4.963863478,BRMS
UKENAN_AW_TP000308,23,29,03/12/2024,4.974193923,4.604777415,4.27127684,4.984304485,BRMS
UKENAN_AW_TP000308,23,30,10/12/2024,4.608619347,4.580746174,4.203212905,4.961623385,BRMS
UKENAN_AW_TP000308,23,31,17/12/2024,4.243044771,4.558977658,4.232244491,4.945639852,BRMS
UKENAN_AW_TP000308,23,32,24/12/2024,4.007795955,4.559073203,4.23631469,4.960330425,BRMS
UKENAN_AW_TP000308,23,33,31/12/2024,3.772547139,4.457823133,4.138472244,4.817068474,BRMS
UKENAN_AW_TP000308,23,34,07/01/2025,4.179293584,4.352421713,4.023154635,4.697997123,BRMS
UKENAN_AW_TP000308,23,35,14/01/2025,4.586040029,4.29635162,3.961648712,4.663166101,BRMS
UKENAN_AW_TP000308,23,36,21/01/2025,4.568150036,4.291141069,3.964943067,4.680280958,BRMS
UKENAN_AW_TP000308,23,37,28/01/2025,4.550260043,4.385113857,4.040790171,4.737897702,BRMS
UKENAN_AW_TP000308,23,38,04/02/2025,5.241415227,4.514749837,4.186647001,4.86857721,BRMS
UKENAN_AW_TP000308,23,39,11/02/2025,5.932570411,4.691122007,4.365267355,5.038899443,BRMS
UKENAN_AW_TP000308,23,40,18/02/2025,5.846240322,4.830299137,4.505007745,5.183726542,BRMS
UKENAN_AW_TP000308,23,41,25/02/2025,5.759910233,4.936548356,4.616971175,5.286476611,BRMS
UKENAN_AW_TP000308,23,42,04/03/2025,5.433521778,4.984755836,4.666700008,5.330233745,BRMS
UKENAN_AW_TP000308,23,43,11/03/2025,5.107133323,4.965821323,4.626786766,5.320121446,BRMS
UKENAN_AW_TP000308,23,44,18/03/2025,5.100180949,4.929907506,4.569452852,5.302937582,BRMS
UKENAN_AW_TP000308,23,45,25/03/2025,5.093228574,4.876077934,4.504069856,5.282359847,BRMS
UKENMI_ST_TP000018,24,1,21/05/2024,NA,3.579822987,3.259259043,3.865721405,BRMS
UKENMI_ST_TP000018,24,2,28/05/2024,NA,3.664051173,3.432790318,3.910064417,BRMS
UKENMI_ST_TP000018,24,3,04/06/2024,NA,3.752858479,3.530829425,3.991573393,BRMS
UKENMI_ST_TP000018,24,4,11/06/2024,4.57832679,3.904590782,3.690041297,4.138568986,BRMS
UKENMI_ST_TP000018,24,5,18/06/2024,4.57832679,4.066674211,3.854024944,4.312800113,BRMS
UKENMI_ST_TP000018,24,6,25/06/2024,4.743308817,4.19828565,3.983624966,4.448132863,BRMS
UKENMI_ST_TP000018,24,7,02/07/2024,4.908290844,4.288858837,4.08035152,4.538617193,BRMS
UKENMI_ST_TP000018,24,8,09/07/2024,5.061778819,4.376803779,4.159604159,4.636741252,BRMS
UKENMI_ST_TP000018,24,9,16/07/2024,5.215266794,4.322855313,4.097025677,4.601492254,BRMS
UKENMI_ST_TP000018,24,10,23/07/2024,5.119210141,4.459652484,4.244374582,4.735089266,BRMS
UKENMI_ST_TP000018,24,11,30/07/2024,5.023153487,4.566819694,4.349915378,4.848614936,BRMS
UKENMI_ST_TP000018,24,12,06/08/2024,5.242229683,4.624436217,4.41178139,4.901775413,BRMS
UKENMI_ST_TP000018,24,13,13/08/2024,5.461305879,4.650004848,4.440071515,4.929480307,BRMS
UKENMI_ST_TP000018,24,14,20/08/2024,5.321813707,4.655861389,4.439928239,4.936221289,BRMS
UKENMI_ST_TP000018,24,15,27/08/2024,5.182321535,4.676128143,4.456150222,4.954905336,BRMS
UKENMI_ST_TP000018,24,16,03/09/2024,5.466776784,4.651900409,4.425716796,4.931084216,BRMS
UKENMI_ST_TP000018,24,17,10/09/2024,5.751232033,4.622709301,4.391195685,4.90177247,BRMS
UKENMI_ST_TP000018,24,18,17/09/2024,5.697240148,4.544102516,4.309258694,4.817105684,BRMS
UKENMI_ST_TP000018,24,19,24/09/2024,5.643248262,4.426987979,4.197094682,4.703415278,BRMS
UKENMI_ST_TP000018,24,20,01/10/2024,5.778084057,4.335722287,4.094565811,4.602921963,BRMS
UKENMI_ST_TP000018,24,21,08/10/2024,5.912919851,4.282685472,4.042555027,4.557958489,BRMS
UKENMI_ST_TP000018,24,22,15/10/2024,5.672809992,4.294323026,4.059227248,4.571950935,BRMS
UKENMI_ST_TP000018,24,23,22/10/2024,5.432700132,4.350767558,4.110969241,4.620727866,BRMS
UKENMI_ST_TP000018,24,24,29/10/2024,5.593133504,4.395160975,4.168306356,4.664347477,BRMS
UKENMI_ST_TP000018,24,25,05/11/2024,5.753566875,4.416310049,4.198386213,4.677239328,BRMS
UKENMI_ST_TP000018,24,26,12/11/2024,5.72498767,4.439358292,4.206619655,4.694596282,BRMS
UKENMI_ST_TP000018,24,27,19/11/2024,5.696408465,4.457156405,4.231035536,4.699276973,BRMS
UKENMI_ST_TP000018,24,28,26/11/2024,5.708836638,4.480571863,4.25567012,4.722313354,BRMS
UKENMI_ST_TP000018,24,29,03/12/2024,5.721264811,4.530117384,4.30262917,4.786717312,BRMS
UKENMI_ST_TP000018,24,30,10/12/2024,5.670866874,4.521775466,4.285516362,4.765330499,BRMS
UKENMI_ST_TP000018,24,31,17/12/2024,5.620468937,4.530859136,4.314380055,4.776047746,BRMS
UKENMI_ST_TP000018,24,32,24/12/2024,5.793758101,4.542229714,4.336836046,4.779417805,BRMS
UKENMI_ST_TP000018,24,33,31/12/2024,5.967047265,4.4469969,4.241222665,4.691529054,BRMS
UKENMI_ST_TP000018,24,34,07/01/2025,5.239772615,4.335974957,4.113049254,4.591446842,BRMS
UKENMI_ST_TP000018,24,35,14/01/2025,4.512497964,4.263654025,4.04357048,4.517972832,BRMS
UKENMI_ST_TP000018,24,36,21/01/2025,4.844393875,4.235037543,4.01474159,4.507554692,BRMS
UKENMI_ST_TP000018,24,37,28/01/2025,5.176289786,4.303643984,4.076757957,4.586446136,BRMS
UKENMI_ST_TP000018,24,38,04/02/2025,5.139143598,4.417577709,4.217189786,4.687915207,BRMS
UKENMI_ST_TP000018,24,39,11/02/2025,5.10199741,4.563110605,4.366786758,4.839834459,BRMS
UKENMI_ST_TP000018,24,40,18/02/2025,5.827235805,4.710931847,4.508742319,4.98435038,BRMS
UKENMI_ST_TP000018,24,41,25/02/2025,6.552474199,4.796749522,4.581493738,5.074283955,BRMS
UKENMI_ST_TP000018,24,42,04/03/2025,6.183721788,4.836086101,4.616581115,5.106177097,BRMS
UKENMI_ST_TP000018,24,43,11/03/2025,5.814969377,4.807411684,4.587021259,5.076401671,BRMS
UKENMI_ST_TP000018,24,44,18/03/2025,5.868645132,4.758272154,4.5296457,5.024383142,BRMS
UKENMI_ST_TP000018,24,45,25/03/2025,5.922320887,4.68712372,4.440760474,4.953989526,BRMS
UKENMI_ST_TP000036,25,1,21/05/2024,NA,4.208627323,3.9781002,4.44694447,BRMS
UKENMI_ST_TP000036,25,2,28/05/2024,5.60796606,4.284913308,4.064812436,4.495149355,BRMS
UKENMI_ST_TP000036,25,3,04/06/2024,5.60796606,4.37444309,4.163181751,4.572106719,BRMS
UKENMI_ST_TP000036,25,4,11/06/2024,5.808605909,4.503943088,4.293321371,4.69522892,BRMS
UKENMI_ST_TP000036,25,5,18/06/2024,5.635169202,4.633424167,4.414514902,4.820733836,BRMS
UKENMI_ST_TP000036,25,6,25/06/2024,5.635169202,4.746996932,4.529521853,4.93684071,BRMS
UKENMI_ST_TP000036,25,7,02/07/2024,5.261092646,4.848175342,4.636068111,5.033592625,BRMS
UKENMI_ST_TP000036,25,8,09/07/2024,5.603922486,4.929671546,4.728597008,5.123639634,BRMS
UKENMI_ST_TP000036,25,9,16/07/2024,5.603922486,4.859800642,4.656972899,5.044747373,BRMS
UKENMI_ST_TP000036,25,10,23/07/2024,5.789735633,4.998935854,4.802785383,5.171186489,BRMS
UKENMI_ST_TP000036,25,11,30/07/2024,5.97554878,5.105892543,4.903003034,5.284134443,BRMS
UKENMI_ST_TP000036,25,12,06/08/2024,5.336362367,5.170747966,4.956805519,5.350005425,BRMS
UKENMI_ST_TP000036,25,13,13/08/2024,4.697175954,5.199236402,5.00152797,5.381819398,BRMS
UKENMI_ST_TP000036,25,14,20/08/2024,5.218231705,5.175922812,4.981552899,5.358971526,BRMS
UKENMI_ST_TP000036,25,15,27/08/2024,5.739287456,5.171021921,4.963869567,5.349795569,BRMS
UKENMI_ST_TP000036,25,16,03/09/2024,5.781403551,5.115651789,4.919110125,5.296577232,BRMS
UKENMI_ST_TP000036,25,17,10/09/2024,5.823519646,5.088276517,4.880945262,5.271596723,BRMS
UKENMI_ST_TP000036,25,18,17/09/2024,5.823519646,4.993920366,4.789744054,5.189322775,BRMS
UKENMI_ST_TP000036,25,19,24/09/2024,5.336030717,4.874617609,4.668424932,5.067134914,BRMS
UKENMI_ST_TP000036,25,20,01/10/2024,5.15233162,4.781315339,4.589110586,4.977734756,BRMS
UKENMI_ST_TP000036,25,21,08/10/2024,5.15233162,4.718923349,4.522802356,4.904403708,BRMS
UKENMI_ST_TP000036,25,22,15/10/2024,4.987077663,4.724492065,4.513800089,4.90460903,BRMS
UKENMI_ST_TP000036,25,23,22/10/2024,5.005522804,4.740825411,4.524740635,4.933786118,BRMS
UKENMI_ST_TP000036,25,24,29/10/2024,5.367314042,4.774274229,4.555039574,4.970428885,BRMS
UKENMI_ST_TP000036,25,25,05/11/2024,5.72910528,4.792487188,4.562798933,4.992426137,BRMS
UKENMI_ST_TP000036,25,26,12/11/2024,5.84836826,4.811753068,4.589659193,5.008515236,BRMS
UKENMI_ST_TP000036,25,27,19/11/2024,5.967631239,4.822384967,4.606580734,5.014808854,BRMS
UKENMI_ST_TP000036,25,28,26/11/2024,5.619882699,4.807242103,4.604897297,5.004861865,BRMS
UKENMI_ST_TP000036,25,29,03/12/2024,5.272134159,4.859452357,4.651690529,5.072220219,BRMS
UKENMI_ST_TP000036,25,30,10/12/2024,5.69158467,4.855780442,4.65926957,5.055623828,BRMS
UKENMI_ST_TP000036,25,31,17/12/2024,6.11103518,4.895887442,4.694045269,5.093554458,BRMS
UKENMI_ST_TP000036,25,32,24/12/2024,6.11103518,4.900312665,4.663895119,5.107089615,BRMS
UKENMI_ST_TP000036,25,33,31/12/2024,5.858323354,4.826144378,4.6352861,5.009107715,BRMS
UKENMI_ST_TP000036,25,34,07/01/2025,5.793267608,4.732322912,4.542157675,4.918431252,BRMS
UKENMI_ST_TP000036,25,35,14/01/2025,5.793267608,4.65124509,4.441313734,4.836732877,BRMS
UKENMI_ST_TP000036,25,36,21/01/2025,5.786522267,4.626992728,4.405690363,4.819814508,BRMS
UKENMI_ST_TP000036,25,37,28/01/2025,5.844832673,4.710072135,4.500234785,4.901696861,BRMS
UKENMI_ST_TP000036,25,38,04/02/2025,5.643069499,4.886462331,4.67498945,5.070466793,BRMS
UKENMI_ST_TP000036,25,39,11/02/2025,5.441306324,5.056874487,4.865161621,5.25192955,BRMS
UKENMI_ST_TP000036,25,40,18/02/2025,6.164464417,5.197250852,5.000867117,5.384692092,BRMS
UKENMI_ST_TP000036,25,41,25/02/2025,6.88762251,5.275138728,5.088803479,5.459662775,BRMS
UKENMI_ST_TP000036,25,42,04/03/2025,6.55578467,5.324491514,5.135911034,5.519336532,BRMS
UKENMI_ST_TP000036,25,43,11/03/2025,6.22394683,5.291921564,5.099525024,5.488979948,BRMS
UKENMI_ST_TP000036,25,44,18/03/2025,5.980681208,5.258743324,5.071531907,5.459789459,BRMS
UKENMI_ST_TP000036,25,45,25/03/2025,5.737415585,5.212336727,5.004902129,5.423387516,BRMS
UKENMI_ST_TP000056,26,1,21/05/2024,NA,4.43680687,4.177433559,4.665014078,BRMS
UKENMI_ST_TP000056,26,2,28/05/2024,3.446080523,4.569270432,4.34995167,4.771653196,BRMS
UKENMI_ST_TP000056,26,3,04/06/2024,3.446080523,4.703566094,4.501097015,4.89396168,BRMS
UKENMI_ST_TP000056,26,4,11/06/2024,4.035062724,4.864949368,4.672416838,5.049943377,BRMS
UKENMI_ST_TP000056,26,5,18/06/2024,4.624044924,5.013810535,4.82006196,5.189118096,BRMS
UKENMI_ST_TP000056,26,6,25/06/2024,4.064524207,5.13307373,4.950431836,5.302366106,BRMS
UKENMI_ST_TP000056,26,7,02/07/2024,3.505003489,5.217785136,5.043286235,5.388593563,BRMS
UKENMI_ST_TP000056,26,8,09/07/2024,4.098994745,5.317847458,5.135318559,5.485441166,BRMS
UKENMI_ST_TP000056,26,9,16/07/2024,4.692986,5.261795202,5.077485673,5.434195653,BRMS
UKENMI_ST_TP000056,26,10,23/07/2024,4.057674929,5.423624696,5.251729374,5.576350377,BRMS
UKENMI_ST_TP000056,26,11,30/07/2024,3.422363857,5.558137073,5.391591838,5.708605911,BRMS
UKENMI_ST_TP000056,26,12,06/08/2024,3.825870879,5.631337174,5.468190667,5.777382686,BRMS
UKENMI_ST_TP000056,26,13,13/08/2024,4.2293779,5.671840937,5.508300669,5.807338236,BRMS
UKENMI_ST_TP000056,26,14,20/08/2024,4.618898211,5.663936992,5.490359591,5.806748911,BRMS
UKENMI_ST_TP000056,26,15,27/08/2024,5.008418521,5.680424385,5.501104392,5.8262639,BRMS
UKENMI_ST_TP000056,26,16,03/09/2024,4.190270026,5.659281896,5.486643831,5.806806708,BRMS
UKENMI_ST_TP000056,26,17,10/09/2024,3.372121531,5.641030798,5.459277473,5.793374051,BRMS
UKENMI_ST_TP000056,26,18,17/09/2024,3.72607703,5.56478668,5.384615771,5.710702379,BRMS
UKENMI_ST_TP000056,26,19,24/09/2024,4.080032529,5.42621222,5.244612559,5.581379956,BRMS
UKENMI_ST_TP000056,26,20,01/10/2024,3.814864315,5.317718295,5.136303439,5.479293888,BRMS
UKENMI_ST_TP000056,26,21,08/10/2024,3.549696101,5.236624155,5.058539819,5.392698525,BRMS
UKENMI_ST_TP000056,26,22,15/10/2024,3.523731853,5.218000811,5.037519032,5.373540795,BRMS
UKENMI_ST_TP000056,26,23,22/10/2024,3.497767605,5.243146771,5.069072642,5.395738639,BRMS
UKENMI_ST_TP000056,26,24,29/10/2024,3.803377688,5.280377393,5.121338991,5.431226778,BRMS
UKENMI_ST_TP000056,26,25,05/11/2024,4.108987771,5.299377909,5.14706355,5.455503652,BRMS
UKENMI_ST_TP000056,26,26,12/11/2024,4.054597006,5.341511379,5.201033623,5.484979595,BRMS
UKENMI_ST_TP000056,26,27,19/11/2024,4.000206241,5.35502131,5.212089031,5.503443347,BRMS
UKENMI_ST_TP000056,26,28,26/11/2024,4.329506483,5.338705087,5.191259644,5.493141482,BRMS
UKENMI_ST_TP000056,26,29,03/12/2024,4.658806725,5.384773265,5.232890299,5.547329992,BRMS
UKENMI_ST_TP000056,26,30,10/12/2024,4.469157952,5.40844001,5.255591878,5.559712125,BRMS
UKENMI_ST_TP000056,26,31,17/12/2024,4.279509179,5.418851325,5.27047047,5.557585567,BRMS
UKENMI_ST_TP000056,26,32,24/12/2024,4.279509179,5.429654774,5.277456654,5.582029887,BRMS
UKENMI_ST_TP000056,26,33,31/12/2024,4.484145433,5.362351033,5.206845289,5.502340112,BRMS
UKENMI_ST_TP000056,26,34,07/01/2025,4.374283922,5.262232653,5.108231157,5.406686149,BRMS
UKENMI_ST_TP000056,26,35,14/01/2025,4.374283922,5.176691274,5.023559299,5.31494149,BRMS
UKENMI_ST_TP000056,26,36,21/01/2025,3.882343212,5.127844622,4.957777078,5.269871338,BRMS
UKENMI_ST_TP000056,26,37,28/01/2025,3.500264013,5.160970571,4.985372859,5.31377357,BRMS
UKENMI_ST_TP000056,26,38,04/02/2025,4.189598597,5.275648602,5.109560213,5.42617764,BRMS
UKENMI_ST_TP000056,26,39,11/02/2025,4.878933181,5.442905805,5.284451469,5.586419048,BRMS
UKENMI_ST_TP000056,26,40,18/02/2025,4.530079514,5.614023265,5.455039121,5.758207204,BRMS
UKENMI_ST_TP000056,26,41,25/02/2025,4.181225846,5.724057312,5.555901731,5.869910866,BRMS
UKENMI_ST_TP000056,26,42,04/03/2025,4.367264589,5.784771632,5.608045909,5.939306081,BRMS
UKENMI_ST_TP000056,26,43,11/03/2025,4.553303331,5.735833956,5.539797334,5.911989295,BRMS
UKENMI_ST_TP000056,26,44,18/03/2025,4.225970485,5.692284559,5.502534362,5.864757762,BRMS
UKENMI_ST_TP000056,26,45,25/03/2025,3.898637639,5.608228592,5.414441184,5.802711779,BRMS
UKENMI_ST_TP000060,27,1,21/05/2024,NA,4.973584028,4.623865075,5.299094037,BRMS
UKENMI_ST_TP000060,27,2,28/05/2024,3.669353962,5.062060895,4.755433723,5.361927693,BRMS
UKENMI_ST_TP000060,27,3,04/06/2024,3.669353962,5.145910747,4.852564042,5.436789205,BRMS
UKENMI_ST_TP000060,27,4,11/06/2024,4.17628266,5.293730658,4.996278314,5.587139289,BRMS
UKENMI_ST_TP000060,27,5,18/06/2024,4.683211358,5.452457591,5.147334736,5.747770731,BRMS
UKENMI_ST_TP000060,27,6,25/06/2024,5.192842343,5.582320068,5.270322316,5.886603394,BRMS
UKENMI_ST_TP000060,27,7,02/07/2024,5.702473328,5.671820437,5.339015405,5.966600879,BRMS
UKENMI_ST_TP000060,27,8,09/07/2024,5.691513923,5.759053503,5.421928855,6.066025571,BRMS
UKENMI_ST_TP000060,27,9,16/07/2024,5.680554518,5.708055599,5.36706685,6.014478936,BRMS
UKENMI_ST_TP000060,27,10,23/07/2024,5.998825483,5.849561519,5.504154575,6.13901917,BRMS
UKENMI_ST_TP000060,27,11,30/07/2024,6.317096447,5.959603308,5.61653401,6.248836622,BRMS
UKENMI_ST_TP000060,27,12,06/08/2024,6.317096447,6.018036923,5.671309479,6.313206076,BRMS
UKENMI_ST_TP000060,27,13,13/08/2024,5.839366627,6.042799192,5.696649719,6.341741294,BRMS
UKENMI_ST_TP000060,27,14,20/08/2024,5.839366627,6.05069448,5.699767978,6.346040818,BRMS
UKENMI_ST_TP000060,27,15,27/08/2024,5.839366627,6.074244693,5.696379997,6.354634005,BRMS
UKENMI_ST_TP000060,27,16,03/09/2024,5.983471424,6.04994496,5.672493358,6.338242006,BRMS
UKENMI_ST_TP000060,27,17,10/09/2024,5.983471424,6.022220328,5.636955192,6.309995126,BRMS
UKENMI_ST_TP000060,27,18,17/09/2024,6.011235222,5.949729899,5.575703507,6.253661657,BRMS
UKENMI_ST_TP000060,27,19,24/09/2024,6.038999019,5.836377343,5.479177098,6.141237057,BRMS
UKENMI_ST_TP000060,27,20,01/10/2024,5.785871404,5.75061597,5.393781461,6.060491609,BRMS
UKENMI_ST_TP000060,27,21,08/10/2024,5.532743789,5.700777771,5.337259562,6.005021098,BRMS
UKENMI_ST_TP000060,27,22,15/10/2024,5.532743789,5.716197372,5.337435078,6.00888096,BRMS
UKENMI_ST_TP000060,27,23,22/10/2024,4.562158718,5.77333145,5.392375306,6.073638382,BRMS
UKENMI_ST_TP000060,27,24,29/10/2024,5.001891549,5.817205649,5.464660195,6.115447263,BRMS
UKENMI_ST_TP000060,27,25,05/11/2024,5.001891549,5.841155302,5.508350122,6.137424083,BRMS
UKENMI_ST_TP000060,27,26,12/11/2024,5.440533783,5.862445724,5.529561201,6.16603746,BRMS
UKENMI_ST_TP000060,27,27,19/11/2024,5.439443186,5.882139099,5.508208751,6.182377866,BRMS
UKENMI_ST_TP000060,27,28,26/11/2024,5.337925749,5.906245552,5.533925172,6.215109872,BRMS
UKENMI_ST_TP000060,27,29,03/12/2024,5.236408312,5.956008019,5.610675701,6.268631518,BRMS
UKENMI_ST_TP000060,27,30,10/12/2024,4.724335628,5.94954398,5.569712431,6.263806394,BRMS
UKENMI_ST_TP000060,27,31,17/12/2024,4.212262944,5.963532863,5.637409369,6.266583091,BRMS
UKENMI_ST_TP000060,27,32,24/12/2024,4.212262944,5.990670989,5.636497203,6.292095274,BRMS
UKENMI_ST_TP000060,27,33,31/12/2024,5.211291922,5.885473646,5.535995203,6.194019034,BRMS
UKENMI_ST_TP000060,27,34,07/01/2025,5.134455934,5.770046356,5.405887442,6.08979949,BRMS
UKENMI_ST_TP000060,27,35,14/01/2025,5.134455934,5.700933391,5.341470265,6.011165645,BRMS
UKENMI_ST_TP000060,27,36,21/01/2025,4.630076315,5.67325324,5.33032329,5.991288805,BRMS
UKENMI_ST_TP000060,27,37,28/01/2025,4.202532683,5.740854376,5.40569387,6.076610079,BRMS
UKENMI_ST_TP000060,27,38,04/02/2025,4.804354108,5.856778117,5.525522039,6.174851828,BRMS
UKENMI_ST_TP000060,27,39,11/02/2025,5.406175532,6.005203759,5.68003753,6.329026546,BRMS
UKENMI_ST_TP000060,27,40,18/02/2025,5.738430468,6.156015286,5.825331009,6.476856983,BRMS
UKENMI_ST_TP000060,27,41,25/02/2025,6.070685403,6.237418147,5.901575969,6.555569089,BRMS
UKENMI_ST_TP000060,27,42,04/03/2025,6.060224355,6.279111478,5.935469945,6.5915929,BRMS
UKENMI_ST_TP000060,27,43,11/03/2025,6.049763307,6.251272257,5.909397372,6.570720661,BRMS
UKENMI_ST_TP000060,27,44,18/03/2025,5.874783584,6.202001876,5.85678125,6.526299255,BRMS
UKENMI_ST_TP000060,27,45,25/03/2025,5.699803861,6.130588971,5.779006717,6.441516047,BRMS
UKENMI_ST_TP000062,28,1,21/05/2024,NA,4.34320519,4.065592001,4.569547091,BRMS
UKENMI_ST_TP000062,28,2,28/05/2024,4.856139441,4.461637936,4.249920636,4.645995628,BRMS
UKENMI_ST_TP000062,28,3,04/06/2024,4.856139441,4.585594198,4.383657754,4.786204297,BRMS
UKENMI_ST_TP000062,28,4,11/06/2024,4.802784208,4.73546958,4.539422138,4.921666689,BRMS
UKENMI_ST_TP000062,28,5,18/06/2024,4.749428974,4.880829154,4.685216269,5.060063754,BRMS
UKENMI_ST_TP000062,28,6,25/06/2024,5.094535358,5.002197014,4.802504282,5.181907636,BRMS
UKENMI_ST_TP000062,28,7,02/07/2024,5.439641741,5.093267984,4.899043936,5.286123564,BRMS
UKENMI_ST_TP000062,28,8,09/07/2024,5.219485428,5.198198212,4.993277735,5.400804082,BRMS
UKENMI_ST_TP000062,28,9,16/07/2024,4.999329115,5.151176194,4.958689102,5.35555072,BRMS
UKENMI_ST_TP000062,28,10,23/07/2024,5.573408805,5.318259808,5.126138809,5.505552706,BRMS
UKENMI_ST_TP000062,28,11,30/07/2024,6.147488494,5.453989759,5.250136789,5.641402327,BRMS
UKENMI_ST_TP000062,28,12,06/08/2024,5.338806447,5.518157762,5.323393063,5.711047932,BRMS
UKENMI_ST_TP000062,28,13,13/08/2024,4.530124399,5.540686356,5.345077983,5.736773497,BRMS
UKENMI_ST_TP000062,28,14,20/08/2024,4.915154349,5.521197742,5.328430637,5.719044609,BRMS
UKENMI_ST_TP000062,28,15,27/08/2024,5.300184298,5.525500025,5.324126978,5.715353837,BRMS
UKENMI_ST_TP000062,28,16,03/09/2024,5.30262504,5.497222554,5.294155399,5.69852307,BRMS
UKENMI_ST_TP000062,28,17,10/09/2024,5.305065781,5.478175634,5.281386231,5.67903834,BRMS
UKENMI_ST_TP000062,28,18,17/09/2024,5.2890899,5.40031264,5.201156789,5.603020385,BRMS
UKENMI_ST_TP000062,28,19,24/09/2024,5.273114019,5.258678837,5.052418979,5.464443453,BRMS
UKENMI_ST_TP000062,28,20,01/10/2024,5.134501029,5.156720983,4.94842846,5.357869698,BRMS
UKENMI_ST_TP000062,28,21,08/10/2024,4.995888038,5.075449745,4.862014358,5.291071988,BRMS
UKENMI_ST_TP000062,28,22,15/10/2024,5.03603121,5.055620942,4.855449609,5.276699816,BRMS
UKENMI_ST_TP000062,28,23,22/10/2024,5.076174381,5.076377702,4.880322127,5.269107462,BRMS
UKENMI_ST_TP000062,28,24,29/10/2024,5.189170555,5.108442216,4.920045441,5.295362955,BRMS
UKENMI_ST_TP000062,28,25,05/11/2024,5.302166729,5.123231272,4.938630875,5.30613252,BRMS
UKENMI_ST_TP000062,28,26,12/11/2024,5.29787501,5.15123902,4.96292817,5.329617075,BRMS
UKENMI_ST_TP000062,28,27,19/11/2024,5.293583291,5.154398158,4.96636292,5.333405478,BRMS
UKENMI_ST_TP000062,28,28,26/11/2024,5.552744826,5.127828279,4.940199955,5.309257649,BRMS
UKENMI_ST_TP000062,28,29,03/12/2024,5.811906361,5.165447094,4.967721377,5.361300898,BRMS
UKENMI_ST_TP000062,28,30,10/12/2024,5.908825627,5.179813839,4.972044222,5.356627906,BRMS
UKENMI_ST_TP000062,28,31,17/12/2024,6.005744893,5.181473388,4.983798671,5.34821747,BRMS
UKENMI_ST_TP000062,28,32,24/12/2024,5.524859622,5.185626872,5.008224443,5.343006876,BRMS
UKENMI_ST_TP000062,28,33,31/12/2024,5.043974351,5.111629843,4.911008623,5.282293285,BRMS
UKENMI_ST_TP000062,28,34,07/01/2025,4.654430258,5.010043807,4.796795418,5.185340753,BRMS
UKENMI_ST_TP000062,28,35,14/01/2025,4.264886164,4.923518486,4.726372629,5.089565563,BRMS
UKENMI_ST_TP000062,28,36,21/01/2025,4.654270163,4.879832387,4.679051153,5.052460677,BRMS
UKENMI_ST_TP000062,28,37,28/01/2025,5.043654161,4.920750346,4.706494302,5.109066245,BRMS
UKENMI_ST_TP000062,28,38,04/02/2025,5.215174803,5.043213687,4.832848691,5.223049999,BRMS
UKENMI_ST_TP000062,28,39,11/02/2025,5.386695444,5.205681039,4.99606962,5.391083127,BRMS
UKENMI_ST_TP000062,28,40,18/02/2025,5.03438888,5.372391759,5.173083929,5.549581966,BRMS
UKENMI_ST_TP000062,28,41,25/02/2025,4.682082315,5.474626895,5.265945553,5.670971075,BRMS
UKENMI_ST_TP000062,28,42,04/03/2025,5.192862295,5.528519103,5.313089265,5.728631897,BRMS
UKENMI_ST_TP000062,28,43,11/03/2025,5.703642275,5.486495349,5.272141699,5.692098711,BRMS
UKENMI_ST_TP000062,28,44,18/03/2025,5.50456835,5.439986401,5.235877374,5.635089334,BRMS
UKENMI_ST_TP000062,28,45,25/03/2025,5.305494424,5.367401183,5.157896699,5.575418714,BRMS
UKENMI_ST_TP000068,29,1,21/05/2024,NA,4.426260386,4.191038308,4.648781918,BRMS
UKENMI_ST_TP000068,29,2,28/05/2024,3.331671957,4.465804114,4.281191636,4.651561376,BRMS
UKENMI_ST_TP000068,29,3,04/06/2024,3.331671957,4.546310582,4.371497601,4.726846132,BRMS
UKENMI_ST_TP000068,29,4,11/06/2024,3.956214646,4.679972233,4.517259213,4.849707504,BRMS
UKENMI_ST_TP000068,29,5,18/06/2024,4.580757335,4.833403961,4.673221853,5.000091201,BRMS
UKENMI_ST_TP000068,29,6,25/06/2024,4.729166306,4.968726816,4.816600569,5.132098228,BRMS
UKENMI_ST_TP000068,29,7,02/07/2024,4.877575276,5.067494015,4.909825167,5.230603482,BRMS
UKENMI_ST_TP000068,29,8,09/07/2024,4.939639588,5.161795686,4.984611317,5.330961351,BRMS
UKENMI_ST_TP000068,29,9,16/07/2024,5.0017039,5.09356357,4.940764031,5.260540391,BRMS
UKENMI_ST_TP000068,29,10,23/07/2024,5.169349261,5.214694753,5.06497931,5.374042537,BRMS
UKENMI_ST_TP000068,29,11,30/07/2024,5.336994622,5.321352361,5.169769155,5.486033331,BRMS
UKENMI_ST_TP000068,29,12,06/08/2024,5.591519623,5.388473732,5.233762544,5.546120717,BRMS
UKENMI_ST_TP000068,29,13,13/08/2024,5.846044623,5.43361368,5.28679499,5.58896899,BRMS
UKENMI_ST_TP000068,29,14,20/08/2024,5.316144625,5.445940481,5.301398767,5.6013675,BRMS
UKENMI_ST_TP000068,29,15,27/08/2024,4.786244627,5.450588306,5.305528448,5.609015583,BRMS
UKENMI_ST_TP000068,29,16,03/09/2024,5.161707862,5.416319105,5.267766147,5.582725514,BRMS
UKENMI_ST_TP000068,29,17,10/09/2024,5.537171096,5.371863578,5.229772123,5.52027056,BRMS
UKENMI_ST_TP000068,29,18,17/09/2024,5.372981425,5.296612134,5.151480232,5.453107752,BRMS
UKENMI_ST_TP000068,29,19,24/09/2024,5.208791754,5.184314876,5.023674104,5.333429327,BRMS
UKENMI_ST_TP000068,29,20,01/10/2024,3.978685564,5.104510342,4.949909059,5.262601065,BRMS
UKENMI_ST_TP000068,29,21,08/10/2024,2.748579374,5.044544015,4.889297763,5.204749557,BRMS
UKENMI_ST_TP000068,29,22,15/10/2024,3.737035756,5.030763435,4.872013543,5.187103529,BRMS
UKENMI_ST_TP000068,29,23,22/10/2024,4.725492137,5.048750141,4.872921912,5.204618432,BRMS
UKENMI_ST_TP000068,29,24,29/10/2024,4.896805286,5.072336646,4.903138284,5.229279276,BRMS
UKENMI_ST_TP000068,29,25,05/11/2024,5.068118434,5.071241541,4.910106556,5.236646788,BRMS
UKENMI_ST_TP000068,29,26,12/11/2024,5.014736075,5.072134745,4.927039046,5.232934945,BRMS
UKENMI_ST_TP000068,29,27,19/11/2024,4.961353715,5.069266493,4.929550033,5.223623115,BRMS
UKENMI_ST_TP000068,29,28,26/11/2024,4.367975304,5.072291444,4.906819786,5.226858145,BRMS
UKENMI_ST_TP000068,29,29,03/12/2024,3.774596892,5.1324459,4.968619867,5.288652507,BRMS
UKENMI_ST_TP000068,29,30,10/12/2024,4.445104152,5.091776159,4.920343309,5.243940639,BRMS
UKENMI_ST_TP000068,29,31,17/12/2024,5.115611411,5.091299783,4.929560333,5.231761271,BRMS
UKENMI_ST_TP000068,29,32,24/12/2024,5.093917724,5.073808304,4.917478088,5.217725351,BRMS
UKENMI_ST_TP000068,29,33,31/12/2024,5.072224037,5.002733275,4.846833839,5.15045822,BRMS
UKENMI_ST_TP000068,29,34,07/01/2025,4.744732966,4.905707949,4.750772457,5.048409706,BRMS
UKENMI_ST_TP000068,29,35,14/01/2025,4.417241895,4.821054802,4.662124065,4.967199022,BRMS
UKENMI_ST_TP000068,29,36,21/01/2025,4.453669927,4.781901638,4.616656511,4.941302755,BRMS
UKENMI_ST_TP000068,29,37,28/01/2025,4.490097959,4.881207023,4.7093191,5.053287437,BRMS
UKENMI_ST_TP000068,29,38,04/02/2025,4.393771416,4.997860703,4.835752336,5.15129744,BRMS
UKENMI_ST_TP000068,29,39,11/02/2025,4.297444873,5.154499583,4.998847331,5.303301911,BRMS
UKENMI_ST_TP000068,29,40,18/02/2025,4.926541076,5.306728113,5.152110861,5.456772186,BRMS
UKENMI_ST_TP000068,29,41,25/02/2025,5.555637278,5.409973288,5.254297116,5.55882309,BRMS
UKENMI_ST_TP000068,29,42,04/03/2025,5.458305003,5.460006526,5.303976776,5.606355704,BRMS
UKENMI_ST_TP000068,29,43,11/03/2025,5.360972728,5.428415023,5.253555061,5.590261539,BRMS
UKENMI_ST_TP000068,29,44,18/03/2025,5.382554169,5.385905302,5.215927023,5.555881496,BRMS
UKENMI_ST_TP000068,29,45,25/03/2025,5.404135609,5.315145091,5.144342513,5.496317579,BRMS
UKENMI_ST_TP000074,30,1,21/05/2024,NA,3.151897105,2.89132818,3.409726334,BRMS
UKENMI_ST_TP000074,30,2,28/05/2024,4.511804133,3.221770223,2.978893606,3.458571387,BRMS
UKENMI_ST_TP000074,30,3,04/06/2024,4.511804133,3.306970399,3.076166315,3.533882831,BRMS
UKENMI_ST_TP000074,30,4,11/06/2024,4.438318962,3.45934969,3.233734114,3.683556826,BRMS
UKENMI_ST_TP000074,30,5,18/06/2024,4.364833791,3.622928975,3.40764447,3.845256473,BRMS
UKENMI_ST_TP000074,30,6,25/06/2024,4.533435958,3.757410239,3.548356549,3.97483726,BRMS
UKENMI_ST_TP000074,30,7,02/07/2024,4.702038124,3.852913266,3.64164283,4.072232111,BRMS
UKENMI_ST_TP000074,30,8,09/07/2024,4.585165716,3.929951772,3.71489143,4.154995711,BRMS
UKENMI_ST_TP000074,30,9,16/07/2024,4.468293307,3.850010796,3.649021119,4.072705273,BRMS
UKENMI_ST_TP000074,30,10,23/07/2024,4.773917524,3.991275564,3.78404887,4.2094801,BRMS
UKENMI_ST_TP000074,30,11,30/07/2024,5.07954174,4.117480948,3.92037955,4.331128157,BRMS
UKENMI_ST_TP000074,30,12,06/08/2024,5.211930711,4.205896048,4.010504443,4.411230457,BRMS
UKENMI_ST_TP000074,30,13,13/08/2024,5.344319682,4.257170484,4.057363571,4.452966624,BRMS
UKENMI_ST_TP000074,30,14,20/08/2024,4.86295134,4.261844226,4.06564824,4.463022615,BRMS
UKENMI_ST_TP000074,30,15,27/08/2024,4.381582998,4.270368888,4.070345449,4.476825678,BRMS
UKENMI_ST_TP000074,30,16,03/09/2024,4.683306753,4.227260979,4.034608286,4.455148361,BRMS
UKENMI_ST_TP000074,30,17,10/09/2024,4.985030507,4.199277865,3.995783975,4.419268367,BRMS
UKENMI_ST_TP000074,30,18,17/09/2024,4.891740431,4.119473399,3.9129747,4.340665314,BRMS
UKENMI_ST_TP000074,30,19,24/09/2024,4.798450354,4.007234644,3.799354943,4.217460497,BRMS
UKENMI_ST_TP000074,30,20,01/10/2024,4.939006693,3.904689889,3.701501967,4.104536089,BRMS
UKENMI_ST_TP000074,30,21,08/10/2024,5.079563031,3.827722932,3.623119913,4.021718617,BRMS
UKENMI_ST_TP000074,30,22,15/10/2024,4.902680261,3.815905194,3.610700175,4.018001724,BRMS
UKENMI_ST_TP000074,30,23,22/10/2024,4.909540234,3.841503293,3.63510795,4.042312325,BRMS
UKENMI_ST_TP000074,30,24,29/10/2024,4.909540234,3.882250616,3.675904376,4.084987389,BRMS
UKENMI_ST_TP000074,30,25,05/11/2024,5.093282976,3.915472573,3.71022644,4.117964154,BRMS
UKENMI_ST_TP000074,30,26,12/11/2024,5.230676438,3.950937218,3.737449576,4.154205588,BRMS
UKENMI_ST_TP000074,30,27,19/11/2024,5.230676438,3.973787779,3.757394842,4.180348693,BRMS
UKENMI_ST_TP000074,30,28,26/11/2024,5.257609335,3.976458471,3.763547959,4.189995122,BRMS
UKENMI_ST_TP000074,30,29,03/12/2024,5.284542232,4.010433275,3.79454046,4.221297908,BRMS
UKENMI_ST_TP000074,30,30,10/12/2024,5.294416553,3.993432707,3.764874578,4.204947003,BRMS
UKENMI_ST_TP000074,30,31,17/12/2024,5.304290873,4.008497723,3.796194955,4.222483476,BRMS
UKENMI_ST_TP000074,30,32,24/12/2024,5.351072801,4.032488336,3.821585806,4.245707473,BRMS
UKENMI_ST_TP000074,30,33,31/12/2024,5.397854729,3.950650511,3.727057329,4.177311678,BRMS
UKENMI_ST_TP000074,30,34,07/01/2025,5.383838144,3.831776446,3.605671754,4.051637446,BRMS
UKENMI_ST_TP000074,30,35,14/01/2025,5.369821558,3.732703512,3.511717806,3.944162276,BRMS
UKENMI_ST_TP000074,30,36,21/01/2025,4.710343021,3.688657646,3.467678489,3.911048944,BRMS
UKENMI_ST_TP000074,30,37,28/01/2025,4.050864484,3.811055934,3.593149769,4.031412372,BRMS
UKENMI_ST_TP000074,30,38,04/02/2025,4.592349787,3.967476834,3.738996413,4.19664268,BRMS
UKENMI_ST_TP000074,30,39,11/02/2025,5.133835089,4.141427136,3.919517776,4.368742548,BRMS
UKENMI_ST_TP000074,30,40,18/02/2025,5.020467681,4.29444436,4.083092073,4.513566514,BRMS
UKENMI_ST_TP000074,30,41,25/02/2025,4.907100273,4.375107569,4.165262396,4.593160737,BRMS
UKENMI_ST_TP000074,30,42,04/03/2025,5.038963448,4.411752697,4.190077492,4.635014344,BRMS
UKENMI_ST_TP000074,30,43,11/03/2025,5.170826623,4.378407101,4.151930827,4.631738347,BRMS
UKENMI_ST_TP000074,30,44,18/03/2025,5.191714478,4.332105494,4.10590075,4.578147823,BRMS
UKENMI_ST_TP000074,30,45,25/03/2025,5.212602332,4.262429422,4.033308843,4.502702157,BRMS
UKENMI_ST_TP000099,31,1,21/05/2024,NA,3.772100059,3.433350156,4.121735741,BRMS
UKENMI_ST_TP000099,31,2,28/05/2024,4.720913345,3.862764927,3.571786867,4.175058084,BRMS
UKENMI_ST_TP000099,31,3,04/06/2024,4.720913345,3.965375896,3.686416313,4.262652499,BRMS
UKENMI_ST_TP000099,31,4,11/06/2024,4.948806395,4.134130583,3.864152232,4.428842039,BRMS
UKENMI_ST_TP000099,31,5,18/06/2024,5.176699445,4.319479423,4.05132492,4.623618268,BRMS
UKENMI_ST_TP000099,31,6,25/06/2024,5.065932726,4.477051733,4.205801853,4.797451996,BRMS
UKENMI_ST_TP000099,31,7,02/07/2024,4.955166006,4.59521848,4.32793018,4.92097899,BRMS
UKENMI_ST_TP000099,31,8,09/07/2024,4.443426898,4.707282699,4.444566396,5.023847945,BRMS
UKENMI_ST_TP000099,31,9,16/07/2024,3.931687789,4.68263635,4.413816745,4.994504909,BRMS
UKENMI_ST_TP000099,31,10,23/07/2024,4.669196374,4.841947869,4.58646642,5.162574673,BRMS
UKENMI_ST_TP000099,31,11,30/07/2024,5.406704958,4.969380759,4.718622331,5.291764859,BRMS
UKENMI_ST_TP000099,31,12,06/08/2024,5.471588174,5.04416887,4.788430072,5.356156449,BRMS
UKENMI_ST_TP000099,31,13,13/08/2024,5.536471389,5.076209692,4.820619043,5.367613348,BRMS
UKENMI_ST_TP000099,31,14,20/08/2024,5.173097181,5.096766872,4.837361558,5.371322603,BRMS
UKENMI_ST_TP000099,31,15,27/08/2024,4.809722973,5.127703824,4.858800272,5.421621098,BRMS
UKENMI_ST_TP000099,31,16,03/09/2024,5.276732901,5.118397218,4.846810999,5.398104052,BRMS
UKENMI_ST_TP000099,31,17,10/09/2024,5.743742829,5.105924055,4.826844336,5.419605083,BRMS
UKENMI_ST_TP000099,31,18,17/09/2024,4.301408421,5.044597917,4.77556456,5.337879751,BRMS
UKENMI_ST_TP000099,31,19,24/09/2024,2.859074012,4.943527639,4.665911839,5.217703603,BRMS
UKENMI_ST_TP000099,31,20,01/10/2024,4.089018917,4.863930802,4.589613968,5.12878067,BRMS
UKENMI_ST_TP000099,31,21,08/10/2024,5.318963821,4.820988496,4.546727291,5.082150456,BRMS
UKENMI_ST_TP000099,31,22,15/10/2024,5.008482536,4.841379357,4.562095165,5.123888363,BRMS
UKENMI_ST_TP000099,31,23,22/10/2024,4.698001251,4.9002011,4.62199684,5.184745577,BRMS
UKENMI_ST_TP000099,31,24,29/10/2024,4.78024041,4.943090537,4.671342609,5.232217151,BRMS
UKENMI_ST_TP000099,31,25,05/11/2024,4.862479569,4.958171707,4.680292136,5.23911987,BRMS
UKENMI_ST_TP000099,31,26,12/11/2024,5.14754968,4.964093263,4.705725053,5.270375979,BRMS
UKENMI_ST_TP000099,31,27,19/11/2024,5.432619791,4.960813639,4.710356906,5.283971874,BRMS
UKENMI_ST_TP000099,31,28,26/11/2024,5.331072017,4.954391237,4.710627239,5.235616201,BRMS
UKENMI_ST_TP000099,31,29,03/12/2024,5.229524243,4.9712107,4.723279965,5.293668171,BRMS
UKENMI_ST_TP000099,31,30,10/12/2024,5.123175712,4.9287217,4.694364865,5.22865947,BRMS
UKENMI_ST_TP000099,31,31,17/12/2024,5.016827181,4.900176074,4.657017578,5.19613645,BRMS
UKENMI_ST_TP000099,31,32,24/12/2024,5.241840071,4.874524271,4.615132531,5.179052971,BRMS
UKENMI_ST_TP000099,31,33,31/12/2024,5.46685296,4.757885051,4.520802843,5.035174361,BRMS
UKENMI_ST_TP000099,31,34,07/01/2025,5.095303121,4.632364685,4.396905407,4.909842587,BRMS
UKENMI_ST_TP000099,31,35,14/01/2025,4.723753281,4.549575808,4.309944913,4.830102281,BRMS
UKENMI_ST_TP000099,31,36,21/01/2025,4.891958973,4.511356155,4.268864057,4.782813161,BRMS
UKENMI_ST_TP000099,31,37,28/01/2025,5.060164665,4.568925499,4.324377809,4.843764512,BRMS
UKENMI_ST_TP000099,31,38,04/02/2025,5.217224597,4.670785987,4.429677847,4.952388123,BRMS
UKENMI_ST_TP000099,31,39,11/02/2025,5.374284528,4.804318444,4.561475117,5.080710247,BRMS
UKENMI_ST_TP000099,31,40,18/02/2025,5.400183139,4.941110478,4.674686564,5.212403335,BRMS
UKENMI_ST_TP000099,31,41,25/02/2025,5.426081749,5.014762845,4.731589507,5.298394495,BRMS
UKENMI_ST_TP000099,31,42,04/03/2025,4.884241993,5.049050758,4.743210752,5.361806733,BRMS
UKENMI_ST_TP000099,31,43,11/03/2025,5.124615292,5.010720357,4.69260504,5.29742171,BRMS
UKENMI_ST_TP000099,31,44,18/03/2025,5.124615292,4.944737094,4.624095997,5.23316139,BRMS
UKENMI_ST_TP000099,31,45,25/03/2025,5.906828347,4.856499106,4.514626646,5.153272895,BRMS
UKENMI_ST_TP000100,32,1,21/05/2024,NA,4.865226758,4.54685905,5.122381266,BRMS
UKENMI_ST_TP000100,32,2,28/05/2024,4.992490941,4.984609978,4.729312614,5.220323069,BRMS
UKENMI_ST_TP000100,32,3,04/06/2024,4.992490941,5.106335675,4.856930229,5.353711213,BRMS
UKENMI_ST_TP000100,32,4,11/06/2024,4.60918049,5.254776961,5.020881026,5.495879374,BRMS
UKENMI_ST_TP000100,32,5,18/06/2024,4.225870038,5.394288434,5.168075273,5.631173286,BRMS
UKENMI_ST_TP000100,32,6,25/06/2024,4.502351682,5.50874597,5.281052515,5.752393719,BRMS
UKENMI_ST_TP000100,32,7,02/07/2024,4.778833325,5.59475635,5.360720913,5.846799794,BRMS
UKENMI_ST_TP000100,32,8,09/07/2024,4.679028009,5.700876453,5.462902647,5.957634314,BRMS
UKENMI_ST_TP000100,32,9,16/07/2024,4.579222692,5.654716202,5.422762581,5.90844657,BRMS
UKENMI_ST_TP000100,32,10,23/07/2024,4.963471991,5.830084827,5.608881672,6.054311533,BRMS
UKENMI_ST_TP000100,32,11,30/07/2024,5.347721289,5.969401712,5.751160908,6.198263094,BRMS
UKENMI_ST_TP000100,32,12,06/08/2024,5.194307404,6.035232573,5.82584866,6.280917248,BRMS
UKENMI_ST_TP000100,32,13,13/08/2024,5.040893518,6.059148811,5.855169325,6.305395981,BRMS
UKENMI_ST_TP000100,32,14,20/08/2024,5.333185382,6.034213251,5.825625751,6.273364087,BRMS
UKENMI_ST_TP000100,32,15,27/08/2024,5.625477246,6.037291289,5.83253817,6.261404874,BRMS
UKENMI_ST_TP000100,32,16,03/09/2024,5.403441677,6.010481295,5.795307841,6.261529862,BRMS
UKENMI_ST_TP000100,32,17,10/09/2024,5.181406108,5.99658628,5.773128302,6.250884173,BRMS
UKENMI_ST_TP000100,32,18,17/09/2024,5.324053365,5.923927728,5.687528702,6.173255872,BRMS
UKENMI_ST_TP000100,32,19,24/09/2024,5.466700621,5.785349633,5.542087582,6.031418901,BRMS
UKENMI_ST_TP000100,32,20,01/10/2024,4.338215065,5.680103977,5.430615915,5.913891547,BRMS
UKENMI_ST_TP000100,32,21,08/10/2024,3.209729508,5.595312349,5.346068145,5.841271503,BRMS
UKENMI_ST_TP000100,32,22,15/10/2024,4.044047887,5.5738837,5.330189141,5.827981984,BRMS
UKENMI_ST_TP000100,32,23,22/10/2024,4.878366266,5.598531547,5.36541127,5.842538784,BRMS
UKENMI_ST_TP000100,32,24,29/10/2024,5.167003048,5.63472257,5.406301593,5.874022705,BRMS
UKENMI_ST_TP000100,32,25,05/11/2024,5.45563983,5.652051143,5.430158931,5.891625482,BRMS
UKENMI_ST_TP000100,32,26,12/11/2024,4.566813871,5.686871652,5.464947394,5.911218197,BRMS
UKENMI_ST_TP000100,32,27,19/11/2024,3.677987912,5.693055377,5.459559717,5.914199531,BRMS
UKENMI_ST_TP000100,32,28,26/11/2024,4.667018896,5.670706731,5.4412261,5.89890197,BRMS
UKENMI_ST_TP000100,32,29,03/12/2024,5.656049879,5.712810573,5.472295193,5.972534915,BRMS
UKENMI_ST_TP000100,32,30,10/12/2024,5.560165641,5.738459304,5.499463403,5.973367077,BRMS
UKENMI_ST_TP000100,32,31,17/12/2024,5.464281403,5.75512345,5.516245656,5.994416619,BRMS
UKENMI_ST_TP000100,32,32,24/12/2024,5.893316264,5.768816255,5.552745593,5.983335352,BRMS
UKENMI_ST_TP000100,32,33,31/12/2024,6.322351125,5.698359117,5.454982729,5.932850745,BRMS
UKENMI_ST_TP000100,32,34,07/01/2025,4.872511935,5.596730566,5.328431873,5.842079696,BRMS
UKENMI_ST_TP000100,32,35,14/01/2025,3.422672744,5.506232339,5.246851801,5.74953715,BRMS
UKENMI_ST_TP000100,32,36,21/01/2025,4.396271617,5.455624982,5.201619156,5.696277208,BRMS
UKENMI_ST_TP000100,32,37,28/01/2025,5.36987049,5.49205904,5.23324787,5.746062881,BRMS
UKENMI_ST_TP000100,32,38,04/02/2025,5.540766451,5.615784398,5.366283088,5.862538002,BRMS
UKENMI_ST_TP000100,32,39,11/02/2025,5.711662412,5.784589204,5.548594924,6.033192761,BRMS
UKENMI_ST_TP000100,32,40,18/02/2025,5.866319493,5.957163815,5.736580745,6.217117612,BRMS
UKENMI_ST_TP000100,32,41,25/02/2025,6.020976573,6.06510768,5.840819608,6.342931611,BRMS
UKENMI_ST_TP000100,32,42,04/03/2025,5.717051411,6.122632812,5.900862531,6.395308437,BRMS
UKENMI_ST_TP000100,32,43,11/03/2025,5.413126248,6.077140206,5.839701497,6.34072528,BRMS
UKENMI_ST_TP000100,32,44,18/03/2025,5.234342783,6.033663798,5.805084455,6.287290581,BRMS
UKENMI_ST_TP000100,32,45,25/03/2025,5.055559317,5.959467171,5.718153754,6.224523141,BRMS
UKENMI_ST_TP000120,33,1,21/05/2024,NA,3.652467522,3.371980096,3.976929864,BRMS
UKENMI_ST_TP000120,33,2,28/05/2024,4.727233616,3.731623342,3.47531685,4.02310456,BRMS
UKENMI_ST_TP000120,33,3,04/06/2024,4.727233616,3.827611636,3.580191031,4.118904729,BRMS
UKENMI_ST_TP000120,33,4,11/06/2024,4.302020827,3.962745637,3.727917304,4.261905935,BRMS
UKENMI_ST_TP000120,33,5,18/06/2024,3.876808037,4.097190593,3.874183453,4.393080112,BRMS
UKENMI_ST_TP000120,33,6,25/06/2024,4.741396921,4.204564861,3.990409344,4.495549976,BRMS
UKENMI_ST_TP000120,33,7,02/07/2024,5.605985804,4.27558141,4.055124795,4.565157474,BRMS
UKENMI_ST_TP000120,33,8,09/07/2024,5.827687852,4.36495319,4.140576686,4.664139302,BRMS
UKENMI_ST_TP000120,33,9,16/07/2024,6.049389899,4.323653589,4.092065081,4.617730212,BRMS
UKENMI_ST_TP000120,33,10,23/07/2024,5.882720169,4.456680211,4.24514796,4.750867274,BRMS
UKENMI_ST_TP000120,33,11,30/07/2024,5.716050438,4.562509489,4.3563765,4.859782617,BRMS
UKENMI_ST_TP000120,33,12,06/08/2024,5.900063724,4.617976804,4.407487333,4.907361576,BRMS
UKENMI_ST_TP000120,33,13,13/08/2024,6.084077009,4.645965659,4.427169628,4.933329884,BRMS
UKENMI_ST_TP000120,33,14,20/08/2024,5.297181342,4.65259086,4.433004481,4.938476285,BRMS
UKENMI_ST_TP000120,33,15,27/08/2024,4.510285674,4.658967643,4.431176355,4.9757819,BRMS
UKENMI_ST_TP000120,33,16,03/09/2024,5.360252571,4.624297045,4.414137235,4.912869149,BRMS
UKENMI_ST_TP000120,33,17,10/09/2024,6.210219467,4.579026335,4.347460569,4.869362468,BRMS
UKENMI_ST_TP000120,33,18,17/09/2024,6.21335777,4.498343919,4.274053946,4.780804333,BRMS
UKENMI_ST_TP000120,33,19,24/09/2024,6.216496072,4.373564209,4.139131224,4.651897986,BRMS
UKENMI_ST_TP000120,33,20,01/10/2024,5.707115773,4.28515755,4.055940945,4.56386629,BRMS
UKENMI_ST_TP000120,33,21,08/10/2024,5.197735473,4.218439887,4.005656557,4.499048874,BRMS
UKENMI_ST_TP000120,33,22,15/10/2024,5.526570039,4.203213414,3.990266319,4.48328201,BRMS
UKENMI_ST_TP000120,33,23,22/10/2024,5.855404605,4.231414185,4.017678683,4.500061304,BRMS
UKENMI_ST_TP000120,33,24,29/10/2024,5.842054668,4.26564464,4.052621075,4.535929654,BRMS
UKENMI_ST_TP000120,33,25,05/11/2024,5.82870473,4.278227142,4.070716086,4.541131691,BRMS
UKENMI_ST_TP000120,33,26,12/11/2024,5.865223365,4.299515457,4.098417747,4.570884078,BRMS
UKENMI_ST_TP000120,33,27,19/11/2024,5.901741999,4.295357065,4.098171935,4.574313123,BRMS
UKENMI_ST_TP000120,33,28,26/11/2024,5.946745938,4.287310784,4.083283874,4.552597655,BRMS
UKENMI_ST_TP000120,33,29,03/12/2024,5.991749876,4.319792433,4.104025789,4.586554164,BRMS
UKENMI_ST_TP000120,33,30,10/12/2024,5.541743846,4.313379269,4.107652914,4.602242383,BRMS
UKENMI_ST_TP000120,33,31,17/12/2024,5.091737815,4.333219541,4.121944032,4.616960564,BRMS
UKENMI_ST_TP000120,33,32,24/12/2024,5.513164697,4.349084716,4.141596375,4.640727433,BRMS
UKENMI_ST_TP000120,33,33,31/12/2024,5.934591578,4.291111346,4.083882031,4.577244513,BRMS
UKENMI_ST_TP000120,33,34,07/01/2025,5.500489914,4.196153996,3.987886082,4.473619505,BRMS
UKENMI_ST_TP000120,33,35,14/01/2025,5.066388249,4.112703253,3.904169083,4.39942637,BRMS
UKENMI_ST_TP000120,33,36,21/01/2025,4.917665976,4.07899562,3.864371994,4.377900916,BRMS
UKENMI_ST_TP000120,33,37,28/01/2025,4.768943702,4.155302545,3.945314574,4.435092277,BRMS
UKENMI_ST_TP000120,33,38,04/02/2025,4.78642838,4.289067287,4.076090453,4.572060617,BRMS
UKENMI_ST_TP000120,33,39,11/02/2025,4.803913058,4.45631757,4.238332093,4.729404314,BRMS
UKENMI_ST_TP000120,33,40,18/02/2025,5.476526336,4.609420826,4.398759095,4.874650218,BRMS
UKENMI_ST_TP000120,33,41,25/02/2025,6.149139613,4.694662248,4.483308139,4.967906795,BRMS
UKENMI_ST_TP000120,33,42,04/03/2025,5.957513472,4.743110951,4.520940496,5.028153504,BRMS
UKENMI_ST_TP000120,33,43,11/03/2025,5.765887331,4.72368147,4.500287023,5.03115774,BRMS
UKENMI_ST_TP000120,33,44,18/03/2025,5.396729,4.697089047,4.465043565,5.000647051,BRMS
UKENMI_ST_TP000120,33,45,25/03/2025,5.027570669,4.645368374,4.406168503,4.949888561,BRMS
UKENMI_ST_TP000137,34,1,21/05/2024,NA,3.847297897,3.598429004,4.103490021,BRMS
UKENMI_ST_TP000137,34,2,28/05/2024,5.106031025,3.917669693,3.690546395,4.145758673,BRMS
UKENMI_ST_TP000137,34,3,04/06/2024,5.106031025,4.006191896,3.7966593,4.226957526,BRMS
UKENMI_ST_TP000137,34,4,11/06/2024,4.727429374,4.163411454,3.960438166,4.378600122,BRMS
UKENMI_ST_TP000137,34,5,18/06/2024,4.348827722,4.332892502,4.133122859,4.530808661,BRMS
UKENMI_ST_TP000137,34,6,25/06/2024,5.407167089,4.473722859,4.272281406,4.67787953,BRMS
UKENMI_ST_TP000137,34,7,02/07/2024,6.465506456,4.575849766,4.372209022,4.777135979,BRMS
UKENMI_ST_TP000137,34,8,09/07/2024,6.220356977,4.66435596,4.472031704,4.864771754,BRMS
UKENMI_ST_TP000137,34,9,16/07/2024,5.975207498,4.587366019,4.399036179,4.786362828,BRMS
UKENMI_ST_TP000137,34,10,23/07/2024,6.005968775,4.723012466,4.537937025,4.91915703,BRMS
UKENMI_ST_TP000137,34,11,30/07/2024,6.036730052,4.848914099,4.655912068,5.041962844,BRMS
UKENMI_ST_TP000137,34,12,06/08/2024,5.986715491,4.941615072,4.747141057,5.134650209,BRMS
UKENMI_ST_TP000137,34,13,13/08/2024,5.936700929,4.995103385,4.796939391,5.180468655,BRMS
UKENMI_ST_TP000137,34,14,20/08/2024,5.767283266,4.996167251,4.804624959,5.183020241,BRMS
UKENMI_ST_TP000137,34,15,27/08/2024,5.597865602,5.002763131,4.81121067,5.195591532,BRMS
UKENMI_ST_TP000137,34,16,03/09/2024,5.86169716,4.961707718,4.77777807,5.16478736,BRMS
UKENMI_ST_TP000137,34,17,10/09/2024,6.125528717,4.932398332,4.733867412,5.125622266,BRMS
UKENMI_ST_TP000137,34,18,17/09/2024,6.105947152,4.849076001,4.65353793,5.042036736,BRMS
UKENMI_ST_TP000137,34,19,24/09/2024,6.086365586,4.733821173,4.538474376,4.919478517,BRMS
UKENMI_ST_TP000137,34,20,01/10/2024,5.181121589,4.627957452,4.438778422,4.811598617,BRMS
UKENMI_ST_TP000137,34,21,08/10/2024,4.275877592,4.549796375,4.353911436,4.734211494,BRMS
UKENMI_ST_TP000137,34,22,15/10/2024,4.908479558,4.543996098,4.34726715,4.720246742,BRMS
UKENMI_ST_TP000137,34,23,22/10/2024,5.541081523,4.556966892,4.364772875,4.739764789,BRMS
UKENMI_ST_TP000137,34,24,29/10/2024,6.3672159,4.597176101,4.403319607,4.778656577,BRMS
UKENMI_ST_TP000137,34,25,05/11/2024,7.193350277,4.630380586,4.429914951,4.803136192,BRMS
UKENMI_ST_TP000137,34,26,12/11/2024,5.827619454,4.659469989,4.457055289,4.838235717,BRMS
UKENMI_ST_TP000137,34,27,19/11/2024,4.46188863,4.676945943,4.468878704,4.86069006,BRMS
UKENMI_ST_TP000137,34,28,26/11/2024,5.214821425,4.672812556,4.462374203,4.853297643,BRMS
UKENMI_ST_TP000137,34,29,03/12/2024,5.96775422,4.698638372,4.476255276,4.885511493,BRMS
UKENMI_ST_TP000137,34,30,10/12/2024,5.870742702,4.672711452,4.449704969,4.865188547,BRMS
UKENMI_ST_TP000137,34,31,17/12/2024,5.773731184,4.676478654,4.455203465,4.869192358,BRMS
UKENMI_ST_TP000137,34,32,24/12/2024,5.718949363,4.691159215,4.485413853,4.88416523,BRMS
UKENMI_ST_TP000137,34,33,31/12/2024,5.664167542,4.597827745,4.380173054,4.795971784,BRMS
UKENMI_ST_TP000137,34,34,07/01/2025,4.845509896,4.47606218,4.250467427,4.673739934,BRMS
UKENMI_ST_TP000137,34,35,14/01/2025,4.02685225,4.375102786,4.161627929,4.567588814,BRMS
UKENMI_ST_TP000137,34,36,21/01/2025,4.783941317,4.330764077,4.113361954,4.530429532,BRMS
UKENMI_ST_TP000137,34,37,28/01/2025,5.541030384,4.452147785,4.235959348,4.650473245,BRMS
UKENMI_ST_TP000137,34,38,04/02/2025,4.540845853,4.606392276,4.387825636,4.805533271,BRMS
UKENMI_ST_TP000137,34,39,11/02/2025,3.540661321,4.783475607,4.575919934,4.980300998,BRMS
UKENMI_ST_TP000137,34,40,18/02/2025,4.328317216,4.925210379,4.713573103,5.121468832,BRMS
UKENMI_ST_TP000137,34,41,25/02/2025,5.11597311,5.008281145,4.798757365,5.199343358,BRMS
UKENMI_ST_TP000137,34,42,04/03/2025,5.217912088,5.045173832,4.830363602,5.242703328,BRMS
UKENMI_ST_TP000137,34,43,11/03/2025,5.319851066,5.010075443,4.793695759,5.229221356,BRMS
UKENMI_ST_TP000137,34,44,18/03/2025,5.445749239,4.962842289,4.748401867,5.182237573,BRMS
UKENMI_ST_TP000137,34,45,25/03/2025,5.571647412,4.892671666,4.656295117,5.112685941,BRMS
UKENMI_ST_TP000143,35,1,21/05/2024,NA,3.573307172,3.254857322,3.916938892,BRMS
UKENMI_ST_TP000143,35,2,28/05/2024,NA,3.647891065,3.340662999,3.968570573,BRMS
UKENMI_ST_TP000143,35,3,04/06/2024,4.806718357,3.733675056,3.4145056,4.074848565,BRMS
UKENMI_ST_TP000143,35,4,11/06/2024,4.806718357,3.888215181,3.579375055,4.227064761,BRMS
UKENMI_ST_TP000143,35,5,18/06/2024,5.296448466,4.051967832,3.750719584,4.372746688,BRMS
UKENMI_ST_TP000143,35,6,25/06/2024,5.786178574,4.184795922,3.886980579,4.501994425,BRMS
UKENMI_ST_TP000143,35,7,02/07/2024,5.411341007,4.28017943,3.985762297,4.584991909,BRMS
UKENMI_ST_TP000143,35,8,09/07/2024,5.036503439,4.358285547,4.064753844,4.679391845,BRMS
UKENMI_ST_TP000143,35,9,16/07/2024,5.559778801,4.281766504,4.00380226,4.582297016,BRMS
UKENMI_ST_TP000143,35,10,23/07/2024,6.083054162,4.426338422,4.154169161,4.725837243,BRMS
UKENMI_ST_TP000143,35,11,30/07/2024,5.91697467,4.562906382,4.280698335,4.872542751,BRMS
UKENMI_ST_TP000143,35,12,06/08/2024,5.750895178,4.665196988,4.381300592,4.96700322,BRMS
UKENMI_ST_TP000143,35,13,13/08/2024,5.301527929,4.729546515,4.448773791,5.02373623,BRMS
UKENMI_ST_TP000143,35,14,20/08/2024,4.85216068,4.746495469,4.471067329,5.041046797,BRMS
UKENMI_ST_TP000143,35,15,27/08/2024,5.605225192,4.763586862,4.488378407,5.054839533,BRMS
UKENMI_ST_TP000143,35,16,03/09/2024,6.358289703,4.730953697,4.457146383,5.050609893,BRMS
UKENMI_ST_TP000143,35,17,10/09/2024,6.23784167,4.710921226,4.433338087,5.026490738,BRMS
UKENMI_ST_TP000143,35,18,17/09/2024,6.117393636,4.637037375,4.355028802,4.947588376,BRMS
UKENMI_ST_TP000143,35,19,24/09/2024,5.830852404,4.528172525,4.247687119,4.834475714,BRMS
UKENMI_ST_TP000143,35,20,01/10/2024,5.544311172,4.427830855,4.142755179,4.731031939,BRMS
UKENMI_ST_TP000143,35,21,08/10/2024,5.544311172,4.351832958,4.051547282,4.660980916,BRMS
UKENMI_ST_TP000143,35,22,15/10/2024,5.272685394,4.34636143,4.055204672,4.650339144,BRMS
UKENMI_ST_TP000143,35,23,22/10/2024,5.373038313,4.365694305,4.073779052,4.681389253,BRMS
UKENMI_ST_TP000143,35,24,29/10/2024,5.373038313,4.403920402,4.110794072,4.723379079,BRMS
UKENMI_ST_TP000143,35,25,05/11/2024,4.971978182,4.438460218,4.139025425,4.742104479,BRMS
UKENMI_ST_TP000143,35,26,12/11/2024,4.470565133,4.475437473,4.159440914,4.779240595,BRMS
UKENMI_ST_TP000143,35,27,19/11/2024,4.470565133,4.499051912,4.186630234,4.80823999,BRMS
UKENMI_ST_TP000143,35,28,26/11/2024,4.473540623,4.505289168,4.191485926,4.818370696,BRMS
UKENMI_ST_TP000143,35,29,03/12/2024,4.723819812,4.535539967,4.224373958,4.848610292,BRMS
UKENMI_ST_TP000143,35,30,10/12/2024,4.723819812,4.519639957,4.218612767,4.842425115,BRMS
UKENMI_ST_TP000143,35,31,17/12/2024,4.974099001,4.535268801,4.216340682,4.849536618,BRMS
UKENMI_ST_TP000143,35,32,24/12/2024,5.522592567,4.562131023,4.258123363,4.855383681,BRMS
UKENMI_ST_TP000143,35,33,31/12/2024,5.963191009,4.470897715,4.165758867,4.78533881,BRMS
UKENMI_ST_TP000143,35,34,07/01/2025,5.963191009,4.345800258,4.041677359,4.665432753,BRMS
UKENMI_ST_TP000143,35,35,14/01/2025,6.40378945,4.240750934,3.945070699,4.560625896,BRMS
UKENMI_ST_TP000143,35,36,21/01/2025,5.188475583,4.19119756,3.888642709,4.506221461,BRMS
UKENMI_ST_TP000143,35,37,28/01/2025,5.188475583,4.305839709,4.001703926,4.611025365,BRMS
UKENMI_ST_TP000143,35,38,04/02/2025,5.343131753,4.456102946,4.151263599,4.763932194,BRMS
UKENMI_ST_TP000143,35,39,11/02/2025,5.497787922,4.633838227,4.327731992,4.947499101,BRMS
UKENMI_ST_TP000143,35,40,18/02/2025,5.641566741,4.775121416,4.47683134,5.08933916,BRMS
UKENMI_ST_TP000143,35,41,25/02/2025,5.659007625,4.857429378,4.551896265,5.165943671,BRMS
UKENMI_ST_TP000143,35,42,04/03/2025,5.659007625,4.894842661,4.581645108,5.202090946,BRMS
UKENMI_ST_TP000143,35,43,11/03/2025,5.780618792,4.862962106,4.533120807,5.179477846,BRMS
UKENMI_ST_TP000143,35,44,18/03/2025,6.028567894,4.815208502,4.501466927,5.146759737,BRMS
UKENMI_ST_TP000143,35,45,25/03/2025,6.028567894,4.746948056,4.42948176,5.072370093,BRMS
UKENMI_ST_TP000156,36,1,21/05/2024,3.116048427,4.169769712,3.95249419,4.387473602,BRMS
UKENMI_ST_TP000156,36,2,28/05/2024,3.116048427,4.287548526,4.115799418,4.458813121,BRMS
UKENMI_ST_TP000156,36,3,04/06/2024,2.926595177,4.411077312,4.248371402,4.572493557,BRMS
UKENMI_ST_TP000156,36,4,11/06/2024,2.737141927,4.560827592,4.410845688,4.720055231,BRMS
UKENMI_ST_TP000156,36,5,18/06/2024,3.32507837,4.705130371,4.548735225,4.859336227,BRMS
UKENMI_ST_TP000156,36,6,25/06/2024,3.913014812,4.825137092,4.669216343,4.983114018,BRMS
UKENMI_ST_TP000156,36,7,02/07/2024,3.936834329,4.915116197,4.75922351,5.070248949,BRMS
UKENMI_ST_TP000156,36,8,09/07/2024,3.960653846,5.020290908,4.867404143,5.182607018,BRMS
UKENMI_ST_TP000156,36,9,16/07/2024,3.635974017,4.973755929,4.811077273,5.125770638,BRMS
UKENMI_ST_TP000156,36,10,23/07/2024,3.311294188,5.14243839,4.991136028,5.286936271,BRMS
UKENMI_ST_TP000156,36,11,30/07/2024,3.811777252,5.278185105,5.120229043,5.423819996,BRMS
UKENMI_ST_TP000156,36,12,06/08/2024,4.312260316,5.34253533,5.183038541,5.489801347,BRMS
UKENMI_ST_TP000156,36,13,13/08/2024,4.56676663,5.364160479,5.204706983,5.522482278,BRMS
UKENMI_ST_TP000156,36,14,20/08/2024,4.821272944,5.343907917,5.182503595,5.492712349,BRMS
UKENMI_ST_TP000156,36,15,27/08/2024,4.384415128,5.347971036,5.188366881,5.495868015,BRMS
UKENMI_ST_TP000156,36,16,03/09/2024,3.947557312,5.319782396,5.154593204,5.460405332,BRMS
UKENMI_ST_TP000156,36,17,10/09/2024,4.287072102,5.301657818,5.142798735,5.457500996,BRMS
UKENMI_ST_TP000156,36,18,17/09/2024,4.626586891,5.224650773,5.056869416,5.385262545,BRMS
UKENMI_ST_TP000156,36,19,24/09/2024,4.41047861,5.083288682,4.916884979,5.242764135,BRMS
UKENMI_ST_TP000156,36,20,01/10/2024,4.194370329,4.981240457,4.812270492,5.138642916,BRMS
UKENMI_ST_TP000156,36,21,08/10/2024,3.742438117,4.898955013,4.726659964,5.054881609,BRMS
UKENMI_ST_TP000156,36,22,15/10/2024,3.290505905,4.878498441,4.718857691,5.034653569,BRMS
UKENMI_ST_TP000156,36,23,22/10/2024,3.925412654,4.899640756,4.739300008,5.050745229,BRMS
UKENMI_ST_TP000156,36,24,29/10/2024,4.560319403,4.93227923,4.784739169,5.083658943,BRMS
UKENMI_ST_TP000156,36,25,05/11/2024,4.330972723,4.947144354,4.808362841,5.095340249,BRMS
UKENMI_ST_TP000156,36,26,12/11/2024,4.101626043,4.97666644,4.836031312,5.119463645,BRMS
UKENMI_ST_TP000156,36,27,19/11/2024,4.167037878,4.979276567,4.835967701,5.124379745,BRMS
UKENMI_ST_TP000156,36,28,26/11/2024,4.232449712,4.954717876,4.801558792,5.094829529,BRMS
UKENMI_ST_TP000156,36,29,03/12/2024,4.207368751,4.991204856,4.825422819,5.139487372,BRMS
UKENMI_ST_TP000156,36,30,10/12/2024,4.18228779,5.007313814,4.844085618,5.158607379,BRMS
UKENMI_ST_TP000156,36,31,17/12/2024,4.18228779,5.01278034,4.87164322,5.145139261,BRMS
UKENMI_ST_TP000156,36,32,24/12/2024,3.213457339,5.015404473,4.868017719,5.155506083,BRMS
UKENMI_ST_TP000156,36,33,31/12/2024,3.645160384,4.942045325,4.783352613,5.078415709,BRMS
UKENMI_ST_TP000156,36,34,07/01/2025,3.645160384,4.841345999,4.687266935,4.980328741,BRMS
UKENMI_ST_TP000156,36,35,14/01/2025,4.072534396,4.7541544,4.59698137,4.89372822,BRMS
UKENMI_ST_TP000156,36,36,21/01/2025,4.068205362,4.709521163,4.540312794,4.858012405,BRMS
UKENMI_ST_TP000156,36,37,28/01/2025,3.701522143,4.749395504,4.580392386,4.894617944,BRMS
UKENMI_ST_TP000156,36,38,04/02/2025,3.334838924,4.872718957,4.716989449,5.015114662,BRMS
UKENMI_ST_TP000156,36,39,11/02/2025,4.115205658,5.036037862,4.880218343,5.179824117,BRMS
UKENMI_ST_TP000156,36,40,18/02/2025,4.895572392,5.202713373,5.041593892,5.343213675,BRMS
UKENMI_ST_TP000156,36,41,25/02/2025,4.668480778,5.305269748,5.138729413,5.450439697,BRMS
UKENMI_ST_TP000156,36,42,04/03/2025,4.441389163,5.360934418,5.188168588,5.511514606,BRMS
UKENMI_ST_TP000156,36,43,11/03/2025,4.518973088,5.319803984,5.138593284,5.476833823,BRMS
UKENMI_ST_TP000156,36,44,18/03/2025,4.596557012,5.272535941,5.096086426,5.437500936,BRMS
UKENMI_ST_TP000156,36,45,25/03/2025,4.596557012,5.199103021,5.015601721,5.377088133,BRMS
UKENMI_ST_TP000163,37,1,21/05/2024,NA,3.427797642,3.178208357,3.687237737,BRMS
UKENMI_ST_TP000163,37,2,28/05/2024,4.129505003,3.49975918,3.270738942,3.733350909,BRMS
UKENMI_ST_TP000163,37,3,04/06/2024,4.129505003,3.590546457,3.367650934,3.830086044,BRMS
UKENMI_ST_TP000163,37,4,11/06/2024,4.268325078,3.749123059,3.531833321,3.977486946,BRMS
UKENMI_ST_TP000163,37,5,18/06/2024,4.407145152,3.91869696,3.711729354,4.137574368,BRMS
UKENMI_ST_TP000163,37,6,25/06/2024,4.04981812,4.057995358,3.853625024,4.27466788,BRMS
UKENMI_ST_TP000163,37,7,02/07/2024,3.692491087,4.158361383,3.954568633,4.368099941,BRMS
UKENMI_ST_TP000163,37,8,09/07/2024,4.285818927,4.240572783,4.038698378,4.46114304,BRMS
UKENMI_ST_TP000163,37,9,16/07/2024,4.879146766,4.165320207,3.961451877,4.373654025,BRMS
UKENMI_ST_TP000163,37,10,23/07/2024,5.28974644,4.309478693,4.118132353,4.518355808,BRMS
UKENMI_ST_TP000163,37,11,30/07/2024,5.700346113,4.444353098,4.250628539,4.646876982,BRMS
UKENMI_ST_TP000163,37,12,06/08/2024,5.469923838,4.544524542,4.345725016,4.744118013,BRMS
UKENMI_ST_TP000163,37,13,13/08/2024,5.239501563,4.605501764,4.398184444,4.803217266,BRMS
UKENMI_ST_TP000163,37,14,20/08/2024,5.18039829,4.620322947,4.415689236,4.818989949,BRMS
UKENMI_ST_TP000163,37,15,27/08/2024,5.121295017,4.633818368,4.435754919,4.839095335,BRMS
UKENMI_ST_TP000163,37,16,03/09/2024,5.01104129,4.598607737,4.405352567,4.819911806,BRMS
UKENMI_ST_TP000163,37,17,10/09/2024,4.900787562,4.57549906,4.373745924,4.777967145,BRMS
UKENMI_ST_TP000163,37,18,17/09/2024,4.24856513,4.497492073,4.297740927,4.701004878,BRMS
UKENMI_ST_TP000163,37,19,24/09/2024,3.596342697,4.385028592,4.181299686,4.586972104,BRMS
UKENMI_ST_TP000163,37,20,01/10/2024,3.55124326,4.281990234,4.089146213,4.486118659,BRMS
UKENMI_ST_TP000163,37,21,08/10/2024,3.506143822,4.20416594,4.009293241,4.407454474,BRMS
UKENMI_ST_TP000163,37,22,15/10/2024,3.950970242,4.194822655,3.994202492,4.405599297,BRMS
UKENMI_ST_TP000163,37,23,22/10/2024,4.395796662,4.213502834,4.009684328,4.430287475,BRMS
UKENMI_ST_TP000163,37,24,29/10/2024,4.212801136,4.249534331,4.043052678,4.466422231,BRMS
UKENMI_ST_TP000163,37,25,05/11/2024,4.029805609,4.279042,4.064793629,4.486257408,BRMS
UKENMI_ST_TP000163,37,26,12/11/2024,4.02626146,4.309439636,4.091659077,4.525699257,BRMS
UKENMI_ST_TP000163,37,27,19/11/2024,4.022717311,4.327292678,4.10930764,4.543811155,BRMS
UKENMI_ST_TP000163,37,28,26/11/2024,4.330374661,4.324887482,4.104640955,4.542154247,BRMS
UKENMI_ST_TP000163,37,29,03/12/2024,4.63803201,4.34787214,4.120627973,4.564590921,BRMS
UKENMI_ST_TP000163,37,30,10/12/2024,4.538903269,4.322272733,4.098778109,4.548687618,BRMS
UKENMI_ST_TP000163,37,31,17/12/2024,4.439774527,4.32766215,4.107458173,4.539441537,BRMS
UKENMI_ST_TP000163,37,32,24/12/2024,4.439774527,4.335690057,4.120691415,4.552234908,BRMS
UKENMI_ST_TP000163,37,33,31/12/2024,4.452110028,4.240192388,4.03058874,4.46282551,BRMS
UKENMI_ST_TP000163,37,34,07/01/2025,4.598763269,4.114325691,3.900370159,4.345404838,BRMS
UKENMI_ST_TP000163,37,35,14/01/2025,4.598763269,4.008011385,3.797622695,4.226829692,BRMS
UKENMI_ST_TP000163,37,36,21/01/2025,4.891598322,3.956877287,3.740236272,4.181926264,BRMS
UKENMI_ST_TP000163,37,37,28/01/2025,5.037780134,4.071681722,3.855126747,4.291264196,BRMS
UKENMI_ST_TP000163,37,38,04/02/2025,4.994604301,4.221012426,4.000496041,4.435505182,BRMS
UKENMI_ST_TP000163,37,39,11/02/2025,4.951428468,4.396224816,4.18154516,4.6175105,BRMS
UKENMI_ST_TP000163,37,40,18/02/2025,4.970901055,4.536271334,4.328380159,4.751378285,BRMS
UKENMI_ST_TP000163,37,41,25/02/2025,4.990373642,4.616713834,4.405005058,4.829358449,BRMS
UKENMI_ST_TP000163,37,42,04/03/2025,5.0537253,4.65120918,4.430117862,4.866610828,BRMS
UKENMI_ST_TP000163,37,43,11/03/2025,5.117076958,4.616499371,4.38351486,4.842643535,BRMS
UKENMI_ST_TP000163,37,44,18/03/2025,4.875389656,4.566946562,4.332029561,4.795951225,BRMS
UKENMI_ST_TP000163,37,45,25/03/2025,4.633702354,4.496289429,4.255789465,4.732011778,BRMS
UKENMI_ST_TP000164,38,1,21/05/2024,NA,4.459543902,4.148599183,4.709856686,BRMS
UKENMI_ST_TP000164,38,2,28/05/2024,NA,4.583793919,4.329598365,4.795091765,BRMS
UKENMI_ST_TP000164,38,3,04/06/2024,5.42979877,4.712490643,4.452229192,4.934608369,BRMS
UKENMI_ST_TP000164,38,4,11/06/2024,5.42979877,4.869602531,4.618875894,5.076145788,BRMS
UKENMI_ST_TP000164,38,5,18/06/2024,5.42979877,5.020491689,4.763456382,5.217719028,BRMS
UKENMI_ST_TP000164,38,6,25/06/2024,5.404188678,5.145555752,4.879555067,5.348066255,BRMS
UKENMI_ST_TP000164,38,7,02/07/2024,5.404188678,5.239475293,4.976347,5.448465665,BRMS
UKENMI_ST_TP000164,38,8,09/07/2024,5.488030767,5.34287121,5.076065936,5.56715654,BRMS
UKENMI_ST_TP000164,38,9,16/07/2024,5.571872856,5.291005009,5.021634811,5.513807384,BRMS
UKENMI_ST_TP000164,38,10,23/07/2024,5.826366393,5.4517193,5.178034506,5.663709296,BRMS
UKENMI_ST_TP000164,38,11,30/07/2024,6.08085993,5.584166187,5.303273448,5.807653202,BRMS
UKENMI_ST_TP000164,38,12,06/08/2024,5.935263827,5.651877045,5.381687601,5.872908022,BRMS
UKENMI_ST_TP000164,38,13,13/08/2024,5.789667724,5.681141793,5.415139783,5.898582768,BRMS
UKENMI_ST_TP000164,38,14,20/08/2024,5.476644516,5.668180345,5.399412591,5.884491759,BRMS
UKENMI_ST_TP000164,38,15,27/08/2024,5.163621307,5.678463248,5.413698852,5.885746515,BRMS
UKENMI_ST_TP000164,38,16,03/09/2024,6.024454868,5.651549751,5.370894248,5.874895103,BRMS
UKENMI_ST_TP000164,38,17,10/09/2024,6.885288428,5.628687886,5.356779739,5.849727652,BRMS
UKENMI_ST_TP000164,38,18,17/09/2024,6.541026556,5.548892523,5.284952166,5.758171919,BRMS
UKENMI_ST_TP000164,38,19,24/09/2024,6.196764683,5.4086624,5.153693034,5.624533305,BRMS
UKENMI_ST_TP000164,38,20,01/10/2024,5.808673115,5.304964793,5.039335495,5.515816428,BRMS
UKENMI_ST_TP000164,38,21,08/10/2024,5.420581546,5.227108047,4.952897116,5.452052615,BRMS
UKENMI_ST_TP000164,38,22,15/10/2024,5.547236499,5.207709851,4.935761534,5.436570332,BRMS
UKENMI_ST_TP000164,38,23,22/10/2024,5.673891452,5.227306007,4.96823832,5.423216465,BRMS
UKENMI_ST_TP000164,38,24,29/10/2024,5.139546168,5.259255187,4.999164012,5.445168467,BRMS
UKENMI_ST_TP000164,38,25,05/11/2024,4.605200884,5.275083476,5.020438376,5.462693265,BRMS
UKENMI_ST_TP000164,38,26,12/11/2024,4.863284356,5.30361437,5.052949167,5.492204855,BRMS
UKENMI_ST_TP000164,38,27,19/11/2024,5.121367828,5.308025237,5.07064587,5.507941542,BRMS
UKENMI_ST_TP000164,38,28,26/11/2024,5.362771173,5.28244156,5.048332238,5.48887015,BRMS
UKENMI_ST_TP000164,38,29,03/12/2024,5.604174518,5.318860369,5.065607279,5.51217372,BRMS
UKENMI_ST_TP000164,38,30,10/12/2024,5.157439117,5.328333079,5.072519559,5.530583828,BRMS
UKENMI_ST_TP000164,38,31,17/12/2024,4.710703716,5.320775922,5.063171681,5.514931362,BRMS
UKENMI_ST_TP000164,38,32,24/12/2024,5.008009723,5.325829728,5.093139401,5.513864052,BRMS
UKENMI_ST_TP000164,38,33,31/12/2024,5.30531573,5.249583239,4.996567215,5.446911693,BRMS
UKENMI_ST_TP000164,38,34,07/01/2025,4.513875906,5.146503218,4.88502376,5.346071567,BRMS
UKENMI_ST_TP000164,38,35,14/01/2025,3.722436081,5.062855951,4.80664197,5.250787692,BRMS
UKENMI_ST_TP000164,38,36,21/01/2025,4.409704471,5.021441256,4.748723242,5.22098238,BRMS
UKENMI_ST_TP000164,38,37,28/01/2025,5.09697286,5.063125376,4.786669035,5.271567934,BRMS
UKENMI_ST_TP000164,38,38,04/02/2025,5.085726637,5.182184385,4.902088795,5.379845666,BRMS
UKENMI_ST_TP000164,38,39,11/02/2025,5.074480413,5.340660069,5.059673391,5.542508313,BRMS
UKENMI_ST_TP000164,38,40,18/02/2025,5.219573263,5.502603414,5.235848609,5.695374074,BRMS
UKENMI_ST_TP000164,38,41,25/02/2025,5.364666112,5.605998837,5.33312635,5.810972258,BRMS
UKENMI_ST_TP000164,38,42,04/03/2025,5.640022557,5.657800732,5.375025214,5.876837499,BRMS
UKENMI_ST_TP000164,38,43,11/03/2025,5.915379001,5.610937896,5.3384205,5.833667325,BRMS
UKENMI_ST_TP000164,38,44,18/03/2025,5.941466361,5.566463314,5.303501626,5.782714931,BRMS
UKENMI_ST_TP000164,38,45,25/03/2025,5.96755372,5.49068692,5.232351613,5.711095097,BRMS
UKENMI_ST_TP000180,39,1,21/05/2024,3.791614865,4.500122685,4.236666304,4.740998093,BRMS
UKENMI_ST_TP000180,39,2,28/05/2024,3.791614865,4.59105387,4.373507296,4.786211196,BRMS
UKENMI_ST_TP000180,39,3,04/06/2024,4.390052735,4.684305131,4.471642194,4.884595264,BRMS
UKENMI_ST_TP000180,39,4,11/06/2024,4.988490604,4.840563521,4.641946895,5.029689241,BRMS
UKENMI_ST_TP000180,39,5,18/06/2024,4.835124145,5.010778521,4.818434083,5.195490279,BRMS
UKENMI_ST_TP000180,39,6,25/06/2024,4.681757685,5.150688748,4.954229315,5.333001569,BRMS
UKENMI_ST_TP000180,39,7,02/07/2024,4.858322048,5.249998565,5.060441916,5.431618491,BRMS
UKENMI_ST_TP000180,39,8,09/07/2024,5.034886411,5.345544581,5.144646309,5.542376261,BRMS
UKENMI_ST_TP000180,39,9,16/07/2024,5.232714677,5.299680945,5.083390364,5.511927948,BRMS
UKENMI_ST_TP000180,39,10,23/07/2024,5.430542942,5.442652798,5.239290322,5.646497095,BRMS
UKENMI_ST_TP000180,39,11,30/07/2024,5.298986773,5.555159049,5.350888781,5.759790339,BRMS
UKENMI_ST_TP000180,39,12,06/08/2024,5.167430604,5.615990953,5.407440393,5.818744608,BRMS
UKENMI_ST_TP000180,39,13,13/08/2024,5.455446419,5.644132069,5.44390193,5.851628251,BRMS
UKENMI_ST_TP000180,39,14,20/08/2024,5.743462233,5.651865623,5.44017291,5.848929714,BRMS
UKENMI_ST_TP000180,39,15,27/08/2024,5.378423048,5.674699001,5.479044836,5.870022101,BRMS
UKENMI_ST_TP000180,39,16,03/09/2024,5.013383862,5.650929489,5.437548248,5.849628933,BRMS
UKENMI_ST_TP000180,39,17,10/09/2024,4.657431401,5.625073623,5.43058765,5.822974749,BRMS
UKENMI_ST_TP000180,39,18,17/09/2024,4.301478939,5.548019525,5.359666604,5.755717405,BRMS
UKENMI_ST_TP000180,39,19,24/09/2024,4.474066463,5.432291539,5.240713166,5.638539766,BRMS
UKENMI_ST_TP000180,39,20,01/10/2024,4.646653987,5.342485566,5.147914213,5.54358732,BRMS
UKENMI_ST_TP000180,39,21,08/10/2024,4.646653987,5.291455058,5.08707769,5.488942911,BRMS
UKENMI_ST_TP000180,39,22,15/10/2024,2.630518336,5.303374154,5.110295754,5.506036119,BRMS
UKENMI_ST_TP000180,39,23,22/10/2024,4.025820297,5.36208407,5.164954887,5.556901372,BRMS
UKENMI_ST_TP000180,39,24,29/10/2024,4.025820297,5.405563362,5.209544017,5.604220827,BRMS
UKENMI_ST_TP000180,39,25,05/11/2024,5.268515114,5.425173919,5.210846375,5.625746956,BRMS
UKENMI_ST_TP000180,39,26,12/11/2024,5.115907969,5.443011206,5.235574554,5.641148427,BRMS
UKENMI_ST_TP000180,39,27,19/11/2024,4.995249901,5.456158055,5.262142501,5.6512357,BRMS
UKENMI_ST_TP000180,39,28,26/11/2024,4.874591832,5.472308011,5.261766528,5.658122837,BRMS
UKENMI_ST_TP000180,39,29,03/12/2024,4.393459996,5.512151597,5.300674474,5.714325276,BRMS
UKENMI_ST_TP000180,39,30,10/12/2024,3.912328159,5.494242113,5.297368099,5.696888991,BRMS
UKENMI_ST_TP000180,39,31,17/12/2024,3.912328159,5.493961293,5.292161722,5.691425337,BRMS
UKENMI_ST_TP000180,39,32,24/12/2024,5.59846624,5.498667885,5.299428259,5.687987517,BRMS
UKENMI_ST_TP000180,39,33,31/12/2024,4.958890206,5.391515217,5.186006088,5.587606734,BRMS
UKENMI_ST_TP000180,39,34,07/01/2025,4.958890206,5.273973983,5.070571946,5.47897901,BRMS
UKENMI_ST_TP000180,39,35,14/01/2025,4.127201213,5.198500697,4.995328989,5.393138752,BRMS
UKENMI_ST_TP000180,39,36,21/01/2025,3.935088254,5.165103283,4.920791326,5.38448966,BRMS
UKENMI_ST_TP000180,39,37,28/01/2025,4.807088954,5.230980424,5.002555628,5.451631025,BRMS
UKENMI_ST_TP000180,39,38,04/02/2025,5.679089654,5.339499079,5.124710816,5.549452743,BRMS
UKENMI_ST_TP000180,39,39,11/02/2025,5.605190554,5.479970243,5.272432953,5.688532051,BRMS
UKENMI_ST_TP000180,39,40,18/02/2025,5.531291454,5.625482676,5.414964565,5.817197477,BRMS
UKENMI_ST_TP000180,39,41,25/02/2025,5.337571711,5.706457471,5.483473524,5.901591621,BRMS
UKENMI_ST_TP000180,39,42,04/03/2025,5.143851967,5.741890324,5.53286729,5.954072269,BRMS
UKENMI_ST_TP000180,39,43,11/03/2025,5.311472214,5.71017045,5.487471974,5.936236822,BRMS
UKENMI_ST_TP000180,39,44,18/03/2025,5.47909246,5.654841389,5.439653535,5.889162326,BRMS
UKENMI_ST_TP000180,39,45,25/03/2025,5.47909246,5.576952659,5.353867794,5.816945911,BRMS
UKENMI_ST_TP000182,40,1,21/05/2024,NA,4.637730454,4.398056313,4.853950968,BRMS
UKENMI_ST_TP000182,40,2,28/05/2024,4.344655137,4.679012524,4.47029634,4.860343397,BRMS
UKENMI_ST_TP000182,40,3,04/06/2024,4.344655137,4.762514189,4.56292982,4.947419014,BRMS
UKENMI_ST_TP000182,40,4,11/06/2024,4.78701532,4.899356166,4.714200448,5.072426807,BRMS
UKENMI_ST_TP000182,40,5,18/06/2024,5.229375503,5.055457761,4.880305996,5.227102233,BRMS
UKENMI_ST_TP000182,40,6,25/06/2024,5.229375503,5.193769532,5.027267333,5.363156682,BRMS
UKENMI_ST_TP000182,40,7,02/07/2024,5.910063537,5.295814738,5.132184019,5.457998234,BRMS
UKENMI_ST_TP000182,40,8,09/07/2024,5.661193457,5.391031315,5.206524178,5.564943638,BRMS
UKENMI_ST_TP000182,40,9,16/07/2024,5.661193457,5.324770903,5.160209261,5.495598231,BRMS
UKENMI_ST_TP000182,40,10,23/07/2024,5.748992656,5.445468547,5.284500403,5.607632262,BRMS
UKENMI_ST_TP000182,40,11,30/07/2024,6.085661936,5.553675558,5.394267686,5.723653143,BRMS
UKENMI_ST_TP000182,40,12,06/08/2024,5.974369572,5.623981411,5.465797396,5.789587994,BRMS
UKENMI_ST_TP000182,40,13,13/08/2024,5.863077208,5.669378515,5.513939194,5.836370272,BRMS
UKENMI_ST_TP000182,40,14,20/08/2024,5.842121859,5.685845666,5.525382643,5.857247223,BRMS
UKENMI_ST_TP000182,40,15,27/08/2024,5.821166509,5.692947772,5.53016349,5.86049134,BRMS
UKENMI_ST_TP000182,40,16,03/09/2024,5.585157605,5.662334128,5.496393261,5.848660493,BRMS
UKENMI_ST_TP000182,40,17,10/09/2024,5.349148701,5.618704077,5.459533063,5.784645134,BRMS
UKENMI_ST_TP000182,40,18,17/09/2024,5.250257283,5.544492595,5.378550336,5.711938999,BRMS
UKENMI_ST_TP000182,40,19,24/09/2024,5.151365864,5.434171357,5.256217534,5.595319305,BRMS
UKENMI_ST_TP000182,40,20,01/10/2024,5.585850136,5.352573362,5.194454829,5.517278934,BRMS
UKENMI_ST_TP000182,40,21,08/10/2024,6.020334407,5.293467886,5.133916453,5.464673634,BRMS
UKENMI_ST_TP000182,40,22,15/10/2024,5.34553385,5.279532037,5.116274445,5.440868565,BRMS
UKENMI_ST_TP000182,40,23,22/10/2024,4.670733292,5.297426409,5.110852171,5.463575274,BRMS
UKENMI_ST_TP000182,40,24,29/10/2024,5.151562018,5.321414418,5.136033805,5.484286334,BRMS
UKENMI_ST_TP000182,40,25,05/11/2024,5.632390743,5.322396254,5.146145575,5.486174856,BRMS
UKENMI_ST_TP000182,40,26,12/11/2024,5.710217023,5.322723239,5.150924118,5.495693275,BRMS
UKENMI_ST_TP000182,40,27,19/11/2024,5.788043302,5.320190565,5.152421609,5.48131317,BRMS
UKENMI_ST_TP000182,40,28,26/11/2024,5.788043302,5.325858086,5.145023263,5.494686779,BRMS
UKENMI_ST_TP000182,40,29,03/12/2024,5.472846266,5.384270278,5.209369238,5.556922686,BRMS
UKENMI_ST_TP000182,40,30,10/12/2024,5.321733344,5.343689114,5.164476853,5.50621476,BRMS
UKENMI_ST_TP000182,40,31,17/12/2024,5.321733344,5.339400216,5.161921313,5.498339198,BRMS
UKENMI_ST_TP000182,40,32,24/12/2024,5.408018195,5.325538496,5.14427348,5.491761576,BRMS
UKENMI_ST_TP000182,40,33,31/12/2024,5.645415967,5.254439839,5.08042892,5.417309834,BRMS
UKENMI_ST_TP000182,40,34,07/01/2025,5.546015547,5.156677046,4.983830006,5.315038424,BRMS
UKENMI_ST_TP000182,40,35,14/01/2025,5.446615127,5.072283029,4.899705039,5.231608999,BRMS
UKENMI_ST_TP000182,40,36,21/01/2025,5.226104088,5.032993856,4.849281821,5.208008961,BRMS
UKENMI_ST_TP000182,40,37,28/01/2025,5.005593048,5.131683661,4.939400516,5.305190266,BRMS
UKENMI_ST_TP000182,40,38,04/02/2025,5.312433446,5.247764636,5.070851076,5.405879716,BRMS
UKENMI_ST_TP000182,40,39,11/02/2025,5.619273843,5.404950969,5.225863896,5.564598456,BRMS
UKENMI_ST_TP000182,40,40,18/02/2025,5.371014339,5.554074424,5.376037661,5.717863288,BRMS
UKENMI_ST_TP000182,40,41,25/02/2025,5.122754834,5.659423098,5.484741742,5.824818523,BRMS
UKENMI_ST_TP000182,40,42,04/03/2025,5.876463547,5.705138729,5.533082776,5.873243783,BRMS
UKENMI_ST_TP000182,40,43,11/03/2025,6.630172259,5.667683112,5.469967569,5.836432093,BRMS
UKENMI_ST_TP000182,40,44,18/03/2025,6.630172259,5.626038641,5.439521543,5.798620944,BRMS
UKENMI_ST_TP000182,40,45,25/03/2025,6.268867226,5.553891227,5.375097435,5.736793973,BRMS
UKENMI_ST_TP000184,41,1,21/05/2024,NA,4.792917252,4.496711878,5.092740744,BRMS
UKENMI_ST_TP000184,41,2,28/05/2024,5.563502456,4.877722593,4.633764513,5.158641035,BRMS
UKENMI_ST_TP000184,41,3,04/06/2024,5.563502456,4.956171704,4.72460055,5.219762003,BRMS
UKENMI_ST_TP000184,41,4,11/06/2024,5.478769956,5.097942958,4.870590881,5.362205366,BRMS
UKENMI_ST_TP000184,41,5,18/06/2024,5.394037456,5.249921206,5.022324381,5.519288256,BRMS
UKENMI_ST_TP000184,41,6,25/06/2024,5.467818829,5.372868969,5.140156183,5.647670757,BRMS
UKENMI_ST_TP000184,41,7,02/07/2024,5.541600202,5.456018196,5.217203835,5.723579191,BRMS
UKENMI_ST_TP000184,41,8,09/07/2024,4.374903587,5.537708478,5.283284056,5.813754902,BRMS
UKENMI_ST_TP000184,41,9,16/07/2024,3.208206971,5.482979639,5.218527356,5.754866721,BRMS
UKENMI_ST_TP000184,41,10,23/07/2024,4.73210476,5.621999079,5.362933957,5.883729823,BRMS
UKENMI_ST_TP000184,41,11,30/07/2024,6.256002548,5.730502225,5.466761112,5.990999796,BRMS
UKENMI_ST_TP000184,41,12,06/08/2024,6.248603532,5.78808779,5.52101049,6.046223514,BRMS
UKENMI_ST_TP000184,41,13,13/08/2024,6.241204515,5.812598592,5.555818775,6.07611337,BRMS
UKENMI_ST_TP000184,41,14,20/08/2024,5.988068476,5.819694839,5.551062162,6.077770822,BRMS
UKENMI_ST_TP000184,41,15,27/08/2024,5.734932436,5.843546207,5.568864997,6.102472756,BRMS
UKENMI_ST_TP000184,41,16,03/09/2024,5.734932436,5.819285473,5.533922957,6.071417646,BRMS
UKENMI_ST_TP000184,41,17,10/09/2024,5.750316025,5.792300478,5.505317978,6.044407016,BRMS
UKENMI_ST_TP000184,41,18,17/09/2024,5.356849821,5.721345385,5.447406447,5.978211736,BRMS
UKENMI_ST_TP000184,41,19,24/09/2024,5.356849821,5.609498546,5.339321824,5.870527875,BRMS
UKENMI_ST_TP000184,41,20,01/10/2024,4.894075167,5.524640536,5.257484866,5.789067802,BRMS
UKENMI_ST_TP000184,41,21,08/10/2024,4.824766716,5.475529858,5.199676667,5.736601988,BRMS
UKENMI_ST_TP000184,41,22,15/10/2024,4.590880307,5.49116001,5.21026881,5.74797085,BRMS
UKENMI_ST_TP000184,41,23,22/10/2024,4.356993897,5.548251622,5.26868549,5.815995952,BRMS
UKENMI_ST_TP000184,41,24,29/10/2024,4.926253309,5.591673484,5.329260896,5.857829884,BRMS
UKENMI_ST_TP000184,41,25,05/11/2024,5.49551272,5.616937172,5.360652565,5.889594333,BRMS
UKENMI_ST_TP000184,41,26,12/11/2024,5.1228821,5.63975169,5.385582894,5.903978902,BRMS
UKENMI_ST_TP000184,41,27,19/11/2024,4.75025148,5.663360281,5.390544592,5.932691156,BRMS
UKENMI_ST_TP000184,41,28,26/11/2024,4.791671335,5.692372505,5.402423552,5.982794472,BRMS
UKENMI_ST_TP000184,41,29,03/12/2024,4.833091189,5.748092761,5.477763565,6.041743193,BRMS
UKENMI_ST_TP000184,41,30,10/12/2024,4.909682041,5.748774822,5.462560885,6.041190712,BRMS
UKENMI_ST_TP000184,41,31,17/12/2024,4.986272892,5.771281328,5.517114896,6.04895607,BRMS
UKENMI_ST_TP000184,41,32,24/12/2024,4.986272892,5.807617314,5.538275708,6.104034272,BRMS
UKENMI_ST_TP000184,41,33,31/12/2024,5.380642627,5.709710411,5.447531319,5.991661896,BRMS
UKENMI_ST_TP000184,41,34,07/01/2025,4.313710861,5.599932058,5.324038754,5.878311184,BRMS
UKENMI_ST_TP000184,41,35,14/01/2025,4.313710861,5.536159406,5.261720767,5.806481151,BRMS
UKENMI_ST_TP000184,41,36,21/01/2025,4.386206241,5.512980716,5.241938994,5.789247845,BRMS
UKENMI_ST_TP000184,41,37,28/01/2025,5.525633387,5.585430718,5.316940065,5.877010685,BRMS
UKENMI_ST_TP000184,41,38,04/02/2025,5.535340014,5.705809109,5.454705352,5.980363338,BRMS
UKENMI_ST_TP000184,41,39,11/02/2025,5.545046641,5.859283583,5.613897897,6.139542385,BRMS
UKENMI_ST_TP000184,41,40,18/02/2025,5.105128103,6.014008859,5.766598595,6.295962661,BRMS
UKENMI_ST_TP000184,41,41,25/02/2025,4.665209565,6.098522824,5.832615724,6.381559634,BRMS
UKENMI_ST_TP000184,41,42,04/03/2025,5.188804071,6.142951056,5.869692043,6.425768607,BRMS
UKENMI_ST_TP000184,41,43,11/03/2025,5.712398577,6.117644644,5.842541562,6.413576725,BRMS
UKENMI_ST_TP000184,41,44,18/03/2025,5.357805889,6.072770046,5.796775405,6.365539515,BRMS
UKENMI_ST_TP000184,41,45,25/03/2025,5.567578988,6.005997538,5.716594754,6.30097879,BRMS
UKENMI_ST_TP000186,42,1,21/05/2024,NA,3.653592332,3.378951731,3.944532288,BRMS
UKENMI_ST_TP000186,42,2,28/05/2024,3.9969467,3.798791685,3.552989514,4.061786153,BRMS
UKENMI_ST_TP000186,42,3,04/06/2024,3.9969467,3.95327057,3.726814235,4.217397986,BRMS
UKENMI_ST_TP000186,42,4,11/06/2024,3.719303185,4.127888335,3.908070033,4.379691901,BRMS
UKENMI_ST_TP000186,42,5,18/06/2024,3.441659669,4.283691659,4.076066605,4.524943244,BRMS
UKENMI_ST_TP000186,42,6,25/06/2024,4.000784853,4.398058344,4.19213422,4.630588806,BRMS
UKENMI_ST_TP000186,42,7,02/07/2024,4.559910036,4.458971396,4.25728437,4.689927501,BRMS
UKENMI_ST_TP000186,42,8,09/07/2024,4.786329486,4.532280281,4.325787764,4.776408591,BRMS
UKENMI_ST_TP000186,42,9,16/07/2024,5.012748936,4.433547732,4.232514725,4.674424739,BRMS
UKENMI_ST_TP000186,42,10,23/07/2024,5.384315167,4.56236095,4.360201395,4.78813755,BRMS
UKENMI_ST_TP000186,42,11,30/07/2024,5.755881397,4.680831537,4.486450322,4.901975457,BRMS
UKENMI_ST_TP000186,42,12,06/08/2024,5.53022333,4.77504483,4.574099804,4.993008013,BRMS
UKENMI_ST_TP000186,42,13,13/08/2024,5.304565262,4.857246962,4.656059107,5.076358385,BRMS
UKENMI_ST_TP000186,42,14,20/08/2024,5.48049289,4.904703728,4.699197953,5.123715866,BRMS
UKENMI_ST_TP000186,42,15,27/08/2024,5.656420517,4.95616953,4.759752108,5.171159169,BRMS
UKENMI_ST_TP000186,42,16,03/09/2024,5.807484864,4.958146158,4.779756702,5.1803665,BRMS
UKENMI_ST_TP000186,42,17,10/09/2024,5.95854921,4.929941224,4.753513792,5.156072676,BRMS
UKENMI_ST_TP000186,42,18,17/09/2024,5.527462,4.837444991,4.653733337,5.082529377,BRMS
UKENMI_ST_TP000186,42,19,24/09/2024,5.09637479,4.689735973,4.477988171,4.937091438,BRMS
UKENMI_ST_TP000186,42,20,01/10/2024,5.413443282,4.573335332,4.349542525,4.810759763,BRMS
UKENMI_ST_TP000186,42,21,08/10/2024,5.730511774,4.491163706,4.273490008,4.722081842,BRMS
UKENMI_ST_TP000186,42,22,15/10/2024,5.827413434,4.47000566,4.268136803,4.696750517,BRMS
UKENMI_ST_TP000186,42,23,22/10/2024,5.924315094,4.486124744,4.302713815,4.721146222,BRMS
UKENMI_ST_TP000186,42,24,29/10/2024,5.711179097,4.515740236,4.333338082,4.752495463,BRMS
UKENMI_ST_TP000186,42,25,05/11/2024,5.4980431,4.526592566,4.336321731,4.763877562,BRMS
UKENMI_ST_TP000186,42,26,12/11/2024,5.155135502,4.576371203,4.403203412,4.813036672,BRMS
UKENMI_ST_TP000186,42,27,19/11/2024,4.812227903,4.59624012,4.42709527,4.822666265,BRMS
UKENMI_ST_TP000186,42,28,26/11/2024,4.971448449,4.593160311,4.420408162,4.8105369,BRMS
UKENMI_ST_TP000186,42,29,03/12/2024,5.130668994,4.621707951,4.431189688,4.829149349,BRMS
UKENMI_ST_TP000186,42,30,10/12/2024,5.553443267,4.634397644,4.429100406,4.855647262,BRMS
UKENMI_ST_TP000186,42,31,17/12/2024,5.976217539,4.636321539,4.450617717,4.841337747,BRMS
UKENMI_ST_TP000186,42,32,24/12/2024,5.711498067,4.630448525,4.442780016,4.839520262,BRMS
UKENMI_ST_TP000186,42,33,31/12/2024,5.446778594,4.564078252,4.392308858,4.784347075,BRMS
UKENMI_ST_TP000186,42,34,07/01/2025,4.699446214,4.477107435,4.304093466,4.693481387,BRMS
UKENMI_ST_TP000186,42,35,14/01/2025,3.952113833,4.406581563,4.218282907,4.623257426,BRMS
UKENMI_ST_TP000186,42,36,21/01/2025,4.546856408,4.365844332,4.170298038,4.591593851,BRMS
UKENMI_ST_TP000186,42,37,28/01/2025,5.141598983,4.401706,4.19845091,4.627990396,BRMS
UKENMI_ST_TP000186,42,38,04/02/2025,5.179485605,4.510382687,4.320994397,4.737200807,BRMS
UKENMI_ST_TP000186,42,39,11/02/2025,5.217372226,4.695903771,4.500807769,4.929496818,BRMS
UKENMI_ST_TP000186,42,40,18/02/2025,5.077137616,4.886361707,4.689172428,5.122343778,BRMS
UKENMI_ST_TP000186,42,41,25/02/2025,4.936903005,5.045995117,4.845465532,5.26364055,BRMS
UKENMI_ST_TP000186,42,42,04/03/2025,4.639579202,5.137735987,4.931344791,5.352455684,BRMS
UKENMI_ST_TP000186,42,43,11/03/2025,4.342255398,5.128971036,4.907754218,5.347276658,BRMS
UKENMI_ST_TP000186,42,44,18/03/2025,4.937448539,5.080849618,4.851482537,5.313857962,BRMS
UKENMI_ST_TP000186,42,45,25/03/2025,5.532641679,4.998441431,4.748898523,5.261663674,BRMS
UKENMI_ST_TP000199,43,1,21/05/2024,NA,4.346790487,4.054950228,4.629670133,BRMS
UKENMI_ST_TP000199,43,2,28/05/2024,4.827162894,4.428502701,4.169713074,4.676026414,BRMS
UKENMI_ST_TP000199,43,3,04/06/2024,4.827162894,4.528876589,4.267583569,4.765453556,BRMS
UKENMI_ST_TP000199,43,4,11/06/2024,5.11577056,4.668879927,4.43054474,4.901064511,BRMS
UKENMI_ST_TP000199,43,5,18/06/2024,5.404378225,4.812433188,4.580595797,5.055492641,BRMS
UKENMI_ST_TP000199,43,6,25/06/2024,5.545615006,4.928421939,4.69849727,5.16833519,BRMS
UKENMI_ST_TP000199,43,7,02/07/2024,5.686851787,5.009364794,4.790868666,5.242321271,BRMS
UKENMI_ST_TP000199,43,8,09/07/2024,5.692074711,5.104877747,4.878062331,5.340682185,BRMS
UKENMI_ST_TP000199,43,9,16/07/2024,5.697297635,5.072883422,4.857950466,5.298545927,BRMS
UKENMI_ST_TP000199,43,10,23/07/2024,5.697297635,5.211786632,5.004987741,5.435366574,BRMS
UKENMI_ST_TP000199,43,11,30/07/2024,6.967589664,5.325396066,5.119900097,5.55432659,BRMS
UKENMI_ST_TP000199,43,12,06/08/2024,6.456402481,5.386508918,5.188478671,5.609643166,BRMS
UKENMI_ST_TP000199,43,13,13/08/2024,6.456402481,5.419597637,5.223871914,5.640659671,BRMS
UKENMI_ST_TP000199,43,14,20/08/2024,5.647186498,5.429949442,5.237065011,5.652765976,BRMS
UKENMI_ST_TP000199,43,15,27/08/2024,5.349157698,5.439449184,5.241027819,5.665801914,BRMS
UKENMI_ST_TP000199,43,16,03/09/2024,5.349157698,5.407847031,5.21077626,5.625212402,BRMS
UKENMI_ST_TP000199,43,17,10/09/2024,5.55774521,5.362640041,5.16960612,5.584797818,BRMS
UKENMI_ST_TP000199,43,18,17/09/2024,4.768982622,5.281416564,5.066289812,5.506509952,BRMS
UKENMI_ST_TP000199,43,19,24/09/2024,4.768982622,5.154609388,4.931438,5.387861875,BRMS
UKENMI_ST_TP000199,43,20,01/10/2024,3.980220034,5.064949,4.851269076,5.293555972,BRMS
UKENMI_ST_TP000199,43,21,08/10/2024,5.258019943,4.996400729,4.786577923,5.227750278,BRMS
UKENMI_ST_TP000199,43,22,15/10/2024,5.027122268,4.979947067,4.778294292,5.200993193,BRMS
UKENMI_ST_TP000199,43,23,22/10/2024,5.027122268,5.006645822,4.794234384,5.230657478,BRMS
UKENMI_ST_TP000199,43,24,29/10/2024,5.267537494,5.037511259,4.82596508,5.254652119,BRMS
UKENMI_ST_TP000199,43,25,05/11/2024,5.738850396,5.047841437,4.838431964,5.2600299,BRMS
UKENMI_ST_TP000199,43,26,12/11/2024,5.914219396,5.061739513,4.867768276,5.275976862,BRMS
UKENMI_ST_TP000199,43,27,19/11/2024,6.089588396,5.054976368,4.862266623,5.276244761,BRMS
UKENMI_ST_TP000199,43,28,26/11/2024,5.957271211,5.038689637,4.824438173,5.265342966,BRMS
UKENMI_ST_TP000199,43,29,03/12/2024,5.824954026,5.069926761,4.846482503,5.300730536,BRMS
UKENMI_ST_TP000199,43,30,10/12/2024,5.483559164,5.05564341,4.841627432,5.280307416,BRMS
UKENMI_ST_TP000199,43,31,17/12/2024,5.142164301,5.064486558,4.840082426,5.292717509,BRMS
UKENMI_ST_TP000199,43,32,24/12/2024,5.473283347,5.077059679,4.854850759,5.310708516,BRMS
UKENMI_ST_TP000199,43,33,31/12/2024,5.804402393,5.017959795,4.792964742,5.240033339,BRMS
UKENMI_ST_TP000199,43,34,07/01/2025,5.519090947,4.918062648,4.710685267,5.145157753,BRMS
UKENMI_ST_TP000199,43,35,14/01/2025,5.2337795,4.832436024,4.630073148,5.060124363,BRMS
UKENMI_ST_TP000199,43,36,21/01/2025,5.027503932,4.795948951,4.558358146,5.040393522,BRMS
UKENMI_ST_TP000199,43,37,28/01/2025,4.821228363,4.871737518,4.643772769,5.09995826,BRMS
UKENMI_ST_TP000199,43,38,04/02/2025,4.821228363,5.001592962,4.779830731,5.231940802,BRMS
UKENMI_ST_TP000199,43,39,11/02/2025,6.100608727,5.167210317,4.928968777,5.388294335,BRMS
UKENMI_ST_TP000199,43,40,18/02/2025,5.615506689,5.318103034,5.08172485,5.52698149,BRMS
UKENMI_ST_TP000199,43,41,25/02/2025,5.615506689,5.40365275,5.163011011,5.61720119,BRMS
UKENMI_ST_TP000199,43,42,04/03/2025,5.4865179,5.447341679,5.213175564,5.679518178,BRMS
UKENMI_ST_TP000199,43,43,11/03/2025,5.84263115,5.424230692,5.17184705,5.659367266,BRMS
UKENMI_ST_TP000199,43,44,18/03/2025,5.872663166,5.394761374,5.125250755,5.626132345,BRMS
UKENMI_ST_TP000199,43,45,25/03/2025,5.902695181,5.34356425,5.074235812,5.565426571,BRMS
UKENMI_ST_TP000207,44,1,21/05/2024,NA,4.14852611,3.871116915,4.5022166,BRMS
UKENMI_ST_TP000207,44,2,28/05/2024,3.67016313,4.222445316,3.971727529,4.507194878,BRMS
UKENMI_ST_TP000207,44,3,04/06/2024,3.67016313,4.306798494,4.06390305,4.587348538,BRMS
UKENMI_ST_TP000207,44,4,11/06/2024,3.958254085,4.43238823,4.191635166,4.711934602,BRMS
UKENMI_ST_TP000207,44,5,18/06/2024,4.246345039,4.555150333,4.308018606,4.830978197,BRMS
UKENMI_ST_TP000207,44,6,25/06/2024,4.175704643,4.660822555,4.407856488,4.935335013,BRMS
UKENMI_ST_TP000207,44,7,02/07/2024,4.105064247,4.754607388,4.498151878,5.031193086,BRMS
UKENMI_ST_TP000207,44,8,09/07/2024,4.345844241,4.826776418,4.580672149,5.126296986,BRMS
UKENMI_ST_TP000207,44,9,16/07/2024,4.586624234,4.751087682,4.51372364,5.035060554,BRMS
UKENMI_ST_TP000207,44,10,23/07/2024,4.421140364,4.885073117,4.644675033,5.174073057,BRMS
UKENMI_ST_TP000207,44,11,30/07/2024,4.255656494,4.986928031,4.743532815,5.282747927,BRMS
UKENMI_ST_TP000207,44,12,06/08/2024,3.701443203,5.049718081,4.803039992,5.335252336,BRMS
UKENMI_ST_TP000207,44,13,13/08/2024,3.147229912,5.075354376,4.829877313,5.349127132,BRMS
UKENMI_ST_TP000207,44,14,20/08/2024,4.025255636,5.049765182,4.810386126,5.318590619,BRMS
UKENMI_ST_TP000207,44,15,27/08/2024,4.903281359,5.044058565,4.800191422,5.312320562,BRMS
UKENMI_ST_TP000207,44,16,03/09/2024,4.463111308,4.987732904,4.745036802,5.26728076,BRMS
UKENMI_ST_TP000207,44,17,10/09/2024,4.022941256,4.960644353,4.700657244,5.231776906,BRMS
UKENMI_ST_TP000207,44,18,17/09/2024,4.484605379,4.869023314,4.625630162,5.135897672,BRMS
UKENMI_ST_TP000207,44,19,24/09/2024,4.946269502,4.753653097,4.514941851,5.016517578,BRMS
UKENMI_ST_TP000207,44,20,01/10/2024,4.168489322,4.657679298,4.427486606,4.928285837,BRMS
UKENMI_ST_TP000207,44,21,08/10/2024,3.390709141,4.597705766,4.368955887,4.869643613,BRMS
UKENMI_ST_TP000207,44,22,15/10/2024,4.125454817,4.608201986,4.367777977,4.879271999,BRMS
UKENMI_ST_TP000207,44,23,22/10/2024,4.860200492,4.627335963,4.392892828,4.885810258,BRMS
UKENMI_ST_TP000207,44,24,29/10/2024,4.70238947,4.66268852,4.42077893,4.930469635,BRMS
UKENMI_ST_TP000207,44,25,05/11/2024,4.544578448,4.686545836,4.438596462,4.963952966,BRMS
UKENMI_ST_TP000207,44,26,12/11/2024,4.81679109,4.70886267,4.472975404,4.986954204,BRMS
UKENMI_ST_TP000207,44,27,19/11/2024,5.089003732,4.725193873,4.484298395,4.999471682,BRMS
UKENMI_ST_TP000207,44,28,26/11/2024,4.98653005,4.71836447,4.477746724,4.986256102,BRMS
UKENMI_ST_TP000207,44,29,03/12/2024,4.884056367,4.77751039,4.538524117,5.08897277,BRMS
UKENMI_ST_TP000207,44,30,10/12/2024,4.858162034,4.782765227,4.54438822,5.069922877,BRMS
UKENMI_ST_TP000207,44,31,17/12/2024,4.832267701,4.834342955,4.593053778,5.13843684,BRMS
UKENMI_ST_TP000207,44,32,24/12/2024,5.102261048,4.844613783,4.59679844,5.124502406,BRMS
UKENMI_ST_TP000207,44,33,31/12/2024,5.372254395,4.780852315,4.546655986,5.057891056,BRMS
UKENMI_ST_TP000207,44,34,07/01/2025,5.019779626,4.693251842,4.458799193,4.972150195,BRMS
UKENMI_ST_TP000207,44,35,14/01/2025,4.667304857,4.618120962,4.385504506,4.885671973,BRMS
UKENMI_ST_TP000207,44,36,21/01/2025,4.614449289,4.599104371,4.358775807,4.868985068,BRMS
UKENMI_ST_TP000207,44,37,28/01/2025,4.56159372,4.687580452,4.458388583,4.961484119,BRMS
UKENMI_ST_TP000207,44,38,04/02/2025,4.787922002,4.86859832,4.635025415,5.14307389,BRMS
UKENMI_ST_TP000207,44,39,11/02/2025,5.014250283,5.045221243,4.818002311,5.327149698,BRMS
UKENMI_ST_TP000207,44,40,18/02/2025,4.75915858,5.1899294,4.970539619,5.460175752,BRMS
UKENMI_ST_TP000207,44,41,25/02/2025,4.504066877,5.267922554,5.042607649,5.537385093,BRMS
UKENMI_ST_TP000207,44,42,04/03/2025,4.947467892,5.321062674,5.093170434,5.589007125,BRMS
UKENMI_ST_TP000207,44,43,11/03/2025,5.390868906,5.290577759,5.059133885,5.538134948,BRMS
UKENMI_ST_TP000207,44,44,18/03/2025,5.420280507,5.260344261,5.028812697,5.521720499,BRMS
UKENMI_ST_TP000207,44,45,25/03/2025,5.449692108,5.214483683,4.97007142,5.498355979,BRMS
UKENMI_ST_TP000208,45,1,21/05/2024,NA,3.849331346,3.515902823,4.164694203,BRMS
UKENMI_ST_TP000208,45,2,28/05/2024,4.915911284,3.940830928,3.648868471,4.207844053,BRMS
UKENMI_ST_TP000208,45,3,04/06/2024,4.915911284,4.038538588,3.768635305,4.294270218,BRMS
UKENMI_ST_TP000208,45,4,11/06/2024,5.246211231,4.204670345,3.935070943,4.46173334,BRMS
UKENMI_ST_TP000208,45,5,18/06/2024,5.576511177,4.388735749,4.123236142,4.647139316,BRMS
UKENMI_ST_TP000208,45,6,25/06/2024,5.321644877,4.544717503,4.27822113,4.806886021,BRMS
UKENMI_ST_TP000208,45,7,02/07/2024,5.066778577,4.665015001,4.403052327,4.934106791,BRMS
UKENMI_ST_TP000208,45,8,09/07/2024,5.566505902,4.779371074,4.5129344,5.036002864,BRMS
UKENMI_ST_TP000208,45,9,16/07/2024,6.066233226,4.757771726,4.505516728,5.011088124,BRMS
UKENMI_ST_TP000208,45,10,23/07/2024,5.606810067,4.917254191,4.660366475,5.184539498,BRMS
UKENMI_ST_TP000208,45,11,30/07/2024,5.147386908,5.046608436,4.790518562,5.315164832,BRMS
UKENMI_ST_TP000208,45,12,06/08/2024,5.529984903,5.122146489,4.86314887,5.384850867,BRMS
UKENMI_ST_TP000208,45,13,13/08/2024,5.912582898,5.15495141,4.900325399,5.400258503,BRMS
UKENMI_ST_TP000208,45,14,20/08/2024,5.786483421,5.174332196,4.919110045,5.404096391,BRMS
UKENMI_ST_TP000208,45,15,27/08/2024,5.660383944,5.209792352,4.93294157,5.449327099,BRMS
UKENMI_ST_TP000208,45,16,03/09/2024,5.924214172,5.197822372,4.924592768,5.432426464,BRMS
UKENMI_ST_TP000208,45,17,10/09/2024,6.188044399,5.1888114,4.910428421,5.448415425,BRMS
UKENMI_ST_TP000208,45,18,17/09/2024,5.497497159,5.127350529,4.86561116,5.374628177,BRMS
UKENMI_ST_TP000208,45,19,24/09/2024,4.806949918,5.030104561,4.755515772,5.25285963,BRMS
UKENMI_ST_TP000208,45,20,01/10/2024,5.1926331,4.952763286,4.68053315,5.166397227,BRMS
UKENMI_ST_TP000208,45,21,08/10/2024,5.578316281,4.912031082,4.630651434,5.125890954,BRMS
UKENMI_ST_TP000208,45,22,15/10/2024,5.317988184,4.933855018,4.653804929,5.168775683,BRMS
UKENMI_ST_TP000208,45,23,22/10/2024,5.057660086,4.998081303,4.718870628,5.23074983,BRMS
UKENMI_ST_TP000208,45,24,29/10/2024,5.266978838,5.037006537,4.765306374,5.291750536,BRMS
UKENMI_ST_TP000208,45,25,05/11/2024,5.476297589,5.050388821,4.76952488,5.309726324,BRMS
UKENMI_ST_TP000208,45,26,12/11/2024,4.370373694,5.053098242,4.794789566,5.335384834,BRMS
UKENMI_ST_TP000208,45,27,19/11/2024,3.264449799,5.050162583,4.803666423,5.338458124,BRMS
UKENMI_ST_TP000208,45,28,26/11/2024,3.988896013,5.04007925,4.798880203,5.293139172,BRMS
UKENMI_ST_TP000208,45,29,03/12/2024,4.713342226,5.054451705,4.802028191,5.348182207,BRMS
UKENMI_ST_TP000208,45,30,10/12/2024,5.114049942,5.00981512,4.774364111,5.282896393,BRMS
UKENMI_ST_TP000208,45,31,17/12/2024,5.514757657,4.982680051,4.743189306,5.253372584,BRMS
UKENMI_ST_TP000208,45,32,24/12/2024,5.514757657,4.961583815,4.692746113,5.214513321,BRMS
UKENMI_ST_TP000208,45,33,31/12/2024,4.182980469,4.838353631,4.60568793,5.086473345,BRMS
UKENMI_ST_TP000208,45,34,07/01/2025,4.591727388,4.70679433,4.476965299,4.95670019,BRMS
UKENMI_ST_TP000208,45,35,14/01/2025,4.591727388,4.623490383,4.395389863,4.866587647,BRMS
UKENMI_ST_TP000208,45,36,21/01/2025,4.395430255,4.585779477,4.349420757,4.829868493,BRMS
UKENMI_ST_TP000208,45,37,28/01/2025,3.790386204,4.642783692,4.403659482,4.881486133,BRMS
UKENMI_ST_TP000208,45,38,04/02/2025,4.542719958,4.743093026,4.506227526,4.995770667,BRMS
UKENMI_ST_TP000208,45,39,11/02/2025,5.295053712,4.877578737,4.634817236,5.114480228,BRMS
UKENMI_ST_TP000208,45,40,18/02/2025,5.45281632,5.014628565,4.740051299,5.240084991,BRMS
UKENMI_ST_TP000208,45,41,25/02/2025,5.610578928,5.087536788,4.795064537,5.327657772,BRMS
UKENMI_ST_TP000208,45,42,04/03/2025,5.704075568,5.120604008,4.816306163,5.381239671,BRMS
UKENMI_ST_TP000208,45,43,11/03/2025,5.797572208,5.085434659,4.771099069,5.329807086,BRMS
UKENMI_ST_TP000208,45,44,18/03/2025,5.63737641,5.020225423,4.702416966,5.265595091,BRMS
UKENMI_ST_TP000208,45,45,25/03/2025,5.477180611,4.931884289,4.587898997,5.186482202,BRMS
UKENMI_ST_TP000222,46,1,21/05/2024,NA,4.30656734,4.006425105,4.603073695,BRMS
UKENMI_ST_TP000222,46,2,28/05/2024,3.759873952,4.349958651,4.077309549,4.620603519,BRMS
UKENMI_ST_TP000222,46,3,04/06/2024,4.285696904,4.435011752,4.158016072,4.69738143,BRMS
UKENMI_ST_TP000222,46,4,11/06/2024,4.285696904,4.571095929,4.299233051,4.830073215,BRMS
UKENMI_ST_TP000222,46,5,18/06/2024,4.811519856,4.723922225,4.462148237,4.969963456,BRMS
UKENMI_ST_TP000222,46,6,25/06/2024,3.855882448,4.858199195,4.599835589,5.106194522,BRMS
UKENMI_ST_TP000222,46,7,02/07/2024,3.855882448,4.953296168,4.698213668,5.221534465,BRMS
UKENMI_ST_TP000222,46,8,09/07/2024,4.008648953,5.047334933,4.805791488,5.289797722,BRMS
UKENMI_ST_TP000222,46,9,16/07/2024,4.161415458,4.974888566,4.732244826,5.220557347,BRMS
UKENMI_ST_TP000222,46,10,23/07/2024,4.603300468,5.093372157,4.859534359,5.321268421,BRMS
UKENMI_ST_TP000222,46,11,30/07/2024,5.045185477,5.199085248,4.966773634,5.421152939,BRMS
UKENMI_ST_TP000222,46,12,06/08/2024,4.83248002,5.27030876,5.034382149,5.505880927,BRMS
UKENMI_ST_TP000222,46,13,13/08/2024,4.619774562,5.321234488,5.09486315,5.56396324,BRMS
UKENMI_ST_TP000222,46,14,20/08/2024,4.843546862,5.337891468,5.111926885,5.564065872,BRMS
UKENMI_ST_TP000222,46,15,27/08/2024,5.067319162,5.347198646,5.122282822,5.568002924,BRMS
UKENMI_ST_TP000222,46,16,03/09/2024,5.160686267,5.320176202,5.085971781,5.540192262,BRMS
UKENMI_ST_TP000222,46,17,10/09/2024,5.254053371,5.278738402,5.04425651,5.500770645,BRMS
UKENMI_ST_TP000222,46,18,17/09/2024,4.988405238,5.205232762,4.977340978,5.428277338,BRMS
UKENMI_ST_TP000222,46,19,24/09/2024,4.722757105,5.094774166,4.858667376,5.323410135,BRMS
UKENMI_ST_TP000222,46,20,01/10/2024,4.904993075,5.011076137,4.778236983,5.232279902,BRMS
UKENMI_ST_TP000222,46,21,08/10/2024,5.087229045,4.949759164,4.722382818,5.170585214,BRMS
UKENMI_ST_TP000222,46,22,15/10/2024,4.490993825,4.933747327,4.70559597,5.156806519,BRMS
UKENMI_ST_TP000222,46,23,22/10/2024,3.894758605,4.94953419,4.726445007,5.169908211,BRMS
UKENMI_ST_TP000222,46,24,29/10/2024,4.192557655,4.972535311,4.749022649,5.1921334,BRMS
UKENMI_ST_TP000222,46,25,05/11/2024,4.490356705,4.971793698,4.740458411,5.187654123,BRMS
UKENMI_ST_TP000222,46,26,12/11/2024,4.675792516,4.975762323,4.747890243,5.190332845,BRMS
UKENMI_ST_TP000222,46,27,19/11/2024,4.861228327,4.977026053,4.739652405,5.191424361,BRMS
UKENMI_ST_TP000222,46,28,26/11/2024,4.838201264,4.98260651,4.739546242,5.207809544,BRMS
UKENMI_ST_TP000222,46,29,03/12/2024,4.815174201,5.047086754,4.812142095,5.267812049,BRMS
UKENMI_ST_TP000222,46,30,10/12/2024,4.704135207,5.010174562,4.770328628,5.234276686,BRMS
UKENMI_ST_TP000222,46,31,17/12/2024,4.593096212,5.007712288,4.754109914,5.228413443,BRMS
UKENMI_ST_TP000222,46,32,24/12/2024,4.860790977,4.994124557,4.749967879,5.207307532,BRMS
UKENMI_ST_TP000222,46,33,31/12/2024,5.128485741,4.919251646,4.666468024,5.137560385,BRMS
UKENMI_ST_TP000222,46,34,07/01/2025,4.626728371,4.816195175,4.55860203,5.027386722,BRMS
UKENMI_ST_TP000222,46,35,14/01/2025,4.124971,4.723004368,4.475231245,4.930871575,BRMS
UKENMI_ST_TP000222,46,36,21/01/2025,3.756766365,4.674650282,4.438010494,4.897817649,BRMS
UKENMI_ST_TP000222,46,37,28/01/2025,3.38856173,4.765169472,4.520076307,4.969821252,BRMS
UKENMI_ST_TP000222,46,38,04/02/2025,3.776856574,4.872393366,4.63692035,5.089875597,BRMS
UKENMI_ST_TP000222,46,39,11/02/2025,4.165151417,5.024006073,4.792759313,5.244412576,BRMS
UKENMI_ST_TP000222,46,40,18/02/2025,4.774699016,5.166972728,4.936168195,5.388614203,BRMS
UKENMI_ST_TP000222,46,41,25/02/2025,5.384246614,5.268315206,5.024976427,5.488203176,BRMS
UKENMI_ST_TP000222,46,42,04/03/2025,5.219979012,5.308326606,5.068552455,5.544575245,BRMS
UKENMI_ST_TP000222,46,43,11/03/2025,5.055711409,5.264153167,5.020525185,5.508799546,BRMS
UKENMI_ST_TP000222,46,44,18/03/2025,4.84821563,5.224224648,4.997034055,5.466334466,BRMS
UKENMI_ST_TP000222,46,45,25/03/2025,4.64071985,5.15020724,4.904731247,5.400169425,BRMS
UKENMI_ST_TP000225,47,1,21/05/2024,NA,4.469173264,4.236171339,4.721463275,BRMS
UKENMI_ST_TP000225,47,2,28/05/2024,4.062915794,4.507560635,4.308392613,4.729465093,BRMS
UKENMI_ST_TP000225,47,3,04/06/2024,4.062915794,4.587866976,4.394507016,4.799943162,BRMS
UKENMI_ST_TP000225,47,4,11/06/2024,4.506485987,4.721260404,4.542658975,4.922429598,BRMS
UKENMI_ST_TP000225,47,5,18/06/2024,4.950056179,4.876060363,4.704351481,5.065482121,BRMS
UKENMI_ST_TP000225,47,6,25/06/2024,5.027608259,5.012577577,4.844117027,5.200621986,BRMS
UKENMI_ST_TP000225,47,7,02/07/2024,5.105160338,5.113667229,4.951278881,5.301134623,BRMS
UKENMI_ST_TP000225,47,8,09/07/2024,5.172928418,5.209481493,5.030846568,5.412982411,BRMS
UKENMI_ST_TP000225,47,9,16/07/2024,5.240696498,5.142924589,4.972385357,5.332576431,BRMS
UKENMI_ST_TP000225,47,10,23/07/2024,5.636716185,5.265333285,5.101542412,5.453691349,BRMS
UKENMI_ST_TP000225,47,11,30/07/2024,6.032735871,5.374067893,5.213117675,5.558682318,BRMS
UKENMI_ST_TP000225,47,12,06/08/2024,5.5909296,5.442427561,5.286840201,5.622726866,BRMS
UKENMI_ST_TP000225,47,13,13/08/2024,5.149123329,5.484170163,5.329634346,5.658057976,BRMS
UKENMI_ST_TP000225,47,14,20/08/2024,5.503677528,5.498051694,5.330646963,5.67127741,BRMS
UKENMI_ST_TP000225,47,15,27/08/2024,5.858231726,5.501798045,5.324114841,5.674528837,BRMS
UKENMI_ST_TP000225,47,16,03/09/2024,5.808735404,5.467254741,5.293472674,5.639022908,BRMS
UKENMI_ST_TP000225,47,17,10/09/2024,5.759239082,5.422695294,5.261059704,5.595178947,BRMS
UKENMI_ST_TP000225,47,18,17/09/2024,5.55960708,5.347248459,5.185188941,5.52551366,BRMS
UKENMI_ST_TP000225,47,19,24/09/2024,5.359975077,5.235384408,5.071917066,5.411398051,BRMS
UKENMI_ST_TP000225,47,20,01/10/2024,4.540088203,5.157641551,4.997671623,5.340149351,BRMS
UKENMI_ST_TP000225,47,21,08/10/2024,3.720201328,5.09831682,4.935504223,5.279840989,BRMS
UKENMI_ST_TP000225,47,22,15/10/2024,4.619885858,5.085794504,4.915480659,5.262788612,BRMS
UKENMI_ST_TP000225,47,23,22/10/2024,5.519570387,5.104029053,4.91500562,5.286972829,BRMS
UKENMI_ST_TP000225,47,24,29/10/2024,5.586661432,5.127920024,4.942496818,5.315315668,BRMS
UKENMI_ST_TP000225,47,25,05/11/2024,5.653752477,5.127019395,4.958127226,5.315286407,BRMS
UKENMI_ST_TP000225,47,26,12/11/2024,5.299820306,5.126236206,4.955225102,5.314597213,BRMS
UKENMI_ST_TP000225,47,27,19/11/2024,4.945888134,5.123030022,4.951833874,5.298904681,BRMS
UKENMI_ST_TP000225,47,28,26/11/2024,5.205635268,5.124616882,4.941287006,5.307291164,BRMS
UKENMI_ST_TP000225,47,29,03/12/2024,5.465382402,5.181223413,4.98915389,5.386369493,BRMS
UKENMI_ST_TP000225,47,30,10/12/2024,5.036818503,5.138711632,4.957793129,5.324753701,BRMS
UKENMI_ST_TP000225,47,31,17/12/2024,4.608254604,5.135920242,4.964716089,5.318090296,BRMS
UKENMI_ST_TP000225,47,32,24/12/2024,5.142485745,5.118103775,4.941388953,5.315964514,BRMS
UKENMI_ST_TP000225,47,33,31/12/2024,5.676716886,5.047779629,4.877608233,5.257678372,BRMS
UKENMI_ST_TP000225,47,34,07/01/2025,5.008673958,4.950826173,4.777979212,5.156173201,BRMS
UKENMI_ST_TP000225,47,35,14/01/2025,4.34063103,4.867796081,4.69354906,5.067521197,BRMS
UKENMI_ST_TP000225,47,36,21/01/2025,4.751069192,4.830473339,4.646308413,5.025637103,BRMS
UKENMI_ST_TP000225,47,37,28/01/2025,5.161507354,4.930545088,4.747105219,5.139592283,BRMS
UKENMI_ST_TP000225,47,38,04/02/2025,5.279155916,5.049436908,4.884457751,5.249779063,BRMS
UKENMI_ST_TP000225,47,39,11/02/2025,5.396804477,5.207651728,5.043706869,5.404151055,BRMS
UKENMI_ST_TP000225,47,40,18/02/2025,5.705152308,5.359731061,5.190734084,5.553592738,BRMS
UKENMI_ST_TP000225,47,41,25/02/2025,6.013500138,5.465327006,5.291130097,5.657106071,BRMS
UKENMI_ST_TP000225,47,42,04/03/2025,5.672299651,5.517215321,5.350018416,5.711450307,BRMS
UKENMI_ST_TP000225,47,43,11/03/2025,5.331099164,5.488514032,5.313278386,5.685772406,BRMS
UKENMI_ST_TP000225,47,44,18/03/2025,4.362285708,5.444601292,5.262462683,5.643780737,BRMS
UKENMI_ST_TP000225,47,45,25/03/2025,3.393472251,5.37391522,5.185776798,5.578066975,BRMS
UKENMI_ST_TP000241,48,1,21/05/2024,4.270533488,3.922105551,3.629305506,4.205279746,BRMS
UKENMI_ST_TP000241,48,2,28/05/2024,4.270533488,3.999043265,3.747202465,4.24485624,BRMS
UKENMI_ST_TP000241,48,3,04/06/2024,4.520454664,4.095497755,3.834062546,4.336040663,BRMS
UKENMI_ST_TP000241,48,4,11/06/2024,4.770375839,4.230643703,3.985446983,4.466627,BRMS
UKENMI_ST_TP000241,48,5,18/06/2024,4.886019796,4.3702458,4.137006317,4.598446928,BRMS
UKENMI_ST_TP000241,48,6,25/06/2024,5.001663752,4.480678666,4.260388157,4.701239692,BRMS
UKENMI_ST_TP000241,48,7,02/07/2024,5.120715963,4.557845644,4.35673969,4.790986717,BRMS
UKENMI_ST_TP000241,48,8,09/07/2024,5.239768174,4.64960492,4.439705044,4.883446879,BRMS
UKENMI_ST_TP000241,48,9,16/07/2024,5.239768174,4.614843845,4.416273762,4.835569757,BRMS
UKENMI_ST_TP000241,48,10,23/07/2024,5.167331999,4.749912309,4.564739172,4.971065576,BRMS
UKENMI_ST_TP000241,48,11,30/07/2024,5.605524975,4.858966446,4.672402315,5.077247069,BRMS
UKENMI_ST_TP000241,48,12,06/08/2024,5.605524975,4.917205283,4.728766699,5.135032528,BRMS
UKENMI_ST_TP000241,48,13,13/08/2024,5.960176284,4.942492804,4.754421536,5.161764278,BRMS
UKENMI_ST_TP000241,48,14,20/08/2024,5.876634618,4.952690293,4.759222291,5.177537116,BRMS
UKENMI_ST_TP000241,48,15,27/08/2024,5.799759233,4.957976918,4.770848278,5.194322082,BRMS
UKENMI_ST_TP000241,48,16,03/09/2024,5.722883847,4.925106107,4.734371648,5.146756118,BRMS
UKENMI_ST_TP000241,48,17,10/09/2024,5.379323349,4.87918201,4.690968232,5.117845047,BRMS
UKENMI_ST_TP000241,48,18,17/09/2024,5.03576285,4.798094331,4.584912061,5.026562469,BRMS
UKENMI_ST_TP000241,48,19,24/09/2024,5.322024269,4.676235984,4.45395442,4.896704338,BRMS
UKENMI_ST_TP000241,48,20,01/10/2024,5.608285687,4.585494908,4.366010395,4.814046669,BRMS
UKENMI_ST_TP000241,48,21,08/10/2024,5.777773783,4.518406175,4.306351384,4.743053485,BRMS
UKENMI_ST_TP000241,48,22,15/10/2024,5.947261878,4.504517506,4.310483677,4.739018124,BRMS
UKENMI_ST_TP000241,48,23,22/10/2024,5.795542683,4.532880043,4.331963105,4.746122936,BRMS
UKENMI_ST_TP000241,48,24,29/10/2024,5.643823487,4.566280629,4.356741476,4.777950152,BRMS
UKENMI_ST_TP000241,48,25,05/11/2024,5.542059951,4.57789815,4.365068845,4.781733296,BRMS
UKENMI_ST_TP000241,48,26,12/11/2024,5.440296414,4.593433421,4.382750647,4.811217301,BRMS
UKENMI_ST_TP000241,48,27,19/11/2024,5.20271594,4.585295446,4.397521608,4.805588619,BRMS
UKENMI_ST_TP000241,48,28,26/11/2024,4.965135465,4.571671583,4.3675203,4.7780024,BRMS
UKENMI_ST_TP000241,48,29,03/12/2024,4.965796523,4.601562604,4.404336854,4.828544322,BRMS
UKENMI_ST_TP000241,48,30,10/12/2024,4.966457581,4.588862031,4.376296833,4.812186371,BRMS
UKENMI_ST_TP000241,48,31,17/12/2024,5.400314077,4.604915094,4.396516344,4.818060904,BRMS
UKENMI_ST_TP000241,48,32,24/12/2024,5.834170573,4.616165918,4.422589232,4.83697098,BRMS
UKENMI_ST_TP000241,48,33,31/12/2024,5.569903835,4.557918029,4.356300009,4.779238363,BRMS
UKENMI_ST_TP000241,48,34,07/01/2025,5.305637096,4.458423925,4.266450541,4.693691274,BRMS
UKENMI_ST_TP000241,48,35,14/01/2025,4.750933806,4.374258098,4.188394862,4.608356353,BRMS
UKENMI_ST_TP000241,48,36,21/01/2025,4.196230515,4.338694899,4.135262691,4.567506281,BRMS
UKENMI_ST_TP000241,48,37,28/01/2025,4.824993278,4.414383244,4.220481163,4.628461071,BRMS
UKENMI_ST_TP000241,48,38,04/02/2025,5.453756041,4.54594569,4.353343913,4.772573639,BRMS
UKENMI_ST_TP000241,48,39,11/02/2025,5.170459714,4.713076789,4.506951724,4.931131617,BRMS
UKENMI_ST_TP000241,48,40,18/02/2025,4.887163387,4.865691577,4.661768549,5.07922121,BRMS
UKENMI_ST_TP000241,48,41,25/02/2025,5.230034963,4.949805765,4.746969286,5.167970108,BRMS
UKENMI_ST_TP000241,48,42,04/03/2025,5.572906538,4.995490068,4.793407291,5.225889872,BRMS
UKENMI_ST_TP000241,48,43,11/03/2025,5.814168477,4.976170563,4.754974502,5.21677812,BRMS
UKENMI_ST_TP000241,48,44,18/03/2025,6.055430416,4.946423766,4.720249668,5.181603186,BRMS
UKENMI_ST_TP000241,48,45,25/03/2025,6.055430416,4.895282631,4.660085453,5.142848006,BRMS
UKENMI_ST_TP000256,49,1,21/05/2024,NA,4.079258519,3.751786136,4.406555401,BRMS
UKENMI_ST_TP000256,49,2,28/05/2024,5.022753245,4.175062923,3.889308376,4.468371799,BRMS
UKENMI_ST_TP000256,49,3,04/06/2024,5.022753245,4.281487177,4.004055053,4.563539423,BRMS
UKENMI_ST_TP000256,49,4,11/06/2024,5.061609825,4.451897407,4.175680286,4.723982928,BRMS
UKENMI_ST_TP000256,49,5,18/06/2024,5.100466404,4.63954099,4.369798501,4.908628822,BRMS
UKENMI_ST_TP000256,49,6,25/06/2024,5.077592719,4.797251607,4.529503946,5.065600314,BRMS
UKENMI_ST_TP000256,49,7,02/07/2024,5.054719033,4.916477992,4.645853735,5.18702364,BRMS
UKENMI_ST_TP000256,49,8,09/07/2024,5.060029893,5.030382536,4.765471959,5.291893475,BRMS
UKENMI_ST_TP000256,49,9,16/07/2024,5.065340753,5.004028731,4.727602249,5.262816926,BRMS
UKENMI_ST_TP000256,49,10,23/07/2024,5.316535886,5.161915135,4.890287928,5.41964033,BRMS
UKENMI_ST_TP000256,49,11,30/07/2024,5.567731019,5.28833433,5.033052435,5.547346729,BRMS
UKENMI_ST_TP000256,49,12,06/08/2024,6.191659004,5.362344774,5.102565155,5.613249224,BRMS
UKENMI_ST_TP000256,49,13,13/08/2024,6.815586989,5.395369875,5.131840881,5.640772905,BRMS
UKENMI_ST_TP000256,49,14,20/08/2024,5.967087806,5.414848036,5.158027031,5.655827427,BRMS
UKENMI_ST_TP000256,49,15,27/08/2024,5.118588623,5.443409665,5.176165966,5.6929287,BRMS
UKENMI_ST_TP000256,49,16,03/09/2024,5.225209854,5.434219761,5.158204058,5.679435242,BRMS
UKENMI_ST_TP000256,49,17,10/09/2024,5.331831085,5.418226757,5.135880251,5.679137947,BRMS
UKENMI_ST_TP000256,49,18,17/09/2024,5.223612585,5.352190272,5.081939747,5.614462077,BRMS
UKENMI_ST_TP000256,49,19,24/09/2024,5.115394084,5.247240441,4.972163214,5.490396951,BRMS
UKENMI_ST_TP000256,49,20,01/10/2024,5.439245628,5.163430469,4.890967689,5.407869433,BRMS
UKENMI_ST_TP000256,49,21,08/10/2024,5.763097172,5.117684836,4.840425176,5.363485782,BRMS
UKENMI_ST_TP000256,49,22,15/10/2024,5.471717457,5.138351852,4.855529783,5.389728518,BRMS
UKENMI_ST_TP000256,49,23,22/10/2024,5.180337742,5.193974498,4.920618817,5.437319078,BRMS
UKENMI_ST_TP000256,49,24,29/10/2024,5.143801328,5.235485847,4.969418055,5.480757982,BRMS
UKENMI_ST_TP000256,49,25,05/11/2024,5.107264914,5.250510242,4.982023268,5.499252129,BRMS
UKENMI_ST_TP000256,49,26,12/11/2024,5.193239581,5.256002368,5.004297227,5.528262877,BRMS
UKENMI_ST_TP000256,49,27,19/11/2024,5.279214247,5.254822443,5.006601616,5.532101276,BRMS
UKENMI_ST_TP000256,49,28,26/11/2024,5.01613912,5.251323583,5.011861573,5.497921082,BRMS
UKENMI_ST_TP000256,49,29,03/12/2024,4.753063993,5.269606693,5.025319962,5.564451367,BRMS
UKENMI_ST_TP000256,49,30,10/12/2024,4.07770084,5.230639171,4.999918239,5.489929997,BRMS
UKENMI_ST_TP000256,49,31,17/12/2024,3.402337687,5.206183092,4.969146617,5.481260264,BRMS
UKENMI_ST_TP000256,49,32,24/12/2024,4.185807531,5.182131456,4.924793356,5.431315082,BRMS
UKENMI_ST_TP000256,49,33,31/12/2024,4.969277375,5.068255973,4.830416959,5.312410294,BRMS
UKENMI_ST_TP000256,49,34,07/01/2025,5.049703111,4.945860362,4.708151458,5.186849186,BRMS
UKENMI_ST_TP000256,49,35,14/01/2025,5.130128847,4.864824752,4.63406912,5.098779448,BRMS
UKENMI_ST_TP000256,49,36,21/01/2025,5.061449991,4.828639187,4.583123316,5.073456208,BRMS
UKENMI_ST_TP000256,49,37,28/01/2025,4.992771134,4.88758784,4.644946516,5.131592654,BRMS
UKENMI_ST_TP000256,49,38,04/02/2025,5.245803197,4.991975371,4.747970224,5.245532949,BRMS
UKENMI_ST_TP000256,49,39,11/02/2025,5.498835259,5.12767556,4.881721408,5.382081453,BRMS
UKENMI_ST_TP000256,49,40,18/02/2025,5.746259708,5.265650603,5.000188648,5.513909964,BRMS
UKENMI_ST_TP000256,49,41,25/02/2025,5.993684156,5.340746717,5.060140147,5.605799855,BRMS
UKENMI_ST_TP000256,49,42,04/03/2025,5.478813664,5.373142092,5.071709368,5.652100215,BRMS
UKENMI_ST_TP000256,49,43,11/03/2025,4.963943171,5.33621699,5.021374457,5.612544593,BRMS
UKENMI_ST_TP000256,49,44,18/03/2025,5.331734974,5.269968198,4.954136466,5.55216976,BRMS
UKENMI_ST_TP000256,49,45,25/03/2025,5.699526777,5.179781009,4.838306371,5.482310585,BRMS
UKENNE_NU_TP000012,50,1,21/05/2024,NA,3.854207266,3.451830088,4.230744878,BRMS
UKENNE_NU_TP000012,50,2,28/05/2024,3.504627784,3.946484738,3.60013453,4.272333606,BRMS
UKENNE_NU_TP000012,50,3,04/06/2024,3.944549901,4.068226779,3.736489892,4.39219333,BRMS
UKENNE_NU_TP000012,50,4,11/06/2024,3.944549901,4.226616719,3.913658183,4.539054919,BRMS
UKENNE_NU_TP000012,50,5,18/06/2024,4.384472018,4.380106433,4.073152369,4.689089497,BRMS
UKENNE_NU_TP000012,50,6,25/06/2024,5.084801029,4.515005714,4.205274361,4.823478375,BRMS
UKENNE_NU_TP000012,50,7,02/07/2024,5.084801029,4.638830175,4.326289964,4.941323602,BRMS
UKENNE_NU_TP000012,50,8,09/07/2024,5.054159951,4.754097186,4.446875643,5.042437565,BRMS
UKENNE_NU_TP000012,50,9,16/07/2024,5.023518873,4.70797087,4.403107545,5.013091156,BRMS
UKENNE_NU_TP000012,50,10,23/07/2024,5.036214969,4.88538485,4.596711889,5.185387528,BRMS
UKENNE_NU_TP000012,50,11,30/07/2024,5.048911064,5.031027174,4.741323583,5.340320882,BRMS
UKENNE_NU_TP000012,50,12,06/08/2024,5.3631133,5.145371245,4.857266236,5.46991102,BRMS
UKENNE_NU_TP000012,50,13,13/08/2024,5.677315536,5.203637634,4.916166716,5.528513152,BRMS
UKENNE_NU_TP000012,50,14,20/08/2024,5.406419333,5.21298672,4.921914225,5.533596364,BRMS
UKENNE_NU_TP000012,50,15,27/08/2024,5.13552313,5.225512047,4.939181718,5.538256305,BRMS
UKENNE_NU_TP000012,50,16,03/09/2024,5.33963745,5.208031429,4.891598372,5.522070555,BRMS
UKENNE_NU_TP000012,50,17,10/09/2024,5.54375177,5.200967609,4.900941155,5.511582717,BRMS
UKENNE_NU_TP000012,50,18,17/09/2024,5.639920911,5.122787929,4.823307748,5.417415703,BRMS
UKENNE_NU_TP000012,50,19,24/09/2024,5.736090051,5.014867271,4.716330429,5.316786265,BRMS
UKENNE_NU_TP000012,50,20,01/10/2024,5.733305735,4.932086342,4.644111447,5.228233146,BRMS
UKENNE_NU_TP000012,50,21,08/10/2024,5.730521419,4.879574387,4.586763935,5.176548677,BRMS
UKENNE_NU_TP000012,50,22,15/10/2024,5.426918895,4.889701699,4.608826521,5.195418507,BRMS
UKENNE_NU_TP000012,50,23,22/10/2024,5.123316371,4.905595909,4.61631468,5.193756081,BRMS
UKENNE_NU_TP000012,50,24,29/10/2024,5.182867911,4.938978492,4.643287887,5.22037892,BRMS
UKENNE_NU_TP000012,50,25,05/11/2024,5.242419451,4.954452033,4.658977899,5.245487414,BRMS
UKENNE_NU_TP000012,50,26,12/11/2024,5.335398889,4.967123929,4.687843498,5.249781563,BRMS
UKENNE_NU_TP000012,50,27,19/11/2024,5.428378326,4.96618252,4.688961838,5.248407776,BRMS
UKENNE_NU_TP000012,50,28,26/11/2024,5.5592857,4.960731738,4.676604912,5.247525195,BRMS
UKENNE_NU_TP000012,50,29,03/12/2024,5.690193074,4.995850041,4.709344101,5.289801311,BRMS
UKENNE_NU_TP000012,50,30,10/12/2024,4.942200569,4.99424432,4.703338862,5.288223506,BRMS
UKENNE_NU_TP000012,50,31,17/12/2024,4.194208063,5.033859581,4.743112826,5.319746515,BRMS
UKENNE_NU_TP000012,50,32,24/12/2024,3.801402,5.019427316,4.745584806,5.297985473,BRMS
UKENNE_NU_TP000012,50,33,31/12/2024,3.408595936,4.926297452,4.623004075,5.206550156,BRMS
UKENNE_NU_TP000012,50,34,07/01/2025,4.362336738,4.803732966,4.486674431,5.102835704,BRMS
UKENNE_NU_TP000012,50,35,14/01/2025,5.316077539,4.695398374,4.39552498,4.983828989,BRMS
UKENNE_NU_TP000012,50,36,21/01/2025,5.124498523,4.64643281,4.353383515,4.925949038,BRMS
UKENNE_NU_TP000012,50,37,28/01/2025,4.932919506,4.713179528,4.409703584,5.001195261,BRMS
UKENNE_NU_TP000012,50,38,04/02/2025,3.96457153,4.866995954,4.563582266,5.171393192,BRMS
UKENNE_NU_TP000012,50,39,11/02/2025,2.996223554,5.04051114,4.726216508,5.337625791,BRMS
UKENNE_NU_TP000012,50,40,18/02/2025,4.590660985,5.175089028,4.8613543,5.474575315,BRMS
UKENNE_NU_TP000012,50,41,25/02/2025,6.185098415,5.242082864,4.922689689,5.552052474,BRMS
UKENNE_NU_TP000012,50,42,04/03/2025,5.944734837,5.261730587,4.938588309,5.576234872,BRMS
UKENNE_NU_TP000012,50,43,11/03/2025,5.704371259,5.223231415,4.877965138,5.545539179,BRMS
UKENNE_NU_TP000012,50,44,18/03/2025,5.974905629,5.16956925,4.801005733,5.502350123,BRMS
UKENNE_NU_TP000012,50,45,25/03/2025,6.245439999,5.109149774,4.729413774,5.466551809,BRMS
UKENNE_NU_TP000028,51,1,21/05/2024,NA,3.79233218,3.3891342,4.139575636,BRMS
UKENNE_NU_TP000028,51,2,28/05/2024,NA,3.889180625,3.505732133,4.214770036,BRMS
UKENNE_NU_TP000028,51,3,04/06/2024,NA,4.011475853,3.650240557,4.34684709,BRMS
UKENNE_NU_TP000028,51,4,11/06/2024,NA,4.175381756,3.847163829,4.483680916,BRMS
UKENNE_NU_TP000028,51,5,18/06/2024,4.976490082,4.332212978,4.032588946,4.63198051,BRMS
UKENNE_NU_TP000028,51,6,25/06/2024,4.976490082,4.470215636,4.177590153,4.760195611,BRMS
UKENNE_NU_TP000028,51,7,02/07/2024,4.727189567,4.59520274,4.316110026,4.880018508,BRMS
UKENNE_NU_TP000028,51,8,09/07/2024,4.477889051,4.711397593,4.434165101,4.987864962,BRMS
UKENNE_NU_TP000028,51,9,16/07/2024,4.122174878,4.66990389,4.396718619,4.934118724,BRMS
UKENNE_NU_TP000028,51,10,23/07/2024,3.766460705,4.848259028,4.604715971,5.100210861,BRMS
UKENNE_NU_TP000028,51,11,30/07/2024,4.004613532,4.99673331,4.756763215,5.252623746,BRMS
UKENNE_NU_TP000028,51,12,06/08/2024,4.242766358,5.111932288,4.87614477,5.368414258,BRMS
UKENNE_NU_TP000028,51,13,13/08/2024,4.773031893,5.169981462,4.933223703,5.408267573,BRMS
UKENNE_NU_TP000028,51,14,20/08/2024,5.303297427,5.178091329,4.943560236,5.412861305,BRMS
UKENNE_NU_TP000028,51,15,27/08/2024,5.326548251,5.188820709,4.964666941,5.413738339,BRMS
UKENNE_NU_TP000028,51,16,03/09/2024,5.349799075,5.171647538,4.935284173,5.396800594,BRMS
UKENNE_NU_TP000028,51,17,10/09/2024,5.508175574,5.1634875,4.932701466,5.385086736,BRMS
UKENNE_NU_TP000028,51,18,17/09/2024,5.666552072,5.086611182,4.857532618,5.306335233,BRMS
UKENNE_NU_TP000028,51,19,24/09/2024,5.597896566,4.977384454,4.747886677,5.203677456,BRMS
UKENNE_NU_TP000028,51,20,01/10/2024,5.52924106,4.897719356,4.668599561,5.122731132,BRMS
UKENNE_NU_TP000028,51,21,08/10/2024,5.08483096,4.844904685,4.623359416,5.064130145,BRMS
UKENNE_NU_TP000028,51,22,15/10/2024,4.64042086,4.855999148,4.629355859,5.07572561,BRMS
UKENNE_NU_TP000028,51,23,22/10/2024,4.670531016,4.87391167,4.645021964,5.087207354,BRMS
UKENNE_NU_TP000028,51,24,29/10/2024,4.700641171,4.91037,4.671999734,5.127948424,BRMS
UKENNE_NU_TP000028,51,25,05/11/2024,5.074402848,4.925031102,4.683491182,5.144299982,BRMS
UKENNE_NU_TP000028,51,26,12/11/2024,5.448164524,4.939660995,4.708877304,5.150938104,BRMS
UKENNE_NU_TP000028,51,27,19/11/2024,5.098786645,4.937030685,4.704156155,5.15806956,BRMS
UKENNE_NU_TP000028,51,28,26/11/2024,4.749408765,4.930936273,4.691963944,5.163545615,BRMS
UKENNE_NU_TP000028,51,29,03/12/2024,4.43124667,4.965910205,4.732769576,5.194940813,BRMS
UKENNE_NU_TP000028,51,30,10/12/2024,4.113084575,4.963891055,4.717111739,5.204359591,BRMS
UKENNE_NU_TP000028,51,31,17/12/2024,4.530378438,5.004816182,4.773932093,5.226792089,BRMS
UKENNE_NU_TP000028,51,32,24/12/2024,4.947672301,4.988086967,4.768548367,5.221062439,BRMS
UKENNE_NU_TP000028,51,33,31/12/2024,5.190022549,4.893059069,4.662676976,5.119939056,BRMS
UKENNE_NU_TP000028,51,34,07/01/2025,5.432372797,4.765217276,4.525964416,4.998338994,BRMS
UKENNE_NU_TP000028,51,35,14/01/2025,5.261510128,4.656393298,4.429144135,4.893322923,BRMS
UKENNE_NU_TP000028,51,36,21/01/2025,5.090647459,4.607309421,4.364120868,4.853846022,BRMS
UKENNE_NU_TP000028,51,37,28/01/2025,4.772940516,4.677102181,4.427726723,4.933435412,BRMS
UKENNE_NU_TP000028,51,38,04/02/2025,4.455233572,4.825631338,4.562237343,5.083567686,BRMS
UKENNE_NU_TP000028,51,39,11/02/2025,4.865521313,5.002890382,4.732026286,5.265761366,BRMS
UKENNE_NU_TP000028,51,40,18/02/2025,5.275809054,5.137252109,4.861785061,5.412803866,BRMS
UKENNE_NU_TP000028,51,41,25/02/2025,5.535694406,5.201706879,4.911806243,5.482936705,BRMS
UKENNE_NU_TP000028,51,42,04/03/2025,5.795579758,5.222683839,4.923121345,5.518512963,BRMS
UKENNE_NU_TP000028,51,43,11/03/2025,5.827078188,5.180275186,4.876801793,5.492131191,BRMS
UKENNE_NU_TP000028,51,44,18/03/2025,5.858576618,5.124217858,4.801437884,5.441688685,BRMS
UKENNE_NU_TP000028,51,45,25/03/2025,5.03574668,5.063762529,4.705240739,5.392151169,BRMS
UKENNE_NU_TP000030,52,1,21/05/2024,NA,4.285284343,3.874909394,4.688849791,BRMS
UKENNE_NU_TP000030,52,2,28/05/2024,3.50831687,4.380060967,4.010525338,4.718011468,BRMS
UKENNE_NU_TP000030,52,3,04/06/2024,3.856749478,4.501341516,4.147122535,4.829297703,BRMS
UKENNE_NU_TP000030,52,4,11/06/2024,3.856749478,4.663435216,4.326011836,4.989711816,BRMS
UKENNE_NU_TP000030,52,5,18/06/2024,4.205182086,4.8181481,4.47656314,5.14742318,BRMS
UKENNE_NU_TP000030,52,6,25/06/2024,4.785042564,4.954572848,4.613676481,5.282850643,BRMS
UKENNE_NU_TP000030,52,7,02/07/2024,4.785042564,5.07814964,4.753106011,5.406697559,BRMS
UKENNE_NU_TP000030,52,8,09/07/2024,4.660428154,5.193874238,4.878957545,5.504002003,BRMS
UKENNE_NU_TP000030,52,9,16/07/2024,4.535813744,5.150408005,4.830943395,5.465957872,BRMS
UKENNE_NU_TP000030,52,10,23/07/2024,4.827366273,5.326917188,5.03252766,5.648196368,BRMS
UKENNE_NU_TP000030,52,11,30/07/2024,5.118918801,5.472605247,5.174063125,5.794519323,BRMS
UKENNE_NU_TP000030,52,12,06/08/2024,5.394874867,5.586442168,5.293693317,5.921317761,BRMS
UKENNE_NU_TP000030,52,13,13/08/2024,5.670830932,5.643663275,5.359317544,5.989883035,BRMS
UKENNE_NU_TP000030,52,14,20/08/2024,5.834919772,5.650811387,5.361888558,5.996167008,BRMS
UKENNE_NU_TP000030,52,15,27/08/2024,5.999008611,5.664456261,5.386896993,6.012994758,BRMS
UKENNE_NU_TP000030,52,16,03/09/2024,6.182762918,5.645488102,5.345259485,5.997276368,BRMS
UKENNE_NU_TP000030,52,17,10/09/2024,6.366517224,5.63768725,5.345826123,5.989158067,BRMS
UKENNE_NU_TP000030,52,18,17/09/2024,6.162261186,5.560146721,5.273324772,5.900036088,BRMS
UKENNE_NU_TP000030,52,19,24/09/2024,5.958005148,5.450755898,5.155473188,5.79382793,BRMS
UKENNE_NU_TP000030,52,20,01/10/2024,4.667857981,5.371802264,5.090095479,5.706384326,BRMS
UKENNE_NU_TP000030,52,21,08/10/2024,3.377710814,5.318042697,5.040480922,5.646764017,BRMS
UKENNE_NU_TP000030,52,22,15/10/2024,4.626837879,5.329662627,5.050275869,5.656806219,BRMS
UKENNE_NU_TP000030,52,23,22/10/2024,5.875964944,5.346325687,5.066852302,5.644953537,BRMS
UKENNE_NU_TP000030,52,24,29/10/2024,5.66918124,5.382082338,5.098565197,5.684952974,BRMS
UKENNE_NU_TP000030,52,25,05/11/2024,5.462397535,5.397299534,5.109441954,5.719120906,BRMS
UKENNE_NU_TP000030,52,26,12/11/2024,5.839856474,5.412628854,5.137980827,5.716945683,BRMS
UKENNE_NU_TP000030,52,27,19/11/2024,6.217315413,5.411230172,5.138551624,5.705319875,BRMS
UKENNE_NU_TP000030,52,28,26/11/2024,5.914935768,5.405046073,5.122201336,5.697278755,BRMS
UKENNE_NU_TP000030,52,29,03/12/2024,5.612556123,5.441305724,5.150087343,5.754421765,BRMS
UKENNE_NU_TP000030,52,30,10/12/2024,5.353871934,5.439346705,5.141039229,5.736565369,BRMS
UKENNE_NU_TP000030,52,31,17/12/2024,5.095187745,5.48105555,5.184539992,5.782832815,BRMS
UKENNE_NU_TP000030,52,32,24/12/2024,5.542562198,5.465917851,5.189742599,5.758039841,BRMS
UKENNE_NU_TP000030,52,33,31/12/2024,5.989936651,5.372238815,5.079388428,5.661154295,BRMS
UKENNE_NU_TP000030,52,34,07/01/2025,5.706862849,5.246519512,4.929548328,5.549692347,BRMS
UKENNE_NU_TP000030,52,35,14/01/2025,5.423789046,5.138728228,4.845199608,5.448758584,BRMS
UKENNE_NU_TP000030,52,36,21/01/2025,5.27334345,5.089786008,4.790412863,5.401009645,BRMS
UKENNE_NU_TP000030,52,37,28/01/2025,5.122897853,5.15864312,4.8638793,5.463404498,BRMS
UKENNE_NU_TP000030,52,38,04/02/2025,5.338959262,5.309507825,5.003867956,5.627603322,BRMS
UKENNE_NU_TP000030,52,39,11/02/2025,5.555020671,5.485286216,5.165768857,5.810563277,BRMS
UKENNE_NU_TP000030,52,40,18/02/2025,5.922261191,5.619361018,5.298493343,5.950322599,BRMS
UKENNE_NU_TP000030,52,41,25/02/2025,6.289501711,5.683902259,5.35359554,6.035049612,BRMS
UKENNE_NU_TP000030,52,42,04/03/2025,6.275198227,5.705258488,5.363712928,6.058367885,BRMS
UKENNE_NU_TP000030,52,43,11/03/2025,6.260894743,5.663772567,5.312588697,6.036894357,BRMS
UKENNE_NU_TP000030,52,44,18/03/2025,6.265509395,5.608934426,5.245694586,5.994103565,BRMS
UKENNE_NU_TP000030,52,45,25/03/2025,6.270124047,5.549064315,5.167668671,5.956692873,BRMS
UKENNE_NU_TP000031,53,1,21/05/2024,NA,3.686410019,3.267423504,4.058974935,BRMS
UKENNE_NU_TP000031,53,2,28/05/2024,3.65000043,3.783628984,3.379272615,4.141840637,BRMS
UKENNE_NU_TP000031,53,3,04/06/2024,3.914189808,3.907320248,3.518671208,4.274326836,BRMS
UKENNE_NU_TP000031,53,4,11/06/2024,3.914189808,4.072716376,3.72370579,4.416850915,BRMS
UKENNE_NU_TP000031,53,5,18/06/2024,4.178379186,4.231180765,3.904435278,4.566099823,BRMS
UKENNE_NU_TP000031,53,6,25/06/2024,3.877867468,4.369728937,4.062754238,4.693659615,BRMS
UKENNE_NU_TP000031,53,7,02/07/2024,3.877867468,4.495600818,4.189003255,4.805946556,BRMS
UKENNE_NU_TP000031,53,8,09/07/2024,3.635568283,4.609972618,4.315897461,4.915290172,BRMS
UKENNE_NU_TP000031,53,9,16/07/2024,3.393269098,4.570219118,4.285053374,4.871061776,BRMS
UKENNE_NU_TP000031,53,10,23/07/2024,4.077944209,4.750236383,4.48807,5.028979047,BRMS
UKENNE_NU_TP000031,53,11,30/07/2024,4.76261932,4.897295657,4.649147394,5.164404386,BRMS
UKENNE_NU_TP000031,53,12,06/08/2024,4.983198193,5.013013116,4.771797678,5.28192932,BRMS
UKENNE_NU_TP000031,53,13,13/08/2024,5.203777066,5.071043502,4.834761229,5.328517529,BRMS
UKENNE_NU_TP000031,53,14,20/08/2024,5.13092782,5.077632003,4.844179854,5.321554337,BRMS
UKENNE_NU_TP000031,53,15,27/08/2024,5.058078574,5.090949208,4.863163447,5.326643552,BRMS
UKENNE_NU_TP000031,53,16,03/09/2024,4.897507389,5.073862385,4.836956468,5.303432836,BRMS
UKENNE_NU_TP000031,53,17,10/09/2024,4.736936203,5.064975068,4.830380337,5.286439301,BRMS
UKENNE_NU_TP000031,53,18,17/09/2024,4.824554742,4.988254196,4.754569609,5.220344803,BRMS
UKENNE_NU_TP000031,53,19,24/09/2024,4.912173281,4.879418027,4.646776488,5.109651105,BRMS
UKENNE_NU_TP000031,53,20,01/10/2024,4.86070734,4.799721335,4.574617084,5.017344985,BRMS
UKENNE_NU_TP000031,53,21,08/10/2024,4.809241398,4.748083998,4.521327642,4.968243025,BRMS
UKENNE_NU_TP000031,53,22,15/10/2024,4.641300061,4.761173569,4.54310218,4.993397098,BRMS
UKENNE_NU_TP000031,53,23,22/10/2024,4.473358724,4.77942576,4.54273171,5.009530607,BRMS
UKENNE_NU_TP000031,53,24,29/10/2024,4.380261633,4.81576819,4.583056096,5.05198751,BRMS
UKENNE_NU_TP000031,53,25,05/11/2024,4.287164541,4.832025041,4.599736873,5.066030373,BRMS
UKENNE_NU_TP000031,53,26,12/11/2024,4.61785846,4.84697159,4.617013278,5.066824903,BRMS
UKENNE_NU_TP000031,53,27,19/11/2024,4.948552378,4.844506636,4.609393259,5.071943367,BRMS
UKENNE_NU_TP000031,53,28,26/11/2024,5.020497621,4.836175102,4.596059998,5.070534847,BRMS
UKENNE_NU_TP000031,53,29,03/12/2024,5.092442863,4.873792236,4.640271817,5.112535465,BRMS
UKENNE_NU_TP000031,53,30,10/12/2024,4.987200049,4.870184837,4.626206497,5.11509082,BRMS
UKENNE_NU_TP000031,53,31,17/12/2024,4.881957234,4.911716667,4.682024063,5.145639487,BRMS
UKENNE_NU_TP000031,53,32,24/12/2024,5.103325016,4.894594095,4.65275285,5.13512573,BRMS
UKENNE_NU_TP000031,53,33,31/12/2024,5.324692797,4.799234189,4.565143766,5.037042698,BRMS
UKENNE_NU_TP000031,53,34,07/01/2025,5.180304709,4.670389997,4.427886679,4.917981045,BRMS
UKENNE_NU_TP000031,53,35,14/01/2025,5.03591662,4.561364381,4.316386914,4.81366637,BRMS
UKENNE_NU_TP000031,53,36,21/01/2025,4.901591168,4.512126963,4.252559224,4.759790965,BRMS
UKENNE_NU_TP000031,53,37,28/01/2025,4.767265716,4.581606399,4.319162343,4.842147495,BRMS
UKENNE_NU_TP000031,53,38,04/02/2025,3.587790669,4.729786511,4.457142898,4.984634369,BRMS
UKENNE_NU_TP000031,53,39,11/02/2025,2.408315622,4.908132373,4.63790947,5.172692475,BRMS
UKENNE_NU_TP000031,53,40,18/02/2025,3.836121828,5.042991273,4.766183531,5.316369549,BRMS
UKENNE_NU_TP000031,53,41,25/02/2025,5.263928033,5.102952593,4.816454182,5.38485849,BRMS
UKENNE_NU_TP000031,53,42,04/03/2025,5.151234537,5.126302103,4.827960354,5.423425548,BRMS
UKENNE_NU_TP000031,53,43,11/03/2025,5.03854104,5.083240596,4.774482718,5.396476622,BRMS
UKENNE_NU_TP000031,53,44,18/03/2025,5.151194858,5.025383144,4.69840175,5.348057776,BRMS
UKENNE_NU_TP000031,53,45,25/03/2025,5.263848675,4.963506303,4.61330521,5.289055949,BRMS
UKENNE_NU_TP000039,54,1,21/05/2024,NA,3.954115258,3.607370245,4.271380251,BRMS
UKENNE_NU_TP000039,54,2,28/05/2024,NA,4.045628137,3.723939513,4.344016196,BRMS
UKENNE_NU_TP000039,54,3,04/06/2024,NA,4.169609886,3.859382407,4.460806132,BRMS
UKENNE_NU_TP000039,54,4,11/06/2024,NA,4.327464213,4.03392697,4.610448447,BRMS
UKENNE_NU_TP000039,54,5,18/06/2024,NA,4.48183771,4.208887628,4.765800503,BRMS
UKENNE_NU_TP000039,54,6,25/06/2024,NA,4.616716142,4.343164862,4.888335422,BRMS
UKENNE_NU_TP000039,54,7,02/07/2024,NA,4.74119055,4.46563,4.990290405,BRMS
UKENNE_NU_TP000039,54,8,09/07/2024,NA,4.857288893,4.590175501,5.110975702,BRMS
UKENNE_NU_TP000039,54,9,16/07/2024,NA,4.809596683,4.547674288,5.065717093,BRMS
UKENNE_NU_TP000039,54,10,23/07/2024,NA,4.989839701,4.747143806,5.222378122,BRMS
UKENNE_NU_TP000039,54,11,30/07/2024,NA,5.137123245,4.906328489,5.369840363,BRMS
UKENNE_NU_TP000039,54,12,06/08/2024,NA,5.252583089,5.034755125,5.485870444,BRMS
UKENNE_NU_TP000039,54,13,13/08/2024,NA,5.312921559,5.089848778,5.552307526,BRMS
UKENNE_NU_TP000039,54,14,20/08/2024,NA,5.323480218,5.101911879,5.557724823,BRMS
UKENNE_NU_TP000039,54,15,27/08/2024,NA,5.33320538,5.114429843,5.559665362,BRMS
UKENNE_NU_TP000039,54,16,03/09/2024,NA,5.318725926,5.103441557,5.546727266,BRMS
UKENNE_NU_TP000039,54,17,10/09/2024,NA,5.312460281,5.107708741,5.531532177,BRMS
UKENNE_NU_TP000039,54,18,17/09/2024,NA,5.234785052,5.034124182,5.446465326,BRMS
UKENNE_NU_TP000039,54,19,24/09/2024,NA,5.126356054,4.920941986,5.348386063,BRMS
UKENNE_NU_TP000039,54,20,01/10/2024,NA,5.041627967,4.834495432,5.263911037,BRMS
UKENNE_NU_TP000039,54,21,08/10/2024,NA,4.990017077,4.783014022,5.208018776,BRMS
UKENNE_NU_TP000039,54,22,15/10/2024,NA,4.998266783,4.798812118,5.221296607,BRMS
UKENNE_NU_TP000039,54,23,22/10/2024,NA,5.014569322,4.806030975,5.223850595,BRMS
UKENNE_NU_TP000039,54,24,29/10/2024,NA,5.046970123,4.837294609,5.256018998,BRMS
UKENNE_NU_TP000039,54,25,05/11/2024,NA,5.061377887,4.837305639,5.272795118,BRMS
UKENNE_NU_TP000039,54,26,12/11/2024,NA,5.072795366,4.864415735,5.280619505,BRMS
UKENNE_NU_TP000039,54,27,19/11/2024,5.697291888,5.070168889,4.85691296,5.286163923,BRMS
UKENNE_NU_TP000039,54,28,26/11/2024,5.697291888,5.065352116,4.838674188,5.294475628,BRMS
UKENNE_NU_TP000039,54,29,03/12/2024,5.822551632,5.097867698,4.867909665,5.323644122,BRMS
UKENNE_NU_TP000039,54,30,10/12/2024,5.947811375,5.096574631,4.861159285,5.333181003,BRMS
UKENNE_NU_TP000039,54,31,17/12/2024,5.947811375,5.134363736,4.912460217,5.356418007,BRMS
UKENNE_NU_TP000039,54,32,24/12/2024,6.008263766,5.118689956,4.888990734,5.339999888,BRMS
UKENNE_NU_TP000039,54,33,31/12/2024,5.30207053,5.024754475,4.799138417,5.255690657,BRMS
UKENNE_NU_TP000039,54,34,07/01/2025,5.30207053,4.903069682,4.66175312,5.147885026,BRMS
UKENNE_NU_TP000039,54,35,14/01/2025,4.854837495,4.793547,4.547779792,5.040524175,BRMS
UKENNE_NU_TP000039,54,36,21/01/2025,5.113797697,4.744348011,4.499307915,4.984627011,BRMS
UKENNE_NU_TP000039,54,37,28/01/2025,5.515650621,4.809558552,4.559922863,5.076339094,BRMS
UKENNE_NU_TP000039,54,38,04/02/2025,5.917503544,4.964010049,4.720372748,5.217554337,BRMS
UKENNE_NU_TP000039,54,39,11/02/2025,6.009558877,5.137529847,4.882309843,5.391137407,BRMS
UKENNE_NU_TP000039,54,40,18/02/2025,6.10161421,5.272437815,5.019060591,5.532295783,BRMS
UKENNE_NU_TP000039,54,41,25/02/2025,5.798500459,5.340993306,5.081372095,5.606279956,BRMS
UKENNE_NU_TP000039,54,42,04/03/2025,5.495386707,5.358673667,5.109702894,5.628096534,BRMS
UKENNE_NU_TP000039,54,43,11/03/2025,5.57540114,5.322283471,5.064633672,5.60235637,BRMS
UKENNE_NU_TP000039,54,44,18/03/2025,5.655415572,5.268437472,5.000521831,5.559046406,BRMS
UKENNE_NU_TP000039,54,45,25/03/2025,5.655415572,5.207827437,4.921593032,5.502020179,BRMS
UKENNE_NU_TP000046,55,1,21/05/2024,NA,4.152717577,3.771812362,4.526921591,BRMS
UKENNE_NU_TP000046,55,2,28/05/2024,5.097258986,4.245708616,3.909927267,4.562820618,BRMS
UKENNE_NU_TP000046,55,3,04/06/2024,5.097258986,4.367136936,4.042115389,4.674743246,BRMS
UKENNE_NU_TP000046,55,4,11/06/2024,5.226994195,4.526266537,4.212785395,4.826673339,BRMS
UKENNE_NU_TP000046,55,5,18/06/2024,5.356729404,4.679810094,4.375194813,4.966772758,BRMS
UKENNE_NU_TP000046,55,6,25/06/2024,4.607293385,4.814682331,4.51666682,5.094212832,BRMS
UKENNE_NU_TP000046,55,7,02/07/2024,3.857857366,4.938015136,4.64765663,5.214538959,BRMS
UKENNE_NU_TP000046,55,8,09/07/2024,4.604233253,5.053327638,4.768775324,5.321088267,BRMS
UKENNE_NU_TP000046,55,9,16/07/2024,5.350609139,5.006864609,4.72257121,5.279581746,BRMS
UKENNE_NU_TP000046,55,10,23/07/2024,4.348743401,5.183442337,4.926043541,5.455707429,BRMS
UKENNE_NU_TP000046,55,11,30/07/2024,3.346877663,5.328891736,5.07356266,5.607155343,BRMS
UKENNE_NU_TP000046,55,12,06/08/2024,4.655774972,5.442854944,5.179154403,5.732475241,BRMS
UKENNE_NU_TP000046,55,13,13/08/2024,5.96467228,5.500824231,5.24609142,5.794128935,BRMS
UKENNE_NU_TP000046,55,14,20/08/2024,5.940419416,5.508933706,5.262857383,5.802565123,BRMS
UKENNE_NU_TP000046,55,15,27/08/2024,5.916166551,5.521040847,5.279397736,5.806971454,BRMS
UKENNE_NU_TP000046,55,16,03/09/2024,5.96082923,5.503365351,5.242700581,5.796749399,BRMS
UKENNE_NU_TP000046,55,17,10/09/2024,6.005491908,5.496078839,5.244120262,5.780545416,BRMS
UKENNE_NU_TP000046,55,18,17/09/2024,5.6668225,5.418089664,5.164679333,5.698640518,BRMS
UKENNE_NU_TP000046,55,19,24/09/2024,5.328153092,5.309425807,5.056468889,5.591100182,BRMS
UKENNE_NU_TP000046,55,20,01/10/2024,5.151630535,5.22846915,4.989053231,5.50973265,BRMS
UKENNE_NU_TP000046,55,21,08/10/2024,4.975107978,5.175518749,4.937470867,5.459393591,BRMS
UKENNE_NU_TP000046,55,22,15/10/2024,5.413842667,5.185632329,4.936995129,5.46132431,BRMS
UKENNE_NU_TP000046,55,23,22/10/2024,5.852577355,5.201885479,4.949049675,5.445541156,BRMS
UKENNE_NU_TP000046,55,24,29/10/2024,5.643914433,5.236292107,4.980118426,5.4801385,BRMS
UKENNE_NU_TP000046,55,25,05/11/2024,5.435251511,5.251363332,5.00130024,5.510724313,BRMS
UKENNE_NU_TP000046,55,26,12/11/2024,5.435251511,5.265554683,5.026909339,5.503105041,BRMS
UKENNE_NU_TP000046,55,27,19/11/2024,NA,5.264146666,5.027497915,5.490724426,BRMS
UKENNE_NU_TP000046,55,28,26/11/2024,5.950269133,5.259328614,5.0182936,5.492891058,BRMS
UKENNE_NU_TP000046,55,29,03/12/2024,5.950269133,5.294775163,5.045731838,5.548557078,BRMS
UKENNE_NU_TP000046,55,30,10/12/2024,5.577240986,5.293866219,5.039898578,5.532807261,BRMS
UKENNE_NU_TP000046,55,31,17/12/2024,5.204212839,5.334525221,5.086809169,5.577141834,BRMS
UKENNE_NU_TP000046,55,32,24/12/2024,5.422558158,5.320280707,5.077111763,5.561519683,BRMS
UKENNE_NU_TP000046,55,33,31/12/2024,5.640903476,5.227015131,4.972961148,5.461210375,BRMS
UKENNE_NU_TP000046,55,34,07/01/2025,5.445240153,5.103979904,4.833789375,5.360060519,BRMS
UKENNE_NU_TP000046,55,35,14/01/2025,5.24957683,4.996111842,4.741548452,5.25099409,BRMS
UKENNE_NU_TP000046,55,36,21/01/2025,5.318070996,4.947538311,4.6878959,5.209115331,BRMS
UKENNE_NU_TP000046,55,37,28/01/2025,5.386565162,5.015133295,4.751920168,5.27415655,BRMS
UKENNE_NU_TP000046,55,38,04/02/2025,5.112537988,5.167656681,4.899708111,5.442672398,BRMS
UKENNE_NU_TP000046,55,39,11/02/2025,4.838510814,5.341789664,5.067237312,5.625138072,BRMS
UKENNE_NU_TP000046,55,40,18/02/2025,5.418648542,5.476160361,5.19566792,5.759433783,BRMS
UKENNE_NU_TP000046,55,41,25/02/2025,5.99878627,5.54276144,5.249379209,5.837811058,BRMS
UKENNE_NU_TP000046,55,42,04/03/2025,6.04915433,5.562335977,5.255678634,5.863285093,BRMS
UKENNE_NU_TP000046,55,43,11/03/2025,6.09952239,5.523629828,5.202770317,5.832055466,BRMS
UKENNE_NU_TP000046,55,44,18/03/2025,6.093428881,5.469582054,5.13915723,5.799343736,BRMS
UKENNE_NU_TP000046,55,45,25/03/2025,6.087335372,5.409700335,5.062682565,5.749919525,BRMS
UKENNE_NU_TP000048,56,1,21/05/2024,NA,4.134785311,3.752602043,4.463869499,BRMS
UKENNE_NU_TP000048,56,2,28/05/2024,NA,4.230723195,3.875755291,4.546656679,BRMS
UKENNE_NU_TP000048,56,3,04/06/2024,NA,4.353022857,4.017987784,4.658273892,BRMS
UKENNE_NU_TP000048,56,4,11/06/2024,NA,4.516215159,4.201736072,4.810359834,BRMS
UKENNE_NU_TP000048,56,5,18/06/2024,NA,4.671563498,4.378148206,4.958720862,BRMS
UKENNE_NU_TP000048,56,6,25/06/2024,NA,4.807721241,4.522923675,5.07748457,BRMS
UKENNE_NU_TP000048,56,7,02/07/2024,NA,4.930568693,4.65449036,5.19242229,BRMS
UKENNE_NU_TP000048,56,8,09/07/2024,NA,5.044560461,4.779943232,5.296095767,BRMS
UKENNE_NU_TP000048,56,9,16/07/2024,NA,5.00074027,4.733676124,5.256972939,BRMS
UKENNE_NU_TP000048,56,10,23/07/2024,NA,5.177107139,4.934465918,5.412146877,BRMS
UKENNE_NU_TP000048,56,11,30/07/2024,NA,5.322518167,5.09298835,5.555625259,BRMS
UKENNE_NU_TP000048,56,12,06/08/2024,NA,5.435411917,5.213230216,5.676802984,BRMS
UKENNE_NU_TP000048,56,13,13/08/2024,NA,5.491681385,5.269790718,5.732156587,BRMS
UKENNE_NU_TP000048,56,14,20/08/2024,NA,5.498000034,5.279783203,5.731073786,BRMS
UKENNE_NU_TP000048,56,15,27/08/2024,NA,5.509117598,5.296491177,5.728479297,BRMS
UKENNE_NU_TP000048,56,16,03/09/2024,NA,5.490700583,5.272444424,5.708061281,BRMS
UKENNE_NU_TP000048,56,17,10/09/2024,NA,5.482427028,5.264097381,5.69399268,BRMS
UKENNE_NU_TP000048,56,18,17/09/2024,NA,5.405639112,5.192173771,5.614861057,BRMS
UKENNE_NU_TP000048,56,19,24/09/2024,NA,5.296412987,5.078367654,5.507142116,BRMS
UKENNE_NU_TP000048,56,20,01/10/2024,NA,5.217796193,5.007867922,5.426426956,BRMS
UKENNE_NU_TP000048,56,21,08/10/2024,NA,5.165362172,4.955804775,5.366074759,BRMS
UKENNE_NU_TP000048,56,22,15/10/2024,NA,5.177916335,4.971571247,5.386462268,BRMS
UKENNE_NU_TP000048,56,23,22/10/2024,NA,5.196432807,4.98588212,5.394971507,BRMS
UKENNE_NU_TP000048,56,24,29/10/2024,5.438003391,5.233848661,5.027812859,5.433846128,BRMS
UKENNE_NU_TP000048,56,25,05/11/2024,5.438003391,5.250198819,5.032740151,5.457582388,BRMS
UKENNE_NU_TP000048,56,26,12/11/2024,5.300704228,5.266542371,5.059400136,5.461054599,BRMS
UKENNE_NU_TP000048,56,27,19/11/2024,5.163405064,5.265877115,5.053104722,5.465755451,BRMS
UKENNE_NU_TP000048,56,28,26/11/2024,5.584059181,5.260614703,5.039201206,5.469322929,BRMS
UKENNE_NU_TP000048,56,29,03/12/2024,6.004713298,5.297891369,5.076462645,5.513898624,BRMS
UKENNE_NU_TP000048,56,30,10/12/2024,5.786810683,5.297058359,5.065055318,5.524541768,BRMS
UKENNE_NU_TP000048,56,31,17/12/2024,5.568908067,5.339949442,5.121523631,5.548867528,BRMS
UKENNE_NU_TP000048,56,32,24/12/2024,5.568908067,5.324796809,5.107936688,5.543184403,BRMS
UKENNE_NU_TP000048,56,33,31/12/2024,5.21225001,5.231961004,5.009399134,5.448849123,BRMS
UKENNE_NU_TP000048,56,34,07/01/2025,5.092379193,5.105922299,4.87001522,5.333314548,BRMS
UKENNE_NU_TP000048,56,35,14/01/2025,5.092379193,4.99854702,4.774516791,5.225152886,BRMS
UKENNE_NU_TP000048,56,36,21/01/2025,5.51412338,4.950189655,4.722042504,5.178044741,BRMS
UKENNE_NU_TP000048,56,37,28/01/2025,6.055738384,5.019751585,4.779841268,5.25352837,BRMS
UKENNE_NU_TP000048,56,38,04/02/2025,5.695877692,5.168670221,4.929496161,5.404112334,BRMS
UKENNE_NU_TP000048,56,39,11/02/2025,5.336016999,5.345884457,5.094073665,5.584695647,BRMS
UKENNE_NU_TP000048,56,40,18/02/2025,5.562870806,5.47967471,5.226147312,5.726636234,BRMS
UKENNE_NU_TP000048,56,41,25/02/2025,5.789724613,5.542771385,5.275210923,5.804644368,BRMS
UKENNE_NU_TP000048,56,42,04/03/2025,6.139766022,5.56397145,5.29856125,5.839031258,BRMS
UKENNE_NU_TP000048,56,43,11/03/2025,6.48980743,5.521026017,5.246287485,5.805049994,BRMS
UKENNE_NU_TP000048,56,44,18/03/2025,6.372375124,5.464756391,5.176899643,5.759457619,BRMS
UKENNE_NU_TP000048,56,45,25/03/2025,6.254942817,5.40406147,5.093101409,5.703412325,BRMS
UKENNE_NU_TP000051,57,1,21/05/2024,NA,4.31536333,3.929046111,4.63448585,BRMS
UKENNE_NU_TP000051,57,2,28/05/2024,4.912985273,4.366248201,4.067450955,4.649543804,BRMS
UKENNE_NU_TP000051,57,3,04/06/2024,4.809136754,4.465792745,4.190268192,4.756299218,BRMS
UKENNE_NU_TP000051,57,4,11/06/2024,4.809136754,4.627489012,4.357358654,4.908138447,BRMS
UKENNE_NU_TP000051,57,5,18/06/2024,4.705288235,4.783926243,4.52365574,5.062474921,BRMS
UKENNE_NU_TP000051,57,6,25/06/2024,5.538569139,4.906707137,4.649482871,5.172336754,BRMS
UKENNE_NU_TP000051,57,7,02/07/2024,5.538569139,5.005303395,4.736726131,5.265847217,BRMS
UKENNE_NU_TP000051,57,8,09/07/2024,5.132999303,5.108699167,4.837189298,5.391492957,BRMS
UKENNE_NU_TP000051,57,9,16/07/2024,4.727429466,5.071524715,4.801593842,5.330678971,BRMS
UKENNE_NU_TP000051,57,10,23/07/2024,4.770631851,5.260298147,4.98814276,5.525604748,BRMS
UKENNE_NU_TP000051,57,11,30/07/2024,4.813834236,5.414346975,5.144697601,5.682486663,BRMS
UKENNE_NU_TP000051,57,12,06/08/2024,5.212495237,5.541680017,5.263855208,5.829479567,BRMS
UKENNE_NU_TP000051,57,13,13/08/2024,5.611156238,5.621998545,5.346888811,5.908318361,BRMS
UKENNE_NU_TP000051,57,14,20/08/2024,5.909795284,5.659827271,5.386777531,5.927261491,BRMS
UKENNE_NU_TP000051,57,15,27/08/2024,6.208434329,5.707607614,5.437289048,5.969250289,BRMS
UKENNE_NU_TP000051,57,16,03/09/2024,5.897056088,5.709087639,5.429271848,5.983265968,BRMS
UKENNE_NU_TP000051,57,17,10/09/2024,5.585677846,5.726578022,5.440230876,5.998027703,BRMS
UKENNE_NU_TP000051,57,18,17/09/2024,5.389339343,5.672388312,5.400622798,5.937342464,BRMS
UKENNE_NU_TP000051,57,19,24/09/2024,5.193000839,5.570179754,5.296788013,5.825656617,BRMS
UKENNE_NU_TP000051,57,20,01/10/2024,5.443237609,5.478272201,5.191321924,5.746020895,BRMS
UKENNE_NU_TP000051,57,21,08/10/2024,5.693474379,5.398253448,5.110879648,5.673501584,BRMS
UKENNE_NU_TP000051,57,22,15/10/2024,5.648416327,5.394950007,5.112310717,5.670823097,BRMS
UKENNE_NU_TP000051,57,23,22/10/2024,5.603358274,5.415033668,5.163747434,5.699701727,BRMS
UKENNE_NU_TP000051,57,24,29/10/2024,5.474428449,5.460354743,5.210183871,5.755518999,BRMS
UKENNE_NU_TP000051,57,25,05/11/2024,5.345498623,5.481157281,5.227658576,5.771576673,BRMS
UKENNE_NU_TP000051,57,26,12/11/2024,5.181543914,5.495733867,5.238804019,5.775667692,BRMS
UKENNE_NU_TP000051,57,27,19/11/2024,5.017589204,5.496216746,5.23900627,5.761586261,BRMS
UKENNE_NU_TP000051,57,28,26/11/2024,4.750633325,5.492659681,5.250964245,5.750494879,BRMS
UKENNE_NU_TP000051,57,29,03/12/2024,4.483677445,5.536532033,5.282476849,5.802307783,BRMS
UKENNE_NU_TP000051,57,30,10/12/2024,4.816225072,5.51868263,5.2677258,5.782607906,BRMS
UKENNE_NU_TP000051,57,31,17/12/2024,5.148772699,5.562707997,5.301661944,5.846148993,BRMS
UKENNE_NU_TP000051,57,32,24/12/2024,5.40294568,5.565204989,5.314079785,5.836042086,BRMS
UKENNE_NU_TP000051,57,33,31/12/2024,5.65711866,5.491783354,5.22062169,5.766145669,BRMS
UKENNE_NU_TP000051,57,34,07/01/2025,5.666091571,5.367043953,5.078218683,5.670115601,BRMS
UKENNE_NU_TP000051,57,35,14/01/2025,5.675064481,5.236509506,4.947339377,5.534547751,BRMS
UKENNE_NU_TP000051,57,36,21/01/2025,5.62803761,5.149423442,4.839850021,5.448179431,BRMS
UKENNE_NU_TP000051,57,37,28/01/2025,5.581010738,5.208335105,4.898678159,5.507303699,BRMS
UKENNE_NU_TP000051,57,38,04/02/2025,4.392445107,5.3673109,5.061925774,5.667602545,BRMS
UKENNE_NU_TP000051,57,39,11/02/2025,3.203879475,5.580255576,5.296184756,5.88756741,BRMS
UKENNE_NU_TP000051,57,40,18/02/2025,4.299968888,5.754014572,5.486824491,6.053153476,BRMS
UKENNE_NU_TP000051,57,41,25/02/2025,5.396058301,5.846171344,5.586513214,6.146019185,BRMS
UKENNE_NU_TP000051,57,42,04/03/2025,5.648322962,5.898025628,5.63621508,6.176883501,BRMS
UKENNE_NU_TP000051,57,43,11/03/2025,5.900587622,5.881407599,5.628495571,6.143918221,BRMS
UKENNE_NU_TP000051,57,44,18/03/2025,5.493857716,5.855346745,5.593994704,6.123245885,BRMS
UKENNE_NU_TP000051,57,45,25/03/2025,5.08712781,5.818761502,5.517923055,6.109928007,BRMS
UKENNE_NU_TP000055,58,1,21/05/2024,NA,3.810702091,3.395801979,4.163707894,BRMS
UKENNE_NU_TP000055,58,2,28/05/2024,4.509759811,3.907280258,3.529982976,4.238678276,BRMS
UKENNE_NU_TP000055,58,3,04/06/2024,4.356249213,4.029953041,3.661122746,4.359334451,BRMS
UKENNE_NU_TP000055,58,4,11/06/2024,4.356249213,4.193771002,3.866881924,4.512496547,BRMS
UKENNE_NU_TP000055,58,5,18/06/2024,4.202738614,4.350116595,4.050451041,4.654114116,BRMS
UKENNE_NU_TP000055,58,6,25/06/2024,5.31301811,4.487162892,4.193851284,4.783611891,BRMS
UKENNE_NU_TP000055,58,7,02/07/2024,5.31301811,4.610960166,4.334325445,4.902033943,BRMS
UKENNE_NU_TP000055,58,8,09/07/2024,5.249576239,4.725592742,4.442559281,5.003453486,BRMS
UKENNE_NU_TP000055,58,9,16/07/2024,5.186134367,4.682773962,4.401822729,4.946371285,BRMS
UKENNE_NU_TP000055,58,10,23/07/2024,5.456634334,4.860171936,4.607931198,5.112331357,BRMS
UKENNE_NU_TP000055,58,11,30/07/2024,5.7271343,5.006809982,4.749282621,5.255322759,BRMS
UKENNE_NU_TP000055,58,12,06/08/2024,5.738893181,5.120604558,4.858634967,5.369659449,BRMS
UKENNE_NU_TP000055,58,13,13/08/2024,5.750652061,5.177447077,4.930453146,5.423524663,BRMS
UKENNE_NU_TP000055,58,14,20/08/2024,5.90825211,5.184236875,4.941844601,5.419642491,BRMS
UKENNE_NU_TP000055,58,15,27/08/2024,6.065852159,5.195020966,4.955677334,5.412028019,BRMS
UKENNE_NU_TP000055,58,16,03/09/2024,5.998295637,5.177231148,4.911265075,5.399406373,BRMS
UKENNE_NU_TP000055,58,17,10/09/2024,5.930739115,5.168915766,4.911705472,5.389134357,BRMS
UKENNE_NU_TP000055,58,18,17/09/2024,6.098489042,5.092216167,4.840237057,5.313811902,BRMS
UKENNE_NU_TP000055,58,19,24/09/2024,6.266238968,4.983129748,4.72605116,5.208738605,BRMS
UKENNE_NU_TP000055,58,20,01/10/2024,6.006495904,4.904298923,4.654905485,5.117707682,BRMS
UKENNE_NU_TP000055,58,21,08/10/2024,5.74675284,4.851964881,4.597806825,5.068752742,BRMS
UKENNE_NU_TP000055,58,22,15/10/2024,5.792332767,4.864268268,4.617945052,5.075074766,BRMS
UKENNE_NU_TP000055,58,23,22/10/2024,5.837912694,4.882889635,4.62496748,5.100955068,BRMS
UKENNE_NU_TP000055,58,24,29/10/2024,5.703618861,4.920199493,4.664354195,5.148629777,BRMS
UKENNE_NU_TP000055,58,25,05/11/2024,5.569325027,4.936157675,4.685845113,5.161644472,BRMS
UKENNE_NU_TP000055,58,26,12/11/2024,5.776494701,4.951959591,4.711219076,5.168441931,BRMS
UKENNE_NU_TP000055,58,27,19/11/2024,5.983664375,4.950642816,4.707118705,5.164829641,BRMS
UKENNE_NU_TP000055,58,28,26/11/2024,5.78050565,4.944926608,4.695558177,5.171633924,BRMS
UKENNE_NU_TP000055,58,29,03/12/2024,5.577346924,4.981664399,4.738723083,5.201044902,BRMS
UKENNE_NU_TP000055,58,30,10/12/2024,5.571277284,4.980373189,4.730376253,5.203973006,BRMS
UKENNE_NU_TP000055,58,31,17/12/2024,5.565207643,5.022608892,4.785970055,5.240478239,BRMS
UKENNE_NU_TP000055,58,32,24/12/2024,5.884290921,5.006724238,4.77939089,5.233147586,BRMS
UKENNE_NU_TP000055,58,33,31/12/2024,6.203374198,4.912937125,4.664643702,5.136934856,BRMS
UKENNE_NU_TP000055,58,34,07/01/2025,5.850458145,4.786001749,4.533809201,5.019529121,BRMS
UKENNE_NU_TP000055,58,35,14/01/2025,5.497542092,4.678001347,4.441269881,4.911834157,BRMS
UKENNE_NU_TP000055,58,36,21/01/2025,5.308175255,4.629410709,4.386748272,4.870158713,BRMS
UKENNE_NU_TP000055,58,37,28/01/2025,5.118808417,4.699192724,4.444757647,4.946245228,BRMS
UKENNE_NU_TP000055,58,38,04/02/2025,5.241275527,4.847532764,4.575684021,5.094972151,BRMS
UKENNE_NU_TP000055,58,39,11/02/2025,5.363742637,5.025078489,4.752818743,5.28286022,BRMS
UKENNE_NU_TP000055,58,40,18/02/2025,5.642752418,5.159080528,4.879510393,5.429903249,BRMS
UKENNE_NU_TP000055,58,41,25/02/2025,5.921762199,5.222192385,4.93515709,5.501555035,BRMS
UKENNE_NU_TP000055,58,42,04/03/2025,6.112977942,5.243287387,4.937624435,5.53391395,BRMS
UKENNE_NU_TP000055,58,43,11/03/2025,6.304193684,5.200226695,4.873094569,5.508168084,BRMS
UKENNE_NU_TP000055,58,44,18/03/2025,6.102651049,5.143596455,4.805574431,5.461593347,BRMS
UKENNE_NU_TP000055,58,45,25/03/2025,5.901108414,5.082682903,4.717050736,5.404713132,BRMS
UKENNE_YW_TP000029,59,1,21/05/2024,NA,4.165942168,3.861055953,4.487303478,BRMS
UKENNE_YW_TP000029,59,2,28/05/2024,NA,4.232468237,3.967239225,4.509939031,BRMS
UKENNE_YW_TP000029,59,3,04/06/2024,NA,4.319070307,4.069801942,4.577563574,BRMS
UKENNE_YW_TP000029,59,4,11/06/2024,5.264336663,4.469844009,4.223147505,4.720110844,BRMS
UKENNE_YW_TP000029,59,5,18/06/2024,5.264336663,4.62749548,4.377373241,4.884123234,BRMS
UKENNE_YW_TP000029,59,6,25/06/2024,4.793818417,4.756138268,4.511018995,5.021688508,BRMS
UKENNE_YW_TP000029,59,7,02/07/2024,4.323300171,4.846783171,4.603590722,5.107918107,BRMS
UKENNE_YW_TP000029,59,8,09/07/2024,4.307915268,4.927349566,4.689291758,5.188309624,BRMS
UKENNE_YW_TP000029,59,9,16/07/2024,4.292530365,4.857583624,4.623460389,5.117850127,BRMS
UKENNE_YW_TP000029,59,10,23/07/2024,4.76613416,5.018474005,4.786103697,5.270020645,BRMS
UKENNE_YW_TP000029,59,11,30/07/2024,5.239737955,5.174975038,4.9399847,5.429582099,BRMS
UKENNE_YW_TP000029,59,12,06/08/2024,5.125633429,5.305562746,5.068905973,5.568626425,BRMS
UKENNE_YW_TP000029,59,13,13/08/2024,5.011528902,5.395061653,5.154603243,5.661039575,BRMS
UKENNE_YW_TP000029,59,14,20/08/2024,5.005952742,5.438614887,5.19769041,5.698807157,BRMS
UKENNE_YW_TP000029,59,15,27/08/2024,5.000376582,5.478659647,5.234243079,5.741507701,BRMS
UKENNE_YW_TP000029,59,16,03/09/2024,5.21929477,5.47502229,5.233022911,5.740304106,BRMS
UKENNE_YW_TP000029,59,17,10/09/2024,5.438212957,5.473941703,5.235582293,5.725237418,BRMS
UKENNE_YW_TP000029,59,18,17/09/2024,5.031526985,5.418081469,5.181082399,5.66616189,BRMS
UKENNE_YW_TP000029,59,19,24/09/2024,4.624841012,5.322644724,5.087971017,5.576029936,BRMS
UKENNE_YW_TP000029,59,20,01/10/2024,4.636388628,5.231131865,4.999420149,5.480032596,BRMS
UKENNE_YW_TP000029,59,21,08/10/2024,4.647936244,5.158141571,4.923713415,5.400123484,BRMS
UKENNE_YW_TP000029,59,22,15/10/2024,5.146284973,5.145656716,4.90770175,5.385482387,BRMS
UKENNE_YW_TP000029,59,23,22/10/2024,5.644633702,5.166877866,4.932783045,5.401542223,BRMS
UKENNE_YW_TP000029,59,24,29/10/2024,5.053531125,5.203374326,4.977878403,5.446927158,BRMS
UKENNE_YW_TP000029,59,25,05/11/2024,4.462428547,5.234037887,5.003979203,5.486118756,BRMS
UKENNE_YW_TP000029,59,26,12/11/2024,3.7477305,5.266860894,5.044434149,5.502404737,BRMS
UKENNE_YW_TP000029,59,27,19/11/2024,3.033032453,5.286940541,5.060480476,5.510566038,BRMS
UKENNE_YW_TP000029,59,28,26/11/2024,3.964578888,5.294083632,5.068462185,5.516827656,BRMS
UKENNE_YW_TP000029,59,29,03/12/2024,4.896125322,5.323978254,5.082724949,5.563104648,BRMS
UKENNE_YW_TP000029,59,30,10/12/2024,4.871950568,5.313362484,5.069953244,5.54059554,BRMS
UKENNE_YW_TP000029,59,31,17/12/2024,4.847775814,5.335831281,5.096487379,5.577558533,BRMS
UKENNE_YW_TP000029,59,32,24/12/2024,4.424374162,5.34593884,5.105520866,5.598803774,BRMS
UKENNE_YW_TP000029,59,33,31/12/2024,4.00097251,5.249492119,5.010609752,5.499607062,BRMS
UKENNE_YW_TP000029,59,34,07/01/2025,4.139222852,5.117396434,4.877732966,5.365146769,BRMS
UKENNE_YW_TP000029,59,35,14/01/2025,4.277473194,4.996573895,4.764227454,5.253483928,BRMS
UKENNE_YW_TP000029,59,36,21/01/2025,3.911099465,4.926539612,4.693570405,5.187703375,BRMS
UKENNE_YW_TP000029,59,37,28/01/2025,3.544725736,5.026894816,4.79899609,5.289563883,BRMS
UKENNE_YW_TP000029,59,38,04/02/2025,4.067604522,5.160350348,4.936836583,5.402846306,BRMS
UKENNE_YW_TP000029,59,39,11/02/2025,4.590483307,5.330017087,5.109558471,5.559613239,BRMS
UKENNE_YW_TP000029,59,40,18/02/2025,4.847707309,5.481625296,5.249688546,5.705251298,BRMS
UKENNE_YW_TP000029,59,41,25/02/2025,5.10493131,5.565696132,5.333536904,5.808452579,BRMS
UKENNE_YW_TP000029,59,42,04/03/2025,5.117198269,5.604427778,5.374234213,5.852596656,BRMS
UKENNE_YW_TP000029,59,43,11/03/2025,5.129465227,5.582106183,5.345989214,5.830341125,BRMS
UKENNE_YW_TP000029,59,44,18/03/2025,5.563815336,5.540263596,5.299699334,5.802728152,BRMS
UKENNE_YW_TP000029,59,45,25/03/2025,5.998165445,5.48137785,5.193620628,5.774217208,BRMS
UKENNE_YW_TP000054,60,1,21/05/2024,NA,4.185516313,3.920434184,4.495472723,BRMS
UKENNE_YW_TP000054,60,2,28/05/2024,NA,4.239605087,3.996116128,4.470015745,BRMS
UKENNE_YW_TP000054,60,3,04/06/2024,NA,4.32547141,4.084612775,4.56285602,BRMS
UKENNE_YW_TP000054,60,4,11/06/2024,NA,4.465283422,4.228995687,4.691219715,BRMS
UKENNE_YW_TP000054,60,5,18/06/2024,NA,4.613390996,4.381945611,4.826454187,BRMS
UKENNE_YW_TP000054,60,6,25/06/2024,NA,4.736988304,4.490696711,4.945412211,BRMS
UKENNE_YW_TP000054,60,7,02/07/2024,NA,4.839599659,4.592716309,5.05079928,BRMS
UKENNE_YW_TP000054,60,8,09/07/2024,NA,4.927505297,4.691357162,5.130922257,BRMS
UKENNE_YW_TP000054,60,9,16/07/2024,NA,4.873357401,4.638165844,5.07955172,BRMS
UKENNE_YW_TP000054,60,10,23/07/2024,NA,5.019830656,4.801892498,5.217140384,BRMS
UKENNE_YW_TP000054,60,11,30/07/2024,NA,5.150392651,4.931440671,5.358864611,BRMS
UKENNE_YW_TP000054,60,12,06/08/2024,NA,5.246505473,5.013970603,5.45191332,BRMS
UKENNE_YW_TP000054,60,13,13/08/2024,NA,5.303687109,5.069421221,5.511380903,BRMS
UKENNE_YW_TP000054,60,14,20/08/2024,NA,5.344434265,5.127906895,5.550672811,BRMS
UKENNE_YW_TP000054,60,15,27/08/2024,NA,5.385479532,5.183975493,5.581769046,BRMS
UKENNE_YW_TP000054,60,16,03/09/2024,NA,5.395643221,5.193382656,5.607988775,BRMS
UKENNE_YW_TP000054,60,17,10/09/2024,NA,5.375118462,5.161999746,5.579305936,BRMS
UKENNE_YW_TP000054,60,18,17/09/2024,NA,5.291650935,5.071579039,5.494968086,BRMS
UKENNE_YW_TP000054,60,19,24/09/2024,NA,5.194542246,4.973987064,5.40304187,BRMS
UKENNE_YW_TP000054,60,20,01/10/2024,NA,5.116195527,4.891954243,5.322549605,BRMS
UKENNE_YW_TP000054,60,21,08/10/2024,NA,5.08805057,4.856464044,5.298283381,BRMS
UKENNE_YW_TP000054,60,22,15/10/2024,NA,5.119748097,4.887173482,5.323286609,BRMS
UKENNE_YW_TP000054,60,23,22/10/2024,NA,5.166386071,4.949551575,5.367877846,BRMS
UKENNE_YW_TP000054,60,24,29/10/2024,NA,5.216722207,5.008860865,5.422489221,BRMS
UKENNE_YW_TP000054,60,25,05/11/2024,NA,5.25221519,5.038400777,5.456406311,BRMS
UKENNE_YW_TP000054,60,26,12/11/2024,NA,5.259713585,5.019334521,5.471915314,BRMS
UKENNE_YW_TP000054,60,27,19/11/2024,NA,5.263008457,5.018882949,5.475157803,BRMS
UKENNE_YW_TP000054,60,28,26/11/2024,NA,5.268421955,5.027224166,5.485279254,BRMS
UKENNE_YW_TP000054,60,29,03/12/2024,NA,5.291587344,5.059896077,5.506994483,BRMS
UKENNE_YW_TP000054,60,30,10/12/2024,NA,5.257738011,5.023529993,5.469449749,BRMS
UKENNE_YW_TP000054,60,31,17/12/2024,NA,5.284449047,5.043369579,5.500618287,BRMS
UKENNE_YW_TP000054,60,32,24/12/2024,NA,5.27676791,5.03307662,5.479977968,BRMS
UKENNE_YW_TP000054,60,33,31/12/2024,NA,5.204350067,4.958948336,5.417797937,BRMS
UKENNE_YW_TP000054,60,34,07/01/2025,4.056894132,5.103095533,4.860191527,5.320272873,BRMS
UKENNE_YW_TP000054,60,35,14/01/2025,4.056894132,5.006224133,4.77245496,5.213162572,BRMS
UKENNE_YW_TP000054,60,36,21/01/2025,3.62101362,4.959864885,4.715321567,5.177444624,BRMS
UKENNE_YW_TP000054,60,37,28/01/2025,3.185133108,5.058119896,4.811762476,5.258200942,BRMS
UKENNE_YW_TP000054,60,38,04/02/2025,4.510756199,5.180129797,4.950160554,5.392582464,BRMS
UKENNE_YW_TP000054,60,39,11/02/2025,5.836379289,5.319637923,5.080440219,5.544536665,BRMS
UKENNE_YW_TP000054,60,40,18/02/2025,5.997480842,5.451024161,5.200060953,5.674141292,BRMS
UKENNE_YW_TP000054,60,41,25/02/2025,6.158582395,5.542516967,5.267542819,5.770788426,BRMS
UKENNE_YW_TP000054,60,42,04/03/2025,5.508307515,5.592105839,5.308889215,5.814092765,BRMS
UKENNE_YW_TP000054,60,43,11/03/2025,4.858032634,5.599296238,5.315713878,5.822341077,BRMS
UKENNE_YW_TP000054,60,44,18/03/2025,4.668880041,5.57817904,5.298883138,5.800726586,BRMS
UKENNE_YW_TP000054,60,45,25/03/2025,4.479727447,5.551005887,5.267716448,5.789319669,BRMS
UKENNE_YW_TP000057,61,1,21/05/2024,NA,3.774640858,3.526411421,4.018166841,BRMS
UKENNE_YW_TP000057,61,2,28/05/2024,3.340205111,3.827261499,3.633631206,4.015183615,BRMS
UKENNE_YW_TP000057,61,3,04/06/2024,3.526212505,3.912652018,3.737676646,4.07848523,BRMS
UKENNE_YW_TP000057,61,4,11/06/2024,3.526212505,4.050844863,3.878192597,4.217842266,BRMS
UKENNE_YW_TP000057,61,5,18/06/2024,3.712219899,4.197319739,4.019314047,4.366157855,BRMS
UKENNE_YW_TP000057,61,6,25/06/2024,4.012211352,4.318834547,4.143971422,4.493275805,BRMS
UKENNE_YW_TP000057,61,7,02/07/2024,4.012211352,4.419017113,4.248949002,4.591188181,BRMS
UKENNE_YW_TP000057,61,8,09/07/2024,4.267914425,4.504606789,4.334135752,4.68311682,BRMS
UKENNE_YW_TP000057,61,9,16/07/2024,4.523617498,4.447630269,4.268340762,4.634939913,BRMS
UKENNE_YW_TP000057,61,10,23/07/2024,4.540621975,4.591561589,4.414729359,4.771881296,BRMS
UKENNE_YW_TP000057,61,11,30/07/2024,4.557626451,4.719414671,4.548678881,4.89429518,BRMS
UKENNE_YW_TP000057,61,12,06/08/2024,4.634971599,4.812824729,4.64904397,4.977389595,BRMS
UKENNE_YW_TP000057,61,13,13/08/2024,4.712316747,4.86700841,4.707435669,5.029928986,BRMS
UKENNE_YW_TP000057,61,14,20/08/2024,4.467753402,4.904714333,4.742491703,5.067403006,BRMS
UKENNE_YW_TP000057,61,15,27/08/2024,4.223190057,4.943119401,4.772848242,5.108848128,BRMS
UKENNE_YW_TP000057,61,16,03/09/2024,3.99356662,4.951465503,4.779334535,5.119432927,BRMS
UKENNE_YW_TP000057,61,17,10/09/2024,3.763943182,4.929572978,4.767225561,5.09471116,BRMS
UKENNE_YW_TP000057,61,18,17/09/2024,3.781414136,4.845287714,4.67516723,5.01499712,BRMS
UKENNE_YW_TP000057,61,19,24/09/2024,3.798885089,4.747814913,4.587139963,4.92962739,BRMS
UKENNE_YW_TP000057,61,20,01/10/2024,3.691742279,4.66915743,4.510860684,4.857588556,BRMS
UKENNE_YW_TP000057,61,21,08/10/2024,3.584599468,4.641524964,4.481421325,4.823690273,BRMS
UKENNE_YW_TP000057,61,22,15/10/2024,4.04311554,4.673507169,4.512123882,4.848091874,BRMS
UKENNE_YW_TP000057,61,23,22/10/2024,4.501631611,4.720952484,4.552484071,4.881681639,BRMS
UKENNE_YW_TP000057,61,24,29/10/2024,4.662888651,4.772377023,4.604993089,4.92695171,BRMS
UKENNE_YW_TP000057,61,25,05/11/2024,4.824145691,4.809284445,4.645005777,4.969518161,BRMS
UKENNE_YW_TP000057,61,26,12/11/2024,4.848299979,4.818780299,4.64972165,4.97358875,BRMS
UKENNE_YW_TP000057,61,27,19/11/2024,4.872454266,4.824093223,4.665957824,4.980310851,BRMS
UKENNE_YW_TP000057,61,28,26/11/2024,4.792811388,4.831781798,4.667953063,4.989453118,BRMS
UKENNE_YW_TP000057,61,29,03/12/2024,4.71316851,4.85709488,4.702979933,5.019124754,BRMS
UKENNE_YW_TP000057,61,30,10/12/2024,4.861194304,4.825711281,4.671492108,4.991234446,BRMS
UKENNE_YW_TP000057,61,31,17/12/2024,5.009220097,4.855464683,4.708493019,5.015406575,BRMS
UKENNE_YW_TP000057,61,32,24/12/2024,4.976916576,4.850106244,4.696968226,5.017181879,BRMS
UKENNE_YW_TP000057,61,33,31/12/2024,4.944613054,4.780987062,4.629722254,4.938162913,BRMS
UKENNE_YW_TP000057,61,34,07/01/2025,5.054369078,4.682539544,4.523761205,4.8453305,BRMS
UKENNE_YW_TP000057,61,35,14/01/2025,5.164125101,4.58832735,4.423235494,4.756150345,BRMS
UKENNE_YW_TP000057,61,36,21/01/2025,5.234907036,4.544410915,4.388902291,4.714868663,BRMS
UKENNE_YW_TP000057,61,37,28/01/2025,5.30568897,4.644178485,4.463610893,4.834706429,BRMS
UKENNE_YW_TP000057,61,38,04/02/2025,5.330363162,4.767455775,4.612450611,4.935771593,BRMS
UKENNE_YW_TP000057,61,39,11/02/2025,5.355037353,4.908641411,4.744846314,5.071194893,BRMS
UKENNE_YW_TP000057,61,40,18/02/2025,5.355037353,5.039946069,4.864792098,5.201932566,BRMS
UKENNE_YW_TP000057,61,41,25/02/2025,NA,5.132344015,4.955304685,5.29756667,BRMS
UKENNE_YW_TP000057,61,42,04/03/2025,4.440240979,5.181939821,5.013744596,5.346345672,BRMS
UKENNE_YW_TP000057,61,43,11/03/2025,4.440240979,5.18943689,5.018030166,5.354143463,BRMS
UKENNE_YW_TP000057,61,44,18/03/2025,4.440240979,5.168409531,4.993601104,5.342538343,BRMS
UKENNE_YW_TP000057,61,45,25/03/2025,NA,5.141555416,4.943616918,5.341164142,BRMS
UKENNE_YW_TP000063,62,1,21/05/2024,NA,3.510543986,3.264676124,3.769507663,BRMS
UKENNE_YW_TP000063,62,2,28/05/2024,3.427502064,3.561776349,3.376366103,3.755250011,BRMS
UKENNE_YW_TP000063,62,3,04/06/2024,3.427502064,3.645393522,3.474006127,3.816079092,BRMS
UKENNE_YW_TP000063,62,4,11/06/2024,3.715718209,3.782890777,3.624170715,3.94114478,BRMS
UKENNE_YW_TP000063,62,5,18/06/2024,4.003934354,3.928539855,3.778747224,4.079260237,BRMS
UKENNE_YW_TP000063,62,6,25/06/2024,4.344806158,4.04993787,3.909502613,4.198305645,BRMS
UKENNE_YW_TP000063,62,7,02/07/2024,4.685677962,4.150579549,4.006765164,4.299275279,BRMS
UKENNE_YW_TP000063,62,8,09/07/2024,4.866282847,4.237464809,4.086395063,4.401895377,BRMS
UKENNE_YW_TP000063,62,9,16/07/2024,4.250307243,4.184107233,4.024948134,4.351182322,BRMS
UKENNE_YW_TP000063,62,10,23/07/2024,4.551111301,4.333327528,4.179728692,4.505666325,BRMS
UKENNE_YW_TP000063,62,11,30/07/2024,4.303223086,4.46840352,4.32164982,4.628824362,BRMS
UKENNE_YW_TP000063,62,12,06/08/2024,5.344629183,4.569672977,4.426153348,4.726189759,BRMS
UKENNE_YW_TP000063,62,13,13/08/2024,5.536538948,4.632587681,4.484886165,4.797325908,BRMS
UKENNE_YW_TP000063,62,14,20/08/2024,4.70589023,4.679277467,4.528435916,4.85111489,BRMS
UKENNE_YW_TP000063,62,15,27/08/2024,3.875241512,4.726692841,4.575677533,4.910726308,BRMS
UKENNE_YW_TP000063,62,16,03/09/2024,4.217999209,4.743612183,4.59322794,4.918669491,BRMS
UKENNE_YW_TP000063,62,17,10/09/2024,4.560756905,4.728287432,4.587884409,4.8888743,BRMS
UKENNE_YW_TP000063,62,18,17/09/2024,4.69999373,4.650566401,4.507756434,4.810589528,BRMS
UKENNE_YW_TP000063,62,19,24/09/2024,4.839230554,4.557734125,4.42243537,4.721152289,BRMS
UKENNE_YW_TP000063,62,20,01/10/2024,4.87892907,4.48312119,4.344167792,4.6481401,BRMS
UKENNE_YW_TP000063,62,21,08/10/2024,4.918627585,4.458065113,4.313599585,4.631917241,BRMS
UKENNE_YW_TP000063,62,22,15/10/2024,4.519150286,4.492144893,4.344594988,4.65250688,BRMS
UKENNE_YW_TP000063,62,23,22/10/2024,4.119672986,4.540791408,4.396884213,4.697695747,BRMS
UKENNE_YW_TP000063,62,24,29/10/2024,4.509173165,4.592370219,4.452487353,4.744150542,BRMS
UKENNE_YW_TP000063,62,25,05/11/2024,4.898673344,4.627743906,4.479740137,4.776390704,BRMS
UKENNE_YW_TP000063,62,26,12/11/2024,4.383632594,4.635312879,4.485444249,4.781573351,BRMS
UKENNE_YW_TP000063,62,27,19/11/2024,3.868591844,4.638376551,4.490968473,4.790065335,BRMS
UKENNE_YW_TP000063,62,28,26/11/2024,3.936225483,4.644310901,4.500918782,4.805396235,BRMS
UKENNE_YW_TP000063,62,29,03/12/2024,4.003859121,4.670064773,4.519221672,4.841147359,BRMS
UKENNE_YW_TP000063,62,30,10/12/2024,4.357525834,4.640081601,4.489855771,4.804704396,BRMS
UKENNE_YW_TP000063,62,31,17/12/2024,4.711192546,4.671379355,4.529550588,4.831487181,BRMS
UKENNE_YW_TP000063,62,32,24/12/2024,4.711192546,4.668211067,4.52259487,4.830707356,BRMS
UKENNE_YW_TP000063,62,33,31/12/2024,5.735082259,4.599587011,4.453683141,4.767652002,BRMS
UKENNE_YW_TP000063,62,34,07/01/2025,5.197895772,4.500731333,4.349155547,4.668244025,BRMS
UKENNE_YW_TP000063,62,35,14/01/2025,5.197895772,4.406358059,4.241880627,4.573388191,BRMS
UKENNE_YW_TP000063,62,36,21/01/2025,4.685652297,4.362568098,4.20002153,4.526707583,BRMS
UKENNE_YW_TP000063,62,37,28/01/2025,4.710595308,4.463848228,4.287430233,4.64295727,BRMS
UKENNE_YW_TP000063,62,38,04/02/2025,4.75666698,4.589802269,4.430684486,4.748002379,BRMS
UKENNE_YW_TP000063,62,39,11/02/2025,4.802738652,4.733885361,4.570468196,4.898550677,BRMS
UKENNE_YW_TP000063,62,40,18/02/2025,5.500633534,4.870821536,4.713037568,5.045004284,BRMS
UKENNE_YW_TP000063,62,41,25/02/2025,6.198528415,4.967710119,4.8159041,5.144080315,BRMS
UKENNE_YW_TP000063,62,42,04/03/2025,6.158692474,5.021529173,4.865523759,5.201071111,BRMS
UKENNE_YW_TP000063,62,43,11/03/2025,6.118856532,5.03376302,4.875234659,5.209992401,BRMS
UKENNE_YW_TP000063,62,44,18/03/2025,6.092947778,5.018037239,4.853470948,5.193129912,BRMS
UKENNE_YW_TP000063,62,45,25/03/2025,6.067039023,4.996312557,4.811297217,5.195759683,BRMS
UKENNE_YW_TP000082,63,1,21/05/2024,2.987183824,2.878068246,2.569040196,3.165223487,BRMS
UKENNE_YW_TP000082,63,2,28/05/2024,2.987183824,2.926684448,2.696727758,3.12947884,BRMS
UKENNE_YW_TP000082,63,3,04/06/2024,3.783330087,3.007491551,2.795694029,3.185912604,BRMS
UKENNE_YW_TP000082,63,4,11/06/2024,4.579476349,3.141921386,2.947552147,3.310530213,BRMS
UKENNE_YW_TP000082,63,5,18/06/2024,4.251687468,3.283855477,3.088861762,3.45987351,BRMS
UKENNE_YW_TP000082,63,6,25/06/2024,3.923898586,3.400735434,3.208332676,3.581538573,BRMS
UKENNE_YW_TP000082,63,7,02/07/2024,3.923898586,3.496721193,3.310275684,3.673518251,BRMS
UKENNE_YW_TP000082,63,8,09/07/2024,4.607304458,3.579190207,3.391868812,3.756397803,BRMS
UKENNE_YW_TP000082,63,9,16/07/2024,4.607304458,3.522664878,3.330270487,3.725686828,BRMS
UKENNE_YW_TP000082,63,10,23/07/2024,4.228475348,3.66921506,3.487880165,3.855880272,BRMS
UKENNE_YW_TP000082,63,11,30/07/2024,4.504577478,3.802380588,3.620293466,3.974327939,BRMS
UKENNE_YW_TP000082,63,12,06/08/2024,4.504577478,3.901737855,3.724034514,4.076522736,BRMS
UKENNE_YW_TP000082,63,13,13/08/2024,5.075308523,3.963105037,3.792462172,4.143305586,BRMS
UKENNE_YW_TP000082,63,14,20/08/2024,4.991108327,4.00800016,3.836986276,4.191867997,BRMS
UKENNE_YW_TP000082,63,15,27/08/2024,4.927825037,4.054358524,3.877860336,4.237919843,BRMS
UKENNE_YW_TP000082,63,16,03/09/2024,4.864541747,4.070825527,3.886541317,4.246668874,BRMS
UKENNE_YW_TP000082,63,17,10/09/2024,4.860037158,4.05608494,3.878701865,4.227135757,BRMS
UKENNE_YW_TP000082,63,18,17/09/2024,4.855532568,3.979705579,3.80314596,4.152286353,BRMS
UKENNE_YW_TP000082,63,19,24/09/2024,4.87081728,3.88783178,3.707687942,4.063642403,BRMS
UKENNE_YW_TP000082,63,20,01/10/2024,4.886101991,3.813941752,3.627004452,3.99869724,BRMS
UKENNE_YW_TP000082,63,21,08/10/2024,4.787510511,3.789461953,3.596232522,3.987004582,BRMS
UKENNE_YW_TP000082,63,22,15/10/2024,4.68891903,3.823816595,3.627274746,4.005079856,BRMS
UKENNE_YW_TP000082,63,23,22/10/2024,4.75906332,3.872963505,3.683871243,4.050686776,BRMS
UKENNE_YW_TP000082,63,24,29/10/2024,4.82920761,3.924624289,3.736060307,4.100326089,BRMS
UKENNE_YW_TP000082,63,25,05/11/2024,4.510737858,3.959715897,3.758775175,4.134327278,BRMS
UKENNE_YW_TP000082,63,26,12/11/2024,4.192268105,3.967833733,3.763505503,4.149222185,BRMS
UKENNE_YW_TP000082,63,27,19/11/2024,4.405565673,3.971509709,3.774308604,4.150339303,BRMS
UKENNE_YW_TP000082,63,28,26/11/2024,4.618863241,3.979230882,3.79193543,4.15419769,BRMS
UKENNE_YW_TP000082,63,29,03/12/2024,4.841602948,4.008069296,3.812715996,4.206557776,BRMS
UKENNE_YW_TP000082,63,30,10/12/2024,5.064342654,3.982745991,3.796054098,4.159440706,BRMS
UKENNE_YW_TP000082,63,31,17/12/2024,5.064342654,4.020261133,3.819837403,4.21258804,BRMS
UKENNE_YW_TP000082,63,32,24/12/2024,4.160002757,4.023419348,3.831042939,4.221372371,BRMS
UKENNE_YW_TP000082,63,33,31/12/2024,4.362496926,3.9613486,3.769800112,4.165474005,BRMS
UKENNE_YW_TP000082,63,34,07/01/2025,4.362496926,3.868575174,3.685763885,4.069542219,BRMS
UKENNE_YW_TP000082,63,35,14/01/2025,3.679541264,3.780068196,3.606479202,3.97299995,BRMS
UKENNE_YW_TP000082,63,36,21/01/2025,2.794091433,3.742212899,3.563773531,3.935218369,BRMS
UKENNE_YW_TP000082,63,37,28/01/2025,3.671684876,3.849125455,3.661185592,4.049530812,BRMS
UKENNE_YW_TP000082,63,38,04/02/2025,4.549278318,3.981675915,3.78977806,4.161084898,BRMS
UKENNE_YW_TP000082,63,39,11/02/2025,5.535497356,4.13187287,3.927689772,4.314704347,BRMS
UKENNE_YW_TP000082,63,40,18/02/2025,6.521716393,4.275306871,4.089355757,4.456612733,BRMS
UKENNE_YW_TP000082,63,41,25/02/2025,5.934395231,4.377796064,4.185248508,4.566626619,BRMS
UKENNE_YW_TP000082,63,42,04/03/2025,5.347074068,4.435575903,4.245971689,4.638194153,BRMS
UKENNE_YW_TP000082,63,43,11/03/2025,5.057564009,4.452082213,4.254948673,4.649389178,BRMS
UKENNE_YW_TP000082,63,44,18/03/2025,4.768053949,4.440753479,4.229177385,4.641994954,BRMS
UKENNE_YW_TP000082,63,45,25/03/2025,4.768053949,4.423547405,4.190418318,4.641090918,BRMS
UKENNE_YW_TP000086,64,1,21/05/2024,NA,3.737040488,3.484021113,3.997487737,BRMS
UKENNE_YW_TP000086,64,2,28/05/2024,NA,3.783640955,3.564132387,4.02065559,BRMS
UKENNE_YW_TP000086,64,3,04/06/2024,NA,3.861550232,3.644090197,4.086328844,BRMS
UKENNE_YW_TP000086,64,4,11/06/2024,NA,3.991435102,3.780767163,4.210508785,BRMS
UKENNE_YW_TP000086,64,5,18/06/2024,NA,4.127856147,3.924811256,4.33530042,BRMS
UKENNE_YW_TP000086,64,6,25/06/2024,NA,4.238585006,4.04116766,4.442242249,BRMS
UKENNE_YW_TP000086,64,7,02/07/2024,NA,4.327601066,4.129652925,4.533996315,BRMS
UKENNE_YW_TP000086,64,8,09/07/2024,NA,4.402493505,4.200843378,4.627647082,BRMS
UKENNE_YW_TP000086,64,9,16/07/2024,NA,4.337231272,4.129684839,4.550531761,BRMS
UKENNE_YW_TP000086,64,10,23/07/2024,NA,4.474896119,4.285474074,4.691120338,BRMS
UKENNE_YW_TP000086,64,11,30/07/2024,NA,4.598458494,4.416574102,4.821358895,BRMS
UKENNE_YW_TP000086,64,12,06/08/2024,NA,4.688167088,4.502662904,4.922950616,BRMS
UKENNE_YW_TP000086,64,13,13/08/2024,NA,4.740361668,4.545623339,4.9983138,BRMS
UKENNE_YW_TP000086,64,14,20/08/2024,NA,4.77632583,4.571466439,5.017701018,BRMS
UKENNE_YW_TP000086,64,15,27/08/2024,NA,4.814806283,4.599737786,5.057739499,BRMS
UKENNE_YW_TP000086,64,16,03/09/2024,NA,4.82467841,4.613777016,5.031901746,BRMS
UKENNE_YW_TP000086,64,17,10/09/2024,NA,4.805074952,4.604596161,5.022411466,BRMS
UKENNE_YW_TP000086,64,18,17/09/2024,NA,4.726009249,4.52705608,4.952426041,BRMS
UKENNE_YW_TP000086,64,19,24/09/2024,NA,4.632740116,4.433894393,4.848184439,BRMS
UKENNE_YW_TP000086,64,20,01/10/2024,NA,4.558693516,4.356180452,4.774439038,BRMS
UKENNE_YW_TP000086,64,21,08/10/2024,NA,4.53444574,4.324613033,4.747543494,BRMS
UKENNE_YW_TP000086,64,22,15/10/2024,NA,4.569734672,4.348172541,4.78404909,BRMS
UKENNE_YW_TP000086,64,23,22/10/2024,NA,4.620820015,4.402773855,4.844537264,BRMS
UKENNE_YW_TP000086,64,24,29/10/2024,NA,4.675273576,4.472092568,4.891134651,BRMS
UKENNE_YW_TP000086,64,25,05/11/2024,NA,4.714097335,4.525470939,4.916768065,BRMS
UKENNE_YW_TP000086,64,26,12/11/2024,NA,4.727110393,4.536786766,4.929108792,BRMS
UKENNE_YW_TP000086,64,27,19/11/2024,NA,4.736138476,4.534675246,4.947548578,BRMS
UKENNE_YW_TP000086,64,28,26/11/2024,NA,4.74967137,4.550154546,4.955817702,BRMS
UKENNE_YW_TP000086,64,29,03/12/2024,NA,4.784690338,4.564506176,5.002192229,BRMS
UKENNE_YW_TP000086,64,30,10/12/2024,NA,4.765813838,4.558678578,4.988597517,BRMS
UKENNE_YW_TP000086,64,31,17/12/2024,NA,4.810522315,4.598689282,5.019054289,BRMS
UKENNE_YW_TP000086,64,32,24/12/2024,NA,4.821418916,4.599631063,5.044873636,BRMS
UKENNE_YW_TP000086,64,33,31/12/2024,NA,4.767131737,4.557493669,4.983255674,BRMS
UKENNE_YW_TP000086,64,34,07/01/2025,5.552148342,4.681691644,4.471554434,4.897343595,BRMS
UKENNE_YW_TP000086,64,35,14/01/2025,5.552148342,4.600379861,4.385164027,4.813629744,BRMS
UKENNE_YW_TP000086,64,36,21/01/2025,5.46130711,4.568671264,4.345243002,4.778939499,BRMS
UKENNE_YW_TP000086,64,37,28/01/2025,5.370465877,4.679934866,4.466570762,4.885819147,BRMS
UKENNE_YW_TP000086,64,38,04/02/2025,5.726763946,4.815904094,4.61841436,5.009607734,BRMS
UKENNE_YW_TP000086,64,39,11/02/2025,6.083062014,4.968077537,4.773799104,5.172907443,BRMS
UKENNE_YW_TP000086,64,40,18/02/2025,6.138868929,5.112207579,4.91495195,5.325141564,BRMS
UKENNE_YW_TP000086,64,41,25/02/2025,6.194675843,5.214567828,5.015992358,5.425403287,BRMS
UKENNE_YW_TP000086,64,42,04/03/2025,6.011115862,5.271128837,5.062926934,5.488075617,BRMS
UKENNE_YW_TP000086,64,43,11/03/2025,5.82755588,5.286792541,5.080740423,5.495821303,BRMS
UKENNE_YW_TP000086,64,44,18/03/2025,5.060914847,5.275006385,5.069112538,5.485105736,BRMS
UKENNE_YW_TP000086,64,45,25/03/2025,4.294273814,5.258142458,5.054260353,5.477983039,BRMS
UKENNE_YW_TP000094,65,1,21/05/2024,NA,3.388872076,3.129953347,3.663984235,BRMS
UKENNE_YW_TP000094,65,2,28/05/2024,3.31819103,3.436424347,3.226325733,3.652008553,BRMS
UKENNE_YW_TP000094,65,3,04/06/2024,3.31819103,3.516427709,3.317531305,3.7179235,BRMS
UKENNE_YW_TP000094,65,4,11/06/2024,3.657446869,3.648622416,3.463689354,3.847422666,BRMS
UKENNE_YW_TP000094,65,5,18/06/2024,3.996702707,3.788130582,3.610396519,3.978264243,BRMS
UKENNE_YW_TP000094,65,6,25/06/2024,4.121391114,3.90233275,3.725374175,4.096530288,BRMS
UKENNE_YW_TP000094,65,7,02/07/2024,4.24607952,3.995093486,3.816618231,4.192930261,BRMS
UKENNE_YW_TP000094,65,8,09/07/2024,4.780734864,4.073905986,3.883390064,4.286811385,BRMS
UKENNE_YW_TP000094,65,9,16/07/2024,5.315390207,4.012476811,3.817864315,4.235391248,BRMS
UKENNE_YW_TP000094,65,10,23/07/2024,5.394416535,4.15408999,3.962459113,4.376542897,BRMS
UKENNE_YW_TP000094,65,11,30/07/2024,5.473442863,4.281487518,4.100580042,4.494397644,BRMS
UKENNE_YW_TP000094,65,12,06/08/2024,5.364683058,4.375006984,4.199808349,4.599917539,BRMS
UKENNE_YW_TP000094,65,13,13/08/2024,5.255923252,4.430564465,4.240100544,4.676145505,BRMS
UKENNE_YW_TP000094,65,14,20/08/2024,5.208583596,4.469929069,4.277354133,4.718997416,BRMS
UKENNE_YW_TP000094,65,15,27/08/2024,5.16124394,4.511381182,4.308199273,4.763288498,BRMS
UKENNE_YW_TP000094,65,16,03/09/2024,5.306259826,4.523961259,4.323151151,4.733688911,BRMS
UKENNE_YW_TP000094,65,17,10/09/2024,5.451275711,4.50585297,4.315829251,4.722763977,BRMS
UKENNE_YW_TP000094,65,18,17/09/2024,5.095418384,4.427279497,4.241837912,4.649322986,BRMS
UKENNE_YW_TP000094,65,19,24/09/2024,4.739561057,4.334125975,4.154824227,4.546638983,BRMS
UKENNE_YW_TP000094,65,20,01/10/2024,4.757917059,4.259952418,4.080078559,4.473382235,BRMS
UKENNE_YW_TP000094,65,21,08/10/2024,4.77627306,4.235817592,4.051625597,4.453613028,BRMS
UKENNE_YW_TP000094,65,22,15/10/2024,4.773460131,4.271090586,4.070836167,4.484592448,BRMS
UKENNE_YW_TP000094,65,23,22/10/2024,4.770647202,4.321953699,4.128313965,4.542062935,BRMS
UKENNE_YW_TP000094,65,24,29/10/2024,4.443246896,4.375997143,4.19185332,4.588478783,BRMS
UKENNE_YW_TP000094,65,25,05/11/2024,4.11584659,4.414217246,4.238574153,4.616284033,BRMS
UKENNE_YW_TP000094,65,26,12/11/2024,4.451739952,4.425938902,4.24337222,4.62678167,BRMS
UKENNE_YW_TP000094,65,27,19/11/2024,4.787633313,4.433753201,4.245282251,4.632938388,BRMS
UKENNE_YW_TP000094,65,28,26/11/2024,4.970979235,4.445192568,4.258343602,4.650360833,BRMS
UKENNE_YW_TP000094,65,29,03/12/2024,5.154325156,4.477696753,4.276935624,4.70451049,BRMS
UKENNE_YW_TP000094,65,30,10/12/2024,5.426221083,4.45525732,4.260815572,4.66616134,BRMS
UKENNE_YW_TP000094,65,31,17/12/2024,5.698117009,4.495734447,4.297081725,4.702900275,BRMS
UKENNE_YW_TP000094,65,32,24/12/2024,5.871873307,4.502029017,4.302967089,4.722154854,BRMS
UKENNE_YW_TP000094,65,33,31/12/2024,6.045629604,4.443095742,4.252564297,4.649540199,BRMS
UKENNE_YW_TP000094,65,34,07/01/2025,5.724636363,4.353121104,4.158440318,4.555079882,BRMS
UKENNE_YW_TP000094,65,35,14/01/2025,5.403643122,4.267348099,4.067039085,4.476484529,BRMS
UKENNE_YW_TP000094,65,36,21/01/2025,5.736424037,4.231452144,4.029538231,4.432933409,BRMS
UKENNE_YW_TP000094,65,37,28/01/2025,6.069204952,4.339091648,4.139537105,4.5567877,BRMS
UKENNE_YW_TP000094,65,38,04/02/2025,5.477477926,4.471153346,4.273540378,4.6543755,BRMS
UKENNE_YW_TP000094,65,39,11/02/2025,4.8857509,4.620496858,4.425530033,4.815571077,BRMS
UKENNE_YW_TP000094,65,40,18/02/2025,5.363325351,4.761616752,4.579358891,4.958545112,BRMS
UKENNE_YW_TP000094,65,41,25/02/2025,5.840899801,4.861895776,4.683067655,5.068155544,BRMS
UKENNE_YW_TP000094,65,42,04/03/2025,5.460957606,4.91755399,4.721256443,5.131017467,BRMS
UKENNE_YW_TP000094,65,43,11/03/2025,5.081015411,4.931868439,4.740634529,5.126877767,BRMS
UKENNE_YW_TP000094,65,44,18/03/2025,5.362169342,4.918416554,4.723615896,5.126510083,BRMS
UKENNE_YW_TP000094,65,45,25/03/2025,5.643323272,4.899789783,4.698104669,5.132555763,BRMS
UKENNE_YW_TP000095,66,1,21/05/2024,3.547733582,3.766191089,3.425886701,4.108748983,BRMS
UKENNE_YW_TP000095,66,2,28/05/2024,3.547733582,3.846556414,3.550462439,4.150103739,BRMS
UKENNE_YW_TP000095,66,3,04/06/2024,3.703528234,3.949764344,3.688213982,4.227459246,BRMS
UKENNE_YW_TP000095,66,4,11/06/2024,3.859322886,4.095008823,3.844698054,4.355275589,BRMS
UKENNE_YW_TP000095,66,5,18/06/2024,3.954493664,4.25086144,4.013636667,4.507637596,BRMS
UKENNE_YW_TP000095,66,6,25/06/2024,4.049664442,4.381373319,4.157800281,4.636044071,BRMS
UKENNE_YW_TP000095,66,7,02/07/2024,4.095485549,4.465967387,4.248162638,4.719726137,BRMS
UKENNE_YW_TP000095,66,8,09/07/2024,4.141306656,4.577103807,4.365460854,4.810440739,BRMS
UKENNE_YW_TP000095,66,9,16/07/2024,4.355060819,4.548400169,4.327980001,4.79261018,BRMS
UKENNE_YW_TP000095,66,10,23/07/2024,4.568814982,4.731449433,4.518924852,4.957243404,BRMS
UKENNE_YW_TP000095,66,11,30/07/2024,4.749690669,4.904218217,4.693196451,5.119131638,BRMS
UKENNE_YW_TP000095,66,12,06/08/2024,4.930566355,5.028962099,4.817836962,5.253594037,BRMS
UKENNE_YW_TP000095,66,13,13/08/2024,4.930566355,5.114661141,4.895724297,5.337242185,BRMS
UKENNE_YW_TP000095,66,14,20/08/2024,5.424955616,5.161856924,4.945165309,5.388703843,BRMS
UKENNE_YW_TP000095,66,15,27/08/2024,5.096681341,5.222486173,5.006516737,5.454256171,BRMS
UKENNE_YW_TP000095,66,16,03/09/2024,5.096681341,5.263206566,5.053763009,5.490555842,BRMS
UKENNE_YW_TP000095,66,17,10/09/2024,4.648675597,5.278428467,5.070079525,5.513928802,BRMS
UKENNE_YW_TP000095,66,18,17/09/2024,4.528944127,5.235958986,5.028546448,5.482828446,BRMS
UKENNE_YW_TP000095,66,19,24/09/2024,4.024365065,5.130063062,4.918607271,5.381285722,BRMS
UKENNE_YW_TP000095,66,20,01/10/2024,3.519786003,5.038874754,4.821722642,5.270752648,BRMS
UKENNE_YW_TP000095,66,21,08/10/2024,3.945841374,4.978793458,4.759264098,5.198832816,BRMS
UKENNE_YW_TP000095,66,22,15/10/2024,4.371896744,4.965108453,4.760679302,5.184801519,BRMS
UKENNE_YW_TP000095,66,23,22/10/2024,4.271291081,4.978660438,4.759297885,5.202641042,BRMS
UKENNE_YW_TP000095,66,24,29/10/2024,4.170685418,4.979899646,4.771455115,5.200600756,BRMS
UKENNE_YW_TP000095,66,25,05/11/2024,4.316860202,4.950178021,4.728759695,5.173158245,BRMS
UKENNE_YW_TP000095,66,26,12/11/2024,4.463034986,4.945517173,4.721866684,5.165221728,BRMS
UKENNE_YW_TP000095,66,27,19/11/2024,4.777376418,4.921016771,4.693365341,5.140537435,BRMS
UKENNE_YW_TP000095,66,28,26/11/2024,5.09171785,4.897768584,4.675008449,5.116492783,BRMS
UKENNE_YW_TP000095,66,29,03/12/2024,5.000015446,4.909610612,4.697852474,5.126637503,BRMS
UKENNE_YW_TP000095,66,30,10/12/2024,4.908313041,4.865199282,4.645264564,5.106266859,BRMS
UKENNE_YW_TP000095,66,31,17/12/2024,4.908313041,4.868833464,4.679268412,5.089575343,BRMS
UKENNE_YW_TP000095,66,32,24/12/2024,3.986050243,4.855118431,4.645812053,5.092114368,BRMS
UKENNE_YW_TP000095,66,33,31/12/2024,3.930965598,4.747116846,4.556265018,4.96631146,BRMS
UKENNE_YW_TP000095,66,34,07/01/2025,3.930965598,4.598829668,4.410089789,4.815631839,BRMS
UKENNE_YW_TP000095,66,35,14/01/2025,3.887054217,4.469291488,4.274106729,4.698285156,BRMS
UKENNE_YW_TP000095,66,36,21/01/2025,3.898227482,4.397466184,4.191870371,4.631251485,BRMS
UKENNE_YW_TP000095,66,37,28/01/2025,4.058766153,4.453752845,4.237201562,4.689354054,BRMS
UKENNE_YW_TP000095,66,38,04/02/2025,4.219304823,4.559901751,4.37722593,4.776886817,BRMS
UKENNE_YW_TP000095,66,39,11/02/2025,4.414566742,4.72645742,4.539510188,4.933563649,BRMS
UKENNE_YW_TP000095,66,40,18/02/2025,4.60982866,4.88249349,4.680491759,5.114256453,BRMS
UKENNE_YW_TP000095,66,41,25/02/2025,4.894498493,4.991575536,4.779368116,5.235611214,BRMS
UKENNE_YW_TP000095,66,42,04/03/2025,5.179168325,5.045161704,4.832846733,5.289090905,BRMS
UKENNE_YW_TP000095,66,43,11/03/2025,5.169396893,5.034679736,4.809404262,5.27972203,BRMS
UKENNE_YW_TP000095,66,44,18/03/2025,5.15962546,5.00473242,4.767532596,5.26451671,BRMS
UKENNE_YW_TP000095,66,45,25/03/2025,5.15962546,4.957035103,4.695456163,5.236957569,BRMS
UKENNE_YW_TP000096,67,1,21/05/2024,NA,3.768635643,3.495463779,4.029023351,BRMS
UKENNE_YW_TP000096,67,2,28/05/2024,5.326451148,3.815823644,3.572879263,4.054861621,BRMS
UKENNE_YW_TP000096,67,3,04/06/2024,5.326451148,3.894851734,3.655023873,4.116452307,BRMS
UKENNE_YW_TP000096,67,4,11/06/2024,5.34324609,4.026613502,3.794910509,4.237349188,BRMS
UKENNE_YW_TP000096,67,5,18/06/2024,5.360041031,4.165843092,3.943972409,4.361492,BRMS
UKENNE_YW_TP000096,67,6,25/06/2024,5.413909629,4.27943855,4.060762947,4.470026113,BRMS
UKENNE_YW_TP000096,67,7,02/07/2024,5.467778227,4.371492975,4.150132635,4.562119583,BRMS
UKENNE_YW_TP000096,67,8,09/07/2024,5.421910337,4.450081984,4.217736419,4.662803378,BRMS
UKENNE_YW_TP000096,67,9,16/07/2024,5.376042446,4.389215122,4.151187625,4.595562879,BRMS
UKENNE_YW_TP000096,67,10,23/07/2024,5.564994612,4.532081497,4.30838524,4.73746933,BRMS
UKENNE_YW_TP000096,67,11,30/07/2024,5.753946778,4.661172762,4.453089049,4.873694712,BRMS
UKENNE_YW_TP000096,67,12,06/08/2024,5.718360511,4.756280306,4.549253316,4.976060498,BRMS
UKENNE_YW_TP000096,67,13,13/08/2024,5.682774244,4.814035844,4.594333869,5.05084529,BRMS
UKENNE_YW_TP000096,67,14,20/08/2024,5.624717329,4.854785496,4.640962378,5.07903433,BRMS
UKENNE_YW_TP000096,67,15,27/08/2024,5.566660413,4.898053316,4.680396668,5.126800814,BRMS
UKENNE_YW_TP000096,67,16,03/09/2024,5.386681101,4.912048991,4.695321686,5.1139811,BRMS
UKENNE_YW_TP000096,67,17,10/09/2024,5.206701789,4.895453801,4.675720725,5.095226322,BRMS
UKENNE_YW_TP000096,67,18,17/09/2024,5.465581463,4.818378639,4.59259272,5.021434382,BRMS
UKENNE_YW_TP000096,67,19,24/09/2024,5.724461136,4.72617647,4.492945364,4.935190504,BRMS
UKENNE_YW_TP000096,67,20,01/10/2024,4.560568725,4.652601112,4.415821848,4.866227442,BRMS
UKENNE_YW_TP000096,67,21,08/10/2024,3.396676314,4.627487267,4.393449581,4.846213298,BRMS
UKENNE_YW_TP000096,67,22,15/10/2024,3.880253401,4.661764779,4.43445921,4.877892802,BRMS
UKENNE_YW_TP000096,67,23,22/10/2024,4.363830487,4.711456946,4.483224051,4.935496366,BRMS
UKENNE_YW_TP000096,67,24,29/10/2024,4.378588475,4.763432233,4.549442189,4.981874188,BRMS
UKENNE_YW_TP000096,67,25,05/11/2024,4.393346463,4.799205056,4.597495894,5.009847212,BRMS
UKENNE_YW_TP000096,67,26,12/11/2024,4.071487931,4.808460493,4.595642828,5.001166399,BRMS
UKENNE_YW_TP000096,67,27,19/11/2024,3.749629399,4.81365291,4.598904505,5.008930548,BRMS
UKENNE_YW_TP000096,67,28,26/11/2024,4.28006895,4.823386897,4.617070653,5.032270362,BRMS
UKENNE_YW_TP000096,67,29,03/12/2024,4.810508501,4.854976447,4.660183519,5.072924734,BRMS
UKENNE_YW_TP000096,67,30,10/12/2024,4.528662195,4.832739525,4.63474305,5.050657518,BRMS
UKENNE_YW_TP000096,67,31,17/12/2024,4.246815889,4.874569185,4.682536736,5.082038095,BRMS
UKENNE_YW_TP000096,67,32,24/12/2024,4.472025168,4.882692363,4.672140892,5.100890261,BRMS
UKENNE_YW_TP000096,67,33,31/12/2024,4.697234447,4.825996565,4.623082588,5.037276717,BRMS
UKENNE_YW_TP000096,67,34,07/01/2025,4.798185595,4.737795538,4.548046938,4.94600263,BRMS
UKENNE_YW_TP000096,67,35,14/01/2025,4.899136743,4.654144266,4.460019044,4.868114805,BRMS
UKENNE_YW_TP000096,67,36,21/01/2025,4.953617271,4.620816745,4.410590539,4.83716654,BRMS
UKENNE_YW_TP000096,67,37,28/01/2025,5.008097799,4.731682978,4.527698095,4.936752386,BRMS
UKENNE_YW_TP000096,67,38,04/02/2025,5.400069876,4.868496469,4.669504587,5.06308051,BRMS
UKENNE_YW_TP000096,67,39,11/02/2025,5.792041952,5.022118659,4.814266338,5.219707302,BRMS
UKENNE_YW_TP000096,67,40,18/02/2025,5.204625151,5.168528687,4.966777799,5.376165203,BRMS
UKENNE_YW_TP000096,67,41,25/02/2025,4.617208349,5.273865719,5.084447034,5.485274934,BRMS
UKENNE_YW_TP000096,67,42,04/03/2025,4.952126505,5.332319284,5.126256969,5.545107538,BRMS
UKENNE_YW_TP000096,67,43,11/03/2025,5.28704466,5.350275441,5.152678842,5.563253994,BRMS
UKENNE_YW_TP000096,67,44,18/03/2025,4.93357266,5.34013931,5.129156257,5.552085088,BRMS
UKENNE_YW_TP000096,67,45,25/03/2025,4.580100659,5.324723231,5.113522598,5.550814339,BRMS
UKENNE_YW_TP000098,68,1,21/05/2024,2.462898439,3.806789363,3.541347277,4.079445124,BRMS
UKENNE_YW_TP000098,68,2,28/05/2024,2.462898439,3.874954283,3.653562821,4.106645821,BRMS
UKENNE_YW_TP000098,68,3,04/06/2024,2.462898439,3.960659696,3.76276639,4.169466881,BRMS
UKENNE_YW_TP000098,68,4,11/06/2024,2.945785667,4.107619093,3.921727431,4.300748913,BRMS
UKENNE_YW_TP000098,68,5,18/06/2024,2.945785667,4.2555403,4.073441887,4.448586956,BRMS
UKENNE_YW_TP000098,68,6,25/06/2024,2.831675522,4.371637984,4.191996123,4.570920695,BRMS
UKENNE_YW_TP000098,68,7,02/07/2024,2.717565376,4.448011608,4.272182785,4.651024485,BRMS
UKENNE_YW_TP000098,68,8,09/07/2024,3.833388236,4.514285566,4.317257904,4.717079557,BRMS
UKENNE_YW_TP000098,68,9,16/07/2024,4.949211095,4.425918483,4.229518915,4.630876114,BRMS
UKENNE_YW_TP000098,68,10,23/07/2024,4.69503875,4.568525085,4.386175094,4.764415674,BRMS
UKENNE_YW_TP000098,68,11,30/07/2024,4.440866405,4.703231591,4.514021855,4.899601805,BRMS
UKENNE_YW_TP000098,68,12,06/08/2024,4.226467358,4.814819986,4.622401562,5.011322863,BRMS
UKENNE_YW_TP000098,68,13,13/08/2024,4.01206831,4.88535833,4.686525081,5.088980578,BRMS
UKENNE_YW_TP000098,68,14,20/08/2024,4.176066727,4.910075416,4.70775078,5.11164855,BRMS
UKENNE_YW_TP000098,68,15,27/08/2024,4.340065144,4.937045568,4.730806621,5.148907791,BRMS
UKENNE_YW_TP000098,68,16,03/09/2024,4.762927716,4.917702343,4.710770855,5.123029351,BRMS
UKENNE_YW_TP000098,68,17,10/09/2024,4.810474033,4.907808619,4.70751432,5.115608686,BRMS
UKENNE_YW_TP000098,68,18,17/09/2024,4.810474033,4.845164078,4.648073205,5.065862602,BRMS
UKENNE_YW_TP000098,68,19,24/09/2024,4.240196142,4.744073242,4.555828832,4.951913168,BRMS
UKENNE_YW_TP000098,68,20,01/10/2024,4.045234505,4.649849935,4.46724079,4.85076285,BRMS
UKENNE_YW_TP000098,68,21,08/10/2024,4.053426468,4.576863202,4.377815102,4.770231418,BRMS
UKENNE_YW_TP000098,68,22,15/10/2024,4.061618431,4.569254412,4.364904541,4.752668597,BRMS
UKENNE_YW_TP000098,68,23,22/10/2024,4.354395628,4.593811963,4.391612253,4.787403737,BRMS
UKENNE_YW_TP000098,68,24,29/10/2024,4.647172825,4.636839189,4.453567855,4.831720979,BRMS
UKENNE_YW_TP000098,68,25,05/11/2024,4.79571742,4.678505753,4.507202055,4.869787594,BRMS
UKENNE_YW_TP000098,68,26,12/11/2024,4.944262015,4.721341442,4.558526657,4.905398036,BRMS
UKENNE_YW_TP000098,68,27,19/11/2024,4.930361536,4.756863054,4.591214946,4.937647814,BRMS
UKENNE_YW_TP000098,68,28,26/11/2024,4.916461056,4.778993551,4.610099111,4.954502292,BRMS
UKENNE_YW_TP000098,68,29,03/12/2024,4.512553487,4.825914243,4.652582891,5.010072136,BRMS
UKENNE_YW_TP000098,68,30,10/12/2024,4.108645918,4.833131734,4.656567885,5.018119686,BRMS
UKENNE_YW_TP000098,68,31,17/12/2024,4.108645918,4.877208915,4.700107842,5.064091468,BRMS
UKENNE_YW_TP000098,68,32,24/12/2024,4.983310427,4.90844046,4.72803097,5.112773052,BRMS
UKENNE_YW_TP000098,68,33,31/12/2024,3.664704755,4.832024448,4.656384768,5.022222015,BRMS
UKENNE_YW_TP000098,68,34,07/01/2025,3.664704755,4.715293599,4.540391358,4.898713982,BRMS
UKENNE_YW_TP000098,68,35,14/01/2025,3.481544023,4.608853289,4.440886008,4.79919319,BRMS
UKENNE_YW_TP000098,68,36,21/01/2025,4.616988962,4.54983249,4.37321806,4.749649989,BRMS
UKENNE_YW_TP000098,68,37,28/01/2025,3.990331328,4.6550537,4.471878054,4.866353784,BRMS
UKENNE_YW_TP000098,68,38,04/02/2025,3.363673694,4.795234958,4.621714767,4.978938299,BRMS
UKENNE_YW_TP000098,68,39,11/02/2025,3.996613922,4.967328583,4.788066954,5.155525583,BRMS
UKENNE_YW_TP000098,68,40,18/02/2025,4.62955415,5.114901527,4.925987683,5.320124291,BRMS
UKENNE_YW_TP000098,68,41,25/02/2025,4.539445827,5.191927303,5.002512998,5.400808636,BRMS
UKENNE_YW_TP000098,68,42,04/03/2025,4.449337503,5.227612285,5.033566505,5.432942246,BRMS
UKENNE_YW_TP000098,68,43,11/03/2025,4.864392344,5.199355837,5.005760856,5.407349139,BRMS
UKENNE_YW_TP000098,68,44,18/03/2025,5.279447185,5.150980554,4.932720431,5.362406434,BRMS
UKENNE_YW_TP000098,68,45,25/03/2025,5.279447185,5.084242056,4.834556344,5.318879268,BRMS
UKENNE_YW_TP000102,69,1,21/05/2024,NA,4.172870786,3.939612879,4.419229277,BRMS
UKENNE_YW_TP000102,69,2,28/05/2024,5.14873374,4.225021017,4.025785717,4.424354121,BRMS
UKENNE_YW_TP000102,69,3,04/06/2024,5.14873374,4.309386241,4.120414269,4.516312548,BRMS
UKENNE_YW_TP000102,69,4,11/06/2024,5.103126537,4.447199069,4.26610716,4.642206338,BRMS
UKENNE_YW_TP000102,69,5,18/06/2024,5.057519333,4.593195411,4.431719259,4.772048343,BRMS
UKENNE_YW_TP000102,69,6,25/06/2024,5.35963473,4.714719061,4.558645019,4.888133095,BRMS
UKENNE_YW_TP000102,69,7,02/07/2024,5.661750126,4.815373897,4.647160596,4.989588583,BRMS
UKENNE_YW_TP000102,69,8,09/07/2024,5.625162795,4.901845469,4.730087744,5.079807444,BRMS
UKENNE_YW_TP000102,69,9,16/07/2024,5.588575464,4.847103519,4.660947053,5.019662961,BRMS
UKENNE_YW_TP000102,69,10,23/07/2024,5.576358268,4.994027136,4.832100673,5.156041986,BRMS
UKENNE_YW_TP000102,69,11,30/07/2024,5.564141072,5.125891144,4.971683655,5.296543756,BRMS
UKENNE_YW_TP000102,69,12,06/08/2024,5.537270475,5.223883942,5.059811066,5.40671282,BRMS
UKENNE_YW_TP000102,69,13,13/08/2024,5.510399878,5.283390501,5.10259071,5.457686771,BRMS
UKENNE_YW_TP000102,69,14,20/08/2024,5.839206199,5.326651547,5.141897014,5.494010205,BRMS
UKENNE_YW_TP000102,69,15,27/08/2024,6.16801252,5.370410035,5.184804814,5.525061718,BRMS
UKENNE_YW_TP000102,69,16,03/09/2024,5.863077217,5.383904935,5.207567307,5.561811492,BRMS
UKENNE_YW_TP000102,69,17,10/09/2024,5.558141913,5.366144783,5.19508174,5.531000541,BRMS
UKENNE_YW_TP000102,69,18,17/09/2024,5.354620434,5.285779219,5.122006882,5.457450517,BRMS
UKENNE_YW_TP000102,69,19,24/09/2024,5.151098954,5.191168048,5.031697273,5.358341031,BRMS
UKENNE_YW_TP000102,69,20,01/10/2024,5.24853895,5.115251035,4.947640862,5.28173047,BRMS
UKENNE_YW_TP000102,69,21,08/10/2024,5.345978945,5.089239092,4.917829197,5.270253082,BRMS
UKENNE_YW_TP000102,69,22,15/10/2024,5.183141544,5.122872375,4.935836937,5.297098635,BRMS
UKENNE_YW_TP000102,69,23,22/10/2024,5.020304142,5.171192458,4.996316901,5.353672191,BRMS
UKENNE_YW_TP000102,69,24,29/10/2024,4.98459578,5.22307134,5.055537891,5.400417073,BRMS
UKENNE_YW_TP000102,69,25,05/11/2024,4.948887417,5.259530731,5.090251501,5.436072161,BRMS
UKENNE_YW_TP000102,69,26,12/11/2024,5.172305681,5.267974599,5.096973027,5.44840088,BRMS
UKENNE_YW_TP000102,69,27,19/11/2024,5.395723945,5.272253805,5.095097062,5.455304685,BRMS
UKENNE_YW_TP000102,69,28,26/11/2024,5.192625021,5.279261273,5.098049071,5.466412843,BRMS
UKENNE_YW_TP000102,69,29,03/12/2024,4.989526097,5.305022366,5.122254359,5.485794458,BRMS
UKENNE_YW_TP000102,69,30,10/12/2024,5.575860645,5.274482678,5.088547535,5.445270611,BRMS
UKENNE_YW_TP000102,69,31,17/12/2024,6.162195192,5.304834864,5.121421358,5.484905276,BRMS
UKENNE_YW_TP000102,69,32,24/12/2024,5.916514894,5.300567187,5.123318325,5.474943288,BRMS
UKENNE_YW_TP000102,69,33,31/12/2024,5.670834596,5.231636964,5.04996913,5.420168101,BRMS
UKENNE_YW_TP000102,69,34,07/01/2025,4.995965174,5.132938208,4.953375149,5.32152104,BRMS
UKENNE_YW_TP000102,69,35,14/01/2025,4.321095751,5.038259934,4.85986606,5.215824443,BRMS
UKENNE_YW_TP000102,69,36,21/01/2025,4.286687814,4.994052131,4.806951826,5.190345124,BRMS
UKENNE_YW_TP000102,69,37,28/01/2025,4.252279877,5.094458994,4.901772612,5.273737662,BRMS
UKENNE_YW_TP000102,69,38,04/02/2025,5.166190272,5.218958796,5.035768306,5.406465991,BRMS
UKENNE_YW_TP000102,69,39,11/02/2025,6.080100666,5.361243236,5.176851465,5.556927436,BRMS
UKENNE_YW_TP000102,69,40,18/02/2025,5.317121669,5.495660196,5.327284545,5.687690323,BRMS
UKENNE_YW_TP000102,69,41,25/02/2025,4.554142671,5.590085128,5.414393738,5.79240567,BRMS
UKENNE_YW_TP000102,69,42,04/03/2025,5.000358917,5.642044204,5.456318325,5.845327858,BRMS
UKENNE_YW_TP000102,69,43,11/03/2025,5.446575163,5.652025377,5.457130074,5.858775823,BRMS
UKENNE_YW_TP000102,69,44,18/03/2025,5.549799967,5.633875191,5.431387002,5.834088035,BRMS
UKENNE_YW_TP000102,69,45,25/03/2025,5.65302477,5.609872536,5.408598084,5.801873199,BRMS
UKENNE_YW_TP000107,70,1,21/05/2024,3.151602837,3.239875182,2.954539039,3.511208212,BRMS
UKENNE_YW_TP000107,70,2,28/05/2024,3.151602837,3.289201851,3.085084504,3.485636982,BRMS
UKENNE_YW_TP000107,70,3,04/06/2024,3.008062425,3.370842405,3.172975966,3.54936503,BRMS
UKENNE_YW_TP000107,70,4,11/06/2024,2.864522012,3.505477103,3.321869775,3.672643662,BRMS
UKENNE_YW_TP000107,70,5,18/06/2024,3.530398879,3.647790222,3.467090385,3.817981599,BRMS
UKENNE_YW_TP000107,70,6,25/06/2024,4.196275745,3.765280218,3.585213581,3.933602722,BRMS
UKENNE_YW_TP000107,70,7,02/07/2024,3.912486609,3.861848741,3.690245497,4.02340557,BRMS
UKENNE_YW_TP000107,70,8,09/07/2024,3.628697472,3.944338592,3.773926716,4.126121095,BRMS
UKENNE_YW_TP000107,70,9,16/07/2024,4.137790547,3.886712599,3.702918205,4.080051075,BRMS
UKENNE_YW_TP000107,70,10,23/07/2024,4.646883621,4.031695448,3.859649166,4.228860731,BRMS
UKENNE_YW_TP000107,70,11,30/07/2024,4.870010291,4.162689358,3.98524797,4.34658734,BRMS
UKENNE_YW_TP000107,70,12,06/08/2024,5.093136961,4.25979419,4.097105423,4.438983154,BRMS
UKENNE_YW_TP000107,70,13,13/08/2024,4.656255117,4.318763454,4.157272999,4.508143412,BRMS
UKENNE_YW_TP000107,70,14,20/08/2024,4.219373272,4.36151317,4.197543424,4.554087099,BRMS
UKENNE_YW_TP000107,70,15,27/08/2024,3.844632068,4.405671768,4.23423014,4.604743276,BRMS
UKENNE_YW_TP000107,70,16,03/09/2024,3.469890863,4.420109185,4.238469811,4.613715231,BRMS
UKENNE_YW_TP000107,70,17,10/09/2024,4.27455557,4.403180918,4.235469843,4.580104293,BRMS
UKENNE_YW_TP000107,70,18,17/09/2024,5.079220277,4.324932866,4.166217974,4.504942713,BRMS
UKENNE_YW_TP000107,70,19,24/09/2024,4.597222034,4.23212881,4.070937952,4.415451986,BRMS
UKENNE_YW_TP000107,70,20,01/10/2024,4.11522379,4.15796391,3.990682438,4.34958778,BRMS
UKENNE_YW_TP000107,70,21,08/10/2024,4.55432801,4.133657796,3.959365833,4.330994807,BRMS
UKENNE_YW_TP000107,70,22,15/10/2024,4.993432229,4.16855339,3.98338111,4.362012175,BRMS
UKENNE_YW_TP000107,70,23,22/10/2024,4.477949741,4.218607226,4.046732056,4.405147683,BRMS
UKENNE_YW_TP000107,70,24,29/10/2024,3.962467253,4.271701308,4.095145876,4.446537166,BRMS
UKENNE_YW_TP000107,70,25,05/11/2024,4.087269585,4.308803772,4.119349389,4.483938264,BRMS
UKENNE_YW_TP000107,70,26,12/11/2024,4.212071917,4.318900968,4.133432641,4.488160095,BRMS
UKENNE_YW_TP000107,70,27,19/11/2024,3.752927718,4.324734861,4.139634429,4.492791899,BRMS
UKENNE_YW_TP000107,70,28,26/11/2024,3.293783519,4.333874879,4.159553357,4.51001317,BRMS
UKENNE_YW_TP000107,70,29,03/12/2024,3.199195841,4.363361484,4.177931064,4.559713464,BRMS
UKENNE_YW_TP000107,70,30,10/12/2024,3.104608162,4.337524267,4.153352405,4.522448926,BRMS
UKENNE_YW_TP000107,70,31,17/12/2024,3.104608162,4.37393702,4.179366917,4.558202984,BRMS
UKENNE_YW_TP000107,70,32,24/12/2024,5.006478428,4.375947619,4.209900169,4.56427862,BRMS
UKENNE_YW_TP000107,70,33,31/12/2024,4.330337535,4.312470506,4.138787765,4.498301632,BRMS
UKENNE_YW_TP000107,70,34,07/01/2025,4.330337535,4.218232929,4.037821255,4.402029132,BRMS
UKENNE_YW_TP000107,70,35,14/01/2025,4.1821223,4.128387128,3.963272579,4.314589342,BRMS
UKENNE_YW_TP000107,70,36,21/01/2025,4.710047959,4.088786039,3.905997186,4.275822944,BRMS
UKENNE_YW_TP000107,70,37,28/01/2025,3.909059785,4.193363237,4.0051607,4.393858319,BRMS
UKENNE_YW_TP000107,70,38,04/02/2025,3.108071611,4.322315258,4.131319276,4.49919179,BRMS
UKENNE_YW_TP000107,70,39,11/02/2025,4.235688638,4.468865392,4.273316491,4.648290746,BRMS
UKENNE_YW_TP000107,70,40,18/02/2025,5.363305665,4.608035166,4.432302284,4.790243664,BRMS
UKENNE_YW_TP000107,70,41,25/02/2025,5.545456306,4.70650473,4.526798104,4.896020984,BRMS
UKENNE_YW_TP000107,70,42,04/03/2025,5.727606947,4.760926715,4.573192855,4.957005527,BRMS
UKENNE_YW_TP000107,70,43,11/03/2025,5.510935315,4.774222475,4.578241943,4.96087921,BRMS
UKENNE_YW_TP000107,70,44,18/03/2025,5.294263682,4.759672108,4.564790584,4.954247215,BRMS
UKENNE_YW_TP000107,70,45,25/03/2025,5.294263682,4.739414545,4.530131391,4.955786776,BRMS
UKENNE_YW_TP000112,71,1,21/05/2024,NA,3.749928207,3.450765196,4.067494483,BRMS
UKENNE_YW_TP000112,71,2,28/05/2024,4.04181964,3.822351842,3.554439778,4.106478937,BRMS
UKENNE_YW_TP000112,71,3,04/06/2024,4.04181964,3.906260048,3.655590057,4.172341646,BRMS
UKENNE_YW_TP000112,71,4,11/06/2024,4.137367749,4.056247161,3.80980098,4.313252669,BRMS
UKENNE_YW_TP000112,71,5,18/06/2024,4.232915857,4.211783801,3.967620222,4.459032049,BRMS
UKENNE_YW_TP000112,71,6,25/06/2024,4.706711573,4.336943011,4.080796607,4.582317218,BRMS
UKENNE_YW_TP000112,71,7,02/07/2024,5.180507289,4.424193062,4.174622883,4.674625415,BRMS
UKENNE_YW_TP000112,71,8,09/07/2024,4.408005153,4.494601834,4.251985709,4.744509211,BRMS
UKENNE_YW_TP000112,71,9,16/07/2024,3.635503016,4.41276601,4.160392735,4.653867766,BRMS
UKENNE_YW_TP000112,71,10,23/07/2024,4.079758847,4.553886291,4.316750904,4.802712944,BRMS
UKENNE_YW_TP000112,71,11,30/07/2024,4.524014678,4.681826805,4.450613726,4.934606761,BRMS
UKENNE_YW_TP000112,71,12,06/08/2024,5.464525547,4.778415873,4.545626361,5.033693666,BRMS
UKENNE_YW_TP000112,71,13,13/08/2024,6.405036415,4.839733785,4.601135642,5.091891223,BRMS
UKENNE_YW_TP000112,71,14,20/08/2024,5.710725283,4.854032452,4.614069986,5.100233299,BRMS
UKENNE_YW_TP000112,71,15,27/08/2024,5.01641415,4.871529828,4.630612969,5.120039384,BRMS
UKENNE_YW_TP000112,71,16,03/09/2024,4.917526244,4.834840128,4.608240579,5.083311305,BRMS
UKENNE_YW_TP000112,71,17,10/09/2024,4.818638338,4.815856013,4.586846771,5.075855877,BRMS
UKENNE_YW_TP000112,71,18,17/09/2024,4.413110412,4.744055567,4.512898095,5.01697956,BRMS
UKENNE_YW_TP000112,71,19,24/09/2024,4.007582486,4.635668719,4.402704691,4.901003085,BRMS
UKENNE_YW_TP000112,71,20,01/10/2024,4.767436826,4.537401179,4.285800232,4.810749074,BRMS
UKENNE_YW_TP000112,71,21,08/10/2024,5.527291165,4.463924232,4.200840405,4.741788643,BRMS
UKENNE_YW_TP000112,71,22,15/10/2024,5.167748557,4.453718896,4.185718937,4.73992306,BRMS
UKENNE_YW_TP000112,71,23,22/10/2024,4.808205949,4.481840694,4.223549063,4.763808368,BRMS
UKENNE_YW_TP000112,71,24,29/10/2024,4.805604223,4.524971594,4.278627476,4.803041589,BRMS
UKENNE_YW_TP000112,71,25,05/11/2024,4.803002497,4.562241771,4.31353099,4.835128522,BRMS
UKENNE_YW_TP000112,71,26,12/11/2024,4.728727291,4.606007999,4.350555437,4.882747388,BRMS
UKENNE_YW_TP000112,71,27,19/11/2024,4.654452084,4.638152878,4.383852667,4.912765617,BRMS
UKENNE_YW_TP000112,71,28,26/11/2024,4.776975366,4.654185743,4.412012861,4.923000336,BRMS
UKENNE_YW_TP000112,71,29,03/12/2024,4.899498647,4.69669711,4.443542871,4.966150119,BRMS
UKENNE_YW_TP000112,71,30,10/12/2024,5.511947038,4.69409039,4.436377167,4.965288599,BRMS
UKENNE_YW_TP000112,71,31,17/12/2024,6.124395428,4.724103381,4.448404087,4.986254601,BRMS
UKENNE_YW_TP000112,71,32,24/12/2024,5.631442037,4.763224295,4.494023318,5.029070308,BRMS
UKENNE_YW_TP000112,71,33,31/12/2024,4.738525158,4.68683944,4.419436977,4.948197528,BRMS
UKENNE_YW_TP000112,71,34,07/01/2025,4.738525158,4.570930122,4.309703999,4.843387566,BRMS
UKENNE_YW_TP000112,71,35,14/01/2025,4.338561669,4.470058569,4.203525594,4.742627679,BRMS
UKENNE_YW_TP000112,71,36,21/01/2025,5.769177584,4.423615682,4.151267077,4.684382071,BRMS
UKENNE_YW_TP000112,71,37,28/01/2025,5.769177584,4.541326106,4.278039269,4.814076127,BRMS
UKENNE_YW_TP000112,71,38,04/02/2025,5.449049017,4.694999935,4.448363867,4.967985506,BRMS
UKENNE_YW_TP000112,71,39,11/02/2025,5.12892045,4.870733961,4.617032566,5.15078677,BRMS
UKENNE_YW_TP000112,71,40,18/02/2025,4.939351719,5.024843181,4.773807227,5.303629715,BRMS
UKENNE_YW_TP000112,71,41,25/02/2025,4.749782988,5.103786648,4.843667503,5.379567738,BRMS
UKENNE_YW_TP000112,71,42,04/03/2025,5.056981802,5.142674178,4.892564111,5.423341575,BRMS
UKENNE_YW_TP000112,71,43,11/03/2025,5.364180616,5.113441008,4.86557646,5.386495062,BRMS
UKENNE_YW_TP000112,71,44,18/03/2025,5.333600031,5.066891802,4.811058127,5.342926071,BRMS
UKENNE_YW_TP000112,71,45,25/03/2025,5.303019445,4.998044139,4.716347306,5.286009245,BRMS
UKENNE_YW_TP000119,72,1,21/05/2024,NA,3.705074088,3.389853926,4.070343989,BRMS
UKENNE_YW_TP000119,72,2,28/05/2024,4.643395943,3.847999956,3.554637541,4.207382946,BRMS
UKENNE_YW_TP000119,72,3,04/06/2024,4.643395943,4.001959564,3.722675337,4.358888082,BRMS
UKENNE_YW_TP000119,72,4,11/06/2024,4.9373073,4.17339699,3.886669534,4.520571963,BRMS
UKENNE_YW_TP000119,72,5,18/06/2024,5.231218657,4.324504716,4.028633554,4.664487731,BRMS
UKENNE_YW_TP000119,72,6,25/06/2024,5.456152706,4.434633258,4.141704624,4.773414153,BRMS
UKENNE_YW_TP000119,72,7,02/07/2024,5.681086755,4.497210763,4.208827682,4.834295449,BRMS
UKENNE_YW_TP000119,72,8,09/07/2024,5.607692933,4.572466797,4.291037286,4.926763236,BRMS
UKENNE_YW_TP000119,72,9,16/07/2024,5.534299111,4.486908027,4.193202694,4.821397661,BRMS
UKENNE_YW_TP000119,72,10,23/07/2024,5.603926278,4.625539143,4.328529773,4.958304299,BRMS
UKENNE_YW_TP000119,72,11,30/07/2024,5.673553444,4.753219991,4.444659651,5.073853378,BRMS
UKENNE_YW_TP000119,72,12,06/08/2024,5.646421992,4.848790938,4.539604173,5.16742892,BRMS
UKENNE_YW_TP000119,72,13,13/08/2024,5.619290539,4.922957272,4.621426067,5.237136367,BRMS
UKENNE_YW_TP000119,72,14,20/08/2024,5.914412683,4.95964358,4.666391405,5.278176391,BRMS
UKENNE_YW_TP000119,72,15,27/08/2024,6.209534826,5.004905478,4.709261733,5.320073304,BRMS
UKENNE_YW_TP000119,72,16,03/09/2024,5.934125492,5.005436622,4.722040502,5.326166064,BRMS
UKENNE_YW_TP000119,72,17,10/09/2024,5.658716158,4.9881953,4.699930916,5.311652968,BRMS
UKENNE_YW_TP000119,72,18,17/09/2024,4.461134302,4.903206679,4.595439375,5.252449227,BRMS
UKENNE_YW_TP000119,72,19,24/09/2024,3.263552446,4.758387288,4.445557082,5.104731258,BRMS
UKENNE_YW_TP000119,72,20,01/10/2024,4.408095325,4.641860258,4.337980924,4.974251499,BRMS
UKENNE_YW_TP000119,72,21,08/10/2024,5.552638204,4.559995925,4.270185563,4.888442355,BRMS
UKENNE_YW_TP000119,72,22,15/10/2024,5.676676319,4.541830439,4.250000002,4.866740728,BRMS
UKENNE_YW_TP000119,72,23,22/10/2024,5.800714433,4.561876685,4.261312388,4.89739483,BRMS
UKENNE_YW_TP000119,72,24,29/10/2024,5.835938899,4.600120548,4.29765521,4.936200387,BRMS
UKENNE_YW_TP000119,72,25,05/11/2024,5.871163365,4.62286314,4.326479325,4.956222754,BRMS
UKENNE_YW_TP000119,72,26,12/11/2024,6.116222207,4.674646148,4.400116664,5.017851076,BRMS
UKENNE_YW_TP000119,72,27,19/11/2024,6.361281049,4.703346326,4.429611072,5.051914696,BRMS
UKENNE_YW_TP000119,72,28,26/11/2024,6.250564553,4.708610272,4.422741863,5.047052093,BRMS
UKENNE_YW_TP000119,72,29,03/12/2024,6.139848056,4.752345247,4.46198114,5.081052871,BRMS
UKENNE_YW_TP000119,72,30,10/12/2024,5.991948134,4.784132001,4.489779921,5.106073862,BRMS
UKENNE_YW_TP000119,72,31,17/12/2024,5.844048211,4.805278468,4.530747035,5.124883964,BRMS
UKENNE_YW_TP000119,72,32,24/12/2024,5.742321317,4.816185109,4.523699715,5.138973708,BRMS
UKENNE_YW_TP000119,72,33,31/12/2024,5.640594422,4.76262609,4.493039986,5.085536196,BRMS
UKENNE_YW_TP000119,72,34,07/01/2025,5.117838746,4.678751561,4.40874212,5.000273498,BRMS
UKENNE_YW_TP000119,72,35,14/01/2025,4.595083069,4.604154167,4.323554748,4.925431819,BRMS
UKENNE_YW_TP000119,72,36,21/01/2025,4.045367373,4.55782399,4.273448344,4.894361992,BRMS
UKENNE_YW_TP000119,72,37,28/01/2025,3.495651677,4.589996325,4.302349457,4.922941206,BRMS
UKENNE_YW_TP000119,72,38,04/02/2025,4.57252673,4.701560025,4.409297155,5.026974534,BRMS
UKENNE_YW_TP000119,72,39,11/02/2025,5.649401782,4.891793536,4.602625307,5.21313616,BRMS
UKENNE_YW_TP000119,72,40,18/02/2025,5.611844002,5.08814999,4.807531264,5.412157419,BRMS
UKENNE_YW_TP000119,72,41,25/02/2025,5.574286222,5.245161495,4.962175318,5.570706885,BRMS
UKENNE_YW_TP000119,72,42,04/03/2025,5.861986756,5.335739141,5.041181793,5.666010601,BRMS
UKENNE_YW_TP000119,72,43,11/03/2025,6.14968729,5.324027926,5.02084719,5.656269676,BRMS
UKENNE_YW_TP000119,72,44,18/03/2025,5.630773324,5.274378647,4.974848162,5.605279557,BRMS
UKENNE_YW_TP000119,72,45,25/03/2025,5.111859357,5.184612006,4.893981853,5.53302611,BRMS
UKENNE_YW_TP000141,73,1,21/05/2024,NA,4.269152388,4.01013969,4.529921019,BRMS
UKENNE_YW_TP000141,73,2,28/05/2024,4.888523228,4.322998765,4.093035874,4.558200956,BRMS
UKENNE_YW_TP000141,73,3,04/06/2024,4.888523228,4.409288746,4.181738446,4.619186336,BRMS
UKENNE_YW_TP000141,73,4,11/06/2024,4.905656687,4.548714991,4.32214047,4.749720843,BRMS
UKENNE_YW_TP000141,73,5,18/06/2024,4.922790146,4.696513584,4.476636715,4.889313938,BRMS
UKENNE_YW_TP000141,73,6,25/06/2024,4.958540763,4.819447379,4.597825469,5.011959553,BRMS
UKENNE_YW_TP000141,73,7,02/07/2024,4.994291379,4.920969389,4.701502607,5.115753279,BRMS
UKENNE_YW_TP000141,73,8,09/07/2024,3.997097995,5.007605267,4.771135893,5.197398103,BRMS
UKENNE_YW_TP000141,73,9,16/07/2024,2.99990461,4.951134784,4.713703434,5.165554829,BRMS
UKENNE_YW_TP000141,73,10,23/07/2024,4.072908916,5.095121626,4.863288552,5.290612082,BRMS
UKENNE_YW_TP000141,73,11,30/07/2024,5.145913222,5.222381694,4.999827882,5.405832313,BRMS
UKENNE_YW_TP000141,73,12,06/08/2024,5.038612805,5.314977481,5.098801737,5.49780581,BRMS
UKENNE_YW_TP000141,73,13,13/08/2024,4.931312388,5.368020364,5.151295808,5.561828837,BRMS
UKENNE_YW_TP000141,73,14,20/08/2024,5.508159716,5.404500981,5.176432972,5.60491299,BRMS
UKENNE_YW_TP000141,73,15,27/08/2024,6.085007043,5.441614614,5.217086072,5.649368198,BRMS
UKENNE_YW_TP000141,73,16,03/09/2024,5.575900212,5.448259592,5.224188539,5.637086137,BRMS
UKENNE_YW_TP000141,73,17,10/09/2024,5.066793381,5.425014263,5.21009567,5.612628243,BRMS
UKENNE_YW_TP000141,73,18,17/09/2024,5.260299394,5.339037122,5.114899093,5.530996303,BRMS
UKENNE_YW_TP000141,73,19,24/09/2024,5.453805406,5.240077049,5.018227167,5.438419652,BRMS
UKENNE_YW_TP000141,73,20,01/10/2024,5.258360064,5.159890266,4.941206243,5.35855433,BRMS
UKENNE_YW_TP000141,73,21,08/10/2024,5.062914722,5.13085343,4.91213301,5.324874724,BRMS
UKENNE_YW_TP000141,73,22,15/10/2024,4.551025911,5.161472163,4.946833504,5.353616149,BRMS
UKENNE_YW_TP000141,73,23,22/10/2024,4.039137099,5.207793107,4.975692183,5.40926113,BRMS
UKENNE_YW_TP000141,73,24,29/10/2024,4.267094601,5.257977416,5.038638129,5.450084098,BRMS
UKENNE_YW_TP000141,73,25,05/11/2024,4.495052103,5.294043105,5.087871505,5.481538897,BRMS
UKENNE_YW_TP000141,73,26,12/11/2024,3.787059757,5.302588851,5.098917896,5.47421567,BRMS
UKENNE_YW_TP000141,73,27,19/11/2024,3.07906741,5.307001283,5.103433685,5.483724191,BRMS
UKENNE_YW_TP000141,73,28,26/11/2024,4.307715958,5.31351443,5.111520261,5.507540856,BRMS
UKENNE_YW_TP000141,73,29,03/12/2024,5.536364506,5.336956972,5.1570822,5.531517649,BRMS
UKENNE_YW_TP000141,73,30,10/12/2024,5.4414138,5.303545131,5.101416227,5.504135926,BRMS
UKENNE_YW_TP000141,73,31,17/12/2024,5.346463093,5.330788513,5.156017947,5.495512156,BRMS
UKENNE_YW_TP000141,73,32,24/12/2024,4.677150559,5.323368538,5.135944946,5.516802389,BRMS
UKENNE_YW_TP000141,73,33,31/12/2024,4.007838024,5.252074806,5.068876765,5.422601364,BRMS
UKENNE_YW_TP000141,73,34,07/01/2025,4.575453081,5.152085312,4.979282526,5.330945985,BRMS
UKENNE_YW_TP000141,73,35,14/01/2025,5.143068137,5.056510508,4.869053543,5.250833832,BRMS
UKENNE_YW_TP000141,73,36,21/01/2025,4.071160914,5.011256783,4.805175265,5.198237829,BRMS
UKENNE_YW_TP000141,73,37,28/01/2025,2.999253691,5.109931127,4.906904536,5.323163132,BRMS
UKENNE_YW_TP000141,73,38,04/02/2025,3.487604158,5.231870289,5.039693674,5.408852005,BRMS
UKENNE_YW_TP000141,73,39,11/02/2025,3.975954624,5.371622604,5.159881202,5.550303055,BRMS
UKENNE_YW_TP000141,73,40,18/02/2025,4.887858887,5.50159514,5.283650023,5.69812606,BRMS
UKENNE_YW_TP000141,73,41,25/02/2025,5.799763149,5.592455141,5.379969952,5.795184965,BRMS
UKENNE_YW_TP000141,73,42,04/03/2025,5.276840884,5.641089501,5.433652558,5.840657309,BRMS
UKENNE_YW_TP000141,73,43,11/03/2025,4.753918619,5.647211507,5.441497085,5.839565309,BRMS
UKENNE_YW_TP000141,73,44,18/03/2025,5.090043702,5.624664877,5.407640133,5.830172902,BRMS
UKENNE_YW_TP000141,73,45,25/03/2025,5.426168785,5.596180095,5.371403973,5.836762892,BRMS
UKENNW_UU_TP000012,74,1,21/05/2024,NA,4.747594628,4.397242227,5.077229587,BRMS
UKENNW_UU_TP000012,74,2,28/05/2024,4.925826852,4.800387482,4.448039056,5.146194322,BRMS
UKENNW_UU_TP000012,74,3,04/06/2024,5.34438098,4.885343589,4.524227565,5.231527524,BRMS
UKENNW_UU_TP000012,74,4,11/06/2024,5.34438098,5.018949446,4.667814659,5.359186422,BRMS
UKENNW_UU_TP000012,74,5,18/06/2024,5.762935108,5.161429495,4.83552209,5.488143957,BRMS
UKENNW_UU_TP000012,74,6,25/06/2024,5.348575626,5.274486155,4.955562888,5.591664052,BRMS
UKENNW_UU_TP000012,74,7,02/07/2024,5.348575626,5.36321317,5.037083501,5.694564118,BRMS
UKENNW_UU_TP000012,74,8,09/07/2024,5.394831841,5.435714755,5.116311221,5.786569832,BRMS
UKENNW_UU_TP000012,74,9,16/07/2024,5.441088055,5.366091012,5.049140521,5.698052869,BRMS
UKENNW_UU_TP000012,74,10,23/07/2024,5.330996194,5.500826708,5.199632841,5.8164367,BRMS
UKENNW_UU_TP000012,74,11,30/07/2024,5.220904333,5.619890119,5.328532426,5.916523657,BRMS
UKENNW_UU_TP000012,74,12,06/08/2024,5.608569914,5.70056528,5.40280332,5.991618736,BRMS
UKENNW_UU_TP000012,74,13,13/08/2024,5.996235495,5.743303107,5.43306142,6.035973985,BRMS
UKENNW_UU_TP000012,74,14,20/08/2024,5.387527388,5.769186086,5.463549733,6.067772239,BRMS
UKENNW_UU_TP000012,74,15,27/08/2024,4.77881928,5.796464397,5.493728678,6.088740079,BRMS
UKENNW_UU_TP000012,74,16,03/09/2024,4.649990185,5.802639217,5.519964802,6.088345016,BRMS
UKENNW_UU_TP000012,74,17,10/09/2024,4.521161089,5.778452175,5.488158399,6.067472458,BRMS
UKENNW_UU_TP000012,74,18,17/09/2024,4.73923793,5.697951541,5.400826073,6.001158028,BRMS
UKENNW_UU_TP000012,74,19,24/09/2024,4.95731477,5.603693909,5.316716076,5.915743044,BRMS
UKENNW_UU_TP000012,74,20,01/10/2024,5.12992494,5.527657434,5.248928563,5.846223833,BRMS
UKENNW_UU_TP000012,74,21,08/10/2024,5.30253511,5.498751322,5.218796902,5.82126628,BRMS
UKENNW_UU_TP000012,74,22,15/10/2024,5.139673708,5.525477533,5.235994392,5.848045394,BRMS
UKENNW_UU_TP000012,74,23,22/10/2024,4.976812306,5.572838195,5.279969006,5.898339492,BRMS
UKENNW_UU_TP000012,74,24,29/10/2024,4.739840633,5.617784097,5.333682028,5.935980293,BRMS
UKENNW_UU_TP000012,74,25,05/11/2024,4.502868959,5.647650813,5.36510386,5.95945282,BRMS
UKENNW_UU_TP000012,74,26,12/11/2024,5.404860838,5.654335875,5.368398339,5.97669062,BRMS
UKENNW_UU_TP000012,74,27,19/11/2024,6.306852716,5.658686937,5.366487961,5.990478898,BRMS
UKENNW_UU_TP000012,74,28,26/11/2024,6.176729104,5.670154026,5.375414665,6.013956438,BRMS
UKENNW_UU_TP000012,74,29,03/12/2024,6.046605492,5.704830313,5.410664686,6.042391999,BRMS
UKENNW_UU_TP000012,74,30,10/12/2024,6.261817308,5.689139791,5.364680803,6.030586467,BRMS
UKENNW_UU_TP000012,74,31,17/12/2024,6.477029124,5.744905119,5.405105313,6.085131853,BRMS
UKENNW_UU_TP000012,74,32,24/12/2024,6.050330416,5.770137236,5.393255815,6.154575041,BRMS
UKENNW_UU_TP000012,74,33,31/12/2024,5.559064439,5.733853517,5.358988196,6.111049702,BRMS
UKENNW_UU_TP000012,74,34,07/01/2025,5.559064439,5.666872724,5.297473621,6.030730664,BRMS
UKENNW_UU_TP000012,74,35,14/01/2025,5.494497171,5.605454236,5.239512455,5.994799521,BRMS
UKENNW_UU_TP000012,74,36,21/01/2025,4.381968456,5.598785249,5.221988389,6.004108461,BRMS
UKENNW_UU_TP000012,74,37,28/01/2025,4.381968456,5.738467177,5.389190931,6.118545328,BRMS
UKENNW_UU_TP000012,74,38,04/02/2025,4.705519367,5.897544462,5.540687881,6.29945136,BRMS
UKENNW_UU_TP000012,74,39,11/02/2025,5.029070277,6.073944456,5.701068385,6.485554675,BRMS
UKENNW_UU_TP000012,74,40,18/02/2025,5.3233258,6.235510392,5.883510143,6.638104967,BRMS
UKENNW_UU_TP000012,74,41,25/02/2025,5.617581322,6.356373461,6.005067379,6.763631687,BRMS
UKENNW_UU_TP000012,74,42,04/03/2025,5.939374326,6.41163791,6.051180873,6.799765802,BRMS
UKENNW_UU_TP000012,74,43,11/03/2025,6.261167329,6.429565886,6.074822949,6.809222485,BRMS
UKENNW_UU_TP000012,74,44,18/03/2025,6.067144945,6.419048224,6.081281242,6.785671213,BRMS
UKENNW_UU_TP000012,74,45,25/03/2025,5.87312256,6.403346739,6.089173887,6.76806936,BRMS
UKENNW_UU_TP000017,75,1,21/05/2024,NA,4.526967927,4.18671098,4.858864412,BRMS
UKENNW_UU_TP000017,75,2,28/05/2024,NA,4.556110179,4.261560406,4.817444785,BRMS
UKENNW_UU_TP000017,75,3,04/06/2024,NA,4.614599806,4.336797546,4.852497195,BRMS
UKENNW_UU_TP000017,75,4,11/06/2024,NA,4.73116289,4.469826932,4.957497153,BRMS
UKENNW_UU_TP000017,75,5,18/06/2024,NA,4.850074742,4.594625984,5.066811911,BRMS
UKENNW_UU_TP000017,75,6,25/06/2024,NA,4.944497139,4.684139739,5.161557775,BRMS
UKENNW_UU_TP000017,75,7,02/07/2024,NA,4.997736569,4.735022923,5.220124147,BRMS
UKENNW_UU_TP000017,75,8,09/07/2024,NA,5.053456418,4.78165582,5.269083218,BRMS
UKENNW_UU_TP000017,75,9,16/07/2024,NA,4.955772406,4.705312825,5.170381366,BRMS
UKENNW_UU_TP000017,75,10,23/07/2024,NA,5.056890252,4.810761208,5.272335013,BRMS
UKENNW_UU_TP000017,75,11,30/07/2024,NA,5.136041838,4.885015176,5.358341249,BRMS
UKENNW_UU_TP000017,75,12,06/08/2024,NA,5.197928597,4.950554705,5.43031038,BRMS
UKENNW_UU_TP000017,75,13,13/08/2024,NA,5.236126591,4.993398837,5.469334997,BRMS
UKENNW_UU_TP000017,75,14,20/08/2024,NA,5.239483013,5.000386253,5.465274791,BRMS
UKENNW_UU_TP000017,75,15,27/08/2024,NA,5.246810895,5.006799958,5.464716439,BRMS
UKENNW_UU_TP000017,75,16,03/09/2024,NA,5.212348645,4.970976799,5.441655891,BRMS
UKENNW_UU_TP000017,75,17,10/09/2024,NA,5.18139762,4.931012041,5.406270791,BRMS
UKENNW_UU_TP000017,75,18,17/09/2024,NA,5.134890357,4.878830212,5.349421718,BRMS
UKENNW_UU_TP000017,75,19,24/09/2024,NA,5.046433467,4.796923025,5.256435848,BRMS
UKENNW_UU_TP000017,75,20,01/10/2024,NA,4.979862792,4.73176498,5.184522521,BRMS
UKENNW_UU_TP000017,75,21,08/10/2024,NA,4.941265291,4.697757292,5.151656128,BRMS
UKENNW_UU_TP000017,75,22,15/10/2024,NA,4.953247071,4.701465554,5.169478971,BRMS
UKENNW_UU_TP000017,75,23,22/10/2024,NA,4.9943737,4.734515957,5.20914819,BRMS
UKENNW_UU_TP000017,75,24,29/10/2024,NA,5.040365008,4.788174209,5.25096235,BRMS
UKENNW_UU_TP000017,75,25,05/11/2024,NA,5.062062519,4.822082323,5.266827678,BRMS
UKENNW_UU_TP000017,75,26,12/11/2024,NA,5.108013177,4.875718126,5.304158732,BRMS
UKENNW_UU_TP000017,75,27,19/11/2024,NA,5.145469229,4.908476273,5.341251948,BRMS
UKENNW_UU_TP000017,75,28,26/11/2024,NA,5.183694682,4.939926276,5.393299214,BRMS
UKENNW_UU_TP000017,75,29,03/12/2024,NA,5.291595898,5.068756061,5.497516576,BRMS
UKENNW_UU_TP000017,75,30,10/12/2024,NA,5.298108126,5.064485593,5.501251616,BRMS
UKENNW_UU_TP000017,75,31,17/12/2024,5.215946613,5.35854525,5.141843522,5.549228464,BRMS
UKENNW_UU_TP000017,75,32,24/12/2024,5.215946613,5.363786684,5.147794014,5.566326501,BRMS
UKENNW_UU_TP000017,75,33,31/12/2024,5.405008394,5.323282893,5.099812373,5.527019407,BRMS
UKENNW_UU_TP000017,75,34,07/01/2025,5.594070174,5.255572103,5.024273279,5.471564004,BRMS
UKENNW_UU_TP000017,75,35,14/01/2025,5.423699419,5.18848625,4.950464775,5.395460546,BRMS
UKENNW_UU_TP000017,75,36,21/01/2025,5.253328663,5.155375493,4.911560026,5.364395699,BRMS
UKENNW_UU_TP000017,75,37,28/01/2025,5.605619472,5.267705323,5.012835151,5.47021601,BRMS
UKENNW_UU_TP000017,75,38,04/02/2025,5.957910281,5.396354213,5.155419697,5.611008095,BRMS
UKENNW_UU_TP000017,75,39,11/02/2025,6.276903635,5.572218593,5.330879359,5.791285618,BRMS
UKENNW_UU_TP000017,75,40,18/02/2025,6.595896989,5.730121135,5.49104493,5.959669691,BRMS
UKENNW_UU_TP000017,75,41,25/02/2025,5.85254303,5.833822724,5.588492274,6.055180726,BRMS
UKENNW_UU_TP000017,75,42,04/03/2025,5.10918907,5.906512915,5.657178752,6.123389708,BRMS
UKENNW_UU_TP000017,75,43,11/03/2025,5.535189851,5.882020528,5.623104448,6.117135768,BRMS
UKENNW_UU_TP000017,75,44,18/03/2025,5.961190632,5.850415982,5.58248913,6.08540338,BRMS
UKENNW_UU_TP000017,75,45,25/03/2025,6.10156389,5.779997546,5.496018695,6.037805532,BRMS
UKENNW_UU_TP000018,76,1,21/05/2024,NA,3.710139227,3.39653364,4.021310055,BRMS
UKENNW_UU_TP000018,76,2,28/05/2024,4.312214638,3.849536035,3.572992556,4.140666563,BRMS
UKENNW_UU_TP000018,76,3,04/06/2024,4.129610792,3.988760551,3.737273654,4.282270771,BRMS
UKENNW_UU_TP000018,76,4,11/06/2024,4.129610792,4.152181164,3.900563388,4.441845503,BRMS
UKENNW_UU_TP000018,76,5,18/06/2024,3.947006945,4.269305658,4.023216952,4.552330511,BRMS
UKENNW_UU_TP000018,76,6,25/06/2024,4.893892536,4.341953717,4.100308927,4.617590956,BRMS
UKENNW_UU_TP000018,76,7,02/07/2024,4.893892536,4.374216674,4.132488058,4.639507408,BRMS
UKENNW_UU_TP000018,76,8,09/07/2024,4.592348777,4.433787735,4.184279951,4.70328753,BRMS
UKENNW_UU_TP000018,76,9,16/07/2024,4.290805018,4.377755281,4.127034359,4.645639254,BRMS
UKENNW_UU_TP000018,76,10,23/07/2024,4.398369309,4.547298545,4.291276211,4.823690278,BRMS
UKENNW_UU_TP000018,76,11,30/07/2024,4.505933599,4.685200003,4.44060142,4.960831619,BRMS
UKENNW_UU_TP000018,76,12,06/08/2024,4.843453129,4.775879808,4.546243191,5.046342482,BRMS
UKENNW_UU_TP000018,76,13,13/08/2024,5.180972658,4.806144013,4.569060773,5.076011149,BRMS
UKENNW_UU_TP000018,76,14,20/08/2024,4.840694538,4.793600423,4.553975311,5.075381957,BRMS
UKENNW_UU_TP000018,76,15,27/08/2024,4.500416417,4.816763257,4.574484551,5.095503522,BRMS
UKENNW_UU_TP000018,76,16,03/09/2024,3.755382236,4.798212805,4.569782027,5.056381843,BRMS
UKENNW_UU_TP000018,76,17,10/09/2024,3.010348054,4.80340046,4.582844189,5.058431056,BRMS
UKENNW_UU_TP000018,76,18,17/09/2024,3.934724481,4.735741604,4.511179473,5.009350728,BRMS
UKENNW_UU_TP000018,76,19,24/09/2024,4.859100907,4.582305884,4.36029345,4.876719347,BRMS
UKENNW_UU_TP000018,76,20,01/10/2024,5.124583984,4.432567732,4.205853758,4.728398809,BRMS
UKENNW_UU_TP000018,76,21,08/10/2024,5.390067061,4.331726542,4.107596091,4.608971972,BRMS
UKENNW_UU_TP000018,76,22,15/10/2024,5.278422319,4.306565357,4.080074884,4.58147138,BRMS
UKENNW_UU_TP000018,76,23,22/10/2024,5.166777576,4.33081319,4.107987535,4.603016215,BRMS
UKENNW_UU_TP000018,76,24,29/10/2024,5.448969984,4.377895099,4.139091839,4.652681073,BRMS
UKENNW_UU_TP000018,76,25,05/11/2024,5.731162391,4.403519343,4.174595468,4.689369366,BRMS
UKENNW_UU_TP000018,76,26,12/11/2024,5.654430843,4.462982356,4.235490921,4.7474861,BRMS
UKENNW_UU_TP000018,76,27,19/11/2024,5.577699294,4.491970555,4.267268874,4.765671234,BRMS
UKENNW_UU_TP000018,76,28,26/11/2024,5.695623774,4.49355058,4.271280861,4.763701458,BRMS
UKENNW_UU_TP000018,76,29,03/12/2024,5.813548254,4.57558717,4.346347241,4.837083255,BRMS
UKENNW_UU_TP000018,76,30,10/12/2024,5.564704175,4.651381923,4.430749811,4.917710944,BRMS
UKENNW_UU_TP000018,76,31,17/12/2024,5.315860096,4.735152946,4.519787023,4.99010219,BRMS
UKENNW_UU_TP000018,76,32,24/12/2024,5.561658972,4.782302764,4.556314125,5.06378026,BRMS
UKENNW_UU_TP000018,76,33,31/12/2024,5.807457848,4.730790155,4.520458283,5.000523387,BRMS
UKENNW_UU_TP000018,76,34,07/01/2025,5.172108501,4.644414371,4.428631388,4.919867875,BRMS
UKENNW_UU_TP000018,76,35,14/01/2025,4.536759153,4.535457318,4.31123904,4.812718231,BRMS
UKENNW_UU_TP000018,76,36,21/01/2025,5.03732593,4.440341119,4.208483754,4.727786609,BRMS
UKENNW_UU_TP000018,76,37,28/01/2025,5.537892707,4.439750554,4.214104882,4.728450186,BRMS
UKENNW_UU_TP000018,76,38,04/02/2025,5.466047095,4.546599835,4.322243253,4.846059565,BRMS
UKENNW_UU_TP000018,76,39,11/02/2025,5.394201483,4.758038441,4.532283201,5.0595144,BRMS
UKENNW_UU_TP000018,76,40,18/02/2025,5.637353569,4.956480025,4.734789941,5.239441177,BRMS
UKENNW_UU_TP000018,76,41,25/02/2025,5.880505655,5.090491385,4.86501724,5.363476217,BRMS
UKENNW_UU_TP000018,76,42,04/03/2025,5.658470637,5.201707863,4.963022643,5.464339917,BRMS
UKENNW_UU_TP000018,76,43,11/03/2025,5.436435618,5.16512846,4.916614625,5.441650438,BRMS
UKENNW_UU_TP000018,76,44,18/03/2025,5.393748541,5.106552042,4.836859087,5.393523513,BRMS
UKENNW_UU_TP000018,76,45,25/03/2025,5.351061463,5.007216913,4.693308893,5.338014356,BRMS
UKENNW_UU_TP000019,77,1,21/05/2024,NA,3.985251995,3.684791072,4.265549181,BRMS
UKENNW_UU_TP000019,77,2,28/05/2024,4.321526907,4.121251478,3.861398495,4.3483497,BRMS
UKENNW_UU_TP000019,77,3,04/06/2024,4.321526907,4.254816533,4.019050779,4.465377712,BRMS
UKENNW_UU_TP000019,77,4,11/06/2024,4.230061952,4.417763122,4.18821581,4.648694062,BRMS
UKENNW_UU_TP000019,77,5,18/06/2024,4.138596996,4.542298006,4.324040472,4.771751807,BRMS
UKENNW_UU_TP000019,77,6,25/06/2024,4.168927748,4.626735897,4.398752876,4.846412565,BRMS
UKENNW_UU_TP000019,77,7,02/07/2024,4.199258499,4.674896133,4.441934386,4.892746843,BRMS
UKENNW_UU_TP000019,77,8,09/07/2024,4.492216437,4.743934296,4.50124587,4.974015985,BRMS
UKENNW_UU_TP000019,77,9,16/07/2024,4.785174375,4.687245562,4.444847645,4.897432146,BRMS
UKENNW_UU_TP000019,77,10,23/07/2024,4.534599188,4.858596811,4.619457545,5.091355636,BRMS
UKENNW_UU_TP000019,77,11,30/07/2024,4.284024,4.997484829,4.768764943,5.242192032,BRMS
UKENNW_UU_TP000019,77,12,06/08/2024,3.977966461,5.089176889,4.867846975,5.329744065,BRMS
UKENNW_UU_TP000019,77,13,13/08/2024,3.671908922,5.124231559,4.903798017,5.363399088,BRMS
UKENNW_UU_TP000019,77,14,20/08/2024,3.998911978,5.116496197,4.900061924,5.349899625,BRMS
UKENNW_UU_TP000019,77,15,27/08/2024,4.325915034,5.142413615,4.917853362,5.377682975,BRMS
UKENNW_UU_TP000019,77,16,03/09/2024,4.169805405,5.122838195,4.900278572,5.332850371,BRMS
UKENNW_UU_TP000019,77,17,10/09/2024,4.013695776,5.125750676,4.897946577,5.337179088,BRMS
UKENNW_UU_TP000019,77,18,17/09/2024,4.116628705,5.064831118,4.827869312,5.287782638,BRMS
UKENNW_UU_TP000019,77,19,24/09/2024,4.219561634,4.919382932,4.686490041,5.150670384,BRMS
UKENNW_UU_TP000019,77,20,01/10/2024,4.395728042,4.78302663,4.565339102,5.002874933,BRMS
UKENNW_UU_TP000019,77,21,08/10/2024,4.57189445,4.690481565,4.484886799,4.89646376,BRMS
UKENNW_UU_TP000019,77,22,15/10/2024,4.343518938,4.672924834,4.462316902,4.867412808,BRMS
UKENNW_UU_TP000019,77,23,22/10/2024,4.115143425,4.70156869,4.478245641,4.906221901,BRMS
UKENNW_UU_TP000019,77,24,29/10/2024,4.377053572,4.75153006,4.501301989,4.97274481,BRMS
UKENNW_UU_TP000019,77,25,05/11/2024,4.638963718,4.785808918,4.548200011,5.018457211,BRMS
UKENNW_UU_TP000019,77,26,12/11/2024,4.126313987,4.843233441,4.616495659,5.079233214,BRMS
UKENNW_UU_TP000019,77,27,19/11/2024,3.613664255,4.875626522,4.663375453,5.099708887,BRMS
UKENNW_UU_TP000019,77,28,26/11/2024,4.212311476,4.881433601,4.693756336,5.091329247,BRMS
UKENNW_UU_TP000019,77,29,03/12/2024,4.810958697,4.962360832,4.738781939,5.184431915,BRMS
UKENNW_UU_TP000019,77,30,10/12/2024,4.859198014,5.031744612,4.815993889,5.238915265,BRMS
UKENNW_UU_TP000019,77,31,17/12/2024,4.907437331,5.106410839,4.899872309,5.316974663,BRMS
UKENNW_UU_TP000019,77,32,24/12/2024,5.190427845,5.149814249,4.956097566,5.375582265,BRMS
UKENNW_UU_TP000019,77,33,31/12/2024,5.473418359,5.103593755,4.915937974,5.3076481,BRMS
UKENNW_UU_TP000019,77,34,07/01/2025,5.189984457,5.021052255,4.823586754,5.226661737,BRMS
UKENNW_UU_TP000019,77,35,14/01/2025,4.906550554,4.92438461,4.72394649,5.136447715,BRMS
UKENNW_UU_TP000019,77,36,21/01/2025,4.806450953,4.847192405,4.637705465,5.067776512,BRMS
UKENNW_UU_TP000019,77,37,28/01/2025,4.706351351,4.864683104,4.644970904,5.084285496,BRMS
UKENNW_UU_TP000019,77,38,04/02/2025,4.560906906,4.980358857,4.784884642,5.186813981,BRMS
UKENNW_UU_TP000019,77,39,11/02/2025,4.415462461,5.18556709,4.995459105,5.391768497,BRMS
UKENNW_UU_TP000019,77,40,18/02/2025,5.156552791,5.38196334,5.183893023,5.577211755,BRMS
UKENNW_UU_TP000019,77,41,25/02/2025,5.897643121,5.517580908,5.316742162,5.699736857,BRMS
UKENNW_UU_TP000019,77,42,04/03/2025,5.070863073,5.619080837,5.409244626,5.805584882,BRMS
UKENNW_UU_TP000019,77,43,11/03/2025,4.244083024,5.583924991,5.383813917,5.773797924,BRMS
UKENNW_UU_TP000019,77,44,18/03/2025,4.459493094,5.531144565,5.321529006,5.748323124,BRMS
UKENNW_UU_TP000019,77,45,25/03/2025,4.674903164,5.437247846,5.209148139,5.689497875,BRMS
UKENNW_UU_TP000023,78,1,21/05/2024,NA,4.678159177,4.341879973,5.019783981,BRMS
UKENNW_UU_TP000023,78,2,28/05/2024,NA,4.707475336,4.41712215,4.985110411,BRMS
UKENNW_UU_TP000023,78,3,04/06/2024,NA,4.768043587,4.501707157,5.020223607,BRMS
UKENNW_UU_TP000023,78,4,11/06/2024,NA,4.883486386,4.626818238,5.123581976,BRMS
UKENNW_UU_TP000023,78,5,18/06/2024,NA,5.003322901,4.747973393,5.241527664,BRMS
UKENNW_UU_TP000023,78,6,25/06/2024,NA,5.099160033,4.849052295,5.332510042,BRMS
UKENNW_UU_TP000023,78,7,02/07/2024,NA,5.153499021,4.904731547,5.377752011,BRMS
UKENNW_UU_TP000023,78,8,09/07/2024,NA,5.211650924,4.945620885,5.437343112,BRMS
UKENNW_UU_TP000023,78,9,16/07/2024,NA,5.114762136,4.869595258,5.340208301,BRMS
UKENNW_UU_TP000023,78,10,23/07/2024,NA,5.215673251,4.964609218,5.438427316,BRMS
UKENNW_UU_TP000023,78,11,30/07/2024,NA,5.295970168,5.047238486,5.523776581,BRMS
UKENNW_UU_TP000023,78,12,06/08/2024,NA,5.358379731,5.112836457,5.598476732,BRMS
UKENNW_UU_TP000023,78,13,13/08/2024,NA,5.396659346,5.165143002,5.633147326,BRMS
UKENNW_UU_TP000023,78,14,20/08/2024,NA,5.401930667,5.165703347,5.628060496,BRMS
UKENNW_UU_TP000023,78,15,27/08/2024,NA,5.408818889,5.1703939,5.632745626,BRMS
UKENNW_UU_TP000023,78,16,03/09/2024,NA,5.376998057,5.138765178,5.607260603,BRMS
UKENNW_UU_TP000023,78,17,10/09/2024,NA,5.34548406,5.107027532,5.571513913,BRMS
UKENNW_UU_TP000023,78,18,17/09/2024,NA,5.297483629,5.056621388,5.518474259,BRMS
UKENNW_UU_TP000023,78,19,24/09/2024,NA,5.210286783,4.971110396,5.421488144,BRMS
UKENNW_UU_TP000023,78,20,01/10/2024,NA,5.144695114,4.912073929,5.355540143,BRMS
UKENNW_UU_TP000023,78,21,08/10/2024,NA,5.104947892,4.879307903,5.317409328,BRMS
UKENNW_UU_TP000023,78,22,15/10/2024,NA,5.116307008,4.880370846,5.335907117,BRMS
UKENNW_UU_TP000023,78,23,22/10/2024,NA,5.157745694,4.911736982,5.382193319,BRMS
UKENNW_UU_TP000023,78,24,29/10/2024,NA,5.203874286,4.965452416,5.42458154,BRMS
UKENNW_UU_TP000023,78,25,05/11/2024,NA,5.2257677,5.005357838,5.439163133,BRMS
UKENNW_UU_TP000023,78,26,12/11/2024,NA,5.271472407,5.053874388,5.470854629,BRMS
UKENNW_UU_TP000023,78,27,19/11/2024,NA,5.308632845,5.086066844,5.506244123,BRMS
UKENNW_UU_TP000023,78,28,26/11/2024,NA,5.348181099,5.118135273,5.551969823,BRMS
UKENNW_UU_TP000023,78,29,03/12/2024,NA,5.454182556,5.237187546,5.658088643,BRMS
UKENNW_UU_TP000023,78,30,10/12/2024,NA,5.460689462,5.234228003,5.67180756,BRMS
UKENNW_UU_TP000023,78,31,17/12/2024,5.858047802,5.520220053,5.317669336,5.717091642,BRMS
UKENNW_UU_TP000023,78,32,24/12/2024,5.858047802,5.526582578,5.313847497,5.725154332,BRMS
UKENNW_UU_TP000023,78,33,31/12/2024,5.536553983,5.48735477,5.274237982,5.699615347,BRMS
UKENNW_UU_TP000023,78,34,07/01/2025,5.215060164,5.418471348,5.203451017,5.642584243,BRMS
UKENNW_UU_TP000023,78,35,14/01/2025,5.226118641,5.351175225,5.131245795,5.566384424,BRMS
UKENNW_UU_TP000023,78,36,21/01/2025,5.237177117,5.318859596,5.089854399,5.533321756,BRMS
UKENNW_UU_TP000023,78,37,28/01/2025,5.883346085,5.431235546,5.184276727,5.635507849,BRMS
UKENNW_UU_TP000023,78,38,04/02/2025,6.529515053,5.560286251,5.330023235,5.771168786,BRMS
UKENNW_UU_TP000023,78,39,11/02/2025,6.249495666,5.735771854,5.497269576,5.958818886,BRMS
UKENNW_UU_TP000023,78,40,18/02/2025,5.969476278,5.894850292,5.652456259,6.125052746,BRMS
UKENNW_UU_TP000023,78,41,25/02/2025,6.239096725,5.998051436,5.757379438,6.225333032,BRMS
UKENNW_UU_TP000023,78,42,04/03/2025,6.508717172,6.069336271,5.816812438,6.294264992,BRMS
UKENNW_UU_TP000023,78,43,11/03/2025,6.294518199,6.043522152,5.78016268,6.278158133,BRMS
UKENNW_UU_TP000023,78,44,18/03/2025,6.080319225,6.01299852,5.746931687,6.250316104,BRMS
UKENNW_UU_TP000023,78,45,25/03/2025,6.421079274,5.942848579,5.661207613,6.2015871,BRMS
UKENNW_UU_TP000024,79,1,21/05/2024,NA,4.360432814,4.073545772,4.650307173,BRMS
UKENNW_UU_TP000024,79,2,28/05/2024,4.925980906,4.404311918,4.140277224,4.646828436,BRMS
UKENNW_UU_TP000024,79,3,04/06/2024,5.119164031,4.478547452,4.223158059,4.726108713,BRMS
UKENNW_UU_TP000024,79,4,11/06/2024,5.119164031,4.603066365,4.357152011,4.834555346,BRMS
UKENNW_UU_TP000024,79,5,18/06/2024,5.312347155,4.734360084,4.489485357,4.970509981,BRMS
UKENNW_UU_TP000024,79,6,25/06/2024,4.953244875,4.839024271,4.596187064,5.077084526,BRMS
UKENNW_UU_TP000024,79,7,02/07/2024,4.953244875,4.920492963,4.691239033,5.152349138,BRMS
UKENNW_UU_TP000024,79,8,09/07/2024,4.880630963,4.987873173,4.747487065,5.245421103,BRMS
UKENNW_UU_TP000024,79,9,16/07/2024,4.80801705,4.914050511,4.678510487,5.129583786,BRMS
UKENNW_UU_TP000024,79,10,23/07/2024,4.853877516,5.044600256,4.818763861,5.260549651,BRMS
UKENNW_UU_TP000024,79,11,30/07/2024,4.899737982,5.160401851,4.933463519,5.37811851,BRMS
UKENNW_UU_TP000024,79,12,06/08/2024,5.021431089,5.24196479,5.016060476,5.453704963,BRMS
UKENNW_UU_TP000024,79,13,13/08/2024,5.143124195,5.286820772,5.059318211,5.496856242,BRMS
UKENNW_UU_TP000024,79,14,20/08/2024,4.823042985,5.314426558,5.091864021,5.526295529,BRMS
UKENNW_UU_TP000024,79,15,27/08/2024,4.502961774,5.346422502,5.120218479,5.557900454,BRMS
UKENNW_UU_TP000024,79,16,03/09/2024,4.703854556,5.351444301,5.130388362,5.558240495,BRMS
UKENNW_UU_TP000024,79,17,10/09/2024,4.904747338,5.327920766,5.105987586,5.526179496,BRMS
UKENNW_UU_TP000024,79,18,17/09/2024,4.93098365,5.246411387,5.014869442,5.445614342,BRMS
UKENNW_UU_TP000024,79,19,24/09/2024,4.957219962,5.151351138,4.911977313,5.358275152,BRMS
UKENNW_UU_TP000024,79,20,01/10/2024,4.83840961,5.076088662,4.833821499,5.290447364,BRMS
UKENNW_UU_TP000024,79,21,08/10/2024,4.719599258,5.048416192,4.803794861,5.266199202,BRMS
UKENNW_UU_TP000024,79,22,15/10/2024,4.272350785,5.080755814,4.833492977,5.301005718,BRMS
UKENNW_UU_TP000024,79,23,22/10/2024,3.825102312,5.129874979,4.890881515,5.361630835,BRMS
UKENNW_UU_TP000024,79,24,29/10/2024,3.936136081,5.181196339,4.954448953,5.395144469,BRMS
UKENNW_UU_TP000024,79,25,05/11/2024,4.047169849,5.218159752,4.991987015,5.414107844,BRMS
UKENNW_UU_TP000024,79,26,12/11/2024,4.670688634,5.229370276,4.997983176,5.417897588,BRMS
UKENNW_UU_TP000024,79,27,19/11/2024,5.294207418,5.237930496,4.999962268,5.423643673,BRMS
UKENNW_UU_TP000024,79,28,26/11/2024,5.366487019,5.252479838,5.025703711,5.445345182,BRMS
UKENNW_UU_TP000024,79,29,03/12/2024,5.438766619,5.290676086,5.079634768,5.48810444,BRMS
UKENNW_UU_TP000024,79,30,10/12/2024,5.734668149,5.276552539,5.055937084,5.480027777,BRMS
UKENNW_UU_TP000024,79,31,17/12/2024,6.030569678,5.328805911,5.118726598,5.533375227,BRMS
UKENNW_UU_TP000024,79,32,24/12/2024,6.030569678,5.349450568,5.10835731,5.566403813,BRMS
UKENNW_UU_TP000024,79,33,31/12/2024,5.83280684,5.306238212,5.07801747,5.53325076,BRMS
UKENNW_UU_TP000024,79,34,07/01/2025,5.825501787,5.230646246,5.019365298,5.439396429,BRMS
UKENNW_UU_TP000024,79,35,14/01/2025,5.825501787,5.160339863,4.95315722,5.370251951,BRMS
UKENNW_UU_TP000024,79,36,21/01/2025,5.393250865,5.139638915,4.915156664,5.375700839,BRMS
UKENNW_UU_TP000024,79,37,28/01/2025,4.968304996,5.262391012,5.055022382,5.471543242,BRMS
UKENNW_UU_TP000024,79,38,04/02/2025,5.07626437,5.409277147,5.195528381,5.62277738,BRMS
UKENNW_UU_TP000024,79,39,11/02/2025,5.184223743,5.572406431,5.345285894,5.799555613,BRMS
UKENNW_UU_TP000024,79,40,18/02/2025,5.817020862,5.724487687,5.509700303,5.942431624,BRMS
UKENNW_UU_TP000024,79,41,25/02/2025,6.44981798,5.835048756,5.619458996,6.06392046,BRMS
UKENNW_UU_TP000024,79,42,04/03/2025,6.283081447,5.895665326,5.678112618,6.122384549,BRMS
UKENNW_UU_TP000024,79,43,11/03/2025,6.116344913,5.915989478,5.695206905,6.141162798,BRMS
UKENNW_UU_TP000024,79,44,18/03/2025,5.867692946,5.907900731,5.6759433,6.120196163,BRMS
UKENNW_UU_TP000024,79,45,25/03/2025,5.619040979,5.895859063,5.664075128,6.124209915,BRMS
UKENNW_UU_TP000026,80,1,21/05/2024,NA,4.154940953,3.847452865,4.435624928,BRMS
UKENNW_UU_TP000026,80,2,28/05/2024,4.316908332,4.293414584,4.024763633,4.519634649,BRMS
UKENNW_UU_TP000026,80,3,04/06/2024,4.316908332,4.428733558,4.1790388,4.627499884,BRMS
UKENNW_UU_TP000026,80,4,11/06/2024,4.602101796,4.594016205,4.353093976,4.799984592,BRMS
UKENNW_UU_TP000026,80,5,18/06/2024,4.887295259,4.719512309,4.491941628,4.929997093,BRMS
UKENNW_UU_TP000026,80,6,25/06/2024,4.996740137,4.805045031,4.567996427,5.016893603,BRMS
UKENNW_UU_TP000026,80,7,02/07/2024,5.106185015,4.85394418,4.612646459,5.057791914,BRMS
UKENNW_UU_TP000026,80,8,09/07/2024,4.920752981,4.922124454,4.67593743,5.137854326,BRMS
UKENNW_UU_TP000026,80,9,16/07/2024,4.735320946,4.864051126,4.610903445,5.063481801,BRMS
UKENNW_UU_TP000026,80,10,23/07/2024,4.740498389,5.034087099,4.792125803,5.25345345,BRMS
UKENNW_UU_TP000026,80,11,30/07/2024,4.745675831,5.172285763,4.936188567,5.404820765,BRMS
UKENNW_UU_TP000026,80,12,06/08/2024,4.593632197,5.26459262,5.034466793,5.495141715,BRMS
UKENNW_UU_TP000026,80,13,13/08/2024,4.441588562,5.301746649,5.07368246,5.523882176,BRMS
UKENNW_UU_TP000026,80,14,20/08/2024,4.729901114,5.296825923,5.070939314,5.512137545,BRMS
UKENNW_UU_TP000026,80,15,27/08/2024,5.018213666,5.32378543,5.088638242,5.545124839,BRMS
UKENNW_UU_TP000026,80,16,03/09/2024,5.005314665,5.304456326,5.078315636,5.508883703,BRMS
UKENNW_UU_TP000026,80,17,10/09/2024,4.992415664,5.308350383,5.069612914,5.50891979,BRMS
UKENNW_UU_TP000026,80,18,17/09/2024,3.852490914,5.245793607,5.000691917,5.465698824,BRMS
UKENNW_UU_TP000026,80,19,24/09/2024,2.712566164,5.098911543,4.861756534,5.315114173,BRMS
UKENNW_UU_TP000026,80,20,01/10/2024,3.469588768,4.962085659,4.742776804,5.172312549,BRMS
UKENNW_UU_TP000026,80,21,08/10/2024,4.226611371,4.87005948,4.664912833,5.062505043,BRMS
UKENNW_UU_TP000026,80,22,15/10/2024,4.553138908,4.85247915,4.648683133,5.037902972,BRMS
UKENNW_UU_TP000026,80,23,22/10/2024,4.879666445,4.880493885,4.651821441,5.076283357,BRMS
UKENNW_UU_TP000026,80,24,29/10/2024,5.037638688,4.929858815,4.682725475,5.134639494,BRMS
UKENNW_UU_TP000026,80,25,05/11/2024,5.19561093,4.962495914,4.722270555,5.16870794,BRMS
UKENNW_UU_TP000026,80,26,12/11/2024,4.322684759,5.020274259,4.800281759,5.233397743,BRMS
UKENNW_UU_TP000026,80,27,19/11/2024,3.449758588,5.052986181,4.843098162,5.262441745,BRMS
UKENNW_UU_TP000026,80,28,26/11/2024,4.281944471,5.059756088,4.865899298,5.26036455,BRMS
UKENNW_UU_TP000026,80,29,03/12/2024,5.114130354,5.138872191,4.908279584,5.355308498,BRMS
UKENNW_UU_TP000026,80,30,10/12/2024,5.002832988,5.207279624,4.987773581,5.427329934,BRMS
UKENNW_UU_TP000026,80,31,17/12/2024,4.891535621,5.280951518,5.063568652,5.495218353,BRMS
UKENNW_UU_TP000026,80,32,24/12/2024,4.891535621,5.322862058,5.123838484,5.556239257,BRMS
UKENNW_UU_TP000026,80,33,31/12/2024,5.331022896,5.274440275,5.081854238,5.473824533,BRMS
UKENNW_UU_TP000026,80,34,07/01/2025,5.466287008,5.192573223,4.998687636,5.382943667,BRMS
UKENNW_UU_TP000026,80,35,14/01/2025,5.466287008,5.096188396,4.892605381,5.294498146,BRMS
UKENNW_UU_TP000026,80,36,21/01/2025,5.471230567,5.018620936,4.810395102,5.231360949,BRMS
UKENNW_UU_TP000026,80,37,28/01/2025,5.340910013,5.035393956,4.814102377,5.246666546,BRMS
UKENNW_UU_TP000026,80,38,04/02/2025,5.543254121,5.149304872,4.951299724,5.346928351,BRMS
UKENNW_UU_TP000026,80,39,11/02/2025,5.745598229,5.353452013,5.154189163,5.55207166,BRMS
UKENNW_UU_TP000026,80,40,18/02/2025,5.911030735,5.550512148,5.345802151,5.729684156,BRMS
UKENNW_UU_TP000026,80,41,25/02/2025,6.076463241,5.685851715,5.47323557,5.859293923,BRMS
UKENNW_UU_TP000026,80,42,04/03/2025,5.901573633,5.788849997,5.573279776,5.968566393,BRMS
UKENNW_UU_TP000026,80,43,11/03/2025,5.726684024,5.75422207,5.539046414,5.929813647,BRMS
UKENNW_UU_TP000026,80,44,18/03/2025,5.956897124,5.701231539,5.481675476,5.909446981,BRMS
UKENNW_UU_TP000026,80,45,25/03/2025,6.187110224,5.606161823,5.37939549,5.848018346,BRMS
UKENNW_UU_TP000027,81,1,21/05/2024,NA,4.492728251,3.938573538,5.078685895,BRMS
UKENNW_UU_TP000027,81,2,28/05/2024,3.247209071,4.561783125,3.984384222,5.097014572,BRMS
UKENNW_UU_TP000027,81,3,04/06/2024,3.247209071,4.674195775,4.121363689,5.167862354,BRMS
UKENNW_UU_TP000027,81,4,11/06/2024,4.165398354,4.824965629,4.291212168,5.315327577,BRMS
UKENNW_UU_TP000027,81,5,18/06/2024,5.083587637,4.974624593,4.443695833,5.452818811,BRMS
UKENNW_UU_TP000027,81,6,25/06/2024,4.509953018,5.098601718,4.582158916,5.554559486,BRMS
UKENNW_UU_TP000027,81,7,02/07/2024,3.936318398,5.183544037,4.675200033,5.619465463,BRMS
UKENNW_UU_TP000027,81,8,09/07/2024,4.056044165,5.274459365,4.78187078,5.687883169,BRMS
UKENNW_UU_TP000027,81,9,16/07/2024,4.175769931,5.218016947,4.725179291,5.617462205,BRMS
UKENNW_UU_TP000027,81,10,23/07/2024,4.853842304,5.361327626,4.867392616,5.77584618,BRMS
UKENNW_UU_TP000027,81,11,30/07/2024,5.531914677,5.489635672,4.997383878,5.901609903,BRMS
UKENNW_UU_TP000027,81,12,06/08/2024,5.304171286,5.590672352,5.098766617,6.000468912,BRMS
UKENNW_UU_TP000027,81,13,13/08/2024,5.076427895,5.650441279,5.150237974,6.084540249,BRMS
UKENNW_UU_TP000027,81,14,20/08/2024,5.215592928,5.67860528,5.171247009,6.133905661,BRMS
UKENNW_UU_TP000027,81,15,27/08/2024,5.35475796,5.710653254,5.189147878,6.190941396,BRMS
UKENNW_UU_TP000027,81,16,03/09/2024,5.378159324,5.723337761,5.217282588,6.176040056,BRMS
UKENNW_UU_TP000027,81,17,10/09/2024,5.401560687,5.7147639,5.188066765,6.177232353,BRMS
UKENNW_UU_TP000027,81,18,17/09/2024,5.176665996,5.649784267,5.108077237,6.101278421,BRMS
UKENNW_UU_TP000027,81,19,24/09/2024,4.951771304,5.540992749,4.997903101,6.025252603,BRMS
UKENNW_UU_TP000027,81,20,01/10/2024,5.136077756,5.437882844,4.88851739,5.940800262,BRMS
UKENNW_UU_TP000027,81,21,08/10/2024,5.320384208,5.38301579,4.839356757,5.882979769,BRMS
UKENNW_UU_TP000027,81,22,15/10/2024,5.120481181,5.38451747,4.812419019,5.90859814,BRMS
UKENNW_UU_TP000027,81,23,22/10/2024,4.920578153,5.427816062,4.821389798,5.935524101,BRMS
UKENNW_UU_TP000027,81,24,29/10/2024,5.111873688,5.483298916,4.903876323,5.986215569,BRMS
UKENNW_UU_TP000027,81,25,05/11/2024,5.303169222,5.509637287,4.957206471,6.010131173,BRMS
UKENNW_UU_TP000027,81,26,12/11/2024,5.044564678,5.529187236,5.00571507,6.007690107,BRMS
UKENNW_UU_TP000027,81,27,19/11/2024,4.785960134,5.527262054,4.990537608,5.993852483,BRMS
UKENNW_UU_TP000027,81,28,26/11/2024,4.987437005,5.538477367,5.003335272,5.999753588,BRMS
UKENNW_UU_TP000027,81,29,03/12/2024,5.188913875,5.596294387,5.09632311,6.070200041,BRMS
UKENNW_UU_TP000027,81,30,10/12/2024,4.948602792,5.581658736,5.075943364,6.038611921,BRMS
UKENNW_UU_TP000027,81,31,17/12/2024,4.708291709,5.634711349,5.18722893,6.093704585,BRMS
UKENNW_UU_TP000027,81,32,24/12/2024,4.989211078,5.609695879,5.113735734,6.072508637,BRMS
UKENNW_UU_TP000027,81,33,31/12/2024,5.270130447,5.524173761,5.04261458,5.975790979,BRMS
UKENNW_UU_TP000027,81,34,07/01/2025,5.338998121,5.387727926,4.9093343,5.84536104,BRMS
UKENNW_UU_TP000027,81,35,14/01/2025,5.407865795,5.262683525,4.757441537,5.726356338,BRMS
UKENNW_UU_TP000027,81,36,21/01/2025,5.488597781,5.201261372,4.688837062,5.670101372,BRMS
UKENNW_UU_TP000027,81,37,28/01/2025,5.569329766,5.272705516,4.788389725,5.714355879,BRMS
UKENNW_UU_TP000027,81,38,04/02/2025,5.635703881,5.400070019,4.903846315,5.885536462,BRMS
UKENNW_UU_TP000027,81,39,11/02/2025,5.702077995,5.576715612,5.102360436,6.050533743,BRMS
UKENNW_UU_TP000027,81,40,18/02/2025,5.68998553,5.730100155,5.269223702,6.184067247,BRMS
UKENNW_UU_TP000027,81,41,25/02/2025,5.677893065,5.792417191,5.257327283,6.273555991,BRMS
UKENNW_UU_TP000027,81,42,04/03/2025,5.754723345,5.8688378,5.368754278,6.358963344,BRMS
UKENNW_UU_TP000027,81,43,11/03/2025,5.831553625,5.853850577,5.309126853,6.377177323,BRMS
UKENNW_UU_TP000027,81,44,18/03/2025,5.248579994,5.819935393,5.25574024,6.353104363,BRMS
UKENNW_UU_TP000027,81,45,25/03/2025,4.665606362,5.778403422,5.187929843,6.291916185,BRMS
UKENNW_UU_TP000038,82,1,21/05/2024,3.517387493,4.361859465,4.026759016,4.880463454,BRMS
UKENNW_UU_TP000038,82,2,28/05/2024,3.517387493,4.430589659,4.11429506,4.891585387,BRMS
UKENNW_UU_TP000038,82,3,04/06/2024,4.031742723,4.509715923,4.188561268,4.960980382,BRMS
UKENNW_UU_TP000038,82,4,11/06/2024,4.546097953,4.626247706,4.309130421,5.065499014,BRMS
UKENNW_UU_TP000038,82,5,18/06/2024,4.541083925,4.738874965,4.41234979,5.185116647,BRMS
UKENNW_UU_TP000038,82,6,25/06/2024,4.536069896,4.833562425,4.509198128,5.281000762,BRMS
UKENNW_UU_TP000038,82,7,02/07/2024,4.536069896,4.914563229,4.583494648,5.356767819,BRMS
UKENNW_UU_TP000038,82,8,09/07/2024,5.478229013,4.97586589,4.653193621,5.432031083,BRMS
UKENNW_UU_TP000038,82,9,16/07/2024,5.487587045,4.891809669,4.577131866,5.320254123,BRMS
UKENNW_UU_TP000038,82,10,23/07/2024,5.487587045,5.016977129,4.704305998,5.471260855,BRMS
UKENNW_UU_TP000038,82,11,30/07/2024,5.537324773,5.110419858,4.793367528,5.568198383,BRMS
UKENNW_UU_TP000038,82,12,06/08/2024,5.577704468,5.169650623,4.850808295,5.613285868,BRMS
UKENNW_UU_TP000038,82,13,13/08/2024,5.38075212,5.188279757,4.868955772,5.621056435,BRMS
UKENNW_UU_TP000038,82,14,20/08/2024,5.183799771,5.160255014,4.848340064,5.587814664,BRMS
UKENNW_UU_TP000038,82,15,27/08/2024,5.397288744,5.152529903,4.830686125,5.595427656,BRMS
UKENNW_UU_TP000038,82,16,03/09/2024,5.610777716,5.096342557,4.766181851,5.552260043,BRMS
UKENNW_UU_TP000038,82,17,10/09/2024,5.489934775,5.068073577,4.708869169,5.511349513,BRMS
UKENNW_UU_TP000038,82,18,17/09/2024,5.369091834,4.978623358,4.62749455,5.421392877,BRMS
UKENNW_UU_TP000038,82,19,24/09/2024,5.743117855,4.86558436,4.528711419,5.310820979,BRMS
UKENNW_UU_TP000038,82,20,01/10/2024,6.117143876,4.772783007,4.447174195,5.231507266,BRMS
UKENNW_UU_TP000038,82,21,08/10/2024,5.509569719,4.715854406,4.408105225,5.160038254,BRMS
UKENNW_UU_TP000038,82,22,15/10/2024,4.901995562,4.730042044,4.403000913,5.156823181,BRMS
UKENNW_UU_TP000038,82,23,22/10/2024,5.408541904,4.752381739,4.433917457,5.160748883,BRMS
UKENNW_UU_TP000038,82,24,29/10/2024,5.915088245,4.790975154,4.467357425,5.210357849,BRMS
UKENNW_UU_TP000038,82,25,05/11/2024,5.494696536,4.81987128,4.492358048,5.25529927,BRMS
UKENNW_UU_TP000038,82,26,12/11/2024,5.074304826,4.845932869,4.526855328,5.27003346,BRMS
UKENNW_UU_TP000038,82,27,19/11/2024,5.050498059,4.86844928,4.545457715,5.290519054,BRMS
UKENNW_UU_TP000038,82,28,26/11/2024,5.026691292,4.869118614,4.54343593,5.291930944,BRMS
UKENNW_UU_TP000038,82,29,03/12/2024,5.145848578,4.9375993,4.610253679,5.40864431,BRMS
UKENNW_UU_TP000038,82,30,10/12/2024,5.265005863,4.952792306,4.625952144,5.372933262,BRMS
UKENNW_UU_TP000038,82,31,17/12/2024,5.265005863,5.017515671,4.678928331,5.473899118,BRMS
UKENNW_UU_TP000038,82,32,24/12/2024,5.395559046,5.039926858,4.709775166,5.472490071,BRMS
UKENNW_UU_TP000038,82,33,31/12/2024,5.050121723,4.987546653,4.654904018,5.404470311,BRMS
UKENNW_UU_TP000038,82,34,07/01/2025,5.050121723,4.910426897,4.580652735,5.320998868,BRMS
UKENNW_UU_TP000038,82,35,14/01/2025,4.704684399,4.845524966,4.523775903,5.254178326,BRMS
UKENNW_UU_TP000038,82,36,21/01/2025,3.621433394,4.835106197,4.504569171,5.24796221,BRMS
UKENNW_UU_TP000038,82,37,28/01/2025,4.663477455,4.933501835,4.638406845,5.354615053,BRMS
UKENNW_UU_TP000038,82,38,04/02/2025,4.663477455,5.122218215,4.809226254,5.548220824,BRMS
UKENNW_UU_TP000038,82,39,11/02/2025,5.705521515,5.306558711,4.996322089,5.739757966,BRMS
UKENNW_UU_TP000038,82,40,18/02/2025,6.676019086,5.457230776,5.155357358,5.890458882,BRMS
UKENNW_UU_TP000038,82,41,25/02/2025,6.094863341,5.538377574,5.235345761,5.970866189,BRMS
UKENNW_UU_TP000038,82,42,04/03/2025,6.094863341,5.596891951,5.292601033,6.016988586,BRMS
UKENNW_UU_TP000038,82,43,11/03/2025,5.36412768,5.570679401,5.256741539,5.972622287,BRMS
UKENNW_UU_TP000038,82,44,18/03/2025,5.214547763,5.543998493,5.221960267,5.954225202,BRMS
UKENNW_UU_TP000038,82,45,25/03/2025,5.214547763,5.499999025,5.179106924,5.938378181,BRMS
UKENNW_UU_TP000047,83,1,21/05/2024,NA,4.832522687,4.415171463,5.352437217,BRMS
UKENNW_UU_TP000047,83,2,28/05/2024,NA,4.898463591,4.506549638,5.347837639,BRMS
UKENNW_UU_TP000047,83,3,04/06/2024,NA,4.974868837,4.588720073,5.409968958,BRMS
UKENNW_UU_TP000047,83,4,11/06/2024,NA,5.087465789,4.689038089,5.520452155,BRMS
UKENNW_UU_TP000047,83,5,18/06/2024,NA,5.193411409,4.792952689,5.622535589,BRMS
UKENNW_UU_TP000047,83,6,25/06/2024,NA,5.27949562,4.883239309,5.713022962,BRMS
UKENNW_UU_TP000047,83,7,02/07/2024,NA,5.348713147,4.931167774,5.766956407,BRMS
UKENNW_UU_TP000047,83,8,09/07/2024,NA,5.402656135,4.996802401,5.838263699,BRMS
UKENNW_UU_TP000047,83,9,16/07/2024,5.020936153,5.312410608,4.90174047,5.712537378,BRMS
UKENNW_UU_TP000047,83,10,23/07/2024,5.195675947,5.434342417,5.031305404,5.862924536,BRMS
UKENNW_UU_TP000047,83,11,30/07/2024,5.195675947,5.521990905,5.124380185,5.948865312,BRMS
UKENNW_UU_TP000047,83,12,06/08/2024,5.37041574,5.581250084,5.16956852,5.998554681,BRMS
UKENNW_UU_TP000047,83,13,13/08/2024,5.628974958,5.596400782,5.175842389,6.010012305,BRMS
UKENNW_UU_TP000047,83,14,20/08/2024,5.891412122,5.566676938,5.15466756,5.976343831,BRMS
UKENNW_UU_TP000047,83,15,27/08/2024,5.891412122,5.558802611,5.128199841,5.979228853,BRMS
UKENNW_UU_TP000047,83,16,03/09/2024,5.95267773,5.505145651,5.088641095,5.927152908,BRMS
UKENNW_UU_TP000047,83,17,10/09/2024,5.751506173,5.475763413,5.033809428,5.902025994,BRMS
UKENNW_UU_TP000047,83,18,17/09/2024,5.924577199,5.391363291,4.960566948,5.826662805,BRMS
UKENNW_UU_TP000047,83,19,24/09/2024,6.097648224,5.280619877,4.859873199,5.706745598,BRMS
UKENNW_UU_TP000047,83,20,01/10/2024,5.914264461,5.193092007,4.791579628,5.628226709,BRMS
UKENNW_UU_TP000047,83,21,08/10/2024,5.730880698,5.139242603,4.74855395,5.553475462,BRMS
UKENNW_UU_TP000047,83,22,15/10/2024,5.590442478,5.156015137,4.748869285,5.574176621,BRMS
UKENNW_UU_TP000047,83,23,22/10/2024,5.450004257,5.182144257,4.779209291,5.592966851,BRMS
UKENNW_UU_TP000047,83,24,29/10/2024,5.249653021,5.222284317,4.806909345,5.639398808,BRMS
UKENNW_UU_TP000047,83,25,05/11/2024,5.049301785,5.248408422,4.834880926,5.665059405,BRMS
UKENNW_UU_TP000047,83,26,12/11/2024,5.219948046,5.282407887,4.89573109,5.688562494,BRMS
UKENNW_UU_TP000047,83,27,19/11/2024,5.390594306,5.308392633,4.929629952,5.695483005,BRMS
UKENNW_UU_TP000047,83,28,26/11/2024,5.390594306,5.308698278,4.936359555,5.686470693,BRMS
UKENNW_UU_TP000047,83,29,03/12/2024,6.263781001,5.385893753,5.000202271,5.811297583,BRMS
UKENNW_UU_TP000047,83,30,10/12/2024,5.980088417,5.407590879,5.024069881,5.790479338,BRMS
UKENNW_UU_TP000047,83,31,17/12/2024,5.980088417,5.483085255,5.098811464,5.896250001,BRMS
UKENNW_UU_TP000047,83,32,24/12/2024,5.696395833,5.509982808,5.129180264,5.914720836,BRMS
UKENNW_UU_TP000047,83,33,31/12/2024,5.633835085,5.464933322,5.083470747,5.841290256,BRMS
UKENNW_UU_TP000047,83,34,07/01/2025,5.489928775,5.395740636,5.015063087,5.776908246,BRMS
UKENNW_UU_TP000047,83,35,14/01/2025,5.489928775,5.338087098,4.960278396,5.716503465,BRMS
UKENNW_UU_TP000047,83,36,21/01/2025,5.611572519,5.333463029,4.946936072,5.726929312,BRMS
UKENNW_UU_TP000047,83,37,28/01/2025,5.877122572,5.439138974,5.074311275,5.834640731,BRMS
UKENNW_UU_TP000047,83,38,04/02/2025,6.088449054,5.631900868,5.246042209,6.04202109,BRMS
UKENNW_UU_TP000047,83,39,11/02/2025,6.299775535,5.820430974,5.432399871,6.239932093,BRMS
UKENNW_UU_TP000047,83,40,18/02/2025,6.400918785,5.970929695,5.587127615,6.380112047,BRMS
UKENNW_UU_TP000047,83,41,25/02/2025,6.502062035,6.055889808,5.680652598,6.456130806,BRMS
UKENNW_UU_TP000047,83,42,04/03/2025,6.450693215,6.117547384,5.732795859,6.521006207,BRMS
UKENNW_UU_TP000047,83,43,11/03/2025,6.399324394,6.091408544,5.712446322,6.468376925,BRMS
UKENNW_UU_TP000047,83,44,18/03/2025,6.595800844,6.067422265,5.67215704,6.455357083,BRMS
UKENNW_UU_TP000047,83,45,25/03/2025,6.792277294,6.022050605,5.629422439,6.416850579,BRMS
UKENNW_UU_TP000050,84,1,21/05/2024,4.096038701,4.982456843,4.630701909,5.31379882,BRMS
UKENNW_UU_TP000050,84,2,28/05/2024,4.096038701,5.028670587,4.661540752,5.356134978,BRMS
UKENNW_UU_TP000050,84,3,04/06/2024,4.634890957,5.107573313,4.731358283,5.465241354,BRMS
UKENNW_UU_TP000050,84,4,11/06/2024,5.173743213,5.231953252,4.871077084,5.588675059,BRMS
UKENNW_UU_TP000050,84,5,18/06/2024,5.224058695,5.364492156,5.018877987,5.721913053,BRMS
UKENNW_UU_TP000050,84,6,25/06/2024,5.274374177,5.468421846,5.125232894,5.831961279,BRMS
UKENNW_UU_TP000050,84,7,02/07/2024,5.35492286,5.547997986,5.201170263,5.926305423,BRMS
UKENNW_UU_TP000050,84,8,09/07/2024,5.435471542,5.612168431,5.278500969,6.036467495,BRMS
UKENNW_UU_TP000050,84,9,16/07/2024,5.070122552,5.53256485,5.203486009,5.897910979,BRMS
UKENNW_UU_TP000050,84,10,23/07/2024,4.704773561,5.656872021,5.336344402,6.004243689,BRMS
UKENNW_UU_TP000050,84,11,30/07/2024,4.9630898,5.76679079,5.455497485,6.112512919,BRMS
UKENNW_UU_TP000050,84,12,06/08/2024,5.221406038,5.839175893,5.510036154,6.180093481,BRMS
UKENNW_UU_TP000050,84,13,13/08/2024,5.276994912,5.873661677,5.528066323,6.199609845,BRMS
UKENNW_UU_TP000050,84,14,20/08/2024,5.332583786,5.891788818,5.565358908,6.210911596,BRMS
UKENNW_UU_TP000050,84,15,27/08/2024,5.28102721,5.912524953,5.584136007,6.213109368,BRMS
UKENNW_UU_TP000050,84,16,03/09/2024,5.229470634,5.912993935,5.606063465,6.233050396,BRMS
UKENNW_UU_TP000050,84,17,10/09/2024,5.166552912,5.882165619,5.574762209,6.184476423,BRMS
UKENNW_UU_TP000050,84,18,17/09/2024,5.103635189,5.795451583,5.491185638,6.111986163,BRMS
UKENNW_UU_TP000050,84,19,24/09/2024,5.004030684,5.696563744,5.393315395,6.023567765,BRMS
UKENNW_UU_TP000050,84,20,01/10/2024,4.904426179,5.615726215,5.327125685,5.952363007,BRMS
UKENNW_UU_TP000050,84,21,08/10/2024,4.829860682,5.583035573,5.290170437,5.943487388,BRMS
UKENNW_UU_TP000050,84,22,15/10/2024,4.755295184,5.605984145,5.30735042,5.96538746,BRMS
UKENNW_UU_TP000050,84,23,22/10/2024,4.201495446,5.649947933,5.352532789,6.002325945,BRMS
UKENNW_UU_TP000050,84,24,29/10/2024,3.647695708,5.692946501,5.401568446,6.019169233,BRMS
UKENNW_UU_TP000050,84,25,05/11/2024,4.568550838,5.72171538,5.436455953,6.045698797,BRMS
UKENNW_UU_TP000050,84,26,12/11/2024,5.489405968,5.726693785,5.440488495,6.062879789,BRMS
UKENNW_UU_TP000050,84,27,19/11/2024,4.315285163,5.731057002,5.423987765,6.075943631,BRMS
UKENNW_UU_TP000050,84,28,26/11/2024,3.141164358,5.743983412,5.437443921,6.089480895,BRMS
UKENNW_UU_TP000050,84,29,03/12/2024,4.231696762,5.779577612,5.474708627,6.102678295,BRMS
UKENNW_UU_TP000050,84,30,10/12/2024,5.322229166,5.766261079,5.433568702,6.10709132,BRMS
UKENNW_UU_TP000050,84,31,17/12/2024,5.322229166,5.8239074,5.481554015,6.178100374,BRMS
UKENNW_UU_TP000050,84,32,24/12/2024,5.520950132,5.851938633,5.474558947,6.225848665,BRMS
UKENNW_UU_TP000050,84,33,31/12/2024,5.215075786,5.820613268,5.43327269,6.204971123,BRMS
UKENNW_UU_TP000050,84,34,07/01/2025,5.215075786,5.756250878,5.369965338,6.120786964,BRMS
UKENNW_UU_TP000050,84,35,14/01/2025,5.114402562,5.698632426,5.321825237,6.048117526,BRMS
UKENNW_UU_TP000050,84,36,21/01/2025,5.319603685,5.694966442,5.294444412,6.100550288,BRMS
UKENNW_UU_TP000050,84,37,28/01/2025,5.518858857,5.834047266,5.460364164,6.182181532,BRMS
UKENNW_UU_TP000050,84,38,04/02/2025,5.718114028,5.994250542,5.601171016,6.382974413,BRMS
UKENNW_UU_TP000050,84,39,11/02/2025,5.414030396,6.171336874,5.786335175,6.574545678,BRMS
UKENNW_UU_TP000050,84,40,18/02/2025,5.109946764,6.333650154,5.965585759,6.709666303,BRMS
UKENNW_UU_TP000050,84,41,25/02/2025,5.639237487,6.451706901,6.089018257,6.822327635,BRMS
UKENNW_UU_TP000050,84,42,04/03/2025,6.16852821,6.512683669,6.140201643,6.859489341,BRMS
UKENNW_UU_TP000050,84,43,11/03/2025,5.664080958,6.533778227,6.168464052,6.88443227,BRMS
UKENNW_UU_TP000050,84,44,18/03/2025,5.159633705,6.526739332,6.172878682,6.85728852,BRMS
UKENNW_UU_TP000050,84,45,25/03/2025,5.159633705,6.515025839,6.196175693,6.841875773,BRMS
UKENNW_UU_TP000067,85,1,21/05/2024,NA,4.172149233,3.831814943,4.451974671,BRMS
UKENNW_UU_TP000067,85,2,28/05/2024,4.778652748,4.30885501,4.011397135,4.542887922,BRMS
UKENNW_UU_TP000067,85,3,04/06/2024,4.778652748,4.443408996,4.150599429,4.674615362,BRMS
UKENNW_UU_TP000067,85,4,11/06/2024,4.940182335,4.609202268,4.308975472,4.835569788,BRMS
UKENNW_UU_TP000067,85,5,18/06/2024,5.101711922,4.741861189,4.44338501,4.969450502,BRMS
UKENNW_UU_TP000067,85,6,25/06/2024,5.105257767,4.836165104,4.534444879,5.061877043,BRMS
UKENNW_UU_TP000067,85,7,02/07/2024,5.108803611,4.893629973,4.602499338,5.11396054,BRMS
UKENNW_UU_TP000067,85,8,09/07/2024,4.692455091,4.969543255,4.6668436,5.202676212,BRMS
UKENNW_UU_TP000067,85,9,16/07/2024,4.276106571,4.910329421,4.609297576,5.130213424,BRMS
UKENNW_UU_TP000067,85,10,23/07/2024,4.755650011,5.077779213,4.773707424,5.321640189,BRMS
UKENNW_UU_TP000067,85,11,30/07/2024,5.23519345,5.215629411,4.900486832,5.465906739,BRMS
UKENNW_UU_TP000067,85,12,06/08/2024,5.197984528,5.308633467,4.99849258,5.556643911,BRMS
UKENNW_UU_TP000067,85,13,13/08/2024,5.160775605,5.351926877,5.045845754,5.591561197,BRMS
UKENNW_UU_TP000067,85,14,20/08/2024,5.386807554,5.351541984,5.048846514,5.579758024,BRMS
UKENNW_UU_TP000067,85,15,27/08/2024,5.612839503,5.381203902,5.081157565,5.61031256,BRMS
UKENNW_UU_TP000067,85,16,03/09/2024,5.541908872,5.364570411,5.048221493,5.598876471,BRMS
UKENNW_UU_TP000067,85,17,10/09/2024,5.47097824,5.366870739,5.05936906,5.60238553,BRMS
UKENNW_UU_TP000067,85,18,17/09/2024,5.50359944,5.302932332,5.00053221,5.550417909,BRMS
UKENNW_UU_TP000067,85,19,24/09/2024,5.536220639,5.162481658,4.867560501,5.408231741,BRMS
UKENNW_UU_TP000067,85,20,01/10/2024,5.64232435,5.03365307,4.747762612,5.271563713,BRMS
UKENNW_UU_TP000067,85,21,08/10/2024,5.74842806,4.945288969,4.66112268,5.172143234,BRMS
UKENNW_UU_TP000067,85,22,15/10/2024,5.385600013,4.931496017,4.644019021,5.160326627,BRMS
UKENNW_UU_TP000067,85,23,22/10/2024,5.022771965,4.960859546,4.672617046,5.188443767,BRMS
UKENNW_UU_TP000067,85,24,29/10/2024,5.080800988,5.010298689,4.705720172,5.261370414,BRMS
UKENNW_UU_TP000067,85,25,05/11/2024,5.138830011,5.046454042,4.748770477,5.300161283,BRMS
UKENNW_UU_TP000067,85,26,12/11/2024,5.181055375,5.102119526,4.787545076,5.348146207,BRMS
UKENNW_UU_TP000067,85,27,19/11/2024,5.223280738,5.136153315,4.82065983,5.355800606,BRMS
UKENNW_UU_TP000067,85,28,26/11/2024,5.433669316,5.14437596,4.851524971,5.356969719,BRMS
UKENNW_UU_TP000067,85,29,03/12/2024,5.644057893,5.219637356,4.908709782,5.468414548,BRMS
UKENNW_UU_TP000067,85,30,10/12/2024,5.541896596,5.281695712,4.978711569,5.522419387,BRMS
UKENNW_UU_TP000067,85,31,17/12/2024,5.439735298,5.343990904,5.029266064,5.599537417,BRMS
UKENNW_UU_TP000067,85,32,24/12/2024,5.669492774,5.384185564,5.10199554,5.624250784,BRMS
UKENNW_UU_TP000067,85,33,31/12/2024,5.89925025,5.337620907,5.043160146,5.553570215,BRMS
UKENNW_UU_TP000067,85,34,07/01/2025,5.295548066,5.254285344,4.952737025,5.471458557,BRMS
UKENNW_UU_TP000067,85,35,14/01/2025,4.691845882,5.164256472,4.87143512,5.396061289,BRMS
UKENNW_UU_TP000067,85,36,21/01/2025,5.069609254,5.097735385,4.801705986,5.330611148,BRMS
UKENNW_UU_TP000067,85,37,28/01/2025,5.447372625,5.120336447,4.817832049,5.357923445,BRMS
UKENNW_UU_TP000067,85,38,04/02/2025,5.210029409,5.237423521,4.959826831,5.452937222,BRMS
UKENNW_UU_TP000067,85,39,11/02/2025,4.972686192,5.435479128,5.157672623,5.648315013,BRMS
UKENNW_UU_TP000067,85,40,18/02/2025,4.374099462,5.634843714,5.351853755,5.847801059,BRMS
UKENNW_UU_TP000067,85,41,25/02/2025,3.775512731,5.768515565,5.478511663,5.986186855,BRMS
UKENNW_UU_TP000067,85,42,04/03/2025,4.969866292,5.862941465,5.561369316,6.077607987,BRMS
UKENNW_UU_TP000067,85,43,11/03/2025,6.164219853,5.82830446,5.537259767,6.02772112,BRMS
UKENNW_UU_TP000067,85,44,18/03/2025,5.206416505,5.778415657,5.496900288,5.99162784,BRMS
UKENNW_UU_TP000067,85,45,25/03/2025,4.248613157,5.685045537,5.415749402,5.931307598,BRMS
UKENNW_UU_TP000068,86,1,21/05/2024,NA,5.013111959,4.720898547,5.289645159,BRMS
UKENNW_UU_TP000068,86,2,28/05/2024,NA,5.056229054,4.774426904,5.351319361,BRMS
UKENNW_UU_TP000068,86,3,04/06/2024,NA,5.129650375,4.854783742,5.455516968,BRMS
UKENNW_UU_TP000068,86,4,11/06/2024,NA,5.252481126,4.989592094,5.571388045,BRMS
UKENNW_UU_TP000068,86,5,18/06/2024,NA,5.382158371,5.128111812,5.691770657,BRMS
UKENNW_UU_TP000068,86,6,25/06/2024,NA,5.484670359,5.233039381,5.794725682,BRMS
UKENNW_UU_TP000068,86,7,02/07/2024,NA,5.563397265,5.308473519,5.877340608,BRMS
UKENNW_UU_TP000068,86,8,09/07/2024,NA,5.628178548,5.366802249,5.976020191,BRMS
UKENNW_UU_TP000068,86,9,16/07/2024,NA,5.551389591,5.290093823,5.84349305,BRMS
UKENNW_UU_TP000068,86,10,23/07/2024,NA,5.678661631,5.431644895,5.947361532,BRMS
UKENNW_UU_TP000068,86,11,30/07/2024,NA,5.791165835,5.543087669,6.070797191,BRMS
UKENNW_UU_TP000068,86,12,06/08/2024,NA,5.869114228,5.617354944,6.152354634,BRMS
UKENNW_UU_TP000068,86,13,13/08/2024,5.088868844,5.910458245,5.651910671,6.177844131,BRMS
UKENNW_UU_TP000068,86,14,20/08/2024,5.088868844,5.934513214,5.683563004,6.187359251,BRMS
UKENNW_UU_TP000068,86,15,27/08/2024,5.192213026,5.963240346,5.721593662,6.208670923,BRMS
UKENNW_UU_TP000068,86,16,03/09/2024,5.295557207,5.965858476,5.739366284,6.21504652,BRMS
UKENNW_UU_TP000068,86,17,10/09/2024,5.395258208,5.940289276,5.704572283,6.17878717,BRMS
UKENNW_UU_TP000068,86,18,17/09/2024,5.494959209,5.857006951,5.617140864,6.112110583,BRMS
UKENNW_UU_TP000068,86,19,24/09/2024,4.806261945,5.760676297,5.519028038,6.017796399,BRMS
UKENNW_UU_TP000068,86,20,01/10/2024,4.11756468,5.683895368,5.432570359,5.939974544,BRMS
UKENNW_UU_TP000068,86,21,08/10/2024,4.803366377,5.655182362,5.418244998,5.933928841,BRMS
UKENNW_UU_TP000068,86,22,15/10/2024,5.489168073,5.685914961,5.439029693,5.953832866,BRMS
UKENNW_UU_TP000068,86,23,22/10/2024,5.024859102,5.734276872,5.484732238,6.014266123,BRMS
UKENNW_UU_TP000068,86,24,29/10/2024,4.560550131,5.784510367,5.547310305,6.05210533,BRMS
UKENNW_UU_TP000068,86,25,05/11/2024,5.145397435,5.820573945,5.585601099,6.072309452,BRMS
UKENNW_UU_TP000068,86,26,12/11/2024,5.730244739,5.831285778,5.590642308,6.082579202,BRMS
UKENNW_UU_TP000068,86,27,19/11/2024,5.500419333,5.840162728,5.588097426,6.093699877,BRMS
UKENNW_UU_TP000068,86,28,26/11/2024,5.270593927,5.855352087,5.611829915,6.111470715,BRMS
UKENNW_UU_TP000068,86,29,03/12/2024,5.587087954,5.894353389,5.646600641,6.150078523,BRMS
UKENNW_UU_TP000068,86,30,10/12/2024,5.90358198,5.881800607,5.622275711,6.156993228,BRMS
UKENNW_UU_TP000068,86,31,17/12/2024,5.90358198,5.936084946,5.668544199,6.209358574,BRMS
UKENNW_UU_TP000068,86,32,24/12/2024,5.348830751,5.959356941,5.65986254,6.249546717,BRMS
UKENNW_UU_TP000068,86,33,31/12/2024,5.562683686,5.919467991,5.618207087,6.218612544,BRMS
UKENNW_UU_TP000068,86,34,07/01/2025,5.562683686,5.847122681,5.55558235,6.117223761,BRMS
UKENNW_UU_TP000068,86,35,14/01/2025,5.44339714,5.780280803,5.502751722,6.047047797,BRMS
UKENNW_UU_TP000068,86,36,21/01/2025,5.110257659,5.763348716,5.476996052,6.087301202,BRMS
UKENNW_UU_TP000068,86,37,28/01/2025,5.299121519,5.889127446,5.639018468,6.165783976,BRMS
UKENNW_UU_TP000068,86,38,04/02/2025,5.487985378,6.038937344,5.752053274,6.335266977,BRMS
UKENNW_UU_TP000068,86,39,11/02/2025,5.622983375,6.204974935,5.907937675,6.5181388,BRMS
UKENNW_UU_TP000068,86,40,18/02/2025,5.757981371,6.358934661,6.076597464,6.659970728,BRMS
UKENNW_UU_TP000068,86,41,25/02/2025,5.63030539,6.470790508,6.209018484,6.777531722,BRMS
UKENNW_UU_TP000068,86,42,04/03/2025,5.502629408,6.532446851,6.257195516,6.8142727,BRMS
UKENNW_UU_TP000068,86,43,11/03/2025,5.193509518,6.553273584,6.277811771,6.825181752,BRMS
UKENNW_UU_TP000068,86,44,18/03/2025,4.884389627,6.545924158,6.269210516,6.793096222,BRMS
UKENNW_UU_TP000068,86,45,25/03/2025,4.884389627,6.534827743,6.272856188,6.781030023,BRMS
UKENNW_UU_TP000076,87,1,21/05/2024,NA,4.978155399,4.655800203,5.390356728,BRMS
UKENNW_UU_TP000076,87,2,28/05/2024,4.800775006,5.02595163,4.701969965,5.391489647,BRMS
UKENNW_UU_TP000076,87,3,04/06/2024,4.800775006,5.105604942,4.78410648,5.438406933,BRMS
UKENNW_UU_TP000076,87,4,11/06/2024,4.943500332,5.233921047,4.926796828,5.557471022,BRMS
UKENNW_UU_TP000076,87,5,18/06/2024,5.086225657,5.370309607,5.07641633,5.680422113,BRMS
UKENNW_UU_TP000076,87,6,25/06/2024,5.112173866,5.478087785,5.192679202,5.770626279,BRMS
UKENNW_UU_TP000076,87,7,02/07/2024,5.138122075,5.561854258,5.273849911,5.867302746,BRMS
UKENNW_UU_TP000076,87,8,09/07/2024,5.095362808,5.630602534,5.332144337,5.949699929,BRMS
UKENNW_UU_TP000076,87,9,16/07/2024,5.05260354,5.557838257,5.266428132,5.865474297,BRMS
UKENNW_UU_TP000076,87,10,23/07/2024,5.216621048,5.689434593,5.404436335,6.011048274,BRMS
UKENNW_UU_TP000076,87,11,30/07/2024,5.380638556,5.805834611,5.517617335,6.120128126,BRMS
UKENNW_UU_TP000076,87,12,06/08/2024,5.641242825,5.885250205,5.581312071,6.191684248,BRMS
UKENNW_UU_TP000076,87,13,13/08/2024,5.901847093,5.92762066,5.611592143,6.247902055,BRMS
UKENNW_UU_TP000076,87,14,20/08/2024,5.958069725,5.952841525,5.628002698,6.28898275,BRMS
UKENNW_UU_TP000076,87,15,27/08/2024,6.014292357,5.981022928,5.659626209,6.349383161,BRMS
UKENNW_UU_TP000076,87,16,03/09/2024,5.827904167,5.985751861,5.688444778,6.332222925,BRMS
UKENNW_UU_TP000076,87,17,10/09/2024,5.641515977,5.960615388,5.659396923,6.312821845,BRMS
UKENNW_UU_TP000076,87,18,17/09/2024,5.816716311,5.878913535,5.579723083,6.219831357,BRMS
UKENNW_UU_TP000076,87,19,24/09/2024,5.991916645,5.78303936,5.46700313,6.122838953,BRMS
UKENNW_UU_TP000076,87,20,01/10/2024,5.743719028,5.705199795,5.374091716,6.048084506,BRMS
UKENNW_UU_TP000076,87,21,08/10/2024,5.495521411,5.675911021,5.346624181,6.009151959,BRMS
UKENNW_UU_TP000076,87,22,15/10/2024,5.183306614,5.703252071,5.389605425,6.053515382,BRMS
UKENNW_UU_TP000076,87,23,22/10/2024,4.871091816,5.749918346,5.432904678,6.121925077,BRMS
UKENNW_UU_TP000076,87,24,29/10/2024,4.695776952,5.79580903,5.485684119,6.165464162,BRMS
UKENNW_UU_TP000076,87,25,05/11/2024,4.520462087,5.82704566,5.510748422,6.172869058,BRMS
UKENNW_UU_TP000076,87,26,12/11/2024,5.199811779,5.833906724,5.510286422,6.150109382,BRMS
UKENNW_UU_TP000076,87,27,19/11/2024,5.87916147,5.83895159,5.505791911,6.138900753,BRMS
UKENNW_UU_TP000076,87,28,26/11/2024,5.926586393,5.850674551,5.529369628,6.163724303,BRMS
UKENNW_UU_TP000076,87,29,03/12/2024,5.974011316,5.886211899,5.590202602,6.212427244,BRMS
UKENNW_UU_TP000076,87,30,10/12/2024,5.891711997,5.871426055,5.566958021,6.1805255,BRMS
UKENNW_UU_TP000076,87,31,17/12/2024,5.809412677,5.926230375,5.640753955,6.211985954,BRMS
UKENNW_UU_TP000076,87,32,24/12/2024,5.773048001,5.95018116,5.643955217,6.254317888,BRMS
UKENNW_UU_TP000076,87,33,31/12/2024,5.736683325,5.913154353,5.627744487,6.207488419,BRMS
UKENNW_UU_TP000076,87,34,07/01/2025,5.184091635,5.843937516,5.567293773,6.127708901,BRMS
UKENNW_UU_TP000076,87,35,14/01/2025,4.631499944,5.780885446,5.497113037,6.086933221,BRMS
UKENNW_UU_TP000076,87,36,21/01/2025,5.007679368,5.770812571,5.469735497,6.083399265,BRMS
UKENNW_UU_TP000076,87,37,28/01/2025,5.383858792,5.90548654,5.613748553,6.232086191,BRMS
UKENNW_UU_TP000076,87,38,04/02/2025,5.212760356,6.061243038,5.766510495,6.378654699,BRMS
UKENNW_UU_TP000076,87,39,11/02/2025,5.041661919,6.234919126,5.92640985,6.564940586,BRMS
UKENNW_UU_TP000076,87,40,18/02/2025,5.246046733,6.39464132,6.094496472,6.719080281,BRMS
UKENNW_UU_TP000076,87,41,25/02/2025,5.450431546,6.512743649,6.203407786,6.854475602,BRMS
UKENNW_UU_TP000076,87,42,04/03/2025,5.998692827,6.57345399,6.278150541,6.889297055,BRMS
UKENNW_UU_TP000076,87,43,11/03/2025,6.546954107,6.593992313,6.288446021,6.923081622,BRMS
UKENNW_UU_TP000076,87,44,18/03/2025,5.016266377,6.586518801,6.275155636,6.932549646,BRMS
UKENNW_UU_TP000076,87,45,25/03/2025,3.485578646,6.574540535,6.247192957,6.949297873,BRMS
UKENNW_UU_TP000078,88,1,21/05/2024,NA,3.948040772,3.617682045,4.235163106,BRMS
UKENNW_UU_TP000078,88,2,28/05/2024,4.455241689,4.083233436,3.799159001,4.324471599,BRMS
UKENNW_UU_TP000078,88,3,04/06/2024,4.455241689,4.211250252,3.948490494,4.441456146,BRMS
UKENNW_UU_TP000078,88,4,11/06/2024,4.765173936,4.368615631,4.109115284,4.579602775,BRMS
UKENNW_UU_TP000078,88,5,18/06/2024,5.075106183,4.489559734,4.236043896,4.69907595,BRMS
UKENNW_UU_TP000078,88,6,25/06/2024,5.025743688,4.570241355,4.311034385,4.775832635,BRMS
UKENNW_UU_TP000078,88,7,02/07/2024,4.976381193,4.615838714,4.356447809,4.823333692,BRMS
UKENNW_UU_TP000078,88,8,09/07/2024,4.976381193,4.68681948,4.410320581,4.91080922,BRMS
UKENNW_UU_TP000078,88,9,16/07/2024,4.250415432,4.633876879,4.354550499,4.850127085,BRMS
UKENNW_UU_TP000078,88,10,23/07/2024,4.906109199,4.809682141,4.541170133,5.036814513,BRMS
UKENNW_UU_TP000078,88,11,30/07/2024,4.906109199,4.951108991,4.690927141,5.178925778,BRMS
UKENNW_UU_TP000078,88,12,06/08/2024,5.217997695,5.039358308,4.785870414,5.260873883,BRMS
UKENNW_UU_TP000078,88,13,13/08/2024,4.874192424,5.069435413,4.821586656,5.285603654,BRMS
UKENNW_UU_TP000078,88,14,20/08/2024,5.098054791,5.053626468,4.813144001,5.26450715,BRMS
UKENNW_UU_TP000078,88,15,27/08/2024,5.321917157,5.074390359,4.825777431,5.291391545,BRMS
UKENNW_UU_TP000078,88,16,03/09/2024,5.151792351,5.053448701,4.804782304,5.281914779,BRMS
UKENNW_UU_TP000078,88,17,10/09/2024,4.878727268,5.055149374,4.805316451,5.277031793,BRMS
UKENNW_UU_TP000078,88,18,17/09/2024,4.968739363,4.999709889,4.747109454,5.227428801,BRMS
UKENNW_UU_TP000078,88,19,24/09/2024,4.962275272,4.857480349,4.615803714,5.080248737,BRMS
UKENNW_UU_TP000078,88,20,01/10/2024,5.446701909,4.722770313,4.489445956,4.944123482,BRMS
UKENNW_UU_TP000078,88,21,08/10/2024,5.744640264,4.627163838,4.390293317,4.837906615,BRMS
UKENNW_UU_TP000078,88,22,15/10/2024,5.615157969,4.608668705,4.374829087,4.810169549,BRMS
UKENNW_UU_TP000078,88,23,22/10/2024,5.485675674,4.637860053,4.403101188,4.840557625,BRMS
UKENNW_UU_TP000078,88,24,29/10/2024,5.421836656,4.688628937,4.439825013,4.907680816,BRMS
UKENNW_UU_TP000078,88,25,05/11/2024,5.357997638,4.727906973,4.477490425,4.960208461,BRMS
UKENNW_UU_TP000078,88,26,12/11/2024,4.874181588,4.784798392,4.52260186,5.017417868,BRMS
UKENNW_UU_TP000078,88,27,19/11/2024,4.390365537,4.81546671,4.557079461,5.02022109,BRMS
UKENNW_UU_TP000078,88,28,26/11/2024,4.880468284,4.818881913,4.580707701,5.008255164,BRMS
UKENNW_UU_TP000078,88,29,03/12/2024,5.37057103,4.905471454,4.660381714,5.116968378,BRMS
UKENNW_UU_TP000078,88,30,10/12/2024,4.725189523,4.978861282,4.722056969,5.199209892,BRMS
UKENNW_UU_TP000078,88,31,17/12/2024,4.079808016,5.058521887,4.801051185,5.278471394,BRMS
UKENNW_UU_TP000078,88,32,24/12/2024,4.079808016,5.103796441,4.880086497,5.319414262,BRMS
UKENNW_UU_TP000078,88,33,31/12/2024,4.849180962,5.061295969,4.816097676,5.2739579,BRMS
UKENNW_UU_TP000078,88,34,07/01/2025,4.561908863,4.978450563,4.722065512,5.189385766,BRMS
UKENNW_UU_TP000078,88,35,14/01/2025,4.561908863,4.880272526,4.627742282,5.088285702,BRMS
UKENNW_UU_TP000078,88,36,21/01/2025,4.857454732,4.802024371,4.538439669,5.013803145,BRMS
UKENNW_UU_TP000078,88,37,28/01/2025,5.4402727,4.821932337,4.557923132,5.042997259,BRMS
UKENNW_UU_TP000078,88,38,04/02/2025,6.076666259,4.941649092,4.702370098,5.144341287,BRMS
UKENNW_UU_TP000078,88,39,11/02/2025,6.713059818,5.144936762,4.903065289,5.365037898,BRMS
UKENNW_UU_TP000078,88,40,18/02/2025,5.924760544,5.34696635,5.109740398,5.564895402,BRMS
UKENNW_UU_TP000078,88,41,25/02/2025,5.136461269,5.483950087,5.240534651,5.694073403,BRMS
UKENNW_UU_TP000078,88,42,04/03/2025,5.626329533,5.580863499,5.317685727,5.781509182,BRMS
UKENNW_UU_TP000078,88,43,11/03/2025,6.116197797,5.544269375,5.294315432,5.740206603,BRMS
UKENNW_UU_TP000078,88,44,18/03/2025,5.937093859,5.492546266,5.2449188,5.691051276,BRMS
UKENNW_UU_TP000078,88,45,25/03/2025,5.757989921,5.400130934,5.154169522,5.63721789,BRMS
UKENNW_UU_TP000084,89,1,21/05/2024,NA,3.989841842,3.73241846,4.250543045,BRMS
UKENNW_UU_TP000084,89,2,28/05/2024,3.599970392,4.060190085,3.811410303,4.295742446,BRMS
UKENNW_UU_TP000084,89,3,04/06/2024,3.599970392,4.140068478,3.88871608,4.380122202,BRMS
UKENNW_UU_TP000084,89,4,11/06/2024,3.599970392,4.263631401,4.02447309,4.505527627,BRMS
UKENNW_UU_TP000084,89,5,18/06/2024,NA,4.376425603,4.139451536,4.614396262,BRMS
UKENNW_UU_TP000084,89,6,25/06/2024,4.526939335,4.470422034,4.237231444,4.704258816,BRMS
UKENNW_UU_TP000084,89,7,02/07/2024,4.526939335,4.551880798,4.324079191,4.78972806,BRMS
UKENNW_UU_TP000084,89,8,09/07/2024,4.426766211,4.611234804,4.356045211,4.858605736,BRMS
UKENNW_UU_TP000084,89,9,16/07/2024,4.326593086,4.528653604,4.285693261,4.757149839,BRMS
UKENNW_UU_TP000084,89,10,23/07/2024,4.803159348,4.655425818,4.416824395,4.8940271,BRMS
UKENNW_UU_TP000084,89,11,30/07/2024,5.279725609,4.74838926,4.514897695,4.983010998,BRMS
UKENNW_UU_TP000084,89,12,06/08/2024,5.357707851,4.811005422,4.593086551,5.033608016,BRMS
UKENNW_UU_TP000084,89,13,13/08/2024,5.435690092,4.832649017,4.616192915,5.053546532,BRMS
UKENNW_UU_TP000084,89,14,20/08/2024,5.578565636,4.805520294,4.579013825,5.037777878,BRMS
UKENNW_UU_TP000084,89,15,27/08/2024,5.721441179,4.803543827,4.575762599,5.052834175,BRMS
UKENNW_UU_TP000084,89,16,03/09/2024,5.518266385,4.746981825,4.50765074,5.002836322,BRMS
UKENNW_UU_TP000084,89,17,10/09/2024,5.31509159,4.722860144,4.496976523,4.97093486,BRMS
UKENNW_UU_TP000084,89,18,17/09/2024,5.44923168,4.637624003,4.391383902,4.868498858,BRMS
UKENNW_UU_TP000084,89,19,24/09/2024,5.58337177,4.525603637,4.289089946,4.764758997,BRMS
UKENNW_UU_TP000084,89,20,01/10/2024,5.07176283,4.430532895,4.195725878,4.674519833,BRMS
UKENNW_UU_TP000084,89,21,08/10/2024,4.56015389,4.378332382,4.148112794,4.630319771,BRMS
UKENNW_UU_TP000084,89,22,15/10/2024,4.788459898,4.398276712,4.181852933,4.650372067,BRMS
UKENNW_UU_TP000084,89,23,22/10/2024,5.016765905,4.422789971,4.201311077,4.659759723,BRMS
UKENNW_UU_TP000084,89,24,29/10/2024,4.983079469,4.465049815,4.250923479,4.696230314,BRMS
UKENNW_UU_TP000084,89,25,05/11/2024,4.949393032,4.495368573,4.291981847,4.745466681,BRMS
UKENNW_UU_TP000084,89,26,12/11/2024,4.641420029,4.528917171,4.311304755,4.780093824,BRMS
UKENNW_UU_TP000084,89,27,19/11/2024,4.333447025,4.557119125,4.335756556,4.804776687,BRMS
UKENNW_UU_TP000084,89,28,26/11/2024,4.625609723,4.561321647,4.340319736,4.807287131,BRMS
UKENNW_UU_TP000084,89,29,03/12/2024,4.917772421,4.640700209,4.430125849,4.878574371,BRMS
UKENNW_UU_TP000084,89,30,10/12/2024,5.593352794,4.661316733,4.438234356,4.904258194,BRMS
UKENNW_UU_TP000084,89,31,17/12/2024,6.268933166,4.730969852,4.541892641,4.969245012,BRMS
UKENNW_UU_TP000084,89,32,24/12/2024,6.268933166,4.757021623,4.558853238,5.016930929,BRMS
UKENNW_UU_TP000084,89,33,31/12/2024,5.859402521,4.702652843,4.495339429,4.921459432,BRMS
UKENNW_UU_TP000084,89,34,07/01/2025,5.32729141,4.624303193,4.413390906,4.833540213,BRMS
UKENNW_UU_TP000084,89,35,14/01/2025,5.32729141,4.558072708,4.337703373,4.783956833,BRMS
UKENNW_UU_TP000084,89,36,21/01/2025,5.239852463,4.544399581,4.30891185,4.796161881,BRMS
UKENNW_UU_TP000084,89,37,28/01/2025,5.684524627,4.637894793,4.383543118,4.88927347,BRMS
UKENNW_UU_TP000084,89,38,04/02/2025,5.550435479,4.823405946,4.587852332,5.055132954,BRMS
UKENNW_UU_TP000084,89,39,11/02/2025,5.416346331,5.006644681,4.769300988,5.238463445,BRMS
UKENNW_UU_TP000084,89,40,18/02/2025,5.107259928,5.153629338,4.927493687,5.400909382,BRMS
UKENNW_UU_TP000084,89,41,25/02/2025,4.798173524,5.23302866,5.014916973,5.499464497,BRMS
UKENNW_UU_TP000084,89,42,04/03/2025,5.099521372,5.288973598,5.071584975,5.542690161,BRMS
UKENNW_UU_TP000084,89,43,11/03/2025,5.786770692,5.25945099,5.033280521,5.508766558,BRMS
UKENNW_UU_TP000084,89,44,18/03/2025,5.786770692,5.230512761,4.997510548,5.478747425,BRMS
UKENNW_UU_TP000084,89,45,25/03/2025,6.172672164,5.184789987,4.950728544,5.45053142,BRMS
UKENNW_UU_TP000095,90,1,21/05/2024,NA,4.67772921,4.302370243,5.046142729,BRMS
UKENNW_UU_TP000095,90,2,28/05/2024,4.575183615,4.707719883,4.371586604,5.029427867,BRMS
UKENNW_UU_TP000095,90,3,04/06/2024,4.762006012,4.766424416,4.458794489,5.073774805,BRMS
UKENNW_UU_TP000095,90,4,11/06/2024,4.762006012,4.883714031,4.593246369,5.185990187,BRMS
UKENNW_UU_TP000095,90,5,18/06/2024,4.948828409,5.002916124,4.718284158,5.308594892,BRMS
UKENNW_UU_TP000095,90,6,25/06/2024,5.045462244,5.097372982,4.819540681,5.397421616,BRMS
UKENNW_UU_TP000095,90,7,02/07/2024,5.045462244,5.150555797,4.87126444,5.431421381,BRMS
UKENNW_UU_TP000095,90,8,09/07/2024,5.090775383,5.205682754,4.913752452,5.486686795,BRMS
UKENNW_UU_TP000095,90,9,16/07/2024,5.136088522,5.107754955,4.839044753,5.375904831,BRMS
UKENNW_UU_TP000095,90,10,23/07/2024,5.378673078,5.209343271,4.9254631,5.481732174,BRMS
UKENNW_UU_TP000095,90,11,30/07/2024,5.621257634,5.287936779,5.007625959,5.566601662,BRMS
UKENNW_UU_TP000095,90,12,06/08/2024,5.787064986,5.349852664,5.07420149,5.617914532,BRMS
UKENNW_UU_TP000095,90,13,13/08/2024,5.952872338,5.388023003,5.10783064,5.656513556,BRMS
UKENNW_UU_TP000095,90,14,20/08/2024,5.966952031,5.390758362,5.114467037,5.649099742,BRMS
UKENNW_UU_TP000095,90,15,27/08/2024,5.981031724,5.398052862,5.116621997,5.651988879,BRMS
UKENNW_UU_TP000095,90,16,03/09/2024,5.743436896,5.364133056,5.08887667,5.620612362,BRMS
UKENNW_UU_TP000095,90,17,10/09/2024,5.505842067,5.333501631,5.05753139,5.582400112,BRMS
UKENNW_UU_TP000095,90,18,17/09/2024,5.347949439,5.288089293,5.002933039,5.540734496,BRMS
UKENNW_UU_TP000095,90,19,24/09/2024,5.19005681,5.200464847,4.922534436,5.445675588,BRMS
UKENNW_UU_TP000095,90,20,01/10/2024,5.475382535,5.135201475,4.860891793,5.386845403,BRMS
UKENNW_UU_TP000095,90,21,08/10/2024,5.760708259,5.097931235,4.82496072,5.357626012,BRMS
UKENNW_UU_TP000095,90,22,15/10/2024,5.550681163,5.110731233,4.836625134,5.371556466,BRMS
UKENNW_UU_TP000095,90,23,22/10/2024,5.340654066,5.152481614,4.871763615,5.416618463,BRMS
UKENNW_UU_TP000095,90,24,29/10/2024,5.142186624,5.198795924,4.920972887,5.46479664,BRMS
UKENNW_UU_TP000095,90,25,05/11/2024,4.943719182,5.219564342,4.952751893,5.465636519,BRMS
UKENNW_UU_TP000095,90,26,12/11/2024,5.22678408,5.266243917,5.003441724,5.514213848,BRMS
UKENNW_UU_TP000095,90,27,19/11/2024,5.509848977,5.303133815,5.033668173,5.531778794,BRMS
UKENNW_UU_TP000095,90,28,26/11/2024,4.62723459,5.340193099,5.075640768,5.571141211,BRMS
UKENNW_UU_TP000095,90,29,03/12/2024,3.744620203,5.447203876,5.191934131,5.683462663,BRMS
UKENNW_UU_TP000095,90,30,10/12/2024,4.704879333,5.452581698,5.18763267,5.689874318,BRMS
UKENNW_UU_TP000095,90,31,17/12/2024,5.665138463,5.511715984,5.266604563,5.756268279,BRMS
UKENNW_UU_TP000095,90,32,24/12/2024,5.665138463,5.514684526,5.272625539,5.767993804,BRMS
UKENNW_UU_TP000095,90,33,31/12/2024,5.613482042,5.4728643,5.225915501,5.72059039,BRMS
UKENNW_UU_TP000095,90,34,07/01/2025,5.392537807,5.403025306,5.153603291,5.652765388,BRMS
UKENNW_UU_TP000095,90,35,14/01/2025,5.392537807,5.334545675,5.083169499,5.582776291,BRMS
UKENNW_UU_TP000095,90,36,21/01/2025,4.317834248,5.300028036,5.03732836,5.566576019,BRMS
UKENNW_UU_TP000095,90,37,28/01/2025,3.464074923,5.4111083,5.132488634,5.669471672,BRMS
UKENNW_UU_TP000095,90,38,04/02/2025,4.739653128,5.538506113,5.274183045,5.801225532,BRMS
UKENNW_UU_TP000095,90,39,11/02/2025,6.015231333,5.712762896,5.436811548,5.988355403,BRMS
UKENNW_UU_TP000095,90,40,18/02/2025,6.167841322,5.869622843,5.588830584,6.142058755,BRMS
UKENNW_UU_TP000095,90,41,25/02/2025,6.320451311,5.972054033,5.694724673,6.233571314,BRMS
UKENNW_UU_TP000095,90,42,04/03/2025,6.282149376,6.04366035,5.753099138,6.299270674,BRMS
UKENNW_UU_TP000095,90,43,11/03/2025,6.243847441,6.017582896,5.717729381,6.269247405,BRMS
UKENNW_UU_TP000095,90,44,18/03/2025,6.14814462,5.985408266,5.67900565,6.240419772,BRMS
UKENNW_UU_TP000095,90,45,25/03/2025,6.052441799,5.913493637,5.600330306,6.18589389,BRMS
UKENNW_UU_TP000102,91,1,21/05/2024,NA,4.183330125,3.901209892,4.48053895,BRMS
UKENNW_UU_TP000102,91,2,28/05/2024,4.884091133,4.225346434,4.008065836,4.462098826,BRMS
UKENNW_UU_TP000102,91,3,04/06/2024,4.884091133,4.298298171,4.080555245,4.519046583,BRMS
UKENNW_UU_TP000102,91,4,11/06/2024,4.716738158,4.417209865,4.215172193,4.62077907,BRMS
UKENNW_UU_TP000102,91,5,18/06/2024,4.549385182,4.543339233,4.349676336,4.730537722,BRMS
UKENNW_UU_TP000102,91,6,25/06/2024,3.645200967,4.641201815,4.457447908,4.819890084,BRMS
UKENNW_UU_TP000102,91,7,02/07/2024,2.741016752,4.71479328,4.533187662,4.898606721,BRMS
UKENNW_UU_TP000102,91,8,09/07/2024,3.813352774,4.772936726,4.568907259,4.972256623,BRMS
UKENNW_UU_TP000102,91,9,16/07/2024,4.885688796,4.687716698,4.506387885,4.872024909,BRMS
UKENNW_UU_TP000102,91,10,23/07/2024,3.941888317,4.805756099,4.627903841,4.998654356,BRMS
UKENNW_UU_TP000102,91,11,30/07/2024,2.998087838,4.909225738,4.727695183,5.098092988,BRMS
UKENNW_UU_TP000102,91,12,06/08/2024,3.525446176,4.97616848,4.811634531,5.158308524,BRMS
UKENNW_UU_TP000102,91,13,13/08/2024,4.052804513,5.005867806,4.831620902,5.191707631,BRMS
UKENNW_UU_TP000102,91,14,20/08/2024,4.230374173,5.018752739,4.830237331,5.217481297,BRMS
UKENNW_UU_TP000102,91,15,27/08/2024,4.407943832,5.035887432,4.846054691,5.256343995,BRMS
UKENNW_UU_TP000102,91,16,03/09/2024,4.933601689,5.030349349,4.820919102,5.246305737,BRMS
UKENNW_UU_TP000102,91,17,10/09/2024,5.459259546,4.996279666,4.819179564,5.210979125,BRMS
UKENNW_UU_TP000102,91,18,17/09/2024,5.471883585,4.905972457,4.735844604,5.109802151,BRMS
UKENNW_UU_TP000102,91,19,24/09/2024,5.484507623,4.80398103,4.632835199,5.001781287,BRMS
UKENNW_UU_TP000102,91,20,01/10/2024,5.081800959,4.720878658,4.535882353,4.914685337,BRMS
UKENNW_UU_TP000102,91,21,08/10/2024,4.679094295,4.686496338,4.490978439,4.875025181,BRMS
UKENNW_UU_TP000102,91,22,15/10/2024,4.000224427,4.708943665,4.519392733,4.907025658,BRMS
UKENNW_UU_TP000102,91,23,22/10/2024,3.321354558,4.751362844,4.571565061,4.955841874,BRMS
UKENNW_UU_TP000102,91,24,29/10/2024,4.318114757,4.794371658,4.610485439,4.999144405,BRMS
UKENNW_UU_TP000102,91,25,05/11/2024,5.314874955,4.823956205,4.630451464,5.026221085,BRMS
UKENNW_UU_TP000102,91,26,12/11/2024,5.162604283,4.829807892,4.639957036,5.014592325,BRMS
UKENNW_UU_TP000102,91,27,19/11/2024,5.010333611,4.835630016,4.652526326,5.012120349,BRMS
UKENNW_UU_TP000102,91,28,26/11/2024,5.096974754,4.849579835,4.661481375,5.027212607,BRMS
UKENNW_UU_TP000102,91,29,03/12/2024,5.183615897,4.88739054,4.70046879,5.083881375,BRMS
UKENNW_UU_TP000102,91,30,10/12/2024,4.942539886,4.87577272,4.684199985,5.062377871,BRMS
UKENNW_UU_TP000102,91,31,17/12/2024,4.701463875,4.934992163,4.735510156,5.11358427,BRMS
UKENNW_UU_TP000102,91,32,24/12/2024,5.120046123,4.964640689,4.765263337,5.130016708,BRMS
UKENNW_UU_TP000102,91,33,31/12/2024,5.53862837,4.934725715,4.726987996,5.114162667,BRMS
UKENNW_UU_TP000102,91,34,07/01/2025,4.968015641,4.871986259,4.671644829,5.052904095,BRMS
UKENNW_UU_TP000102,91,35,14/01/2025,4.397402911,4.816082232,4.62205434,4.994974779,BRMS
UKENNW_UU_TP000102,91,36,21/01/2025,4.542972233,4.812165117,4.603495167,5.008609928,BRMS
UKENNW_UU_TP000102,91,37,28/01/2025,4.688541554,4.950110428,4.748618512,5.158480675,BRMS
UKENNW_UU_TP000102,91,38,04/02/2025,4.889149481,5.109821469,4.897458141,5.317438521,BRMS
UKENNW_UU_TP000102,91,39,11/02/2025,5.089757407,5.285569091,5.069368602,5.486407035,BRMS
UKENNW_UU_TP000102,91,40,18/02/2025,5.171085721,5.446864843,5.237874577,5.648750921,BRMS
UKENNW_UU_TP000102,91,41,25/02/2025,5.252414034,5.564159309,5.356553395,5.775287224,BRMS
UKENNW_UU_TP000102,91,42,04/03/2025,5.58271731,5.627159303,5.419534073,5.827102042,BRMS
UKENNW_UU_TP000102,91,43,11/03/2025,5.913020585,5.64980225,5.443578521,5.857621674,BRMS
UKENNW_UU_TP000102,91,44,18/03/2025,5.648026435,5.644274208,5.43398148,5.866709556,BRMS
UKENNW_UU_TP000102,91,45,25/03/2025,5.383032284,5.634457599,5.358856883,5.894917264,BRMS
UKENNW_UU_TP000103,92,1,21/05/2024,NA,4.079207096,3.750220608,4.400697465,BRMS
UKENNW_UU_TP000103,92,2,28/05/2024,4.10045696,4.219753005,3.925863063,4.476578207,BRMS
UKENNW_UU_TP000103,92,3,04/06/2024,4.10045696,4.358487207,4.075348705,4.587176228,BRMS
UKENNW_UU_TP000103,92,4,11/06/2024,3.929306565,4.52619738,4.249196011,4.762575442,BRMS
UKENNW_UU_TP000103,92,5,18/06/2024,3.758156169,4.655288076,4.385282003,4.895731906,BRMS
UKENNW_UU_TP000103,92,6,25/06/2024,4.270522919,4.743593746,4.469675533,4.990850023,BRMS
UKENNW_UU_TP000103,92,7,02/07/2024,4.782889669,4.79387709,4.530000495,5.03784126,BRMS
UKENNW_UU_TP000103,92,8,09/07/2024,4.369108463,4.862941262,4.588931355,5.109727251,BRMS
UKENNW_UU_TP000103,92,9,16/07/2024,3.955327256,4.80150764,4.5146466,5.042096721,BRMS
UKENNW_UU_TP000103,92,10,23/07/2024,3.830868344,4.967766352,4.6827084,5.219172044,BRMS
UKENNW_UU_TP000103,92,11,30/07/2024,3.706409432,5.104409432,4.817882563,5.365044794,BRMS
UKENNW_UU_TP000103,92,12,06/08/2024,4.022681244,5.198479132,4.917216354,5.460562366,BRMS
UKENNW_UU_TP000103,92,13,13/08/2024,4.338953055,5.240914501,4.977470477,5.508530483,BRMS
UKENNW_UU_TP000103,92,14,20/08/2024,4.11955024,5.242249776,4.984082704,5.508005387,BRMS
UKENNW_UU_TP000103,92,15,27/08/2024,3.900147425,5.273285129,5.01201694,5.544443478,BRMS
UKENNW_UU_TP000103,92,16,03/09/2024,4.041730911,5.256692055,4.99798409,5.497886707,BRMS
UKENNW_UU_TP000103,92,17,10/09/2024,4.183314396,5.260596816,4.996379192,5.496111659,BRMS
UKENNW_UU_TP000103,92,18,17/09/2024,4.382687162,5.193464671,4.929066382,5.446005868,BRMS
UKENNW_UU_TP000103,92,19,24/09/2024,4.582059928,5.046083337,4.784199148,5.306768697,BRMS
UKENNW_UU_TP000103,92,20,01/10/2024,4.607441789,4.909711094,4.663546232,5.170408877,BRMS
UKENNW_UU_TP000103,92,21,08/10/2024,4.632823649,4.817877472,4.578221692,5.066891782,BRMS
UKENNW_UU_TP000103,92,22,15/10/2024,3.982628193,4.800404442,4.560126257,5.041793058,BRMS
UKENNW_UU_TP000103,92,23,22/10/2024,3.332432737,4.827838479,4.559502401,5.073294496,BRMS
UKENNW_UU_TP000103,92,24,29/10/2024,4.253771456,4.875482513,4.582383833,5.119343244,BRMS
UKENNW_UU_TP000103,92,25,05/11/2024,5.175110174,4.905243436,4.619445922,5.143393083,BRMS
UKENNW_UU_TP000103,92,26,12/11/2024,5.096843262,4.963764774,4.695722953,5.212225595,BRMS
UKENNW_UU_TP000103,92,27,19/11/2024,5.018576349,4.997031529,4.746218405,5.242053105,BRMS
UKENNW_UU_TP000103,92,28,26/11/2024,4.859889281,5.005426024,4.772323851,5.25328781,BRMS
UKENNW_UU_TP000103,92,29,03/12/2024,4.701202213,5.080541249,4.802720626,5.33482142,BRMS
UKENNW_UU_TP000103,92,30,10/12/2024,4.261573939,5.145581251,4.872933613,5.404746082,BRMS
UKENNW_UU_TP000103,92,31,17/12/2024,3.821945665,5.214662559,4.951046734,5.463701388,BRMS
UKENNW_UU_TP000103,92,32,24/12/2024,4.466665298,5.257349669,5.011232079,5.52630593,BRMS
UKENNW_UU_TP000103,92,33,31/12/2024,5.111384931,5.207316265,4.967868425,5.443302792,BRMS
UKENNW_UU_TP000103,92,34,07/01/2025,5.136960105,5.124118478,4.879094272,5.353999788,BRMS
UKENNW_UU_TP000103,92,35,14/01/2025,5.162535278,5.028500614,4.783204568,5.257362232,BRMS
UKENNW_UU_TP000103,92,36,21/01/2025,5.106896223,4.9524312,4.706161512,5.187474692,BRMS
UKENNW_UU_TP000103,92,37,28/01/2025,5.051257167,4.96743736,4.708021307,5.207230904,BRMS
UKENNW_UU_TP000103,92,38,04/02/2025,5.259400526,5.079047616,4.844340298,5.301535268,BRMS
UKENNW_UU_TP000103,92,39,11/02/2025,5.467543884,5.28115743,5.036112065,5.508226098,BRMS
UKENNW_UU_TP000103,92,40,18/02/2025,5.803188113,5.48247692,5.227569543,5.702937828,BRMS
UKENNW_UU_TP000103,92,41,25/02/2025,6.138832341,5.61774945,5.353316384,5.817840451,BRMS
UKENNW_UU_TP000103,92,42,04/03/2025,5.512148271,5.719812862,5.457129693,5.931512154,BRMS
UKENNW_UU_TP000103,92,43,11/03/2025,4.8854642,5.686220703,5.424603933,5.902954404,BRMS
UKENNW_UU_TP000103,92,44,18/03/2025,5.136375589,5.634044129,5.372442624,5.869386058,BRMS
UKENNW_UU_TP000103,92,45,25/03/2025,5.387286978,5.537953149,5.277632581,5.808493977,BRMS
UKENNW_UU_TP000110,93,1,21/05/2024,3.761105446,4.243797476,3.910965075,4.564950741,BRMS
UKENNW_UU_TP000110,93,2,28/05/2024,3.761105446,4.272576535,3.969894718,4.529881031,BRMS
UKENNW_UU_TP000110,93,3,04/06/2024,3.72422923,4.33018711,4.048482967,4.554366576,BRMS
UKENNW_UU_TP000110,93,4,11/06/2024,3.687353013,4.447011767,4.178725977,4.658497776,BRMS
UKENNW_UU_TP000110,93,5,18/06/2024,4.142671956,4.565257746,4.305948639,4.781689035,BRMS
UKENNW_UU_TP000110,93,6,25/06/2024,4.597990899,4.65876254,4.39929825,4.881800264,BRMS
UKENNW_UU_TP000110,93,7,02/07/2024,4.597990899,4.711274356,4.453058091,4.939428855,BRMS
UKENNW_UU_TP000110,93,8,09/07/2024,NA,4.765832445,4.494405601,4.987400555,BRMS
UKENNW_UU_TP000110,93,9,16/07/2024,4.940220886,4.667407289,4.42381783,4.886165275,BRMS
UKENNW_UU_TP000110,93,10,23/07/2024,4.940220886,4.768057114,4.52312975,4.982245554,BRMS
UKENNW_UU_TP000110,93,11,30/07/2024,4.81502549,4.846789622,4.593690811,5.05877967,BRMS
UKENNW_UU_TP000110,93,12,06/08/2024,4.689830094,4.907864541,4.66106278,5.137690337,BRMS
UKENNW_UU_TP000110,93,13,13/08/2024,4.847567437,4.946032995,4.69978789,5.177234846,BRMS
UKENNW_UU_TP000110,93,14,20/08/2024,5.00530478,4.948837484,4.706175067,5.166628454,BRMS
UKENNW_UU_TP000110,93,15,27/08/2024,4.970391466,4.956056899,4.716724761,5.170658271,BRMS
UKENNW_UU_TP000110,93,16,03/09/2024,4.935478151,4.920142588,4.68023948,5.136569517,BRMS
UKENNW_UU_TP000110,93,17,10/09/2024,5.1238623,4.889199059,4.636534095,5.110072333,BRMS
UKENNW_UU_TP000110,93,18,17/09/2024,5.312246448,4.843137156,4.593071297,5.053276289,BRMS
UKENNW_UU_TP000110,93,19,24/09/2024,4.240734386,4.753847727,4.503752045,4.960593203,BRMS
UKENNW_UU_TP000110,93,20,01/10/2024,3.169222323,4.6865992,4.453916391,4.891829001,BRMS
UKENNW_UU_TP000110,93,21,08/10/2024,3.499960533,4.648063715,4.415480429,4.851276929,BRMS
UKENNW_UU_TP000110,93,22,15/10/2024,3.830698742,4.660116852,4.414702004,4.87965043,BRMS
UKENNW_UU_TP000110,93,23,22/10/2024,4.264528069,4.700744093,4.449461372,4.914784245,BRMS
UKENNW_UU_TP000110,93,24,29/10/2024,4.698357396,4.746663404,4.494770369,4.952790773,BRMS
UKENNW_UU_TP000110,93,25,05/11/2024,4.638971527,4.769218119,4.527632174,4.973944075,BRMS
UKENNW_UU_TP000110,93,26,12/11/2024,4.579585658,4.814137452,4.583272745,5.005439553,BRMS
UKENNW_UU_TP000110,93,27,19/11/2024,4.468666324,4.851748324,4.613357512,5.038715465,BRMS
UKENNW_UU_TP000110,93,28,26/11/2024,4.35774699,4.890015288,4.645540495,5.092689579,BRMS
UKENNW_UU_TP000110,93,29,03/12/2024,4.019309965,4.998546203,4.774648891,5.197241078,BRMS
UKENNW_UU_TP000110,93,30,10/12/2024,3.680872939,5.005172692,4.769699335,5.199389599,BRMS
UKENNW_UU_TP000110,93,31,17/12/2024,3.680872939,5.0658619,4.856232344,5.252881071,BRMS
UKENNW_UU_TP000110,93,32,24/12/2024,5.33558922,5.071216219,4.855136357,5.262556343,BRMS
UKENNW_UU_TP000110,93,33,31/12/2024,4.722550525,5.030296848,4.812143787,5.225947436,BRMS
UKENNW_UU_TP000110,93,34,07/01/2025,4.722550525,4.963494166,4.730096919,5.169222265,BRMS
UKENNW_UU_TP000110,93,35,14/01/2025,4.253826155,4.896539741,4.651688575,5.097123137,BRMS
UKENNW_UU_TP000110,93,36,21/01/2025,4.398140481,4.86321242,4.617337083,5.073047806,BRMS
UKENNW_UU_TP000110,93,37,28/01/2025,4.274169229,4.975534187,4.714602097,5.165563588,BRMS
UKENNW_UU_TP000110,93,38,04/02/2025,4.150197977,5.104092272,4.862571435,5.315254451,BRMS
UKENNW_UU_TP000110,93,39,11/02/2025,4.618001357,5.280532697,5.043396099,5.50133823,BRMS
UKENNW_UU_TP000110,93,40,18/02/2025,5.085804737,5.438088592,5.197353758,5.657581444,BRMS
UKENNW_UU_TP000110,93,41,25/02/2025,5.194471425,5.542085967,5.302383431,5.761634109,BRMS
UKENNW_UU_TP000110,93,42,04/03/2025,5.303138113,5.615475823,5.368184754,5.837409583,BRMS
UKENNW_UU_TP000110,93,43,11/03/2025,5.18152665,5.592196068,5.331887187,5.827056053,BRMS
UKENNW_UU_TP000110,93,44,18/03/2025,5.059915186,5.560105725,5.296601044,5.789008991,BRMS
UKENNW_UU_TP000110,93,45,25/03/2025,5.059915186,5.490331609,5.211717618,5.744373809,BRMS
UKENNW_UU_TP000115,94,1,21/05/2024,NA,3.928414408,3.62226413,4.230549026,BRMS
UKENNW_UU_TP000115,94,2,28/05/2024,NA,4.060481196,3.805829717,4.313120059,BRMS
UKENNW_UU_TP000115,94,3,04/06/2024,NA,4.185675847,3.940002756,4.424743171,BRMS
UKENNW_UU_TP000115,94,4,11/06/2024,NA,4.336446903,4.0981435,4.565722786,BRMS
UKENNW_UU_TP000115,94,5,18/06/2024,NA,4.45233094,4.21962964,4.675955584,BRMS
UKENNW_UU_TP000115,94,6,25/06/2024,NA,4.527869435,4.297485711,4.746168294,BRMS
UKENNW_UU_TP000115,94,7,02/07/2024,NA,4.569666125,4.333042953,4.792738431,BRMS
UKENNW_UU_TP000115,94,8,09/07/2024,NA,4.641890852,4.398318139,4.884915635,BRMS
UKENNW_UU_TP000115,94,9,16/07/2024,NA,4.591048912,4.346790447,4.829018936,BRMS
UKENNW_UU_TP000115,94,10,23/07/2024,NA,4.771856973,4.535382028,5.019874106,BRMS
UKENNW_UU_TP000115,94,11,30/07/2024,NA,4.915331903,4.687330269,5.156429319,BRMS
UKENNW_UU_TP000115,94,12,06/08/2024,NA,5.002124773,4.777849668,5.234388043,BRMS
UKENNW_UU_TP000115,94,13,13/08/2024,NA,5.026888408,4.805819699,5.260833647,BRMS
UKENNW_UU_TP000115,94,14,20/08/2024,NA,5.004055174,4.790414925,5.238405216,BRMS
UKENNW_UU_TP000115,94,15,27/08/2024,NA,5.017754486,4.790155355,5.262190591,BRMS
UKENNW_UU_TP000115,94,16,03/09/2024,NA,4.998158005,4.781512357,5.231649079,BRMS
UKENNW_UU_TP000115,94,17,10/09/2024,NA,4.999079168,4.771714938,5.233515895,BRMS
UKENNW_UU_TP000115,94,18,17/09/2024,NA,4.947435204,4.707621474,5.187259689,BRMS
UKENNW_UU_TP000115,94,19,24/09/2024,NA,4.806727067,4.57207401,5.044628548,BRMS
UKENNW_UU_TP000115,94,20,01/10/2024,NA,4.673774321,4.445981316,4.912877672,BRMS
UKENNW_UU_TP000115,94,21,08/10/2024,NA,4.575120557,4.355629059,4.800788058,BRMS
UKENNW_UU_TP000115,94,22,15/10/2024,NA,4.554731393,4.332851325,4.773958844,BRMS
UKENNW_UU_TP000115,94,23,22/10/2024,NA,4.585107569,4.359591325,4.806517513,BRMS
UKENNW_UU_TP000115,94,24,29/10/2024,NA,4.636987087,4.39270809,4.885133268,BRMS
UKENNW_UU_TP000115,94,25,05/11/2024,NA,4.677455396,4.424875634,4.924592533,BRMS
UKENNW_UU_TP000115,94,26,12/11/2024,NA,4.736129656,4.461924913,4.983826419,BRMS
UKENNW_UU_TP000115,94,27,19/11/2024,NA,4.765562611,4.499536083,4.984659224,BRMS
UKENNW_UU_TP000115,94,28,26/11/2024,NA,4.76735455,4.51492703,4.988430039,BRMS
UKENNW_UU_TP000115,94,29,03/12/2024,NA,4.857727455,4.614384985,5.101801352,BRMS
UKENNW_UU_TP000115,94,30,10/12/2024,NA,4.936709407,4.689648643,5.158499366,BRMS
UKENNW_UU_TP000115,94,31,17/12/2024,NA,5.021967772,4.781938941,5.255042948,BRMS
UKENNW_UU_TP000115,94,32,24/12/2024,5.145489754,5.069841682,4.846048499,5.285145123,BRMS
UKENNW_UU_TP000115,94,33,31/12/2024,5.145489754,5.03191008,4.809865185,5.249470949,BRMS
UKENNW_UU_TP000115,94,34,07/01/2025,4.783515726,4.949161867,4.720407993,5.167474033,BRMS
UKENNW_UU_TP000115,94,35,14/01/2025,4.421541697,4.848800642,4.612095871,5.064441698,BRMS
UKENNW_UU_TP000115,94,36,21/01/2025,4.783135381,4.768092979,4.514829123,4.987921758,BRMS
UKENNW_UU_TP000115,94,37,28/01/2025,5.144729065,4.788200695,4.535446534,5.013537257,BRMS
UKENNW_UU_TP000115,94,38,04/02/2025,5.3027774,4.910912366,4.673690944,5.131078905,BRMS
UKENNW_UU_TP000115,94,39,11/02/2025,5.460825735,5.118017551,4.89448911,5.343116838,BRMS
UKENNW_UU_TP000115,94,40,18/02/2025,5.640827653,5.319553914,5.093378225,5.5484971,BRMS
UKENNW_UU_TP000115,94,41,25/02/2025,5.82082957,5.458563486,5.227113545,5.677039895,BRMS
UKENNW_UU_TP000115,94,42,04/03/2025,5.934958215,5.555106072,5.328980705,5.754443855,BRMS
UKENNW_UU_TP000115,94,43,11/03/2025,5.647012381,5.516770243,5.298893135,5.712311853,BRMS
UKENNW_UU_TP000115,94,44,18/03/2025,5.647012381,5.466030843,5.240863809,5.67834638,BRMS
UKENNW_UU_TP000115,94,45,25/03/2025,5.244937901,5.37466356,5.13213207,5.639622269,BRMS
UKENNW_UU_TP000116,95,1,21/05/2024,4.539465403,4.142055336,3.880502294,4.38810868,BRMS
UKENNW_UU_TP000116,95,2,28/05/2024,4.539465403,4.278397021,4.065550847,4.474031317,BRMS
UKENNW_UU_TP000116,95,3,04/06/2024,4.503408134,4.41204617,4.215624672,4.601257915,BRMS
UKENNW_UU_TP000116,95,4,11/06/2024,4.467350865,4.573493985,4.375672961,4.763347057,BRMS
UKENNW_UU_TP000116,95,5,18/06/2024,4.681406274,4.703182826,4.509625134,4.883783225,BRMS
UKENNW_UU_TP000116,95,6,25/06/2024,4.895461683,4.795398211,4.60088521,4.976177738,BRMS
UKENNW_UU_TP000116,95,7,02/07/2024,4.915140433,4.853295012,4.65479914,5.039311165,BRMS
UKENNW_UU_TP000116,95,8,09/07/2024,4.934819182,4.929297009,4.718616174,5.120269261,BRMS
UKENNW_UU_TP000116,95,9,16/07/2024,4.934819182,4.873811311,4.672818786,5.055098799,BRMS
UKENNW_UU_TP000116,95,10,23/07/2024,5.207348335,5.044055694,4.840927999,5.239244784,BRMS
UKENNW_UU_TP000116,95,11,30/07/2024,5.266696696,5.18381319,4.975481626,5.387820378,BRMS
UKENNW_UU_TP000116,95,12,06/08/2024,5.266696696,5.275148182,5.076652465,5.479070279,BRMS
UKENNW_UU_TP000116,95,13,13/08/2024,5.326045057,5.313867827,5.118534524,5.5123076,BRMS
UKENNW_UU_TP000116,95,14,20/08/2024,5.430331953,5.308883532,5.122727485,5.505267249,BRMS
UKENNW_UU_TP000116,95,15,27/08/2024,5.089420998,5.334945168,5.136128586,5.526783488,BRMS
UKENNW_UU_TP000116,95,16,03/09/2024,5.089420998,5.317727464,5.122098582,5.509936146,BRMS
UKENNW_UU_TP000116,95,17,10/09/2024,4.466930004,5.320123823,5.122409078,5.513985048,BRMS
UKENNW_UU_TP000116,95,18,17/09/2024,4.185349965,5.258983961,5.054376276,5.467731268,BRMS
UKENNW_UU_TP000116,95,19,24/09/2024,3.853641123,5.119370587,4.919079479,5.32721486,BRMS
UKENNW_UU_TP000116,95,20,01/10/2024,3.521932281,4.989104888,4.787818057,5.192662472,BRMS
UKENNW_UU_TP000116,95,21,08/10/2024,3.414046653,4.901102938,4.69562053,5.100196452,BRMS
UKENNW_UU_TP000116,95,22,15/10/2024,3.306161024,4.887675328,4.695307868,5.085014434,BRMS
UKENNW_UU_TP000116,95,23,22/10/2024,4.097260917,4.917910215,4.723070823,5.106716385,BRMS
UKENNW_UU_TP000116,95,24,29/10/2024,4.88836081,4.968238392,4.760609738,5.169277046,BRMS
UKENNW_UU_TP000116,95,25,05/11/2024,4.88836081,5.005243012,4.800045302,5.21957722,BRMS
UKENNW_UU_TP000116,95,26,12/11/2024,5.193310632,5.060964948,4.855048414,5.264262668,BRMS
UKENNW_UU_TP000116,95,27,19/11/2024,4.700657117,5.094688032,4.882609443,5.282619203,BRMS
UKENNW_UU_TP000116,95,28,26/11/2024,4.700657117,5.101488974,4.90438078,5.285227596,BRMS
UKENNW_UU_TP000116,95,29,03/12/2024,4.575025596,5.178949003,4.974204618,5.391202162,BRMS
UKENNW_UU_TP000116,95,30,10/12/2024,4.94204759,5.243573876,5.041322991,5.451489839,BRMS
UKENNW_UU_TP000116,95,31,17/12/2024,4.94204759,5.309075232,5.116298281,5.50903626,BRMS
UKENNW_UU_TP000116,95,32,24/12/2024,5.655185071,5.349819128,5.170504366,5.541428059,BRMS
UKENNW_UU_TP000116,95,33,31/12/2024,5.24014653,5.305880401,5.120005383,5.480292495,BRMS
UKENNW_UU_TP000116,95,34,07/01/2025,5.24014653,5.22141287,5.039785344,5.400157191,BRMS
UKENNW_UU_TP000116,95,35,14/01/2025,4.825107989,5.130558087,4.946398232,5.314721738,BRMS
UKENNW_UU_TP000116,95,36,21/01/2025,5.542222407,5.063495616,4.863394854,5.258458373,BRMS
UKENNW_UU_TP000116,95,37,28/01/2025,5.65212069,5.086171498,4.882714677,5.280701654,BRMS
UKENNW_UU_TP000116,95,38,04/02/2025,5.65212069,5.205295555,5.022881901,5.38349725,BRMS
UKENNW_UU_TP000116,95,39,11/02/2025,5.328834886,5.406031009,5.223905908,5.58498024,BRMS
UKENNW_UU_TP000116,95,40,18/02/2025,4.895650799,5.60336257,5.424111294,5.774329452,BRMS
UKENNW_UU_TP000116,95,41,25/02/2025,4.932690627,5.735859853,5.545255752,5.908638807,BRMS
UKENNW_UU_TP000116,95,42,04/03/2025,4.969730455,5.828860538,5.635482106,5.999675886,BRMS
UKENNW_UU_TP000116,95,43,11/03/2025,5.08982571,5.792359181,5.600365832,5.960923103,BRMS
UKENNW_UU_TP000116,95,44,18/03/2025,5.209920964,5.743219683,5.551087451,5.934729509,BRMS
UKENNW_UU_TP000116,95,45,25/03/2025,5.209920964,5.651253738,5.449374143,5.863108521,BRMS
UKENNW_UU_TP000124,96,1,21/05/2024,NA,4.247134785,3.974969683,4.572361911,BRMS
UKENNW_UU_TP000124,96,2,28/05/2024,5.233837286,4.376945411,4.155076148,4.681002348,BRMS
UKENNW_UU_TP000124,96,3,04/06/2024,5.233837286,4.502636501,4.296958255,4.785539996,BRMS
UKENNW_UU_TP000124,96,4,11/06/2024,4.979166951,4.652386605,4.451801516,4.91380383,BRMS
UKENNW_UU_TP000124,96,5,18/06/2024,4.724496616,4.770556714,4.566233798,5.023661386,BRMS
UKENNW_UU_TP000124,96,6,25/06/2024,4.92409594,4.85116886,4.63984207,5.097184489,BRMS
UKENNW_UU_TP000124,96,7,02/07/2024,5.123695264,4.898278879,4.683816735,5.160725076,BRMS
UKENNW_UU_TP000124,96,8,09/07/2024,5.062486387,4.974248691,4.754618182,5.238220396,BRMS
UKENNW_UU_TP000124,96,9,16/07/2024,5.00127751,4.925923809,4.709656911,5.175732604,BRMS
UKENNW_UU_TP000124,96,10,23/07/2024,4.785973131,5.106375811,4.907952773,5.344140255,BRMS
UKENNW_UU_TP000124,96,11,30/07/2024,4.570668751,5.250327331,5.056966335,5.477461256,BRMS
UKENNW_UU_TP000124,96,12,06/08/2024,4.817982555,5.336673132,5.144954035,5.574855189,BRMS
UKENNW_UU_TP000124,96,13,13/08/2024,5.065296358,5.362446164,5.165034883,5.605685994,BRMS
UKENNW_UU_TP000124,96,14,20/08/2024,5.057780836,5.342218577,5.145096752,5.591081106,BRMS
UKENNW_UU_TP000124,96,15,27/08/2024,5.050265314,5.356153635,5.147546912,5.609175097,BRMS
UKENNW_UU_TP000124,96,16,03/09/2024,4.875700885,5.338971692,5.144546722,5.586609273,BRMS
UKENNW_UU_TP000124,96,17,10/09/2024,4.701136455,5.338940998,5.148458753,5.593302733,BRMS
UKENNW_UU_TP000124,96,18,17/09/2024,4.911324387,5.286268584,5.087195999,5.53143592,BRMS
UKENNW_UU_TP000124,96,19,24/09/2024,5.121512319,5.149540569,4.941631765,5.404111397,BRMS
UKENNW_UU_TP000124,96,20,01/10/2024,4.938344466,5.01837073,4.80482422,5.276450267,BRMS
UKENNW_UU_TP000124,96,21,08/10/2024,4.755176613,4.922806781,4.714044761,5.185287312,BRMS
UKENNW_UU_TP000124,96,22,15/10/2024,4.628144159,4.9053939,4.701161034,5.163665536,BRMS
UKENNW_UU_TP000124,96,23,22/10/2024,4.501111704,4.936742532,4.719698864,5.184964974,BRMS
UKENNW_UU_TP000124,96,24,29/10/2024,4.316345402,4.98988317,4.752789407,5.241890133,BRMS
UKENNW_UU_TP000124,96,25,05/11/2024,4.131579099,5.030269492,4.792127821,5.289603312,BRMS
UKENNW_UU_TP000124,96,26,12/11/2024,4.085860793,5.088362502,4.853376214,5.335054987,BRMS
UKENNW_UU_TP000124,96,27,19/11/2024,4.040142486,5.118133686,4.881069519,5.373625936,BRMS
UKENNW_UU_TP000124,96,28,26/11/2024,4.25745215,5.121676248,4.894669955,5.374594085,BRMS
UKENNW_UU_TP000124,96,29,03/12/2024,4.474761813,5.2087627,4.975074284,5.469012083,BRMS
UKENNW_UU_TP000124,96,30,10/12/2024,3.739761626,5.285374549,5.061297133,5.526471273,BRMS
UKENNW_UU_TP000124,96,31,17/12/2024,3.004761439,5.36656758,5.170814631,5.601110381,BRMS
UKENNW_UU_TP000124,96,32,24/12/2024,3.004761439,5.414226069,5.218465146,5.653000897,BRMS
UKENNW_UU_TP000124,96,33,31/12/2024,4.953873655,5.377002258,5.180510166,5.610325674,BRMS
UKENNW_UU_TP000124,96,34,07/01/2025,3.943496827,5.291617457,5.089612496,5.532130803,BRMS
UKENNW_UU_TP000124,96,35,14/01/2025,3.943496827,5.194960262,4.983382049,5.433459549,BRMS
UKENNW_UU_TP000124,96,36,21/01/2025,3.836706459,5.120080744,4.898700764,5.373687798,BRMS
UKENNW_UU_TP000124,96,37,28/01/2025,4.740292919,5.143020754,4.924043378,5.377696345,BRMS
UKENNW_UU_TP000124,96,38,04/02/2025,5.21178726,5.26742594,5.066027713,5.540477133,BRMS
UKENNW_UU_TP000124,96,39,11/02/2025,5.6832816,5.472046698,5.281149727,5.730371107,BRMS
UKENNW_UU_TP000124,96,40,18/02/2025,5.499555511,5.676794692,5.475436721,5.908912083,BRMS
UKENNW_UU_TP000124,96,41,25/02/2025,5.315829422,5.811515294,5.60771499,6.044148837,BRMS
UKENNW_UU_TP000124,96,42,04/03/2025,5.559029163,5.904117001,5.705665906,6.129218153,BRMS
UKENNW_UU_TP000124,96,43,11/03/2025,5.802228903,5.863935191,5.66223494,6.12622367,BRMS
UKENNW_UU_TP000124,96,44,18/03/2025,5.802167093,5.81666386,5.598656717,6.083294032,BRMS
UKENNW_UU_TP000124,96,45,25/03/2025,5.340888436,5.726957638,5.486954144,6.027107409,BRMS
UKENNW_UU_TP000133,97,1,21/05/2024,NA,3.658433825,3.37510034,3.9508561,BRMS
UKENNW_UU_TP000133,97,2,28/05/2024,3.478684826,3.793084328,3.556431919,4.029676281,BRMS
UKENNW_UU_TP000133,97,3,04/06/2024,3.478684826,3.92075226,3.699778998,4.158885214,BRMS
UKENNW_UU_TP000133,97,4,11/06/2024,3.987829787,4.075170527,3.861531408,4.298951794,BRMS
UKENNW_UU_TP000133,97,5,18/06/2024,4.496974748,4.187589005,3.986901319,4.405571158,BRMS
UKENNW_UU_TP000133,97,6,25/06/2024,4.624816559,4.257883586,4.06124267,4.471481186,BRMS
UKENNW_UU_TP000133,97,7,02/07/2024,4.75265837,4.292646694,4.090570426,4.500232382,BRMS
UKENNW_UU_TP000133,97,8,09/07/2024,4.695688495,4.357780564,4.137796385,4.584915036,BRMS
UKENNW_UU_TP000133,97,9,16/07/2024,4.63871862,4.304670154,4.094032285,4.522394172,BRMS
UKENNW_UU_TP000133,97,10,23/07/2024,4.726809896,4.482477386,4.272424386,4.705552616,BRMS
UKENNW_UU_TP000133,97,11,30/07/2024,4.814901172,4.625055254,4.414409932,4.84285252,BRMS
UKENNW_UU_TP000133,97,12,06/08/2024,4.861994039,4.711198603,4.506860696,4.906893992,BRMS
UKENNW_UU_TP000133,97,13,13/08/2024,4.909086906,4.734220422,4.546430601,4.933822325,BRMS
UKENNW_UU_TP000133,97,14,20/08/2024,4.905309147,4.709899029,4.523705825,4.909043517,BRMS
UKENNW_UU_TP000133,97,15,27/08/2024,4.901531387,4.725648509,4.535776678,4.925037045,BRMS
UKENNW_UU_TP000133,97,16,03/09/2024,4.930660506,4.702685905,4.515213739,4.907604745,BRMS
UKENNW_UU_TP000133,97,17,10/09/2024,4.959789624,4.706693982,4.516595138,4.908940326,BRMS
UKENNW_UU_TP000133,97,18,17/09/2024,4.998292095,4.650434291,4.451459529,4.869686799,BRMS
UKENNW_UU_TP000133,97,19,24/09/2024,5.036794565,4.503371192,4.299444026,4.720488887,BRMS
UKENNW_UU_TP000133,97,20,01/10/2024,4.982157096,4.360847563,4.161004169,4.576753392,BRMS
UKENNW_UU_TP000133,97,21,08/10/2024,4.927519626,4.25926673,4.07193318,4.473801584,BRMS
UKENNW_UU_TP000133,97,22,15/10/2024,4.814598285,4.235942618,4.051553649,4.428544199,BRMS
UKENNW_UU_TP000133,97,23,22/10/2024,4.701676943,4.263303614,4.076200597,4.447295427,BRMS
UKENNW_UU_TP000133,97,24,29/10/2024,4.7636125,4.313560583,4.101572749,4.522901918,BRMS
UKENNW_UU_TP000133,97,25,05/11/2024,4.825548056,4.350621675,4.131592719,4.569210542,BRMS
UKENNW_UU_TP000133,97,26,12/11/2024,5.024201676,4.408250592,4.19044799,4.620038272,BRMS
UKENNW_UU_TP000133,97,27,19/11/2024,5.222855295,4.437006412,4.22214338,4.629634508,BRMS
UKENNW_UU_TP000133,97,28,26/11/2024,4.058203172,4.43897941,4.230078987,4.633661855,BRMS
UKENNW_UU_TP000133,97,29,03/12/2024,2.893551049,4.529495323,4.315940112,4.72904592,BRMS
UKENNW_UU_TP000133,97,30,10/12/2024,3.221552326,4.610007934,4.406692239,4.810955021,BRMS
UKENNW_UU_TP000133,97,31,17/12/2024,3.549553603,4.699661724,4.505129035,4.91451115,BRMS
UKENNW_UU_TP000133,97,32,24/12/2024,4.102486187,4.750217117,4.560706888,4.966124069,BRMS
UKENNW_UU_TP000133,97,33,31/12/2024,4.655418771,4.707085594,4.508929497,4.92987908,BRMS
UKENNW_UU_TP000133,97,34,07/01/2025,4.446698233,4.622560626,4.419839261,4.845528373,BRMS
UKENNW_UU_TP000133,97,35,14/01/2025,4.237977695,4.515840945,4.304676366,4.723797094,BRMS
UKENNW_UU_TP000133,97,36,21/01/2025,4.736729588,4.426061244,4.203624135,4.631758699,BRMS
UKENNW_UU_TP000133,97,37,28/01/2025,5.235481481,4.436749927,4.215597563,4.63860967,BRMS
UKENNW_UU_TP000133,97,38,04/02/2025,5.16242226,4.553024361,4.349531076,4.767651307,BRMS
UKENNW_UU_TP000133,97,39,11/02/2025,5.089363038,4.761553414,4.562362456,4.996917357,BRMS
UKENNW_UU_TP000133,97,40,18/02/2025,5.46715377,4.966334997,4.765712375,5.198411258,BRMS
UKENNW_UU_TP000133,97,41,25/02/2025,5.844944501,5.105312334,4.900781216,5.323430905,BRMS
UKENNW_UU_TP000133,97,42,04/03/2025,5.738120152,5.206398391,5.010441401,5.402536381,BRMS
UKENNW_UU_TP000133,97,43,11/03/2025,5.631295802,5.16916114,4.979343728,5.366017764,BRMS
UKENNW_UU_TP000133,97,44,18/03/2025,5.584412,5.114533554,4.909674501,5.338151258,BRMS
UKENNW_UU_TP000133,97,45,25/03/2025,5.537528197,5.021026886,4.792397577,5.287157487,BRMS
UKENSO_SW_TP000001,98,1,21/05/2024,NA,4.365774849,4.035005765,4.726253094,BRMS
UKENSO_SW_TP000001,98,2,28/05/2024,NA,4.412571328,4.128723461,4.747116165,BRMS
UKENSO_SW_TP000001,98,3,04/06/2024,4.977552098,4.502835898,4.240551833,4.835353176,BRMS
UKENSO_SW_TP000001,98,4,11/06/2024,4.977552098,4.643648742,4.386173419,4.977815729,BRMS
UKENSO_SW_TP000001,98,5,18/06/2024,4.977552098,4.802223838,4.556725021,5.119589792,BRMS
UKENSO_SW_TP000001,98,6,25/06/2024,4.932833197,4.94461949,4.698653853,5.242077354,BRMS
UKENSO_SW_TP000001,98,7,02/07/2024,4.858692914,5.055842765,4.815602467,5.318452237,BRMS
UKENSO_SW_TP000001,98,8,09/07/2024,4.858692914,5.173201923,4.92116862,5.428666728,BRMS
UKENSO_SW_TP000001,98,9,16/07/2024,5.142086493,5.148887514,4.894523679,5.412953124,BRMS
UKENSO_SW_TP000001,98,10,23/07/2024,5.499620355,5.306003173,5.074581835,5.560567505,BRMS
UKENSO_SW_TP000001,98,11,30/07/2024,5.611822112,5.442254644,5.210186487,5.709121075,BRMS
UKENSO_SW_TP000001,98,12,06/08/2024,5.724023869,5.531930054,5.301700712,5.794767552,BRMS
UKENSO_SW_TP000001,98,13,13/08/2024,5.724023869,5.579251262,5.334313234,5.826000004,BRMS
UKENSO_SW_TP000001,98,14,20/08/2024,3.669032815,5.604310788,5.359703385,5.847900123,BRMS
UKENSO_SW_TP000001,98,15,27/08/2024,4.603865546,5.628480059,5.392139048,5.877899412,BRMS
UKENSO_SW_TP000001,98,16,03/09/2024,4.603865546,5.625430329,5.361421921,5.890260743,BRMS
UKENSO_SW_TP000001,98,17,10/09/2024,5.579469023,5.608887011,5.357843323,5.851608653,BRMS
UKENSO_SW_TP000001,98,18,17/09/2024,5.620239768,5.543891155,5.282678012,5.796748782,BRMS
UKENSO_SW_TP000001,98,19,24/09/2024,4.972814332,5.435547672,5.180430843,5.681665637,BRMS
UKENSO_SW_TP000001,98,20,01/10/2024,4.325388896,5.343220951,5.079923727,5.599457958,BRMS
UKENSO_SW_TP000001,98,21,08/10/2024,4.671500997,5.278373422,5.026497037,5.542947942,BRMS
UKENSO_SW_TP000001,98,22,15/10/2024,5.017613097,5.276313445,5.04793107,5.537602888,BRMS
UKENSO_SW_TP000001,98,23,22/10/2024,5.475962364,5.315639944,5.086029865,5.5806976,BRMS
UKENSO_SW_TP000001,98,24,29/10/2024,5.93431163,5.36850476,5.127313296,5.634078328,BRMS
UKENSO_SW_TP000001,98,25,05/11/2024,5.542555529,5.391405654,5.150200146,5.647792727,BRMS
UKENSO_SW_TP000001,98,26,12/11/2024,5.150799427,5.381782011,5.144854385,5.634434657,BRMS
UKENSO_SW_TP000001,98,27,19/11/2024,5.113423065,5.359423536,5.128358175,5.614628043,BRMS
UKENSO_SW_TP000001,98,28,26/11/2024,5.076046702,5.329665531,5.088755992,5.600114285,BRMS
UKENSO_SW_TP000001,98,29,03/12/2024,4.673797916,5.339911438,5.075653181,5.63112119,BRMS
UKENSO_SW_TP000001,98,30,10/12/2024,4.27154913,5.265573794,5.023349727,5.544285813,BRMS
UKENSO_SW_TP000001,98,31,17/12/2024,4.27154913,5.221873208,4.964525611,5.493047426,BRMS
UKENSO_SW_TP000001,98,32,24/12/2024,4.820299966,5.188936391,4.940121634,5.464939653,BRMS
UKENSO_SW_TP000001,98,33,31/12/2024,4.798040079,5.09512672,4.821700358,5.374362957,BRMS
UKENSO_SW_TP000001,98,34,07/01/2025,4.798040079,4.96478018,4.689672454,5.237295381,BRMS
UKENSO_SW_TP000001,98,35,14/01/2025,5.127533669,4.850633833,4.585334431,5.116680699,BRMS
UKENSO_SW_TP000001,98,36,21/01/2025,5.479287146,4.802674461,4.550802778,5.069955491,BRMS
UKENSO_SW_TP000001,98,37,28/01/2025,5.783198458,4.88068392,4.612750739,5.14829109,BRMS
UKENSO_SW_TP000001,98,38,04/02/2025,6.08710977,5.001678163,4.758982013,5.260901306,BRMS
UKENSO_SW_TP000001,98,39,11/02/2025,5.967629781,5.157298705,4.91296847,5.419844667,BRMS
UKENSO_SW_TP000001,98,40,18/02/2025,5.848149791,5.280265765,5.0245079,5.537511325,BRMS
UKENSO_SW_TP000001,98,41,25/02/2025,5.947604378,5.372277972,5.099453201,5.634962007,BRMS
UKENSO_SW_TP000001,98,42,04/03/2025,6.047058965,5.422658904,5.140720081,5.677885301,BRMS
UKENSO_SW_TP000001,98,43,11/03/2025,5.445759144,5.410892331,5.121381714,5.670164134,BRMS
UKENSO_SW_TP000001,98,44,18/03/2025,4.844459322,5.384041577,5.090865703,5.661099573,BRMS
UKENSO_SW_TP000001,98,45,25/03/2025,4.844459322,5.340968414,5.047123082,5.649825228,BRMS
UKENSO_SW_TP000004,99,1,21/05/2024,NA,4.379059763,4.01770943,4.751208456,BRMS
UKENSO_SW_TP000004,99,2,28/05/2024,3.600289418,4.429191716,4.136930381,4.750124577,BRMS
UKENSO_SW_TP000004,99,3,04/06/2024,3.600289418,4.524061088,4.247876916,4.831448261,BRMS
UKENSO_SW_TP000004,99,4,11/06/2024,3.796458998,4.665964549,4.407752382,4.979811335,BRMS
UKENSO_SW_TP000004,99,5,18/06/2024,3.992628578,4.823216322,4.555877395,5.132592348,BRMS
UKENSO_SW_TP000004,99,6,25/06/2024,4.17078769,4.961267709,4.682545115,5.259056867,BRMS
UKENSO_SW_TP000004,99,7,02/07/2024,4.348946801,5.064076008,4.794946411,5.339331931,BRMS
UKENSO_SW_TP000004,99,8,09/07/2024,4.483630061,5.176261862,4.891391303,5.444061701,BRMS
UKENSO_SW_TP000004,99,9,16/07/2024,4.61831332,5.14479879,4.876430573,5.415842543,BRMS
UKENSO_SW_TP000004,99,10,23/07/2024,4.917761158,5.293002661,5.056343517,5.562577382,BRMS
UKENSO_SW_TP000004,99,11,30/07/2024,5.217208996,5.423330353,5.187687743,5.701558132,BRMS
UKENSO_SW_TP000004,99,12,06/08/2024,5.633974945,5.508767415,5.273538246,5.78009144,BRMS
UKENSO_SW_TP000004,99,13,13/08/2024,6.050740894,5.554689468,5.304730343,5.809660512,BRMS
UKENSO_SW_TP000004,99,14,20/08/2024,5.664886319,5.577346236,5.315012312,5.82552849,BRMS
UKENSO_SW_TP000004,99,15,27/08/2024,5.279031743,5.600024875,5.343913713,5.84662551,BRMS
UKENSO_SW_TP000004,99,16,03/09/2024,5.056913809,5.597803176,5.303373244,5.865760631,BRMS
UKENSO_SW_TP000004,99,17,10/09/2024,4.834795874,5.577809044,5.301039548,5.83329902,BRMS
UKENSO_SW_TP000004,99,18,17/09/2024,5.048178199,5.511255396,5.220888483,5.762411009,BRMS
UKENSO_SW_TP000004,99,19,24/09/2024,5.261560524,5.401263772,5.108914594,5.647886684,BRMS
UKENSO_SW_TP000004,99,20,01/10/2024,5.222881548,5.308271924,5.014074,5.561258768,BRMS
UKENSO_SW_TP000004,99,21,08/10/2024,5.184202571,5.242694472,4.964204455,5.50370282,BRMS
UKENSO_SW_TP000004,99,22,15/10/2024,5.188707801,5.239213085,4.984876136,5.49814602,BRMS
UKENSO_SW_TP000004,99,23,22/10/2024,5.19321303,5.275862747,5.025250575,5.538325257,BRMS
UKENSO_SW_TP000004,99,24,29/10/2024,4.531467587,5.326817704,5.078347584,5.580860684,BRMS
UKENSO_SW_TP000004,99,25,05/11/2024,3.869722144,5.34973368,5.105372798,5.599294627,BRMS
UKENSO_SW_TP000004,99,26,12/11/2024,4.574037217,5.340053158,5.08566184,5.582381685,BRMS
UKENSO_SW_TP000004,99,27,19/11/2024,5.278352289,5.321621453,5.073479375,5.567551598,BRMS
UKENSO_SW_TP000004,99,28,26/11/2024,4.964530443,5.291716708,5.033485771,5.54813601,BRMS
UKENSO_SW_TP000004,99,29,03/12/2024,4.650708597,5.305607426,5.040221454,5.595025238,BRMS
UKENSO_SW_TP000004,99,30,10/12/2024,4.881542862,5.232567998,4.983913285,5.51726318,BRMS
UKENSO_SW_TP000004,99,31,17/12/2024,5.112377127,5.191986809,4.930762395,5.469689204,BRMS
UKENSO_SW_TP000004,99,32,24/12/2024,5.020560685,5.157198164,4.906009872,5.444571115,BRMS
UKENSO_SW_TP000004,99,33,31/12/2024,4.928744242,5.063363406,4.798988026,5.350837469,BRMS
UKENSO_SW_TP000004,99,34,07/01/2025,4.214111594,4.934260767,4.676570911,5.216765706,BRMS
UKENSO_SW_TP000004,99,35,14/01/2025,3.499478946,4.819411447,4.592300498,5.097216205,BRMS
UKENSO_SW_TP000004,99,36,21/01/2025,3.76488974,4.771594724,4.546527358,5.042767444,BRMS
UKENSO_SW_TP000004,99,37,28/01/2025,4.030300534,4.847886741,4.611894147,5.109518158,BRMS
UKENSO_SW_TP000004,99,38,04/02/2025,5.110035995,4.967450593,4.736701519,5.214433172,BRMS
UKENSO_SW_TP000004,99,39,11/02/2025,6.189771456,5.124507812,4.88384865,5.377615829,BRMS
UKENSO_SW_TP000004,99,40,18/02/2025,5.850343697,5.247491485,5.006702687,5.507973917,BRMS
UKENSO_SW_TP000004,99,41,25/02/2025,5.510915938,5.342800353,5.086163078,5.600575943,BRMS
UKENSO_SW_TP000004,99,42,04/03/2025,5.371829224,5.39106977,5.119277823,5.645872519,BRMS
UKENSO_SW_TP000004,99,43,11/03/2025,5.23274251,5.378481793,5.111603429,5.645635286,BRMS
UKENSO_SW_TP000004,99,44,18/03/2025,5.404504527,5.352444244,5.080631019,5.626035014,BRMS
UKENSO_SW_TP000004,99,45,25/03/2025,5.576266543,5.310188029,5.020528607,5.633992488,BRMS
UKENSO_SW_TP000008,100,1,21/05/2024,NA,4.588658182,4.274197398,4.898150743,BRMS
UKENSO_SW_TP000008,100,2,28/05/2024,4.308806434,4.636248856,4.362642571,4.927632179,BRMS
UKENSO_SW_TP000008,100,3,04/06/2024,4.308806434,4.729078237,4.473077862,5.003061814,BRMS
UKENSO_SW_TP000008,100,4,11/06/2024,4.515820915,4.870171646,4.625715087,5.133644171,BRMS
UKENSO_SW_TP000008,100,5,18/06/2024,4.722835396,5.027772738,4.793757749,5.285604028,BRMS
UKENSO_SW_TP000008,100,6,25/06/2024,4.895606835,5.167136863,4.950139848,5.411648858,BRMS
UKENSO_SW_TP000008,100,7,02/07/2024,5.068378273,5.273752593,5.058981986,5.495039419,BRMS
UKENSO_SW_TP000008,100,8,09/07/2024,4.943925746,5.387830313,5.172510471,5.61196939,BRMS
UKENSO_SW_TP000008,100,9,16/07/2024,4.819473219,5.359832546,5.145984,5.587319436,BRMS
UKENSO_SW_TP000008,100,10,23/07/2024,5.144142781,5.512212146,5.312543459,5.740047491,BRMS
UKENSO_SW_TP000008,100,11,30/07/2024,5.468812343,5.645500224,5.443231103,5.88457147,BRMS
UKENSO_SW_TP000008,100,12,06/08/2024,5.587064041,5.733191686,5.522255873,5.968455263,BRMS
UKENSO_SW_TP000008,100,13,13/08/2024,5.705315739,5.780127642,5.574598279,6.00148187,BRMS
UKENSO_SW_TP000008,100,14,20/08/2024,5.567394358,5.804110083,5.607011734,6.015095149,BRMS
UKENSO_SW_TP000008,100,15,27/08/2024,5.429472977,5.827503749,5.633671012,6.035695561,BRMS
UKENSO_SW_TP000008,100,16,03/09/2024,4.91974525,5.825828696,5.632415332,6.050190008,BRMS
UKENSO_SW_TP000008,100,17,10/09/2024,4.410017522,5.807522551,5.605621421,6.010547969,BRMS
UKENSO_SW_TP000008,100,18,17/09/2024,4.652252664,5.741548831,5.532286075,5.945267472,BRMS
UKENSO_SW_TP000008,100,19,24/09/2024,4.894487806,5.631784257,5.41412357,5.832478522,BRMS
UKENSO_SW_TP000008,100,20,01/10/2024,5.319996834,5.538481389,5.322705057,5.736223332,BRMS
UKENSO_SW_TP000008,100,21,08/10/2024,5.745505861,5.472760129,5.270549637,5.680856968,BRMS
UKENSO_SW_TP000008,100,22,15/10/2024,5.743632889,5.469464354,5.26876794,5.682718862,BRMS
UKENSO_SW_TP000008,100,23,22/10/2024,5.741759917,5.506012513,5.303025414,5.726858986,BRMS
UKENSO_SW_TP000008,100,24,29/10/2024,4.983959056,5.557373176,5.353995972,5.784947547,BRMS
UKENSO_SW_TP000008,100,25,05/11/2024,4.226158194,5.57964738,5.376784353,5.797406094,BRMS
UKENSO_SW_TP000008,100,26,12/11/2024,4.603362491,5.569018424,5.376293651,5.772853259,BRMS
UKENSO_SW_TP000008,100,27,19/11/2024,4.980566788,5.548203313,5.349477798,5.758578387,BRMS
UKENSO_SW_TP000008,100,28,26/11/2024,4.688884383,5.518280543,5.308085114,5.731666086,BRMS
UKENSO_SW_TP000008,100,29,03/12/2024,4.397201978,5.528895553,5.293785735,5.762334998,BRMS
UKENSO_SW_TP000008,100,30,10/12/2024,4.231073997,5.454209226,5.240989678,5.674253241,BRMS
UKENSO_SW_TP000008,100,31,17/12/2024,4.064946015,5.408987647,5.152965515,5.63942566,BRMS
UKENSO_SW_TP000008,100,32,24/12/2024,4.807755256,5.374111041,5.136211403,5.602895743,BRMS
UKENSO_SW_TP000008,100,33,31/12/2024,5.550564496,5.279717518,5.042904657,5.511650212,BRMS
UKENSO_SW_TP000008,100,34,07/01/2025,4.646547283,5.148963035,4.914841184,5.372741256,BRMS
UKENSO_SW_TP000008,100,35,14/01/2025,3.742530069,5.032660397,4.797462271,5.251923273,BRMS
UKENSO_SW_TP000008,100,36,21/01/2025,3.983906366,4.983398253,4.757513739,5.207071087,BRMS
UKENSO_SW_TP000008,100,37,28/01/2025,4.225282663,5.059705976,4.836025519,5.287668917,BRMS
UKENSO_SW_TP000008,100,38,04/02/2025,4.9572666,5.178471329,4.969768408,5.398054278,BRMS
UKENSO_SW_TP000008,100,39,11/02/2025,5.689250537,5.334503945,5.140782364,5.558196641,BRMS
UKENSO_SW_TP000008,100,40,18/02/2025,5.168960391,5.45637208,5.253839116,5.681158038,BRMS
UKENSO_SW_TP000008,100,41,25/02/2025,4.648670245,5.550309376,5.343446058,5.778735185,BRMS
UKENSO_SW_TP000008,100,42,04/03/2025,5.074435232,5.600346494,5.388893782,5.820193771,BRMS
UKENSO_SW_TP000008,100,43,11/03/2025,5.500200218,5.588740804,5.369961396,5.823910192,BRMS
UKENSO_SW_TP000008,100,44,18/03/2025,5.035440336,5.562036475,5.338901008,5.810117972,BRMS
UKENSO_SW_TP000008,100,45,25/03/2025,4.570680453,5.519630107,5.269883087,5.783462124,BRMS
UKENSO_SW_TP000011,101,1,21/05/2024,NA,4.770154812,4.476906367,5.06729739,BRMS
UKENSO_SW_TP000011,101,2,28/05/2024,3.53165267,4.815627566,4.560852287,5.092155854,BRMS
UKENSO_SW_TP000011,101,3,04/06/2024,4.444168113,4.906259728,4.658557709,5.182987849,BRMS
UKENSO_SW_TP000011,101,4,11/06/2024,4.444168113,5.047063755,4.810882515,5.311285259,BRMS
UKENSO_SW_TP000011,101,5,18/06/2024,5.356683556,5.205272547,4.976720402,5.453339108,BRMS
UKENSO_SW_TP000011,101,6,25/06/2024,5.442871894,5.346769001,5.141912249,5.587371847,BRMS
UKENSO_SW_TP000011,101,7,02/07/2024,5.442871894,5.458022826,5.263420695,5.670981087,BRMS
UKENSO_SW_TP000011,101,8,09/07/2024,5.178792171,5.575022693,5.377749869,5.78323448,BRMS
UKENSO_SW_TP000011,101,9,16/07/2024,4.914712448,5.55089081,5.352300414,5.763039627,BRMS
UKENSO_SW_TP000011,101,10,23/07/2024,5.425395609,5.708356667,5.518787612,5.917419781,BRMS
UKENSO_SW_TP000011,101,11,30/07/2024,5.93607877,5.844979686,5.653470743,6.067268066,BRMS
UKENSO_SW_TP000011,101,12,06/08/2024,5.994019402,5.93455225,5.737980867,6.152719096,BRMS
UKENSO_SW_TP000011,101,13,13/08/2024,6.051960033,5.982429897,5.789369159,6.190485602,BRMS
UKENSO_SW_TP000011,101,14,20/08/2024,5.907468769,6.007106442,5.825177266,6.202828867,BRMS
UKENSO_SW_TP000011,101,15,27/08/2024,5.762977505,6.030370641,5.849778561,6.226690252,BRMS
UKENSO_SW_TP000011,101,16,03/09/2024,5.189563423,6.027861784,5.846866279,6.234634112,BRMS
UKENSO_SW_TP000011,101,17,10/09/2024,4.61614934,6.01142966,5.82176549,6.207408682,BRMS
UKENSO_SW_TP000011,101,18,17/09/2024,4.757326029,5.946336682,5.744589138,6.144930594,BRMS
UKENSO_SW_TP000011,101,19,24/09/2024,4.898502717,5.837551471,5.635159468,6.035783792,BRMS
UKENSO_SW_TP000011,101,20,01/10/2024,5.166475346,5.745219173,5.544451103,5.94141152,BRMS
UKENSO_SW_TP000011,101,21,08/10/2024,5.434447974,5.680429502,5.490963808,5.882953631,BRMS
UKENSO_SW_TP000011,101,22,15/10/2024,5.128754169,5.678410178,5.492321213,5.885434807,BRMS
UKENSO_SW_TP000011,101,23,22/10/2024,4.823060363,5.716123186,5.526436599,5.932124709,BRMS
UKENSO_SW_TP000011,101,24,29/10/2024,5.170612793,5.769284494,5.577443192,5.985582737,BRMS
UKENSO_SW_TP000011,101,25,05/11/2024,5.518165223,5.792107967,5.593323139,6.006800091,BRMS
UKENSO_SW_TP000011,101,26,12/11/2024,5.32870154,5.783251517,5.587215335,5.990492095,BRMS
UKENSO_SW_TP000011,101,27,19/11/2024,5.139237856,5.759255088,5.569839802,5.97569123,BRMS
UKENSO_SW_TP000011,101,28,26/11/2024,5.152152375,5.728937058,5.532849916,5.948860219,BRMS
UKENSO_SW_TP000011,101,29,03/12/2024,5.165066893,5.739177055,5.511389632,5.973578839,BRMS
UKENSO_SW_TP000011,101,30,10/12/2024,5.013975422,5.664544301,5.468610629,5.88923911,BRMS
UKENSO_SW_TP000011,101,31,17/12/2024,4.862883951,5.621582929,5.385413068,5.84488459,BRMS
UKENSO_SW_TP000011,101,32,24/12/2024,4.874550063,5.586369564,5.369155841,5.803526162,BRMS
UKENSO_SW_TP000011,101,33,31/12/2024,4.886216175,5.493287887,5.278331655,5.708766655,BRMS
UKENSO_SW_TP000011,101,34,07/01/2025,5.193898633,5.362632668,5.143337064,5.575083478,BRMS
UKENSO_SW_TP000011,101,35,14/01/2025,5.50158109,5.248021803,5.030049707,5.458641868,BRMS
UKENSO_SW_TP000011,101,36,21/01/2025,5.186013016,5.200013147,4.988714542,5.415456518,BRMS
UKENSO_SW_TP000011,101,37,28/01/2025,4.870444941,5.277515047,5.060959888,5.494891282,BRMS
UKENSO_SW_TP000011,101,38,04/02/2025,4.607364272,5.398370984,5.201570932,5.607233523,BRMS
UKENSO_SW_TP000011,101,39,11/02/2025,4.344283603,5.553751632,5.366041619,5.768425512,BRMS
UKENSO_SW_TP000011,101,40,18/02/2025,4.663068225,5.675925714,5.483004253,5.893154492,BRMS
UKENSO_SW_TP000011,101,41,25/02/2025,4.981852846,5.768163707,5.563651106,5.980486397,BRMS
UKENSO_SW_TP000011,101,42,04/03/2025,5.344921979,5.818901774,5.601380615,6.029381915,BRMS
UKENSO_SW_TP000011,101,43,11/03/2025,5.707991111,5.80768485,5.590231015,6.030661948,BRMS
UKENSO_SW_TP000011,101,44,18/03/2025,5.389980341,5.780866342,5.554407639,6.017592616,BRMS
UKENSO_SW_TP000011,101,45,25/03/2025,5.07196957,5.738274452,5.492108725,5.996572709,BRMS
UKENSO_SW_TP000013,102,1,21/05/2024,NA,4.601066571,4.300336572,4.907303255,BRMS
UKENSO_SW_TP000013,102,2,28/05/2024,4.422357225,4.650108599,4.391813463,4.929061625,BRMS
UKENSO_SW_TP000013,102,3,04/06/2024,4.422357225,4.744575796,4.496757185,5.024805672,BRMS
UKENSO_SW_TP000013,102,4,11/06/2024,4.571534461,4.888344917,4.644062109,5.159219671,BRMS
UKENSO_SW_TP000013,102,5,18/06/2024,4.720711696,5.04882243,4.817763004,5.315698913,BRMS
UKENSO_SW_TP000013,102,6,25/06/2024,5.179846192,5.192325641,4.977890877,5.448214384,BRMS
UKENSO_SW_TP000013,102,7,02/07/2024,5.638980688,5.304437708,5.10088379,5.546078905,BRMS
UKENSO_SW_TP000013,102,8,09/07/2024,5.319554119,5.420713908,5.208398576,5.655619764,BRMS
UKENSO_SW_TP000013,102,9,16/07/2024,5.00012755,5.39558396,5.178871375,5.634165937,BRMS
UKENSO_SW_TP000013,102,10,23/07/2024,4.943764136,5.550242838,5.346728737,5.787421997,BRMS
UKENSO_SW_TP000013,102,11,30/07/2024,4.887400722,5.684903212,5.482919806,5.928914633,BRMS
UKENSO_SW_TP000013,102,12,06/08/2024,5.337381402,5.774635777,5.567078949,6.010261786,BRMS
UKENSO_SW_TP000013,102,13,13/08/2024,5.787362081,5.821147139,5.615251469,6.04328334,BRMS
UKENSO_SW_TP000013,102,14,20/08/2024,5.707119605,5.847388536,5.64732309,6.06458124,BRMS
UKENSO_SW_TP000013,102,15,27/08/2024,5.626877128,5.872540416,5.6725598,6.079829959,BRMS
UKENSO_SW_TP000013,102,16,03/09/2024,5.710881947,5.87093286,5.675920008,6.098738075,BRMS
UKENSO_SW_TP000013,102,17,10/09/2024,5.794886766,5.854122132,5.653463212,6.063995417,BRMS
UKENSO_SW_TP000013,102,18,17/09/2024,5.349476189,5.789004605,5.575210898,5.992661615,BRMS
UKENSO_SW_TP000013,102,19,24/09/2024,4.904065612,5.681362209,5.462844055,5.884453619,BRMS
UKENSO_SW_TP000013,102,20,01/10/2024,5.083661377,5.589030204,5.37811518,5.803463124,BRMS
UKENSO_SW_TP000013,102,21,08/10/2024,5.263257141,5.52496889,5.320070838,5.749093628,BRMS
UKENSO_SW_TP000013,102,22,15/10/2024,5.620177358,5.523112891,5.322410946,5.740490829,BRMS
UKENSO_SW_TP000013,102,23,22/10/2024,5.889241418,5.562032333,5.356013548,5.781377172,BRMS
UKENSO_SW_TP000013,102,24,29/10/2024,5.889241418,5.615890622,5.396859004,5.834855548,BRMS
UKENSO_SW_TP000013,102,25,05/11/2024,5.801385261,5.640279679,5.422225594,5.858840171,BRMS
UKENSO_SW_TP000013,102,26,12/11/2024,5.261460423,5.631180133,5.416444765,5.843933465,BRMS
UKENSO_SW_TP000013,102,27,19/11/2024,5.261460423,5.611997752,5.402853796,5.825284198,BRMS
UKENSO_SW_TP000013,102,28,26/11/2024,5.067472493,5.583652444,5.366560513,5.799070772,BRMS
UKENSO_SW_TP000013,102,29,03/12/2024,4.873484562,5.595749001,5.350631495,5.834002714,BRMS
UKENSO_SW_TP000013,102,30,10/12/2024,4.595297094,5.522669104,5.303532722,5.745319529,BRMS
UKENSO_SW_TP000013,102,31,17/12/2024,4.317109626,5.480891301,5.223966446,5.710366564,BRMS
UKENSO_SW_TP000013,102,32,24/12/2024,4.735546119,5.44804997,5.210192444,5.669107678,BRMS
UKENSO_SW_TP000013,102,33,31/12/2024,5.153982611,5.358066653,5.117031939,5.5962979,BRMS
UKENSO_SW_TP000013,102,34,07/01/2025,4.378870156,5.23142707,4.986731648,5.467571015,BRMS
UKENSO_SW_TP000013,102,35,14/01/2025,3.6037577,5.119538843,4.875008417,5.34664434,BRMS
UKENSO_SW_TP000013,102,36,21/01/2025,3.756074294,5.073723756,4.838527958,5.30994041,BRMS
UKENSO_SW_TP000013,102,37,28/01/2025,3.908390887,5.153475861,4.918903371,5.391218312,BRMS
UKENSO_SW_TP000013,102,38,04/02/2025,5.048414789,5.274895496,5.060093675,5.500727726,BRMS
UKENSO_SW_TP000013,102,39,11/02/2025,6.18843869,5.430580289,5.216259502,5.65746743,BRMS
UKENSO_SW_TP000013,102,40,18/02/2025,5.768451273,5.552507859,5.341486295,5.783204632,BRMS
UKENSO_SW_TP000013,102,41,25/02/2025,5.348463855,5.645267193,5.424114892,5.881958466,BRMS
UKENSO_SW_TP000013,102,42,04/03/2025,5.413760413,5.694263069,5.467672174,5.931131392,BRMS
UKENSO_SW_TP000013,102,43,11/03/2025,5.479056971,5.680887319,5.456410819,5.926029346,BRMS
UKENSO_SW_TP000013,102,44,18/03/2025,5.025110736,5.652663287,5.429132292,5.898522575,BRMS
UKENSO_SW_TP000013,102,45,25/03/2025,4.5711645,5.608886011,5.3643484,5.86539898,BRMS
UKENSO_SW_TP000016,103,1,21/05/2024,4.555878257,4.594114216,4.223584312,4.972265731,BRMS
UKENSO_SW_TP000016,103,2,28/05/2024,4.555878257,4.637774787,4.333055127,4.969574048,BRMS
UKENSO_SW_TP000016,103,3,04/06/2024,4.50712892,4.727485045,4.435160351,5.034943134,BRMS
UKENSO_SW_TP000016,103,4,11/06/2024,4.458379583,4.865844818,4.595388956,5.166435161,BRMS
UKENSO_SW_TP000016,103,5,18/06/2024,4.459807085,5.021112977,4.747862245,5.306974098,BRMS
UKENSO_SW_TP000016,103,6,25/06/2024,4.461234587,5.157198816,4.896454001,5.435959835,BRMS
UKENSO_SW_TP000016,103,7,02/07/2024,4.461234587,5.259450359,5.007411946,5.514223891,BRMS
UKENSO_SW_TP000016,103,8,09/07/2024,4.932348134,5.372430615,5.119382626,5.632941264,BRMS
UKENSO_SW_TP000016,103,9,16/07/2024,5.084435918,5.342913975,5.09110594,5.605608658,BRMS
UKENSO_SW_TP000016,103,10,23/07/2024,5.084435918,5.495181947,5.269593289,5.750416153,BRMS
UKENSO_SW_TP000016,103,11,30/07/2024,4.48764043,5.6296848,5.406223723,5.896284251,BRMS
UKENSO_SW_TP000016,103,12,06/08/2024,3.738757158,5.716759863,5.488379435,5.984950003,BRMS
UKENSO_SW_TP000016,103,13,13/08/2024,4.239839305,5.765869794,5.533321566,6.018895486,BRMS
UKENSO_SW_TP000016,103,14,20/08/2024,4.740921451,5.788040336,5.553579316,6.042930193,BRMS
UKENSO_SW_TP000016,103,15,27/08/2024,5.06942386,5.809580691,5.577717705,6.057154039,BRMS
UKENSO_SW_TP000016,103,16,03/09/2024,5.397926269,5.80664985,5.544200048,6.075308305,BRMS
UKENSO_SW_TP000016,103,17,10/09/2024,4.782160803,5.787185775,5.540631271,6.034225554,BRMS
UKENSO_SW_TP000016,103,18,17/09/2024,4.166395336,5.719425202,5.475608317,5.956321553,BRMS
UKENSO_SW_TP000016,103,19,24/09/2024,4.708187272,5.607508942,5.355922218,5.836277063,BRMS
UKENSO_SW_TP000016,103,20,01/10/2024,5.249979207,5.512946726,5.266483116,5.746046908,BRMS
UKENSO_SW_TP000016,103,21,08/10/2024,4.894942252,5.445291352,5.201755432,5.681315556,BRMS
UKENSO_SW_TP000016,103,22,15/10/2024,4.539905297,5.439533029,5.218825716,5.688184821,BRMS
UKENSO_SW_TP000016,103,23,22/10/2024,4.81946455,5.474781518,5.262301362,5.718346162,BRMS
UKENSO_SW_TP000016,103,24,29/10/2024,5.099023802,5.523687139,5.313460566,5.760063052,BRMS
UKENSO_SW_TP000016,103,25,05/11/2024,5.006043075,5.543302822,5.334101785,5.781977113,BRMS
UKENSO_SW_TP000016,103,26,12/11/2024,4.913062348,5.531759428,5.320984316,5.770498698,BRMS
UKENSO_SW_TP000016,103,27,19/11/2024,5.029443923,5.505630508,5.289065081,5.74951408,BRMS
UKENSO_SW_TP000016,103,28,26/11/2024,5.145825497,5.473388906,5.247860088,5.72635245,BRMS
UKENSO_SW_TP000016,103,29,03/12/2024,5.200854811,5.481040346,5.229676096,5.756077021,BRMS
UKENSO_SW_TP000016,103,30,10/12/2024,5.255884125,5.404112152,5.177394863,5.679186158,BRMS
UKENSO_SW_TP000016,103,31,17/12/2024,5.255884125,5.355036154,5.100753299,5.626424946,BRMS
UKENSO_SW_TP000016,103,32,24/12/2024,NA,5.316606335,5.083101858,5.594691691,BRMS
UKENSO_SW_TP000016,103,33,31/12/2024,4.024859783,5.216908688,4.970014116,5.496771584,BRMS
UKENSO_SW_TP000016,103,34,07/01/2025,4.024859783,5.079443086,4.838349646,5.350386296,BRMS
UKENSO_SW_TP000016,103,35,14/01/2025,4.209794139,4.957814903,4.733019322,5.20888513,BRMS
UKENSO_SW_TP000016,103,36,21/01/2025,4.394728495,4.903131511,4.680980861,5.146560934,BRMS
UKENSO_SW_TP000016,103,37,28/01/2025,4.181024996,4.976536584,4.743327547,5.222817508,BRMS
UKENSO_SW_TP000016,103,38,04/02/2025,3.967321496,5.092601195,4.877340124,5.323046285,BRMS
UKENSO_SW_TP000016,103,39,11/02/2025,4.908021391,5.248929646,5.027856609,5.486286756,BRMS
UKENSO_SW_TP000016,103,40,18/02/2025,5.848721285,5.37091096,5.152688736,5.612976225,BRMS
UKENSO_SW_TP000016,103,41,25/02/2025,5.614417614,5.465456591,5.218424936,5.7089003,BRMS
UKENSO_SW_TP000016,103,42,04/03/2025,5.380113942,5.517428187,5.255593022,5.760512083,BRMS
UKENSO_SW_TP000016,103,43,11/03/2025,5.272519714,5.509107206,5.237832204,5.773679476,BRMS
UKENSO_SW_TP000016,103,44,18/03/2025,5.164925485,5.482642074,5.203525976,5.770696006,BRMS
UKENSO_SW_TP000016,103,45,25/03/2025,5.164925485,5.442048168,5.150001649,5.773484965,BRMS
UKENSO_SW_TP000022,104,1,21/05/2024,NA,4.427786524,3.982436077,4.954658155,BRMS
UKENSO_SW_TP000022,104,2,28/05/2024,4.041991261,4.51025289,4.081447652,5.043093477,BRMS
UKENSO_SW_TP000022,104,3,04/06/2024,4.041991261,4.612544398,4.182160109,5.149586746,BRMS
UKENSO_SW_TP000022,104,4,11/06/2024,4.249269622,4.755395575,4.331297924,5.291394058,BRMS
UKENSO_SW_TP000022,104,5,18/06/2024,4.456547982,4.898541793,4.481735862,5.430868954,BRMS
UKENSO_SW_TP000022,104,6,25/06/2024,5.052060378,5.012740161,4.599376184,5.54072686,BRMS
UKENSO_SW_TP000022,104,7,02/07/2024,5.647572774,5.085304468,4.669578285,5.608473727,BRMS
UKENSO_SW_TP000022,104,8,09/07/2024,5.263848331,5.17973867,4.736991996,5.705450184,BRMS
UKENSO_SW_TP000022,104,9,16/07/2024,4.880123887,5.141344291,4.723155395,5.674921318,BRMS
UKENSO_SW_TP000022,104,10,23/07/2024,5.134307715,5.258355105,4.856137583,5.777108929,BRMS
UKENSO_SW_TP000022,104,11,30/07/2024,5.388491543,5.384506211,4.970562571,5.893572067,BRMS
UKENSO_SW_TP000022,104,12,06/08/2024,5.593089624,5.44484098,5.03311792,5.948252831,BRMS
UKENSO_SW_TP000022,104,13,13/08/2024,5.797687704,5.480461117,5.07230524,6.000728442,BRMS
UKENSO_SW_TP000022,104,14,20/08/2024,5.845507507,5.490583136,5.080999632,6.01945616,BRMS
UKENSO_SW_TP000022,104,15,27/08/2024,5.89332731,5.508010685,5.109308736,6.044824282,BRMS
UKENSO_SW_TP000022,104,16,03/09/2024,6.00700071,5.485031744,5.063365653,6.00620731,BRMS
UKENSO_SW_TP000022,104,17,10/09/2024,6.120674109,5.443621791,5.053315182,5.962560019,BRMS
UKENSO_SW_TP000022,104,18,17/09/2024,5.903881461,5.373486299,4.97593446,5.87885412,BRMS
UKENSO_SW_TP000022,104,19,24/09/2024,5.687088813,5.251562047,4.850610501,5.778451274,BRMS
UKENSO_SW_TP000022,104,20,01/10/2024,6.004014849,5.162149284,4.752244033,5.699101581,BRMS
UKENSO_SW_TP000022,104,21,08/10/2024,6.320940884,5.099392386,4.699125789,5.637050764,BRMS
UKENSO_SW_TP000022,104,22,15/10/2024,6.368900866,5.090918534,4.703973768,5.618096513,BRMS
UKENSO_SW_TP000022,104,23,22/10/2024,6.416860847,5.122450646,4.726530483,5.660604738,BRMS
UKENSO_SW_TP000022,104,24,29/10/2024,6.147768702,5.157607684,4.749408036,5.670445567,BRMS
UKENSO_SW_TP000022,104,25,05/11/2024,5.878676556,5.179700766,4.770791293,5.680457326,BRMS
UKENSO_SW_TP000022,104,26,12/11/2024,5.805663666,5.18793596,4.773785371,5.687681053,BRMS
UKENSO_SW_TP000022,104,27,19/11/2024,5.732650775,5.181975963,4.77530449,5.687734603,BRMS
UKENSO_SW_TP000022,104,28,26/11/2024,5.802507347,5.159460157,4.742297852,5.66984473,BRMS
UKENSO_SW_TP000022,104,29,03/12/2024,5.872363918,5.165638632,4.755060409,5.671970898,BRMS
UKENSO_SW_TP000022,104,30,10/12/2024,5.826883124,5.15031993,4.749557073,5.675180132,BRMS
UKENSO_SW_TP000022,104,31,17/12/2024,5.781402329,5.148378719,4.744609995,5.640346247,BRMS
UKENSO_SW_TP000022,104,32,24/12/2024,5.786476078,5.155930117,4.751956742,5.681967479,BRMS
UKENSO_SW_TP000022,104,33,31/12/2024,5.791549827,5.087040062,4.671861081,5.5786789,BRMS
UKENSO_SW_TP000022,104,34,07/01/2025,4.876700462,4.982018826,4.573964825,5.445381746,BRMS
UKENSO_SW_TP000022,104,35,14/01/2025,3.961851096,4.88631582,4.479284346,5.363672151,BRMS
UKENSO_SW_TP000022,104,36,21/01/2025,4.538756767,4.843018203,4.417470116,5.336535795,BRMS
UKENSO_SW_TP000022,104,37,28/01/2025,5.115662438,4.915717622,4.500342875,5.41074657,BRMS
UKENSO_SW_TP000022,104,38,04/02/2025,5.319528624,5.051384617,4.638138303,5.538066217,BRMS
UKENSO_SW_TP000022,104,39,11/02/2025,5.523394809,5.233578991,4.818945881,5.725874329,BRMS
UKENSO_SW_TP000022,104,40,18/02/2025,5.442321648,5.360714512,4.959082873,5.855429582,BRMS
UKENSO_SW_TP000022,104,41,25/02/2025,5.361248486,5.461523203,5.042596575,5.967848021,BRMS
UKENSO_SW_TP000022,104,42,04/03/2025,5.558041965,5.488454664,5.055915038,6.020707056,BRMS
UKENSO_SW_TP000022,104,43,11/03/2025,5.754835444,5.454190313,5.000748255,5.986582051,BRMS
UKENSO_SW_TP000022,104,44,18/03/2025,5.49282515,5.413012619,4.935566295,5.950562144,BRMS
UKENSO_SW_TP000022,104,45,25/03/2025,5.230814855,5.362808255,4.876651969,5.909863377,BRMS
UKENSO_SW_TP000025,105,1,21/05/2024,NA,4.026217537,3.786167377,4.29289172,BRMS
UKENSO_SW_TP000025,105,2,28/05/2024,4.318644228,4.103000161,3.912673945,4.349255265,BRMS
UKENSO_SW_TP000025,105,3,04/06/2024,4.318644228,4.187792933,3.99846563,4.420240397,BRMS
UKENSO_SW_TP000025,105,4,11/06/2024,4.152376289,4.336782453,4.157889744,4.555760443,BRMS
UKENSO_SW_TP000025,105,5,18/06/2024,3.986108349,4.493977431,4.322200557,4.713273859,BRMS
UKENSO_SW_TP000025,105,6,25/06/2024,4.603874816,4.61802577,4.441900859,4.840232725,BRMS
UKENSO_SW_TP000025,105,7,02/07/2024,5.221641282,4.697256168,4.520422667,4.92255548,BRMS
UKENSO_SW_TP000025,105,8,09/07/2024,5.30700128,4.777566476,4.605418724,4.994926179,BRMS
UKENSO_SW_TP000025,105,9,16/07/2024,5.392361278,4.718715585,4.514370859,4.936188796,BRMS
UKENSO_SW_TP000025,105,10,23/07/2024,5.210997074,4.848844966,4.662806875,5.070293857,BRMS
UKENSO_SW_TP000025,105,11,30/07/2024,5.029632869,4.973346107,4.779898808,5.214956821,BRMS
UKENSO_SW_TP000025,105,12,06/08/2024,5.346267805,5.050863809,4.840186224,5.296487248,BRMS
UKENSO_SW_TP000025,105,13,13/08/2024,5.662902741,5.094814384,4.883703346,5.32901583,BRMS
UKENSO_SW_TP000025,105,14,20/08/2024,5.483851863,5.13258788,4.937590603,5.343832954,BRMS
UKENSO_SW_TP000025,105,15,27/08/2024,5.304800985,5.186022635,5.005076557,5.396770374,BRMS
UKENSO_SW_TP000025,105,16,03/09/2024,5.295411123,5.200092374,5.025636608,5.387592992,BRMS
UKENSO_SW_TP000025,105,17,10/09/2024,5.28602126,5.200918686,5.025169213,5.422730963,BRMS
UKENSO_SW_TP000025,105,18,17/09/2024,5.403118229,5.147183513,4.97430945,5.383266123,BRMS
UKENSO_SW_TP000025,105,19,24/09/2024,5.520215198,5.049199771,4.882462343,5.259235017,BRMS
UKENSO_SW_TP000025,105,20,01/10/2024,5.384996371,4.969267709,4.796691733,5.171422527,BRMS
UKENSO_SW_TP000025,105,21,08/10/2024,5.249777544,4.925712658,4.759441094,5.132503094,BRMS
UKENSO_SW_TP000025,105,22,15/10/2024,5.355987778,4.942179289,4.768430771,5.164912428,BRMS
UKENSO_SW_TP000025,105,23,22/10/2024,5.462198011,4.991870559,4.822140426,5.22647941,BRMS
UKENSO_SW_TP000025,105,24,29/10/2024,5.854868609,5.023226182,4.858269633,5.246193884,BRMS
UKENSO_SW_TP000025,105,25,05/11/2024,6.247539207,5.02806671,4.864026361,5.229646034,BRMS
UKENSO_SW_TP000025,105,26,12/11/2024,5.788709082,5.016360877,4.851440105,5.218078836,BRMS
UKENSO_SW_TP000025,105,27,19/11/2024,5.329878957,5.010128635,4.845516785,5.2317212,BRMS
UKENSO_SW_TP000025,105,28,26/11/2024,5.43485229,5.007973565,4.851016019,5.229480883,BRMS
UKENSO_SW_TP000025,105,29,03/12/2024,5.539825622,5.023344634,4.839232061,5.240561521,BRMS
UKENSO_SW_TP000025,105,30,10/12/2024,5.600182941,4.991903441,4.822747454,5.226723555,BRMS
UKENSO_SW_TP000025,105,31,17/12/2024,5.66054026,4.962900615,4.778790282,5.163986224,BRMS
UKENSO_SW_TP000025,105,32,24/12/2024,5.512198147,4.95493583,4.768937173,5.163677246,BRMS
UKENSO_SW_TP000025,105,33,31/12/2024,5.144774242,4.840870492,4.646122469,5.053802504,BRMS
UKENSO_SW_TP000025,105,34,07/01/2025,5.144774242,4.725615127,4.544934508,4.954155057,BRMS
UKENSO_SW_TP000025,105,35,14/01/2025,4.925692451,4.657659965,4.487434522,4.901230185,BRMS
UKENSO_SW_TP000025,105,36,21/01/2025,4.66643854,4.642161655,4.447173371,4.891871195,BRMS
UKENSO_SW_TP000025,105,37,28/01/2025,4.66643854,4.725592545,4.5414062,4.984404872,BRMS
UKENSO_SW_TP000025,105,38,04/02/2025,4.770260947,4.847697211,4.671111109,5.11347938,BRMS
UKENSO_SW_TP000025,105,39,11/02/2025,4.874083354,5.015455218,4.839417484,5.263069394,BRMS
UKENSO_SW_TP000025,105,40,18/02/2025,5.080758298,5.146074319,4.975464061,5.362372817,BRMS
UKENSO_SW_TP000025,105,41,25/02/2025,5.287433242,5.242571061,5.063142092,5.448470219,BRMS
UKENSO_SW_TP000025,105,42,04/03/2025,5.389039079,5.281117042,5.092517988,5.499200705,BRMS
UKENSO_SW_TP000025,105,43,11/03/2025,5.490644916,5.252957784,5.067978219,5.458392889,BRMS
UKENSO_SW_TP000025,105,44,18/03/2025,5.413776572,5.207706839,5.009397526,5.423484362,BRMS
UKENSO_SW_TP000025,105,45,25/03/2025,5.336908227,5.14725101,4.921904522,5.371841763,BRMS
UKENSO_SW_TP000026,106,1,21/05/2024,NA,4.298666919,3.939785687,4.681599185,BRMS
UKENSO_SW_TP000026,106,2,28/05/2024,5.379070519,4.377799405,4.015550586,4.757294429,BRMS
UKENSO_SW_TP000026,106,3,04/06/2024,5.379070519,4.479217831,4.107472182,4.854882272,BRMS
UKENSO_SW_TP000026,106,4,11/06/2024,5.271790472,4.621583069,4.262856548,4.991583434,BRMS
UKENSO_SW_TP000026,106,5,18/06/2024,5.164510424,4.768127248,4.419382254,5.139164655,BRMS
UKENSO_SW_TP000026,106,6,25/06/2024,5.324859185,4.884482643,4.535403778,5.262499173,BRMS
UKENSO_SW_TP000026,106,7,02/07/2024,5.485207946,4.95747515,4.613913659,5.318550765,BRMS
UKENSO_SW_TP000026,106,8,09/07/2024,5.000880245,5.058166029,4.684063505,5.422029844,BRMS
UKENSO_SW_TP000026,106,9,16/07/2024,4.516552543,5.024539645,4.683540999,5.400490693,BRMS
UKENSO_SW_TP000026,106,10,23/07/2024,5.27825236,5.148171271,4.81820897,5.507286074,BRMS
UKENSO_SW_TP000026,106,11,30/07/2024,6.039952177,5.275262622,4.928781407,5.631497026,BRMS
UKENSO_SW_TP000026,106,12,06/08/2024,6.094911017,5.341424574,5.001533322,5.693782227,BRMS
UKENSO_SW_TP000026,106,13,13/08/2024,6.149869857,5.376333369,5.037464205,5.735521955,BRMS
UKENSO_SW_TP000026,106,14,20/08/2024,5.647475631,5.39055105,5.049228562,5.752614938,BRMS
UKENSO_SW_TP000026,106,15,27/08/2024,5.145081404,5.412503022,5.081903485,5.777133596,BRMS
UKENSO_SW_TP000026,106,16,03/09/2024,5.537747013,5.39380846,5.045750459,5.743347355,BRMS
UKENSO_SW_TP000026,106,17,10/09/2024,5.930412621,5.356529086,5.028201148,5.703410485,BRMS
UKENSO_SW_TP000026,106,18,17/09/2024,5.504658663,5.290261766,4.963398371,5.637349861,BRMS
UKENSO_SW_TP000026,106,19,24/09/2024,5.078904704,5.176830208,4.854674613,5.520966105,BRMS
UKENSO_SW_TP000026,106,20,01/10/2024,5.610830767,5.089407242,4.774829511,5.453526024,BRMS
UKENSO_SW_TP000026,106,21,08/10/2024,6.14275683,5.029976769,4.714124182,5.394792912,BRMS
UKENSO_SW_TP000026,106,22,15/10/2024,6.113241781,5.025285283,4.713899571,5.39195561,BRMS
UKENSO_SW_TP000026,106,23,22/10/2024,6.083726731,5.059862911,4.749039391,5.423676159,BRMS
UKENSO_SW_TP000026,106,24,29/10/2024,6.075542601,5.098318035,4.787275974,5.450780175,BRMS
UKENSO_SW_TP000026,106,25,05/11/2024,6.06735847,5.121686547,4.813074043,5.473716801,BRMS
UKENSO_SW_TP000026,106,26,12/11/2024,5.693437639,5.13002675,4.818268909,5.486681313,BRMS
UKENSO_SW_TP000026,106,27,19/11/2024,5.319516807,5.126454793,4.823263186,5.502157537,BRMS
UKENSO_SW_TP000026,106,28,26/11/2024,5.486745925,5.105784357,4.785273731,5.47700933,BRMS
UKENSO_SW_TP000026,106,29,03/12/2024,5.653975043,5.110623711,4.778233201,5.485448813,BRMS
UKENSO_SW_TP000026,106,30,10/12/2024,5.755246771,5.096247864,4.779464349,5.472403895,BRMS
UKENSO_SW_TP000026,106,31,17/12/2024,5.856518499,5.09007223,4.761773718,5.452199829,BRMS
UKENSO_SW_TP000026,106,32,24/12/2024,5.456351764,5.101794524,4.776879244,5.479144526,BRMS
UKENSO_SW_TP000026,106,33,31/12/2024,5.056185028,5.035255559,4.688381536,5.396628569,BRMS
UKENSO_SW_TP000026,106,34,07/01/2025,4.852406328,4.931908149,4.593568526,5.28083082,BRMS
UKENSO_SW_TP000026,106,35,14/01/2025,4.648627627,4.838731526,4.510783666,5.191158947,BRMS
UKENSO_SW_TP000026,106,36,21/01/2025,5.089050067,4.798031691,4.448924095,5.160628788,BRMS
UKENSO_SW_TP000026,106,37,28/01/2025,5.529472507,4.871796735,4.523180953,5.22667746,BRMS
UKENSO_SW_TP000026,106,38,04/02/2025,5.374748933,5.004456441,4.660546723,5.359269336,BRMS
UKENSO_SW_TP000026,106,39,11/02/2025,5.220025359,5.18985835,4.84058631,5.550360267,BRMS
UKENSO_SW_TP000026,106,40,18/02/2025,5.319126262,5.32001971,4.980460538,5.674590625,BRMS
UKENSO_SW_TP000026,106,41,25/02/2025,5.418227164,5.420998866,5.072588887,5.789536116,BRMS
UKENSO_SW_TP000026,106,42,04/03/2025,5.562474043,5.452273504,5.083389675,5.827098298,BRMS
UKENSO_SW_TP000026,106,43,11/03/2025,5.706720922,5.418869962,5.042937351,5.800216283,BRMS
UKENSO_SW_TP000026,106,44,18/03/2025,5.288807174,5.377797606,4.987936087,5.760612923,BRMS
UKENSO_SW_TP000026,106,45,25/03/2025,4.870893425,5.326757563,4.92876932,5.71076285,BRMS
UKENSO_SW_TP000028,107,1,21/05/2024,NA,4.176330141,3.772571627,4.648525142,BRMS
UKENSO_SW_TP000028,107,2,28/05/2024,3.825901346,4.257265854,3.859808437,4.732600735,BRMS
UKENSO_SW_TP000028,107,3,04/06/2024,3.825901346,4.360411714,3.942597137,4.819879552,BRMS
UKENSO_SW_TP000028,107,4,11/06/2024,4.414517019,4.503918396,4.10458436,4.972297162,BRMS
UKENSO_SW_TP000028,107,5,18/06/2024,5.003132691,4.649336769,4.260380102,5.108730645,BRMS
UKENSO_SW_TP000028,107,6,25/06/2024,5.225404138,4.764948181,4.381803362,5.222572906,BRMS
UKENSO_SW_TP000028,107,7,02/07/2024,5.447675584,4.836123135,4.456656891,5.287848212,BRMS
UKENSO_SW_TP000028,107,8,09/07/2024,4.868599377,4.934615392,4.528996523,5.399039102,BRMS
UKENSO_SW_TP000028,107,9,16/07/2024,4.289523169,4.898419434,4.512982547,5.370527201,BRMS
UKENSO_SW_TP000028,107,10,23/07/2024,4.826894139,5.018972152,4.640855162,5.474889373,BRMS
UKENSO_SW_TP000028,107,11,30/07/2024,5.364265109,5.14413247,4.754277881,5.596403583,BRMS
UKENSO_SW_TP000028,107,12,06/08/2024,5.551387293,5.206555257,4.82433006,5.657579045,BRMS
UKENSO_SW_TP000028,107,13,13/08/2024,5.738509477,5.240959724,4.858115864,5.698813209,BRMS
UKENSO_SW_TP000028,107,14,20/08/2024,5.541168673,5.25175214,4.869922861,5.711622266,BRMS
UKENSO_SW_TP000028,107,15,27/08/2024,5.343827869,5.269953103,4.893808392,5.728854178,BRMS
UKENSO_SW_TP000028,107,16,03/09/2024,5.437973635,5.247525373,4.866865434,5.696984681,BRMS
UKENSO_SW_TP000028,107,17,10/09/2024,5.5321194,5.205847389,4.842798614,5.655120386,BRMS
UKENSO_SW_TP000028,107,18,17/09/2024,5.37906895,5.137030943,4.774767018,5.579223457,BRMS
UKENSO_SW_TP000028,107,19,24/09/2024,5.2260185,5.017414236,4.666017093,5.468020306,BRMS
UKENSO_SW_TP000028,107,20,01/10/2024,5.630072338,4.926970582,4.576085834,5.387411374,BRMS
UKENSO_SW_TP000028,107,21,08/10/2024,6.034126175,4.865967065,4.522782627,5.330635752,BRMS
UKENSO_SW_TP000028,107,22,15/10/2024,5.5007919,4.85909129,4.510465132,5.329976288,BRMS
UKENSO_SW_TP000028,107,23,22/10/2024,4.967457625,4.892023212,4.542887575,5.3629091,BRMS
UKENSO_SW_TP000028,107,24,29/10/2024,5.702427321,4.928815413,4.585732156,5.378839216,BRMS
UKENSO_SW_TP000028,107,25,05/11/2024,6.437397017,4.951524211,4.606144276,5.386965355,BRMS
UKENSO_SW_TP000028,107,26,12/11/2024,6.030553468,4.960020767,4.604517886,5.396099668,BRMS
UKENSO_SW_TP000028,107,27,19/11/2024,5.623709919,4.954440349,4.599553453,5.388707205,BRMS
UKENSO_SW_TP000028,107,28,26/11/2024,5.524694845,4.933149223,4.567078566,5.380408753,BRMS
UKENSO_SW_TP000028,107,29,03/12/2024,5.42567977,4.936716584,4.559263817,5.382592051,BRMS
UKENSO_SW_TP000028,107,30,10/12/2024,5.573278864,4.921828136,4.559061622,5.375001951,BRMS
UKENSO_SW_TP000028,107,31,17/12/2024,5.720877958,4.917289071,4.546460367,5.347351269,BRMS
UKENSO_SW_TP000028,107,32,24/12/2024,5.575997936,4.926563768,4.555596634,5.382602756,BRMS
UKENSO_SW_TP000028,107,33,31/12/2024,5.431117913,4.855842833,4.475956201,5.275490471,BRMS
UKENSO_SW_TP000028,107,34,07/01/2025,4.485607746,4.749765462,4.377729095,5.15287668,BRMS
UKENSO_SW_TP000028,107,35,14/01/2025,3.540097578,4.652550445,4.290996519,5.069134801,BRMS
UKENSO_SW_TP000028,107,36,21/01/2025,4.552335807,4.607936636,4.222396779,5.056978248,BRMS
UKENSO_SW_TP000028,107,37,28/01/2025,5.564574036,4.678757372,4.302020093,5.108833576,BRMS
UKENSO_SW_TP000028,107,38,04/02/2025,5.833013244,4.813020647,4.437656419,5.243939322,BRMS
UKENSO_SW_TP000028,107,39,11/02/2025,6.101452451,4.996109318,4.622564018,5.435904326,BRMS
UKENSO_SW_TP000028,107,40,18/02/2025,5.501272849,5.12370944,4.755923875,5.556267359,BRMS
UKENSO_SW_TP000028,107,41,25/02/2025,4.901093247,5.221949196,4.839380534,5.680080695,BRMS
UKENSO_SW_TP000028,107,42,04/03/2025,5.415857635,5.249697992,4.845836657,5.724862987,BRMS
UKENSO_SW_TP000028,107,43,11/03/2025,5.930622022,5.213971376,4.800750187,5.693181471,BRMS
UKENSO_SW_TP000028,107,44,18/03/2025,5.552003413,5.169604429,4.741405307,5.662050192,BRMS
UKENSO_SW_TP000028,107,45,25/03/2025,5.173384804,5.116608476,4.676197199,5.610012439,BRMS
UKENSO_SW_TP000030,108,1,21/05/2024,NA,4.10350516,3.856902581,4.355949295,BRMS
UKENSO_SW_TP000030,108,2,28/05/2024,5.229394425,4.180763526,3.986062033,4.384882004,BRMS
UKENSO_SW_TP000030,108,3,04/06/2024,4.985380775,4.262138708,4.077120255,4.45135887,BRMS
UKENSO_SW_TP000030,108,4,11/06/2024,4.985380775,4.408932297,4.230123638,4.585510181,BRMS
UKENSO_SW_TP000030,108,5,18/06/2024,4.741367124,4.565632247,4.394136303,4.733627834,BRMS
UKENSO_SW_TP000030,108,6,25/06/2024,5.376508119,4.691145439,4.522936248,4.853896058,BRMS
UKENSO_SW_TP000030,108,7,02/07/2024,5.376508119,4.771778439,4.598194484,4.93366031,BRMS
UKENSO_SW_TP000030,108,8,09/07/2024,5.494691189,4.852146459,4.679045502,5.021910499,BRMS
UKENSO_SW_TP000030,108,9,16/07/2024,5.612874258,4.795926669,4.617065762,4.977213332,BRMS
UKENSO_SW_TP000030,108,10,23/07/2024,5.746162927,4.925543965,4.745988413,5.088204218,BRMS
UKENSO_SW_TP000030,108,11,30/07/2024,5.879451596,5.047186167,4.868191631,5.213289463,BRMS
UKENSO_SW_TP000030,108,12,06/08/2024,5.868998862,5.119932077,4.938963267,5.297718818,BRMS
UKENSO_SW_TP000030,108,13,13/08/2024,5.858546127,5.161417102,4.984724342,5.337911205,BRMS
UKENSO_SW_TP000030,108,14,20/08/2024,5.714876171,5.195495098,5.034658337,5.362835611,BRMS
UKENSO_SW_TP000030,108,15,27/08/2024,5.571206214,5.247805804,5.085848286,5.407173003,BRMS
UKENSO_SW_TP000030,108,16,03/09/2024,4.865563913,5.25620231,5.094437863,5.417282363,BRMS
UKENSO_SW_TP000030,108,17,10/09/2024,4.159921612,5.255061735,5.090656705,5.418555037,BRMS
UKENSO_SW_TP000030,108,18,17/09/2024,4.62030303,5.201765801,5.04129971,5.371941299,BRMS
UKENSO_SW_TP000030,108,19,24/09/2024,5.080684447,5.105596904,4.945022359,5.26607948,BRMS
UKENSO_SW_TP000030,108,20,01/10/2024,5.689256499,5.02531846,4.861804351,5.190387347,BRMS
UKENSO_SW_TP000030,108,21,08/10/2024,6.29782855,4.982256174,4.817159886,5.146723253,BRMS
UKENSO_SW_TP000030,108,22,15/10/2024,5.860540386,4.99945522,4.830705747,5.172614342,BRMS
UKENSO_SW_TP000030,108,23,22/10/2024,5.423252221,5.054751201,4.90215569,5.22902527,BRMS
UKENSO_SW_TP000030,108,24,29/10/2024,5.387252224,5.086093625,4.925050218,5.266949745,BRMS
UKENSO_SW_TP000030,108,25,05/11/2024,5.351252226,5.092539709,4.92688116,5.277271154,BRMS
UKENSO_SW_TP000030,108,26,12/11/2024,5.498142445,5.086253118,4.91978041,5.263718631,BRMS
UKENSO_SW_TP000030,108,27,19/11/2024,5.645032664,5.085070534,4.918608833,5.256391657,BRMS
UKENSO_SW_TP000030,108,28,26/11/2024,5.650456631,5.083629621,4.924180208,5.242793674,BRMS
UKENSO_SW_TP000030,108,29,03/12/2024,5.655880598,5.104589396,4.935142454,5.264958135,BRMS
UKENSO_SW_TP000030,108,30,10/12/2024,5.523003794,5.07548789,4.901487884,5.24464906,BRMS
UKENSO_SW_TP000030,108,31,17/12/2024,5.39012699,5.053052603,4.879800152,5.214927914,BRMS
UKENSO_SW_TP000030,108,32,24/12/2024,5.230567538,5.058409846,4.88387816,5.213633285,BRMS
UKENSO_SW_TP000030,108,33,31/12/2024,5.549705213,4.942229684,4.775642818,5.104301657,BRMS
UKENSO_SW_TP000030,108,34,07/01/2025,5.549705213,4.824208464,4.664420939,4.99622574,BRMS
UKENSO_SW_TP000030,108,35,14/01/2025,6.028402341,4.759436119,4.591906363,4.924430631,BRMS
UKENSO_SW_TP000030,108,36,21/01/2025,5.297862681,4.746316832,4.559407703,4.923641984,BRMS
UKENSO_SW_TP000030,108,37,28/01/2025,5.297862681,4.830969969,4.642167464,5.005693273,BRMS
UKENSO_SW_TP000030,108,38,04/02/2025,5.587654637,4.954655837,4.768947838,5.132123516,BRMS
UKENSO_SW_TP000030,108,39,11/02/2025,5.877446593,5.126797917,4.959545794,5.30182612,BRMS
UKENSO_SW_TP000030,108,40,18/02/2025,6.095798926,5.257404111,5.090552989,5.424934302,BRMS
UKENSO_SW_TP000030,108,41,25/02/2025,6.314151259,5.356733999,5.184972752,5.524091821,BRMS
UKENSO_SW_TP000030,108,42,04/03/2025,6.243237705,5.399163943,5.20911781,5.582664623,BRMS
UKENSO_SW_TP000030,108,43,11/03/2025,6.17232415,5.374934014,5.166706134,5.560893387,BRMS
UKENSO_SW_TP000030,108,44,18/03/2025,6.015488242,5.330710092,5.123550821,5.519687378,BRMS
UKENSO_SW_TP000030,108,45,25/03/2025,5.858652333,5.270402984,5.059137588,5.473113837,BRMS
UKENSO_SW_TP000033,109,1,21/05/2024,NA,3.921614745,3.511850762,4.396756202,BRMS
UKENSO_SW_TP000033,109,2,28/05/2024,3.951674737,4.003223894,3.595865119,4.487151119,BRMS
UKENSO_SW_TP000033,109,3,04/06/2024,3.951674737,4.104434315,3.676578266,4.572659497,BRMS
UKENSO_SW_TP000033,109,4,11/06/2024,4.82500337,4.2467981,3.845886241,4.717979995,BRMS
UKENSO_SW_TP000033,109,5,18/06/2024,5.698332003,4.390531636,3.9971387,4.857580064,BRMS
UKENSO_SW_TP000033,109,6,25/06/2024,5.739773304,4.506333648,4.117784028,4.973096623,BRMS
UKENSO_SW_TP000033,109,7,02/07/2024,5.781214605,4.580221566,4.194757807,5.047455699,BRMS
UKENSO_SW_TP000033,109,8,09/07/2024,5.045753589,4.675209738,4.25474869,5.142949934,BRMS
UKENSO_SW_TP000033,109,9,16/07/2024,4.310292572,4.638257829,4.245664298,5.101747782,BRMS
UKENSO_SW_TP000033,109,10,23/07/2024,4.484682111,4.757440153,4.375332934,5.215365682,BRMS
UKENSO_SW_TP000033,109,11,30/07/2024,4.659071649,4.886024173,4.487075597,5.340090398,BRMS
UKENSO_SW_TP000033,109,12,06/08/2024,5.342995291,4.949749086,4.555706525,5.407727847,BRMS
UKENSO_SW_TP000033,109,13,13/08/2024,6.026918932,4.986414446,4.602201005,5.451386298,BRMS
UKENSO_SW_TP000033,109,14,20/08/2024,5.549324603,5.000124894,4.616523463,5.475975939,BRMS
UKENSO_SW_TP000033,109,15,27/08/2024,5.071730273,5.01847384,4.640314148,5.493141191,BRMS
UKENSO_SW_TP000033,109,16,03/09/2024,5.452731136,4.999272815,4.599886299,5.447224613,BRMS
UKENSO_SW_TP000033,109,17,10/09/2024,5.833731998,4.959563915,4.5783098,5.408459966,BRMS
UKENSO_SW_TP000033,109,18,17/09/2024,5.467715643,4.891220692,4.510690471,5.339701481,BRMS
UKENSO_SW_TP000033,109,19,24/09/2024,5.101699288,4.772085448,4.391139092,5.22561263,BRMS
UKENSO_SW_TP000033,109,20,01/10/2024,5.336948167,4.686445999,4.310797316,5.153081785,BRMS
UKENSO_SW_TP000033,109,21,08/10/2024,5.572197045,4.624159783,4.249040963,5.09626903,BRMS
UKENSO_SW_TP000033,109,22,15/10/2024,5.705439215,4.616498667,4.258126157,5.08737799,BRMS
UKENSO_SW_TP000033,109,23,22/10/2024,5.838681384,4.648787334,4.279882057,5.119273601,BRMS
UKENSO_SW_TP000033,109,24,29/10/2024,5.508679014,4.684803048,4.316327064,5.144033204,BRMS
UKENSO_SW_TP000033,109,25,05/11/2024,5.178676644,4.707271413,4.331388736,5.153525457,BRMS
UKENSO_SW_TP000033,109,26,12/11/2024,5.203522301,4.713740076,4.333126207,5.170490898,BRMS
UKENSO_SW_TP000033,109,27,19/11/2024,5.228367958,4.707815633,4.334675302,5.168369776,BRMS
UKENSO_SW_TP000033,109,28,26/11/2024,5.299826091,4.68639273,4.301758825,5.146303417,BRMS
UKENSO_SW_TP000033,109,29,03/12/2024,5.371284224,4.691690092,4.309571575,5.150906257,BRMS
UKENSO_SW_TP000033,109,30,10/12/2024,5.490111575,4.676598965,4.305881372,5.142145336,BRMS
UKENSO_SW_TP000033,109,31,17/12/2024,5.608938926,4.67496713,4.297600174,5.127460261,BRMS
UKENSO_SW_TP000033,109,32,24/12/2024,5.240651649,4.682643224,4.310126978,5.142937649,BRMS
UKENSO_SW_TP000033,109,33,31/12/2024,4.872364371,4.615970334,4.220302956,5.052477165,BRMS
UKENSO_SW_TP000033,109,34,07/01/2025,4.752486643,4.511777945,4.126775599,4.925868165,BRMS
UKENSO_SW_TP000033,109,35,14/01/2025,4.632608915,4.418365945,4.03740064,4.842237754,BRMS
UKENSO_SW_TP000033,109,36,21/01/2025,5.026068406,4.376983377,3.981572738,4.82023272,BRMS
UKENSO_SW_TP000033,109,37,28/01/2025,5.419527896,4.451028398,4.05823271,4.887505451,BRMS
UKENSO_SW_TP000033,109,38,04/02/2025,5.320747836,4.584545804,4.195854695,5.021576708,BRMS
UKENSO_SW_TP000033,109,39,11/02/2025,5.221967775,4.7675801,4.376575646,5.209385068,BRMS
UKENSO_SW_TP000033,109,40,18/02/2025,5.728056754,4.896222876,4.518412661,5.336453115,BRMS
UKENSO_SW_TP000033,109,41,25/02/2025,6.234145733,4.99872029,4.612626154,5.451364505,BRMS
UKENSO_SW_TP000033,109,42,04/03/2025,6.039819531,5.027033829,4.634367417,5.499903461,BRMS
UKENSO_SW_TP000033,109,43,11/03/2025,5.845493328,4.991483546,4.578865604,5.473856951,BRMS
UKENSO_SW_TP000033,109,44,18/03/2025,5.300519858,4.952387846,4.520224499,5.44317124,BRMS
UKENSO_SW_TP000033,109,45,25/03/2025,4.755546388,4.902533862,4.470533768,5.404721871,BRMS
UKENSO_SW_TP000083,110,1,21/05/2024,3.520087358,3.972298691,3.698952778,4.255326803,BRMS
UKENSO_SW_TP000083,110,2,28/05/2024,3.520087358,4.015118431,3.767350983,4.267715771,BRMS
UKENSO_SW_TP000083,110,3,04/06/2024,4.241306842,4.095764166,3.861092085,4.335732628,BRMS
UKENSO_SW_TP000083,110,4,11/06/2024,4.962526326,4.249379141,4.027323758,4.480697694,BRMS
UKENSO_SW_TP000083,110,5,18/06/2024,4.943517913,4.40562685,4.184642733,4.6288366,BRMS
UKENSO_SW_TP000083,110,6,25/06/2024,4.924509499,4.534020865,4.309209129,4.751292103,BRMS
UKENSO_SW_TP000083,110,7,02/07/2024,4.722830942,4.630248766,4.403873208,4.850394952,BRMS
UKENSO_SW_TP000083,110,8,09/07/2024,4.521152384,4.719642706,4.490786936,4.954072013,BRMS
UKENSO_SW_TP000083,110,9,16/07/2024,5.168828428,4.672788215,4.442682097,4.902862721,BRMS
UKENSO_SW_TP000083,110,10,23/07/2024,5.816504472,4.81258964,4.590368866,5.036893076,BRMS
UKENSO_SW_TP000083,110,11,30/07/2024,5.846747184,4.911992654,4.684629368,5.140224618,BRMS
UKENSO_SW_TP000083,110,12,06/08/2024,5.876989895,4.962087809,4.732961488,5.198063039,BRMS
UKENSO_SW_TP000083,110,13,13/08/2024,5.812460924,4.9737065,4.746366838,5.201667109,BRMS
UKENSO_SW_TP000083,110,14,20/08/2024,5.747931953,4.959095184,4.732541832,5.182047089,BRMS
UKENSO_SW_TP000083,110,15,27/08/2024,5.698859935,4.965942873,4.7348208,5.192152982,BRMS
UKENSO_SW_TP000083,110,16,03/09/2024,5.649787917,4.932151689,4.69887985,5.146084057,BRMS
UKENSO_SW_TP000083,110,17,10/09/2024,5.543876469,4.933218827,4.698335861,5.144580056,BRMS
UKENSO_SW_TP000083,110,18,17/09/2024,5.43796502,4.887464545,4.659818356,5.101689062,BRMS
UKENSO_SW_TP000083,110,19,24/09/2024,5.409472516,4.808908156,4.597246641,5.021065791,BRMS
UKENSO_SW_TP000083,110,20,01/10/2024,5.380980011,4.736186798,4.533439808,4.952520482,BRMS
UKENSO_SW_TP000083,110,21,08/10/2024,5.1122583,4.688599904,4.47500001,4.902709653,BRMS
UKENSO_SW_TP000083,110,22,15/10/2024,4.843536588,4.705836692,4.491915191,4.929574304,BRMS
UKENSO_SW_TP000083,110,23,22/10/2024,4.582711779,4.752174932,4.542392868,4.980800676,BRMS
UKENSO_SW_TP000083,110,24,29/10/2024,4.321886969,4.798906955,4.594390809,5.01873434,BRMS
UKENSO_SW_TP000083,110,25,05/11/2024,4.713321041,4.810321359,4.601470961,5.023558205,BRMS
UKENSO_SW_TP000083,110,26,12/11/2024,5.104755112,4.786591936,4.55436904,5.004420202,BRMS
UKENSO_SW_TP000083,110,27,19/11/2024,5.581108599,4.75681119,4.514225042,4.985337752,BRMS
UKENSO_SW_TP000083,110,28,26/11/2024,6.057462086,4.707905469,4.468994448,4.940088142,BRMS
UKENSO_SW_TP000083,110,29,03/12/2024,5.908223399,4.721799032,4.460459826,4.965540639,BRMS
UKENSO_SW_TP000083,110,30,10/12/2024,5.758984712,4.678835733,4.447327354,4.911202132,BRMS
UKENSO_SW_TP000083,110,31,17/12/2024,5.758984712,4.675876968,4.460149626,4.893694067,BRMS
UKENSO_SW_TP000083,110,32,24/12/2024,4.948222774,4.703367727,4.454858106,4.933132707,BRMS
UKENSO_SW_TP000083,110,33,31/12/2024,5.152021314,4.649852239,4.415129958,4.861952726,BRMS
UKENSO_SW_TP000083,110,34,07/01/2025,5.152021314,4.572219035,4.336993655,4.774787897,BRMS
UKENSO_SW_TP000083,110,35,14/01/2025,5.431440886,4.496902164,4.247522575,4.701457985,BRMS
UKENSO_SW_TP000083,110,36,21/01/2025,5.507061918,4.477699267,4.238327146,4.695655933,BRMS
UKENSO_SW_TP000083,110,37,28/01/2025,4.674478717,4.588172581,4.350346794,4.822215443,BRMS
UKENSO_SW_TP000083,110,38,04/02/2025,3.841895515,4.786537286,4.565699422,5.00404443,BRMS
UKENSO_SW_TP000083,110,39,11/02/2025,4.729853816,5.010374224,4.791260102,5.23932259,BRMS
UKENSO_SW_TP000083,110,40,18/02/2025,5.617812117,5.16611616,4.937891561,5.393154634,BRMS
UKENSO_SW_TP000083,110,41,25/02/2025,5.516603587,5.258822924,5.033152852,5.485059665,BRMS
UKENSO_SW_TP000083,110,42,04/03/2025,5.415395056,5.293596328,5.073324689,5.518859584,BRMS
UKENSO_SW_TP000083,110,43,11/03/2025,5.408806975,5.250271437,5.031275761,5.483179541,BRMS
UKENSO_SW_TP000083,110,44,18/03/2025,5.402218894,5.201666552,4.977298075,5.436303802,BRMS
UKENSO_SW_TP000083,110,45,25/03/2025,5.402218894,5.145887695,4.906452802,5.391877324,BRMS
UKENSO_SW_TP000090,111,1,21/05/2024,NA,4.500434962,4.174602779,4.863617285,BRMS
UKENSO_SW_TP000090,111,2,28/05/2024,3.385897225,4.551817024,4.26735767,4.881995011,BRMS
UKENSO_SW_TP000090,111,3,04/06/2024,3.385897225,4.647669857,4.368926272,4.950718823,BRMS
UKENSO_SW_TP000090,111,4,11/06/2024,3.965699974,4.788193888,4.515719406,5.074873881,BRMS
UKENSO_SW_TP000090,111,5,18/06/2024,4.545502723,4.940776013,4.670737305,5.215181005,BRMS
UKENSO_SW_TP000090,111,6,25/06/2024,4.786290636,5.072209683,4.814832113,5.329809774,BRMS
UKENSO_SW_TP000090,111,7,02/07/2024,5.027078549,5.166107637,4.916677401,5.40643975,BRMS
UKENSO_SW_TP000090,111,8,09/07/2024,4.896450333,5.269050599,5.036623292,5.48751237,BRMS
UKENSO_SW_TP000090,111,9,16/07/2024,4.765822116,5.228982272,4.999825341,5.451513459,BRMS
UKENSO_SW_TP000090,111,10,23/07/2024,4.891096789,5.366910644,5.159681988,5.564848713,BRMS
UKENSO_SW_TP000090,111,11,30/07/2024,5.016371462,5.489593845,5.276007475,5.696301542,BRMS
UKENSO_SW_TP000090,111,12,06/08/2024,5.263806559,5.5684191,5.344058446,5.77301273,BRMS
UKENSO_SW_TP000090,111,13,13/08/2024,5.511241655,5.611348763,5.387756147,5.817649387,BRMS
UKENSO_SW_TP000090,111,14,20/08/2024,5.040293064,5.629494504,5.415963271,5.834686896,BRMS
UKENSO_SW_TP000090,111,15,27/08/2024,4.569344473,5.649103053,5.443414245,5.8482262,BRMS
UKENSO_SW_TP000090,111,16,03/09/2024,4.863967786,5.64514403,5.419077974,5.850019864,BRMS
UKENSO_SW_TP000090,111,17,10/09/2024,5.158591098,5.622171246,5.398638132,5.827612724,BRMS
UKENSO_SW_TP000090,111,18,17/09/2024,4.794499066,5.55387755,5.33766189,5.754586571,BRMS
UKENSO_SW_TP000090,111,19,24/09/2024,4.430407033,5.442062816,5.23483012,5.645525006,BRMS
UKENSO_SW_TP000090,111,20,01/10/2024,5.015377229,5.3476397,5.153436279,5.536137309,BRMS
UKENSO_SW_TP000090,111,21,08/10/2024,5.600347425,5.282041582,5.079183038,5.479658749,BRMS
UKENSO_SW_TP000090,111,22,15/10/2024,4.777439312,5.277100673,5.077694378,5.493910767,BRMS
UKENSO_SW_TP000090,111,23,22/10/2024,3.954531199,5.310551408,5.104732453,5.540773772,BRMS
UKENSO_SW_TP000090,111,24,29/10/2024,4.418901646,5.358550586,5.153325575,5.581110014,BRMS
UKENSO_SW_TP000090,111,25,05/11/2024,4.883272093,5.380453272,5.167119972,5.594254705,BRMS
UKENSO_SW_TP000090,111,26,12/11/2024,4.528314413,5.373170673,5.162677147,5.578470628,BRMS
UKENSO_SW_TP000090,111,27,19/11/2024,4.173356733,5.353386367,5.14451967,5.569898575,BRMS
UKENSO_SW_TP000090,111,28,26/11/2024,4.272751143,5.324020528,5.106162114,5.560252786,BRMS
UKENSO_SW_TP000090,111,29,03/12/2024,4.372145553,5.339320975,5.090727091,5.590290674,BRMS
UKENSO_SW_TP000090,111,30,10/12/2024,4.96209325,5.270409308,5.050615272,5.512479367,BRMS
UKENSO_SW_TP000090,111,31,17/12/2024,5.552040946,5.241419124,5.00265061,5.481910386,BRMS
UKENSO_SW_TP000090,111,32,24/12/2024,5.39522746,5.198516228,4.976223582,5.454747805,BRMS
UKENSO_SW_TP000090,111,33,31/12/2024,5.238413973,5.104353585,4.882922777,5.34078353,BRMS
UKENSO_SW_TP000090,111,34,07/01/2025,5.786568114,4.976607591,4.76800526,5.191575559,BRMS
UKENSO_SW_TP000090,111,35,14/01/2025,6.334722255,4.863718234,4.665407524,5.07954508,BRMS
UKENSO_SW_TP000090,111,36,21/01/2025,5.62699927,4.817522376,4.616246096,5.035356815,BRMS
UKENSO_SW_TP000090,111,37,28/01/2025,4.919276284,4.896186453,4.692419984,5.103611381,BRMS
UKENSO_SW_TP000090,111,38,04/02/2025,4.50512717,5.01499937,4.816107025,5.218755055,BRMS
UKENSO_SW_TP000090,111,39,11/02/2025,4.090978056,5.176566061,4.972655094,5.385584113,BRMS
UKENSO_SW_TP000090,111,40,18/02/2025,4.624776434,5.301267211,5.102404277,5.508604736,BRMS
UKENSO_SW_TP000090,111,41,25/02/2025,5.158574811,5.398891656,5.204692674,5.602020623,BRMS
UKENSO_SW_TP000090,111,42,04/03/2025,5.436602808,5.446967791,5.238050471,5.652080373,BRMS
UKENSO_SW_TP000090,111,43,11/03/2025,5.714630804,5.435644378,5.208954421,5.654893248,BRMS
UKENSO_SW_TP000090,111,44,18/03/2025,5.460296204,5.410579406,5.167011065,5.649400102,BRMS
UKENSO_SW_TP000090,111,45,25/03/2025,5.205961604,5.370304099,5.102863507,5.655804179,BRMS
UKENSO_SW_TP000091,112,1,21/05/2024,5.076883779,4.517798805,4.22473092,4.927735199,BRMS
UKENSO_SW_TP000091,112,2,28/05/2024,5.076883779,4.601204028,4.322246189,5.020631709,BRMS
UKENSO_SW_TP000091,112,3,04/06/2024,4.97046961,4.712278404,4.438910313,5.123916242,BRMS
UKENSO_SW_TP000091,112,4,11/06/2024,4.864055441,4.874829248,4.613466183,5.276000829,BRMS
UKENSO_SW_TP000091,112,5,18/06/2024,4.958832358,5.052421047,4.804764891,5.448214462,BRMS
UKENSO_SW_TP000091,112,6,25/06/2024,5.053609274,5.195792348,4.948091973,5.585397828,BRMS
UKENSO_SW_TP000091,112,7,02/07/2024,5.149493992,5.283513494,5.034452477,5.691673732,BRMS
UKENSO_SW_TP000091,112,8,09/07/2024,5.245378709,5.387801039,5.143028249,5.777090692,BRMS
UKENSO_SW_TP000091,112,9,16/07/2024,5.219510509,5.35861868,5.099594226,5.731655911,BRMS
UKENSO_SW_TP000091,112,10,23/07/2024,5.193642309,5.522553676,5.277842048,5.892731765,BRMS
UKENSO_SW_TP000091,112,11,30/07/2024,5.282192846,5.682480707,5.444681181,6.0353234,BRMS
UKENSO_SW_TP000091,112,12,06/08/2024,5.370743382,5.78235679,5.545095295,6.135899627,BRMS
UKENSO_SW_TP000091,112,13,13/08/2024,5.548545362,5.826935976,5.5910277,6.177561754,BRMS
UKENSO_SW_TP000091,112,14,20/08/2024,5.726347341,5.837102047,5.604898629,6.186280832,BRMS
UKENSO_SW_TP000091,112,15,27/08/2024,5.661875149,5.86225439,5.624966551,6.211498287,BRMS
UKENSO_SW_TP000091,112,16,03/09/2024,5.597402956,5.867866223,5.622901902,6.202265392,BRMS
UKENSO_SW_TP000091,112,17,10/09/2024,5.473392752,5.866678797,5.617777331,6.217437768,BRMS
UKENSO_SW_TP000091,112,18,17/09/2024,5.349382548,5.832996161,5.575315333,6.174205317,BRMS
UKENSO_SW_TP000091,112,19,24/09/2024,5.538281791,5.750158689,5.486685279,6.098203768,BRMS
UKENSO_SW_TP000091,112,20,01/10/2024,5.727181033,5.695782716,5.430276419,6.050164056,BRMS
UKENSO_SW_TP000091,112,21,08/10/2024,5.006837498,5.670380938,5.405789122,6.019579708,BRMS
UKENSO_SW_TP000091,112,22,15/10/2024,4.286493962,5.695469747,5.43310054,6.049212883,BRMS
UKENSO_SW_TP000091,112,23,22/10/2024,4.785571814,5.740128387,5.474182461,6.105532921,BRMS
UKENSO_SW_TP000091,112,24,29/10/2024,5.284649666,5.771178155,5.496286445,6.12663952,BRMS
UKENSO_SW_TP000091,112,25,05/11/2024,5.316758616,5.778749368,5.499626367,6.141206305,BRMS
UKENSO_SW_TP000091,112,26,12/11/2024,5.348867565,5.778218152,5.498213018,6.135455376,BRMS
UKENSO_SW_TP000091,112,27,19/11/2024,5.493604693,5.770407245,5.493266597,6.127660055,BRMS
UKENSO_SW_TP000091,112,28,26/11/2024,5.638341821,5.749540796,5.479401733,6.125596504,BRMS
UKENSO_SW_TP000091,112,29,03/12/2024,5.3076599,5.757636812,5.502185328,6.117193288,BRMS
UKENSO_SW_TP000091,112,30,10/12/2024,4.976977978,5.712402308,5.43646563,6.087859888,BRMS
UKENSO_SW_TP000091,112,31,17/12/2024,4.976977978,5.692920561,5.446235052,6.060729444,BRMS
UKENSO_SW_TP000091,112,32,24/12/2024,5.005597167,5.685085109,5.444049721,6.065353097,BRMS
UKENSO_SW_TP000091,112,33,31/12/2024,5.23063038,5.587754113,5.354472297,5.944788298,BRMS
UKENSO_SW_TP000091,112,34,07/01/2025,5.23063038,5.460190994,5.224227768,5.827549253,BRMS
UKENSO_SW_TP000091,112,35,14/01/2025,5.102020256,5.356009896,5.113548661,5.75104536,BRMS
UKENSO_SW_TP000091,112,36,21/01/2025,4.748376919,5.311327656,5.070388797,5.705004138,BRMS
UKENSO_SW_TP000091,112,37,28/01/2025,5.305924146,5.38163364,5.130546572,5.776080974,BRMS
UKENSO_SW_TP000091,112,38,04/02/2025,5.863471372,5.495472692,5.269204218,5.878257791,BRMS
UKENSO_SW_TP000091,112,39,11/02/2025,5.71232598,5.667190602,5.433737653,6.046337071,BRMS
UKENSO_SW_TP000091,112,40,18/02/2025,5.561180587,5.792141275,5.537367486,6.185738721,BRMS
UKENSO_SW_TP000091,112,41,25/02/2025,5.378670039,5.892614412,5.623480904,6.282442943,BRMS
UKENSO_SW_TP000091,112,42,04/03/2025,5.19615949,5.933463031,5.658936756,6.325793554,BRMS
UKENSO_SW_TP000091,112,43,11/03/2025,5.411155788,5.904643323,5.625069423,6.29793973,BRMS
UKENSO_SW_TP000091,112,44,18/03/2025,5.626152086,5.845654576,5.561193975,6.239716783,BRMS
UKENSO_SW_TP000091,112,45,25/03/2025,5.626152086,5.768730684,5.462571731,6.200893005,BRMS
UKENSW_SWS_TP000002,113,1,21/05/2024,NA,4.117479665,3.629795895,4.604396289,BRMS
UKENSW_SWS_TP000002,113,2,28/05/2024,4.396748123,4.178045392,3.738231835,4.6449186,BRMS
UKENSW_SWS_TP000002,113,3,04/06/2024,4.396748123,4.251255725,3.820669037,4.707475303,BRMS
UKENSW_SWS_TP000002,113,4,11/06/2024,4.651652027,4.393309697,3.969384422,4.870795699,BRMS
UKENSW_SWS_TP000002,113,5,18/06/2024,4.906555931,4.548396374,4.123836044,5.048777148,BRMS
UKENSW_SWS_TP000002,113,6,25/06/2024,5.178865693,4.680038295,4.262258052,5.176737841,BRMS
UKENSW_SWS_TP000002,113,7,02/07/2024,5.451175455,4.779120923,4.364477304,5.258537716,BRMS
UKENSW_SWS_TP000002,113,8,09/07/2024,5.529361697,4.882053289,4.454230486,5.388807252,BRMS
UKENSW_SWS_TP000002,113,9,16/07/2024,5.607547939,4.853930753,4.435013978,5.333895185,BRMS
UKENSW_SWS_TP000002,113,10,23/07/2024,5.759415266,5.021008565,4.5777954,5.523873088,BRMS
UKENSW_SWS_TP000002,113,11,30/07/2024,5.911282592,5.163515982,4.72261204,5.664224406,BRMS
UKENSW_SWS_TP000002,113,12,06/08/2024,5.714535216,5.248002958,4.816682553,5.730983811,BRMS
UKENSW_SWS_TP000002,113,13,13/08/2024,5.517787839,5.285799012,4.842844279,5.749248622,BRMS
UKENSW_SWS_TP000002,113,14,20/08/2024,5.294334725,5.311472199,4.85951309,5.773196485,BRMS
UKENSW_SWS_TP000002,113,15,27/08/2024,5.070881611,5.361615465,4.917355051,5.81815221,BRMS
UKENSW_SWS_TP000002,113,16,03/09/2024,5.492985013,5.377211306,4.934762334,5.820339928,BRMS
UKENSW_SWS_TP000002,113,17,10/09/2024,5.915088414,5.391494216,4.969983203,5.815696729,BRMS
UKENSW_SWS_TP000002,113,18,17/09/2024,5.923478298,5.354050129,4.918812033,5.773517517,BRMS
UKENSW_SWS_TP000002,113,19,24/09/2024,5.931868181,5.269447089,4.821908962,5.683404412,BRMS
UKENSW_SWS_TP000002,113,20,01/10/2024,5.86306607,5.215852701,4.758060273,5.63746475,BRMS
UKENSW_SWS_TP000002,113,21,08/10/2024,5.794263958,5.189859495,4.749111896,5.617465051,BRMS
UKENSW_SWS_TP000002,113,22,15/10/2024,5.902637137,5.235719617,4.806395604,5.668153624,BRMS
UKENSW_SWS_TP000002,113,23,22/10/2024,6.011010316,5.317111039,4.8840489,5.74784068,BRMS
UKENSW_SWS_TP000002,113,24,29/10/2024,6.159142647,5.371034062,4.921864167,5.794305481,BRMS
UKENSW_SWS_TP000002,113,25,05/11/2024,6.307274977,5.398128796,4.940371347,5.838894763,BRMS
UKENSW_SWS_TP000002,113,26,12/11/2024,5.911346112,5.413572739,4.953981918,5.868354797,BRMS
UKENSW_SWS_TP000002,113,27,19/11/2024,5.515417246,5.412092857,4.95901545,5.892540338,BRMS
UKENSW_SWS_TP000002,113,28,26/11/2024,5.703843897,5.412247254,4.954415352,5.912758463,BRMS
UKENSW_SWS_TP000002,113,29,03/12/2024,5.892270547,5.427113787,4.986962772,5.925182762,BRMS
UKENSW_SWS_TP000002,113,30,10/12/2024,6.295457868,5.378520424,4.925110036,5.848132004,BRMS
UKENSW_SWS_TP000002,113,31,17/12/2024,6.698645188,5.348409135,4.914823518,5.796761625,BRMS
UKENSW_SWS_TP000002,113,32,24/12/2024,6.701094106,5.309872116,4.862222489,5.78570997,BRMS
UKENSW_SWS_TP000002,113,33,31/12/2024,6.703543024,5.174704586,4.725607409,5.616530335,BRMS
UKENSW_SWS_TP000002,113,34,07/01/2025,5.884752995,5.027374633,4.567225933,5.452746069,BRMS
UKENSW_SWS_TP000002,113,35,14/01/2025,5.065962965,4.916303798,4.471910906,5.354524102,BRMS
UKENSW_SWS_TP000002,113,36,21/01/2025,5.087096534,4.850683458,4.431060844,5.320078043,BRMS
UKENSW_SWS_TP000002,113,37,28/01/2025,5.108230102,4.887045313,4.44957868,5.348723764,BRMS
UKENSW_SWS_TP000002,113,38,04/02/2025,5.805617786,4.968117312,4.539538357,5.450822731,BRMS
UKENSW_SWS_TP000002,113,39,11/02/2025,6.503005469,5.095956559,4.671851469,5.588475707,BRMS
UKENSW_SWS_TP000002,113,40,18/02/2025,5.672304217,5.224087771,4.780864385,5.719930041,BRMS
UKENSW_SWS_TP000002,113,41,25/02/2025,4.841602964,5.284724216,4.825589298,5.752933615,BRMS
UKENSW_SWS_TP000002,113,42,04/03/2025,5.31578827,5.317359203,4.863576833,5.768424378,BRMS
UKENSW_SWS_TP000002,113,43,11/03/2025,5.789973575,5.272038688,4.795623525,5.73746524,BRMS
UKENSW_SWS_TP000002,113,44,18/03/2025,5.618982652,5.213882411,4.733556252,5.668248447,BRMS
UKENSW_SWS_TP000002,113,45,25/03/2025,5.447991729,5.125053818,4.625766384,5.589554058,BRMS
UKENSW_SWS_TP000016,114,1,21/05/2024,NA,4.056570188,3.504701832,4.499089924,BRMS
UKENSW_SWS_TP000016,114,2,28/05/2024,NA,4.119956255,3.649936234,4.535397333,BRMS
UKENSW_SWS_TP000016,114,3,04/06/2024,NA,4.190411211,3.749965351,4.589424379,BRMS
UKENSW_SWS_TP000016,114,4,11/06/2024,NA,4.329670496,3.902014266,4.738948419,BRMS
UKENSW_SWS_TP000016,114,5,18/06/2024,NA,4.483966994,4.055747567,4.905504558,BRMS
UKENSW_SWS_TP000016,114,6,25/06/2024,NA,4.61131132,4.168638892,5.027238787,BRMS
UKENSW_SWS_TP000016,114,7,02/07/2024,NA,4.712909229,4.264438728,5.134996547,BRMS
UKENSW_SWS_TP000016,114,8,09/07/2024,NA,4.81551759,4.373364826,5.237060057,BRMS
UKENSW_SWS_TP000016,114,9,16/07/2024,NA,4.785291717,4.349041006,5.20051387,BRMS
UKENSW_SWS_TP000016,114,10,23/07/2024,NA,4.954456712,4.519026141,5.387970295,BRMS
UKENSW_SWS_TP000016,114,11,30/07/2024,NA,5.097700789,4.642956584,5.549368381,BRMS
UKENSW_SWS_TP000016,114,12,06/08/2024,NA,5.183261529,4.732073171,5.627686979,BRMS
UKENSW_SWS_TP000016,114,13,13/08/2024,NA,5.223995896,4.783293765,5.64921367,BRMS
UKENSW_SWS_TP000016,114,14,20/08/2024,NA,5.248351804,4.820732336,5.649263026,BRMS
UKENSW_SWS_TP000016,114,15,27/08/2024,NA,5.298922581,4.872408523,5.71581595,BRMS
UKENSW_SWS_TP000016,114,16,03/09/2024,NA,5.314559117,4.89685229,5.739806754,BRMS
UKENSW_SWS_TP000016,114,17,10/09/2024,NA,5.331262484,4.905326427,5.786302387,BRMS
UKENSW_SWS_TP000016,114,18,17/09/2024,NA,5.293231165,4.876510965,5.726626851,BRMS
UKENSW_SWS_TP000016,114,19,24/09/2024,NA,5.210172896,4.806160713,5.601240012,BRMS
UKENSW_SWS_TP000016,114,20,01/10/2024,NA,5.152497396,4.756650809,5.538457629,BRMS
UKENSW_SWS_TP000016,114,21,08/10/2024,5.592361135,5.127495007,4.73240204,5.515372575,BRMS
UKENSW_SWS_TP000016,114,22,15/10/2024,5.592361135,5.170799495,4.762798071,5.573320016,BRMS
UKENSW_SWS_TP000016,114,23,22/10/2024,5.784422033,5.254942383,4.84452343,5.651518734,BRMS
UKENSW_SWS_TP000016,114,24,29/10/2024,5.97648293,5.310469882,4.882014223,5.689883596,BRMS
UKENSW_SWS_TP000016,114,25,05/11/2024,5.667270526,5.334110212,4.887960385,5.710613267,BRMS
UKENSW_SWS_TP000016,114,26,12/11/2024,5.358058121,5.352040272,4.88381297,5.743779709,BRMS
UKENSW_SWS_TP000016,114,27,19/11/2024,5.618353507,5.351915605,4.876946289,5.766369206,BRMS
UKENSW_SWS_TP000016,114,28,26/11/2024,5.878648893,5.353879695,4.890043614,5.768013987,BRMS
UKENSW_SWS_TP000016,114,29,03/12/2024,6.268642148,5.371015936,4.892520917,5.785143033,BRMS
UKENSW_SWS_TP000016,114,30,10/12/2024,6.658635402,5.319378571,4.827312989,5.725389921,BRMS
UKENSW_SWS_TP000016,114,31,17/12/2024,6.658635402,5.291791474,4.802399467,5.689802455,BRMS
UKENSW_SWS_TP000016,114,32,24/12/2024,5.8163882,5.250127685,4.7601041,5.655844494,BRMS
UKENSW_SWS_TP000016,114,33,31/12/2024,5.761179877,5.114515158,4.637175507,5.516010083,BRMS
UKENSW_SWS_TP000016,114,34,07/01/2025,5.761179877,4.966517194,4.49350997,5.373664287,BRMS
UKENSW_SWS_TP000016,114,35,14/01/2025,4.741828124,4.855232838,4.3868454,5.267987001,BRMS
UKENSW_SWS_TP000016,114,36,21/01/2025,3.777684695,4.788528216,4.339201733,5.184623347,BRMS
UKENSW_SWS_TP000016,114,37,28/01/2025,4.708630881,4.823472154,4.374204454,5.204849726,BRMS
UKENSW_SWS_TP000016,114,38,04/02/2025,5.639577066,4.903659447,4.465800141,5.289569588,BRMS
UKENSW_SWS_TP000016,114,39,11/02/2025,5.591110475,5.031008077,4.58851168,5.43179021,BRMS
UKENSW_SWS_TP000016,114,40,18/02/2025,5.542643884,5.159264543,4.721185451,5.558093071,BRMS
UKENSW_SWS_TP000016,114,41,25/02/2025,5.730231915,5.219957496,4.774118522,5.616552209,BRMS
UKENSW_SWS_TP000016,114,42,04/03/2025,5.917819946,5.251681847,4.79131399,5.657489879,BRMS
UKENSW_SWS_TP000016,114,43,11/03/2025,5.050954648,5.20603606,4.767818739,5.602447243,BRMS
UKENSW_SWS_TP000016,114,44,18/03/2025,4.18408935,5.145941109,4.701775802,5.549579242,BRMS
UKENSW_SWS_TP000016,114,45,25/03/2025,3.798500446,5.0572758,4.59298077,5.482831107,BRMS
UKENSW_SWS_TP000024,115,1,21/05/2024,NA,4.127717322,3.76591254,4.640180022,BRMS
UKENSW_SWS_TP000024,115,2,28/05/2024,4.798677486,4.164969298,3.779794403,4.683941332,BRMS
UKENSW_SWS_TP000024,115,3,04/06/2024,4.798677486,4.246356786,3.863187169,4.748846192,BRMS
UKENSW_SWS_TP000024,115,4,11/06/2024,5.062267251,4.381830197,4.021581304,4.894425527,BRMS
UKENSW_SWS_TP000024,115,5,18/06/2024,5.325857016,4.539783272,4.197707908,5.045905508,BRMS
UKENSW_SWS_TP000024,115,6,25/06/2024,5.423419695,4.685755474,4.359887069,5.162809192,BRMS
UKENSW_SWS_TP000024,115,7,02/07/2024,5.520982373,4.809111621,4.479641369,5.278310526,BRMS
UKENSW_SWS_TP000024,115,8,09/07/2024,5.697237484,4.944193822,4.623176131,5.387340937,BRMS
UKENSW_SWS_TP000024,115,9,16/07/2024,5.873492594,4.935964614,4.610369617,5.368697497,BRMS
UKENSW_SWS_TP000024,115,10,23/07/2024,6.086407792,5.120342549,4.804979645,5.585161803,BRMS
UKENSW_SWS_TP000024,115,11,30/07/2024,6.29932299,5.282505816,4.959934995,5.744868871,BRMS
UKENSW_SWS_TP000024,115,12,06/08/2024,6.130457879,5.396230204,5.080523879,5.855964233,BRMS
UKENSW_SWS_TP000024,115,13,13/08/2024,5.961592768,5.453700493,5.135787492,5.92545627,BRMS
UKENSW_SWS_TP000024,115,14,20/08/2024,6.062961644,5.503531418,5.207225068,5.959556987,BRMS
UKENSW_SWS_TP000024,115,15,27/08/2024,6.16433052,5.551164121,5.249646458,6.021622084,BRMS
UKENSW_SWS_TP000024,115,16,03/09/2024,6.186561414,5.580925386,5.286730117,6.045765979,BRMS
UKENSW_SWS_TP000024,115,17,10/09/2024,6.208792308,5.604503483,5.304548859,6.071239525,BRMS
UKENSW_SWS_TP000024,115,18,17/09/2024,5.984641996,5.581782691,5.294466685,6.015613376,BRMS
UKENSW_SWS_TP000024,115,19,24/09/2024,5.760491683,5.509405289,5.232232228,5.936583498,BRMS
UKENSW_SWS_TP000024,115,20,01/10/2024,5.722096885,5.455821511,5.186344832,5.833806665,BRMS
UKENSW_SWS_TP000024,115,21,08/10/2024,5.683702087,5.420304985,5.149571047,5.803778206,BRMS
UKENSW_SWS_TP000024,115,22,15/10/2024,5.735196532,5.456670209,5.170878317,5.865427292,BRMS
UKENSW_SWS_TP000024,115,23,22/10/2024,5.786690976,5.531037465,5.21668257,5.954273668,BRMS
UKENSW_SWS_TP000024,115,24,29/10/2024,5.872810001,5.61830839,5.314882723,6.029503788,BRMS
UKENSW_SWS_TP000024,115,25,05/11/2024,5.958929025,5.668233678,5.362168501,6.063574866,BRMS
UKENSW_SWS_TP000024,115,26,12/11/2024,5.958929025,5.686455423,5.376063059,6.075631083,BRMS
UKENSW_SWS_TP000024,115,27,19/11/2024,NA,5.670576629,5.327809846,6.077600326,BRMS
UKENSW_SWS_TP000024,115,28,26/11/2024,6.051514903,5.662470227,5.307588875,6.086066622,BRMS
UKENSW_SWS_TP000024,115,29,03/12/2024,6.051514903,5.684939912,5.36198924,6.13176371,BRMS
UKENSW_SWS_TP000024,115,30,10/12/2024,5.795662834,5.623152162,5.266679597,6.050325521,BRMS
UKENSW_SWS_TP000024,115,31,17/12/2024,5.539810764,5.611604359,5.305169163,6.054437167,BRMS
UKENSW_SWS_TP000024,115,32,24/12/2024,5.539810764,5.53410779,5.189724904,6.006199544,BRMS
UKENSW_SWS_TP000024,115,33,31/12/2024,6.376826442,5.426766435,5.132737389,5.841121894,BRMS
UKENSW_SWS_TP000024,115,34,07/01/2025,6.376826442,5.269963124,4.975691255,5.665762805,BRMS
UKENSW_SWS_TP000024,115,35,14/01/2025,6.376826442,5.126259973,4.822583691,5.543865621,BRMS
UKENSW_SWS_TP000024,115,36,21/01/2025,5.328323768,5.046412924,4.723174974,5.487516336,BRMS
UKENSW_SWS_TP000024,115,37,28/01/2025,5.328323768,5.09946954,4.789131242,5.502116709,BRMS
UKENSW_SWS_TP000024,115,38,04/02/2025,5.659884993,5.196624928,4.877448624,5.624456099,BRMS
UKENSW_SWS_TP000024,115,39,11/02/2025,5.991446217,5.32721937,5.010435342,5.769792407,BRMS
UKENSW_SWS_TP000024,115,40,18/02/2025,6.022475402,5.423683273,5.112469167,5.877943348,BRMS
UKENSW_SWS_TP000024,115,41,25/02/2025,6.053504586,5.484356073,5.190936976,5.927948453,BRMS
UKENSW_SWS_TP000024,115,42,04/03/2025,5.751343175,5.501192564,5.203608563,5.943373045,BRMS
UKENSW_SWS_TP000024,115,43,11/03/2025,5.449181763,5.457369905,5.132096158,5.915097669,BRMS
UKENSW_SWS_TP000024,115,44,18/03/2025,5.822223364,5.40830563,5.055600315,5.879663909,BRMS
UKENSW_SWS_TP000024,115,45,25/03/2025,6.195264965,5.350617216,4.965625538,5.853763705,BRMS
UKENSW_SWS_TP000025,116,1,21/05/2024,NA,4.667851423,4.17597532,5.112330209,BRMS
UKENSW_SWS_TP000025,116,2,28/05/2024,4.92367286,4.712745683,4.260178385,5.13558415,BRMS
UKENSW_SWS_TP000025,116,3,04/06/2024,4.92367286,4.775133331,4.332075469,5.182594302,BRMS
UKENSW_SWS_TP000025,116,4,11/06/2024,4.646752327,4.905852575,4.463045828,5.304205942,BRMS
UKENSW_SWS_TP000025,116,5,18/06/2024,4.369831794,5.053423219,4.628493674,5.425629678,BRMS
UKENSW_SWS_TP000025,116,6,25/06/2024,4.824968319,5.176301836,4.773041174,5.549789118,BRMS
UKENSW_SWS_TP000025,116,7,02/07/2024,5.280104844,5.265252546,4.868805157,5.638229591,BRMS
UKENSW_SWS_TP000025,116,8,09/07/2024,5.713271345,5.361366811,5.003307986,5.722270394,BRMS
UKENSW_SWS_TP000025,116,9,16/07/2024,6.146437845,5.32841236,4.954091256,5.682046436,BRMS
UKENSW_SWS_TP000025,116,10,23/07/2024,6.34990898,5.496428698,5.140793197,5.821399495,BRMS
UKENSW_SWS_TP000025,116,11,30/07/2024,6.553380114,5.644376445,5.294918135,5.976866119,BRMS
UKENSW_SWS_TP000025,116,12,06/08/2024,6.450541449,5.735721956,5.379505844,6.07448503,BRMS
UKENSW_SWS_TP000025,116,13,13/08/2024,6.347702783,5.790346252,5.423536731,6.124923684,BRMS
UKENSW_SWS_TP000025,116,14,20/08/2024,6.056489175,5.820032766,5.455719782,6.152996855,BRMS
UKENSW_SWS_TP000025,116,15,27/08/2024,5.765275567,5.877959227,5.51516512,6.195370672,BRMS
UKENSW_SWS_TP000025,116,16,03/09/2024,5.909210712,5.900528597,5.526625929,6.229605853,BRMS
UKENSW_SWS_TP000025,116,17,10/09/2024,6.053145857,5.918918766,5.514999684,6.252140371,BRMS
UKENSW_SWS_TP000025,116,18,17/09/2024,6.031240901,5.875746886,5.472929365,6.191544569,BRMS
UKENSW_SWS_TP000025,116,19,24/09/2024,6.009335945,5.780777548,5.390462825,6.09457373,BRMS
UKENSW_SWS_TP000025,116,20,01/10/2024,5.884213713,5.710563589,5.340892062,6.015519706,BRMS
UKENSW_SWS_TP000025,116,21,08/10/2024,5.759091481,5.680271066,5.312914431,5.99137412,BRMS
UKENSW_SWS_TP000025,116,22,15/10/2024,5.351780598,5.722703598,5.358686175,6.045207887,BRMS
UKENSW_SWS_TP000025,116,23,22/10/2024,4.944469715,5.799578485,5.447193202,6.132533487,BRMS
UKENSW_SWS_TP000025,116,24,29/10/2024,5.712886945,5.856663876,5.513848128,6.177078405,BRMS
UKENSW_SWS_TP000025,116,25,05/11/2024,6.481304174,5.877836158,5.542607038,6.191411045,BRMS
UKENSW_SWS_TP000025,116,26,12/11/2024,6.13416156,5.887953349,5.547706223,6.208933578,BRMS
UKENSW_SWS_TP000025,116,27,19/11/2024,5.787018945,5.882620754,5.55053436,6.206955431,BRMS
UKENSW_SWS_TP000025,116,28,26/11/2024,5.512197234,5.891635308,5.552654972,6.209408001,BRMS
UKENSW_SWS_TP000025,116,29,03/12/2024,5.237375523,5.90343634,5.52982562,6.225673963,BRMS
UKENSW_SWS_TP000025,116,30,10/12/2024,5.698893939,5.861455151,5.501085043,6.176470607,BRMS
UKENSW_SWS_TP000025,116,31,17/12/2024,6.160412354,5.830038664,5.447240707,6.150675931,BRMS
UKENSW_SWS_TP000025,116,32,24/12/2024,6.207966134,5.773316247,5.408594112,6.098779628,BRMS
UKENSW_SWS_TP000025,116,33,31/12/2024,6.255519914,5.635563122,5.246237217,5.96890551,BRMS
UKENSW_SWS_TP000025,116,34,07/01/2025,6.106634116,5.478021654,5.088395,5.824578281,BRMS
UKENSW_SWS_TP000025,116,35,14/01/2025,5.957748318,5.357565085,4.976102322,5.685585377,BRMS
UKENSW_SWS_TP000025,116,36,21/01/2025,5.603087259,5.283316036,4.927899864,5.611491364,BRMS
UKENSW_SWS_TP000025,116,37,28/01/2025,5.248426199,5.310976502,4.939193753,5.629423169,BRMS
UKENSW_SWS_TP000025,116,38,04/02/2025,5.537781473,5.392434806,5.035615728,5.720849077,BRMS
UKENSW_SWS_TP000025,116,39,11/02/2025,5.827136746,5.518401274,5.172042362,5.86233534,BRMS
UKENSW_SWS_TP000025,116,40,18/02/2025,5.88796069,5.644837686,5.298028601,5.97867258,BRMS
UKENSW_SWS_TP000025,116,41,25/02/2025,5.948784634,5.716007003,5.347067972,6.055857488,BRMS
UKENSW_SWS_TP000025,116,42,04/03/2025,5.82387504,5.745274723,5.354644833,6.112492786,BRMS
UKENSW_SWS_TP000025,116,43,11/03/2025,5.698965445,5.701633883,5.298219877,6.090407412,BRMS
UKENSW_SWS_TP000025,116,44,18/03/2025,6.102059711,5.63461887,5.20164013,6.04066435,BRMS
UKENSW_SWS_TP000025,116,45,25/03/2025,6.505153977,5.546769525,5.060016711,5.982164168,BRMS
UKENSW_SWS_TP000051,117,1,21/05/2024,NA,5.230920535,4.836844234,5.593091845,BRMS
UKENSW_SWS_TP000051,117,2,28/05/2024,3.636127704,5.328902068,4.960722312,5.674218234,BRMS
UKENSW_SWS_TP000051,117,3,04/06/2024,3.636127704,5.444958209,5.103929579,5.764126157,BRMS
UKENSW_SWS_TP000051,117,4,11/06/2024,3.552094693,5.60812159,5.278116475,5.923119076,BRMS
UKENSW_SWS_TP000051,117,5,18/06/2024,3.468061682,5.775864264,5.436930326,6.085262657,BRMS
UKENSW_SWS_TP000051,117,6,25/06/2024,4.33904841,5.913569899,5.57628621,6.219199814,BRMS
UKENSW_SWS_TP000051,117,7,02/07/2024,5.210035138,6.016033859,5.699672545,6.318590057,BRMS
UKENSW_SWS_TP000051,117,8,09/07/2024,4.90927086,6.140833568,5.809832053,6.436941915,BRMS
UKENSW_SWS_TP000051,117,9,16/07/2024,4.608506582,6.134148713,5.796095315,6.423636987,BRMS
UKENSW_SWS_TP000051,117,10,23/07/2024,5.16079344,6.305941216,5.975580669,6.596240633,BRMS
UKENSW_SWS_TP000051,117,11,30/07/2024,5.713080298,6.44907583,6.123142045,6.740177873,BRMS
UKENSW_SWS_TP000051,117,12,06/08/2024,5.906574642,6.539132185,6.207512952,6.825563,BRMS
UKENSW_SWS_TP000051,117,13,13/08/2024,6.100068985,6.583512404,6.248682972,6.872084264,BRMS
UKENSW_SWS_TP000051,117,14,20/08/2024,5.586019998,6.624707794,6.291466893,6.913642493,BRMS
UKENSW_SWS_TP000051,117,15,27/08/2024,5.07197101,6.668494959,6.32704364,6.97068761,BRMS
UKENSW_SWS_TP000051,117,16,03/09/2024,5.286399571,6.668688688,6.320878145,6.948624014,BRMS
UKENSW_SWS_TP000051,117,17,10/09/2024,5.500828132,6.666659918,6.327612651,6.951889436,BRMS
UKENSW_SWS_TP000051,117,18,17/09/2024,5.613387883,6.626402275,6.279319579,6.914007156,BRMS
UKENSW_SWS_TP000051,117,19,24/09/2024,5.725947634,6.536630766,6.189877982,6.823149139,BRMS
UKENSW_SWS_TP000051,117,20,01/10/2024,5.455976819,6.492571678,6.154476454,6.788659356,BRMS
UKENSW_SWS_TP000051,117,21,08/10/2024,5.186006003,6.450383796,6.108179171,6.737593649,BRMS
UKENSW_SWS_TP000051,117,22,15/10/2024,5.453561867,6.478366464,6.138118249,6.777775744,BRMS
UKENSW_SWS_TP000051,117,23,22/10/2024,5.721117731,6.533460661,6.19984139,6.831432728,BRMS
UKENSW_SWS_TP000051,117,24,29/10/2024,5.885380182,6.588215651,6.257390575,6.8765197,BRMS
UKENSW_SWS_TP000051,117,25,05/11/2024,6.049642633,6.61480283,6.291510479,6.90118887,BRMS
UKENSW_SWS_TP000051,117,26,12/11/2024,5.970954288,6.63213095,6.300563305,6.931320025,BRMS
UKENSW_SWS_TP000051,117,27,19/11/2024,5.892265942,6.61834224,6.281623075,6.926806608,BRMS
UKENSW_SWS_TP000051,117,28,26/11/2024,6.167259462,6.611064518,6.268751913,6.920414721,BRMS
UKENSW_SWS_TP000051,117,29,03/12/2024,6.442252982,6.61935132,6.281086675,6.930247075,BRMS
UKENSW_SWS_TP000051,117,30,10/12/2024,6.214162504,6.590134263,6.242447759,6.889769257,BRMS
UKENSW_SWS_TP000051,117,31,17/12/2024,5.689407063,6.575814009,6.252586038,6.875466652,BRMS
UKENSW_SWS_TP000051,117,32,24/12/2024,5.689407063,6.538232852,6.215055778,6.870891711,BRMS
UKENSW_SWS_TP000051,117,33,31/12/2024,5.392742099,6.446470318,6.133605775,6.766533558,BRMS
UKENSW_SWS_TP000051,117,34,07/01/2025,5.62486606,6.292209276,5.972142068,6.60645824,BRMS
UKENSW_SWS_TP000051,117,35,14/01/2025,5.62486606,6.149326445,5.825731243,6.458168249,BRMS
UKENSW_SWS_TP000051,117,36,21/01/2025,5.181761962,6.055962005,5.719294098,6.366096932,BRMS
UKENSW_SWS_TP000051,117,37,28/01/2025,4.738657863,6.078107725,5.731532851,6.374916464,BRMS
UKENSW_SWS_TP000051,117,38,04/02/2025,5.28257421,6.160362936,5.825049348,6.467257048,BRMS
UKENSW_SWS_TP000051,117,39,11/02/2025,5.826490556,6.284810178,5.943237189,6.585924909,BRMS
UKENSW_SWS_TP000051,117,40,18/02/2025,5.860314205,6.374390218,6.019619521,6.68926619,BRMS
UKENSW_SWS_TP000051,117,41,25/02/2025,5.894137853,6.413388749,6.066864675,6.723975163,BRMS
UKENSW_SWS_TP000051,117,42,04/03/2025,5.830694766,6.413860714,6.082638648,6.729000323,BRMS
UKENSW_SWS_TP000051,117,43,11/03/2025,5.767251679,6.339078357,5.998412238,6.653150478,BRMS
UKENSW_SWS_TP000051,117,44,18/03/2025,5.476308212,6.258259141,5.898508817,6.580090248,BRMS
UKENSW_SWS_TP000051,117,45,25/03/2025,5.185364744,6.15699434,5.785027549,6.489580988,BRMS
UKENSW_SWS_TP000055,118,1,21/05/2024,NA,4.191273128,3.839068432,4.570371294,BRMS
UKENSW_SWS_TP000055,118,2,28/05/2024,6.302882441,4.246930438,3.959588424,4.584833478,BRMS
UKENSW_SWS_TP000055,118,3,04/06/2024,6.302882441,4.350857203,4.071569624,4.673929107,BRMS
UKENSW_SWS_TP000055,118,4,11/06/2024,5.148277209,4.522820718,4.244028787,4.817199667,BRMS
UKENSW_SWS_TP000055,118,5,18/06/2024,3.993671977,4.71499761,4.431468233,4.9932016,BRMS
UKENSW_SWS_TP000055,118,6,25/06/2024,4.294854038,4.889570408,4.60627468,5.15486389,BRMS
UKENSW_SWS_TP000055,118,7,02/07/2024,4.596036099,5.026758732,4.7466443,5.29038596,BRMS
UKENSW_SWS_TP000055,118,8,09/07/2024,4.465872055,5.168499381,4.901739009,5.426347507,BRMS
UKENSW_SWS_TP000055,118,9,16/07/2024,4.335708011,5.152716674,4.889668239,5.406977294,BRMS
UKENSW_SWS_TP000055,118,10,23/07/2024,5.186345518,5.331241331,5.066262998,5.579083739,BRMS
UKENSW_SWS_TP000055,118,11,30/07/2024,6.036983024,5.489037296,5.2313874,5.735960077,BRMS
UKENSW_SWS_TP000055,118,12,06/08/2024,5.898474649,5.591654461,5.33714996,5.846317209,BRMS
UKENSW_SWS_TP000055,118,13,13/08/2024,5.759966273,5.664695826,5.419672686,5.912588479,BRMS
UKENSW_SWS_TP000055,118,14,20/08/2024,5.378191364,5.710627222,5.459169567,5.948293536,BRMS
UKENSW_SWS_TP000055,118,15,27/08/2024,4.996416455,5.751574511,5.501230958,5.980974289,BRMS
UKENSW_SWS_TP000055,118,16,03/09/2024,5.688042827,5.743546966,5.48180656,5.97228226,BRMS
UKENSW_SWS_TP000055,118,17,10/09/2024,6.379669199,5.737581745,5.489090063,5.972789224,BRMS
UKENSW_SWS_TP000055,118,18,17/09/2024,6.141311746,5.693275404,5.463541991,5.926243362,BRMS
UKENSW_SWS_TP000055,118,19,24/09/2024,5.902954292,5.60959777,5.391038213,5.826289486,BRMS
UKENSW_SWS_TP000055,118,20,01/10/2024,5.770537145,5.563853053,5.351413114,5.765798261,BRMS
UKENSW_SWS_TP000055,118,21,08/10/2024,5.638119998,5.529084964,5.31881259,5.726649074,BRMS
UKENSW_SWS_TP000055,118,22,15/10/2024,5.198842983,5.552789471,5.351462269,5.754378499,BRMS
UKENSW_SWS_TP000055,118,23,22/10/2024,4.759565967,5.597007928,5.398333174,5.794617035,BRMS
UKENSW_SWS_TP000055,118,24,29/10/2024,5.26690306,5.644618464,5.456887855,5.824883228,BRMS
UKENSW_SWS_TP000055,118,25,05/11/2024,5.774240153,5.655754773,5.472332088,5.833863975,BRMS
UKENSW_SWS_TP000055,118,26,12/11/2024,6.139916162,5.678558886,5.491724346,5.857464686,BRMS
UKENSW_SWS_TP000055,118,27,19/11/2024,6.50559217,5.678793838,5.488928089,5.865087866,BRMS
UKENSW_SWS_TP000055,118,28,26/11/2024,6.598333956,5.69928489,5.508656601,5.900628018,BRMS
UKENSW_SWS_TP000055,118,29,03/12/2024,6.691075742,5.743700676,5.547933094,5.955752217,BRMS
UKENSW_SWS_TP000055,118,30,10/12/2024,6.657213051,5.695802347,5.486808147,5.90027945,BRMS
UKENSW_SWS_TP000055,118,31,17/12/2024,6.62335036,5.68466381,5.48132672,5.876560549,BRMS
UKENSW_SWS_TP000055,118,32,24/12/2024,5.525966765,5.600560983,5.403044784,5.809377364,BRMS
UKENSW_SWS_TP000055,118,33,31/12/2024,4.42858317,5.50318732,5.307589118,5.701881113,BRMS
UKENSW_SWS_TP000055,118,34,07/01/2025,5.114508979,5.352796821,5.146436417,5.562556535,BRMS
UKENSW_SWS_TP000055,118,35,14/01/2025,5.800434787,5.213641428,4.997075966,5.429418502,BRMS
UKENSW_SWS_TP000055,118,36,21/01/2025,5.824942901,5.123239571,4.893685229,5.365043929,BRMS
UKENSW_SWS_TP000055,118,37,28/01/2025,5.849451015,5.179482416,4.940079891,5.412152877,BRMS
UKENSW_SWS_TP000055,118,38,04/02/2025,5.562500203,5.269515539,5.03461653,5.490410267,BRMS
UKENSW_SWS_TP000055,118,39,11/02/2025,5.27554939,5.412729683,5.174561842,5.637156403,BRMS
UKENSW_SWS_TP000055,118,40,18/02/2025,4.945934352,5.528031597,5.27376844,5.758984834,BRMS
UKENSW_SWS_TP000055,118,41,25/02/2025,4.616319314,5.617456769,5.363305485,5.840732346,BRMS
UKENSW_SWS_TP000055,118,42,04/03/2025,4.730686527,5.659089042,5.408376728,5.897710003,BRMS
UKENSW_SWS_TP000055,118,43,11/03/2025,4.845053739,5.594914186,5.34176697,5.850864276,BRMS
UKENSW_SWS_TP000055,118,44,18/03/2025,5.143874775,5.520141585,5.258435021,5.785315104,BRMS
UKENSW_SWS_TP000055,118,45,25/03/2025,5.442695811,5.406770759,5.136628888,5.674197002,BRMS
UKENSW_SWS_TP000058,119,1,21/05/2024,4.491545363,3.703582902,3.345623769,4.033571096,BRMS
UKENSW_SWS_TP000058,119,2,28/05/2024,4.491545363,3.757836872,3.459834961,4.050991603,BRMS
UKENSW_SWS_TP000058,119,3,04/06/2024,4.82846743,3.85847743,3.554065546,4.144244533,BRMS
UKENSW_SWS_TP000058,119,4,11/06/2024,5.165389497,4.02797265,3.725976137,4.300771506,BRMS
UKENSW_SWS_TP000058,119,5,18/06/2024,5.1250722,4.219724524,3.923209806,4.481088588,BRMS
UKENSW_SWS_TP000058,119,6,25/06/2024,5.084754903,4.394863257,4.112722501,4.66534495,BRMS
UKENSW_SWS_TP000058,119,7,02/07/2024,5.07002721,4.533371998,4.236069694,4.819494363,BRMS
UKENSW_SWS_TP000058,119,8,09/07/2024,5.055299516,4.679836801,4.375395757,4.984874849,BRMS
UKENSW_SWS_TP000058,119,9,16/07/2024,5.138025271,4.666041276,4.367804728,4.968701803,BRMS
UKENSW_SWS_TP000058,119,10,23/07/2024,5.220751025,4.847930632,4.54056606,5.141436258,BRMS
UKENSW_SWS_TP000058,119,11,30/07/2024,5.466010993,5.007171617,4.704292091,5.299255528,BRMS
UKENSW_SWS_TP000058,119,12,06/08/2024,5.71127096,5.114147974,4.812929661,5.408803023,BRMS
UKENSW_SWS_TP000058,119,13,13/08/2024,5.749839142,5.184180339,4.877187647,5.478731631,BRMS
UKENSW_SWS_TP000058,119,14,20/08/2024,5.788407324,5.23429932,4.929507865,5.512289538,BRMS
UKENSW_SWS_TP000058,119,15,27/08/2024,5.41910331,5.273580228,4.968550432,5.544119526,BRMS
UKENSW_SWS_TP000058,119,16,03/09/2024,5.049799296,5.266539136,4.956046412,5.552916868,BRMS
UKENSW_SWS_TP000058,119,17,10/09/2024,5.049799296,5.260597945,4.953141546,5.546017032,BRMS
UKENSW_SWS_TP000058,119,18,17/09/2024,5.445691242,5.220519987,4.916601638,5.50619311,BRMS
UKENSW_SWS_TP000058,119,19,24/09/2024,5.309884816,5.139012893,4.840849501,5.428024528,BRMS
UKENSW_SWS_TP000058,119,20,01/10/2024,5.309884816,5.103731755,4.809101182,5.364607149,BRMS
UKENSW_SWS_TP000058,119,21,08/10/2024,5.300332783,5.068999241,4.786571476,5.324165416,BRMS
UKENSW_SWS_TP000058,119,22,15/10/2024,5.426587176,5.098082015,4.813595529,5.360530105,BRMS
UKENSW_SWS_TP000058,119,23,22/10/2024,5.770190003,5.144948109,4.86216393,5.414309055,BRMS
UKENSW_SWS_TP000058,119,24,29/10/2024,6.11379283,5.192327624,4.910883181,5.469754382,BRMS
UKENSW_SWS_TP000058,119,25,05/11/2024,5.703075102,5.208185039,4.925629315,5.497801237,BRMS
UKENSW_SWS_TP000058,119,26,12/11/2024,5.292357374,5.225233467,4.941093927,5.522573983,BRMS
UKENSW_SWS_TP000058,119,27,19/11/2024,5.092193298,5.226531891,4.940438373,5.540613956,BRMS
UKENSW_SWS_TP000058,119,28,26/11/2024,4.892029221,5.244347691,4.945377439,5.568896091,BRMS
UKENSW_SWS_TP000058,119,29,03/12/2024,4.995698982,5.287648676,4.979961961,5.610526602,BRMS
UKENSW_SWS_TP000058,119,30,10/12/2024,5.099368742,5.232694796,4.942571155,5.540200146,BRMS
UKENSW_SWS_TP000058,119,31,17/12/2024,5.099368742,5.214385166,4.926154914,5.510897871,BRMS
UKENSW_SWS_TP000058,119,32,24/12/2024,5.935948818,5.135977922,4.852161456,5.443556139,BRMS
UKENSW_SWS_TP000058,119,33,31/12/2024,5.555943318,5.036107783,4.737288265,5.333054054,BRMS
UKENSW_SWS_TP000058,119,34,07/01/2025,5.555943318,4.887572659,4.584472952,5.193579714,BRMS
UKENSW_SWS_TP000058,119,35,14/01/2025,4.910396735,4.751688504,4.468467881,5.042966891,BRMS
UKENSW_SWS_TP000058,119,36,21/01/2025,4.644855652,4.66343958,4.392103108,4.941846015,BRMS
UKENSW_SWS_TP000058,119,37,28/01/2025,4.851433362,4.721215709,4.441119711,5.019380488,BRMS
UKENSW_SWS_TP000058,119,38,04/02/2025,5.058011071,4.80953139,4.526232317,5.098537926,BRMS
UKENSW_SWS_TP000058,119,39,11/02/2025,5.201139278,4.951045723,4.662100715,5.231659409,BRMS
UKENSW_SWS_TP000058,119,40,18/02/2025,5.344267484,5.067695338,4.768130523,5.37118696,BRMS
UKENSW_SWS_TP000058,119,41,25/02/2025,5.349389794,5.156305153,4.864602745,5.452235461,BRMS
UKENSW_SWS_TP000058,119,42,04/03/2025,5.354512104,5.201866509,4.905179797,5.485800939,BRMS
UKENSW_SWS_TP000058,119,43,11/03/2025,5.399689139,5.141538093,4.836635274,5.438202321,BRMS
UKENSW_SWS_TP000058,119,44,18/03/2025,5.444866173,5.069197279,4.758910749,5.375023702,BRMS
UKENSW_SWS_TP000058,119,45,25/03/2025,5.444866173,4.959789544,4.635926455,5.283366636,BRMS
UKENSW_SWS_TP000059,120,1,21/05/2024,NA,3.564946785,3.222964816,3.875374946,BRMS
UKENSW_SWS_TP000059,120,2,28/05/2024,3.379757398,3.619719777,3.316762589,3.899982506,BRMS
UKENSW_SWS_TP000059,120,3,04/06/2024,3.379757398,3.720725458,3.411630482,3.999465664,BRMS
UKENSW_SWS_TP000059,120,4,11/06/2024,4.176121434,3.890498332,3.578075098,4.17458952,BRMS
UKENSW_SWS_TP000059,120,5,18/06/2024,4.928776434,4.082555928,3.77316382,4.375322096,BRMS
UKENSW_SWS_TP000059,120,6,25/06/2024,4.928776434,4.258017329,3.953575005,4.554398743,BRMS
UKENSW_SWS_TP000059,120,7,02/07/2024,4.885067397,4.397022203,4.083616494,4.690541967,BRMS
UKENSW_SWS_TP000059,120,8,09/07/2024,4.603386154,4.543810724,4.21823353,4.848188073,BRMS
UKENSW_SWS_TP000059,120,9,16/07/2024,4.603386154,4.530520384,4.210460722,4.836674615,BRMS
UKENSW_SWS_TP000059,120,10,23/07/2024,5.058033458,4.712756484,4.400641933,5.014568151,BRMS
UKENSW_SWS_TP000059,120,11,30/07/2024,5.512680761,4.872334649,4.564123535,5.172555351,BRMS
UKENSW_SWS_TP000059,120,12,06/08/2024,5.61949644,4.979376609,4.675869391,5.280449673,BRMS
UKENSW_SWS_TP000059,120,13,13/08/2024,5.726312118,5.050235694,4.74560142,5.343822433,BRMS
UKENSW_SWS_TP000059,120,14,20/08/2024,5.078204912,5.100195979,4.791863574,5.386036709,BRMS
UKENSW_SWS_TP000059,120,15,27/08/2024,4.430097705,5.139686165,4.823970802,5.432178205,BRMS
UKENSW_SWS_TP000059,120,16,03/09/2024,5.156639878,5.132781417,4.8284776,5.428062296,BRMS
UKENSW_SWS_TP000059,120,17,10/09/2024,5.88318205,5.127409143,4.824954248,5.426197223,BRMS
UKENSW_SWS_TP000059,120,18,17/09/2024,5.879835114,5.088072743,4.787447686,5.385535413,BRMS
UKENSW_SWS_TP000059,120,19,24/09/2024,5.876488178,5.006912842,4.709185068,5.284321751,BRMS
UKENSW_SWS_TP000059,120,20,01/10/2024,5.622755161,4.972834548,4.686434584,5.243012292,BRMS
UKENSW_SWS_TP000059,120,21,08/10/2024,5.369022143,4.938898557,4.660292132,5.200844433,BRMS
UKENSW_SWS_TP000059,120,22,15/10/2024,5.504172622,4.968556099,4.682708937,5.232491504,BRMS
UKENSW_SWS_TP000059,120,23,22/10/2024,5.6393231,5.015815825,4.718606501,5.291547655,BRMS
UKENSW_SWS_TP000059,120,24,29/10/2024,5.963026991,5.063397163,4.766430092,5.360687926,BRMS
UKENSW_SWS_TP000059,120,25,05/11/2024,6.286730881,5.079686427,4.790576844,5.379963238,BRMS
UKENSW_SWS_TP000059,120,26,12/11/2024,5.970752087,5.096783149,4.807444666,5.401364838,BRMS
UKENSW_SWS_TP000059,120,27,19/11/2024,5.654773292,5.098177519,4.791007516,5.40522724,BRMS
UKENSW_SWS_TP000059,120,28,26/11/2024,5.546127455,5.115869208,4.799651173,5.44200686,BRMS
UKENSW_SWS_TP000059,120,29,03/12/2024,5.437481618,5.158704441,4.834828889,5.490983504,BRMS
UKENSW_SWS_TP000059,120,30,10/12/2024,5.640435775,5.103249741,4.802255678,5.426481129,BRMS
UKENSW_SWS_TP000059,120,31,17/12/2024,5.843389932,5.084401355,4.79134402,5.401132375,BRMS
UKENSW_SWS_TP000059,120,32,24/12/2024,5.734143216,5.005701435,4.710210247,5.323191295,BRMS
UKENSW_SWS_TP000059,120,33,31/12/2024,5.6248965,4.90563826,4.60048744,5.220527176,BRMS
UKENSW_SWS_TP000059,120,34,07/01/2025,5.591100583,4.75690062,4.437379675,5.074160996,BRMS
UKENSW_SWS_TP000059,120,35,14/01/2025,5.557304666,4.620947442,4.311916193,4.927989359,BRMS
UKENSW_SWS_TP000059,120,36,21/01/2025,5.482023315,4.532407222,4.238450369,4.829936883,BRMS
UKENSW_SWS_TP000059,120,37,28/01/2025,5.406741963,4.589706129,4.286260415,4.90320925,BRMS
UKENSW_SWS_TP000059,120,38,04/02/2025,5.692234012,4.677375951,4.373703122,4.977765789,BRMS
UKENSW_SWS_TP000059,120,39,11/02/2025,5.977726061,4.818057888,4.51676071,5.130550112,BRMS
UKENSW_SWS_TP000059,120,40,18/02/2025,5.707224455,4.933459154,4.62783909,5.259123718,BRMS
UKENSW_SWS_TP000059,120,41,25/02/2025,5.436722849,5.021382993,4.704983584,5.338633138,BRMS
UKENSW_SWS_TP000059,120,42,04/03/2025,4.910886593,5.06681508,4.76217972,5.366566591,BRMS
UKENSW_SWS_TP000059,120,43,11/03/2025,4.385050336,5.006044162,4.687082568,5.302803617,BRMS
UKENSW_SWS_TP000059,120,44,18/03/2025,4.75598718,4.933348152,4.60337067,5.232129072,BRMS
UKENSW_SWS_TP000059,120,45,25/03/2025,5.126924023,4.823515902,4.489374594,5.147190768,BRMS
UKENSW_SWS_TP000064,121,1,21/05/2024,5.391310839,4.452941132,4.119533502,4.83842451,BRMS
UKENSW_SWS_TP000064,121,2,28/05/2024,5.391310839,4.489803254,4.178481258,4.848561586,BRMS
UKENSW_SWS_TP000064,121,3,04/06/2024,5.714186061,4.570328376,4.256026729,4.911789485,BRMS
UKENSW_SWS_TP000064,121,4,11/06/2024,6.037061282,4.704171516,4.409991356,5.044587335,BRMS
UKENSW_SWS_TP000064,121,5,18/06/2024,5.612979143,4.860879871,4.591792937,5.211319483,BRMS
UKENSW_SWS_TP000064,121,6,25/06/2024,5.188897003,5.005465159,4.750233236,5.334276434,BRMS
UKENSW_SWS_TP000064,121,7,02/07/2024,5.4916905,5.127778221,4.861538378,5.438308606,BRMS
UKENSW_SWS_TP000064,121,8,09/07/2024,5.794483997,5.26024738,4.993780594,5.545687642,BRMS
UKENSW_SWS_TP000064,121,9,16/07/2024,6.005460614,5.249361619,4.990820348,5.532281114,BRMS
UKENSW_SWS_TP000064,121,10,23/07/2024,6.21643723,5.431014307,5.201986177,5.732587649,BRMS
UKENSW_SWS_TP000064,121,11,30/07/2024,6.521861124,5.589796072,5.362252876,5.89159389,BRMS
UKENSW_SWS_TP000064,121,12,06/08/2024,6.827285018,5.70013841,5.471200741,6.003118545,BRMS
UKENSW_SWS_TP000064,121,13,13/08/2024,6.560761201,5.75150992,5.512170024,6.068245846,BRMS
UKENSW_SWS_TP000064,121,14,20/08/2024,6.294237383,5.799202719,5.540861793,6.103218937,BRMS
UKENSW_SWS_TP000064,121,15,27/08/2024,6.207142884,5.842056012,5.576065294,6.156979351,BRMS
UKENSW_SWS_TP000064,121,16,03/09/2024,6.120048384,5.866888065,5.616483809,6.179490102,BRMS
UKENSW_SWS_TP000064,121,17,10/09/2024,6.018363499,5.885259498,5.649168222,6.198179871,BRMS
UKENSW_SWS_TP000064,121,18,17/09/2024,5.916678614,5.857008088,5.619742338,6.13156677,BRMS
UKENSW_SWS_TP000064,121,19,24/09/2024,5.61190683,5.780300028,5.544875157,6.052996749,BRMS
UKENSW_SWS_TP000064,121,20,01/10/2024,5.307135046,5.720928176,5.476526604,5.964555924,BRMS
UKENSW_SWS_TP000064,121,21,08/10/2024,6.013051013,5.681538726,5.445420615,5.927183628,BRMS
UKENSW_SWS_TP000064,121,22,15/10/2024,6.71896698,5.712701099,5.4704528,5.971220181,BRMS
UKENSW_SWS_TP000064,121,23,22/10/2024,6.022613225,5.781683332,5.553097497,6.049636459,BRMS
UKENSW_SWS_TP000064,121,24,29/10/2024,5.326259469,5.86310508,5.627030846,6.125758184,BRMS
UKENSW_SWS_TP000064,121,25,05/11/2024,5.326259469,5.907700652,5.663102994,6.166334769,BRMS
UKENSW_SWS_TP000064,121,26,12/11/2024,NA,5.920594225,5.674907861,6.174307071,BRMS
UKENSW_SWS_TP000064,121,27,19/11/2024,5.895964163,5.900508903,5.659944882,6.162259372,BRMS
UKENSW_SWS_TP000064,121,28,26/11/2024,5.895964163,5.887168815,5.648877118,6.167628729,BRMS
UKENSW_SWS_TP000064,121,29,03/12/2024,6.027384922,5.905985407,5.669948948,6.221190191,BRMS
UKENSW_SWS_TP000064,121,30,10/12/2024,6.158805681,5.841359657,5.608307473,6.142598202,BRMS
UKENSW_SWS_TP000064,121,31,17/12/2024,6.158805681,5.827335427,5.604744877,6.140204971,BRMS
UKENSW_SWS_TP000064,121,32,24/12/2024,NA,5.750938897,5.511593132,6.087371126,BRMS
UKENSW_SWS_TP000064,121,33,31/12/2024,5.483096562,5.644550423,5.405009135,5.934234192,BRMS
UKENSW_SWS_TP000064,121,34,07/01/2025,5.483096562,5.490288398,5.245497045,5.779383531,BRMS
UKENSW_SWS_TP000064,121,35,14/01/2025,5.286655856,5.350083468,5.10830958,5.644716018,BRMS
UKENSW_SWS_TP000064,121,36,21/01/2025,5.090215149,5.273685093,5.030649401,5.579662712,BRMS
UKENSW_SWS_TP000064,121,37,28/01/2025,5.290364942,5.32984649,5.067951662,5.618682541,BRMS
UKENSW_SWS_TP000064,121,38,04/02/2025,5.490514734,5.42899233,5.154091558,5.729781784,BRMS
UKENSW_SWS_TP000064,121,39,11/02/2025,5.314838002,5.561363497,5.290846463,5.866318479,BRMS
UKENSW_SWS_TP000064,121,40,18/02/2025,5.139161269,5.660247173,5.408778809,5.968405185,BRMS
UKENSW_SWS_TP000064,121,41,25/02/2025,5.87061268,5.724128472,5.469159142,6.022841807,BRMS
UKENSW_SWS_TP000064,121,42,04/03/2025,6.60206409,5.743609936,5.469436266,6.053064653,BRMS
UKENSW_SWS_TP000064,121,43,11/03/2025,6.60206409,5.704607771,5.423323788,6.00921528,BRMS
UKENSW_SWS_TP000064,121,44,18/03/2025,5.547092113,5.658225572,5.364877095,5.975366946,BRMS
UKENSW_SWS_TP000064,121,45,25/03/2025,5.547092113,5.604401076,5.277842353,5.950112613,BRMS
UKENSW_SWS_TP000075,122,1,21/05/2024,NA,4.665756069,4.326396654,5.018484777,BRMS
UKENSW_SWS_TP000075,122,2,28/05/2024,4.753369133,4.75726985,4.46328578,5.082306968,BRMS
UKENSW_SWS_TP000075,122,3,04/06/2024,4.753369133,4.870777909,4.593157313,5.177740663,BRMS
UKENSW_SWS_TP000075,122,4,11/06/2024,4.389283376,5.033689813,4.760471883,5.320042415,BRMS
UKENSW_SWS_TP000075,122,5,18/06/2024,4.451279692,5.199005537,4.93224519,5.46882189,BRMS
UKENSW_SWS_TP000075,122,6,25/06/2024,4.451279692,5.334925379,5.079116528,5.594013148,BRMS
UKENSW_SWS_TP000075,122,7,02/07/2024,4.877361765,5.436034022,5.20140222,5.693878769,BRMS
UKENSW_SWS_TP000075,122,8,09/07/2024,4.845202971,5.558548413,5.313443527,5.825796908,BRMS
UKENSW_SWS_TP000075,122,9,16/07/2024,4.845202971,5.550684416,5.315065191,5.800179896,BRMS
UKENSW_SWS_TP000075,122,10,23/07/2024,5.107460475,5.720529364,5.484506716,5.977913609,BRMS
UKENSW_SWS_TP000075,122,11,30/07/2024,5.369717979,5.863310715,5.627566752,6.121990271,BRMS
UKENSW_SWS_TP000075,122,12,06/08/2024,5.543544464,5.949630016,5.707682853,6.208249118,BRMS
UKENSW_SWS_TP000075,122,13,13/08/2024,5.717370949,5.998287024,5.745236204,6.255132327,BRMS
UKENSW_SWS_TP000075,122,14,20/08/2024,5.53748814,6.034293351,5.770580635,6.281545665,BRMS
UKENSW_SWS_TP000075,122,15,27/08/2024,5.35760533,6.075294553,5.818587037,6.329334886,BRMS
UKENSW_SWS_TP000075,122,16,03/09/2024,5.555888938,6.073129069,5.809658939,6.319665297,BRMS
UKENSW_SWS_TP000075,122,17,10/09/2024,5.754172546,6.070648181,5.832458241,6.311739256,BRMS
UKENSW_SWS_TP000075,122,18,17/09/2024,5.641720461,6.025538341,5.789246856,6.271757155,BRMS
UKENSW_SWS_TP000075,122,19,24/09/2024,5.529268375,5.931600371,5.688498805,6.171448705,BRMS
UKENSW_SWS_TP000075,122,20,01/10/2024,5.70488037,5.886014318,5.643147978,6.135446079,BRMS
UKENSW_SWS_TP000075,122,21,08/10/2024,5.880492365,5.839732293,5.598849745,6.088099345,BRMS
UKENSW_SWS_TP000075,122,22,15/10/2024,5.571108193,5.865676914,5.625469767,6.121672519,BRMS
UKENSW_SWS_TP000075,122,23,22/10/2024,5.261724021,5.917081857,5.66831326,6.180607686,BRMS
UKENSW_SWS_TP000075,122,24,29/10/2024,5.417817623,5.971492693,5.722742964,6.229661414,BRMS
UKENSW_SWS_TP000075,122,25,05/11/2024,5.573911225,5.996195367,5.748516815,6.249460199,BRMS
UKENSW_SWS_TP000075,122,26,12/11/2024,5.638936537,6.010220635,5.756658729,6.278955919,BRMS
UKENSW_SWS_TP000075,122,27,19/11/2024,5.703961848,5.994665008,5.732771336,6.267250815,BRMS
UKENSW_SWS_TP000075,122,28,26/11/2024,5.823175442,5.986028672,5.727356019,6.260246766,BRMS
UKENSW_SWS_TP000075,122,29,03/12/2024,5.942389035,5.993527149,5.726452987,6.264879025,BRMS
UKENSW_SWS_TP000075,122,30,10/12/2024,6.006444658,5.961096463,5.697436871,6.224360299,BRMS
UKENSW_SWS_TP000075,122,31,17/12/2024,6.070500281,5.944689202,5.693807434,6.206969974,BRMS
UKENSW_SWS_TP000075,122,32,24/12/2024,4.613284237,5.905510232,5.643724899,6.184239928,BRMS
UKENSW_SWS_TP000075,122,33,31/12/2024,3.156068192,5.813745084,5.562380082,6.09889415,BRMS
UKENSW_SWS_TP000075,122,34,07/01/2025,4.239935722,5.659423952,5.414009266,5.933479729,BRMS
UKENSW_SWS_TP000075,122,35,14/01/2025,5.323803251,5.516622638,5.260687167,5.798275046,BRMS
UKENSW_SWS_TP000075,122,36,21/01/2025,5.322627247,5.42391931,5.137267132,5.718091546,BRMS
UKENSW_SWS_TP000075,122,37,28/01/2025,5.321451242,5.445540242,5.159621193,5.716228953,BRMS
UKENSW_SWS_TP000075,122,38,04/02/2025,5.711981876,5.530410609,5.252067914,5.799113928,BRMS
UKENSW_SWS_TP000075,122,39,11/02/2025,6.102512509,5.658620214,5.368497598,5.929113456,BRMS
UKENSW_SWS_TP000075,122,40,18/02/2025,5.979474288,5.749924743,5.469954424,6.011609978,BRMS
UKENSW_SWS_TP000075,122,41,25/02/2025,5.856436067,5.791956129,5.509551283,6.043067681,BRMS
UKENSW_SWS_TP000075,122,42,04/03/2025,5.976579312,5.797989085,5.5277744,6.067512822,BRMS
UKENSW_SWS_TP000075,122,43,11/03/2025,6.096722557,5.723231487,5.441896039,5.995315708,BRMS
UKENSW_SWS_TP000075,122,44,18/03/2025,5.9875814,5.645378749,5.353688031,5.926607703,BRMS
UKENSW_SWS_TP000075,122,45,25/03/2025,5.878440242,5.544205484,5.24076498,5.837106059,BRMS
UKENSW_WXW_TP000004,123,1,21/05/2024,NA,4.610889603,4.306844745,4.89356991,BRMS
UKENSW_WXW_TP000004,123,2,28/05/2024,3.7413082,4.656339468,4.391081825,4.905509404,BRMS
UKENSW_WXW_TP000004,123,3,04/06/2024,3.7413082,4.732012462,4.511821581,4.950826152,BRMS
UKENSW_WXW_TP000004,123,4,11/06/2024,3.742497108,4.860192566,4.656108596,5.061070814,BRMS
UKENSW_WXW_TP000004,123,5,18/06/2024,3.743686016,4.997034139,4.795925984,5.2025843,BRMS
UKENSW_WXW_TP000004,123,6,25/06/2024,4.153755648,5.111248373,4.910173809,5.317258161,BRMS
UKENSW_WXW_TP000004,123,7,02/07/2024,4.56382528,5.188912247,4.990986049,5.393322431,BRMS
UKENSW_WXW_TP000004,123,8,09/07/2024,4.439009172,5.281032227,5.08221291,5.478137136,BRMS
UKENSW_WXW_TP000004,123,9,16/07/2024,4.314193063,5.251389831,5.068139515,5.452481528,BRMS
UKENSW_WXW_TP000004,123,10,23/07/2024,4.643462454,5.421788681,5.235044494,5.633312372,BRMS
UKENSW_WXW_TP000004,123,11,30/07/2024,4.972731845,5.566518888,5.382869952,5.780900974,BRMS
UKENSW_WXW_TP000004,123,12,06/08/2024,4.907883918,5.637836076,5.460169625,5.845369611,BRMS
UKENSW_WXW_TP000004,123,13,13/08/2024,4.84303599,5.640469623,5.462565628,5.832489969,BRMS
UKENSW_WXW_TP000004,123,14,20/08/2024,4.313029686,5.619595036,5.441038146,5.803324845,BRMS
UKENSW_WXW_TP000004,123,15,27/08/2024,3.783023381,5.607033813,5.408531661,5.796086749,BRMS
UKENSW_WXW_TP000004,123,16,03/09/2024,4.403173923,5.577498684,5.378611251,5.768105978,BRMS
UKENSW_WXW_TP000004,123,17,10/09/2024,5.023324465,5.548360295,5.337155711,5.745487339,BRMS
UKENSW_WXW_TP000004,123,18,17/09/2024,4.66668651,5.482781293,5.265505711,5.674749552,BRMS
UKENSW_WXW_TP000004,123,19,24/09/2024,4.310048554,5.377659633,5.162505533,5.568210214,BRMS
UKENSW_WXW_TP000004,123,20,01/10/2024,4.665674755,5.309498571,5.092681957,5.500427214,BRMS
UKENSW_WXW_TP000004,123,21,08/10/2024,5.021300956,5.272685344,5.068660805,5.459433759,BRMS
UKENSW_WXW_TP000004,123,22,15/10/2024,4.826572475,5.297848145,5.104144666,5.471096604,BRMS
UKENSW_WXW_TP000004,123,23,22/10/2024,4.631843993,5.345605516,5.155330387,5.51214022,BRMS
UKENSW_WXW_TP000004,123,24,29/10/2024,4.900202859,5.381893424,5.208936948,5.553660849,BRMS
UKENSW_WXW_TP000004,123,25,05/11/2024,5.168561725,5.393794483,5.228120584,5.571041364,BRMS
UKENSW_WXW_TP000004,123,26,12/11/2024,4.576418068,5.405472789,5.236596001,5.573952026,BRMS
UKENSW_WXW_TP000004,123,27,19/11/2024,3.98427441,5.400645977,5.227156558,5.560760031,BRMS
UKENSW_WXW_TP000004,123,28,26/11/2024,4.265182162,5.384918291,5.213970623,5.545412612,BRMS
UKENSW_WXW_TP000004,123,29,03/12/2024,4.546089914,5.40543025,5.22502198,5.582295042,BRMS
UKENSW_WXW_TP000004,123,30,10/12/2024,4.683477049,5.359474874,5.179536777,5.543813287,BRMS
UKENSW_WXW_TP000004,123,31,17/12/2024,4.820864184,5.358012953,5.186093894,5.522844213,BRMS
UKENSW_WXW_TP000004,123,32,24/12/2024,4.800795884,5.342485784,5.162656949,5.52527243,BRMS
UKENSW_WXW_TP000004,123,33,31/12/2024,4.780727584,5.263393957,5.092756528,5.436538459,BRMS
UKENSW_WXW_TP000004,123,34,07/01/2025,4.71701629,5.136786722,4.962561718,5.323145715,BRMS
UKENSW_WXW_TP000004,123,35,14/01/2025,4.653304996,5.033712227,4.848836818,5.214555284,BRMS
UKENSW_WXW_TP000004,123,36,21/01/2025,3.57081586,4.986557547,4.789071851,5.170658634,BRMS
UKENSW_WXW_TP000004,123,37,28/01/2025,2.488326723,5.058314376,4.866957547,5.234674714,BRMS
UKENSW_WXW_TP000004,123,38,04/02/2025,3.440228413,5.176706542,4.990741217,5.366994704,BRMS
UKENSW_WXW_TP000004,123,39,11/02/2025,4.392130102,5.332295271,5.138240971,5.528031508,BRMS
UKENSW_WXW_TP000004,123,40,18/02/2025,4.710049537,5.468428139,5.274555889,5.665313631,BRMS
UKENSW_WXW_TP000004,123,41,25/02/2025,5.027968972,5.553654797,5.349568449,5.756314084,BRMS
UKENSW_WXW_TP000004,123,42,04/03/2025,4.560952475,5.607599702,5.378721471,5.819993578,BRMS
UKENSW_WXW_TP000004,123,43,11/03/2025,4.093935978,5.593346049,5.356964852,5.814517461,BRMS
UKENSW_WXW_TP000004,123,44,18/03/2025,4.167167805,5.565326028,5.31980408,5.80347455,BRMS
UKENSW_WXW_TP000004,123,45,25/03/2025,4.240399632,5.516019545,5.254411179,5.770922679,BRMS
UKENSW_WXW_TP000005,124,1,21/05/2024,NA,3.72113238,3.42115232,4.016585545,BRMS
UKENSW_WXW_TP000005,124,2,28/05/2024,4.729654876,3.744705846,3.495193901,4.01068647,BRMS
UKENSW_WXW_TP000005,124,3,04/06/2024,4.729654876,3.80960953,3.572520442,4.062677142,BRMS
UKENSW_WXW_TP000005,124,4,11/06/2024,5.096033204,3.947917071,3.718046742,4.186132877,BRMS
UKENSW_WXW_TP000005,124,5,18/06/2024,5.462411531,4.097405382,3.87972316,4.317252092,BRMS
UKENSW_WXW_TP000005,124,6,25/06/2024,5.473924483,4.230152539,4.017729873,4.445825751,BRMS
UKENSW_WXW_TP000005,124,7,02/07/2024,5.485437434,4.348853214,4.14086251,4.566305589,BRMS
UKENSW_WXW_TP000005,124,8,09/07/2024,5.203303458,4.459260217,4.25736733,4.689266168,BRMS
UKENSW_WXW_TP000005,124,9,16/07/2024,4.921169482,4.436686409,4.230904789,4.646711865,BRMS
UKENSW_WXW_TP000005,124,10,23/07/2024,5.66926845,4.614986633,4.421261835,4.825077512,BRMS
UKENSW_WXW_TP000005,124,11,30/07/2024,6.417367418,4.737825798,4.547895624,4.957293118,BRMS
UKENSW_WXW_TP000005,124,12,06/08/2024,6.164377245,4.801979476,4.615436891,5.017065108,BRMS
UKENSW_WXW_TP000005,124,13,13/08/2024,5.911387071,4.812247641,4.622490051,5.026362592,BRMS
UKENSW_WXW_TP000005,124,14,20/08/2024,5.492358404,4.806145702,4.612293037,5.028223591,BRMS
UKENSW_WXW_TP000005,124,15,27/08/2024,5.073329736,4.813839994,4.616054942,5.032146663,BRMS
UKENSW_WXW_TP000005,124,16,03/09/2024,5.619726382,4.769164948,4.562948856,4.994526726,BRMS
UKENSW_WXW_TP000005,124,17,10/09/2024,6.166123028,4.763088455,4.552601287,4.974991795,BRMS
UKENSW_WXW_TP000005,124,18,17/09/2024,5.930215713,4.702366346,4.4818138,4.917723893,BRMS
UKENSW_WXW_TP000005,124,19,24/09/2024,5.694308398,4.614315915,4.41056883,4.827705563,BRMS
UKENSW_WXW_TP000005,124,20,01/10/2024,5.479372403,4.533068097,4.312473417,4.748908709,BRMS
UKENSW_WXW_TP000005,124,21,08/10/2024,5.264436408,4.472479757,4.243244815,4.681605337,BRMS
UKENSW_WXW_TP000005,124,22,15/10/2024,5.474291968,4.492742123,4.269963233,4.687254239,BRMS
UKENSW_WXW_TP000005,124,23,22/10/2024,5.684147528,4.538630875,4.330902704,4.735639867,BRMS
UKENSW_WXW_TP000005,124,24,29/10/2024,5.684944764,4.588733873,4.385075024,4.791561355,BRMS
UKENSW_WXW_TP000005,124,25,05/11/2024,5.685741999,4.600924593,4.381564032,4.807088327,BRMS
UKENSW_WXW_TP000005,124,26,12/11/2024,5.5559877,4.589811949,4.349712335,4.800635573,BRMS
UKENSW_WXW_TP000005,124,27,19/11/2024,5.4262334,4.560552817,4.324451919,4.768199734,BRMS
UKENSW_WXW_TP000005,124,28,26/11/2024,5.302395869,4.5066611,4.303132503,4.711339913,BRMS
UKENSW_WXW_TP000005,124,29,03/12/2024,5.178558337,4.525102569,4.320318206,4.73481278,BRMS
UKENSW_WXW_TP000005,124,30,10/12/2024,5.27044095,4.467256554,4.271867895,4.672826712,BRMS
UKENSW_WXW_TP000005,124,31,17/12/2024,5.362323562,4.458715276,4.268774048,4.661606403,BRMS
UKENSW_WXW_TP000005,124,32,24/12/2024,5.35910735,4.437497822,4.230701033,4.638439088,BRMS
UKENSW_WXW_TP000005,124,33,31/12/2024,5.355891138,4.351819437,4.150855793,4.558919282,BRMS
UKENSW_WXW_TP000005,124,34,07/01/2025,5.42317003,4.232020969,4.028261001,4.439264935,BRMS
UKENSW_WXW_TP000005,124,35,14/01/2025,5.490448921,4.113087707,3.917362246,4.313568672,BRMS
UKENSW_WXW_TP000005,124,36,21/01/2025,5.566215802,4.046818524,3.850301539,4.251599248,BRMS
UKENSW_WXW_TP000005,124,37,28/01/2025,5.641982682,4.114538911,3.908841696,4.323497898,BRMS
UKENSW_WXW_TP000005,124,38,04/02/2025,5.467190452,4.280659339,4.084214467,4.477765743,BRMS
UKENSW_WXW_TP000005,124,39,11/02/2025,5.292398221,4.454533254,4.257150506,4.662215781,BRMS
UKENSW_WXW_TP000005,124,40,18/02/2025,5.56567029,4.580411598,4.372914578,4.796386578,BRMS
UKENSW_WXW_TP000005,124,41,25/02/2025,5.838942358,4.641679382,4.428198407,4.863951706,BRMS
UKENSW_WXW_TP000005,124,42,04/03/2025,5.807972702,4.67365624,4.462992216,4.896439429,BRMS
UKENSW_WXW_TP000005,124,43,11/03/2025,5.777003046,4.626909691,4.415337237,4.848992929,BRMS
UKENSW_WXW_TP000005,124,44,18/03/2025,5.978094324,4.588204582,4.360081264,4.819899835,BRMS
UKENSW_WXW_TP000005,124,45,25/03/2025,6.179185601,4.546745472,4.292652624,4.796786323,BRMS
UKENSW_WXW_TP000038,125,1,21/05/2024,NA,4.497357816,4.17910315,4.85471484,BRMS
UKENSW_WXW_TP000038,125,2,28/05/2024,5.078979892,4.532946785,4.227418413,4.867496787,BRMS
UKENSW_WXW_TP000038,125,3,04/06/2024,5.078979892,4.614239762,4.315586006,4.939354453,BRMS
UKENSW_WXW_TP000038,125,4,11/06/2024,4.857402053,4.747395609,4.458705586,5.053047508,BRMS
UKENSW_WXW_TP000038,125,5,18/06/2024,4.635824214,4.900661839,4.630225942,5.177297342,BRMS
UKENSW_WXW_TP000038,125,6,25/06/2024,4.852736625,5.038692853,4.786256081,5.286332013,BRMS
UKENSW_WXW_TP000038,125,7,02/07/2024,5.069649036,5.147183332,4.899906297,5.382313703,BRMS
UKENSW_WXW_TP000038,125,8,09/07/2024,4.964656371,5.266577211,5.040881149,5.493107286,BRMS
UKENSW_WXW_TP000038,125,9,16/07/2024,4.859663706,5.244151885,5.006587334,5.478606335,BRMS
UKENSW_WXW_TP000038,125,10,23/07/2024,5.133722546,5.40655158,5.171810125,5.644168167,BRMS
UKENSW_WXW_TP000038,125,11,30/07/2024,5.407781386,5.548792398,5.305896279,5.791724652,BRMS
UKENSW_WXW_TP000038,125,12,06/08/2024,5.258293848,5.639369988,5.395189794,5.882212515,BRMS
UKENSW_WXW_TP000038,125,13,13/08/2024,5.10880631,5.688338223,5.442283904,5.914857633,BRMS
UKENSW_WXW_TP000038,125,14,20/08/2024,5.293707192,5.71273419,5.473229701,5.92988396,BRMS
UKENSW_WXW_TP000038,125,15,27/08/2024,5.478608073,5.735503624,5.499253633,5.952646797,BRMS
UKENSW_WXW_TP000038,125,16,03/09/2024,5.571954585,5.731965834,5.508058652,5.942543577,BRMS
UKENSW_WXW_TP000038,125,17,10/09/2024,5.665301097,5.718864967,5.483975397,5.948297007,BRMS
UKENSW_WXW_TP000038,125,18,17/09/2024,5.507056674,5.655923565,5.429083693,5.899574893,BRMS
UKENSW_WXW_TP000038,125,19,24/09/2024,5.348812251,5.547149202,5.320587734,5.792033561,BRMS
UKENSW_WXW_TP000038,125,20,01/10/2024,5.245189373,5.456114234,5.245387388,5.695258167,BRMS
UKENSW_WXW_TP000038,125,21,08/10/2024,5.141566494,5.390350904,5.181611135,5.633012659,BRMS
UKENSW_WXW_TP000038,125,22,15/10/2024,5.370086016,5.389664578,5.174854172,5.647906247,BRMS
UKENSW_WXW_TP000038,125,23,22/10/2024,5.598605537,5.428136936,5.200118932,5.700764366,BRMS
UKENSW_WXW_TP000038,125,24,29/10/2024,5.259950661,5.480073196,5.243249556,5.75218569,BRMS
UKENSW_WXW_TP000038,125,25,05/11/2024,4.921295785,5.501473463,5.256808191,5.77030249,BRMS
UKENSW_WXW_TP000038,125,26,12/11/2024,4.817266809,5.493409133,5.263475018,5.755057724,BRMS
UKENSW_WXW_TP000038,125,27,19/11/2024,4.713237832,5.461612061,5.229290097,5.724257267,BRMS
UKENSW_WXW_TP000038,125,28,26/11/2024,4.897785518,5.430108779,5.187788379,5.679605852,BRMS
UKENSW_WXW_TP000038,125,29,03/12/2024,5.082333204,5.436255055,5.171326392,5.688540667,BRMS
UKENSW_WXW_TP000038,125,30,10/12/2024,5.249624043,5.359169354,5.116974083,5.61482884,BRMS
UKENSW_WXW_TP000038,125,31,17/12/2024,5.416914881,5.317134693,5.051479417,5.567251969,BRMS
UKENSW_WXW_TP000038,125,32,24/12/2024,5.448618564,5.272971337,5.013115941,5.533961904,BRMS
UKENSW_WXW_TP000038,125,33,31/12/2024,5.480322247,5.173144042,4.923995344,5.417486734,BRMS
UKENSW_WXW_TP000038,125,34,07/01/2025,5.217364315,5.034870566,4.767191701,5.274026707,BRMS
UKENSW_WXW_TP000038,125,35,14/01/2025,4.954406383,4.913899294,4.643852141,5.158576275,BRMS
UKENSW_WXW_TP000038,125,36,21/01/2025,4.979386571,4.859395891,4.586407336,5.116636434,BRMS
UKENSW_WXW_TP000038,125,37,28/01/2025,5.004366759,4.933879444,4.659025377,5.173883202,BRMS
UKENSW_WXW_TP000038,125,38,04/02/2025,5.003270165,5.052838559,4.798935189,5.305982728,BRMS
UKENSW_WXW_TP000038,125,39,11/02/2025,5.002173571,5.208118081,4.986289521,5.458159702,BRMS
UKENSW_WXW_TP000038,125,40,18/02/2025,5.276440683,5.331273722,5.113324283,5.568786895,BRMS
UKENSW_WXW_TP000038,125,41,25/02/2025,5.550707794,5.42275907,5.204145728,5.651125954,BRMS
UKENSW_WXW_TP000038,125,42,04/03/2025,5.191334725,5.476518955,5.251992758,5.720725522,BRMS
UKENSW_WXW_TP000038,125,43,11/03/2025,4.831961656,5.468604637,5.225600097,5.727828711,BRMS
UKENSW_WXW_TP000038,125,44,18/03/2025,5.20180142,5.443366438,5.178037888,5.721876923,BRMS
UKENSW_WXW_TP000038,125,45,25/03/2025,5.571641183,5.404729656,5.098284705,5.702575597,BRMS
UKENSW_WXW_TP000086,126,1,21/05/2024,NA,4.563429863,4.28419109,4.915468932,BRMS
UKENSW_WXW_TP000086,126,2,28/05/2024,4.369170902,4.597556195,4.365740202,4.863318426,BRMS
UKENSW_WXW_TP000086,126,3,04/06/2024,4.369170902,4.677557923,4.44146778,4.93007075,BRMS
UKENSW_WXW_TP000086,126,4,11/06/2024,3.952437991,4.81254383,4.578875911,5.045612353,BRMS
UKENSW_WXW_TP000086,126,5,18/06/2024,3.535705079,4.96548435,4.738593535,5.187733599,BRMS
UKENSW_WXW_TP000086,126,6,25/06/2024,4.343181293,5.107177225,4.88948512,5.317735031,BRMS
UKENSW_WXW_TP000086,126,7,02/07/2024,5.150657507,5.225071786,4.999495412,5.434698634,BRMS
UKENSW_WXW_TP000086,126,8,09/07/2024,5.121407014,5.348013826,5.116671555,5.553146156,BRMS
UKENSW_WXW_TP000086,126,9,16/07/2024,5.092156521,5.333051289,5.116598827,5.537745061,BRMS
UKENSW_WXW_TP000086,126,10,23/07/2024,5.118643353,5.505808742,5.307838849,5.695966049,BRMS
UKENSW_WXW_TP000086,126,11,30/07/2024,5.145130185,5.653898452,5.461722382,5.833481742,BRMS
UKENSW_WXW_TP000086,126,12,06/08/2024,5.299703644,5.750883369,5.555301332,5.932137063,BRMS
UKENSW_WXW_TP000086,126,13,13/08/2024,5.454277103,5.787371813,5.570996997,5.988406921,BRMS
UKENSW_WXW_TP000086,126,14,20/08/2024,5.053008363,5.826956114,5.60228687,6.010343325,BRMS
UKENSW_WXW_TP000086,126,15,27/08/2024,4.651739623,5.857856752,5.624155447,6.04430084,BRMS
UKENSW_WXW_TP000086,126,16,03/09/2024,5.072761312,5.871518493,5.651054578,6.083020056,BRMS
UKENSW_WXW_TP000086,126,17,10/09/2024,5.493783,5.876905959,5.666360809,6.076540925,BRMS
UKENSW_WXW_TP000086,126,18,17/09/2024,5.507861044,5.835621782,5.634946708,6.029189707,BRMS
UKENSW_WXW_TP000086,126,19,24/09/2024,5.521939087,5.748520099,5.545208765,5.942771689,BRMS
UKENSW_WXW_TP000086,126,20,01/10/2024,5.442358569,5.678788824,5.490642969,5.867798223,BRMS
UKENSW_WXW_TP000086,126,21,08/10/2024,5.362778051,5.629373205,5.440149839,5.823547904,BRMS
UKENSW_WXW_TP000086,126,22,15/10/2024,5.293530095,5.651646567,5.455296173,5.836933305,BRMS
UKENSW_WXW_TP000086,126,23,22/10/2024,5.224282138,5.710949179,5.519028808,5.900930354,BRMS
UKENSW_WXW_TP000086,126,24,29/10/2024,5.325224132,5.778954321,5.572453755,5.969728048,BRMS
UKENSW_WXW_TP000086,126,25,05/11/2024,5.426166125,5.81200534,5.598049324,6.004192843,BRMS
UKENSW_WXW_TP000086,126,26,12/11/2024,5.614184479,5.81654083,5.61125963,6.008138361,BRMS
UKENSW_WXW_TP000086,126,27,19/11/2024,5.802202832,5.786567538,5.578567819,5.98847779,BRMS
UKENSW_WXW_TP000086,126,28,26/11/2024,5.961094969,5.764038808,5.551725313,5.972887051,BRMS
UKENSW_WXW_TP000086,126,29,03/12/2024,6.119987105,5.78121547,5.563911499,5.988341562,BRMS
UKENSW_WXW_TP000086,126,30,10/12/2024,5.880656517,5.71312979,5.504075163,5.921714814,BRMS
UKENSW_WXW_TP000086,126,31,17/12/2024,5.641325929,5.697868635,5.49606449,5.899664115,BRMS
UKENSW_WXW_TP000086,126,32,24/12/2024,5.432354798,5.628237139,5.419807049,5.838182324,BRMS
UKENSW_WXW_TP000086,126,33,31/12/2024,5.223383667,5.525393249,5.328482386,5.727194652,BRMS
UKENSW_WXW_TP000086,126,34,07/01/2025,5.417967744,5.380638825,5.16980461,5.599274039,BRMS
UKENSW_WXW_TP000086,126,35,14/01/2025,5.612551821,5.250304753,5.035712301,5.461897018,BRMS
UKENSW_WXW_TP000086,126,36,21/01/2025,5.110385848,5.183788987,4.968155095,5.3904048,BRMS
UKENSW_WXW_TP000086,126,37,28/01/2025,4.608219874,5.247094117,5.027491455,5.447351886,BRMS
UKENSW_WXW_TP000086,126,38,04/02/2025,4.997434825,5.351850984,5.107837171,5.55110859,BRMS
UKENSW_WXW_TP000086,126,39,11/02/2025,5.386649776,5.488221876,5.248959256,5.680338178,BRMS
UKENSW_WXW_TP000086,126,40,18/02/2025,5.413648795,5.590249025,5.365840076,5.786272858,BRMS
UKENSW_WXW_TP000086,126,41,25/02/2025,5.440647813,5.656614946,5.431973859,5.855247484,BRMS
UKENSW_WXW_TP000086,126,42,04/03/2025,5.288583567,5.680275238,5.445884923,5.882465097,BRMS
UKENSW_WXW_TP000086,126,43,11/03/2025,5.13651932,5.643451714,5.412222575,5.861428537,BRMS
UKENSW_WXW_TP000086,126,44,18/03/2025,5.623723152,5.602441386,5.37532541,5.842666724,BRMS
UKENSW_WXW_TP000086,126,45,25/03/2025,6.110926983,5.552428481,5.304319324,5.831772525,BRMS
UKENSW_WXW_TP000100,127,1,21/05/2024,NA,4.513772643,4.203260753,4.871297679,BRMS
UKENSW_WXW_TP000100,127,2,28/05/2024,3.725560857,4.57011374,4.280879007,4.915847648,BRMS
UKENSW_WXW_TP000100,127,3,04/06/2024,3.725560857,4.653553059,4.391193469,4.979647973,BRMS
UKENSW_WXW_TP000100,127,4,11/06/2024,4.236372348,4.787967057,4.533504471,5.091888797,BRMS
UKENSW_WXW_TP000100,127,5,18/06/2024,4.747183838,4.930270431,4.671024023,5.228095683,BRMS
UKENSW_WXW_TP000100,127,6,25/06/2024,4.770980082,5.04937244,4.794079427,5.34513881,BRMS
UKENSW_WXW_TP000100,127,7,02/07/2024,4.794776326,5.132231132,4.883044285,5.427451043,BRMS
UKENSW_WXW_TP000100,127,8,09/07/2024,5.000818812,5.2287282,4.982956866,5.509224796,BRMS
UKENSW_WXW_TP000100,127,9,16/07/2024,5.206861298,5.205438659,4.956664896,5.480691917,BRMS
UKENSW_WXW_TP000100,127,10,23/07/2024,5.506029866,5.382494104,5.131716912,5.651665134,BRMS
UKENSW_WXW_TP000100,127,11,30/07/2024,5.805198433,5.532976446,5.296766202,5.806481541,BRMS
UKENSW_WXW_TP000100,127,12,06/08/2024,5.541473412,5.610365285,5.379590453,5.887780228,BRMS
UKENSW_WXW_TP000100,127,13,13/08/2024,5.277748391,5.615958444,5.390743467,5.893720554,BRMS
UKENSW_WXW_TP000100,127,14,20/08/2024,5.558670758,5.604575789,5.375009324,5.881495076,BRMS
UKENSW_WXW_TP000100,127,15,27/08/2024,5.839593124,5.599256272,5.36034793,5.885517317,BRMS
UKENSW_WXW_TP000100,127,16,03/09/2024,5.773416101,5.580609294,5.360408147,5.855033788,BRMS
UKENSW_WXW_TP000100,127,17,10/09/2024,5.707239078,5.565872718,5.33116002,5.857550735,BRMS
UKENSW_WXW_TP000100,127,18,17/09/2024,5.561936538,5.516415214,5.280495259,5.804034252,BRMS
UKENSW_WXW_TP000100,127,19,24/09/2024,5.416633997,5.425633866,5.193262636,5.731378809,BRMS
UKENSW_WXW_TP000100,127,20,01/10/2024,5.225189714,5.375454096,5.13226316,5.677092283,BRMS
UKENSW_WXW_TP000100,127,21,08/10/2024,5.033745431,5.352506934,5.130966988,5.648598023,BRMS
UKENSW_WXW_TP000100,127,22,15/10/2024,5.196616963,5.393041822,5.181989857,5.685659616,BRMS
UKENSW_WXW_TP000100,127,23,22/10/2024,5.359488494,5.453963114,5.235610129,5.745684104,BRMS
UKENSW_WXW_TP000100,127,24,29/10/2024,5.638882462,5.499983422,5.273690333,5.783478111,BRMS
UKENSW_WXW_TP000100,127,25,05/11/2024,5.918276429,5.522023637,5.291207532,5.796537087,BRMS
UKENSW_WXW_TP000100,127,26,12/11/2024,5.65666631,5.542349237,5.308834831,5.807856131,BRMS
UKENSW_WXW_TP000100,127,27,19/11/2024,5.395056191,5.542153247,5.302922684,5.819751602,BRMS
UKENSW_WXW_TP000100,127,28,26/11/2024,5.217468055,5.531315095,5.305103073,5.80371628,BRMS
UKENSW_WXW_TP000100,127,29,03/12/2024,5.039879919,5.552019163,5.329486894,5.803552568,BRMS
UKENSW_WXW_TP000100,127,30,10/12/2024,5.152713838,5.502347817,5.27595135,5.772891299,BRMS
UKENSW_WXW_TP000100,127,31,17/12/2024,5.265547757,5.493007113,5.274026929,5.741157774,BRMS
UKENSW_WXW_TP000100,127,32,24/12/2024,5.428868039,5.468842974,5.228708373,5.73612663,BRMS
UKENSW_WXW_TP000100,127,33,31/12/2024,5.59218832,5.375487299,5.147814785,5.63543938,BRMS
UKENSW_WXW_TP000100,127,34,07/01/2025,5.432584315,5.233906509,5.015538812,5.512991511,BRMS
UKENSW_WXW_TP000100,127,35,14/01/2025,5.272980309,5.114709081,4.88520655,5.398695978,BRMS
UKENSW_WXW_TP000100,127,36,21/01/2025,5.264965362,5.051182468,4.812596581,5.343958288,BRMS
UKENSW_WXW_TP000100,127,37,28/01/2025,5.256950415,5.106698933,4.8789841,5.377276259,BRMS
UKENSW_WXW_TP000100,127,38,04/02/2025,5.213099864,5.208783212,4.986381118,5.473216697,BRMS
UKENSW_WXW_TP000100,127,39,11/02/2025,5.169249312,5.347620878,5.122668148,5.608949815,BRMS
UKENSW_WXW_TP000100,127,40,18/02/2025,5.580236495,5.465479045,5.232525811,5.750272422,BRMS
UKENSW_WXW_TP000100,127,41,25/02/2025,5.991223677,5.530415512,5.290139229,5.817984943,BRMS
UKENSW_WXW_TP000100,127,42,04/03/2025,5.885226692,5.566237405,5.318841879,5.854505204,BRMS
UKENSW_WXW_TP000100,127,43,11/03/2025,5.779229707,5.536060264,5.281587273,5.829954073,BRMS
UKENSW_WXW_TP000100,127,44,18/03/2025,5.503467003,5.493323556,5.228800265,5.791262545,BRMS
UKENSW_WXW_TP000100,127,45,25/03/2025,5.227704298,5.429867836,5.157896907,5.74445359,BRMS
UKENSW_WXW_TP000101,128,1,21/05/2024,NA,4.862339605,4.368262986,5.274077938,BRMS
UKENSW_WXW_TP000101,128,2,28/05/2024,4.929792937,4.941424589,4.497310432,5.285896269,BRMS
UKENSW_WXW_TP000101,128,3,04/06/2024,4.929792937,5.037238086,4.603640869,5.358209247,BRMS
UKENSW_WXW_TP000101,128,4,11/06/2024,4.771346152,5.175837335,4.748794086,5.493574839,BRMS
UKENSW_WXW_TP000101,128,5,18/06/2024,4.612899367,5.318980948,4.878221017,5.653972744,BRMS
UKENSW_WXW_TP000101,128,6,25/06/2024,4.777073866,5.450652779,5.001587607,5.790476705,BRMS
UKENSW_WXW_TP000101,128,7,02/07/2024,4.941248365,5.57234032,5.144731058,5.905298374,BRMS
UKENSW_WXW_TP000101,128,8,09/07/2024,5.218331566,5.682094056,5.255132499,6.010118175,BRMS
UKENSW_WXW_TP000101,128,9,16/07/2024,5.495414767,5.641941096,5.207248775,5.979903481,BRMS
UKENSW_WXW_TP000101,128,10,23/07/2024,5.662156212,5.812690425,5.397928696,6.127339452,BRMS
UKENSW_WXW_TP000101,128,11,30/07/2024,5.828897656,5.947171474,5.535182826,6.261789022,BRMS
UKENSW_WXW_TP000101,128,12,06/08/2024,5.830880113,6.031220144,5.611949265,6.346558485,BRMS
UKENSW_WXW_TP000101,128,13,13/08/2024,5.832862569,6.048525042,5.63157823,6.365106273,BRMS
UKENSW_WXW_TP000101,128,14,20/08/2024,5.838817789,6.049095548,5.638915812,6.348463416,BRMS
UKENSW_WXW_TP000101,128,15,27/08/2024,5.844773009,6.057482511,5.659728921,6.361333236,BRMS
UKENSW_WXW_TP000101,128,16,03/09/2024,5.764299613,6.025285097,5.609620588,6.334945476,BRMS
UKENSW_WXW_TP000101,128,17,10/09/2024,5.683826217,6.02475456,5.609273468,6.337515837,BRMS
UKENSW_WXW_TP000101,128,18,17/09/2024,5.844427837,5.962145254,5.54199204,6.269986202,BRMS
UKENSW_WXW_TP000101,128,19,24/09/2024,6.005029456,5.875268059,5.466682086,6.182288986,BRMS
UKENSW_WXW_TP000101,128,20,01/10/2024,5.851088742,5.811400236,5.416647622,6.115698234,BRMS
UKENSW_WXW_TP000101,128,21,08/10/2024,5.697148027,5.778774488,5.392558257,6.093937117,BRMS
UKENSW_WXW_TP000101,128,22,15/10/2024,5.624322452,5.807564077,5.414488151,6.129288671,BRMS
UKENSW_WXW_TP000101,128,23,22/10/2024,5.551496877,5.846855531,5.440861387,6.163336065,BRMS
UKENSW_WXW_TP000101,128,24,29/10/2024,5.749933864,5.886653143,5.47393907,6.204725092,BRMS
UKENSW_WXW_TP000101,128,25,05/11/2024,5.948370851,5.906946594,5.50017484,6.221134153,BRMS
UKENSW_WXW_TP000101,128,26,12/11/2024,5.971097361,5.917507042,5.520809012,6.235753117,BRMS
UKENSW_WXW_TP000101,128,27,19/11/2024,5.993823871,5.91268109,5.524758346,6.222532998,BRMS
UKENSW_WXW_TP000101,128,28,26/11/2024,5.963315931,5.888077366,5.477820762,6.199754325,BRMS
UKENSW_WXW_TP000101,128,29,03/12/2024,5.93280799,5.901656618,5.49815732,6.240122357,BRMS
UKENSW_WXW_TP000101,128,30,10/12/2024,5.537670965,5.872147654,5.449556774,6.201358504,BRMS
UKENSW_WXW_TP000101,128,31,17/12/2024,5.142533939,5.868092925,5.461672333,6.205195711,BRMS
UKENSW_WXW_TP000101,128,32,24/12/2024,4.960052222,5.844898349,5.455411498,6.168148995,BRMS
UKENSW_WXW_TP000101,128,33,31/12/2024,4.777570505,5.748599813,5.328044832,6.080860818,BRMS
UKENSW_WXW_TP000101,128,34,07/01/2025,4.479868855,5.623623634,5.211255823,5.967674737,BRMS
UKENSW_WXW_TP000101,128,35,14/01/2025,4.182167205,5.518218894,5.136068506,5.860478122,BRMS
UKENSW_WXW_TP000101,128,36,21/01/2025,4.36496171,5.477350519,5.087207584,5.832048014,BRMS
UKENSW_WXW_TP000101,128,37,28/01/2025,4.547756214,5.544749323,5.147248443,5.895637869,BRMS
UKENSW_WXW_TP000101,128,38,04/02/2025,4.840249743,5.695811898,5.292010298,6.0501029,BRMS
UKENSW_WXW_TP000101,128,39,11/02/2025,5.132743272,5.849246906,5.429170072,6.204055711,BRMS
UKENSW_WXW_TP000101,128,40,18/02/2025,5.442840383,5.960155598,5.553121443,6.308694298,BRMS
UKENSW_WXW_TP000101,128,41,25/02/2025,5.752937494,6.024226709,5.623601429,6.370985065,BRMS
UKENSW_WXW_TP000101,128,42,04/03/2025,5.456295299,6.064007168,5.664052542,6.400038892,BRMS
UKENSW_WXW_TP000101,128,43,11/03/2025,5.159653104,6.026825887,5.612386778,6.357190097,BRMS
UKENSW_WXW_TP000101,128,44,18/03/2025,5.426435479,5.981304739,5.569890256,6.313789618,BRMS
UKENSW_WXW_TP000101,128,45,25/03/2025,5.693217854,5.930623185,5.513896525,6.273636543,BRMS
UKENTH_TWU_TP000010,129,1,21/05/2024,3.692810809,3.201399298,2.846847011,3.520530309,BRMS
UKENTH_TWU_TP000010,129,2,28/05/2024,3.692810809,3.264227763,2.955550557,3.534923456,BRMS
UKENTH_TWU_TP000010,129,3,04/06/2024,4.109168868,3.352799263,3.056492865,3.604427705,BRMS
UKENTH_TWU_TP000010,129,4,11/06/2024,4.525526926,3.493513001,3.208724599,3.731247287,BRMS
UKENTH_TWU_TP000010,129,5,18/06/2024,4.173631985,3.654980235,3.386158912,3.896836581,BRMS
UKENTH_TWU_TP000010,129,6,25/06/2024,3.821737044,3.793722071,3.531987484,4.038271818,BRMS
UKENTH_TWU_TP000010,129,7,02/07/2024,4.832482067,3.894193636,3.633405886,4.132970267,BRMS
UKENTH_TWU_TP000010,129,8,09/07/2024,5.843227089,3.996239754,3.729595629,4.249207112,BRMS
UKENTH_TWU_TP000010,129,9,16/07/2024,5.265646091,3.973484966,3.711737238,4.231787745,BRMS
UKENTH_TWU_TP000010,129,10,23/07/2024,4.688065092,4.139186419,3.882325323,4.385819679,BRMS
UKENTH_TWU_TP000010,129,11,30/07/2024,4.688065092,4.293340563,4.033781081,4.538772407,BRMS
UKENTH_TWU_TP000010,129,12,06/08/2024,NA,4.381608388,4.133129601,4.623709552,BRMS
UKENTH_TWU_TP000010,129,13,13/08/2024,NA,4.408722115,4.161261626,4.642890995,BRMS
UKENTH_TWU_TP000010,129,14,20/08/2024,NA,4.406483886,4.147696043,4.640724336,BRMS
UKENTH_TWU_TP000010,129,15,27/08/2024,NA,4.411325671,4.13320487,4.640159807,BRMS
UKENTH_TWU_TP000010,129,16,03/09/2024,4.666089603,4.394324957,4.158678419,4.614313163,BRMS
UKENTH_TWU_TP000010,129,17,10/09/2024,4.666089603,4.368609045,4.133583331,4.586801174,BRMS
UKENTH_TWU_TP000010,129,18,17/09/2024,4.817407727,4.299331731,4.064941224,4.523841066,BRMS
UKENTH_TWU_TP000010,129,19,24/09/2024,4.96872585,4.18236953,3.958429611,4.419408448,BRMS
UKENTH_TWU_TP000010,129,20,01/10/2024,5.024351963,4.098456602,3.864469721,4.343503365,BRMS
UKENTH_TWU_TP000010,129,21,08/10/2024,5.328577469,4.048612677,3.80836611,4.290604621,BRMS
UKENTH_TWU_TP000010,129,22,15/10/2024,5.328577469,4.044840454,3.813168792,4.271978448,BRMS
UKENTH_TWU_TP000010,129,23,22/10/2024,5.372906258,4.071488322,3.82668861,4.304174742,BRMS
UKENTH_TWU_TP000010,129,24,29/10/2024,5.168635653,4.083867833,3.829505123,4.318874851,BRMS
UKENTH_TWU_TP000010,129,25,05/11/2024,5.168635653,4.077467555,3.82030347,4.307359098,BRMS
UKENTH_TWU_TP000010,129,26,12/11/2024,5.129964309,4.067809494,3.787314445,4.307889284,BRMS
UKENTH_TWU_TP000010,129,27,19/11/2024,5.250499319,4.056546276,3.765540212,4.297837953,BRMS
UKENTH_TWU_TP000010,129,28,26/11/2024,5.250499319,4.03732465,3.755256929,4.2749577,BRMS
UKENTH_TWU_TP000010,129,29,03/12/2024,5.371034328,4.050517611,3.743973402,4.291285019,BRMS
UKENTH_TWU_TP000010,129,30,10/12/2024,5.709554293,4.008151167,3.718848984,4.250870891,BRMS
UKENTH_TWU_TP000010,129,31,17/12/2024,5.709554293,3.993732057,3.7398995,4.232109704,BRMS
UKENTH_TWU_TP000010,129,32,24/12/2024,5.187756925,4.012377353,3.716670896,4.243508868,BRMS
UKENTH_TWU_TP000010,129,33,31/12/2024,5.179934541,3.943841749,3.66494115,4.165817815,BRMS
UKENTH_TWU_TP000010,129,34,07/01/2025,5.179934541,3.839701759,3.557416886,4.055948415,BRMS
UKENTH_TWU_TP000010,129,35,14/01/2025,5.289221649,3.762047815,3.477972392,3.983533455,BRMS
UKENTH_TWU_TP000010,129,36,21/01/2025,4.884533771,3.742197841,3.462677023,3.966291479,BRMS
UKENTH_TWU_TP000010,129,37,28/01/2025,4.884533771,3.834078481,3.558652798,4.054490079,BRMS
UKENTH_TWU_TP000010,129,38,04/02/2025,5.90403448,3.968616765,3.720714446,4.170717754,BRMS
UKENTH_TWU_TP000010,129,39,11/02/2025,5.854370689,4.143582822,3.884908175,4.347447133,BRMS
UKENTH_TWU_TP000010,129,40,18/02/2025,5.854370689,4.295504859,4.036576099,4.515157893,BRMS
UKENTH_TWU_TP000010,129,41,25/02/2025,5.804706897,4.416853355,4.142303486,4.647105131,BRMS
UKENTH_TWU_TP000010,129,42,04/03/2025,6.036033196,4.478943792,4.200930315,4.709020885,BRMS
UKENTH_TWU_TP000010,129,43,11/03/2025,6.138686458,4.473238216,4.205061415,4.708883798,BRMS
UKENTH_TWU_TP000010,129,44,18/03/2025,6.138686458,4.451897404,4.165147804,4.709889328,BRMS
UKENTH_TWU_TP000010,129,45,25/03/2025,6.241339719,4.402855014,4.094354696,4.685843141,BRMS
UKENTH_TWU_TP000013,130,1,21/05/2024,NA,3.963314932,3.693978127,4.209970081,BRMS
UKENTH_TWU_TP000013,130,2,28/05/2024,4.114532034,4.015309783,3.793315725,4.225649714,BRMS
UKENTH_TWU_TP000013,130,3,04/06/2024,4.114532034,4.088739948,3.87595941,4.289239722,BRMS
UKENTH_TWU_TP000013,130,4,11/06/2024,4.110710508,4.241610303,4.031192098,4.433448629,BRMS
UKENTH_TWU_TP000013,130,5,18/06/2024,4.106888982,4.416742798,4.213405161,4.60789776,BRMS
UKENTH_TWU_TP000013,130,6,25/06/2024,4.495391605,4.568480661,4.367051914,4.762577198,BRMS
UKENTH_TWU_TP000013,130,7,02/07/2024,4.883894227,4.68343706,4.480507175,4.870956128,BRMS
UKENTH_TWU_TP000013,130,8,09/07/2024,4.883123157,4.779138377,4.567027729,4.983465844,BRMS
UKENTH_TWU_TP000013,130,9,16/07/2024,4.882352086,4.722818938,4.51831778,4.917637826,BRMS
UKENTH_TWU_TP000013,130,10,23/07/2024,5.225033916,4.871898649,4.670324968,5.058228372,BRMS
UKENTH_TWU_TP000013,130,11,30/07/2024,5.567715746,5.003951795,4.79529571,5.194717137,BRMS
UKENTH_TWU_TP000013,130,12,06/08/2024,5.418287622,5.092954099,4.883002534,5.277566699,BRMS
UKENTH_TWU_TP000013,130,13,13/08/2024,5.268859498,5.127581656,4.92070814,5.316557868,BRMS
UKENTH_TWU_TP000013,130,14,20/08/2024,5.484214039,5.126060031,4.922448078,5.311013377,BRMS
UKENTH_TWU_TP000013,130,15,27/08/2024,5.69956858,5.126219624,4.921227024,5.304294366,BRMS
UKENTH_TWU_TP000013,130,16,03/09/2024,5.817121666,5.082441107,4.875568453,5.25548237,BRMS
UKENTH_TWU_TP000013,130,17,10/09/2024,5.934674752,5.065043718,4.852392517,5.245711311,BRMS
UKENTH_TWU_TP000013,130,18,17/09/2024,5.797223173,5.006439248,4.799083138,5.189991581,BRMS
UKENTH_TWU_TP000013,130,19,24/09/2024,5.659771593,4.924489296,4.726548522,5.109801246,BRMS
UKENTH_TWU_TP000013,130,20,01/10/2024,5.466068748,4.851598501,4.653841311,5.031712576,BRMS
UKENTH_TWU_TP000013,130,21,08/10/2024,5.272365903,4.808337125,4.611031803,4.994915005,BRMS
UKENTH_TWU_TP000013,130,22,15/10/2024,5.13264127,4.826337405,4.621418165,5.014487692,BRMS
UKENTH_TWU_TP000013,130,23,22/10/2024,4.992916636,4.878749382,4.674743852,5.060446078,BRMS
UKENTH_TWU_TP000013,130,24,29/10/2024,5.03522131,4.931321259,4.722550468,5.113483419,BRMS
UKENTH_TWU_TP000013,130,25,05/11/2024,5.077525983,4.969333986,4.762967661,5.150054689,BRMS
UKENTH_TWU_TP000013,130,26,12/11/2024,5.384987772,4.986825588,4.776176453,5.173069844,BRMS
UKENTH_TWU_TP000013,130,27,19/11/2024,5.692449561,5.001410824,4.793069148,5.184235844,BRMS
UKENTH_TWU_TP000013,130,28,26/11/2024,5.496594941,4.99313451,4.791246129,5.170958006,BRMS
UKENTH_TWU_TP000013,130,29,03/12/2024,5.300740321,4.99920316,4.779637948,5.192203297,BRMS
UKENTH_TWU_TP000013,130,30,10/12/2024,5.194307884,4.960278606,4.751416396,5.145545772,BRMS
UKENTH_TWU_TP000013,130,31,17/12/2024,5.087875446,4.936011681,4.716368944,5.129006766,BRMS
UKENTH_TWU_TP000013,130,32,24/12/2024,5.087875446,4.957379358,4.749165463,5.150930309,BRMS
UKENTH_TWU_TP000013,130,33,31/12/2024,5.150162887,4.861685977,4.653505277,5.049324351,BRMS
UKENTH_TWU_TP000013,130,34,07/01/2025,5.290099698,4.74515738,4.538332082,4.930382881,BRMS
UKENTH_TWU_TP000013,130,35,14/01/2025,5.290099698,4.656761207,4.454523137,4.835902256,BRMS
UKENTH_TWU_TP000013,130,36,21/01/2025,5.170146039,4.628753217,4.423379734,4.81251335,BRMS
UKENTH_TWU_TP000013,130,37,28/01/2025,4.910255568,4.763455768,4.548078281,4.962497981,BRMS
UKENTH_TWU_TP000013,130,38,04/02/2025,4.368957223,4.927536443,4.713790246,5.127637209,BRMS
UKENTH_TWU_TP000013,130,39,11/02/2025,3.827658878,5.109929318,4.894486873,5.315059566,BRMS
UKENTH_TWU_TP000013,130,40,18/02/2025,4.582401212,5.263059698,5.048379149,5.45148438,BRMS
UKENTH_TWU_TP000013,130,41,25/02/2025,5.337143545,5.346533288,5.136564688,5.53178861,BRMS
UKENTH_TWU_TP000013,130,42,04/03/2025,5.68199519,5.38378799,5.176610985,5.562025385,BRMS
UKENTH_TWU_TP000013,130,43,11/03/2025,6.026846834,5.357043779,5.148550462,5.53638295,BRMS
UKENTH_TWU_TP000013,130,44,18/03/2025,5.983399548,5.309749658,5.105665093,5.494603679,BRMS
UKENTH_TWU_TP000013,130,45,25/03/2025,5.939952261,5.245701738,5.029122963,5.446711898,BRMS
UKENTH_TWU_TP000014,131,1,21/05/2024,NA,3.312481101,3.058153811,3.581446037,BRMS
UKENTH_TWU_TP000014,131,2,28/05/2024,3.372705821,3.359132956,3.137322897,3.596489979,BRMS
UKENTH_TWU_TP000014,131,3,04/06/2024,3.372705821,3.429750007,3.205935956,3.653491848,BRMS
UKENTH_TWU_TP000014,131,4,11/06/2024,3.645899824,3.574181658,3.352473626,3.796219708,BRMS
UKENTH_TWU_TP000014,131,5,18/06/2024,3.919093827,3.736386912,3.527227577,3.959733463,BRMS
UKENTH_TWU_TP000014,131,6,25/06/2024,3.956499806,3.87154614,3.665597039,4.087090551,BRMS
UKENTH_TWU_TP000014,131,7,02/07/2024,3.993905784,3.968459197,3.765498751,4.183787444,BRMS
UKENTH_TWU_TP000014,131,8,09/07/2024,3.866965006,4.04097434,3.829634615,4.274832912,BRMS
UKENTH_TWU_TP000014,131,9,16/07/2024,3.740024228,3.961970493,3.7518784,4.168913489,BRMS
UKENTH_TWU_TP000014,131,10,23/07/2024,3.872377841,4.08829509,3.887532938,4.300287206,BRMS
UKENTH_TWU_TP000014,131,11,30/07/2024,4.004731453,4.211192788,4.006977526,4.411130795,BRMS
UKENTH_TWU_TP000014,131,12,06/08/2024,3.985936491,4.294129053,4.088188507,4.489375856,BRMS
UKENTH_TWU_TP000014,131,13,13/08/2024,3.967141529,4.330470844,4.127081591,4.522033133,BRMS
UKENTH_TWU_TP000014,131,14,20/08/2024,4.216320236,4.332602797,4.130493158,4.52395609,BRMS
UKENTH_TWU_TP000014,131,15,27/08/2024,4.465498942,4.334438626,4.128071884,4.533345866,BRMS
UKENTH_TWU_TP000014,131,16,03/09/2024,4.220430587,4.296094143,4.088440555,4.497222826,BRMS
UKENTH_TWU_TP000014,131,17,10/09/2024,3.975362232,4.273679041,4.06304059,4.486635272,BRMS
UKENTH_TWU_TP000014,131,18,17/09/2024,4.198715019,4.209358122,4.005851625,4.423174072,BRMS
UKENTH_TWU_TP000014,131,19,24/09/2024,4.422067806,4.116159121,3.910683471,4.3347709,BRMS
UKENTH_TWU_TP000014,131,20,01/10/2024,4.716912536,4.035222632,3.834514584,4.242690182,BRMS
UKENTH_TWU_TP000014,131,21,08/10/2024,5.011757266,3.982592692,3.78083251,4.181491926,BRMS
UKENTH_TWU_TP000014,131,22,15/10/2024,4.665332182,3.988372972,3.792468675,4.186240848,BRMS
UKENTH_TWU_TP000014,131,23,22/10/2024,4.318907098,4.027246943,3.833802344,4.234808274,BRMS
UKENTH_TWU_TP000014,131,24,29/10/2024,4.318907098,4.073405867,3.888052976,4.28064319,BRMS
UKENTH_TWU_TP000014,131,25,05/11/2024,NA,4.116345375,3.923273388,4.322066387,BRMS
UKENTH_TWU_TP000014,131,26,12/11/2024,4.690651191,4.136919361,3.942550497,4.337663383,BRMS
UKENTH_TWU_TP000014,131,27,19/11/2024,4.690651191,4.152888342,3.950666041,4.352345772,BRMS
UKENTH_TWU_TP000014,131,28,26/11/2024,4.551321526,4.142700783,3.945910709,4.349058525,BRMS
UKENTH_TWU_TP000014,131,29,03/12/2024,4.41199186,4.148751282,3.959089061,4.354861048,BRMS
UKENTH_TWU_TP000014,131,30,10/12/2024,4.051122647,4.109893868,3.911643775,4.318244299,BRMS
UKENTH_TWU_TP000014,131,31,17/12/2024,3.690253433,4.087136372,3.895466817,4.292556066,BRMS
UKENTH_TWU_TP000014,131,32,24/12/2024,3.571707989,4.082065261,3.879823851,4.297575263,BRMS
UKENTH_TWU_TP000014,131,33,31/12/2024,3.453162545,3.985127381,3.77789602,4.198276023,BRMS
UKENTH_TWU_TP000014,131,34,07/01/2025,3.998679834,3.871087693,3.660694971,4.087986074,BRMS
UKENTH_TWU_TP000014,131,35,14/01/2025,4.544197123,3.783330642,3.575426119,4.001314905,BRMS
UKENTH_TWU_TP000014,131,36,21/01/2025,3.933628745,3.757188667,3.540707283,3.97283868,BRMS
UKENTH_TWU_TP000014,131,37,28/01/2025,3.323060366,3.897200513,3.679674362,4.110628183,BRMS
UKENTH_TWU_TP000014,131,38,04/02/2025,3.741106273,4.06018764,3.85569557,4.281507906,BRMS
UKENTH_TWU_TP000014,131,39,11/02/2025,4.159152179,4.252403057,4.045414906,4.472591963,BRMS
UKENTH_TWU_TP000014,131,40,18/02/2025,4.066572039,4.398038464,4.191969435,4.608394925,BRMS
UKENTH_TWU_TP000014,131,41,25/02/2025,3.973991899,4.497238088,4.288804776,4.707560783,BRMS
UKENTH_TWU_TP000014,131,42,04/03/2025,4.112344071,4.540204553,4.322512273,4.769753525,BRMS
UKENTH_TWU_TP000014,131,43,11/03/2025,4.250696242,4.520088509,4.301066173,4.771930681,BRMS
UKENTH_TWU_TP000014,131,44,18/03/2025,4.470655642,4.482699791,4.261061813,4.734937925,BRMS
UKENTH_TWU_TP000014,131,45,25/03/2025,4.690615041,4.429756496,4.19642626,4.669005938,BRMS
UKENTH_TWU_TP000015,132,1,21/05/2024,NA,3.547605554,3.235452695,3.875173517,BRMS
UKENTH_TWU_TP000015,132,2,28/05/2024,4.533701796,3.603116288,3.30916135,3.863055483,BRMS
UKENTH_TWU_TP000015,132,3,04/06/2024,4.533701796,3.690162278,3.400287131,3.95030622,BRMS
UKENTH_TWU_TP000015,132,4,11/06/2024,4.727237954,3.852454666,3.561510971,4.098242532,BRMS
UKENTH_TWU_TP000015,132,5,18/06/2024,4.920774112,4.016887506,3.730195747,4.264359462,BRMS
UKENTH_TWU_TP000015,132,6,25/06/2024,5.105981128,4.153353484,3.874806246,4.406110031,BRMS
UKENTH_TWU_TP000015,132,7,02/07/2024,5.291188143,4.261208549,3.981964688,4.520930116,BRMS
UKENTH_TWU_TP000015,132,8,09/07/2024,4.918271047,4.352251133,4.094878454,4.591768504,BRMS
UKENTH_TWU_TP000015,132,9,16/07/2024,4.54535395,4.298720393,4.030203785,4.54164199,BRMS
UKENTH_TWU_TP000015,132,10,23/07/2024,4.876271883,4.43061874,4.172701578,4.664589309,BRMS
UKENTH_TWU_TP000015,132,11,30/07/2024,5.207189816,4.531712296,4.269572936,4.767444486,BRMS
UKENTH_TWU_TP000015,132,12,06/08/2024,5.140661898,4.586323196,4.317889791,4.835401624,BRMS
UKENTH_TWU_TP000015,132,13,13/08/2024,5.074133979,4.6044536,4.325628273,4.852931628,BRMS
UKENTH_TWU_TP000015,132,14,20/08/2024,5.174931816,4.60498124,4.328662929,4.849755229,BRMS
UKENTH_TWU_TP000015,132,15,27/08/2024,5.275729652,4.625712975,4.339188624,4.868378332,BRMS
UKENTH_TWU_TP000015,132,16,03/09/2024,5.169760548,4.601588578,4.334468018,4.848701458,BRMS
UKENTH_TWU_TP000015,132,17,10/09/2024,5.063791443,4.613911774,4.324297732,4.864427462,BRMS
UKENTH_TWU_TP000015,132,18,17/09/2024,4.566671844,4.575757215,4.303984897,4.823102454,BRMS
UKENTH_TWU_TP000015,132,19,24/09/2024,4.069552244,4.505391728,4.231366006,4.750101567,BRMS
UKENTH_TWU_TP000015,132,20,01/10/2024,4.409321702,4.439229876,4.183279338,4.672361622,BRMS
UKENTH_TWU_TP000015,132,21,08/10/2024,4.74909116,4.393770022,4.139655054,4.631054588,BRMS
UKENTH_TWU_TP000015,132,22,15/10/2024,5.088534337,4.414589575,4.15823816,4.661124618,BRMS
UKENTH_TWU_TP000015,132,23,22/10/2024,5.427977514,4.460090434,4.219582324,4.699203576,BRMS
UKENTH_TWU_TP000015,132,24,29/10/2024,5.483121721,4.508392132,4.262152718,4.755574482,BRMS
UKENTH_TWU_TP000015,132,25,05/11/2024,5.538265927,4.527268498,4.275569299,4.778045391,BRMS
UKENTH_TWU_TP000015,132,26,12/11/2024,4.975647161,4.50101202,4.243010149,4.74865384,BRMS
UKENTH_TWU_TP000015,132,27,19/11/2024,4.413028395,4.482835706,4.215121026,4.733020685,BRMS
UKENTH_TWU_TP000015,132,28,26/11/2024,4.963782856,4.44163635,4.186454429,4.68664785,BRMS
UKENTH_TWU_TP000015,132,29,03/12/2024,5.514537317,4.463405411,4.18763551,4.713789091,BRMS
UKENTH_TWU_TP000015,132,30,10/12/2024,5.147133757,4.42918107,4.164368988,4.669141678,BRMS
UKENTH_TWU_TP000015,132,31,17/12/2024,4.779730197,4.429023904,4.166958854,4.689430218,BRMS
UKENTH_TWU_TP000015,132,32,24/12/2024,4.895557763,4.46397798,4.201374578,4.711480193,BRMS
UKENTH_TWU_TP000015,132,33,31/12/2024,4.641592045,4.419852504,4.169375824,4.661548002,BRMS
UKENTH_TWU_TP000015,132,34,07/01/2025,4.641592045,4.355171443,4.09570002,4.605079711,BRMS
UKENTH_TWU_TP000015,132,35,14/01/2025,4.27179876,4.296547469,4.037263849,4.537705424,BRMS
UKENTH_TWU_TP000015,132,36,21/01/2025,4.471137275,4.29022499,4.024913654,4.541852982,BRMS
UKENTH_TWU_TP000015,132,37,28/01/2025,4.471137275,4.4157697,4.143399439,4.676809442,BRMS
UKENTH_TWU_TP000015,132,38,04/02/2025,4.57041112,4.620417322,4.34227462,4.88790761,BRMS
UKENTH_TWU_TP000015,132,39,11/02/2025,4.669684964,4.841700654,4.570017268,5.08685551,BRMS
UKENTH_TWU_TP000015,132,40,18/02/2025,4.675867966,4.995363395,4.722498917,5.240756084,BRMS
UKENTH_TWU_TP000015,132,41,25/02/2025,4.682050968,5.08971668,4.808950656,5.339333576,BRMS
UKENTH_TWU_TP000015,132,42,04/03/2025,5.073112711,5.11808414,4.839698347,5.370161889,BRMS
UKENTH_TWU_TP000015,132,43,11/03/2025,5.464174453,5.067857907,4.796903708,5.323011183,BRMS
UKENTH_TWU_TP000015,132,44,18/03/2025,5.274799087,5.01410035,4.745429397,5.278209408,BRMS
UKENTH_TWU_TP000015,132,45,25/03/2025,5.085423721,4.954863732,4.668515016,5.241052284,BRMS
UKENTH_TWU_TP000021,133,1,21/05/2024,NA,4.283076733,3.669336142,4.918556445,BRMS
UKENTH_TWU_TP000021,133,2,28/05/2024,4.072517563,4.347423378,3.729442267,4.977734546,BRMS
UKENTH_TWU_TP000021,133,3,04/06/2024,4.072517563,4.432863143,3.80562294,5.061962555,BRMS
UKENTH_TWU_TP000021,133,4,11/06/2024,3.865629936,4.591919893,3.982855906,5.206161666,BRMS
UKENTH_TWU_TP000021,133,5,18/06/2024,3.658742309,4.772225829,4.173843679,5.382150216,BRMS
UKENTH_TWU_TP000021,133,6,25/06/2024,4.479497589,4.925963705,4.322819167,5.537412794,BRMS
UKENTH_TWU_TP000021,133,7,02/07/2024,5.300252869,5.041705867,4.43045114,5.653863479,BRMS
UKENTH_TWU_TP000021,133,8,09/07/2024,4.715967828,5.132589174,4.494103609,5.748282268,BRMS
UKENTH_TWU_TP000021,133,9,16/07/2024,4.131682786,5.070366494,4.463537489,5.683529059,BRMS
UKENTH_TWU_TP000021,133,10,23/07/2024,3.953445401,5.214008444,4.596777957,5.800693409,BRMS
UKENTH_TWU_TP000021,133,11,30/07/2024,3.775208016,5.3473246,4.715434661,5.938219337,BRMS
UKENTH_TWU_TP000021,133,12,06/08/2024,3.759826396,5.439820054,4.795817625,6.031082623,BRMS
UKENTH_TWU_TP000021,133,13,13/08/2024,3.744444775,5.482827838,4.847279557,6.073025852,BRMS
UKENTH_TWU_TP000021,133,14,20/08/2024,4.270204814,5.491156716,4.874947703,6.088004717,BRMS
UKENTH_TWU_TP000021,133,15,27/08/2024,4.795964852,5.498699982,4.899096858,6.091038128,BRMS
UKENTH_TWU_TP000021,133,16,03/09/2024,4.749769433,5.463298054,4.852194041,6.071101137,BRMS
UKENTH_TWU_TP000021,133,17,10/09/2024,4.703574014,5.444666033,4.835139224,6.041221699,BRMS
UKENTH_TWU_TP000021,133,18,17/09/2024,3.959070393,5.382538536,4.760430684,5.98969992,BRMS
UKENTH_TWU_TP000021,133,19,24/09/2024,3.214566771,5.292999417,4.683739898,5.891633227,BRMS
UKENTH_TWU_TP000021,133,20,01/10/2024,3.043461901,5.213617814,4.613960035,5.817001434,BRMS
UKENTH_TWU_TP000021,133,21,08/10/2024,2.87235703,5.166353263,4.568522791,5.772467398,BRMS
UKENTH_TWU_TP000021,133,22,15/10/2024,3.022872028,5.177965991,4.586050249,5.786831362,BRMS
UKENTH_TWU_TP000021,133,23,22/10/2024,3.173387026,5.226483019,4.627444539,5.844831163,BRMS
UKENTH_TWU_TP000021,133,24,29/10/2024,3.300251502,5.279353888,4.683670524,5.887897716,BRMS
UKENTH_TWU_TP000021,133,25,05/11/2024,3.427115977,5.327026018,4.73068998,5.928645009,BRMS
UKENTH_TWU_TP000021,133,26,12/11/2024,3.724410491,5.356119463,4.740406681,5.969563349,BRMS
UKENTH_TWU_TP000021,133,27,19/11/2024,4.021705005,5.378657303,4.761361688,6.007378859,BRMS
UKENTH_TWU_TP000021,133,28,26/11/2024,3.689384665,5.373767239,4.757107865,6.006272839,BRMS
UKENTH_TWU_TP000021,133,29,03/12/2024,3.357064324,5.388066492,4.796444342,6.022731827,BRMS
UKENTH_TWU_TP000021,133,30,10/12/2024,3.690558619,5.35318509,4.736553341,5.994528576,BRMS
UKENTH_TWU_TP000021,133,31,17/12/2024,4.024052914,5.33472416,4.72917,5.964872214,BRMS
UKENTH_TWU_TP000021,133,32,24/12/2024,3.920829513,5.340575747,4.738771157,5.97751722,BRMS
UKENTH_TWU_TP000021,133,33,31/12/2024,3.817606111,5.248147869,4.635957915,5.8881824,BRMS
UKENTH_TWU_TP000021,133,34,07/01/2025,3.728058666,5.137171549,4.532555515,5.751646709,BRMS
UKENTH_TWU_TP000021,133,35,14/01/2025,3.63851122,5.053463448,4.456281518,5.653794377,BRMS
UKENTH_TWU_TP000021,133,36,21/01/2025,3.900401871,5.030050362,4.414332409,5.636321026,BRMS
UKENTH_TWU_TP000021,133,37,28/01/2025,4.162292522,5.169267433,4.5622086,5.777465766,BRMS
UKENTH_TWU_TP000021,133,38,04/02/2025,4.112479162,5.332942446,4.734797505,5.928802398,BRMS
UKENTH_TWU_TP000021,133,39,11/02/2025,4.062665801,5.523563267,4.923266233,6.120825394,BRMS
UKENTH_TWU_TP000021,133,40,18/02/2025,4.087496614,5.663203351,5.064491354,6.269722301,BRMS
UKENTH_TWU_TP000021,133,41,25/02/2025,4.112327426,5.753231909,5.141569615,6.359849969,BRMS
UKENTH_TWU_TP000021,133,42,04/03/2025,4.662148989,5.788924851,5.17339101,6.398000102,BRMS
UKENTH_TWU_TP000021,133,43,11/03/2025,4.887325633,5.759272911,5.132769248,6.362055861,BRMS
UKENTH_TWU_TP000021,133,44,18/03/2025,4.887325633,5.709173192,5.083832213,6.318959638,BRMS
UKENTH_TWU_TP000021,133,45,25/03/2025,4.562680715,5.64149949,5.023656667,6.244395492,BRMS
UKENTH_TWU_TP000033,134,1,21/05/2024,NA,4.303869369,4.012905278,4.605275114,BRMS
UKENTH_TWU_TP000033,134,2,28/05/2024,3.377917795,4.363913986,4.108168118,4.638314655,BRMS
UKENTH_TWU_TP000033,134,3,04/06/2024,3.377917795,4.456800745,4.223333386,4.723836774,BRMS
UKENTH_TWU_TP000033,134,4,11/06/2024,4.293770823,4.624745052,4.405779029,4.868973663,BRMS
UKENTH_TWU_TP000033,134,5,18/06/2024,5.209623851,4.799813363,4.592811408,5.033245268,BRMS
UKENTH_TWU_TP000033,134,6,25/06/2024,4.976872414,4.950540997,4.757737225,5.175574015,BRMS
UKENTH_TWU_TP000033,134,7,02/07/2024,4.744120977,5.077523793,4.880497447,5.308949875,BRMS
UKENTH_TWU_TP000033,134,8,09/07/2024,4.567886749,5.188661482,4.986865607,5.428488651,BRMS
UKENTH_TWU_TP000033,134,9,16/07/2024,4.391652521,5.159716142,4.969613631,5.374879663,BRMS
UKENTH_TWU_TP000033,134,10,23/07/2024,4.764440371,5.316599462,5.121404937,5.522661555,BRMS
UKENTH_TWU_TP000033,134,11,30/07/2024,5.13722822,5.433538118,5.23074863,5.646563161,BRMS
UKENTH_TWU_TP000033,134,12,06/08/2024,4.850361398,5.503799053,5.307740829,5.710861333,BRMS
UKENTH_TWU_TP000033,134,13,13/08/2024,4.563494575,5.528183942,5.3404765,5.738775779,BRMS
UKENTH_TWU_TP000033,134,14,20/08/2024,5.124060842,5.534031229,5.35203436,5.751055971,BRMS
UKENTH_TWU_TP000033,134,15,27/08/2024,5.684627108,5.556379671,5.376148144,5.776811871,BRMS
UKENTH_TWU_TP000033,134,16,03/09/2024,5.569303525,5.527723526,5.3451037,5.737677071,BRMS
UKENTH_TWU_TP000033,134,17,10/09/2024,5.453979942,5.536499702,5.352373319,5.755429422,BRMS
UKENTH_TWU_TP000033,134,18,17/09/2024,5.250594352,5.490215846,5.308003905,5.711219234,BRMS
UKENTH_TWU_TP000033,134,19,24/09/2024,5.047208762,5.416406514,5.232409663,5.646506393,BRMS
UKENTH_TWU_TP000033,134,20,01/10/2024,5.047208762,5.345713204,5.17065678,5.568097578,BRMS
UKENTH_TWU_TP000033,134,21,08/10/2024,NA,5.297924541,5.128474814,5.515059448,BRMS
UKENTH_TWU_TP000033,134,22,15/10/2024,NA,5.317928725,5.154818406,5.538751541,BRMS
UKENTH_TWU_TP000033,134,23,22/10/2024,5.147266715,5.364886638,5.190669839,5.57885965,BRMS
UKENTH_TWU_TP000033,134,24,29/10/2024,5.016990855,5.417002213,5.230775763,5.629287679,BRMS
UKENTH_TWU_TP000033,134,25,05/11/2024,5.016990855,5.434743273,5.241134808,5.647868775,BRMS
UKENTH_TWU_TP000033,134,26,12/11/2024,4.704122063,5.413501814,5.209254373,5.62394521,BRMS
UKENTH_TWU_TP000033,134,27,19/11/2024,4.52152913,5.399208104,5.196649622,5.610784268,BRMS
UKENTH_TWU_TP000033,134,28,26/11/2024,4.701998294,5.362613652,5.163646104,5.581944827,BRMS
UKENTH_TWU_TP000033,134,29,03/12/2024,4.882467458,5.38576325,5.182145524,5.605035434,BRMS
UKENTH_TWU_TP000033,134,30,10/12/2024,4.525068196,5.347319282,5.161734612,5.569967278,BRMS
UKENTH_TWU_TP000033,134,31,17/12/2024,4.167668933,5.341878761,5.143016995,5.572808226,BRMS
UKENTH_TWU_TP000033,134,32,24/12/2024,4.167668933,5.376055555,5.158452366,5.597540603,BRMS
UKENTH_TWU_TP000033,134,33,31/12/2024,5.156295505,5.32562738,5.120516479,5.538980318,BRMS
UKENTH_TWU_TP000033,134,34,07/01/2025,4.44241,5.252733426,5.053871194,5.465163771,BRMS
UKENTH_TWU_TP000033,134,35,14/01/2025,4.44241,5.182464641,4.972245226,5.394647756,BRMS
UKENTH_TWU_TP000033,134,36,21/01/2025,4.264391873,5.163302891,4.953416465,5.381000006,BRMS
UKENTH_TWU_TP000033,134,37,28/01/2025,4.800259251,5.273324915,5.058859617,5.48757124,BRMS
UKENTH_TWU_TP000033,134,38,04/02/2025,5.168121118,5.467126694,5.267627769,5.689507928,BRMS
UKENTH_TWU_TP000033,134,39,11/02/2025,5.535982984,5.672850414,5.478839842,5.894338695,BRMS
UKENTH_TWU_TP000033,134,40,18/02/2025,5.535982984,5.820166703,5.623575317,6.026625188,BRMS
UKENTH_TWU_TP000033,134,41,25/02/2025,NA,5.902896014,5.708926425,6.110850025,BRMS
UKENTH_TWU_TP000033,134,42,04/03/2025,5.78563861,5.926700991,5.729462616,6.140530643,BRMS
UKENTH_TWU_TP000033,134,43,11/03/2025,5.78563861,5.872174726,5.667009412,6.104756302,BRMS
UKENTH_TWU_TP000033,134,44,18/03/2025,5.78563861,5.813667836,5.603805486,6.048556666,BRMS
UKENTH_TWU_TP000033,134,45,25/03/2025,5.542301291,5.748195396,5.523216825,5.982150979,BRMS
UKENTH_TWU_TP000050,135,1,21/05/2024,NA,4.162820151,3.779601943,4.4847205,BRMS
UKENTH_TWU_TP000050,135,2,28/05/2024,4.138199744,4.213751616,3.861880296,4.500737686,BRMS
UKENTH_TWU_TP000050,135,3,04/06/2024,4.138199744,4.298277354,3.972844567,4.578874161,BRMS
UKENTH_TWU_TP000050,135,4,11/06/2024,4.442646894,4.458102589,4.11608284,4.735950049,BRMS
UKENTH_TWU_TP000050,135,5,18/06/2024,4.747094043,4.619359313,4.285992972,4.900497444,BRMS
UKENTH_TWU_TP000050,135,6,25/06/2024,4.770828007,4.753112137,4.424276782,5.027127459,BRMS
UKENTH_TWU_TP000050,135,7,02/07/2024,4.79456197,4.857147392,4.531399024,5.123602348,BRMS
UKENTH_TWU_TP000050,135,8,09/07/2024,4.758903393,4.946534192,4.639820289,5.216961068,BRMS
UKENTH_TWU_TP000050,135,9,16/07/2024,4.723244815,4.894916623,4.581337215,5.165811262,BRMS
UKENTH_TWU_TP000050,135,10,23/07/2024,4.893749895,5.030103031,4.70316994,5.304883285,BRMS
UKENTH_TWU_TP000050,135,11,30/07/2024,5.064254974,5.129025079,4.786441685,5.41711156,BRMS
UKENTH_TWU_TP000050,135,12,06/08/2024,4.757423297,5.181817043,4.844985707,5.469233038,BRMS
UKENTH_TWU_TP000050,135,13,13/08/2024,4.45059162,5.197687385,4.856726565,5.473577433,BRMS
UKENTH_TWU_TP000050,135,14,20/08/2024,4.957185807,5.192220989,4.851547522,5.465640743,BRMS
UKENTH_TWU_TP000050,135,15,27/08/2024,5.463779994,5.209625926,4.862286599,5.488491826,BRMS
UKENTH_TWU_TP000050,135,16,03/09/2024,5.418198052,5.182207821,4.852959877,5.462998113,BRMS
UKENTH_TWU_TP000050,135,17,10/09/2024,5.37261611,5.192700374,4.854445082,5.471972156,BRMS
UKENTH_TWU_TP000050,135,18,17/09/2024,5.140534482,5.153961703,4.822485573,5.421040212,BRMS
UKENTH_TWU_TP000050,135,19,24/09/2024,4.908452854,5.084241125,4.756602514,5.339435572,BRMS
UKENTH_TWU_TP000050,135,20,01/10/2024,4.821015054,5.017343774,4.678402845,5.268245236,BRMS
UKENTH_TWU_TP000050,135,21,08/10/2024,4.733577254,4.973162403,4.63245915,5.228717707,BRMS
UKENTH_TWU_TP000050,135,22,15/10/2024,4.591454946,4.994362761,4.651846588,5.251845075,BRMS
UKENTH_TWU_TP000050,135,23,22/10/2024,4.449332637,5.042102418,4.704955785,5.300029809,BRMS
UKENTH_TWU_TP000050,135,24,29/10/2024,5.021843846,5.091189286,4.762098266,5.343415366,BRMS
UKENTH_TWU_TP000050,135,25,05/11/2024,5.594355055,5.106736641,4.769636226,5.361268439,BRMS
UKENTH_TWU_TP000050,135,26,12/11/2024,4.95701213,5.083853354,4.754768009,5.353065745,BRMS
UKENTH_TWU_TP000050,135,27,19/11/2024,4.319669205,5.060933602,4.727367258,5.330832637,BRMS
UKENTH_TWU_TP000050,135,28,26/11/2024,4.79785442,5.015406422,4.691572835,5.275726214,BRMS
UKENTH_TWU_TP000050,135,29,03/12/2024,5.276039635,5.034510041,4.687370568,5.287233635,BRMS
UKENTH_TWU_TP000050,135,30,10/12/2024,5.512186936,4.997275445,4.682686395,5.259067404,BRMS
UKENTH_TWU_TP000050,135,31,17/12/2024,5.748334236,4.998517909,4.680801353,5.255317023,BRMS
UKENTH_TWU_TP000050,135,32,24/12/2024,5.501712241,5.028324124,4.675360924,5.287545253,BRMS
UKENTH_TWU_TP000050,135,33,31/12/2024,5.255090245,4.979460738,4.657505369,5.239562714,BRMS
UKENTH_TWU_TP000050,135,34,07/01/2025,5.133996463,4.909069479,4.592791179,5.159933189,BRMS
UKENTH_TWU_TP000050,135,35,14/01/2025,5.012902681,4.844152617,4.501472237,5.100434067,BRMS
UKENTH_TWU_TP000050,135,36,21/01/2025,5.195611149,4.832685705,4.485695666,5.101159986,BRMS
UKENTH_TWU_TP000050,135,37,28/01/2025,5.378319617,4.952299805,4.610898453,5.243853823,BRMS
UKENTH_TWU_TP000050,135,38,04/02/2025,5.47965737,5.153952019,4.813033017,5.442555636,BRMS
UKENTH_TWU_TP000050,135,39,11/02/2025,5.580995122,5.3751198,5.030071778,5.65930647,BRMS
UKENTH_TWU_TP000050,135,40,18/02/2025,4.514044655,5.529736818,5.180390008,5.81892643,BRMS
UKENTH_TWU_TP000050,135,41,25/02/2025,3.447094187,5.623100437,5.270299314,5.910928971,BRMS
UKENTH_TWU_TP000050,135,42,04/03/2025,4.440908233,5.653731248,5.299239918,5.94395903,BRMS
UKENTH_TWU_TP000050,135,43,11/03/2025,5.434722278,5.605184477,5.271218087,5.893436011,BRMS
UKENTH_TWU_TP000050,135,44,18/03/2025,5.525156633,5.552561713,5.208364114,5.843980045,BRMS
UKENTH_TWU_TP000050,135,45,25/03/2025,5.615590988,5.494047674,5.134447428,5.794260344,BRMS
UKENTH_TWU_TP000052,136,1,21/05/2024,2.97614197,3.370716952,3.108487712,3.636347969,BRMS
UKENTH_TWU_TP000052,136,2,28/05/2024,2.97614197,3.417340465,3.190110151,3.64965636,BRMS
UKENTH_TWU_TP000052,136,3,04/06/2024,3.204338858,3.486070234,3.263394606,3.705991058,BRMS
UKENTH_TWU_TP000052,136,4,11/06/2024,3.432535746,3.630363285,3.398685905,3.843261161,BRMS
UKENTH_TWU_TP000052,136,5,18/06/2024,3.844473619,3.791285073,3.578849629,4.012590183,BRMS
UKENTH_TWU_TP000052,136,6,25/06/2024,4.256411491,3.925297568,3.71719038,4.139828054,BRMS
UKENTH_TWU_TP000052,136,7,02/07/2024,3.840599945,4.020541159,3.810659138,4.230446721,BRMS
UKENTH_TWU_TP000052,136,8,09/07/2024,3.424788399,4.093060114,3.881366173,4.319510196,BRMS
UKENTH_TWU_TP000052,136,9,16/07/2024,3.424788399,4.01196045,3.800974941,4.216246348,BRMS
UKENTH_TWU_TP000052,136,10,23/07/2024,4.435834235,4.139609665,3.935226455,4.34309299,BRMS
UKENTH_TWU_TP000052,136,11,30/07/2024,4.214996471,4.261621025,4.049303588,4.457092484,BRMS
UKENTH_TWU_TP000052,136,12,06/08/2024,4.214996471,4.34414872,4.135678043,4.530924803,BRMS
UKENTH_TWU_TP000052,136,13,13/08/2024,3.474583453,4.380201592,4.172828774,4.565696429,BRMS
UKENTH_TWU_TP000052,136,14,20/08/2024,2.955008199,4.382351025,4.177910607,4.572182745,BRMS
UKENTH_TWU_TP000052,136,15,27/08/2024,3.271698044,4.384895544,4.176885396,4.58152011,BRMS
UKENTH_TWU_TP000052,136,16,03/09/2024,3.588387889,4.344881569,4.13735204,4.545374172,BRMS
UKENTH_TWU_TP000052,136,17,10/09/2024,3.85439913,4.322234366,4.111771965,4.531731014,BRMS
UKENTH_TWU_TP000052,136,18,17/09/2024,4.12041037,4.257519716,4.051617515,4.468361104,BRMS
UKENTH_TWU_TP000052,136,19,24/09/2024,4.12041037,4.164176346,3.956203065,4.38303538,BRMS
UKENTH_TWU_TP000052,136,20,01/10/2024,4.193629299,4.082622495,3.878818942,4.281491894,BRMS
UKENTH_TWU_TP000052,136,21,08/10/2024,4.204717565,4.028834361,3.828591795,4.223556063,BRMS
UKENTH_TWU_TP000052,136,22,15/10/2024,4.204717565,4.034247012,3.83708261,4.233087241,BRMS
UKENTH_TWU_TP000052,136,23,22/10/2024,4.444577385,4.07282787,3.881515281,4.282464949,BRMS
UKENTH_TWU_TP000052,136,24,29/10/2024,4.673348939,4.11773587,3.927116908,4.332495721,BRMS
UKENTH_TWU_TP000052,136,25,05/11/2024,4.673348939,4.158536871,3.968753183,4.36755133,BRMS
UKENTH_TWU_TP000052,136,26,12/11/2024,4.288852076,4.177708359,3.972430408,4.379827004,BRMS
UKENTH_TWU_TP000052,136,27,19/11/2024,3.241376285,4.194329459,3.994859538,4.389323061,BRMS
UKENTH_TWU_TP000052,136,28,26/11/2024,3.241376285,4.182698426,3.989981754,4.38854216,BRMS
UKENTH_TWU_TP000052,136,29,03/12/2024,3.398548792,4.187704488,3.99644021,4.390683991,BRMS
UKENTH_TWU_TP000052,136,30,10/12/2024,4.60319709,4.147788929,3.953477533,4.349806686,BRMS
UKENTH_TWU_TP000052,136,31,17/12/2024,4.296524397,4.122782814,3.933748927,4.330792543,BRMS
UKENTH_TWU_TP000052,136,32,24/12/2024,3.989851703,4.119009301,3.916709279,4.331166198,BRMS
UKENTH_TWU_TP000052,136,33,31/12/2024,3.909790361,4.02038381,3.815066371,4.228839293,BRMS
UKENTH_TWU_TP000052,136,34,07/01/2025,3.829729018,3.904152008,3.695281131,4.115115505,BRMS
UKENTH_TWU_TP000052,136,35,14/01/2025,3.458893623,3.815311761,3.607210276,4.03545491,BRMS
UKENTH_TWU_TP000052,136,36,21/01/2025,3.088058227,3.788354303,3.573505803,4.000388499,BRMS
UKENTH_TWU_TP000052,136,37,28/01/2025,3.821769751,3.927256436,3.715149729,4.137011568,BRMS
UKENTH_TWU_TP000052,136,38,04/02/2025,4.555481275,4.09057145,3.878951878,4.307450696,BRMS
UKENTH_TWU_TP000052,136,39,11/02/2025,4.703236698,4.282921434,4.066664624,4.500123661,BRMS
UKENTH_TWU_TP000052,136,40,18/02/2025,4.85099212,4.427207196,4.211964044,4.634516065,BRMS
UKENTH_TWU_TP000052,136,41,25/02/2025,4.909030817,4.526624911,4.30823355,4.73378444,BRMS
UKENTH_TWU_TP000052,136,42,04/03/2025,4.967069514,4.570689437,4.347217826,4.789329208,BRMS
UKENTH_TWU_TP000052,136,43,11/03/2025,4.967069514,4.551253114,4.321587811,4.802966573,BRMS
UKENTH_TWU_TP000052,136,44,18/03/2025,NA,4.513712575,4.28584643,4.769024611,BRMS
UKENTH_TWU_TP000052,136,45,25/03/2025,NA,4.461377752,4.221250993,4.699302644,BRMS
UKENTH_TWU_TP000054,137,1,21/05/2024,NA,3.83603025,3.619068877,4.069389556,BRMS
UKENTH_TWU_TP000054,137,2,28/05/2024,3.857142316,3.887862749,3.698866098,4.087737752,BRMS
UKENTH_TWU_TP000054,137,3,04/06/2024,3.857142316,3.963049257,3.778464243,4.14636325,BRMS
UKENTH_TWU_TP000054,137,4,11/06/2024,3.56681997,4.112438828,3.930272507,4.285404411,BRMS
UKENTH_TWU_TP000054,137,5,18/06/2024,3.276497623,4.280495159,4.112157826,4.459444343,BRMS
UKENTH_TWU_TP000054,137,6,25/06/2024,3.900506675,4.421379162,4.249865385,4.613576077,BRMS
UKENTH_TWU_TP000054,137,7,02/07/2024,4.524515727,4.52350844,4.350311426,4.717952578,BRMS
UKENTH_TWU_TP000054,137,8,09/07/2024,4.739535771,4.601257595,4.423242306,4.782785372,BRMS
UKENTH_TWU_TP000054,137,9,16/07/2024,4.954555814,4.526711785,4.345608577,4.727709119,BRMS
UKENTH_TWU_TP000054,137,10,23/07/2024,4.752180007,4.659161365,4.484051126,4.852820672,BRMS
UKENTH_TWU_TP000054,137,11,30/07/2024,4.549804199,4.785894053,4.610283459,4.986999603,BRMS
UKENTH_TWU_TP000054,137,12,06/08/2024,4.388075514,4.87230378,4.692336615,5.075481959,BRMS
UKENTH_TWU_TP000054,137,13,13/08/2024,4.226346829,4.910640907,4.731113937,5.114364421,BRMS
UKENTH_TWU_TP000054,137,14,20/08/2024,4.519765737,4.915564346,4.740031466,5.109008911,BRMS
UKENTH_TWU_TP000054,137,15,27/08/2024,4.813184644,4.918910095,4.740425966,5.112946919,BRMS
UKENTH_TWU_TP000054,137,16,03/09/2024,4.806167704,4.881650344,4.708480559,5.067741776,BRMS
UKENTH_TWU_TP000054,137,17,10/09/2024,4.799150764,4.859846341,4.67947979,5.059766564,BRMS
UKENTH_TWU_TP000054,137,18,17/09/2024,4.928906428,4.795905215,4.61996606,5.000793301,BRMS
UKENTH_TWU_TP000054,137,19,24/09/2024,5.058662091,4.702904512,4.527886378,4.905796211,BRMS
UKENTH_TWU_TP000054,137,20,01/10/2024,4.691851204,4.620745469,4.450038476,4.819874545,BRMS
UKENTH_TWU_TP000054,137,21,08/10/2024,4.325040317,4.569027128,4.404901738,4.762913705,BRMS
UKENTH_TWU_TP000054,137,22,15/10/2024,4.475808288,4.575637355,4.41598533,4.770687504,BRMS
UKENTH_TWU_TP000054,137,23,22/10/2024,4.626576259,4.617576929,4.455438678,4.804396736,BRMS
UKENTH_TWU_TP000054,137,24,29/10/2024,4.822263601,4.665297818,4.508985738,4.841234622,BRMS
UKENTH_TWU_TP000054,137,25,05/11/2024,5.017950943,4.709947272,4.55179652,4.879008368,BRMS
UKENTH_TWU_TP000054,137,26,12/11/2024,4.915661794,4.73384397,4.572320183,4.898570903,BRMS
UKENTH_TWU_TP000054,137,27,19/11/2024,4.813372644,4.75204033,4.589110875,4.918411356,BRMS
UKENTH_TWU_TP000054,137,28,26/11/2024,4.763447093,4.743754393,4.586753429,4.905059958,BRMS
UKENTH_TWU_TP000054,137,29,03/12/2024,4.713521542,4.75276973,4.582303166,4.926471842,BRMS
UKENTH_TWU_TP000054,137,30,10/12/2024,4.804296274,4.714218991,4.544584061,4.890576746,BRMS
UKENTH_TWU_TP000054,137,31,17/12/2024,4.895071006,4.691815846,4.526535376,4.863954335,BRMS
UKENTH_TWU_TP000054,137,32,24/12/2024,4.808288633,4.691958874,4.514298374,4.883368764,BRMS
UKENTH_TWU_TP000054,137,33,31/12/2024,4.721506259,4.596909236,4.428489678,4.778994985,BRMS
UKENTH_TWU_TP000054,137,34,07/01/2025,4.991716476,4.483845289,4.314246354,4.657443872,BRMS
UKENTH_TWU_TP000054,137,35,14/01/2025,5.261926693,4.398321652,4.224796659,4.577283425,BRMS
UKENTH_TWU_TP000054,137,36,21/01/2025,4.84076712,4.373982732,4.196538947,4.555676686,BRMS
UKENTH_TWU_TP000054,137,37,28/01/2025,4.419607547,4.514710804,4.332529533,4.70836662,BRMS
UKENTH_TWU_TP000054,137,38,04/02/2025,4.703521535,4.677926145,4.507921585,4.855518806,BRMS
UKENTH_TWU_TP000054,137,39,11/02/2025,4.987435523,4.870302737,4.701281825,5.047317918,BRMS
UKENTH_TWU_TP000054,137,40,18/02/2025,5.122573814,5.014512241,4.84344467,5.198107431,BRMS
UKENTH_TWU_TP000054,137,41,25/02/2025,5.257712105,5.110410637,4.933310755,5.311883791,BRMS
UKENTH_TWU_TP000054,137,42,04/03/2025,5.206166142,5.151355202,4.970348035,5.35317788,BRMS
UKENTH_TWU_TP000054,137,43,11/03/2025,5.154620179,5.128512028,4.95752744,5.325366711,BRMS
UKENTH_TWU_TP000054,137,44,18/03/2025,5.163981075,5.087486181,4.911979911,5.28133428,BRMS
UKENTH_TWU_TP000054,137,45,25/03/2025,5.173341971,5.030110886,4.837545376,5.232762182,BRMS
UKENTH_TWU_TP000073,138,1,21/05/2024,4.29831765,4.518080836,4.147449023,4.813158526,BRMS
UKENTH_TWU_TP000073,138,2,28/05/2024,3.954567443,4.57276174,4.232100179,4.840883544,BRMS
UKENTH_TWU_TP000073,138,3,04/06/2024,3.954567443,4.660939208,4.363676155,4.911236853,BRMS
UKENTH_TWU_TP000073,138,4,11/06/2024,4.270168262,4.824931126,4.550333457,5.074847201,BRMS
UKENTH_TWU_TP000073,138,5,18/06/2024,4.929519288,4.993915495,4.730833948,5.230994679,BRMS
UKENTH_TWU_TP000073,138,6,25/06/2024,4.580849022,5.137694206,4.893371992,5.374741396,BRMS
UKENTH_TWU_TP000073,138,7,02/07/2024,4.232178755,5.255551223,5.021427222,5.498629121,BRMS
UKENTH_TWU_TP000073,138,8,09/07/2024,4.639763002,5.35824028,5.107915408,5.600922106,BRMS
UKENTH_TWU_TP000073,138,9,16/07/2024,5.047347249,5.320772424,5.074368454,5.559360561,BRMS
UKENTH_TWU_TP000073,138,10,23/07/2024,5.054239843,5.468229773,5.187269118,5.692991103,BRMS
UKENTH_TWU_TP000073,138,11,30/07/2024,5.061132436,5.577689643,5.295565613,5.807898133,BRMS
UKENTH_TWU_TP000073,138,12,06/08/2024,4.717958266,5.641804569,5.366888264,5.879266342,BRMS
UKENTH_TWU_TP000073,138,13,13/08/2024,4.374784095,5.662536952,5.395387551,5.904976404,BRMS
UKENTH_TWU_TP000073,138,14,20/08/2024,4.864946601,5.662978228,5.400707629,5.898682074,BRMS
UKENTH_TWU_TP000073,138,15,27/08/2024,5.355109107,5.682800626,5.405066279,5.918751439,BRMS
UKENTH_TWU_TP000073,138,16,03/09/2024,4.981226411,5.654753682,5.398662139,5.878454437,BRMS
UKENTH_TWU_TP000073,138,17,10/09/2024,4.607343715,5.663207338,5.41994862,5.90115209,BRMS
UKENTH_TWU_TP000073,138,18,17/09/2024,5.07008034,5.619527622,5.383953251,5.855428535,BRMS
UKENTH_TWU_TP000073,138,19,24/09/2024,5.532816965,5.547261718,5.31350738,5.794631412,BRMS
UKENTH_TWU_TP000073,138,20,01/10/2024,5.391842978,5.477501289,5.228192989,5.718581078,BRMS
UKENTH_TWU_TP000073,138,21,08/10/2024,5.250868991,5.43081858,5.178733124,5.668224216,BRMS
UKENTH_TWU_TP000073,138,22,15/10/2024,5.460574182,5.451116162,5.192566051,5.688381078,BRMS
UKENTH_TWU_TP000073,138,23,22/10/2024,5.670279373,5.498605696,5.241096135,5.732147797,BRMS
UKENTH_TWU_TP000073,138,24,29/10/2024,4.992589257,5.549113606,5.297249299,5.786375119,BRMS
UKENTH_TWU_TP000073,138,25,05/11/2024,4.314899141,5.566294633,5.300539856,5.807387068,BRMS
UKENTH_TWU_TP000073,138,26,12/11/2024,5.083949873,5.543523127,5.271005982,5.777855557,BRMS
UKENTH_TWU_TP000073,138,27,19/11/2024,5.853000604,5.527048693,5.234553811,5.767591027,BRMS
UKENTH_TWU_TP000073,138,28,26/11/2024,5.65349934,5.488230278,5.214382873,5.718528504,BRMS
UKENTH_TWU_TP000073,138,29,03/12/2024,5.453998076,5.510589964,5.224432903,5.745299219,BRMS
UKENTH_TWU_TP000073,138,30,10/12/2024,5.492122392,5.47397648,5.205644228,5.707218451,BRMS
UKENTH_TWU_TP000073,138,31,17/12/2024,5.530246708,5.474186403,5.199487111,5.712562474,BRMS
UKENTH_TWU_TP000073,138,32,24/12/2024,5.530246708,5.506828761,5.185963585,5.746512069,BRMS
UKENTH_TWU_TP000073,138,33,31/12/2024,5.112510431,5.459032928,5.153401826,5.690198527,BRMS
UKENTH_TWU_TP000073,138,34,07/01/2025,5.375649134,5.389252409,5.098822249,5.618119516,BRMS
UKENTH_TWU_TP000073,138,35,14/01/2025,5.375649134,5.323328948,5.021423042,5.549353581,BRMS
UKENTH_TWU_TP000073,138,36,21/01/2025,5.965879316,5.309432816,5.017973492,5.533165078,BRMS
UKENTH_TWU_TP000073,138,37,28/01/2025,6.292970794,5.425315746,5.146347044,5.655195355,BRMS
UKENTH_TWU_TP000073,138,38,04/02/2025,4.781009068,5.623204256,5.348013237,5.86073766,BRMS
UKENTH_TWU_TP000073,138,39,11/02/2025,3.269047342,5.837300516,5.550969574,6.069526347,BRMS
UKENTH_TWU_TP000073,138,40,18/02/2025,4.219799803,5.987408912,5.694466779,6.208716171,BRMS
UKENTH_TWU_TP000073,138,41,25/02/2025,5.170552264,6.075604396,5.797155058,6.298282441,BRMS
UKENTH_TWU_TP000073,138,42,04/03/2025,5.294500153,6.103705673,5.834250077,6.330351709,BRMS
UKENTH_TWU_TP000073,138,43,11/03/2025,5.418448041,6.053132898,5.797786649,6.292826673,BRMS
UKENTH_TWU_TP000073,138,44,18/03/2025,5.366676431,5.997386516,5.738706591,6.245870762,BRMS
UKENTH_TWU_TP000073,138,45,25/03/2025,5.653875234,5.935743938,5.644747275,6.192074916,BRMS
UKENTH_TWU_TP000084,139,1,21/05/2024,NA,4.213119987,3.892429492,4.50180097,BRMS
UKENTH_TWU_TP000084,139,2,28/05/2024,4.421613524,4.270218907,3.984427218,4.525474838,BRMS
UKENTH_TWU_TP000084,139,3,04/06/2024,3.841228708,4.359829632,4.097612137,4.600326251,BRMS
UKENTH_TWU_TP000084,139,4,11/06/2024,3.841228708,4.524231839,4.26885026,4.758469259,BRMS
UKENTH_TWU_TP000084,139,5,18/06/2024,3.260843892,4.692676129,4.447637127,4.941570305,BRMS
UKENTH_TWU_TP000084,139,6,25/06/2024,4.869693589,4.83389777,4.594317969,5.077108369,BRMS
UKENTH_TWU_TP000084,139,7,02/07/2024,4.869693589,4.948244145,4.716291014,5.20180141,BRMS
UKENTH_TWU_TP000084,139,8,09/07/2024,4.271003212,5.044707344,4.811142403,5.292210034,BRMS
UKENTH_TWU_TP000084,139,9,16/07/2024,3.672312835,4.997125366,4.764071271,5.225572789,BRMS
UKENTH_TWU_TP000084,139,10,23/07/2024,4.381158537,5.135387562,4.886437756,5.360509278,BRMS
UKENTH_TWU_TP000084,139,11,30/07/2024,5.090004239,5.240846234,4.985097428,5.470045108,BRMS
UKENTH_TWU_TP000084,139,12,06/08/2024,5.358492699,5.300523813,5.050778583,5.536060371,BRMS
UKENTH_TWU_TP000084,139,13,13/08/2024,5.626981159,5.320731713,5.07958976,5.567331434,BRMS
UKENTH_TWU_TP000084,139,14,20/08/2024,5.054426572,5.323693309,5.084939048,5.569640312,BRMS
UKENTH_TWU_TP000084,139,15,27/08/2024,4.481871984,5.345277804,5.085865718,5.594500121,BRMS
UKENTH_TWU_TP000084,139,16,03/09/2024,4.798194367,5.320627094,5.079340516,5.556090673,BRMS
UKENTH_TWU_TP000084,139,17,10/09/2024,5.11451675,5.331964354,5.079563434,5.573557384,BRMS
UKENTH_TWU_TP000084,139,18,17/09/2024,4.299507296,5.291654007,5.060122141,5.526664134,BRMS
UKENTH_TWU_TP000084,139,19,24/09/2024,3.484497842,5.220708333,4.993091003,5.475732481,BRMS
UKENTH_TWU_TP000084,139,20,01/10/2024,4.130822282,5.153250333,4.920110836,5.391625035,BRMS
UKENTH_TWU_TP000084,139,21,08/10/2024,4.777146722,5.107108022,4.876386551,5.332338152,BRMS
UKENTH_TWU_TP000084,139,22,15/10/2024,4.912226638,5.127642155,4.890619794,5.356065233,BRMS
UKENTH_TWU_TP000084,139,23,22/10/2024,5.047306553,5.173431662,4.947474846,5.402214807,BRMS
UKENTH_TWU_TP000084,139,24,29/10/2024,5.086372224,5.222719153,5.006792297,5.456081517,BRMS
UKENTH_TWU_TP000084,139,25,05/11/2024,5.125437895,5.242885313,5.018649492,5.480138287,BRMS
UKENTH_TWU_TP000084,139,26,12/11/2024,4.830991015,5.217947385,4.986426652,5.449588376,BRMS
UKENTH_TWU_TP000084,139,27,19/11/2024,4.536544134,5.201931616,4.957888072,5.436090704,BRMS
UKENTH_TWU_TP000084,139,28,26/11/2024,4.632652109,5.162270493,4.91970344,5.385519383,BRMS
UKENTH_TWU_TP000084,139,29,03/12/2024,4.728760083,5.186603604,4.932691845,5.425444794,BRMS
UKENTH_TWU_TP000084,139,30,10/12/2024,4.923757717,5.152638252,4.916194587,5.387661959,BRMS
UKENTH_TWU_TP000084,139,31,17/12/2024,5.11875535,5.1529853,4.908512133,5.399002979,BRMS
UKENTH_TWU_TP000084,139,32,24/12/2024,4.614166119,5.189428328,4.916550241,5.438935522,BRMS
UKENTH_TWU_TP000084,139,33,31/12/2024,4.16382023,5.145347111,4.900508679,5.379403952,BRMS
UKENTH_TWU_TP000084,139,34,07/01/2025,4.16382023,5.081341895,4.83383074,5.313675641,BRMS
UKENTH_TWU_TP000084,139,35,14/01/2025,4.218063571,5.022598511,4.76131595,5.247264622,BRMS
UKENTH_TWU_TP000084,139,36,21/01/2025,4.008045721,5.015627153,4.755235317,5.245495386,BRMS
UKENTH_TWU_TP000084,139,37,28/01/2025,4.008045721,5.139831302,4.877811322,5.371255568,BRMS
UKENTH_TWU_TP000084,139,38,04/02/2025,4.458224438,5.343112447,5.090003312,5.590308497,BRMS
UKENTH_TWU_TP000084,139,39,11/02/2025,4.908403155,5.562008919,5.301755413,5.80065014,BRMS
UKENTH_TWU_TP000084,139,40,18/02/2025,4.969527087,5.714970963,5.450591071,5.943400667,BRMS
UKENTH_TWU_TP000084,139,41,25/02/2025,5.030651018,5.807645139,5.549881316,6.027980189,BRMS
UKENTH_TWU_TP000084,139,42,04/03/2025,5.194156901,5.834874972,5.576193868,6.063744981,BRMS
UKENTH_TWU_TP000084,139,43,11/03/2025,5.357662783,5.784761754,5.53534016,6.022856282,BRMS
UKENTH_TWU_TP000084,139,44,18/03/2025,5.340996877,5.728859467,5.480003865,5.97164676,BRMS
UKENTH_TWU_TP000084,139,45,25/03/2025,5.32433097,5.666623994,5.394150369,5.913456947,BRMS
UKENTH_TWU_TP000100,140,1,21/05/2024,NA,3.182761469,2.907541754,3.432568316,BRMS
UKENTH_TWU_TP000100,140,2,28/05/2024,4.11801768,3.240855041,3.017970457,3.452442971,BRMS
UKENTH_TWU_TP000100,140,3,04/06/2024,4.189450319,3.325128761,3.116096156,3.52279133,BRMS
UKENTH_TWU_TP000100,140,4,11/06/2024,4.189450319,3.46440891,3.27146074,3.651371244,BRMS
UKENTH_TWU_TP000100,140,5,18/06/2024,4.260882957,3.623934764,3.441564161,3.807311377,BRMS
UKENTH_TWU_TP000100,140,6,25/06/2024,5.155706771,3.761884121,3.581036232,3.943618083,BRMS
UKENTH_TWU_TP000100,140,7,02/07/2024,5.155706771,3.86086082,3.680919445,4.054508191,BRMS
UKENTH_TWU_TP000100,140,8,09/07/2024,5.074553738,3.963989786,3.775473964,4.153158204,BRMS
UKENTH_TWU_TP000100,140,9,16/07/2024,4.993400704,3.943908817,3.753010371,4.139559154,BRMS
UKENTH_TWU_TP000100,140,10,23/07/2024,5.225573375,4.114024886,3.929349857,4.294650212,BRMS
UKENTH_TWU_TP000100,140,11,30/07/2024,5.457746045,4.271641296,4.098058988,4.461809923,BRMS
UKENTH_TWU_TP000100,140,12,06/08/2024,4.423657458,4.3657851,4.192218961,4.558866908,BRMS
UKENTH_TWU_TP000100,140,13,13/08/2024,3.389568871,4.397208604,4.217242577,4.591081507,BRMS
UKENTH_TWU_TP000100,140,14,20/08/2024,4.492666763,4.400584253,4.20251904,4.584748716,BRMS
UKENTH_TWU_TP000100,140,15,27/08/2024,5.595764655,4.410110199,4.211723219,4.583892823,BRMS
UKENTH_TWU_TP000100,140,16,03/09/2024,5.406859323,4.398447312,4.203263449,4.57617012,BRMS
UKENTH_TWU_TP000100,140,17,10/09/2024,5.217953991,4.381116557,4.196697964,4.56228829,BRMS
UKENTH_TWU_TP000100,140,18,17/09/2024,5.009258572,4.320596722,4.121860683,4.500766579,BRMS
UKENTH_TWU_TP000100,140,19,24/09/2024,4.800563153,4.214724992,4.018830889,4.405941774,BRMS
UKENTH_TWU_TP000100,140,20,01/10/2024,4.756536845,4.141523407,3.950553768,4.328753978,BRMS
UKENTH_TWU_TP000100,140,21,08/10/2024,4.712510536,4.098161481,3.915344853,4.284374561,BRMS
UKENTH_TWU_TP000100,140,22,15/10/2024,4.848294782,4.103133623,3.923381534,4.280132562,BRMS
UKENTH_TWU_TP000100,140,23,22/10/2024,4.984079027,4.134928521,3.950435084,4.306792327,BRMS
UKENTH_TWU_TP000100,140,24,29/10/2024,5.345812554,4.150803758,3.95757616,4.333313208,BRMS
UKENTH_TWU_TP000100,140,25,05/11/2024,5.70754608,4.148131413,3.941544424,4.331031936,BRMS
UKENTH_TWU_TP000100,140,26,12/11/2024,5.567615166,4.136454553,3.931582258,4.318263717,BRMS
UKENTH_TWU_TP000100,140,27,19/11/2024,5.427684252,4.12830495,3.920118279,4.318953844,BRMS
UKENTH_TWU_TP000100,140,28,26/11/2024,5.280492351,4.107892932,3.902751619,4.289486599,BRMS
UKENTH_TWU_TP000100,140,29,03/12/2024,5.13330045,4.120156552,3.895975628,4.305710649,BRMS
UKENTH_TWU_TP000100,140,30,10/12/2024,5.569662083,4.075874537,3.858641148,4.27005825,BRMS
UKENTH_TWU_TP000100,140,31,17/12/2024,6.006023716,4.058692291,3.865506028,4.252933774,BRMS
UKENTH_TWU_TP000100,140,32,24/12/2024,5.297053031,4.080930016,3.880723876,4.259318626,BRMS
UKENTH_TWU_TP000100,140,33,31/12/2024,4.588082346,4.015419804,3.810170867,4.184859478,BRMS
UKENTH_TWU_TP000100,140,34,07/01/2025,4.995347827,3.914393038,3.715699327,4.08749515,BRMS
UKENTH_TWU_TP000100,140,35,14/01/2025,5.402613308,3.842585573,3.647709731,4.015006776,BRMS
UKENTH_TWU_TP000100,140,36,21/01/2025,4.891628543,3.827736187,3.628106516,4.001649433,BRMS
UKENTH_TWU_TP000100,140,37,28/01/2025,4.380643778,3.92604417,3.721254621,4.098453235,BRMS
UKENTH_TWU_TP000100,140,38,04/02/2025,4.93086132,4.064071782,3.879552724,4.232390991,BRMS
UKENTH_TWU_TP000100,140,39,11/02/2025,5.481078862,4.245197128,4.062447842,4.408059399,BRMS
UKENTH_TWU_TP000100,140,40,18/02/2025,5.891337169,4.404075944,4.222740422,4.584455017,BRMS
UKENTH_TWU_TP000100,140,41,25/02/2025,6.301595476,4.529132909,4.332787643,4.713292398,BRMS
UKENTH_TWU_TP000100,140,42,04/03/2025,5.941965394,4.595724365,4.399830915,4.782813438,BRMS
UKENTH_TWU_TP000100,140,43,11/03/2025,5.582335312,4.595856149,4.399267555,4.78894376,BRMS
UKENTH_TWU_TP000100,140,44,18/03/2025,5.546572941,4.577682039,4.37018261,4.788715362,BRMS
UKENTH_TWU_TP000100,140,45,25/03/2025,5.51081057,4.529549211,4.300514523,4.771449237,BRMS
UKENTH_TWU_TP000102,141,1,21/05/2024,NA,3.460758868,3.174029058,3.73966479,BRMS
UKENTH_TWU_TP000102,141,2,28/05/2024,3.158053901,3.525141885,3.280337992,3.74825243,BRMS
UKENTH_TWU_TP000102,141,3,04/06/2024,3.158053901,3.600859681,3.369771646,3.795660533,BRMS
UKENTH_TWU_TP000102,141,4,11/06/2024,3.490508502,3.740478716,3.511489669,3.929255168,BRMS
UKENTH_TWU_TP000102,141,5,18/06/2024,3.822963103,3.891176883,3.653431341,4.07911438,BRMS
UKENTH_TWU_TP000102,141,6,25/06/2024,4.32726093,4.008483882,3.768782676,4.189992933,BRMS
UKENTH_TWU_TP000102,141,7,02/07/2024,4.831558756,4.08278426,3.872140765,4.268672753,BRMS
UKENTH_TWU_TP000102,141,8,09/07/2024,4.52987923,4.154805691,3.910375633,4.329436569,BRMS
UKENTH_TWU_TP000102,141,9,16/07/2024,4.228199704,4.09070771,3.869230828,4.261314938,BRMS
UKENTH_TWU_TP000102,141,10,23/07/2024,4.591041752,4.215068097,3.981352925,4.391212308,BRMS
UKENTH_TWU_TP000102,141,11,30/07/2024,4.953883799,4.3250821,4.100671297,4.488747786,BRMS
UKENTH_TWU_TP000102,141,12,06/08/2024,4.880729737,4.391658097,4.182716143,4.55560005,BRMS
UKENTH_TWU_TP000102,141,13,13/08/2024,4.807575675,4.426183877,4.218125028,4.602278517,BRMS
UKENTH_TWU_TP000102,141,14,20/08/2024,4.9020154,4.454975452,4.229159081,4.643685311,BRMS
UKENTH_TWU_TP000102,141,15,27/08/2024,4.996455125,4.498145278,4.267574978,4.688442739,BRMS
UKENTH_TWU_TP000102,141,16,03/09/2024,4.171952795,4.505045901,4.290891242,4.678539789,BRMS
UKENTH_TWU_TP000102,141,17,10/09/2024,3.347450464,4.499627841,4.303402215,4.686437625,BRMS
UKENTH_TWU_TP000102,141,18,17/09/2024,3.942469513,4.440903232,4.232416059,4.614233171,BRMS
UKENTH_TWU_TP000102,141,19,24/09/2024,4.537488561,4.339273521,4.125575889,4.515459123,BRMS
UKENTH_TWU_TP000102,141,20,01/10/2024,4.582986612,4.258511688,4.027431238,4.425915778,BRMS
UKENTH_TWU_TP000102,141,21,08/10/2024,4.628484662,4.213881983,3.993096445,4.375889936,BRMS
UKENTH_TWU_TP000102,141,22,15/10/2024,4.385133238,4.233254498,4.033432347,4.406960974,BRMS
UKENTH_TWU_TP000102,141,23,22/10/2024,4.141781813,4.284377235,4.072446217,4.463786825,BRMS
UKENTH_TWU_TP000102,141,24,29/10/2024,4.27283316,4.318497551,4.108733452,4.495007712,BRMS
UKENTH_TWU_TP000102,141,25,05/11/2024,4.403884507,4.332246069,4.119467861,4.506096715,BRMS
UKENTH_TWU_TP000102,141,26,12/11/2024,4.542445075,4.328819887,4.110154991,4.510902212,BRMS
UKENTH_TWU_TP000102,141,27,19/11/2024,4.681005642,4.333728624,4.117032274,4.518994349,BRMS
UKENTH_TWU_TP000102,141,28,26/11/2024,4.316601875,4.34015921,4.110640179,4.533881632,BRMS
UKENTH_TWU_TP000102,141,29,03/12/2024,3.952198108,4.366930113,4.143169677,4.546485696,BRMS
UKENTH_TWU_TP000102,141,30,10/12/2024,3.577767763,4.347424548,4.112322116,4.551588553,BRMS
UKENTH_TWU_TP000102,141,31,17/12/2024,3.203337417,4.327666697,4.110986314,4.526255881,BRMS
UKENTH_TWU_TP000102,141,32,24/12/2024,3.551065775,4.329209967,4.112410263,4.528092047,BRMS
UKENTH_TWU_TP000102,141,33,31/12/2024,3.898794133,4.23569471,4.007263122,4.40541647,BRMS
UKENTH_TWU_TP000102,141,34,07/01/2025,4.200881772,4.137801236,3.923831981,4.319977953,BRMS
UKENTH_TWU_TP000102,141,35,14/01/2025,4.502969411,4.086107937,3.871864877,4.270592653,BRMS
UKENTH_TWU_TP000102,141,36,21/01/2025,4.222416637,4.085686511,3.849601834,4.279872497,BRMS
UKENTH_TWU_TP000102,141,37,28/01/2025,3.941863862,4.182411009,3.953995722,4.366286135,BRMS
UKENTH_TWU_TP000102,141,38,04/02/2025,4.028180172,4.314771212,4.091409039,4.501702469,BRMS
UKENTH_TWU_TP000102,141,39,11/02/2025,4.114496481,4.493728079,4.282222728,4.682628438,BRMS
UKENTH_TWU_TP000102,141,40,18/02/2025,4.378264479,4.637276033,4.437822469,4.836062907,BRMS
UKENTH_TWU_TP000102,141,41,25/02/2025,4.642032476,4.745576952,4.545150926,4.935737085,BRMS
UKENTH_TWU_TP000102,141,42,04/03/2025,4.860159954,4.798528076,4.588393602,4.991274837,BRMS
UKENTH_TWU_TP000102,141,43,11/03/2025,5.078287431,4.784714864,4.555400365,4.986824333,BRMS
UKENTH_TWU_TP000102,141,44,18/03/2025,4.854165926,4.748578951,4.512333681,4.957477567,BRMS
UKENTH_TWU_TP000102,141,45,25/03/2025,4.63004442,4.696422134,4.44995698,4.933323875,BRMS
UKENTH_TWU_TP000103,142,1,21/05/2024,NA,2.163345944,1.716639021,2.590690477,BRMS
UKENTH_TWU_TP000103,142,2,28/05/2024,4.325357756,2.221602313,1.791135575,2.600662055,BRMS
UKENTH_TWU_TP000103,142,3,04/06/2024,4.325357756,2.3048802,1.895617935,2.660452471,BRMS
UKENTH_TWU_TP000103,142,4,11/06/2024,4.844896636,2.439628265,2.046052083,2.784086163,BRMS
UKENTH_TWU_TP000103,142,5,18/06/2024,5.364435515,2.592040939,2.221724822,2.942368506,BRMS
UKENTH_TWU_TP000103,142,6,25/06/2024,5.462501263,2.719992798,2.355350527,3.072490372,BRMS
UKENTH_TWU_TP000103,142,7,02/07/2024,5.56056701,2.805562495,2.426689552,3.147039762,BRMS
UKENTH_TWU_TP000103,142,8,09/07/2024,5.408002296,2.892786008,2.507919398,3.253270862,BRMS
UKENTH_TWU_TP000103,142,9,16/07/2024,5.255437581,2.853135895,2.448839377,3.207736908,BRMS
UKENTH_TWU_TP000103,142,10,23/07/2024,5.472822624,2.999300437,2.605982181,3.353462962,BRMS
UKENTH_TWU_TP000103,142,11,30/07/2024,5.690207667,3.140751158,2.751083997,3.492961324,BRMS
UKENTH_TWU_TP000103,142,12,06/08/2024,5.846641431,3.219307842,2.846444364,3.562863351,BRMS
UKENTH_TWU_TP000103,142,13,13/08/2024,6.003075194,3.244681491,2.871583582,3.585249804,BRMS
UKENTH_TWU_TP000103,142,14,20/08/2024,6.189042944,3.243692451,2.865493854,3.588842514,BRMS
UKENTH_TWU_TP000103,142,15,27/08/2024,6.375010694,3.252415839,2.848593041,3.607877303,BRMS
UKENTH_TWU_TP000103,142,16,03/09/2024,6.222059502,3.243350677,2.884205656,3.594882989,BRMS
UKENTH_TWU_TP000103,142,17,10/09/2024,6.06910831,3.223309445,2.86325401,3.565733948,BRMS
UKENTH_TWU_TP000103,142,18,17/09/2024,5.810161596,3.161007646,2.807760787,3.511674018,BRMS
UKENTH_TWU_TP000103,142,19,24/09/2024,5.551214881,3.049909577,2.685659284,3.399765525,BRMS
UKENTH_TWU_TP000103,142,20,01/10/2024,5.678027657,2.971067177,2.593195354,3.331705414,BRMS
UKENTH_TWU_TP000103,142,21,08/10/2024,5.804840432,2.925999408,2.545447933,3.288561541,BRMS
UKENTH_TWU_TP000103,142,22,15/10/2024,5.500419238,2.922541123,2.541588314,3.27437191,BRMS
UKENTH_TWU_TP000103,142,23,22/10/2024,5.195998043,2.947971983,2.579296183,3.303336801,BRMS
UKENTH_TWU_TP000103,142,24,29/10/2024,5.689166879,2.957134863,2.59399053,3.311310029,BRMS
UKENTH_TWU_TP000103,142,25,05/11/2024,6.182335714,2.954727721,2.574368847,3.298100537,BRMS
UKENTH_TWU_TP000103,142,26,12/11/2024,6.250002424,2.948338165,2.543863906,3.298569256,BRMS
UKENTH_TWU_TP000103,142,27,19/11/2024,6.317669133,2.936072356,2.525693533,3.283383214,BRMS
UKENTH_TWU_TP000103,142,28,26/11/2024,6.159201751,2.918491279,2.519600239,3.265344892,BRMS
UKENTH_TWU_TP000103,142,29,03/12/2024,6.000734369,2.934041291,2.520467842,3.296692599,BRMS
UKENTH_TWU_TP000103,142,30,10/12/2024,6.157134624,2.893628309,2.487468139,3.272656507,BRMS
UKENTH_TWU_TP000103,142,31,17/12/2024,6.313534879,2.885119231,2.507913963,3.228584412,BRMS
UKENTH_TWU_TP000103,142,32,24/12/2024,6.377690666,2.900116458,2.506224865,3.255055395,BRMS
UKENTH_TWU_TP000103,142,33,31/12/2024,6.441846453,2.835636985,2.457692993,3.192268275,BRMS
UKENTH_TWU_TP000103,142,34,07/01/2025,6.290217391,2.736380578,2.363731033,3.087474498,BRMS
UKENTH_TWU_TP000103,142,35,14/01/2025,6.138588328,2.663786364,2.275105766,3.02011198,BRMS
UKENTH_TWU_TP000103,142,36,21/01/2025,6.461956182,2.648548759,2.265142492,2.995293339,BRMS
UKENTH_TWU_TP000103,142,37,28/01/2025,6.785324036,2.747111255,2.345607543,3.106245105,BRMS
UKENTH_TWU_TP000103,142,38,04/02/2025,6.448118693,2.88129183,2.503813132,3.204292478,BRMS
UKENTH_TWU_TP000103,142,39,11/02/2025,6.110913349,3.065065502,2.692299922,3.400465456,BRMS
UKENTH_TWU_TP000103,142,40,18/02/2025,6.142026173,3.21086349,2.848761513,3.554908518,BRMS
UKENTH_TWU_TP000103,142,41,25/02/2025,6.173138997,3.339323985,2.950089144,3.700271467,BRMS
UKENTH_TWU_TP000103,142,42,04/03/2025,6.439549787,3.405335618,3.004471944,3.767838476,BRMS
UKENTH_TWU_TP000103,142,43,11/03/2025,6.705960576,3.402106,3.012872695,3.762372502,BRMS
UKENTH_TWU_TP000103,142,44,18/03/2025,6.449352685,3.38474194,2.995983302,3.753282133,BRMS
UKENTH_TWU_TP000103,142,45,25/03/2025,6.192744794,3.340899829,2.952680916,3.720474992,BRMS
UKENTH_TWU_TP000106,143,1,21/05/2024,NA,3.226117169,2.867361978,3.593931684,BRMS
UKENTH_TWU_TP000106,143,2,28/05/2024,3.707546285,3.280434305,2.947387976,3.584840969,BRMS
UKENTH_TWU_TP000106,143,3,04/06/2024,3.707546285,3.360704603,3.037686102,3.634816146,BRMS
UKENTH_TWU_TP000106,143,4,11/06/2024,4.021246034,3.494374882,3.189323662,3.768560286,BRMS
UKENTH_TWU_TP000106,143,5,18/06/2024,4.334945783,3.647718526,3.353842163,3.923129487,BRMS
UKENTH_TWU_TP000106,143,6,25/06/2024,4.479425231,3.778689019,3.484233636,4.052678892,BRMS
UKENTH_TWU_TP000106,143,7,02/07/2024,4.623904679,3.868112034,3.574779507,4.133746916,BRMS
UKENTH_TWU_TP000106,143,8,09/07/2024,4.623904679,3.961283607,3.65131196,4.24851869,BRMS
UKENTH_TWU_TP000106,143,9,16/07/2024,4.767724439,3.928995436,3.625511208,4.217624193,BRMS
UKENTH_TWU_TP000106,143,10,23/07/2024,4.767724439,4.086467143,3.772837382,4.373314175,BRMS
UKENTH_TWU_TP000106,143,11,30/07/2024,4.608366319,4.234681387,3.932750774,4.526329355,BRMS
UKENTH_TWU_TP000106,143,12,06/08/2024,4.449008199,4.321735751,4.026308088,4.601672546,BRMS
UKENTH_TWU_TP000106,143,13,13/08/2024,4.391066731,4.34914444,4.052515192,4.623002155,BRMS
UKENTH_TWU_TP000106,143,14,20/08/2024,4.373050922,4.351846459,4.04542987,4.629595592,BRMS
UKENTH_TWU_TP000106,143,15,27/08/2024,4.373050922,4.360941537,4.031927557,4.635376816,BRMS
UKENTH_TWU_TP000106,143,16,03/09/2024,4.71688771,4.35242093,4.060903183,4.614512318,BRMS
UKENTH_TWU_TP000106,143,17,10/09/2024,5.020798839,4.33584685,4.032158834,4.590390298,BRMS
UKENTH_TWU_TP000106,143,18,17/09/2024,4.633258014,4.277255132,3.980752347,4.546156631,BRMS
UKENTH_TWU_TP000106,143,19,24/09/2024,4.245717188,4.173158848,3.899130006,4.449537378,BRMS
UKENTH_TWU_TP000106,143,20,01/10/2024,4.394319737,4.099565378,3.811446213,4.388897989,BRMS
UKENTH_TWU_TP000106,143,21,08/10/2024,4.542922285,4.05680475,3.764227449,4.333794778,BRMS
UKENTH_TWU_TP000106,143,22,15/10/2024,4.706713039,4.061313995,3.774482317,4.337087232,BRMS
UKENTH_TWU_TP000106,143,23,22/10/2024,4.870503793,4.091896164,3.797448459,4.382028285,BRMS
UKENTH_TWU_TP000106,143,24,29/10/2024,4.853466236,4.108011232,3.804498853,4.402086251,BRMS
UKENTH_TWU_TP000106,143,25,05/11/2024,4.836428679,4.107907063,3.792642933,4.39846717,BRMS
UKENTH_TWU_TP000106,143,26,12/11/2024,4.534063016,4.098130205,3.777846627,4.384816392,BRMS
UKENTH_TWU_TP000106,143,27,19/11/2024,4.231697352,4.091528577,3.755736602,4.380401565,BRMS
UKENTH_TWU_TP000106,143,28,26/11/2024,4.447782871,4.073988521,3.757148887,4.351260443,BRMS
UKENTH_TWU_TP000106,143,29,03/12/2024,4.663868389,4.089754043,3.756415197,4.376486287,BRMS
UKENTH_TWU_TP000106,143,30,10/12/2024,4.344134471,4.050072733,3.71231367,4.350242763,BRMS
UKENTH_TWU_TP000106,143,31,17/12/2024,4.024400553,4.036464922,3.736867216,4.293885391,BRMS
UKENTH_TWU_TP000106,143,32,24/12/2024,4.534663909,4.058382782,3.720429479,4.325228356,BRMS
UKENTH_TWU_TP000106,143,33,31/12/2024,5.044927265,3.996615718,3.674846263,4.272287322,BRMS
UKENTH_TWU_TP000106,143,34,07/01/2025,4.347910922,3.901106246,3.598491232,4.186584953,BRMS
UKENTH_TWU_TP000106,143,35,14/01/2025,3.650894579,3.832551615,3.518674594,4.11611251,BRMS
UKENTH_TWU_TP000106,143,36,21/01/2025,4.06903472,3.82219189,3.507763095,4.083689512,BRMS
UKENTH_TWU_TP000106,143,37,28/01/2025,4.487174861,3.92465961,3.612314151,4.195737947,BRMS
UKENTH_TWU_TP000106,143,38,04/02/2025,4.614377258,4.065323195,3.763354624,4.304426127,BRMS
UKENTH_TWU_TP000106,143,39,11/02/2025,4.741579654,4.25356188,3.952907377,4.503408781,BRMS
UKENTH_TWU_TP000106,143,40,18/02/2025,4.712583656,4.409718562,4.127711561,4.677343904,BRMS
UKENTH_TWU_TP000106,143,41,25/02/2025,4.683587658,4.541078746,4.235858154,4.822774339,BRMS
UKENTH_TWU_TP000106,143,42,04/03/2025,4.877507642,4.613210431,4.297779738,4.898324802,BRMS
UKENTH_TWU_TP000106,143,43,11/03/2025,5.071427626,4.618193727,4.306831719,4.90850019,BRMS
UKENTH_TWU_TP000106,143,44,18/03/2025,4.897814543,4.603100082,4.280034738,4.91652047,BRMS
UKENTH_TWU_TP000106,143,45,25/03/2025,4.724201459,4.561153964,4.231990372,4.890663625,BRMS
UKENTH_TWU_TP000113,144,1,21/05/2024,NA,3.660168283,3.38069173,3.923264652,BRMS
UKENTH_TWU_TP000113,144,2,28/05/2024,3.326971186,3.719688553,3.483194109,3.922113029,BRMS
UKENTH_TWU_TP000113,144,3,04/06/2024,3.326971186,3.812443248,3.596465986,4.01472388,BRMS
UKENTH_TWU_TP000113,144,4,11/06/2024,3.518072406,3.978103165,3.772269447,4.17006952,BRMS
UKENTH_TWU_TP000113,144,5,18/06/2024,3.709173625,4.150255202,3.945095231,4.347672906,BRMS
UKENTH_TWU_TP000113,144,6,25/06/2024,3.939662615,4.294620018,4.091452743,4.490619993,BRMS
UKENTH_TWU_TP000113,144,7,02/07/2024,4.170151604,4.413741948,4.213087204,4.611852618,BRMS
UKENTH_TWU_TP000113,144,8,09/07/2024,4.034916317,4.51173783,4.312785977,4.702257575,BRMS
UKENTH_TWU_TP000113,144,9,16/07/2024,3.899681029,4.466718742,4.268582399,4.659985923,BRMS
UKENTH_TWU_TP000113,144,10,23/07/2024,4.207253645,4.607825977,4.399194955,4.799469287,BRMS
UKENTH_TWU_TP000113,144,11,30/07/2024,4.51482626,4.716130233,4.495592328,4.898702211,BRMS
UKENTH_TWU_TP000113,144,12,06/08/2024,4.505900831,4.778269343,4.574776546,4.976794682,BRMS
UKENTH_TWU_TP000113,144,13,13/08/2024,4.496975401,4.800632251,4.607415624,5.000170297,BRMS
UKENTH_TWU_TP000113,144,14,20/08/2024,4.432077901,4.806847199,4.619640474,5.007332114,BRMS
UKENTH_TWU_TP000113,144,15,27/08/2024,4.3671804,4.829056614,4.626348338,5.035209501,BRMS
UKENTH_TWU_TP000113,144,16,03/09/2024,4.501135264,4.80482516,4.611499397,4.997647809,BRMS
UKENTH_TWU_TP000113,144,17,10/09/2024,4.635090128,4.81611057,4.620923298,5.009771449,BRMS
UKENTH_TWU_TP000113,144,18,17/09/2024,3.957653299,4.774593814,4.592993834,4.961265039,BRMS
UKENTH_TWU_TP000113,144,19,24/09/2024,3.280216469,4.701935018,4.53073597,4.898165567,BRMS
UKENTH_TWU_TP000113,144,20,01/10/2024,3.533693937,4.634219464,4.4652078,4.819071524,BRMS
UKENTH_TWU_TP000113,144,21,08/10/2024,3.787171405,4.588036284,4.411080289,4.769099444,BRMS
UKENTH_TWU_TP000113,144,22,15/10/2024,4.053472327,4.607343965,4.422582522,4.791634515,BRMS
UKENTH_TWU_TP000113,144,23,22/10/2024,4.319773248,4.651424047,4.479236714,4.828460069,BRMS
UKENTH_TWU_TP000113,144,24,29/10/2024,4.228882607,4.700602423,4.531995517,4.881599921,BRMS
UKENTH_TWU_TP000113,144,25,05/11/2024,4.137991965,4.722800606,4.546451979,4.896805884,BRMS
UKENTH_TWU_TP000113,144,26,12/11/2024,4.395575169,4.699609095,4.516055894,4.87792081,BRMS
UKENTH_TWU_TP000113,144,27,19/11/2024,4.653158372,4.683339302,4.491241175,4.862471879,BRMS
UKENTH_TWU_TP000113,144,28,26/11/2024,4.509985902,4.6435248,4.452701486,4.82024619,BRMS
UKENTH_TWU_TP000113,144,29,03/12/2024,4.366813432,4.669983427,4.470947432,4.866457911,BRMS
UKENTH_TWU_TP000113,144,30,10/12/2024,4.464523383,4.635845456,4.4493678,4.819097272,BRMS
UKENTH_TWU_TP000113,144,31,17/12/2024,4.562233333,4.636311718,4.436414222,4.833181341,BRMS
UKENTH_TWU_TP000113,144,32,24/12/2024,4.335309076,4.674828446,4.452929302,4.876395938,BRMS
UKENTH_TWU_TP000113,144,33,31/12/2024,4.108384819,4.629525269,4.429214633,4.818427671,BRMS
UKENTH_TWU_TP000113,144,34,07/01/2025,4.275050604,4.566537989,4.374304878,4.751252476,BRMS
UKENTH_TWU_TP000113,144,35,14/01/2025,4.441716389,4.507912973,4.310790525,4.685531001,BRMS
UKENTH_TWU_TP000113,144,36,21/01/2025,3.786849544,4.501072938,4.291994894,4.693119915,BRMS
UKENTH_TWU_TP000113,144,37,28/01/2025,3.131982698,4.625099207,4.4233775,4.815196254,BRMS
UKENTH_TWU_TP000113,144,38,04/02/2025,3.692698986,4.827643124,4.631457285,5.035367344,BRMS
UKENTH_TWU_TP000113,144,39,11/02/2025,4.253415273,5.045002186,4.838865786,5.243326318,BRMS
UKENTH_TWU_TP000113,144,40,18/02/2025,4.098397223,5.198441971,4.987362777,5.386505951,BRMS
UKENTH_TWU_TP000113,144,41,25/02/2025,3.943379172,5.289005064,5.077185676,5.473374691,BRMS
UKENTH_TWU_TP000113,144,42,04/03/2025,4.28506437,5.314062993,5.108157574,5.496419206,BRMS
UKENTH_TWU_TP000113,144,43,11/03/2025,4.626749567,5.26300451,5.068157673,5.456901168,BRMS
UKENTH_TWU_TP000113,144,44,18/03/2025,4.759170477,5.205686995,5.011633449,5.398584139,BRMS
UKENTH_TWU_TP000113,144,45,25/03/2025,4.891591387,5.140134642,4.914189574,5.350213911,BRMS
UKENTH_TWU_TP000116,145,1,21/05/2024,NA,4.242273471,4.002947077,4.475635996,BRMS
UKENTH_TWU_TP000116,145,2,28/05/2024,NA,4.296986969,4.099474433,4.490514356,BRMS
UKENTH_TWU_TP000116,145,3,04/06/2024,NA,4.372160918,4.191800238,4.549613664,BRMS
UKENTH_TWU_TP000116,145,4,11/06/2024,5.508242628,4.526396672,4.350277783,4.696933737,BRMS
UKENTH_TWU_TP000116,145,5,18/06/2024,5.508242628,4.703023626,4.52861569,4.871329142,BRMS
UKENTH_TWU_TP000116,145,6,25/06/2024,5.263726625,4.856521568,4.690745865,5.028104847,BRMS
UKENTH_TWU_TP000116,145,7,02/07/2024,5.019210621,4.975187261,4.807478323,5.151354394,BRMS
UKENTH_TWU_TP000116,145,8,09/07/2024,5.012007003,5.073300153,4.899629407,5.261815094,BRMS
UKENTH_TWU_TP000116,145,9,16/07/2024,5.004803385,5.019936142,4.845539583,5.208537667,BRMS
UKENTH_TWU_TP000116,145,10,23/07/2024,5.680219583,5.176140208,5.006134635,5.350876368,BRMS
UKENTH_TWU_TP000116,145,11,30/07/2024,6.35563578,5.30852696,5.139355661,5.488314307,BRMS
UKENTH_TWU_TP000116,145,12,06/08/2024,5.947329874,5.39841088,5.227732747,5.585123386,BRMS
UKENTH_TWU_TP000116,145,13,13/08/2024,5.539023967,5.431594443,5.257666147,5.60835675,BRMS
UKENTH_TWU_TP000116,145,14,20/08/2024,5.749506599,5.430388198,5.264559531,5.600521234,BRMS
UKENTH_TWU_TP000116,145,15,27/08/2024,5.959989231,5.428003042,5.260183268,5.587380808,BRMS
UKENTH_TWU_TP000116,145,16,03/09/2024,5.714547134,5.383460718,5.215316871,5.547345925,BRMS
UKENTH_TWU_TP000116,145,17,10/09/2024,5.469105036,5.363870629,5.181787071,5.528446915,BRMS
UKENTH_TWU_TP000116,145,18,17/09/2024,5.641303557,5.303102956,5.133501106,5.470331175,BRMS
UKENTH_TWU_TP000116,145,19,24/09/2024,5.813502078,5.218419991,5.049348478,5.387797856,BRMS
UKENTH_TWU_TP000116,145,20,01/10/2024,5.486616511,5.142855283,4.978076546,5.308152535,BRMS
UKENTH_TWU_TP000116,145,21,08/10/2024,5.159730944,5.096860635,4.933640222,5.260234351,BRMS
UKENTH_TWU_TP000116,145,22,15/10/2024,5.074310791,5.114134899,4.946139616,5.279189718,BRMS
UKENTH_TWU_TP000116,145,23,22/10/2024,4.988890637,5.165393665,4.998640208,5.327040343,BRMS
UKENTH_TWU_TP000116,145,24,29/10/2024,4.988890637,5.2137582,5.044962788,5.371098736,BRMS
UKENTH_TWU_TP000116,145,25,05/11/2024,5.616449301,5.24777792,5.071784794,5.412956771,BRMS
UKENTH_TWU_TP000116,145,26,12/11/2024,5.670925037,5.265931835,5.096712329,5.4350843,BRMS
UKENTH_TWU_TP000116,145,27,19/11/2024,5.670925037,5.275993346,5.11225608,5.443175981,BRMS
UKENTH_TWU_TP000116,145,28,26/11/2024,5.864588594,5.262845903,5.099540191,5.426207486,BRMS
UKENTH_TWU_TP000116,145,29,03/12/2024,6.003776416,5.267587391,5.087168596,5.443121903,BRMS
UKENTH_TWU_TP000116,145,30,10/12/2024,5.16862345,5.226123986,5.051625285,5.397434727,BRMS
UKENTH_TWU_TP000116,145,31,17/12/2024,4.333470483,5.201786159,5.016116317,5.366442545,BRMS
UKENTH_TWU_TP000116,145,32,24/12/2024,4.333470483,5.218299241,5.033017708,5.37729978,BRMS
UKENTH_TWU_TP000116,145,33,31/12/2024,5.884998517,5.122366666,4.94813675,5.286997237,BRMS
UKENTH_TWU_TP000116,145,34,07/01/2025,5.806297468,5.005645644,4.83056348,5.173326983,BRMS
UKENTH_TWU_TP000116,145,35,14/01/2025,5.806297468,4.915674363,4.743104145,5.077880201,BRMS
UKENTH_TWU_TP000116,145,36,21/01/2025,6.044002118,4.88680832,4.715850212,5.060888007,BRMS
UKENTH_TWU_TP000116,145,37,28/01/2025,6.360407816,5.02047346,4.841113347,5.201531489,BRMS
UKENTH_TWU_TP000116,145,38,04/02/2025,5.406900786,5.187094226,5.008663855,5.359168145,BRMS
UKENTH_TWU_TP000116,145,39,11/02/2025,4.453393755,5.369422015,5.195208643,5.547416968,BRMS
UKENTH_TWU_TP000116,145,40,18/02/2025,4.362570797,5.519969867,5.349548435,5.700227562,BRMS
UKENTH_TWU_TP000116,145,41,25/02/2025,4.271747838,5.602655999,5.429566593,5.791800211,BRMS
UKENTH_TWU_TP000116,145,42,04/03/2025,5.265864574,5.642439095,5.469898536,5.821443764,BRMS
UKENTH_TWU_TP000116,145,43,11/03/2025,6.255033385,5.615025172,5.445442086,5.79220827,BRMS
UKENTH_TWU_TP000116,145,44,18/03/2025,6.255033385,5.564893787,5.386664294,5.740117994,BRMS
UKENTH_TWU_TP000116,145,45,25/03/2025,6.250085461,5.500762014,5.300747386,5.702408419,BRMS
UKENTH_TWU_TP000122,146,1,21/05/2024,NA,3.891329723,3.621139121,4.142283769,BRMS
UKENTH_TWU_TP000122,146,2,28/05/2024,3.758866213,3.946665523,3.711651804,4.17948735,BRMS
UKENTH_TWU_TP000122,146,3,04/06/2024,3.758866213,4.027113146,3.806905029,4.245277912,BRMS
UKENTH_TWU_TP000122,146,4,11/06/2024,3.957926038,4.185990966,3.966047228,4.402518515,BRMS
UKENTH_TWU_TP000122,146,5,18/06/2024,4.156985863,4.365286637,4.157274121,4.5752401,BRMS
UKENTH_TWU_TP000122,146,6,25/06/2024,3.543439023,4.521282533,4.317475889,4.726458474,BRMS
UKENTH_TWU_TP000122,146,7,02/07/2024,2.929892182,4.639890539,4.42994138,4.853665597,BRMS
UKENTH_TWU_TP000122,146,8,09/07/2024,3.857566874,4.7366322,4.532140764,4.981383417,BRMS
UKENTH_TWU_TP000122,146,9,16/07/2024,4.785241565,4.682303684,4.477887365,4.908125095,BRMS
UKENTH_TWU_TP000122,146,10,23/07/2024,5.171482544,4.834845185,4.628248199,5.063949035,BRMS
UKENTH_TWU_TP000122,146,11,30/07/2024,5.557723523,4.967972754,4.76056937,5.192136801,BRMS
UKENTH_TWU_TP000122,146,12,06/08/2024,5.670684983,5.060075851,4.84717723,5.276179299,BRMS
UKENTH_TWU_TP000122,146,13,13/08/2024,5.783646442,5.0972388,4.890473322,5.306831919,BRMS
UKENTH_TWU_TP000122,146,14,20/08/2024,5.51181829,5.099831244,4.895608784,5.301649128,BRMS
UKENTH_TWU_TP000122,146,15,27/08/2024,5.239990137,5.102761319,4.892770943,5.303684192,BRMS
UKENTH_TWU_TP000122,146,16,03/09/2024,5.606341622,5.064229474,4.853746752,5.261644796,BRMS
UKENTH_TWU_TP000122,146,17,10/09/2024,5.972693106,5.046349536,4.832268494,5.2382632,BRMS
UKENTH_TWU_TP000122,146,18,17/09/2024,4.888398181,4.986344222,4.785253403,5.174733874,BRMS
UKENTH_TWU_TP000122,146,19,24/09/2024,3.804103256,4.902852261,4.692780181,5.099093212,BRMS
UKENTH_TWU_TP000122,146,20,01/10/2024,4.799936192,4.830910321,4.629265448,5.02827191,BRMS
UKENTH_TWU_TP000122,146,21,08/10/2024,5.795769127,4.788894077,4.589432239,4.987868725,BRMS
UKENTH_TWU_TP000122,146,22,15/10/2024,4.887862785,4.807983817,4.600809436,5.004973244,BRMS
UKENTH_TWU_TP000122,146,23,22/10/2024,3.979956442,4.861552406,4.6540938,5.062580617,BRMS
UKENTH_TWU_TP000122,146,24,29/10/2024,4.597588661,4.918568704,4.705822673,5.126787202,BRMS
UKENTH_TWU_TP000122,146,25,05/11/2024,5.215220879,4.960644062,4.749581368,5.162794584,BRMS
UKENTH_TWU_TP000122,146,26,12/11/2024,3.938095017,4.984762623,4.776705165,5.187269466,BRMS
UKENTH_TWU_TP000122,146,27,19/11/2024,2.660969155,5.001904579,4.789355808,5.203025036,BRMS
UKENTH_TWU_TP000122,146,28,26/11/2024,3.547603439,4.994440806,4.789073145,5.191174729,BRMS
UKENTH_TWU_TP000122,146,29,03/12/2024,4.434237722,5.006954133,4.792044725,5.213853656,BRMS
UKENTH_TWU_TP000122,146,30,10/12/2024,4.362739389,4.972775137,4.759349191,5.169315602,BRMS
UKENTH_TWU_TP000122,146,31,17/12/2024,4.291241056,4.95089614,4.743579885,5.161423748,BRMS
UKENTH_TWU_TP000122,146,32,24/12/2024,4.291241056,4.962993587,4.746187383,5.175395105,BRMS
UKENTH_TWU_TP000122,146,33,31/12/2024,4.564232595,4.874251032,4.666405546,5.071834278,BRMS
UKENTH_TWU_TP000122,146,34,07/01/2025,4.359199357,4.764658003,4.555348801,4.965038808,BRMS
UKENTH_TWU_TP000122,146,35,14/01/2025,4.359199357,4.679284846,4.46710466,4.877286701,BRMS
UKENTH_TWU_TP000122,146,36,21/01/2025,4.307347293,4.653998036,4.442085814,4.867606473,BRMS
UKENTH_TWU_TP000122,146,37,28/01/2025,4.460528468,4.788685566,4.566524362,5.006338247,BRMS
UKENTH_TWU_TP000122,146,38,04/02/2025,4.862227288,4.956202533,4.741047811,5.181815909,BRMS
UKENTH_TWU_TP000122,146,39,11/02/2025,5.263926107,5.138619148,4.92454307,5.35879361,BRMS
UKENTH_TWU_TP000122,146,40,18/02/2025,5.223372889,5.289162647,5.068903491,5.500378937,BRMS
UKENTH_TWU_TP000122,146,41,25/02/2025,5.18281967,5.373843019,5.157834162,5.584907771,BRMS
UKENTH_TWU_TP000122,146,42,04/03/2025,5.119427257,5.409588617,5.200040115,5.612600869,BRMS
UKENTH_TWU_TP000122,146,43,11/03/2025,5.056034843,5.380406464,5.162497998,5.592097921,BRMS
UKENTH_TWU_TP000122,146,44,18/03/2025,5.333747314,5.329609815,5.107034184,5.54403825,BRMS
UKENTH_TWU_TP000122,146,45,25/03/2025,5.366439015,5.264105785,5.033257605,5.481144337,BRMS
UKENTH_TWU_TP000125,147,1,21/05/2024,NA,3.605342668,3.345756558,3.859820498,BRMS
UKENTH_TWU_TP000125,147,2,28/05/2024,3.704249776,3.655495151,3.423614984,3.874983387,BRMS
UKENTH_TWU_TP000125,147,3,04/06/2024,3.704249776,3.723016531,3.489927732,3.928061605,BRMS
UKENTH_TWU_TP000125,147,4,11/06/2024,3.729038804,3.866038417,3.629334814,4.073322921,BRMS
UKENTH_TWU_TP000125,147,5,18/06/2024,3.753827831,4.027083484,3.79980549,4.236494117,BRMS
UKENTH_TWU_TP000125,147,6,25/06/2024,3.933466686,4.160795078,3.938113692,4.363135021,BRMS
UKENTH_TWU_TP000125,147,7,02/07/2024,4.11310554,4.255845872,4.032477982,4.449517098,BRMS
UKENTH_TWU_TP000125,147,8,09/07/2024,3.690946058,4.327344931,4.102342946,4.524844416,BRMS
UKENTH_TWU_TP000125,147,9,16/07/2024,3.268786576,4.246980861,4.023215468,4.445257599,BRMS
UKENTH_TWU_TP000125,147,10,23/07/2024,3.759452872,4.373080057,4.162611546,4.567126107,BRMS
UKENTH_TWU_TP000125,147,11,30/07/2024,4.250119168,4.49740072,4.281439245,4.693883068,BRMS
UKENTH_TWU_TP000125,147,12,06/08/2024,3.591069786,4.580553709,4.37096747,4.770837445,BRMS
UKENTH_TWU_TP000125,147,13,13/08/2024,2.932020403,4.617681287,4.397213482,4.806066667,BRMS
UKENTH_TWU_TP000125,147,14,20/08/2024,3.73900408,4.620066992,4.404084174,4.80341796,BRMS
UKENTH_TWU_TP000125,147,15,27/08/2024,4.545987757,4.620092898,4.40620411,4.813204207,BRMS
UKENTH_TWU_TP000125,147,16,03/09/2024,4.375971484,4.579244226,4.360575628,4.773397293,BRMS
UKENTH_TWU_TP000125,147,17,10/09/2024,4.205955211,4.556641091,4.331594424,4.755352453,BRMS
UKENTH_TWU_TP000125,147,18,17/09/2024,4.099877151,4.49196169,4.269584894,4.701722713,BRMS
UKENTH_TWU_TP000125,147,19,24/09/2024,3.99379909,4.398132026,4.177842009,4.608414859,BRMS
UKENTH_TWU_TP000125,147,20,01/10/2024,4.478439905,4.316009043,4.099396609,4.520613896,BRMS
UKENTH_TWU_TP000125,147,21,08/10/2024,4.96308072,4.261826436,4.048795355,4.470547757,BRMS
UKENTH_TWU_TP000125,147,22,15/10/2024,4.392086683,4.265419955,4.052094626,4.478002696,BRMS
UKENTH_TWU_TP000125,147,23,22/10/2024,3.821092645,4.305539657,4.101226192,4.517458439,BRMS
UKENTH_TWU_TP000125,147,24,29/10/2024,4.012410143,4.348358526,4.144305354,4.561303643,BRMS
UKENTH_TWU_TP000125,147,25,05/11/2024,4.203727641,4.388861894,4.175728965,4.5923982,BRMS
UKENTH_TWU_TP000125,147,26,12/11/2024,4.126805581,4.408335934,4.1884681,4.593814918,BRMS
UKENTH_TWU_TP000125,147,27,19/11/2024,4.04988352,4.421680111,4.20335416,4.603095221,BRMS
UKENTH_TWU_TP000125,147,28,26/11/2024,4.183901637,4.410494799,4.205471457,4.597497877,BRMS
UKENTH_TWU_TP000125,147,29,03/12/2024,4.317919754,4.41240598,4.210412809,4.610538103,BRMS
UKENTH_TWU_TP000125,147,30,10/12/2024,4.246087093,4.370020541,4.171369496,4.564908456,BRMS
UKENTH_TWU_TP000125,147,31,17/12/2024,4.174254431,4.346953278,4.147993302,4.545975902,BRMS
UKENTH_TWU_TP000125,147,32,24/12/2024,3.888058404,4.34555384,4.128883004,4.555769679,BRMS
UKENTH_TWU_TP000125,147,33,31/12/2024,3.601862376,4.244361531,4.031009518,4.44358104,BRMS
UKENTH_TWU_TP000125,147,34,07/01/2025,4.334582822,4.123773062,3.902259775,4.324986375,BRMS
UKENTH_TWU_TP000125,147,35,14/01/2025,5.067303267,4.035068435,3.814425962,4.235699971,BRMS
UKENTH_TWU_TP000125,147,36,21/01/2025,4.266392303,4.007785757,3.785449382,4.20410536,BRMS
UKENTH_TWU_TP000125,147,37,28/01/2025,3.465481338,4.147247724,3.921504368,4.356803707,BRMS
UKENTH_TWU_TP000125,147,38,04/02/2025,4.302575002,4.310027349,4.088602766,4.503577046,BRMS
UKENTH_TWU_TP000125,147,39,11/02/2025,5.139668665,4.503661413,4.276769345,4.6986083,BRMS
UKENTH_TWU_TP000125,147,40,18/02/2025,5.092755623,4.648114227,4.429009538,4.843458422,BRMS
UKENTH_TWU_TP000125,147,41,25/02/2025,5.04584258,4.746325478,4.524413045,4.952331758,BRMS
UKENTH_TWU_TP000125,147,42,04/03/2025,4.806235742,4.790599026,4.553810848,4.99903913,BRMS
UKENTH_TWU_TP000125,147,43,11/03/2025,4.566628903,4.769210038,4.541590909,4.997448841,BRMS
UKENTH_TWU_TP000125,147,44,18/03/2025,4.885826675,4.733580685,4.504467644,4.960597765,BRMS
UKENTH_TWU_TP000125,147,45,25/03/2025,5.205024447,4.682152492,4.437868036,4.916765397,BRMS
UKENTH_TWU_TP000126,148,1,21/05/2024,NA,5.11285373,4.863382839,5.383566758,BRMS
UKENTH_TWU_TP000126,148,2,28/05/2024,2.798675769,5.172444782,4.947080733,5.414731494,BRMS
UKENTH_TWU_TP000126,148,3,04/06/2024,2.798675769,5.248974164,5.022014605,5.487389174,BRMS
UKENTH_TWU_TP000126,148,4,11/06/2024,2.705352683,5.40107957,5.185768428,5.630595452,BRMS
UKENTH_TWU_TP000126,148,5,18/06/2024,2.612029596,5.572144856,5.370405301,5.804036129,BRMS
UKENTH_TWU_TP000126,148,6,25/06/2024,3.477683057,5.715198927,5.51563476,5.955327818,BRMS
UKENTH_TWU_TP000126,148,7,02/07/2024,4.343336517,5.818753056,5.618206929,6.049809661,BRMS
UKENTH_TWU_TP000126,148,8,09/07/2024,4.426114399,5.896823817,5.699540533,6.123927741,BRMS
UKENTH_TWU_TP000126,148,9,16/07/2024,4.50889228,5.823384129,5.617806372,6.076892578,BRMS
UKENTH_TWU_TP000126,148,10,23/07/2024,4.657987371,5.952269244,5.759369087,6.189784499,BRMS
UKENTH_TWU_TP000126,148,11,30/07/2024,4.807082461,6.08172223,5.887066709,6.34192402,BRMS
UKENTH_TWU_TP000126,148,12,06/08/2024,4.474115511,6.169232605,5.971043263,6.428570335,BRMS
UKENTH_TWU_TP000126,148,13,13/08/2024,4.14114856,6.210449675,6.012614098,6.45528071,BRMS
UKENTH_TWU_TP000126,148,14,20/08/2024,4.523256853,6.218522507,6.02379134,6.456735529,BRMS
UKENTH_TWU_TP000126,148,15,27/08/2024,4.905365145,6.223331649,6.030297169,6.459527187,BRMS
UKENTH_TWU_TP000126,148,16,03/09/2024,4.849408934,6.183737448,5.985259641,6.415646447,BRMS
UKENTH_TWU_TP000126,148,17,10/09/2024,4.793452722,6.161019166,5.96036028,6.400673235,BRMS
UKENTH_TWU_TP000126,148,18,17/09/2024,5.05279739,6.094355081,5.890861611,6.342367522,BRMS
UKENTH_TWU_TP000126,148,19,24/09/2024,5.312142057,5.996577445,5.80485439,6.237990566,BRMS
UKENTH_TWU_TP000126,148,20,01/10/2024,5.208276813,5.910006364,5.721858754,6.15297475,BRMS
UKENTH_TWU_TP000126,148,21,08/10/2024,5.104411568,5.852864936,5.664784163,6.095239202,BRMS
UKENTH_TWU_TP000126,148,22,15/10/2024,4.889575378,5.853782483,5.666065757,6.088554713,BRMS
UKENTH_TWU_TP000126,148,23,22/10/2024,4.674739188,5.892233616,5.711895585,6.120332655,BRMS
UKENTH_TWU_TP000126,148,24,29/10/2024,4.531846404,5.934908949,5.753463456,6.147466773,BRMS
UKENTH_TWU_TP000126,148,25,05/11/2024,4.388953619,5.976377334,5.79406186,6.189633334,BRMS
UKENTH_TWU_TP000126,148,26,12/11/2024,3.649527746,5.999270588,5.820567124,6.214856529,BRMS
UKENTH_TWU_TP000126,148,27,19/11/2024,2.910101873,6.012668224,5.824457659,6.231915781,BRMS
UKENTH_TWU_TP000126,148,28,26/11/2024,2.837924764,6.003863158,5.82472114,6.21374349,BRMS
UKENTH_TWU_TP000126,148,29,03/12/2024,2.765747654,6.009896662,5.80699929,6.232949785,BRMS
UKENTH_TWU_TP000126,148,30,10/12/2024,2.695365002,5.967862309,5.764314048,6.192961494,BRMS
UKENTH_TWU_TP000126,148,31,17/12/2024,2.624982349,5.943114538,5.757690942,6.155593037,BRMS
UKENTH_TWU_TP000126,148,32,24/12/2024,3.402317132,5.946768228,5.740775605,6.193146819,BRMS
UKENTH_TWU_TP000126,148,33,31/12/2024,4.179651914,5.845731273,5.646828041,6.076483218,BRMS
UKENTH_TWU_TP000126,148,34,07/01/2025,4.518146152,5.727722492,5.520946425,5.949575372,BRMS
UKENTH_TWU_TP000126,148,35,14/01/2025,4.856640389,5.641360904,5.434557844,5.870089593,BRMS
UKENTH_TWU_TP000126,148,36,21/01/2025,4.663062187,5.615955605,5.407620736,5.859067958,BRMS
UKENTH_TWU_TP000126,148,37,28/01/2025,4.469483984,5.755360653,5.552741812,6.00952788,BRMS
UKENTH_TWU_TP000126,148,38,04/02/2025,4.782675944,5.917420614,5.722448699,6.145366129,BRMS
UKENTH_TWU_TP000126,148,39,11/02/2025,5.095867904,6.108405202,5.915757414,6.341580592,BRMS
UKENTH_TWU_TP000126,148,40,18/02/2025,5.178779795,6.250071421,6.057252438,6.480799127,BRMS
UKENTH_TWU_TP000126,148,41,25/02/2025,5.261691685,6.342414544,6.146461109,6.594769473,BRMS
UKENTH_TWU_TP000126,148,42,04/03/2025,5.400006998,6.381845807,6.183235133,6.63000201,BRMS
UKENTH_TWU_TP000126,148,43,11/03/2025,5.538322311,6.35374391,6.162478016,6.587345813,BRMS
UKENTH_TWU_TP000126,148,44,18/03/2025,5.044642292,6.311932251,6.109597741,6.539681492,BRMS
UKENTH_TWU_TP000126,148,45,25/03/2025,4.550962273,6.25340207,6.032187409,6.488777617,BRMS
UKENTH_TWU_TP000133,149,1,21/05/2024,NA,2.806733953,2.536554546,3.035607094,BRMS
UKENTH_TWU_TP000133,149,2,28/05/2024,4.510783462,2.863602397,2.64863683,3.059520417,BRMS
UKENTH_TWU_TP000133,149,3,04/06/2024,4.510783462,2.94667834,2.744970198,3.131364854,BRMS
UKENTH_TWU_TP000133,149,4,11/06/2024,4.21038069,3.08525866,2.893893072,3.258663563,BRMS
UKENTH_TWU_TP000133,149,5,18/06/2024,3.909977917,3.243253276,3.053715583,3.412640406,BRMS
UKENTH_TWU_TP000133,149,6,25/06/2024,4.343000119,3.379021973,3.189129067,3.54558592,BRMS
UKENTH_TWU_TP000133,149,7,02/07/2024,4.77602232,3.473006015,3.277225975,3.643986042,BRMS
UKENTH_TWU_TP000133,149,8,09/07/2024,4.999382119,3.57481654,3.376465149,3.749296837,BRMS
UKENTH_TWU_TP000133,149,9,16/07/2024,5.222741917,3.553329748,3.329515357,3.732094703,BRMS
UKENTH_TWU_TP000133,149,10,23/07/2024,5.341882391,3.72007963,3.508615921,3.889570038,BRMS
UKENTH_TWU_TP000133,149,11,30/07/2024,5.461022864,3.87601273,3.673515269,4.045151938,BRMS
UKENTH_TWU_TP000133,149,12,06/08/2024,5.233416832,3.970042647,3.782770141,4.143280361,BRMS
UKENTH_TWU_TP000133,149,13,13/08/2024,5.0058108,3.999686858,3.810647817,4.181798158,BRMS
UKENTH_TWU_TP000133,149,14,20/08/2024,5.051646829,4.004699966,3.804953913,4.175971816,BRMS
UKENTH_TWU_TP000133,149,15,27/08/2024,5.097482857,4.014995907,3.813643585,4.177476887,BRMS
UKENTH_TWU_TP000133,149,16,03/09/2024,5.421341446,4.007517758,3.823784305,4.175154533,BRMS
UKENTH_TWU_TP000133,149,17,10/09/2024,5.745200034,3.991929351,3.811482556,4.159749163,BRMS
UKENTH_TWU_TP000133,149,18,17/09/2024,5.481235506,3.935278953,3.749976269,4.117352865,BRMS
UKENTH_TWU_TP000133,149,19,24/09/2024,5.217270977,3.833687009,3.644746143,4.020025472,BRMS
UKENTH_TWU_TP000133,149,20,01/10/2024,5.164750504,3.762942001,3.56265395,3.952332538,BRMS
UKENTH_TWU_TP000133,149,21,08/10/2024,5.112230031,3.722166902,3.521998596,3.911116945,BRMS
UKENTH_TWU_TP000133,149,22,15/10/2024,4.028234976,3.729572706,3.538794141,3.916858826,BRMS
UKENTH_TWU_TP000133,149,23,22/10/2024,2.94423992,3.760986389,3.577960119,3.940723964,BRMS
UKENTH_TWU_TP000133,149,24,29/10/2024,4.249406259,3.779184976,3.599045444,3.950659241,BRMS
UKENTH_TWU_TP000133,149,25,05/11/2024,5.554572598,3.779542237,3.5979734,3.95145199,BRMS
UKENTH_TWU_TP000133,149,26,12/11/2024,5.637818351,3.768656242,3.584019745,3.944726904,BRMS
UKENTH_TWU_TP000133,149,27,19/11/2024,5.721064103,3.761326566,3.56054796,3.940795225,BRMS
UKENTH_TWU_TP000133,149,28,26/11/2024,5.782556331,3.743341715,3.54615787,3.924504516,BRMS
UKENTH_TWU_TP000133,149,29,03/12/2024,5.844048559,3.756145879,3.536226667,3.939805498,BRMS
UKENTH_TWU_TP000133,149,30,10/12/2024,5.694044437,3.712864789,3.494018931,3.900606845,BRMS
UKENTH_TWU_TP000133,149,31,17/12/2024,5.544040315,3.695694358,3.513726959,3.878969296,BRMS
UKENTH_TWU_TP000133,149,32,24/12/2024,5.544040315,3.714496302,3.505891119,3.897295832,BRMS
UKENTH_TWU_TP000133,149,33,31/12/2024,5.258391779,3.653662757,3.455123809,3.825555678,BRMS
UKENTH_TWU_TP000133,149,34,07/01/2025,5.169343638,3.557950753,3.34887418,3.724349553,BRMS
UKENTH_TWU_TP000133,149,35,14/01/2025,5.169343638,3.487176687,3.274076078,3.65210186,BRMS
UKENTH_TWU_TP000133,149,36,21/01/2025,5.304903146,3.474583386,3.266518814,3.6599162,BRMS
UKENTH_TWU_TP000133,149,37,28/01/2025,5.529510794,3.575596385,3.363027199,3.753237814,BRMS
UKENTH_TWU_TP000133,149,38,04/02/2025,5.601497206,3.713858035,3.523460207,3.880879641,BRMS
UKENTH_TWU_TP000133,149,39,11/02/2025,5.673483617,3.896576763,3.705036189,4.060220879,BRMS
UKENTH_TWU_TP000133,149,40,18/02/2025,5.452356941,4.057613667,3.871875829,4.228575054,BRMS
UKENTH_TWU_TP000133,149,41,25/02/2025,5.231230265,4.184767574,3.993953791,4.367100364,BRMS
UKENTH_TWU_TP000133,149,42,04/03/2025,5.056634446,4.253532137,4.057623636,4.430387146,BRMS
UKENTH_TWU_TP000133,149,43,11/03/2025,4.882038627,4.255973477,4.065966157,4.436934431,BRMS
UKENTH_TWU_TP000133,149,44,18/03/2025,4.590263607,4.237438109,4.037905449,4.430337031,BRMS
UKENTH_TWU_TP000133,149,45,25/03/2025,4.888645013,4.19132607,3.974058578,4.405124801,BRMS
UKENTH_TWU_TP000139,150,1,21/05/2024,NA,4.877336973,4.592110047,5.178388509,BRMS
UKENTH_TWU_TP000139,150,2,28/05/2024,4.960279318,4.9299456,4.655058241,5.188309391,BRMS
UKENTH_TWU_TP000139,150,3,04/06/2024,4.71605016,5.017250222,4.750896942,5.2743841,BRMS
UKENTH_TWU_TP000139,150,4,11/06/2024,4.71605016,5.161092819,4.919127598,5.39785055,BRMS
UKENTH_TWU_TP000139,150,5,18/06/2024,4.471821002,5.321798101,5.08949988,5.549654206,BRMS
UKENTH_TWU_TP000139,150,6,25/06/2024,5.047517835,5.461690047,5.232319084,5.683554104,BRMS
UKENTH_TWU_TP000139,150,7,02/07/2024,5.047517835,5.580198391,5.349958248,5.785834711,BRMS
UKENTH_TWU_TP000139,150,8,09/07/2024,4.615371447,5.683373677,5.440747887,5.906730205,BRMS
UKENTH_TWU_TP000139,150,9,16/07/2024,4.183225059,5.636421425,5.423648147,5.858734513,BRMS
UKENTH_TWU_TP000139,150,10,23/07/2024,4.737505934,5.781909857,5.554017313,6.008329679,BRMS
UKENTH_TWU_TP000139,150,11,30/07/2024,5.291786809,5.897902947,5.660372312,6.140828254,BRMS
UKENTH_TWU_TP000139,150,12,06/08/2024,5.091235387,5.965099173,5.720769687,6.197805224,BRMS
UKENTH_TWU_TP000139,150,13,13/08/2024,4.890683964,5.983573818,5.742337575,6.198616235,BRMS
UKENTH_TWU_TP000139,150,14,20/08/2024,5.216350012,5.976873524,5.750672812,6.187104003,BRMS
UKENTH_TWU_TP000139,150,15,27/08/2024,5.54201606,5.973171981,5.764155551,6.18142717,BRMS
UKENTH_TWU_TP000139,150,16,03/09/2024,5.809655928,5.946856369,5.732485215,6.180312534,BRMS
UKENTH_TWU_TP000139,150,17,10/09/2024,6.077295796,5.90234579,5.692231447,6.117630564,BRMS
UKENTH_TWU_TP000139,150,18,17/09/2024,5.848968813,5.80531777,5.585153863,6.01450203,BRMS
UKENTH_TWU_TP000139,150,19,24/09/2024,5.620641829,5.698160219,5.476823473,5.903152441,BRMS
UKENTH_TWU_TP000139,150,20,01/10/2024,5.127422711,5.601979716,5.378597043,5.807554895,BRMS
UKENTH_TWU_TP000139,150,21,08/10/2024,4.634203592,5.556557452,5.331115727,5.770048263,BRMS
UKENTH_TWU_TP000139,150,22,15/10/2024,4.980763741,5.563725307,5.344055956,5.771745939,BRMS
UKENTH_TWU_TP000139,150,23,22/10/2024,5.327323889,5.590006619,5.381515069,5.782413957,BRMS
UKENTH_TWU_TP000139,150,24,29/10/2024,5.990597545,5.618365074,5.414446588,5.809074734,BRMS
UKENTH_TWU_TP000139,150,25,05/11/2024,6.6538712,5.633237476,5.431117399,5.829040778,BRMS
UKENTH_TWU_TP000139,150,26,12/11/2024,6.204135771,5.627916108,5.418068187,5.835479753,BRMS
UKENTH_TWU_TP000139,150,27,19/11/2024,5.754400341,5.620414182,5.39725413,5.8287665,BRMS
UKENTH_TWU_TP000139,150,28,26/11/2024,5.518375746,5.608224588,5.389464827,5.817830115,BRMS
UKENTH_TWU_TP000139,150,29,03/12/2024,5.28235115,5.613023516,5.404073099,5.815766185,BRMS
UKENTH_TWU_TP000139,150,30,10/12/2024,5.445052608,5.559556768,5.34993066,5.765227511,BRMS
UKENTH_TWU_TP000139,150,31,17/12/2024,5.607754065,5.571805226,5.35420651,5.786267004,BRMS
UKENTH_TWU_TP000139,150,32,24/12/2024,5.572541038,5.5554388,5.317179077,5.766446147,BRMS
UKENTH_TWU_TP000139,150,33,31/12/2024,5.53732801,5.483885082,5.249172672,5.706249663,BRMS
UKENTH_TWU_TP000139,150,34,07/01/2025,5.323900219,5.395121893,5.169207509,5.617714767,BRMS
UKENTH_TWU_TP000139,150,35,14/01/2025,5.110472427,5.312884984,5.089749321,5.524496954,BRMS
UKENTH_TWU_TP000139,150,36,21/01/2025,5.231262785,5.282939829,5.027719885,5.525988483,BRMS
UKENTH_TWU_TP000139,150,37,28/01/2025,5.352053142,5.394360517,5.158740946,5.601466091,BRMS
UKENTH_TWU_TP000139,150,38,04/02/2025,4.99075336,5.525496728,5.283250945,5.744739821,BRMS
UKENTH_TWU_TP000139,150,39,11/02/2025,4.629453578,5.675288863,5.43665149,5.908250578,BRMS
UKENTH_TWU_TP000139,150,40,18/02/2025,4.941518235,5.813905308,5.577115344,6.0389439,BRMS
UKENTH_TWU_TP000139,150,41,25/02/2025,5.253582891,5.907286604,5.661919243,6.136885464,BRMS
UKENTH_TWU_TP000139,150,42,04/03/2025,5.3094261,5.954832274,5.700767437,6.177790347,BRMS
UKENTH_TWU_TP000139,150,43,11/03/2025,5.365269308,5.952098382,5.696144505,6.189648789,BRMS
UKENTH_TWU_TP000139,150,44,18/03/2025,5.434852094,5.916606027,5.659936826,6.160806692,BRMS
UKENTH_TWU_TP000139,150,45,25/03/2025,5.50443488,5.871580402,5.607083416,6.121018503,BRMS
UKENTH_TWU_TP000155,151,1,21/05/2024,NA,4.425413255,4.089341251,4.749236973,BRMS
UKENTH_TWU_TP000155,151,2,28/05/2024,4.709406204,4.482306502,4.187469904,4.777002418,BRMS
UKENTH_TWU_TP000155,151,3,04/06/2024,4.709406204,4.571915218,4.304516886,4.850254325,BRMS
UKENTH_TWU_TP000155,151,4,11/06/2024,5.059219325,4.736825947,4.475134179,4.996373603,BRMS
UKENTH_TWU_TP000155,151,5,18/06/2024,5.409032445,4.907256439,4.647910451,5.159424572,BRMS
UKENTH_TWU_TP000155,151,6,25/06/2024,5.269673245,5.05175883,4.813319184,5.301984125,BRMS
UKENTH_TWU_TP000155,151,7,02/07/2024,5.130314044,5.170773881,4.940686943,5.431250253,BRMS
UKENTH_TWU_TP000155,151,8,09/07/2024,4.882059408,5.273483318,5.03630566,5.538719455,BRMS
UKENTH_TWU_TP000155,151,9,16/07/2024,4.633804772,5.234801953,5.004557357,5.467726051,BRMS
UKENTH_TWU_TP000155,151,10,23/07/2024,4.976051851,5.381913009,5.118952035,5.623073538,BRMS
UKENTH_TWU_TP000155,151,11,30/07/2024,5.31829893,5.491470547,5.218952414,5.741355282,BRMS
UKENTH_TWU_TP000155,151,12,06/08/2024,5.377200285,5.555616561,5.297214343,5.804357928,BRMS
UKENTH_TWU_TP000155,151,13,13/08/2024,5.436101639,5.576539896,5.333379541,5.826910237,BRMS
UKENTH_TWU_TP000155,151,14,20/08/2024,5.463511811,5.578848285,5.33854018,5.832643598,BRMS
UKENTH_TWU_TP000155,151,15,27/08/2024,5.490921983,5.600433402,5.351514191,5.858885898,BRMS
UKENTH_TWU_TP000155,151,16,03/09/2024,5.697854317,5.573196892,5.342380978,5.819570475,BRMS
UKENTH_TWU_TP000155,151,17,10/09/2024,5.904786651,5.583470638,5.356278093,5.840515253,BRMS
UKENTH_TWU_TP000155,151,18,17/09/2024,5.434465879,5.539963908,5.323652739,5.800689293,BRMS
UKENTH_TWU_TP000155,151,19,24/09/2024,4.964145107,5.468438027,5.251779748,5.737829611,BRMS
UKENTH_TWU_TP000155,151,20,01/10/2024,4.995774104,5.399269732,5.167991785,5.656473366,BRMS
UKENTH_TWU_TP000155,151,21,08/10/2024,5.027403101,5.352903002,5.126727284,5.609767862,BRMS
UKENTH_TWU_TP000155,151,22,15/10/2024,4.960198496,5.373785921,5.14756305,5.632751977,BRMS
UKENTH_TWU_TP000155,151,23,22/10/2024,4.892993891,5.421384286,5.188154197,5.675974963,BRMS
UKENTH_TWU_TP000155,151,24,29/10/2024,4.875309452,5.472405378,5.235501358,5.730344126,BRMS
UKENTH_TWU_TP000155,151,25,05/11/2024,4.857625012,5.490302892,5.246882084,5.748768923,BRMS
UKENTH_TWU_TP000155,151,26,12/11/2024,5.08279855,5.467716311,5.208240811,5.720572387,BRMS
UKENTH_TWU_TP000155,151,27,19/11/2024,5.307972088,5.452425177,5.193616269,5.699719463,BRMS
UKENTH_TWU_TP000155,151,28,26/11/2024,5.195429015,5.414902036,5.164341271,5.663055741,BRMS
UKENTH_TWU_TP000155,151,29,03/12/2024,5.082885941,5.438544464,5.17225064,5.692258283,BRMS
UKENTH_TWU_TP000155,151,30,10/12/2024,5.091796456,5.402142757,5.16009963,5.656499973,BRMS
UKENTH_TWU_TP000155,151,31,17/12/2024,5.10070697,5.401251572,5.148568183,5.655753612,BRMS
UKENTH_TWU_TP000155,151,32,24/12/2024,5.10070697,5.436277008,5.15192337,5.683976569,BRMS
UKENTH_TWU_TP000155,151,33,31/12/2024,4.076814673,5.389842081,5.113972146,5.634677778,BRMS
UKENTH_TWU_TP000155,151,34,07/01/2025,3.739431238,5.321786647,5.058238774,5.569629047,BRMS
UKENTH_TWU_TP000155,151,35,14/01/2025,3.739431238,5.257576294,4.9882771,5.502095275,BRMS
UKENTH_TWU_TP000155,151,36,21/01/2025,4.525922464,5.245300538,4.977493468,5.495258668,BRMS
UKENTH_TWU_TP000155,151,37,28/01/2025,5.649797125,5.363350299,5.106539929,5.60658263,BRMS
UKENTH_TWU_TP000155,151,38,04/02/2025,5.636002682,5.562742773,5.306932322,5.818569064,BRMS
UKENTH_TWU_TP000155,151,39,11/02/2025,5.622208238,5.776783315,5.512641477,6.028368115,BRMS
UKENTH_TWU_TP000155,151,40,18/02/2025,5.325784266,5.927468027,5.65327762,6.171648031,BRMS
UKENTH_TWU_TP000155,151,41,25/02/2025,5.029360293,6.015851505,5.752147856,6.254659262,BRMS
UKENTH_TWU_TP000155,151,42,04/03/2025,5.029360293,6.042977583,5.789303842,6.289838025,BRMS
UKENTH_TWU_TP000155,151,43,11/03/2025,6.535414976,5.992233373,5.751594554,6.257959948,BRMS
UKENTH_TWU_TP000155,151,44,18/03/2025,5.718574273,5.936106323,5.685008311,6.203212476,BRMS
UKENTH_TWU_TP000155,151,45,25/03/2025,5.97569136,5.873403054,5.58955622,6.137590644,BRMS
UKENTH_TWU_TP000159,152,1,21/05/2024,NA,4.033831146,3.778391643,4.295943388,BRMS
UKENTH_TWU_TP000159,152,2,28/05/2024,2.996654663,4.091183446,3.862622212,4.310976209,BRMS
UKENTH_TWU_TP000159,152,3,04/06/2024,2.996654663,4.184294048,3.968952834,4.396318516,BRMS
UKENTH_TWU_TP000159,152,4,11/06/2024,3.343885105,4.335131154,4.146420245,4.545999864,BRMS
UKENTH_TWU_TP000159,152,5,18/06/2024,3.691115546,4.503263243,4.319995099,4.719197613,BRMS
UKENTH_TWU_TP000159,152,6,25/06/2024,3.957756053,4.649835407,4.47312262,4.860682225,BRMS
UKENTH_TWU_TP000159,152,7,02/07/2024,4.224396559,4.773584203,4.586420716,4.980731753,BRMS
UKENTH_TWU_TP000159,152,8,09/07/2024,4.243407204,4.880011821,4.684734549,5.070422666,BRMS
UKENTH_TWU_TP000159,152,9,16/07/2024,4.262417848,4.835690569,4.64116655,5.026191192,BRMS
UKENTH_TWU_TP000159,152,10,23/07/2024,4.827571959,4.984436981,4.793996163,5.174895162,BRMS
UKENTH_TWU_TP000159,152,11,30/07/2024,5.39272607,5.105619459,4.907849923,5.300367593,BRMS
UKENTH_TWU_TP000159,152,12,06/08/2024,4.910726202,5.181735512,4.981782682,5.38419554,BRMS
UKENTH_TWU_TP000159,152,13,13/08/2024,4.428726334,5.211482374,5.013188714,5.410193393,BRMS
UKENTH_TWU_TP000159,152,14,20/08/2024,5.08065305,5.217526071,5.031977495,5.398065451,BRMS
UKENTH_TWU_TP000159,152,15,27/08/2024,5.732579766,5.225008819,5.048740119,5.404452543,BRMS
UKENTH_TWU_TP000159,152,16,03/09/2024,5.012122788,5.207509409,5.027324262,5.380835159,BRMS
UKENTH_TWU_TP000159,152,17,10/09/2024,4.29166581,5.169540162,4.991437343,5.361224862,BRMS
UKENTH_TWU_TP000159,152,18,17/09/2024,4.671181834,5.07670579,4.893656144,5.274518848,BRMS
UKENTH_TWU_TP000159,152,19,24/09/2024,5.050697857,4.972812872,4.78683959,5.166460301,BRMS
UKENTH_TWU_TP000159,152,20,01/10/2024,5.042361748,4.880576249,4.699736616,5.065898175,BRMS
UKENTH_TWU_TP000159,152,21,08/10/2024,5.034025639,4.838263913,4.656428033,5.02283664,BRMS
UKENTH_TWU_TP000159,152,22,15/10/2024,5.138731794,4.849910417,4.672254879,5.043072624,BRMS
UKENTH_TWU_TP000159,152,23,22/10/2024,5.243437949,4.880770714,4.718271986,5.072534955,BRMS
UKENTH_TWU_TP000159,152,24,29/10/2024,4.913733646,4.915964219,4.768083165,5.106190651,BRMS
UKENTH_TWU_TP000159,152,25,05/11/2024,4.584029342,4.939024845,4.790769994,5.131477057,BRMS
UKENTH_TWU_TP000159,152,26,12/11/2024,4.591738393,4.94207242,4.788034706,5.143895056,BRMS
UKENTH_TWU_TP000159,152,27,19/11/2024,4.599447444,4.941940446,4.777094083,5.150209823,BRMS
UKENTH_TWU_TP000159,152,28,26/11/2024,4.853927892,4.936702593,4.772200386,5.143168175,BRMS
UKENTH_TWU_TP000159,152,29,03/12/2024,5.108408339,4.947230713,4.776009106,5.160845994,BRMS
UKENTH_TWU_TP000159,152,30,10/12/2024,4.803440591,4.898805575,4.728947042,5.099123417,BRMS
UKENTH_TWU_TP000159,152,31,17/12/2024,4.498472843,4.916843832,4.746418755,5.133620408,BRMS
UKENTH_TWU_TP000159,152,32,24/12/2024,3.944614682,4.904047168,4.737773309,5.136745108,BRMS
UKENTH_TWU_TP000159,152,33,31/12/2024,3.39075652,4.839195615,4.663492498,5.053000728,BRMS
UKENTH_TWU_TP000159,152,34,07/01/2025,4.04556496,4.757776433,4.579625276,4.968981123,BRMS
UKENTH_TWU_TP000159,152,35,14/01/2025,4.7003734,4.683967242,4.502576726,4.894851111,BRMS
UKENTH_TWU_TP000159,152,36,21/01/2025,4.736057337,4.662462073,4.467923146,4.87011727,BRMS
UKENTH_TWU_TP000159,152,37,28/01/2025,4.771741273,4.782345531,4.577128684,5.00178253,BRMS
UKENTH_TWU_TP000159,152,38,04/02/2025,4.810445927,4.919603928,4.717253159,5.125512674,BRMS
UKENTH_TWU_TP000159,152,39,11/02/2025,4.849150581,5.072851442,4.861938432,5.278854047,BRMS
UKENTH_TWU_TP000159,152,40,18/02/2025,4.955326489,5.213902907,4.984306643,5.438480028,BRMS
UKENTH_TWU_TP000159,152,41,25/02/2025,5.061502396,5.307999602,5.062178883,5.528670268,BRMS
UKENTH_TWU_TP000159,152,42,04/03/2025,5.068239602,5.356718942,5.1084189,5.568513163,BRMS
UKENTH_TWU_TP000159,152,43,11/03/2025,5.074976807,5.354571455,5.111058564,5.551499766,BRMS
UKENTH_TWU_TP000159,152,44,18/03/2025,5.173307621,5.31646777,5.073596642,5.510081661,BRMS
UKENTH_TWU_TP000159,152,45,25/03/2025,5.271638435,5.26783383,5.00730319,5.472630746,BRMS
