site_code,s_index,date_index,one_week_date,nov_3week,predicted,q0.025,q0.975
UKENAN_AW_TP000016,1,1,24/05/2021,NA,3.646491829,3.21094596,4.08249633
UKENAN_AW_TP000016,1,2,31/05/2021,3.166716595,3.603432742,3.268382268,3.927736383
UKENAN_AW_TP000016,1,3,07/06/2021,3.166716595,3.637503539,3.302527954,3.961775969
UKENAN_AW_TP000016,1,4,14/06/2021,3.78289225,3.846722475,3.518293342,4.172153648
UKENAN_AW_TP000016,1,5,21/06/2021,4.399067904,4.042463036,3.717704352,4.372321862
UKENAN_AW_TP000016,1,6,28/06/2021,4.598555993,4.296804883,3.971619994,4.625760093
UKENAN_AW_TP000016,1,7,05/07/2021,4.798044081,4.572184572,4.245160814,4.901676193
UKENAN_AW_TP000016,1,8,12/07/2021,5.01527048,4.509286741,4.183023637,4.83820668
UKENAN_AW_TP000016,1,9,19/07/2021,5.232496879,4.437167979,4.111852304,4.766335014
UKENAN_AW_TP000016,1,10,26/07/2021,4.713496681,4.509914371,4.180942314,4.834818882
UKENAN_AW_TP000016,1,11,02/08/2021,4.194496483,4.604060675,4.267807034,4.928068549
UKENAN_AW_TP000016,1,12,09/08/2021,3.691563332,4.577117348,4.240251011,4.901994003
UKENAN_AW_TP000016,1,13,16/08/2021,3.188630181,4.525230788,4.189391968,4.850565829
UKENAN_AW_TP000016,1,14,23/08/2021,4.747748325,4.783554757,4.457756635,5.113347738
UKENAN_AW_TP000016,1,15,30/08/2021,6.306866468,5.042491166,4.715351014,5.386677751
UKENAN_AW_TP000016,1,16,06/09/2021,5.805145858,4.950431916,4.625988755,5.285730088
UKENAN_AW_TP000016,1,17,13/09/2021,5.303425248,4.880748104,4.555284871,5.209199243
UKENAN_AW_TP000016,1,18,20/09/2021,4.846847579,4.67600181,4.349547973,5.002572783
UKENAN_AW_TP000016,1,19,27/09/2021,4.390269909,4.46757182,4.139262278,4.792746236
UKENAN_AW_TP000016,1,20,04/10/2021,5.031005698,4.495733427,4.171605093,4.827271447
UKENAN_AW_TP000016,1,21,11/10/2021,5.671741487,4.546420894,4.221311777,4.888708723
UKENAN_AW_TP000016,1,22,18/10/2021,4.812659249,4.425067847,4.100586647,4.755881479
UKENAN_AW_TP000016,1,23,25/10/2021,3.953577011,4.318907379,3.988513265,4.643371482
UKENAN_AW_TP000016,1,24,01/11/2021,4.039804732,4.449046479,4.119358989,4.773797818
UKENAN_AW_TP000016,1,25,08/11/2021,4.126032452,4.594986506,4.26563619,4.919890128
UKENAN_AW_TP000016,1,26,15/11/2021,4.111151042,4.524581545,4.194789285,4.849115218
UKENAN_AW_TP000016,1,27,22/11/2021,4.096269631,4.449328232,4.11932994,4.773866317
UKENAN_AW_TP000016,1,28,29/11/2021,4.219370597,4.528468685,4.199639067,4.853363059
UKENAN_AW_TP000016,1,29,06/12/2021,4.342471563,4.609914264,4.282470414,4.935645431
UKENAN_AW_TP000016,1,30,13/12/2021,4.001523924,4.52208959,4.191543637,4.846549606
UKENAN_AW_TP000016,1,31,20/12/2021,3.660576284,4.415453833,4.081522358,4.739882557
UKENAN_AW_TP000016,1,32,27/12/2021,3.502487763,4.335966353,4.002595342,4.66107359
UKENAN_AW_TP000016,1,33,03/01/2022,3.344399242,4.276184586,3.942034406,4.600837817
UKENAN_AW_TP000016,1,34,10/01/2022,3.593240541,4.241977702,3.910333377,4.566307292
UKENAN_AW_TP000016,1,35,17/01/2022,3.84208184,4.210903833,3.880455863,4.535266329
UKENAN_AW_TP000016,1,36,24/01/2022,4.388822222,4.259054433,3.933350305,4.586466472
UKENAN_AW_TP000016,1,37,31/01/2022,4.935562603,4.368926176,4.045004687,4.702840205
UKENAN_AW_TP000016,1,38,07/02/2022,5.204496558,4.631865335,4.307644996,4.969345842
UKENAN_AW_TP000016,1,39,14/02/2022,5.473430513,4.868227545,4.542504026,5.210832729
UKENAN_AW_TP000016,1,40,21/02/2022,5.473430513,4.899350541,4.574074723,5.239591207
UKENAN_AW_TP000016,1,41,28/02/2022,NA,4.878512118,4.531522396,5.231606731
UKENAN_AW_TP000016,1,42,07/03/2022,NA,4.883195781,4.534694137,5.233230579
UKENAN_AW_TP000016,1,43,14/03/2022,NA,4.880561234,4.528950156,5.228013309
UKENAN_AW_TP000016,1,44,21/03/2022,NA,4.758204938,4.404621314,5.104871621
UKENAN_AW_TP000016,1,45,28/03/2022,NA,4.640874964,4.284995081,4.987612349
UKENAN_AW_TP000023,2,1,24/05/2021,NA,4.700137147,4.24635942,5.155289473
UKENAN_AW_TP000023,2,2,31/05/2021,5.88127531,4.899216899,4.545186729,5.266606866
UKENAN_AW_TP000023,2,3,07/06/2021,5.88127531,4.936614122,4.583003625,5.303406801
UKENAN_AW_TP000023,2,4,14/06/2021,5.941607414,5.040169312,4.686127615,5.408944688
UKENAN_AW_TP000023,2,5,21/06/2021,6.001939518,5.148619834,4.794776247,5.517570013
UKENAN_AW_TP000023,2,6,28/06/2021,5.582342046,5.264858416,4.91128301,5.623390889
UKENAN_AW_TP000023,2,7,05/07/2021,5.162744574,5.369715561,5.010591648,5.723224253
UKENAN_AW_TP000023,2,8,12/07/2021,5.809369052,5.429990148,5.075392288,5.787369937
UKENAN_AW_TP000023,2,9,19/07/2021,6.455993529,5.526554004,5.173256857,5.889531971
UKENAN_AW_TP000023,2,10,26/07/2021,6.15037503,5.613960706,5.260780639,5.974708101
UKENAN_AW_TP000023,2,11,02/08/2021,5.844756531,5.707461401,5.354377507,6.066670781
UKENAN_AW_TP000023,2,12,09/08/2021,5.811766002,5.669129452,5.314586402,6.026215617
UKENAN_AW_TP000023,2,13,16/08/2021,5.778775472,5.633642247,5.277121041,5.990181897
UKENAN_AW_TP000023,2,14,23/08/2021,5.760965718,5.735896073,5.378086293,6.089619626
UKENAN_AW_TP000023,2,15,30/08/2021,5.743155964,5.849673727,5.487587922,6.203745559
UKENAN_AW_TP000023,2,16,06/09/2021,5.952948808,5.879287487,5.520666586,6.233990339
UKENAN_AW_TP000023,2,17,13/09/2021,6.162741652,5.898516786,5.543215746,6.254775929
UKENAN_AW_TP000023,2,18,20/09/2021,5.570498723,5.727076674,5.369029497,6.081218458
UKENAN_AW_TP000023,2,19,27/09/2021,4.978255793,5.544020923,5.183073261,5.897375082
UKENAN_AW_TP000023,2,20,04/10/2021,4.360205548,5.440494712,5.073727338,5.793872874
UKENAN_AW_TP000023,2,21,11/10/2021,3.742155302,5.362234087,4.98568096,5.717748792
UKENAN_AW_TP000023,2,22,18/10/2021,5.0920297,5.475027498,5.117025128,5.828932037
UKENAN_AW_TP000023,2,23,25/10/2021,6.441904097,5.599708516,5.246408152,5.965405384
UKENAN_AW_TP000023,2,24,01/11/2021,6.283433856,5.63032131,5.277458554,5.994115599
UKENAN_AW_TP000023,2,25,08/11/2021,6.124963615,5.657190533,5.304101945,6.019912802
UKENAN_AW_TP000023,2,26,15/11/2021,6.036353976,5.640244923,5.287455099,6.00312177
UKENAN_AW_TP000023,2,27,22/11/2021,5.947744336,5.613836794,5.261051682,5.976236917
UKENAN_AW_TP000023,2,28,29/11/2021,5.849770253,5.643673603,5.289926577,6.001445681
UKENAN_AW_TP000023,2,29,06/12/2021,5.75179617,5.679232882,5.323500569,6.034152574
UKENAN_AW_TP000023,2,30,13/12/2021,4.892860166,5.57904989,5.21433198,5.932706656
UKENAN_AW_TP000023,2,31,20/12/2021,4.033924161,5.485323599,5.10545717,5.843184533
UKENAN_AW_TP000023,2,32,27/12/2021,4.635883317,5.418295842,5.052986753,5.771325396
UKENAN_AW_TP000023,2,33,03/01/2022,5.237842473,5.355627464,4.997382539,5.710120196
UKENAN_AW_TP000023,2,34,10/01/2022,5.295265975,5.313313593,4.95751889,5.669415343
UKENAN_AW_TP000023,2,35,17/01/2022,5.352689476,5.273269853,4.919198994,5.630669633
UKENAN_AW_TP000023,2,36,24/01/2022,4.693428924,5.190500753,4.831165192,5.543747362
UKENAN_AW_TP000023,2,37,31/01/2022,4.034168371,5.18133494,4.815410979,5.534522235
UKENAN_AW_TP000023,2,38,07/02/2022,4.696924319,5.408357836,5.046734845,5.761151557
UKENAN_AW_TP000023,2,39,14/02/2022,5.359680266,5.636056343,5.276783729,5.989358812
UKENAN_AW_TP000023,2,40,21/02/2022,5.560761672,5.731271602,5.373568707,6.085115457
UKENAN_AW_TP000023,2,41,28/02/2022,5.761843077,5.804268092,5.447344822,6.159881306
UKENAN_AW_TP000023,2,42,07/03/2022,5.914134189,5.805618098,5.450469492,6.162600138
UKENAN_AW_TP000023,2,43,14/03/2022,6.0664253,5.803949321,5.448859951,6.16384156
UKENAN_AW_TP000023,2,44,21/03/2022,6.005344002,5.768140351,5.413187002,6.125380489
UKENAN_AW_TP000023,2,45,28/03/2022,5.944262703,5.739896225,5.384682396,6.095922622
UKENAN_AW_TP000037,3,1,24/05/2021,NA,4.079737257,3.643971852,4.517605355
UKENAN_AW_TP000037,3,2,31/05/2021,3.903311068,4.03064453,3.695471388,4.356102399
UKENAN_AW_TP000037,3,3,07/06/2021,3.903311068,4.076741824,3.741383034,4.401832842
UKENAN_AW_TP000037,3,4,14/06/2021,4.543156003,4.317224447,3.990085965,4.645103716
UKENAN_AW_TP000037,3,5,21/06/2021,5.183000937,4.556805519,4.231950695,4.89359548
UKENAN_AW_TP000037,3,6,28/06/2021,5.065366168,4.747879589,4.422661002,5.079616687
UKENAN_AW_TP000037,3,7,05/07/2021,4.947731398,4.97765442,4.648891255,5.307088671
UKENAN_AW_TP000037,3,8,12/07/2021,4.630668328,4.89830095,4.566741515,5.225274236
UKENAN_AW_TP000037,3,9,19/07/2021,4.313605257,4.826116117,4.4924948,5.15163595
UKENAN_AW_TP000037,3,10,26/07/2021,4.849289227,4.984778715,4.656181213,5.311468953
UKENAN_AW_TP000037,3,11,02/08/2021,5.384973196,5.168222193,4.841889927,5.497247211
UKENAN_AW_TP000037,3,12,09/08/2021,5.230830287,5.121917956,4.795361176,5.451329887
UKENAN_AW_TP000037,3,13,16/08/2021,5.076687378,5.061894822,4.735340399,5.392727053
UKENAN_AW_TP000037,3,14,23/08/2021,5.353450935,5.229402008,4.903514518,5.560455703
UKENAN_AW_TP000037,3,15,30/08/2021,5.630214491,5.401608524,5.07445313,5.734252692
UKENAN_AW_TP000037,3,16,06/09/2021,5.471783811,5.37151317,5.045679991,5.704578872
UKENAN_AW_TP000037,3,17,13/09/2021,5.31335313,5.359157864,5.033718519,5.69205869
UKENAN_AW_TP000037,3,18,20/09/2021,5.138646497,5.152362603,4.826884581,5.482836652
UKENAN_AW_TP000037,3,19,27/09/2021,4.963939863,4.942320411,4.615894078,5.270692079
UKENAN_AW_TP000037,3,20,04/10/2021,4.919775262,4.892052663,4.566633081,5.222520833
UKENAN_AW_TP000037,3,21,11/10/2021,4.87561066,4.867372623,4.542108131,5.199155404
UKENAN_AW_TP000037,3,22,18/10/2021,4.96943506,4.822965258,4.497681179,5.154818549
UKENAN_AW_TP000037,3,23,25/10/2021,5.063259459,4.799725844,4.473696437,5.129896298
UKENAN_AW_TP000037,3,24,01/11/2021,5.032465756,4.916165263,4.58905909,5.243631018
UKENAN_AW_TP000037,3,25,08/11/2021,5.001672052,5.032404613,4.703073431,5.358309367
UKENAN_AW_TP000037,3,26,15/11/2021,4.938975208,4.966276656,4.638165032,5.292899324
UKENAN_AW_TP000037,3,27,22/11/2021,4.876278364,4.893473903,4.566191108,5.220961462
UKENAN_AW_TP000037,3,28,29/11/2021,4.899732982,4.969046547,4.640715406,5.295561702
UKENAN_AW_TP000037,3,29,06/12/2021,4.923187599,5.048325701,4.718929329,5.374410387
UKENAN_AW_TP000037,3,30,13/12/2021,5.038949969,4.974466369,4.646334534,5.301165579
UKENAN_AW_TP000037,3,31,20/12/2021,5.154712338,4.896316927,4.568828691,5.224677219
UKENAN_AW_TP000037,3,32,27/12/2021,4.94449611,4.822173263,4.492721334,5.150241782
UKENAN_AW_TP000037,3,33,03/01/2022,4.734279882,4.759919251,4.428992093,5.085993457
UKENAN_AW_TP000037,3,34,10/01/2022,4.286147753,4.634309067,4.298950192,4.959361422
UKENAN_AW_TP000037,3,35,17/01/2022,3.838015623,4.513078825,4.170371809,4.839105089
UKENAN_AW_TP000037,3,36,24/01/2022,4.146203327,4.568566949,4.233008272,4.893316946
UKENAN_AW_TP000037,3,37,31/01/2022,4.45439103,4.68175831,4.352211255,5.007664625
UKENAN_AW_TP000037,3,38,07/02/2022,4.849830205,4.945897147,4.619273461,5.274136933
UKENAN_AW_TP000037,3,39,14/02/2022,5.245269379,5.192425846,4.867077668,5.524861593
UKENAN_AW_TP000037,3,40,21/02/2022,5.196621438,5.249167888,4.923113528,5.578743277
UKENAN_AW_TP000037,3,41,28/02/2022,5.147973496,5.253292348,4.920407636,5.584282577
UKENAN_AW_TP000037,3,42,07/03/2022,4.89382889,5.23852145,4.902006954,5.567893185
UKENAN_AW_TP000037,3,43,14/03/2022,4.639684283,5.211749442,4.868251196,5.542341091
UKENAN_AW_TP000037,3,44,21/03/2022,5.372535612,5.210332899,4.878838093,5.542657385
UKENAN_AW_TP000037,3,45,28/03/2022,6.105386941,5.195651706,4.864710962,5.543532701
UKENAN_AW_TP000050,4,1,24/05/2021,NA,4.43408838,3.983131752,4.884821449
UKENAN_AW_TP000050,4,2,31/05/2021,4.897693102,4.531436784,4.181482335,4.883738193
UKENAN_AW_TP000050,4,3,07/06/2021,4.897693102,4.555439691,4.205643323,4.908666047
UKENAN_AW_TP000050,4,4,14/06/2021,4.865304477,4.671290871,4.321347538,5.023461969
UKENAN_AW_TP000050,4,5,21/06/2021,4.832915852,4.782603097,4.432174774,5.133932995
UKENAN_AW_TP000050,4,6,28/06/2021,4.777153873,5.014574304,4.658820931,5.363366698
UKENAN_AW_TP000050,4,7,05/07/2021,4.721391894,5.239466599,4.871673478,5.590945031
UKENAN_AW_TP000050,4,8,12/07/2021,5.006806916,5.207252045,4.848183933,5.556960691
UKENAN_AW_TP000050,4,9,19/07/2021,5.292221938,5.199237228,4.847022969,5.549773168
UKENAN_AW_TP000050,4,10,26/07/2021,4.723867395,5.218635907,4.860368684,5.567158117
UKENAN_AW_TP000050,4,11,02/08/2021,4.155512852,5.25823515,4.892335851,5.606718703
UKENAN_AW_TP000050,4,12,09/08/2021,4.610304188,5.297278441,4.93893107,5.645353916
UKENAN_AW_TP000050,4,13,16/08/2021,5.065095524,5.322376209,4.969729121,5.673554455
UKENAN_AW_TP000050,4,14,23/08/2021,5.473127402,5.513144035,5.161936619,5.863945746
UKENAN_AW_TP000050,4,15,30/08/2021,5.88115928,5.706665101,5.354077981,6.059470504
UKENAN_AW_TP000050,4,16,06/09/2021,5.789077843,5.658048906,5.306433191,6.01049453
UKENAN_AW_TP000050,4,17,13/09/2021,5.696996406,5.618688703,5.267137365,5.970431909
UKENAN_AW_TP000050,4,18,20/09/2021,5.446917624,5.47226144,5.121060169,5.823884149
UKENAN_AW_TP000050,4,19,27/09/2021,5.196838841,5.316425557,4.965698627,5.66789069
UKENAN_AW_TP000050,4,20,04/10/2021,5.483223699,5.324882897,4.976528492,5.679624152
UKENAN_AW_TP000050,4,21,11/10/2021,5.769608556,5.347659051,4.99972578,5.707740668
UKENAN_AW_TP000050,4,22,18/10/2021,5.438808164,5.238452074,4.889992353,5.592646305
UKENAN_AW_TP000050,4,23,25/10/2021,5.108007771,5.14628913,4.795263757,5.496728113
UKENAN_AW_TP000050,4,24,01/11/2021,5.470495454,5.247147046,4.897760414,5.600053071
UKENAN_AW_TP000050,4,25,08/11/2021,5.832983137,5.35534771,5.006766008,5.712025614
UKENAN_AW_TP000050,4,26,15/11/2021,5.324938326,5.297628119,4.946346012,5.648469505
UKENAN_AW_TP000050,4,27,22/11/2021,4.816893515,5.224824518,4.868078074,5.573477521
UKENAN_AW_TP000050,4,28,29/11/2021,5.368919763,5.32103705,4.969294018,5.672581312
UKENAN_AW_TP000050,4,29,06/12/2021,5.920946011,5.438569476,5.090169633,5.794371764
UKENAN_AW_TP000050,4,30,13/12/2021,5.718945729,5.369651158,5.020507979,5.723816879
UKENAN_AW_TP000050,4,31,20/12/2021,5.516945447,5.288589718,4.938281721,5.642817171
UKENAN_AW_TP000050,4,32,27/12/2021,5.790876198,5.217423941,4.867946833,5.582368238
UKENAN_AW_TP000050,4,33,03/01/2022,6.064806948,5.149404752,4.795569688,5.527744376
UKENAN_AW_TP000050,4,34,10/01/2022,6.071088954,5.134585489,4.784152681,5.50547522
UKENAN_AW_TP000050,4,35,17/01/2022,6.077370959,5.119989318,4.771771263,5.484403003
UKENAN_AW_TP000050,4,36,24/01/2022,5.404155543,5.05593889,4.707317508,5.409850429
UKENAN_AW_TP000050,4,37,31/01/2022,4.730940126,5.065824766,4.712544043,5.414942727
UKENAN_AW_TP000050,4,38,07/02/2022,5.129651942,5.279547672,4.926122425,5.628786185
UKENAN_AW_TP000050,4,39,14/02/2022,5.528363757,5.496039673,5.143454969,5.846053142
UKENAN_AW_TP000050,4,40,21/02/2022,5.660401752,5.561980719,5.210753524,5.914600169
UKENAN_AW_TP000050,4,41,28/02/2022,5.792439746,5.620322738,5.268331783,5.976004822
UKENAN_AW_TP000050,4,42,07/03/2022,5.72198417,5.614283243,5.262162485,5.968558554
UKENAN_AW_TP000050,4,43,14/03/2022,5.651528593,5.603984249,5.250385573,5.958220313
UKENAN_AW_TP000050,4,44,21/03/2022,4.352717428,5.392157455,5.022390214,5.743704813
UKENAN_AW_TP000050,4,45,28/03/2022,3.053906262,5.192861169,4.794140515,5.557646193
UKENAN_AW_TP000051,5,1,24/05/2021,NA,4.532470778,4.107791659,4.95561264
UKENAN_AW_TP000051,5,2,31/05/2021,4.796108887,4.511899916,4.195276866,4.822094411
UKENAN_AW_TP000051,5,3,07/06/2021,4.796108887,4.545938515,4.229864637,4.856484433
UKENAN_AW_TP000051,5,4,14/06/2021,4.795756766,4.721667848,4.406535057,5.031892686
UKENAN_AW_TP000051,5,5,21/06/2021,4.795404645,4.864537368,4.54940103,5.174641727
UKENAN_AW_TP000051,5,6,28/06/2021,5.191669584,5.153841115,4.840357723,5.464846693
UKENAN_AW_TP000051,5,7,05/07/2021,5.587934523,5.460708918,5.149191045,5.776154551
UKENAN_AW_TP000051,5,8,12/07/2021,5.5688099,5.397738773,5.086103215,5.712159076
UKENAN_AW_TP000051,5,9,19/07/2021,5.549685277,5.296204138,4.983691855,5.60769814
UKENAN_AW_TP000051,5,10,26/07/2021,5.489907504,5.387244393,5.069762971,5.69678274
UKENAN_AW_TP000051,5,11,02/08/2021,5.430129731,5.502133779,5.178428781,5.812153336
UKENAN_AW_TP000051,5,12,09/08/2021,5.64626628,5.504639593,5.186489921,5.817423958
UKENAN_AW_TP000051,5,13,16/08/2021,5.862402829,5.472557074,5.158074231,5.79034097
UKENAN_AW_TP000051,5,14,23/08/2021,5.820832464,5.664036484,5.351101806,5.98122429
UKENAN_AW_TP000051,5,15,30/08/2021,5.779262099,5.866258182,5.551950689,6.184378282
UKENAN_AW_TP000051,5,16,06/09/2021,5.321751642,5.759314787,5.443994548,6.070125811
UKENAN_AW_TP000051,5,17,13/09/2021,4.864241185,5.691114216,5.36892396,6.000991122
UKENAN_AW_TP000051,5,18,20/09/2021,4.885269868,5.495010689,5.174671326,5.804421455
UKENAN_AW_TP000051,5,19,27/09/2021,4.906298551,5.294073002,4.974566419,5.603533561
UKENAN_AW_TP000051,5,20,04/10/2021,5.166476033,5.326728144,5.011551724,5.636628678
UKENAN_AW_TP000051,5,21,11/10/2021,5.426653515,5.38562768,5.073277147,5.697311507
UKENAN_AW_TP000051,5,22,18/10/2021,5.421531838,5.290641264,4.977297949,5.601513663
UKENAN_AW_TP000051,5,23,25/10/2021,5.41641016,5.213185159,4.897467027,5.523206029
UKENAN_AW_TP000051,5,24,01/11/2021,5.467442769,5.360382642,5.046769326,5.671223431
UKENAN_AW_TP000051,5,25,08/11/2021,5.518475377,5.527658495,5.215645658,5.839586187
UKENAN_AW_TP000051,5,26,15/11/2021,5.656830463,5.467303094,5.156348302,5.780223156
UKENAN_AW_TP000051,5,27,22/11/2021,5.795185548,5.401783685,5.091678324,5.717025743
UKENAN_AW_TP000051,5,28,29/11/2021,5.537258689,5.440426619,5.129075383,5.752833397
UKENAN_AW_TP000051,5,29,06/12/2021,5.279331829,5.485294521,5.172335496,5.79621823
UKENAN_AW_TP000051,5,30,13/12/2021,5.324393474,5.436349847,5.124064855,5.74820468
UKENAN_AW_TP000051,5,31,20/12/2021,5.369455119,5.360155216,5.048608232,5.673346966
UKENAN_AW_TP000051,5,32,27/12/2021,5.119248928,5.285248304,4.97366406,5.598652099
UKENAN_AW_TP000051,5,33,03/01/2022,4.869042736,5.231783019,4.919590403,5.54444369
UKENAN_AW_TP000051,5,34,10/01/2022,5.368901024,5.225604728,4.915431762,5.540759304
UKENAN_AW_TP000051,5,35,17/01/2022,5.868759311,5.224494269,4.915094719,5.542449048
UKENAN_AW_TP000051,5,36,24/01/2022,5.814550259,5.248272191,4.938775634,5.56974645
UKENAN_AW_TP000051,5,37,31/01/2022,5.760341207,5.340916524,5.030660275,5.66637794
UKENAN_AW_TP000051,5,38,07/02/2022,6.207686598,5.594094333,5.282001204,5.924058612
UKENAN_AW_TP000051,5,39,14/02/2022,6.655031988,5.803972251,5.489756928,6.137268243
UKENAN_AW_TP000051,5,40,21/02/2022,6.564523199,5.82330358,5.511274888,6.152001346
UKENAN_AW_TP000051,5,41,28/02/2022,6.47401441,5.817747675,5.503850429,6.143631709
UKENAN_AW_TP000051,5,42,07/03/2022,6.136283906,5.853503579,5.539878943,6.175558957
UKENAN_AW_TP000051,5,43,14/03/2022,5.798553401,5.877810891,5.56277406,6.19531051
UKENAN_AW_TP000051,5,44,21/03/2022,4.578773254,5.69779302,5.372689644,6.011642298
UKENAN_AW_TP000051,5,45,28/03/2022,3.358993107,5.530271671,5.18368639,5.850062005
UKENAN_AW_TP000055,6,1,24/05/2021,NA,4.644200079,4.215402527,5.071617723
UKENAN_AW_TP000055,6,2,31/05/2021,5.540512309,4.860948715,4.547520811,5.190017212
UKENAN_AW_TP000055,6,3,07/06/2021,5.540512309,4.872337698,4.558340846,5.203779622
UKENAN_AW_TP000055,6,4,14/06/2021,5.262911497,4.879787254,4.566296916,5.199003532
UKENAN_AW_TP000055,6,5,21/06/2021,4.985310684,4.882482079,4.563237386,5.196162646
UKENAN_AW_TP000055,6,6,28/06/2021,5.302217587,5.181875511,4.861598292,5.494970156
UKENAN_AW_TP000055,6,7,05/07/2021,5.619124489,5.435507979,5.115010134,5.749414159
UKENAN_AW_TP000055,6,8,12/07/2021,5.761051911,5.39644341,5.081325336,5.712863686
UKENAN_AW_TP000055,6,9,19/07/2021,5.902979332,5.389558898,5.076663257,5.711482662
UKENAN_AW_TP000055,6,10,26/07/2021,5.828091066,5.454514349,5.140661036,5.773894494
UKENAN_AW_TP000055,6,11,02/08/2021,5.753202799,5.504558402,5.189521391,5.822394259
UKENAN_AW_TP000055,6,12,09/08/2021,5.945605331,5.603102121,5.289502749,5.923074647
UKENAN_AW_TP000055,6,13,16/08/2021,6.138007862,5.680526685,5.367637864,6.003961732
UKENAN_AW_TP000055,6,14,23/08/2021,6.121647392,5.732669616,5.419255148,6.051729203
UKENAN_AW_TP000055,6,15,30/08/2021,6.105286922,5.802727561,5.487474102,6.118838085
UKENAN_AW_TP000055,6,16,06/09/2021,6.01649658,5.778332094,5.464329746,6.096079962
UKENAN_AW_TP000055,6,17,13/09/2021,5.927706237,5.755218569,5.441872928,6.074477414
UKENAN_AW_TP000055,6,18,20/09/2021,5.76155384,5.662341038,5.349383325,5.982589074
UKENAN_AW_TP000055,6,19,27/09/2021,5.595401442,5.557064021,5.244166366,5.878257011
UKENAN_AW_TP000055,6,20,04/10/2021,5.417732226,5.549868674,5.234210888,5.865528572
UKENAN_AW_TP000055,6,21,11/10/2021,5.24006301,5.547150672,5.227162498,5.860657108
UKENAN_AW_TP000055,6,22,18/10/2021,5.040328576,5.438787582,5.118119822,5.751921207
UKENAN_AW_TP000055,6,23,25/10/2021,4.840594142,5.347357444,5.025162775,5.660330155
UKENAN_AW_TP000055,6,24,01/11/2021,4.516018062,5.374204052,5.042978459,5.687884218
UKENAN_AW_TP000055,6,25,08/11/2021,4.191441981,5.398273895,5.054916925,5.716855287
UKENAN_AW_TP000055,6,26,15/11/2021,4.795997823,5.455634958,5.126532889,5.768892187
UKENAN_AW_TP000055,6,27,22/11/2021,5.400553665,5.482270822,5.163662353,5.7957949
UKENAN_AW_TP000055,6,28,29/11/2021,5.465933308,5.508579009,5.190190408,5.822066575
UKENAN_AW_TP000055,6,29,06/12/2021,5.53131295,5.543726663,5.225695221,5.857586398
UKENAN_AW_TP000055,6,30,13/12/2021,5.434642656,5.525344812,5.207189723,5.839068656
UKENAN_AW_TP000055,6,31,20/12/2021,5.337972361,5.464537851,5.14674558,5.77836315
UKENAN_AW_TP000055,6,32,27/12/2021,5.421304757,5.356459864,5.04061756,5.673912688
UKENAN_AW_TP000055,6,33,03/01/2022,5.504637152,5.238769388,4.923480081,5.560360308
UKENAN_AW_TP000055,6,34,10/01/2022,4.903064508,5.24700549,4.930346633,5.56204125
UKENAN_AW_TP000055,6,35,17/01/2022,4.301491864,5.245680355,4.921423965,5.559032657
UKENAN_AW_TP000055,6,36,24/01/2022,4.89150457,5.248895268,4.931347273,5.563093715
UKENAN_AW_TP000055,6,37,31/01/2022,5.481517276,5.344158841,5.029716908,5.661108431
UKENAN_AW_TP000055,6,38,07/02/2022,5.739161749,5.497086466,5.180874557,5.812065699
UKENAN_AW_TP000055,6,39,14/02/2022,5.996806222,5.640045133,5.322270434,5.954000998
UKENAN_AW_TP000055,6,40,21/02/2022,5.852028266,5.754714084,5.439281728,6.070149662
UKENAN_AW_TP000055,6,41,28/02/2022,5.70725031,5.852109961,5.538067589,6.170696196
UKENAN_AW_TP000055,6,42,07/03/2022,5.728331716,5.885999401,5.571951024,6.203781034
UKENAN_AW_TP000055,6,43,14/03/2022,5.749413122,5.912392362,5.597606702,6.229598875
UKENAN_AW_TP000055,6,44,21/03/2022,5.85589368,5.815787778,5.50151104,6.137030256
UKENAN_AW_TP000055,6,45,28/03/2022,5.962374237,5.740181953,5.425911254,6.065921355
UKENAN_AW_TP000063,7,1,24/05/2021,NA,4.248798217,3.813106298,4.683145703
UKENAN_AW_TP000063,7,2,31/05/2021,4.732276406,4.410424705,4.085913614,4.737411787
UKENAN_AW_TP000063,7,3,07/06/2021,4.732276406,4.427842992,4.104020229,4.755675169
UKENAN_AW_TP000063,7,4,14/06/2021,4.541770542,4.492911665,4.168761995,4.819646146
UKENAN_AW_TP000063,7,5,21/06/2021,4.351264677,4.55581599,4.230962243,4.881714495
UKENAN_AW_TP000063,7,6,28/06/2021,5.117930786,4.786432206,4.459777887,5.110839823
UKENAN_AW_TP000063,7,7,05/07/2021,5.884596895,4.993205322,4.664798012,5.317759764
UKENAN_AW_TP000063,7,8,12/07/2021,5.168772734,4.948691221,4.621214469,5.273114209
UKENAN_AW_TP000063,7,9,19/07/2021,4.452948572,4.929849704,4.602464765,5.254252951
UKENAN_AW_TP000063,7,10,26/07/2021,4.6585306,4.998948725,4.672613846,5.323505132
UKENAN_AW_TP000063,7,11,02/08/2021,4.864112628,5.063546264,4.737988075,5.390762963
UKENAN_AW_TP000063,7,12,09/08/2021,5.130324846,5.205648893,4.881728258,5.534002764
UKENAN_AW_TP000063,7,13,16/08/2021,5.396537063,5.342129206,5.018737168,5.673286366
UKENAN_AW_TP000063,7,14,23/08/2021,5.358410032,5.367118571,5.043631851,5.696126914
UKENAN_AW_TP000063,7,15,30/08/2021,5.320283,5.401233862,5.076941231,5.728179343
UKENAN_AW_TP000063,7,16,06/09/2021,5.472057341,5.376498822,5.052447962,5.703621444
UKENAN_AW_TP000063,7,17,13/09/2021,5.623831682,5.346789247,5.02282222,5.674013808
UKENAN_AW_TP000063,7,18,20/09/2021,5.483631705,5.265921965,4.942124878,5.593203278
UKENAN_AW_TP000063,7,19,27/09/2021,5.343431727,5.167516549,4.843490523,5.49560597
UKENAN_AW_TP000063,7,20,04/10/2021,4.926513964,5.115033236,4.785994719,5.438883305
UKENAN_AW_TP000063,7,21,11/10/2021,4.509596201,5.069711881,4.732213294,5.394282268
UKENAN_AW_TP000063,7,22,18/10/2021,5.113332321,5.046067735,4.718370086,5.369896107
UKENAN_AW_TP000063,7,23,25/10/2021,5.71706844,5.039087314,4.715634751,5.367579051
UKENAN_AW_TP000063,7,24,01/11/2021,4.766527625,5.016195645,4.687306988,5.33947661
UKENAN_AW_TP000063,7,25,08/11/2021,3.815986809,4.989104346,4.648457467,5.314554121
UKENAN_AW_TP000063,7,26,15/11/2021,4.949685735,5.112572505,4.78675723,5.437062346
UKENAN_AW_TP000063,7,27,22/11/2021,6.08338466,5.214459372,4.889976009,5.553194974
UKENAN_AW_TP000063,7,28,29/11/2021,5.848697028,5.207930219,4.884545608,5.540813171
UKENAN_AW_TP000063,7,29,06/12/2021,5.614009396,5.227684598,4.904241532,5.556268595
UKENAN_AW_TP000063,7,30,13/12/2021,5.689275831,5.201833581,4.878481297,5.531619031
UKENAN_AW_TP000063,7,31,20/12/2021,5.764542265,5.158843095,4.835344272,5.491485621
UKENAN_AW_TP000063,7,32,27/12/2021,4.557002102,4.963897963,4.63714452,5.288848014
UKENAN_AW_TP000063,7,33,03/01/2022,3.349461938,4.748892704,4.409894994,5.074124672
UKENAN_AW_TP000063,7,34,10/01/2022,4.053377178,4.799833579,4.470369786,5.123509488
UKENAN_AW_TP000063,7,35,17/01/2022,4.757292417,4.844047479,4.519759735,5.170381885
UKENAN_AW_TP000063,7,36,24/01/2022,4.710636696,4.851232133,4.526469559,5.176904223
UKENAN_AW_TP000063,7,37,31/01/2022,4.663980974,4.935216216,4.609139727,5.259958586
UKENAN_AW_TP000063,7,38,07/02/2022,4.48891543,5.0416334,4.709678944,5.36516868
UKENAN_AW_TP000063,7,39,14/02/2022,4.313849885,5.148432891,4.809837962,5.473185903
UKENAN_AW_TP000063,7,40,21/02/2022,5.194060053,5.295628086,4.96767007,5.619152139
UKENAN_AW_TP000063,7,41,28/02/2022,6.07427022,5.43384697,5.109889325,5.763043654
UKENAN_AW_TP000063,7,42,07/03/2022,5.937666899,5.424050024,5.099764829,5.750546794
UKENAN_AW_TP000063,7,43,14/03/2022,5.801063577,5.407580655,5.081443549,5.733159318
UKENAN_AW_TP000063,7,44,21/03/2022,5.455360444,5.323861133,4.998459619,5.649786149
UKENAN_AW_TP000063,7,45,28/03/2022,5.10965731,5.252530085,4.927417596,5.579589976
UKENAN_AW_TP000069,8,1,24/05/2021,NA,3.052511148,2.624111446,3.480343115
UKENAN_AW_TP000069,8,2,31/05/2021,2.780945214,2.990987366,2.660217958,3.311391936
UKENAN_AW_TP000069,8,3,07/06/2021,2.780945214,3.034550117,2.704156748,3.354869015
UKENAN_AW_TP000069,8,4,14/06/2021,2.828334534,3.243262182,2.915419572,3.563076845
UKENAN_AW_TP000069,8,5,21/06/2021,2.875723854,3.420167239,3.093040367,3.740048982
UKENAN_AW_TP000069,8,6,28/06/2021,4.042036723,3.697899661,3.376370729,4.021213374
UKENAN_AW_TP000069,8,7,05/07/2021,5.208349592,4.023289233,3.70271036,4.358144384
UKENAN_AW_TP000069,8,8,12/07/2021,4.129371926,3.927581127,3.606051218,4.252572316
UKENAN_AW_TP000069,8,9,19/07/2021,3.050394259,3.790015905,3.460255877,4.109922447
UKENAN_AW_TP000069,8,10,26/07/2021,3.417630947,3.917280205,3.586495014,4.236931523
UKENAN_AW_TP000069,8,11,02/08/2021,3.784867635,4.085659037,3.753297062,4.405481418
UKENAN_AW_TP000069,8,12,09/08/2021,4.179317288,4.09024712,3.764157522,4.414680897
UKENAN_AW_TP000069,8,13,16/08/2021,4.57376694,4.058488583,3.73513931,4.390799156
UKENAN_AW_TP000069,8,14,23/08/2021,4.643659507,4.230810904,3.908309773,4.562250151
UKENAN_AW_TP000069,8,15,30/08/2021,4.713552074,4.405576858,4.081835678,4.737416217
UKENAN_AW_TP000069,8,16,06/09/2021,4.650333491,4.323320726,4.002075901,4.64810266
UKENAN_AW_TP000069,8,17,13/09/2021,4.587114908,4.284900216,3.962215228,4.607194104
UKENAN_AW_TP000069,8,18,20/09/2021,4.031225874,4.065215206,3.741001195,4.385982054
UKENAN_AW_TP000069,8,19,27/09/2021,3.475336839,3.846919299,3.519780121,4.166745591
UKENAN_AW_TP000069,8,20,04/10/2021,3.306048982,3.831206285,3.505873883,4.151588996
UKENAN_AW_TP000069,8,21,11/10/2021,3.136761124,3.8491625,3.524768697,4.17012196
UKENAN_AW_TP000069,8,22,18/10/2021,3.017289204,3.778336089,3.452830669,4.098802961
UKENAN_AW_TP000069,8,23,25/10/2021,2.897817283,3.729753657,3.401122468,4.049422665
UKENAN_AW_TP000069,8,24,01/11/2021,3.791647262,3.898456787,3.575028737,4.219647146
UKENAN_AW_TP000069,8,25,08/11/2021,4.685477241,4.082622306,3.762060489,4.407638462
UKENAN_AW_TP000069,8,26,15/11/2021,4.103705055,3.987495892,3.665941391,4.31048745
UKENAN_AW_TP000069,8,27,22/11/2021,3.521932868,3.899119924,3.576080361,4.221033072
UKENAN_AW_TP000069,8,28,29/11/2021,4.302950381,3.987634323,3.66701591,4.313060566
UKENAN_AW_TP000069,8,29,06/12/2021,5.083967893,4.077966802,3.75828438,4.409611442
UKENAN_AW_TP000069,8,30,13/12/2021,4.274379538,3.975268591,3.654628208,4.300329621
UKENAN_AW_TP000069,8,31,20/12/2021,3.464791183,3.849451514,3.524100461,4.172145808
UKENAN_AW_TP000069,8,32,27/12/2021,3.38484272,3.780073097,3.453899415,4.100698909
UKENAN_AW_TP000069,8,33,03/01/2022,3.304894256,3.732804798,3.403608648,4.052702866
UKENAN_AW_TP000069,8,34,10/01/2022,3.164765432,3.667874487,3.339797716,3.987682461
UKENAN_AW_TP000069,8,35,17/01/2022,3.024636607,3.60788899,3.280005039,3.927586846
UKENAN_AW_TP000069,8,36,24/01/2022,3.223923837,3.6541956,3.329769814,3.975044618
UKENAN_AW_TP000069,8,37,31/01/2022,3.423211066,3.763743127,3.442244162,4.087244043
UKENAN_AW_TP000069,8,38,07/02/2022,4.242594898,4.063538063,3.74349277,4.397504876
UKENAN_AW_TP000069,8,39,14/02/2022,5.06197873,4.317683109,3.992803907,4.665704897
UKENAN_AW_TP000069,8,40,21/02/2022,4.723084717,4.325746594,4.004977641,4.662669705
UKENAN_AW_TP000069,8,41,28/02/2022,4.384190703,4.305103983,3.980211331,4.636175174
UKENAN_AW_TP000069,8,42,07/03/2022,4.454310561,4.327103242,4.001743503,4.656214519
UKENAN_AW_TP000069,8,43,14/03/2022,4.524430418,4.342782306,4.015459605,4.669377278
UKENAN_AW_TP000069,8,44,21/03/2022,4.499412549,4.241911666,3.914185709,4.568186098
UKENAN_AW_TP000069,8,45,28/03/2022,4.47439468,4.148167131,3.8197957,4.474198706
UKENAN_AW_TP000082,9,1,24/05/2021,NA,4.708551472,4.272800488,5.144360548
UKENAN_AW_TP000082,9,2,31/05/2021,5.269604345,4.83381187,4.506096298,5.161682765
UKENAN_AW_TP000082,9,3,07/06/2021,5.269604345,4.862549753,4.535089496,5.190605054
UKENAN_AW_TP000082,9,4,14/06/2021,4.716124254,4.964040547,4.635396217,5.291205969
UKENAN_AW_TP000082,9,5,21/06/2021,4.162644162,5.066817541,4.735929358,5.393318089
UKENAN_AW_TP000082,9,6,28/06/2021,5.613949673,5.332946216,5.006639136,5.664169346
UKENAN_AW_TP000082,9,7,05/07/2021,7.065255184,5.590841753,5.263199781,5.931845803
UKENAN_AW_TP000082,9,8,12/07/2021,6.172954379,5.501215307,5.174352915,5.832011798
UKENAN_AW_TP000082,9,9,19/07/2021,5.280653574,5.445346684,5.11199769,5.772342417
UKENAN_AW_TP000082,9,10,26/07/2021,5.157148666,5.539015153,5.20998975,5.865432211
UKENAN_AW_TP000082,9,11,02/08/2021,5.033643758,5.633116827,5.306453718,5.961673272
UKENAN_AW_TP000082,9,12,09/08/2021,5.357696822,5.601768718,5.272710788,5.928644386
UKENAN_AW_TP000082,9,13,16/08/2021,5.681749886,5.572900588,5.240806258,5.899378607
UKENAN_AW_TP000082,9,14,23/08/2021,5.773523423,5.72887206,5.398083214,6.054715801
UKENAN_AW_TP000082,9,15,30/08/2021,5.86529696,5.883695751,5.552287688,6.210714033
UKENAN_AW_TP000082,9,16,06/09/2021,5.967966221,5.88262646,5.553276405,6.210042195
UKENAN_AW_TP000082,9,17,13/09/2021,6.070635481,5.879811522,5.552165271,6.207719629
UKENAN_AW_TP000082,9,18,20/09/2021,5.93409156,5.750323099,5.422951612,6.078430234
UKENAN_AW_TP000082,9,19,27/09/2021,5.797547638,5.611952756,5.285156798,5.940292357
UKENAN_AW_TP000082,9,20,04/10/2021,5.607590787,5.563415505,5.237375773,5.892609175
UKENAN_AW_TP000082,9,21,11/10/2021,5.417633936,5.535274256,5.20939488,5.865692419
UKENAN_AW_TP000082,9,22,18/10/2021,5.188262993,5.484793625,5.15737323,5.811994602
UKENAN_AW_TP000082,9,23,25/10/2021,4.958892049,5.449590262,5.119232299,5.775402629
UKENAN_AW_TP000082,9,24,01/11/2021,5.249031213,5.53228047,5.204831285,5.859295692
UKENAN_AW_TP000082,9,25,08/11/2021,5.539170377,5.613037593,5.286952801,5.943160392
UKENAN_AW_TP000082,9,26,15/11/2021,5.995174256,5.617545055,5.291906513,5.950353943
UKENAN_AW_TP000082,9,27,22/11/2021,6.451178134,5.610693211,5.284688818,5.947140555
UKENAN_AW_TP000082,9,28,29/11/2021,6.41048527,5.662363756,5.336676928,5.996034476
UKENAN_AW_TP000082,9,29,06/12/2021,6.369792406,5.730807826,5.405069258,6.062117248
UKENAN_AW_TP000082,9,30,13/12/2021,6.200461525,5.688264239,5.362232361,6.022902366
UKENAN_AW_TP000082,9,31,20/12/2021,6.031130644,5.638347148,5.311395397,5.977039159
UKENAN_AW_TP000082,9,32,27/12/2021,5.719335176,5.482548222,5.153570534,5.81706418
UKENAN_AW_TP000082,9,33,03/01/2022,5.407539707,5.32350472,4.993910128,5.652094493
UKENAN_AW_TP000082,9,34,10/01/2022,5.164533997,5.302720024,4.974589185,5.629864515
UKENAN_AW_TP000082,9,35,17/01/2022,4.921528286,5.284446881,4.956204071,5.61104202
UKENAN_AW_TP000082,9,36,24/01/2022,4.944929251,5.260048718,4.932006477,5.586716298
UKENAN_AW_TP000082,9,37,31/01/2022,4.968330215,5.305067883,4.977618961,5.632659323
UKENAN_AW_TP000082,9,38,07/02/2022,5.45297048,5.508065271,5.180832509,5.835594125
UKENAN_AW_TP000082,9,39,14/02/2022,5.937610744,5.718424019,5.390865087,6.046668963
UKENAN_AW_TP000082,9,40,21/02/2022,5.351029458,5.739110753,5.40766878,6.064731517
UKENAN_AW_TP000082,9,41,28/02/2022,4.764448172,5.748847773,5.408613432,6.07651258
UKENAN_AW_TP000082,9,42,07/03/2022,5.150562922,5.752849237,5.418011153,6.078891738
UKENAN_AW_TP000082,9,43,14/03/2022,5.536677672,5.748580349,5.416665379,6.075788305
UKENAN_AW_TP000082,9,44,21/03/2022,5.356230972,5.650749127,5.315915019,5.977581045
UKENAN_AW_TP000082,9,45,28/03/2022,5.175784272,5.577057026,5.238905079,5.90468388
UKENAN_AW_TP000107,10,1,24/05/2021,NA,3.977084961,3.55617013,4.399506462
UKENAN_AW_TP000107,10,2,31/05/2021,3.551756597,3.915146429,3.592398869,4.227755926
UKENAN_AW_TP000107,10,3,07/06/2021,3.551756597,3.965479341,3.642692016,4.277526797
UKENAN_AW_TP000107,10,4,14/06/2021,4.05902183,4.204796574,3.889572642,4.517476288
UKENAN_AW_TP000107,10,5,21/06/2021,4.566287062,4.437540106,4.125809348,4.755177667
UKENAN_AW_TP000107,10,6,28/06/2021,4.817361734,4.636413995,4.324171111,4.952770632
UKENAN_AW_TP000107,10,7,05/07/2021,5.068436406,4.888587025,4.575052813,5.205794424
UKENAN_AW_TP000107,10,8,12/07/2021,4.942512971,4.811417927,4.495352738,5.125388168
UKENAN_AW_TP000107,10,9,19/07/2021,4.816589536,4.727612234,4.409018715,5.039652961
UKENAN_AW_TP000107,10,10,26/07/2021,5.23027383,4.89629108,4.581735821,5.20956798
UKENAN_AW_TP000107,10,11,02/08/2021,5.643958124,5.105262906,4.792384493,5.420774886
UKENAN_AW_TP000107,10,12,09/08/2021,5.476899014,5.0697938,4.757020031,5.387966954
UKENAN_AW_TP000107,10,13,16/08/2021,5.309839904,5.011935126,4.699021626,5.333465564
UKENAN_AW_TP000107,10,14,23/08/2021,5.210500733,5.14188679,4.828987887,5.459938701
UKENAN_AW_TP000107,10,15,30/08/2021,5.111161561,5.270487074,4.954991789,5.587281354
UKENAN_AW_TP000107,10,16,06/09/2021,5.662263309,5.253388554,4.941098763,5.571390868
UKENAN_AW_TP000107,10,17,13/09/2021,6.213365056,5.265211801,4.953534067,5.586105814
UKENAN_AW_TP000107,10,18,20/09/2021,5.514991805,5.046267815,4.73445115,5.363244557
UKENAN_AW_TP000107,10,19,27/09/2021,4.816618554,4.830489169,4.516939674,5.144251106
UKENAN_AW_TP000107,10,20,04/10/2021,4.561433876,4.758658485,4.445350823,5.072928711
UKENAN_AW_TP000107,10,21,11/10/2021,4.306249197,4.72162399,4.40773863,5.035609958
UKENAN_AW_TP000107,10,22,18/10/2021,4.652752076,4.696000009,4.38335462,5.01180687
UKENAN_AW_TP000107,10,23,25/10/2021,4.999254955,4.698964971,4.386300307,5.014787739
UKENAN_AW_TP000107,10,24,01/11/2021,4.915184595,4.827821324,4.514486235,5.141741689
UKENAN_AW_TP000107,10,25,08/11/2021,4.831114235,4.963242303,4.648232859,5.276053304
UKENAN_AW_TP000107,10,26,15/11/2021,4.923923062,4.88923674,4.575880851,5.20317952
UKENAN_AW_TP000107,10,27,22/11/2021,5.016731889,4.818144382,4.505690568,5.133781898
UKENAN_AW_TP000107,10,28,29/11/2021,4.798836869,4.886233331,4.572709389,5.200141141
UKENAN_AW_TP000107,10,29,06/12/2021,4.580941849,4.949535552,4.634504976,5.262388794
UKENAN_AW_TP000107,10,30,13/12/2021,4.665515407,4.873088305,4.558900269,5.186564023
UKENAN_AW_TP000107,10,31,20/12/2021,4.750088964,4.790825375,4.47653908,5.106184896
UKENAN_AW_TP000107,10,32,27/12/2021,4.616695805,4.734653614,4.419632323,5.048262222
UKENAN_AW_TP000107,10,33,03/01/2022,4.483302645,4.693202903,4.376052792,5.005496788
UKENAN_AW_TP000107,10,34,10/01/2022,4.105041094,4.552116189,4.231027531,4.863824946
UKENAN_AW_TP000107,10,35,17/01/2022,3.726779543,4.414495095,4.087089411,4.727204728
UKENAN_AW_TP000107,10,36,24/01/2022,4.000647974,4.472042365,4.15036367,4.783545307
UKENAN_AW_TP000107,10,37,31/01/2022,4.274516404,4.586787073,4.269747747,4.898980052
UKENAN_AW_TP000107,10,38,07/02/2022,4.954708454,4.861197381,4.548560652,5.177057274
UKENAN_AW_TP000107,10,39,14/02/2022,5.634900504,5.114901684,4.80245114,5.438214808
UKENAN_AW_TP000107,10,40,21/02/2022,5.238131487,5.155226681,4.84320235,5.471409497
UKENAN_AW_TP000107,10,41,28/02/2022,4.84136247,5.156104912,4.837010013,5.4715661
UKENAN_AW_TP000107,10,42,07/03/2022,4.752877337,5.159579433,4.838761779,5.47435846
UKENAN_AW_TP000107,10,43,14/03/2022,4.664392204,5.158950225,4.834396591,5.473915933
UKENAN_AW_TP000107,10,44,21/03/2022,5.037533438,5.14416641,4.828062946,5.461492444
UKENAN_AW_TP000107,10,45,28/03/2022,5.410674671,5.11912551,4.803880622,5.447039041
UKENAN_AW_TP000115,11,1,24/05/2021,NA,4.610008613,4.163789243,5.054719785
UKENAN_AW_TP000115,11,2,31/05/2021,5.567368304,4.826131169,4.480424558,5.177805134
UKENAN_AW_TP000115,11,3,07/06/2021,5.567368304,4.863488201,4.518154511,5.214963196
UKENAN_AW_TP000115,11,4,14/06/2021,5.545610127,4.956397729,4.611201574,5.30778424
UKENAN_AW_TP000115,11,5,21/06/2021,5.523851949,5.046907548,4.70169267,5.398011698
UKENAN_AW_TP000115,11,6,28/06/2021,5.429020281,5.198569527,4.853277076,5.547807876
UKENAN_AW_TP000115,11,7,05/07/2021,5.334188612,5.334486385,4.988199955,5.682881929
UKENAN_AW_TP000115,11,8,12/07/2021,5.543027695,5.31833952,4.972575069,5.667049594
UKENAN_AW_TP000115,11,9,19/07/2021,5.751866777,5.344324248,4.998123075,5.692563247
UKENAN_AW_TP000115,11,10,26/07/2021,5.56793774,5.351652639,5.004379801,5.697716709
UKENAN_AW_TP000115,11,11,02/08/2021,5.384008702,5.362806706,5.012649772,5.709011668
UKENAN_AW_TP000115,11,12,09/08/2021,5.591676954,5.527663712,5.180810779,5.874546465
UKENAN_AW_TP000115,11,13,16/08/2021,5.799345205,5.704654477,5.358130147,6.054997345
UKENAN_AW_TP000115,11,14,23/08/2021,5.528850985,5.653007214,5.30565129,5.999554321
UKENAN_AW_TP000115,11,15,30/08/2021,5.258356764,5.597274935,5.245992261,5.943467641
UKENAN_AW_TP000115,11,16,06/09/2021,5.128086846,5.60160637,5.250770255,5.946883475
UKENAN_AW_TP000115,11,17,13/09/2021,4.997816928,5.590051774,5.237780146,5.936694466
UKENAN_AW_TP000115,11,18,20/09/2021,5.177232207,5.548700424,5.199201385,5.893773653
UKENAN_AW_TP000115,11,19,27/09/2021,5.356647485,5.47999074,5.132001036,5.825425531
UKENAN_AW_TP000115,11,20,04/10/2021,5.535963719,5.433946745,5.087124638,5.779427487
UKENAN_AW_TP000115,11,21,11/10/2021,5.715279953,5.413031104,5.066698027,5.75919182
UKENAN_AW_TP000115,11,22,18/10/2021,5.417060283,5.362490239,5.014888137,5.707927094
UKENAN_AW_TP000115,11,23,25/10/2021,5.118840612,5.337396427,4.988450415,5.68251145
UKENAN_AW_TP000115,11,24,01/11/2021,5.171084442,5.372424471,5.024045128,5.71721043
UKENAN_AW_TP000115,11,25,08/11/2021,5.223328272,5.412047615,5.063537281,5.757341114
UKENAN_AW_TP000115,11,26,15/11/2021,5.286919859,5.398724949,5.049245583,5.74399046
UKENAN_AW_TP000115,11,27,22/11/2021,5.350511446,5.371280964,5.020812056,5.716984974
UKENAN_AW_TP000115,11,28,29/11/2021,5.43299276,5.444668953,5.095874148,5.790621033
UKENAN_AW_TP000115,11,29,06/12/2021,5.515474073,5.543220614,5.195893058,5.888966332
UKENAN_AW_TP000115,11,30,13/12/2021,5.002573999,5.441688411,5.091514172,5.786796087
UKENAN_AW_TP000115,11,31,20/12/2021,4.489673925,5.326604537,4.969952145,5.675175148
UKENAN_AW_TP000115,11,32,27/12/2021,5.11552446,5.406268091,5.060170213,5.75283893
UKENAN_AW_TP000115,11,33,03/01/2022,5.741374994,5.451707454,5.103645154,5.808343661
UKENAN_AW_TP000115,11,34,10/01/2022,5.495260651,5.343868276,4.998412412,5.694036125
UKENAN_AW_TP000115,11,35,17/01/2022,5.249146308,5.225564532,4.879617783,5.572073037
UKENAN_AW_TP000115,11,36,24/01/2022,5.295766227,5.221249469,4.875219021,5.56842869
UKENAN_AW_TP000115,11,37,31/01/2022,5.342386146,5.299994491,4.953509677,5.647878925
UKENAN_AW_TP000115,11,38,07/02/2022,5.508663022,5.465059421,5.119197578,5.812882969
UKENAN_AW_TP000115,11,39,14/02/2022,5.674939898,5.64227235,5.295997055,5.991068708
UKENAN_AW_TP000115,11,40,21/02/2022,5.858865084,5.715657361,5.370449178,6.064364458
UKENAN_AW_TP000115,11,41,28/02/2022,6.042790269,5.79290534,5.446387451,6.142937834
UKENAN_AW_TP000115,11,42,07/03/2022,5.780157265,5.735815641,5.389682064,6.083126635
UKENAN_AW_TP000115,11,43,14/03/2022,5.51752426,5.687427913,5.339798575,6.034063761
UKENAN_AW_TP000115,11,44,21/03/2022,5.448821065,5.667366554,5.320758009,6.014251356
UKENAN_AW_TP000115,11,45,28/03/2022,5.380117869,5.669595289,5.322927769,6.018047723
UKENAN_AW_TP000116,12,1,24/05/2021,NA,4.049028464,3.619343946,4.479989794
UKENAN_AW_TP000116,12,2,31/05/2021,3.552313549,4.078700332,3.716292945,4.433517305
UKENAN_AW_TP000116,12,3,07/06/2021,3.552313549,4.127547525,3.765235475,4.482185569
UKENAN_AW_TP000116,12,4,14/06/2021,3.48482293,4.203457004,3.839499428,4.557453297
UKENAN_AW_TP000116,12,5,21/06/2021,3.41733231,4.256154152,3.889475901,4.610749048
UKENAN_AW_TP000116,12,6,28/06/2021,3.561384898,4.398930378,4.032048132,4.753740216
UKENAN_AW_TP000116,12,7,05/07/2021,3.705437485,4.503416649,4.138308488,4.858343289
UKENAN_AW_TP000116,12,8,12/07/2021,4.246558966,4.616405209,4.25625338,4.9710763
UKENAN_AW_TP000116,12,9,19/07/2021,4.787680446,4.768398742,4.411348462,5.124085887
UKENAN_AW_TP000116,12,10,26/07/2021,4.563421715,4.866871464,4.509066446,5.221270617
UKENAN_AW_TP000116,12,11,02/08/2021,4.339162983,4.950944194,4.592146169,5.305081233
UKENAN_AW_TP000116,12,12,09/08/2021,4.737302299,5.047125164,4.690576242,5.40221694
UKENAN_AW_TP000116,12,13,16/08/2021,5.135441614,5.12502241,4.770333531,5.482019894
UKENAN_AW_TP000116,12,14,23/08/2021,5.494649394,5.221989158,4.868127158,5.581547836
UKENAN_AW_TP000116,12,15,30/08/2021,5.853857174,5.264472211,4.910351542,5.625143492
UKENAN_AW_TP000116,12,16,06/09/2021,5.750166482,5.28010805,4.925698912,5.639951108
UKENAN_AW_TP000116,12,17,13/09/2021,5.646475789,5.248588317,4.894062614,5.606591517
UKENAN_AW_TP000116,12,18,20/09/2021,5.754677092,5.140219042,4.786405789,5.500581901
UKENAN_AW_TP000116,12,19,27/09/2021,5.862878395,4.986631386,4.632376764,5.351549716
UKENAN_AW_TP000116,12,20,04/10/2021,5.662288715,4.910811506,4.556873956,5.273096348
UKENAN_AW_TP000116,12,21,11/10/2021,5.461699034,4.925182948,4.571494294,5.286659972
UKENAN_AW_TP000116,12,22,18/10/2021,5.550772048,4.981662578,4.627711357,5.342483103
UKENAN_AW_TP000116,12,23,25/10/2021,5.639845061,5.011886853,4.656929871,5.372020514
UKENAN_AW_TP000116,12,24,01/11/2021,5.295376357,4.977081602,4.622656343,5.334425759
UKENAN_AW_TP000116,12,25,08/11/2021,4.950907653,4.953565191,4.597968947,5.310700517
UKENAN_AW_TP000116,12,26,15/11/2021,5.115596405,4.967487334,4.61348103,5.32608361
UKENAN_AW_TP000116,12,27,22/11/2021,5.280285157,4.970403586,4.616742869,5.332033073
UKENAN_AW_TP000116,12,28,29/11/2021,4.960894376,4.99483534,4.640250126,5.351864017
UKENAN_AW_TP000116,12,29,06/12/2021,4.641503595,4.991711305,4.633841682,5.345788346
UKENAN_AW_TP000116,12,30,13/12/2021,4.968220275,5.012486375,4.65656983,5.368451844
UKENAN_AW_TP000116,12,31,20/12/2021,5.294936955,5.048122967,4.693656643,5.406239145
UKENAN_AW_TP000116,12,32,27/12/2021,5.085486953,4.920355586,4.564222412,5.275612509
UKENAN_AW_TP000116,12,33,03/01/2022,4.876036951,4.824766533,4.469135735,5.180701744
UKENAN_AW_TP000116,12,34,10/01/2022,4.608331316,4.706316615,4.349457039,5.060833471
UKENAN_AW_TP000116,12,35,17/01/2022,4.340625681,4.578171964,4.219119903,4.931952642
UKENAN_AW_TP000116,12,36,24/01/2022,4.442526744,4.559409619,4.201967208,4.913742394
UKENAN_AW_TP000116,12,37,31/01/2022,4.544427807,4.622924316,4.267727343,4.98057447
UKENAN_AW_TP000116,12,38,07/02/2022,4.662293281,4.797630272,4.442540165,5.154249512
UKENAN_AW_TP000116,12,39,14/02/2022,4.780158755,4.983242821,4.626643331,5.338252773
UKENAN_AW_TP000116,12,40,21/02/2022,4.749789345,5.09740378,4.737804095,5.451656156
UKENAN_AW_TP000116,12,41,28/02/2022,4.719419935,5.177314586,4.815808624,5.53162122
UKENAN_AW_TP000116,12,42,07/03/2022,4.94451151,5.205581663,4.849022777,5.559966954
UKENAN_AW_TP000116,12,43,14/03/2022,5.169603084,5.224933551,4.86985368,5.581165132
UKENAN_AW_TP000116,12,44,21/03/2022,5.517373271,5.250820847,4.896639616,5.608498982
UKENAN_AW_TP000116,12,45,28/03/2022,5.865143458,5.307584327,4.953592871,5.667912153
UKENAN_AW_TP000144,13,1,24/05/2021,NA,4.118059878,3.668489133,4.566100229
UKENAN_AW_TP000144,13,2,31/05/2021,3.894018201,4.232364683,3.876506242,4.581128229
UKENAN_AW_TP000144,13,3,07/06/2021,3.894018201,4.258130382,3.904027079,4.606738023
UKENAN_AW_TP000144,13,4,14/06/2021,4.229835277,4.363097541,4.012526723,4.712652438
UKENAN_AW_TP000144,13,5,21/06/2021,4.565652353,4.466083388,4.117348054,4.817751113
UKENAN_AW_TP000144,13,6,28/06/2021,4.271080321,4.631100564,4.27542373,4.979169212
UKENAN_AW_TP000144,13,7,05/07/2021,3.976508289,4.774687137,4.406399751,5.125980953
UKENAN_AW_TP000144,13,8,12/07/2021,4.635860724,4.792381304,4.43709832,5.140976442
UKENAN_AW_TP000144,13,9,19/07/2021,5.295213159,4.832284999,4.483209021,5.184568269
UKENAN_AW_TP000144,13,10,26/07/2021,5.453873889,4.9128419,4.564709171,5.268959051
UKENAN_AW_TP000144,13,11,02/08/2021,5.612534619,4.983295615,4.632067861,5.349619982
UKENAN_AW_TP000144,13,12,09/08/2021,5.384028835,5.088443869,4.740169361,5.445618339
UKENAN_AW_TP000144,13,13,16/08/2021,5.155523051,5.195372575,4.846778077,5.547621824
UKENAN_AW_TP000144,13,14,23/08/2021,5.47719305,5.231461277,4.883529828,5.584935133
UKENAN_AW_TP000144,13,15,30/08/2021,5.798863048,5.274857998,4.926981506,5.62968492
UKENAN_AW_TP000144,13,16,06/09/2021,5.304318015,5.227592536,4.878272161,5.578675241
UKENAN_AW_TP000144,13,17,13/09/2021,4.809772982,5.168029144,4.815540174,5.516833374
UKENAN_AW_TP000144,13,18,20/09/2021,5.061014893,5.115622968,4.765694513,5.465580784
UKENAN_AW_TP000144,13,19,27/09/2021,5.312256804,5.039889494,4.69114958,5.392700879
UKENAN_AW_TP000144,13,20,04/10/2021,5.162692156,4.9813403,4.630229936,5.33055368
UKENAN_AW_TP000144,13,21,11/10/2021,5.013127507,4.936302878,4.581892085,5.284289958
UKENAN_AW_TP000144,13,22,18/10/2021,5.046516945,4.913182366,4.562429821,5.262471681
UKENAN_AW_TP000144,13,23,25/10/2021,5.079906383,4.910749805,4.562507206,5.263101874
UKENAN_AW_TP000144,13,24,01/11/2021,5.184691767,4.922549406,4.573612039,5.273976752
UKENAN_AW_TP000144,13,25,08/11/2021,5.17451569,4.924797173,4.573932399,5.275617609
UKENAN_AW_TP000144,13,26,15/11/2021,5.17451569,4.992622835,4.64383038,5.344155709
UKENAN_AW_TP000144,13,27,22/11/2021,5.05955423,5.03140549,4.683231581,5.38479058
UKENAN_AW_TP000144,13,28,29/11/2021,4.796538581,5.020296538,4.669011711,5.371647235
UKENAN_AW_TP000144,13,29,06/12/2021,4.796538581,5.068245124,4.716694845,5.417182209
UKENAN_AW_TP000144,13,30,13/12/2021,4.739921497,5.028684673,4.677774247,5.378112548
UKENAN_AW_TP000144,13,31,20/12/2021,4.683304413,4.971975442,4.621273328,5.323371998
UKENAN_AW_TP000144,13,32,27/12/2021,4.457676554,4.84487334,4.492982729,5.194421495
UKENAN_AW_TP000144,13,33,03/01/2022,4.232048694,4.6901427,4.335139537,5.039277886
UKENAN_AW_TP000144,13,34,10/01/2022,4.336468721,4.697685976,4.345595717,5.046484788
UKENAN_AW_TP000144,13,35,17/01/2022,4.440888748,4.698978884,4.348698315,5.048428667
UKENAN_AW_TP000144,13,36,24/01/2022,4.754599638,4.719747167,4.370007926,5.069878433
UKENAN_AW_TP000144,13,37,31/01/2022,5.068310527,4.816467269,4.467047756,5.167300162
UKENAN_AW_TP000144,13,38,07/02/2022,5.227698968,4.945273361,4.594525999,5.294720527
UKENAN_AW_TP000144,13,39,14/02/2022,5.387087409,5.082969282,4.731151456,5.432305835
UKENAN_AW_TP000144,13,40,21/02/2022,5.113187719,5.163758709,4.81141999,5.51294288
UKENAN_AW_TP000144,13,41,28/02/2022,4.839288028,5.250958585,4.897974791,5.60032432
UKENAN_AW_TP000144,13,42,07/03/2022,4.89994202,5.239662165,4.887807472,5.588257107
UKENAN_AW_TP000144,13,43,14/03/2022,4.960596012,5.222691312,4.870621371,5.572125674
UKENAN_AW_TP000144,13,44,21/03/2022,5.335431155,5.186213051,4.837138147,5.539047089
UKENAN_AW_TP000144,13,45,28/03/2022,5.710266297,5.161372046,4.812032132,5.521892873
UKENAN_AW_TP000148,14,1,24/05/2021,NA,5.011576725,4.566022154,5.455454182
UKENAN_AW_TP000148,14,2,31/05/2021,5.180301605,5.14826274,4.810455705,5.485816276
UKENAN_AW_TP000148,14,3,07/06/2021,5.180301605,5.168120483,4.831562404,5.506075364
UKENAN_AW_TP000148,14,4,14/06/2021,5.499489403,5.255978752,4.920217906,5.595227477
UKENAN_AW_TP000148,14,5,21/06/2021,5.8186772,5.343513765,5.008013675,5.684396093
UKENAN_AW_TP000148,14,6,28/06/2021,5.5770072,5.542439459,5.2036505,5.878519748
UKENAN_AW_TP000148,14,7,05/07/2021,5.3353372,5.716046171,5.371710089,6.051906408
UKENAN_AW_TP000148,14,8,12/07/2021,5.492759148,5.68125749,5.340898937,6.017129525
UKENAN_AW_TP000148,14,9,19/07/2021,5.650181095,5.665677436,5.327476775,6.002599446
UKENAN_AW_TP000148,14,10,26/07/2021,5.524372941,5.743837337,5.405460163,6.080125561
UKENAN_AW_TP000148,14,11,02/08/2021,5.398564786,5.810362781,5.472139108,6.148287888
UKENAN_AW_TP000148,14,12,09/08/2021,5.945499315,5.975714449,5.639972103,6.315436843
UKENAN_AW_TP000148,14,13,16/08/2021,6.492433844,6.142021139,5.806715434,6.486072612
UKENAN_AW_TP000148,14,14,23/08/2021,6.529586065,6.140828426,5.805808949,6.483487757
UKENAN_AW_TP000148,14,15,30/08/2021,6.566738285,6.149623198,5.814327563,6.490749487
UKENAN_AW_TP000148,14,16,06/09/2021,6.273592491,6.126740025,5.791026376,6.466672722
UKENAN_AW_TP000148,14,17,13/09/2021,5.980446697,6.092970007,5.756504979,6.431865142
UKENAN_AW_TP000148,14,18,20/09/2021,5.881670004,6.014629301,5.678186484,6.352997888
UKENAN_AW_TP000148,14,19,27/09/2021,5.782893311,5.91074899,5.573558647,6.249686167
UKENAN_AW_TP000148,14,20,04/10/2021,5.687863678,5.875358746,5.533387762,6.210936916
UKENAN_AW_TP000148,14,21,11/10/2021,5.592834044,5.846981949,5.498468727,6.183114663
UKENAN_AW_TP000148,14,22,18/10/2021,5.527511113,5.812843692,5.471083698,6.14838518
UKENAN_AW_TP000148,14,23,25/10/2021,5.462188182,5.798466561,5.461156106,6.13555405
UKENAN_AW_TP000148,14,24,01/11/2021,5.653582491,5.798743197,5.458560577,6.134023908
UKENAN_AW_TP000148,14,25,08/11/2021,5.844976799,5.795714419,5.451833795,6.131010518
UKENAN_AW_TP000148,14,26,15/11/2021,6.214785143,5.903581754,5.567305754,6.241747693
UKENAN_AW_TP000148,14,27,22/11/2021,6.584593487,5.99040425,5.654172866,6.34028624
UKENAN_AW_TP000148,14,28,29/11/2021,6.445168583,5.981907351,5.646520356,6.326841006
UKENAN_AW_TP000148,14,29,06/12/2021,6.305743678,5.99552096,5.660166476,6.336478659
UKENAN_AW_TP000148,14,30,13/12/2021,6.214644912,5.970955122,5.635876808,6.312287718
UKENAN_AW_TP000148,14,31,20/12/2021,6.123546146,5.928419259,5.593092564,6.271920051
UKENAN_AW_TP000148,14,32,27/12/2021,5.681500941,5.745646521,5.407699778,6.083384912
UKENAN_AW_TP000148,14,33,03/01/2022,5.239455735,5.539635591,5.194353623,5.875769401
UKENAN_AW_TP000148,14,34,10/01/2022,5.784801226,5.574032915,5.235886285,5.911429176
UKENAN_AW_TP000148,14,35,17/01/2022,6.330146717,5.602032822,5.266608215,5.945366141
UKENAN_AW_TP000148,14,36,24/01/2022,6.169925987,5.617851682,5.282505843,5.958046821
UKENAN_AW_TP000148,14,37,31/01/2022,6.009705256,5.710013203,5.373026104,6.047620962
UKENAN_AW_TP000148,14,38,07/02/2022,5.990853527,5.809493372,5.468494634,6.144839486
UKENAN_AW_TP000148,14,39,14/02/2022,5.972001797,5.908227682,5.562646574,6.243658936
UKENAN_AW_TP000148,14,40,21/02/2022,5.965099174,6.038964143,5.699011605,6.37441591
UKENAN_AW_TP000148,14,41,28/02/2022,5.95819655,6.169426753,5.832350152,6.507687003
UKENAN_AW_TP000148,14,42,07/03/2022,5.711393643,6.156142171,5.817196049,6.49210223
UKENAN_AW_TP000148,14,43,14/03/2022,5.464590736,6.138221903,5.795848237,6.473674415
UKENAN_AW_TP000148,14,44,21/03/2022,5.53213791,6.065337917,5.725377258,6.401160259
UKENAN_AW_TP000148,14,45,28/03/2022,5.599685083,6.003537441,5.665295998,6.340954235
UKENAN_AW_TP000154,15,1,24/05/2021,NA,4.735397906,4.289509296,5.181446212
UKENAN_AW_TP000154,15,2,31/05/2021,4.752157927,4.859570681,4.519942193,5.197155175
UKENAN_AW_TP000154,15,3,07/06/2021,4.752157927,4.891174208,4.551876205,5.228621565
UKENAN_AW_TP000154,15,4,14/06/2021,4.946591241,5.010464028,4.672791635,5.348937825
UKENAN_AW_TP000154,15,5,21/06/2021,5.141024555,5.131190964,4.794351037,5.470645447
UKENAN_AW_TP000154,15,6,28/06/2021,5.428370087,5.345798279,5.00930995,5.68744347
UKENAN_AW_TP000154,15,7,05/07/2021,5.715715619,5.548854272,5.212417718,5.892273819
UKENAN_AW_TP000154,15,8,12/07/2021,5.953431514,5.510184008,5.173245074,5.851309445
UKENAN_AW_TP000154,15,9,19/07/2021,6.191147408,5.505065102,5.166434945,5.843593301
UKENAN_AW_TP000154,15,10,26/07/2021,5.750981278,5.595512072,5.258598494,5.934287644
UKENAN_AW_TP000154,15,11,02/08/2021,5.310815147,5.687181105,5.350886776,6.0279132
UKENAN_AW_TP000154,15,12,09/08/2021,4.773076082,5.620411712,5.278358334,5.956611983
UKENAN_AW_TP000154,15,13,16/08/2021,4.235337016,5.557220505,5.203178694,5.895733074
UKENAN_AW_TP000154,15,14,23/08/2021,5.449338152,5.734145905,5.390241483,6.07014636
UKENAN_AW_TP000154,15,15,30/08/2021,6.663339287,5.909935189,5.571475148,6.248093684
UKENAN_AW_TP000154,15,16,06/09/2021,6.077931284,5.900523586,5.560994846,6.238080052
UKENAN_AW_TP000154,15,17,13/09/2021,5.49252328,5.887535888,5.546834037,6.224569974
UKENAN_AW_TP000154,15,18,20/09/2021,5.650419856,5.762125374,5.422806752,6.099386306
UKENAN_AW_TP000154,15,19,27/09/2021,5.808316431,5.626990427,5.28923587,5.964869607
UKENAN_AW_TP000154,15,20,04/10/2021,5.548844823,5.565031721,5.227910948,5.903164717
UKENAN_AW_TP000154,15,21,11/10/2021,5.289373214,5.525734699,5.188573247,5.864184528
UKENAN_AW_TP000154,15,22,18/10/2021,5.27644057,5.513083744,5.174933632,5.850318138
UKENAN_AW_TP000154,15,23,25/10/2021,5.263507926,5.515390768,5.176114563,5.852148004
UKENAN_AW_TP000154,15,24,01/11/2021,5.238772279,5.579277939,5.24154697,5.916788368
UKENAN_AW_TP000154,15,25,08/11/2021,5.214036631,5.641847477,5.305000912,5.981049279
UKENAN_AW_TP000154,15,26,15/11/2021,5.484855937,5.645768326,5.309795195,5.987003447
UKENAN_AW_TP000154,15,27,22/11/2021,5.755675243,5.640971884,5.305140809,5.984705267
UKENAN_AW_TP000154,15,28,29/11/2021,5.54103106,5.673210109,5.33662334,6.012814334
UKENAN_AW_TP000154,15,29,06/12/2021,5.326386877,5.718064909,5.379055439,6.055272509
UKENAN_AW_TP000154,15,30,13/12/2021,5.698056743,5.691114602,5.354562039,6.031620961
UKENAN_AW_TP000154,15,31,20/12/2021,6.069726609,5.660414743,5.32397378,6.006455344
UKENAN_AW_TP000154,15,32,27/12/2021,5.455368214,5.497728598,5.157835115,5.838892946
UKENAN_AW_TP000154,15,33,03/01/2022,4.841009819,5.331093941,4.986951024,5.667884445
UKENAN_AW_TP000154,15,34,10/01/2022,5.287599842,5.327386768,4.988367114,5.664383166
UKENAN_AW_TP000154,15,35,17/01/2022,5.734189865,5.324786136,4.988229728,5.663913333
UKENAN_AW_TP000154,15,36,24/01/2022,6.109325098,5.308197394,4.972035071,5.649798545
UKENAN_AW_TP000154,15,37,31/01/2022,6.484460331,5.362017689,5.024954411,5.70889612
UKENAN_AW_TP000154,15,38,07/02/2022,6.276991024,5.548219978,5.211987506,5.890549798
UKENAN_AW_TP000154,15,39,14/02/2022,6.069521716,5.740469708,5.40327974,6.080167181
UKENAN_AW_TP000154,15,40,21/02/2022,5.997053034,5.775576673,5.43678698,6.112384437
UKENAN_AW_TP000154,15,41,28/02/2022,5.924584352,5.794695149,5.451456584,6.131544969
UKENAN_AW_TP000154,15,42,07/03/2022,5.745042366,5.786139513,5.444383735,6.122409953
UKENAN_AW_TP000154,15,43,14/03/2022,5.56550038,5.76989173,5.428250284,6.10747743
UKENAN_AW_TP000154,15,44,21/03/2022,5.728389493,5.706825236,5.364874348,6.043529815
UKENAN_AW_TP000154,15,45,28/03/2022,5.891278605,5.664019943,5.321470129,6.000883975
UKENAN_AW_TP000161,16,1,24/05/2021,NA,3.982416029,3.54228596,4.425919494
UKENAN_AW_TP000161,16,2,31/05/2021,4.680363573,4.158274369,3.809668276,4.516418743
UKENAN_AW_TP000161,16,3,07/06/2021,4.680363573,4.199590065,3.852463001,4.555462501
UKENAN_AW_TP000161,16,4,14/06/2021,4.035030475,4.216795418,3.865074966,4.564800275
UKENAN_AW_TP000161,16,5,21/06/2021,3.389697376,4.244996397,3.881343643,4.59243917
UKENAN_AW_TP000161,16,6,28/06/2021,3.306016837,4.368641792,4.000155614,4.717327836
UKENAN_AW_TP000161,16,7,05/07/2021,3.222336298,4.452832423,4.078639622,4.803812049
UKENAN_AW_TP000161,16,8,12/07/2021,3.888401916,4.558734267,4.197522692,4.905851781
UKENAN_AW_TP000161,16,9,19/07/2021,4.554467533,4.712629752,4.360245137,5.061097672
UKENAN_AW_TP000161,16,10,26/07/2021,4.259278997,4.829244328,4.472448572,5.176598948
UKENAN_AW_TP000161,16,11,02/08/2021,3.964090461,4.920235865,4.557823896,5.267834301
UKENAN_AW_TP000161,16,12,09/08/2021,4.315166072,4.972262706,4.615625992,5.319517451
UKENAN_AW_TP000161,16,13,16/08/2021,4.666241682,5.007138028,4.656285494,5.355909371
UKENAN_AW_TP000161,16,14,23/08/2021,4.808776331,5.063295677,4.710184643,5.410901561
UKENAN_AW_TP000161,16,15,30/08/2021,4.95131098,5.139282957,4.784320413,5.487375407
UKENAN_AW_TP000161,16,16,06/09/2021,4.990302375,5.166339439,4.812952106,5.515165974
UKENAN_AW_TP000161,16,17,13/09/2021,5.029293769,5.158937767,4.807752131,5.508115489
UKENAN_AW_TP000161,16,18,20/09/2021,5.180897336,5.021151543,4.672072349,5.371712843
UKENAN_AW_TP000161,16,19,27/09/2021,5.332500903,4.860243344,4.512917998,5.215466876
UKENAN_AW_TP000161,16,20,04/10/2021,5.287425223,4.813422066,4.466450405,5.171369425
UKENAN_AW_TP000161,16,21,11/10/2021,5.242349543,4.814571079,4.467551342,5.173024729
UKENAN_AW_TP000161,16,22,18/10/2021,5.190992235,4.849334824,4.502484912,5.20484078
UKENAN_AW_TP000161,16,23,25/10/2021,5.139634927,4.89680862,4.548993358,5.251287388
UKENAN_AW_TP000161,16,24,01/11/2021,4.820558292,4.887089723,4.538247537,5.237535057
UKENAN_AW_TP000161,16,25,08/11/2021,4.501481657,4.861917314,4.509479697,5.21077189
UKENAN_AW_TP000161,16,26,15/11/2021,5.08633154,4.874333831,4.527164937,5.22837762
UKENAN_AW_TP000161,16,27,22/11/2021,5.671181423,4.883811747,4.536257238,5.248019496
UKENAN_AW_TP000161,16,28,29/11/2021,5.21845408,4.905929599,4.558442792,5.258617679
UKENAN_AW_TP000161,16,29,06/12/2021,4.765726736,4.928670697,4.576204379,5.276272575
UKENAN_AW_TP000161,16,30,13/12/2021,4.80037359,4.920112272,4.567095103,5.268118851
UKENAN_AW_TP000161,16,31,20/12/2021,4.835020443,4.926538608,4.57310323,5.274158016
UKENAN_AW_TP000161,16,32,27/12/2021,4.757507092,4.861527635,4.509679102,5.20962698
UKENAN_AW_TP000161,16,33,03/01/2022,4.720646418,4.794039607,4.444559885,5.143554392
UKENAN_AW_TP000161,16,34,10/01/2022,4.720646418,4.681732364,4.333642749,5.032996105
UKENAN_AW_TP000161,16,35,17/01/2022,4.761299096,4.583406047,4.236239097,4.936239073
UKENAN_AW_TP000161,16,36,24/01/2022,4.757112006,4.531728014,4.18370366,4.883684282
UKENAN_AW_TP000161,16,37,31/01/2022,4.757112006,4.545707011,4.197705946,4.901789092
UKENAN_AW_TP000161,16,38,07/02/2022,5.086655514,4.758057776,4.410882457,5.114182712
UKENAN_AW_TP000161,16,39,14/02/2022,5.416199022,4.981738651,4.63460646,5.3349556
UKENAN_AW_TP000161,16,40,21/02/2022,5.501368957,5.098726171,4.750559078,5.451462277
UKENAN_AW_TP000161,16,41,28/02/2022,5.586538892,5.175050547,4.826851203,5.52845815
UKENAN_AW_TP000161,16,42,07/03/2022,5.442891877,5.157532024,4.809662516,5.509839888
UKENAN_AW_TP000161,16,43,14/03/2022,5.299244861,5.146899733,4.798337221,5.498096915
UKENAN_AW_TP000161,16,44,21/03/2022,5.462003453,5.158321044,4.810519954,5.510300107
UKENAN_AW_TP000161,16,45,28/03/2022,5.624762044,5.18086124,4.833298525,5.534651091
UKENAN_AW_TP000170,17,1,24/05/2021,NA,4.767449922,4.316251808,5.216808467
UKENAN_AW_TP000170,17,2,31/05/2021,5.390076894,4.979596189,4.629224185,5.335183814
UKENAN_AW_TP000170,17,3,07/06/2021,5.390076894,5.015830793,4.665879513,5.371441516
UKENAN_AW_TP000170,17,4,14/06/2021,5.433602402,5.110445799,4.760705948,5.466106052
UKENAN_AW_TP000170,17,5,21/06/2021,5.47712791,5.202431909,4.852671807,5.558030374
UKENAN_AW_TP000170,17,6,28/06/2021,5.791370863,5.361049055,5.011228265,5.715614772
UKENAN_AW_TP000170,17,7,05/07/2021,6.105613815,5.50400414,5.153834697,5.85781933
UKENAN_AW_TP000170,17,8,12/07/2021,5.835924996,5.480516855,5.130172109,5.83428847
UKENAN_AW_TP000170,17,9,19/07/2021,5.566236177,5.495424121,5.14420886,5.84780268
UKENAN_AW_TP000170,17,10,26/07/2021,4.733790207,5.483766697,5.128899486,5.833650871
UKENAN_AW_TP000170,17,11,02/08/2021,3.901344237,5.476283913,5.11429101,5.8275121
UKENAN_AW_TP000170,17,12,09/08/2021,4.944436515,5.663592584,5.310175592,6.013695738
UKENAN_AW_TP000170,17,13,16/08/2021,5.987528793,5.8664224,5.515666968,6.220754885
UKENAN_AW_TP000170,17,14,23/08/2021,5.807803931,5.8182418,5.466596684,6.169061699
UKENAN_AW_TP000170,17,15,30/08/2021,5.628079069,5.764769359,5.409852483,6.114764474
UKENAN_AW_TP000170,17,16,06/09/2021,5.439765244,5.761788401,5.406187901,6.111541523
UKENAN_AW_TP000170,17,17,13/09/2021,5.251451418,5.739174199,5.381208525,6.090480663
UKENAN_AW_TP000170,17,18,20/09/2021,5.338501909,5.701837146,5.346696136,6.051552802
UKENAN_AW_TP000170,17,19,27/09/2021,5.425552399,5.636350903,5.282701861,5.986505306
UKENAN_AW_TP000170,17,20,04/10/2021,5.481609022,5.589934814,5.237491567,5.940045921
UKENAN_AW_TP000170,17,21,11/10/2021,5.537665644,5.57190978,5.220088802,5.922600753
UKENAN_AW_TP000170,17,22,18/10/2021,5.467788636,5.522472708,5.16967511,5.872703574
UKENAN_AW_TP000170,17,23,25/10/2021,5.397911628,5.499015363,5.145473354,5.848837428
UKENAN_AW_TP000170,17,24,01/11/2021,5.209191406,5.526797672,5.173035464,5.876328216
UKENAN_AW_TP000170,17,25,08/11/2021,5.020471184,5.559092767,5.204739485,5.90883645
UKENAN_AW_TP000170,17,26,15/11/2021,5.4839974,5.564629412,5.211133066,5.914456234
UKENAN_AW_TP000170,17,27,22/11/2021,5.947523616,5.555840678,5.202817885,5.906552622
UKENAN_AW_TP000170,17,28,29/11/2021,5.843300046,5.620267221,5.268125396,5.970821188
UKENAN_AW_TP000170,17,29,06/12/2021,5.739076475,5.703717007,5.351909816,6.054081175
UKENAN_AW_TP000170,17,30,13/12/2021,5.44701846,5.605174906,5.250784061,5.954968507
UKENAN_AW_TP000170,17,31,20/12/2021,5.154960444,5.495144706,5.135608677,5.847216997
UKENAN_AW_TP000170,17,32,27/12/2021,5.59493999,5.565355959,5.213705831,5.918296646
UKENAN_AW_TP000170,17,33,03/01/2022,6.034919536,5.604786695,5.25178291,5.967904334
UKENAN_AW_TP000170,17,34,10/01/2022,5.610398625,5.494816051,5.145034747,5.84975472
UKENAN_AW_TP000170,17,35,17/01/2022,5.185877714,5.374245474,5.023140991,5.72497592
UKENAN_AW_TP000170,17,36,24/01/2022,5.738158893,5.390551488,5.040473487,5.743204781
UKENAN_AW_TP000170,17,37,31/01/2022,6.290440071,5.485581754,5.135337227,5.841040116
UKENAN_AW_TP000170,17,38,07/02/2022,6.363205089,5.647485327,5.297729856,6.002317742
UKENAN_AW_TP000170,17,39,14/02/2022,6.435970107,5.818726671,5.46915245,6.173773559
UKENAN_AW_TP000170,17,40,21/02/2022,6.214541238,5.87727719,5.526901813,6.231951791
UKENAN_AW_TP000170,17,41,28/02/2022,5.993112368,5.945939872,5.594922614,6.299863891
UKENAN_AW_TP000170,17,42,07/03/2022,5.768019357,5.890036183,5.539244494,6.241465216
UKENAN_AW_TP000170,17,43,14/03/2022,5.542926346,5.843096238,5.490465399,6.194053018
UKENAN_AW_TP000170,17,44,21/03/2022,5.866075429,5.831734094,5.48087117,6.184025304
UKENAN_AW_TP000170,17,45,28/03/2022,6.189224512,5.841943341,5.491074162,6.19757617
UKENAN_AW_TP000200,18,1,24/05/2021,NA,3.897236629,3.442219629,4.350765033
UKENAN_AW_TP000200,18,2,31/05/2021,3.919519976,4.062826985,3.703144338,4.42080279
UKENAN_AW_TP000200,18,3,07/06/2021,3.919519976,4.095922258,3.737270536,4.453556812
UKENAN_AW_TP000200,18,4,14/06/2021,4.094529577,4.198123515,3.840958817,4.556075749
UKENAN_AW_TP000200,18,5,21/06/2021,4.269539177,4.296684942,3.940400854,4.655172144
UKENAN_AW_TP000200,18,6,28/06/2021,4.537643316,4.474867422,4.11809106,4.832961138
UKENAN_AW_TP000200,18,7,05/07/2021,4.805747454,4.636063842,4.278517245,4.993969592
UKENAN_AW_TP000200,18,8,12/07/2021,4.674243354,4.607435523,4.249593078,4.965267722
UKENAN_AW_TP000200,18,9,19/07/2021,4.542739254,4.620008771,4.260518461,4.977128078
UKENAN_AW_TP000200,18,10,26/07/2021,4.721829988,4.662706864,4.305472753,5.020144216
UKENAN_AW_TP000200,18,11,02/08/2021,4.900920721,4.708139731,4.350333428,5.069682495
UKENAN_AW_TP000200,18,12,09/08/2021,5.125161626,4.841038871,4.484709655,5.20312636
UKENAN_AW_TP000200,18,13,16/08/2021,5.349402531,4.972939266,4.617011225,5.336688101
UKENAN_AW_TP000200,18,14,23/08/2021,5.044383311,4.948557901,4.591546223,5.306006202
UKENAN_AW_TP000200,18,15,30/08/2021,4.739364091,4.918740671,4.556401155,5.274498605
UKENAN_AW_TP000200,18,16,06/09/2021,5.219691754,4.955573294,4.59754878,5.312668663
UKENAN_AW_TP000200,18,17,13/09/2021,5.700019416,4.981976564,4.626071034,5.342900168
UKENAN_AW_TP000200,18,18,20/09/2021,5.426476622,4.901372211,4.545369249,5.260636991
UKENAN_AW_TP000200,18,19,27/09/2021,5.152933828,4.808463994,4.452030509,5.166822727
UKENAN_AW_TP000200,18,20,04/10/2021,4.581407353,4.719293442,4.36028514,5.075288748
UKENAN_AW_TP000200,18,21,11/10/2021,4.009880877,4.648322741,4.285212153,5.003684481
UKENAN_AW_TP000200,18,22,18/10/2021,4.288112575,4.632024286,4.270627211,4.987491474
UKENAN_AW_TP000200,18,23,25/10/2021,4.566344272,4.633564278,4.274398023,4.989350531
UKENAN_AW_TP000200,18,24,01/11/2021,4.641903944,4.675878916,4.317995671,5.032263777
UKENAN_AW_TP000200,18,25,08/11/2021,4.717463616,4.716785509,4.359258723,5.075034342
UKENAN_AW_TP000200,18,26,15/11/2021,3.835707333,4.655754182,4.289116046,5.011625135
UKENAN_AW_TP000200,18,27,22/11/2021,2.953951049,4.575728146,4.189519182,4.939687188
UKENAN_AW_TP000200,18,28,29/11/2021,3.902707053,4.692498922,4.323268249,5.050544949
UKENAN_AW_TP000200,18,29,06/12/2021,4.851463057,4.846176991,4.487901016,5.202795372
UKENAN_AW_TP000200,18,30,13/12/2021,4.942640553,4.782346482,4.424483508,5.1396888
UKENAN_AW_TP000200,18,31,20/12/2021,5.033818049,4.701105065,4.34218872,5.0610218
UKENAN_AW_TP000200,18,32,27/12/2021,4.988077873,4.709116875,4.352678616,5.071934171
UKENAN_AW_TP000200,18,33,03/01/2022,4.942337697,4.696222234,4.338704311,5.06489609
UKENAN_AW_TP000200,18,34,10/01/2022,4.980759443,4.626075273,4.270196341,4.99087403
UKENAN_AW_TP000200,18,35,17/01/2022,5.019181188,4.545151775,4.189839243,4.906740999
UKENAN_AW_TP000200,18,36,24/01/2022,4.40246827,4.491586031,4.133914811,4.848476419
UKENAN_AW_TP000200,18,37,31/01/2022,3.785755351,4.521699832,4.157927849,4.877771975
UKENAN_AW_TP000200,18,38,07/02/2022,4.371387676,4.712378741,4.352669993,5.068585751
UKENAN_AW_TP000200,18,39,14/02/2022,4.957020001,4.917207826,4.560244555,5.274970386
UKENAN_AW_TP000200,18,40,21/02/2022,5.096933997,4.993191097,4.637116202,5.35221693
UKENAN_AW_TP000200,18,41,28/02/2022,5.236847993,5.063172126,4.706210952,5.424364059
UKENAN_AW_TP000200,18,42,07/03/2022,5.095627873,5.01985697,4.66343118,5.379195922
UKENAN_AW_TP000200,18,43,14/03/2022,4.954407753,4.973976955,4.616359199,5.333632666
UKENAN_AW_TP000200,18,44,21/03/2022,5.040102257,4.951014117,4.594477991,5.31126067
UKENAN_AW_TP000200,18,45,28/03/2022,5.12579676,4.947476592,4.590783077,5.309982502
UKENAN_AW_TP000210,19,1,24/05/2021,NA,3.398295332,2.948419833,3.850349152
UKENAN_AW_TP000210,19,2,31/05/2021,3.005367047,3.434367311,3.081438589,3.779377542
UKENAN_AW_TP000210,19,3,07/06/2021,3.005367047,3.473460408,3.120691345,3.818179407
UKENAN_AW_TP000210,19,4,14/06/2021,3.463069395,3.651998478,3.304689551,3.999166164
UKENAN_AW_TP000210,19,5,21/06/2021,3.920771742,3.840971231,3.496138575,4.19274372
UKENAN_AW_TP000210,19,6,28/06/2021,4.495329179,4.051720776,3.70712252,4.40480024
UKENAN_AW_TP000210,19,7,05/07/2021,5.069886616,4.272435851,3.92705541,4.626461472
UKENAN_AW_TP000210,19,8,12/07/2021,4.838078323,4.213819016,3.867562089,4.564440825
UKENAN_AW_TP000210,19,9,19/07/2021,4.606270029,4.181982434,3.834382919,4.53006495
UKENAN_AW_TP000210,19,10,26/07/2021,4.802261737,4.317702639,3.972751662,4.669362683
UKENAN_AW_TP000210,19,11,02/08/2021,4.998253445,4.466171319,4.121904819,4.822869235
UKENAN_AW_TP000210,19,12,09/08/2021,4.626011461,4.389562693,4.044338633,4.740806853
UKENAN_AW_TP000210,19,13,16/08/2021,4.253769477,4.31130173,3.963250245,4.660116624
UKENAN_AW_TP000210,19,14,23/08/2021,4.903041606,4.496196514,4.150616929,4.845919042
UKENAN_AW_TP000210,19,15,30/08/2021,5.552313735,4.687058798,4.341278992,5.039982842
UKENAN_AW_TP000210,19,16,06/09/2021,5.23016111,4.662834497,4.316924826,5.014527581
UKENAN_AW_TP000210,19,17,13/09/2021,4.908008485,4.63982178,4.293659098,4.989907929
UKENAN_AW_TP000210,19,18,20/09/2021,5.014244897,4.492140793,4.147559882,4.845242608
UKENAN_AW_TP000210,19,19,27/09/2021,5.120481308,4.334175579,3.989516863,4.692476192
UKENAN_AW_TP000210,19,20,04/10/2021,4.608288976,4.259581857,3.915288513,4.614537542
UKENAN_AW_TP000210,19,21,11/10/2021,4.096096643,4.202800354,3.858000055,4.55450682
UKENAN_AW_TP000210,19,22,18/10/2021,3.910486917,4.156065222,3.809896049,4.50450452
UKENAN_AW_TP000210,19,23,25/10/2021,3.72487719,4.12704112,3.778084301,4.472722457
UKENAN_AW_TP000210,19,24,01/11/2021,3.770427834,4.215007339,3.865714222,4.560572475
UKENAN_AW_TP000210,19,25,08/11/2021,3.815978477,4.304395877,3.954918758,4.650104986
UKENAN_AW_TP000210,19,26,15/11/2021,3.63962017,4.246010697,3.895106621,4.59115549
UKENAN_AW_TP000210,19,27,22/11/2021,3.463261862,4.182345944,3.829305394,4.527079849
UKENAN_AW_TP000210,19,28,29/11/2021,4.134963153,4.299287416,3.951606435,4.646152657
UKENAN_AW_TP000210,19,29,06/12/2021,4.806664444,4.42554337,4.080776491,4.7773452
UKENAN_AW_TP000210,19,30,13/12/2021,4.377347569,4.334353005,3.98819604,4.683115653
UKENAN_AW_TP000210,19,31,20/12/2021,3.948030693,4.240239814,3.891772317,4.58712536
UKENAN_AW_TP000210,19,32,27/12/2021,3.566764995,4.113801454,3.762901576,4.459259487
UKENAN_AW_TP000210,19,33,03/01/2022,3.402561715,4.007554994,3.654016491,4.352761079
UKENAN_AW_TP000210,19,34,10/01/2022,3.402561715,3.948091107,3.595693645,4.293055083
UKENAN_AW_TP000210,19,35,17/01/2022,3.619624133,3.907918214,3.558025753,4.253291323
UKENAN_AW_TP000210,19,36,24/01/2022,3.46216354,3.879271261,3.526201756,4.223765761
UKENAN_AW_TP000210,19,37,31/01/2022,3.46216354,3.925213588,3.572511299,4.270050363
UKENAN_AW_TP000210,19,38,07/02/2022,3.315017805,4.114404657,3.755109638,4.458966764
UKENAN_AW_TP000210,19,39,14/02/2022,3.16787207,4.301064899,3.931961888,4.64846324
UKENAN_AW_TP000210,19,40,21/02/2022,4.122799188,4.443168475,4.090888383,4.787643252
UKENAN_AW_TP000210,19,41,28/02/2022,5.077726306,4.554979588,4.208438879,4.907843225
UKENAN_AW_TP000210,19,42,07/03/2022,4.681355429,4.517563728,4.169242371,4.866169417
UKENAN_AW_TP000210,19,43,14/03/2022,4.284984551,4.469913485,4.116895456,4.817166867
UKENAN_AW_TP000210,19,44,21/03/2022,4.452785581,4.419223066,4.068411475,4.766370579
UKENAN_AW_TP000210,19,45,28/03/2022,4.620586611,4.3652833,4.015855479,4.714879812
UKENAN_AW_TP000293,20,1,24/05/2021,NA,3.93853548,3.494502036,4.383418028
UKENAN_AW_TP000293,20,2,31/05/2021,3.609022286,4.042270159,3.708769041,4.37242885
UKENAN_AW_TP000293,20,3,07/06/2021,3.609022286,4.074000151,3.740660076,4.40385348
UKENAN_AW_TP000293,20,4,14/06/2021,4.363980597,4.21917008,3.889341735,4.551649107
UKENAN_AW_TP000293,20,5,21/06/2021,5.118938908,4.369716583,4.040750317,4.706523731
UKENAN_AW_TP000293,20,6,28/06/2021,4.938299457,4.575118094,4.246091004,4.912063648
UKENAN_AW_TP000293,20,7,05/07/2021,4.757660005,4.774963621,4.445512452,5.111511314
UKENAN_AW_TP000293,20,8,12/07/2021,4.223315861,4.709141231,4.377305962,5.04076386
UKENAN_AW_TP000293,20,9,19/07/2021,3.688971716,4.675357686,4.33587638,5.005908022
UKENAN_AW_TP000293,20,10,26/07/2021,4.995502696,4.820610139,4.490887378,5.153105212
UKENAN_AW_TP000293,20,11,02/08/2021,6.302033676,4.969550005,4.638666827,5.315228343
UKENAN_AW_TP000293,20,12,09/08/2021,5.319812662,4.87285113,4.542405462,5.205114913
UKENAN_AW_TP000293,20,13,16/08/2021,4.337591647,4.77959992,4.43954141,5.10945687
UKENAN_AW_TP000293,20,14,23/08/2021,4.359156942,4.94258713,4.604617525,5.271656999
UKENAN_AW_TP000293,20,15,30/08/2021,4.380722236,5.110249318,4.772200525,5.440638894
UKENAN_AW_TP000293,20,16,06/09/2021,4.888485669,5.12289482,4.789061675,5.453422605
UKENAN_AW_TP000293,20,17,13/09/2021,5.396249102,5.13455628,4.803822526,5.466239596
UKENAN_AW_TP000293,20,18,20/09/2021,4.939837668,4.982587772,4.651357717,5.313478476
UKENAN_AW_TP000293,20,19,27/09/2021,4.483426233,4.820780691,4.48929183,5.151275559
UKENAN_AW_TP000293,20,20,04/10/2021,5.224181268,4.784365022,4.455307709,5.118393767
UKENAN_AW_TP000293,20,21,11/10/2021,5.964936302,4.767533977,4.437950042,5.107567571
UKENAN_AW_TP000293,20,22,18/10/2021,5.553990369,4.739405424,4.41043042,5.07442573
UKENAN_AW_TP000293,20,23,25/10/2021,5.143044436,4.728171004,4.398339382,5.059989894
UKENAN_AW_TP000293,20,24,01/11/2021,5.38085851,4.806441137,4.47745342,5.140492296
UKENAN_AW_TP000293,20,25,08/11/2021,5.618672583,4.884566939,4.555513659,5.222005245
UKENAN_AW_TP000293,20,26,15/11/2021,5.334901748,4.863106391,4.534130656,5.200529889
UKENAN_AW_TP000293,20,27,22/11/2021,5.051130913,4.835433126,4.506489596,5.172589555
UKENAN_AW_TP000293,20,28,29/11/2021,5.02410866,4.887226798,4.558141557,5.221605363
UKENAN_AW_TP000293,20,29,06/12/2021,4.997086407,4.948781831,4.618867181,5.28124254
UKENAN_AW_TP000293,20,30,13/12/2021,5.36382185,4.908228818,4.579045323,5.244287268
UKENAN_AW_TP000293,20,31,20/12/2021,5.730557293,4.865466326,4.535676575,5.206679291
UKENAN_AW_TP000293,20,32,27/12/2021,4.678108534,4.685756545,4.354258072,5.017502836
UKENAN_AW_TP000293,20,33,03/01/2022,3.625659774,4.50960241,4.168527245,4.839517053
UKENAN_AW_TP000293,20,34,10/01/2022,3.890826893,4.497420826,4.161760398,4.826583924
UKENAN_AW_TP000293,20,35,17/01/2022,4.155994011,4.491132184,4.159191147,4.820943275
UKENAN_AW_TP000293,20,36,24/01/2022,4.257660988,4.464870356,4.133123715,4.794831089
UKENAN_AW_TP000293,20,37,31/01/2022,4.359327965,4.506299234,4.175237421,4.837528683
UKENAN_AW_TP000293,20,38,07/02/2022,4.766351844,4.711932941,4.38102519,5.042601624
UKENAN_AW_TP000293,20,39,14/02/2022,5.173375723,4.922945548,4.591677444,5.25344195
UKENAN_AW_TP000293,20,40,21/02/2022,4.823986415,4.965469853,4.631050261,5.294708275
UKENAN_AW_TP000293,20,41,28/02/2022,4.474597107,4.990867819,4.651570996,5.320719248
UKENAN_AW_TP000293,20,42,07/03/2022,4.410544133,4.980959348,4.642833599,5.310265489
UKENAN_AW_TP000293,20,43,14/03/2022,4.346491158,4.960882223,4.622587831,5.291467898
UKENAN_AW_TP000293,20,44,21/03/2022,3.977522343,4.883503392,4.542012211,5.213530388
UKENAN_AW_TP000293,20,45,28/03/2022,3.608553527,4.815619861,4.470040787,5.14695912
UKENAN_AW_TP000303,21,1,24/05/2021,NA,4.595549951,4.180636807,5.008917817
UKENAN_AW_TP000303,21,2,31/05/2021,5.812266377,4.812434617,4.520035119,5.119710892
UKENAN_AW_TP000303,21,3,07/06/2021,5.812266377,4.820255502,4.527223831,5.129510417
UKENAN_AW_TP000303,21,4,14/06/2021,5.126598926,4.822088393,4.530763569,5.116834618
UKENAN_AW_TP000303,21,5,21/06/2021,4.440931475,4.817229028,4.517743587,5.108107591
UKENAN_AW_TP000303,21,6,28/06/2021,4.785653887,5.130607046,4.831834966,5.421294896
UKENAN_AW_TP000303,21,7,05/07/2021,5.130376299,5.377958621,5.080720778,5.669314671
UKENAN_AW_TP000303,21,8,12/07/2021,5.165105561,5.326757839,5.034537613,5.6201225
UKENAN_AW_TP000303,21,9,19/07/2021,5.199834823,5.311778084,5.021117014,5.610073021
UKENAN_AW_TP000303,21,10,26/07/2021,5.271666395,5.393370628,5.101457333,5.688137456
UKENAN_AW_TP000303,21,11,02/08/2021,5.343497967,5.450761618,5.156616726,5.742605939
UKENAN_AW_TP000303,21,12,09/08/2021,5.484738112,5.555316364,5.263497467,5.849024707
UKENAN_AW_TP000303,21,13,16/08/2021,5.625978256,5.632523642,5.341756026,5.929086178
UKENAN_AW_TP000303,21,14,23/08/2021,5.629272513,5.658175022,5.36616725,5.951724543
UKENAN_AW_TP000303,21,15,30/08/2021,5.632566769,5.703805553,5.409346397,5.996158469
UKENAN_AW_TP000303,21,16,06/09/2021,5.827098512,5.689719158,5.39767308,5.9832102
UKENAN_AW_TP000303,21,17,13/09/2021,6.021630255,5.67454261,5.383281729,5.969849561
UKENAN_AW_TP000303,21,18,20/09/2021,5.737234239,5.585797703,5.295038904,5.882406887
UKENAN_AW_TP000303,21,19,27/09/2021,5.452838223,5.486742344,5.196121128,5.78436219
UKENAN_AW_TP000303,21,20,04/10/2021,5.498765325,5.516291585,5.224377095,5.81004525
UKENAN_AW_TP000303,21,21,11/10/2021,5.544692427,5.54352072,5.249757021,5.835836391
UKENAN_AW_TP000303,21,22,18/10/2021,5.335046578,5.41055226,5.11444399,5.701667961
UKENAN_AW_TP000303,21,23,25/10/2021,5.125400728,5.299853183,4.999518212,5.590532455
UKENAN_AW_TP000303,21,24,01/11/2021,4.875262662,5.362896625,5.060068318,5.653940542
UKENAN_AW_TP000303,21,25,08/11/2021,4.625124595,5.421617835,5.115001304,5.714858257
UKENAN_AW_TP000303,21,26,15/11/2021,4.750921854,5.44341976,5.143048624,5.734112474
UKENAN_AW_TP000303,21,27,22/11/2021,4.876719113,5.428648219,5.13217119,5.719456973
UKENAN_AW_TP000303,21,28,29/11/2021,5.221007698,5.463374657,5.168027422,5.754372629
UKENAN_AW_TP000303,21,29,06/12/2021,5.565296283,5.497639591,5.203648347,5.789410988
UKENAN_AW_TP000303,21,30,13/12/2021,5.555384318,5.486494471,5.192452278,5.778099764
UKENAN_AW_TP000303,21,31,20/12/2021,5.545472352,5.420820142,5.126118417,5.712098768
UKENAN_AW_TP000303,21,32,27/12/2021,5.38918963,5.300028854,5.005310278,5.593173989
UKENAN_AW_TP000303,21,33,03/01/2022,5.232906908,5.175996518,4.881849684,5.470142606
UKENAN_AW_TP000303,21,34,10/01/2022,5.00148346,5.198933165,4.905489867,5.491115064
UKENAN_AW_TP000303,21,35,17/01/2022,4.770060012,5.212683273,4.91773608,5.504045916
UKENAN_AW_TP000303,21,36,24/01/2022,5.415198693,5.190359413,4.897081306,5.482279887
UKENAN_AW_TP000303,21,37,31/01/2022,6.060337374,5.279253603,4.986893204,5.572482245
UKENAN_AW_TP000303,21,38,07/02/2022,5.617179115,5.429068054,5.134560793,5.720407423
UKENAN_AW_TP000303,21,39,14/02/2022,5.174020856,5.563235189,5.26554953,5.853909239
UKENAN_AW_TP000303,21,40,21/02/2022,5.448641594,5.686882257,5.393881664,5.979057344
UKENAN_AW_TP000303,21,41,28/02/2022,5.723262332,5.797050156,5.506070957,6.094115717
UKENAN_AW_TP000303,21,42,07/03/2022,6.078726192,5.844902049,5.554091303,6.141470385
UKENAN_AW_TP000303,21,43,14/03/2022,6.434190051,5.89187627,5.600769827,6.187749667
UKENAN_AW_TP000303,21,44,21/03/2022,6.420063827,5.797224507,5.504633598,6.098708082
UKENAN_AW_TP000303,21,45,28/03/2022,6.405937603,5.729180292,5.435621926,6.035719559
UKENAN_AW_TP000307,22,1,24/05/2021,NA,4.061865907,3.639454281,4.482654243
UKENAN_AW_TP000307,22,2,31/05/2021,4.281559694,4.242140369,3.94070552,4.551975291
UKENAN_AW_TP000307,22,3,07/06/2021,4.281559694,4.250312702,3.948995351,4.561095443
UKENAN_AW_TP000307,22,4,14/06/2021,4.058309795,4.273450489,3.969898198,4.576964583
UKENAN_AW_TP000307,22,5,21/06/2021,3.835059895,4.291155516,3.980623821,4.592457068
UKENAN_AW_TP000307,22,6,28/06/2021,4.243826416,4.5822514,4.271885779,4.883645552
UKENAN_AW_TP000307,22,7,05/07/2021,4.652592936,4.819126094,4.51089627,5.121077695
UKENAN_AW_TP000307,22,8,12/07/2021,4.91239181,4.769573753,4.466819585,5.073985868
UKENAN_AW_TP000307,22,9,19/07/2021,5.172190684,4.745182659,4.44368629,5.055086632
UKENAN_AW_TP000307,22,10,26/07/2021,4.625963952,4.812269727,4.508003696,5.115777411
UKENAN_AW_TP000307,22,11,02/08/2021,4.07973722,4.866208843,4.556352815,5.167752907
UKENAN_AW_TP000307,22,12,09/08/2021,4.861255677,5.024436303,4.721731966,5.328760629
UKENAN_AW_TP000307,22,13,16/08/2021,5.642774134,5.170696889,4.869065183,5.484021546
UKENAN_AW_TP000307,22,14,23/08/2021,5.308649883,5.146284272,4.844573809,5.45244601
UKENAN_AW_TP000307,22,15,30/08/2021,4.974525631,5.137463371,4.832059785,5.43948917
UKENAN_AW_TP000307,22,16,06/09/2021,5.250576436,5.142476619,4.839883377,5.446891625
UKENAN_AW_TP000307,22,17,13/09/2021,5.52662724,5.144544355,4.843081769,5.452757087
UKENAN_AW_TP000307,22,18,20/09/2021,5.460348134,5.057882282,4.756652029,5.36662589
UKENAN_AW_TP000307,22,19,27/09/2021,5.394069028,4.955235854,4.65378038,5.264693057
UKENAN_AW_TP000307,22,20,04/10/2021,5.319932857,4.983543123,4.680683699,5.287982861
UKENAN_AW_TP000307,22,21,11/10/2021,5.245796686,5.007566517,4.702276411,5.310378246
UKENAN_AW_TP000307,22,22,18/10/2021,4.837563643,4.890971414,4.584959842,5.193076225
UKENAN_AW_TP000307,22,23,25/10/2021,4.429330599,4.799407432,4.491330442,5.100790568
UKENAN_AW_TP000307,22,24,01/11/2021,4.754320067,4.859637061,4.551540937,5.160854308
UKENAN_AW_TP000307,22,25,08/11/2021,5.079309534,4.914445392,4.606167934,5.216637476
UKENAN_AW_TP000307,22,26,15/11/2021,5.119166283,4.939883742,4.634466785,5.241788088
UKENAN_AW_TP000307,22,27,22/11/2021,5.159023032,4.941545705,4.638358416,5.245271044
UKENAN_AW_TP000307,22,28,29/11/2021,5.111171375,4.970415517,4.667420323,5.274206588
UKENAN_AW_TP000307,22,29,06/12/2021,5.063319717,4.997325253,4.69474451,5.301789796
UKENAN_AW_TP000307,22,30,13/12/2021,5.187838655,4.991432919,4.689206025,5.29666571
UKENAN_AW_TP000307,22,31,20/12/2021,5.312357592,4.943209839,4.641077711,5.250568854
UKENAN_AW_TP000307,22,32,27/12/2021,4.894756651,4.796431,4.493802303,5.102313877
UKENAN_AW_TP000307,22,33,03/01/2022,4.477155709,4.636848356,4.332068659,4.941604162
UKENAN_AW_TP000307,22,34,10/01/2022,4.625071724,4.635283661,4.330923486,4.938687293
UKENAN_AW_TP000307,22,35,17/01/2022,4.772987739,4.627395985,4.322807688,4.929759338
UKENAN_AW_TP000307,22,36,24/01/2022,4.647533075,4.628422939,4.323993585,4.930879486
UKENAN_AW_TP000307,22,37,31/01/2022,4.522078411,4.733598359,4.428951137,5.036131615
UKENAN_AW_TP000307,22,38,07/02/2022,4.25582,4.847425897,4.535722349,5.148813792
UKENAN_AW_TP000307,22,39,14/02/2022,3.989561588,4.950645947,4.62952533,5.254204421
UKENAN_AW_TP000307,22,40,21/02/2022,4.594439398,5.095108695,4.786625101,5.396615932
UKENAN_AW_TP000307,22,41,28/02/2022,5.199317207,5.236518253,4.934341335,5.542873355
UKENAN_AW_TP000307,22,42,07/03/2022,5.305741271,5.273746787,4.971784531,5.579100304
UKENAN_AW_TP000307,22,43,14/03/2022,5.412165335,5.306914829,5.003924279,5.612047782
UKENAN_AW_TP000307,22,44,21/03/2022,5.30865871,5.208814294,4.906227718,5.51577056
UKENAN_AW_TP000307,22,45,28/03/2022,5.205152084,5.128117631,4.825685878,5.436949894
UKENAN_AW_TP000308,23,1,24/05/2021,NA,4.072642958,3.661800171,4.48184116
UKENAN_AW_TP000308,23,2,31/05/2021,4.407294191,4.246445158,3.959072644,4.540671008
UKENAN_AW_TP000308,23,3,07/06/2021,4.407294191,4.24875803,3.961510465,4.543254463
UKENAN_AW_TP000308,23,4,14/06/2021,4.256711204,4.290977912,4.002368925,4.580448111
UKENAN_AW_TP000308,23,5,21/06/2021,4.106128217,4.31900369,4.026482328,4.606441419
UKENAN_AW_TP000308,23,6,28/06/2021,4.558326354,4.64615307,4.355962254,4.934518347
UKENAN_AW_TP000308,23,7,05/07/2021,5.01052449,4.870531538,4.581017961,5.159771098
UKENAN_AW_TP000308,23,8,12/07/2021,5.315854511,4.80187278,4.514333364,5.093594952
UKENAN_AW_TP000308,23,9,19/07/2021,5.621184532,4.773303187,4.486097514,5.069357801
UKENAN_AW_TP000308,23,10,26/07/2021,5.219847683,4.900019772,4.612527906,5.194104248
UKENAN_AW_TP000308,23,11,02/08/2021,4.818510834,4.983209351,4.69495135,5.273578098
UKENAN_AW_TP000308,23,12,09/08/2021,5.03958193,5.044069204,4.755832254,5.334100765
UKENAN_AW_TP000308,23,13,16/08/2021,5.260653026,5.069013095,4.779824803,5.357916631
UKENAN_AW_TP000308,23,14,23/08/2021,5.422308885,5.100381397,4.810416015,5.388842621
UKENAN_AW_TP000308,23,15,30/08/2021,5.583964744,5.162723254,4.873057204,5.451684949
UKENAN_AW_TP000308,23,16,06/09/2021,5.798098879,5.120492132,4.829309136,5.408202182
UKENAN_AW_TP000308,23,17,13/09/2021,6.012233013,5.077764272,4.783691456,5.364962831
UKENAN_AW_TP000308,23,18,20/09/2021,5.426960939,5.002112317,4.712536563,5.290575683
UKENAN_AW_TP000308,23,19,27/09/2021,4.841688864,4.9163999,4.628787959,5.207366982
UKENAN_AW_TP000308,23,20,04/10/2021,4.690391533,4.988560006,4.700021751,5.27830667
UKENAN_AW_TP000308,23,21,11/10/2021,4.539094202,5.049432604,4.760624203,5.33941659
UKENAN_AW_TP000308,23,22,18/10/2021,4.100396193,4.894489307,4.602152187,5.182686914
UKENAN_AW_TP000308,23,23,25/10/2021,3.661698183,4.774937625,4.477167354,5.062324073
UKENAN_AW_TP000308,23,24,01/11/2021,4.333816602,4.892252955,4.600306002,5.179647723
UKENAN_AW_TP000308,23,25,08/11/2021,5.00593502,4.998704716,4.70730937,5.290676411
UKENAN_AW_TP000308,23,26,15/11/2021,5.017699398,4.976152314,4.687473128,5.265413358
UKENAN_AW_TP000308,23,27,22/11/2021,5.029463776,4.9105143,4.620608032,5.198694734
UKENAN_AW_TP000308,23,28,29/11/2021,5.00182885,4.940197732,4.649138598,5.227865924
UKENAN_AW_TP000308,23,29,06/12/2021,4.974193923,4.964775312,4.673452027,5.252523976
UKENAN_AW_TP000308,23,30,13/12/2021,4.608619347,4.946997928,4.653417656,5.234202341
UKENAN_AW_TP000308,23,31,20/12/2021,4.243044771,4.857791924,4.556722407,5.146041597
UKENAN_AW_TP000308,23,32,27/12/2021,4.007795955,4.749172655,4.451311175,5.036729028
UKENAN_AW_TP000308,23,33,03/01/2022,3.772547139,4.647595954,4.352941454,4.935278623
UKENAN_AW_TP000308,23,34,10/01/2022,4.179293584,4.701821525,4.412835736,4.991040324
UKENAN_AW_TP000308,23,35,17/01/2022,4.586040029,4.751232923,4.46411157,5.044983426
UKENAN_AW_TP000308,23,36,24/01/2022,4.568150036,4.657287074,4.366354726,4.944984158
UKENAN_AW_TP000308,23,37,31/01/2022,4.550260043,4.7054887,4.409344257,4.992800827
UKENAN_AW_TP000308,23,38,07/02/2022,5.241415227,4.911326295,4.621774352,5.199801057
UKENAN_AW_TP000308,23,39,14/02/2022,5.932570411,5.094681315,4.807230493,5.387568244
UKENAN_AW_TP000308,23,40,21/02/2022,5.846240322,5.190458215,4.903299252,5.485427776
UKENAN_AW_TP000308,23,41,28/02/2022,5.759910233,5.270886872,4.98307059,5.569871068
UKENAN_AW_TP000308,23,42,07/03/2022,5.433521778,5.321421736,5.034308895,5.614994585
UKENAN_AW_TP000308,23,43,14/03/2022,5.107133323,5.377470755,5.088614641,5.666943012
UKENAN_AW_TP000308,23,44,21/03/2022,5.100180949,5.281335441,4.990320439,5.576725947
UKENAN_AW_TP000308,23,45,28/03/2022,5.093228574,5.22326482,4.932617001,5.522122555
UKENMI_ST_TP000018,24,1,24/05/2021,NA,4.513192883,4.114879199,4.91255241
UKENMI_ST_TP000018,24,2,31/05/2021,NA,4.695797937,4.372874593,5.021287313
UKENMI_ST_TP000018,24,3,07/06/2021,NA,4.774490298,4.452352026,5.09918802
UKENMI_ST_TP000018,24,4,14/06/2021,4.57832679,4.865978434,4.559058158,5.17009073
UKENMI_ST_TP000018,24,5,21/06/2021,4.57832679,4.952919802,4.639538741,5.256221008
UKENMI_ST_TP000018,24,6,28/06/2021,4.743308817,5.121386822,4.811605313,5.424509375
UKENMI_ST_TP000018,24,7,05/07/2021,4.908290844,5.265907093,4.957796382,5.569434703
UKENMI_ST_TP000018,24,8,12/07/2021,5.061778819,5.281669187,4.974861518,5.585815458
UKENMI_ST_TP000018,24,9,19/07/2021,5.215266794,5.267801316,4.962697174,5.572694407
UKENMI_ST_TP000018,24,10,26/07/2021,5.119210141,5.446521192,5.140005051,5.75050235
UKENMI_ST_TP000018,24,11,02/08/2021,5.023153487,5.667704675,5.357166754,5.971348373
UKENMI_ST_TP000018,24,12,09/08/2021,5.242229683,5.634283086,5.324576404,5.937612012
UKENMI_ST_TP000018,24,13,16/08/2021,5.461305879,5.60791129,5.298145099,5.910795411
UKENMI_ST_TP000018,24,14,23/08/2021,5.321813707,5.622900273,5.316678886,5.92683531
UKENMI_ST_TP000018,24,15,30/08/2021,5.182321535,5.601480324,5.296110534,5.906008402
UKENMI_ST_TP000018,24,16,06/09/2021,5.466776784,5.622156453,5.316529173,5.926527135
UKENMI_ST_TP000018,24,17,13/09/2021,5.751232033,5.658108715,5.353005816,5.962816946
UKENMI_ST_TP000018,24,18,20/09/2021,5.697240148,5.577010495,5.273783335,5.884820132
UKENMI_ST_TP000018,24,19,27/09/2021,5.643248262,5.521964758,5.218919934,5.833113729
UKENMI_ST_TP000018,24,20,04/10/2021,5.778084057,5.325080897,5.021845417,5.633825167
UKENMI_ST_TP000018,24,21,11/10/2021,5.912919851,5.170641934,4.864985398,5.476919402
UKENMI_ST_TP000018,24,22,18/10/2021,5.672809992,5.091895076,4.784043721,5.39664895
UKENMI_ST_TP000018,24,23,25/10/2021,5.432700132,5.217120216,4.910745173,5.521218023
UKENMI_ST_TP000018,24,24,01/11/2021,5.593133504,5.384700161,5.07926957,5.689137566
UKENMI_ST_TP000018,24,25,08/11/2021,5.753566875,5.545929712,5.242419204,5.852993679
UKENMI_ST_TP000018,24,26,15/11/2021,5.72498767,5.467662788,5.164163917,5.774900926
UKENMI_ST_TP000018,24,27,22/11/2021,5.696408465,5.368995153,5.065207337,5.676101507
UKENMI_ST_TP000018,24,28,29/11/2021,5.708836638,5.432406948,5.129289172,5.741166954
UKENMI_ST_TP000018,24,29,06/12/2021,5.721264811,5.495816181,5.192811848,5.804801191
UKENMI_ST_TP000018,24,30,13/12/2021,5.670866874,5.411284825,5.107733428,5.718993948
UKENMI_ST_TP000018,24,31,20/12/2021,5.620468937,5.370987467,5.066886074,5.677641872
UKENMI_ST_TP000018,24,32,27/12/2021,5.793758101,5.514615576,5.21121067,5.822219204
UKENMI_ST_TP000018,24,33,03/01/2022,5.967047265,5.610555184,5.30702385,5.920119632
UKENMI_ST_TP000018,24,34,10/01/2022,5.239772615,5.276322926,4.970622291,5.580359616
UKENMI_ST_TP000018,24,35,17/01/2022,4.512497964,4.954817886,4.640717708,5.258017718
UKENMI_ST_TP000018,24,36,24/01/2022,4.844393875,4.975621772,4.668272907,5.279522874
UKENMI_ST_TP000018,24,37,31/01/2022,5.176289786,5.185587157,4.881719088,5.491958798
UKENMI_ST_TP000018,24,38,07/02/2022,5.139143598,5.3582265,5.053353019,5.663303301
UKENMI_ST_TP000018,24,39,14/02/2022,5.10199741,5.534795168,5.227259748,5.838059307
UKENMI_ST_TP000018,24,40,21/02/2022,5.827235805,5.721627747,5.418452674,6.029641092
UKENMI_ST_TP000018,24,41,28/02/2022,6.552474199,5.851903888,5.548402839,6.169370441
UKENMI_ST_TP000018,24,42,07/03/2022,6.183721788,5.828623937,5.525896536,6.138642415
UKENMI_ST_TP000018,24,43,14/03/2022,5.814969377,5.83525349,5.530830379,6.140564368
UKENMI_ST_TP000018,24,44,21/03/2022,5.868645132,5.753944127,5.449063685,6.058721912
UKENMI_ST_TP000018,24,45,28/03/2022,5.922320887,5.688716277,5.382877648,5.992783503
UKENMI_ST_TP000036,25,1,24/05/2021,NA,4.778059257,4.371230732,5.187506016
UKENMI_ST_TP000036,25,2,31/05/2021,5.60796606,4.999791261,4.683819145,5.324343999
UKENMI_ST_TP000036,25,3,07/06/2021,5.60796606,5.064618267,4.749336512,5.386567149
UKENMI_ST_TP000036,25,4,14/06/2021,5.808605909,5.173535254,4.862102252,5.491962395
UKENMI_ST_TP000036,25,5,21/06/2021,5.635169202,5.280925408,4.966873023,5.595599375
UKENMI_ST_TP000036,25,6,28/06/2021,5.635169202,5.404059906,5.089161771,5.716842718
UKENMI_ST_TP000036,25,7,05/07/2021,5.261092646,5.479355854,5.158084597,5.790436984
UKENMI_ST_TP000036,25,8,12/07/2021,5.603922486,5.517212966,5.201107352,5.829467761
UKENMI_ST_TP000036,25,9,19/07/2021,5.603922486,5.507708635,5.193849663,5.821034735
UKENMI_ST_TP000036,25,10,26/07/2021,5.789735633,5.679005281,5.363336639,5.990998506
UKENMI_ST_TP000036,25,11,02/08/2021,5.97554878,5.867064736,5.547708652,6.178237598
UKENMI_ST_TP000036,25,12,09/08/2021,5.336362367,5.803443655,5.474383331,6.115450302
UKENMI_ST_TP000036,25,13,16/08/2021,4.697175954,5.735959998,5.393662323,6.052062211
UKENMI_ST_TP000036,25,14,23/08/2021,5.218231705,5.819058791,5.495946629,6.129836734
UKENMI_ST_TP000036,25,15,30/08/2021,5.739287456,5.892371613,5.579702695,6.20693735
UKENMI_ST_TP000036,25,16,06/09/2021,5.781403551,5.871161921,5.55623748,6.183704552
UKENMI_ST_TP000036,25,17,13/09/2021,5.823519646,5.849327915,5.532373899,6.160982241
UKENMI_ST_TP000036,25,18,20/09/2021,5.823519646,5.811199875,5.498606884,6.125832292
UKENMI_ST_TP000036,25,19,27/09/2021,5.336030717,5.752993319,5.440366644,6.068449486
UKENMI_ST_TP000036,25,20,04/10/2021,5.15233162,5.553032134,5.238228991,5.865903528
UKENMI_ST_TP000036,25,21,11/10/2021,5.15233162,5.383464002,5.06351345,5.69542098
UKENMI_ST_TP000036,25,22,18/10/2021,4.987077663,5.350538383,5.033368932,5.663665527
UKENMI_ST_TP000036,25,23,25/10/2021,5.005522804,5.47184899,5.156894656,5.784512354
UKENMI_ST_TP000036,25,24,01/11/2021,5.367314042,5.639456783,5.32560694,5.952534827
UKENMI_ST_TP000036,25,25,08/11/2021,5.72910528,5.766763537,5.453982783,6.080970866
UKENMI_ST_TP000036,25,26,15/11/2021,5.84836826,5.698721866,5.387178591,6.015509874
UKENMI_ST_TP000036,25,27,22/11/2021,5.967631239,5.616143367,5.305032063,5.936909186
UKENMI_ST_TP000036,25,28,29/11/2021,5.619882699,5.674157966,5.362847507,5.991763856
UKENMI_ST_TP000036,25,29,06/12/2021,5.272134159,5.745635024,5.433058524,6.060449943
UKENMI_ST_TP000036,25,30,13/12/2021,5.69158467,5.726374061,5.415450717,6.045463692
UKENMI_ST_TP000036,25,31,20/12/2021,6.11103518,5.73401943,5.423138764,6.057800926
UKENMI_ST_TP000036,25,32,27/12/2021,6.11103518,5.824270031,5.512548624,6.142954807
UKENMI_ST_TP000036,25,33,03/01/2022,5.858323354,5.887716716,5.574380584,6.203519141
UKENMI_ST_TP000036,25,34,10/01/2022,5.793267608,5.592886762,5.281203226,5.908333405
UKENMI_ST_TP000036,25,35,17/01/2022,5.793267608,5.338612506,5.026882547,5.655527983
UKENMI_ST_TP000036,25,36,24/01/2022,5.786522267,5.334789327,5.023584212,5.653651388
UKENMI_ST_TP000036,25,37,31/01/2022,5.844832673,5.506274341,5.19544727,5.824697776
UKENMI_ST_TP000036,25,38,07/02/2022,5.643069499,5.650712689,5.337899435,5.964487937
UKENMI_ST_TP000036,25,39,14/02/2022,5.441306324,5.82679306,5.509126972,6.13809662
UKENMI_ST_TP000036,25,40,21/02/2022,6.164464417,5.9962868,5.683261938,6.31001179
UKENMI_ST_TP000036,25,41,28/02/2022,6.88762251,6.087158812,5.776125691,6.406959168
UKENMI_ST_TP000036,25,42,07/03/2022,6.55578467,6.097214096,5.786096115,6.414510629
UKENMI_ST_TP000036,25,43,14/03/2022,6.22394683,6.112230908,5.799595345,6.426565256
UKENMI_ST_TP000036,25,44,21/03/2022,5.980681208,6.026955707,5.712516133,6.339330994
UKENMI_ST_TP000036,25,45,28/03/2022,5.737415585,5.960148745,5.643679632,6.271622452
UKENMI_ST_TP000056,26,1,24/05/2021,NA,3.265109805,2.868053632,3.665891015
UKENMI_ST_TP000056,26,2,31/05/2021,3.446080523,3.453663997,3.156383556,3.756169835
UKENMI_ST_TP000056,26,3,07/06/2021,3.446080523,3.525665575,3.23180318,3.824508366
UKENMI_ST_TP000056,26,4,14/06/2021,4.035062724,3.630221232,3.337479579,3.928806244
UKENMI_ST_TP000056,26,5,21/06/2021,4.624044924,3.779840953,3.486706614,4.078927436
UKENMI_ST_TP000056,26,6,28/06/2021,4.064524207,3.881844959,3.5871692,4.176501311
UKENMI_ST_TP000056,26,7,05/07/2021,3.505003489,3.967078541,3.667397354,4.259728423
UKENMI_ST_TP000056,26,8,12/07/2021,4.098994745,3.999003649,3.703341921,4.292966575
UKENMI_ST_TP000056,26,9,19/07/2021,4.692986,4.030486607,3.737626222,4.328499328
UKENMI_ST_TP000056,26,10,26/07/2021,4.057674929,4.174772689,3.877785952,4.468383849
UKENMI_ST_TP000056,26,11,02/08/2021,3.422363857,4.334540625,4.027397869,4.628683241
UKENMI_ST_TP000056,26,12,09/08/2021,3.825870879,4.328377363,4.027174847,4.621363381
UKENMI_ST_TP000056,26,13,16/08/2021,4.2293779,4.315102264,4.018449247,4.60855377
UKENMI_ST_TP000056,26,14,23/08/2021,4.618898211,4.341915602,4.046276344,4.635606027
UKENMI_ST_TP000056,26,15,30/08/2021,5.008418521,4.379722399,4.08466255,4.673872313
UKENMI_ST_TP000056,26,16,06/09/2021,4.190270026,4.361720996,4.063341859,4.654458052
UKENMI_ST_TP000056,26,17,13/09/2021,3.372121531,4.343989742,4.041947813,4.63652208
UKENMI_ST_TP000056,26,18,20/09/2021,3.72607703,4.279916441,3.984138426,4.573736652
UKENMI_ST_TP000056,26,19,27/09/2021,4.080032529,4.193163359,3.899949541,4.489927247
UKENMI_ST_TP000056,26,20,04/10/2021,3.814864315,4.020392631,3.726597259,4.316563388
UKENMI_ST_TP000056,26,21,11/10/2021,3.549696101,3.872917545,3.576004072,4.168131702
UKENMI_ST_TP000056,26,22,18/10/2021,3.523731853,3.864509245,3.568813853,4.16042418
UKENMI_ST_TP000056,26,23,25/10/2021,3.497767605,3.971272348,3.67610368,4.265510329
UKENMI_ST_TP000056,26,24,01/11/2021,3.803377688,4.119231247,3.824624575,4.413725531
UKENMI_ST_TP000056,26,25,08/11/2021,4.108987771,4.235621238,3.941788574,4.531369187
UKENMI_ST_TP000056,26,26,15/11/2021,4.054597006,4.139729725,3.846015482,4.436094694
UKENMI_ST_TP000056,26,27,22/11/2021,4.000206241,4.036828132,3.742997655,4.333902277
UKENMI_ST_TP000056,26,28,29/11/2021,4.329506483,4.15637751,3.863415295,4.455821625
UKENMI_ST_TP000056,26,29,06/12/2021,4.658806725,4.288651624,3.996074447,4.590761287
UKENMI_ST_TP000056,26,30,13/12/2021,4.469157952,4.255190964,3.962608603,4.557082409
UKENMI_ST_TP000056,26,31,20/12/2021,4.279509179,4.243415822,3.950458441,4.544608708
UKENMI_ST_TP000056,26,32,27/12/2021,4.279509179,4.276766979,3.982883482,4.573543861
UKENMI_ST_TP000056,26,33,03/01/2022,4.484145433,4.314222194,4.019841825,4.610924648
UKENMI_ST_TP000056,26,34,10/01/2022,4.374283922,4.061320525,3.768905346,4.359896917
UKENMI_ST_TP000056,26,35,17/01/2022,4.374283922,3.840383263,3.547630803,4.142486138
UKENMI_ST_TP000056,26,36,24/01/2022,3.882343212,3.820950759,3.528001861,4.117947363
UKENMI_ST_TP000056,26,37,31/01/2022,3.500264013,3.886142395,3.589600363,4.179273236
UKENMI_ST_TP000056,26,38,07/02/2022,4.189598597,4.043078488,3.746709431,4.336262783
UKENMI_ST_TP000056,26,39,14/02/2022,4.878933181,4.240975828,3.943212488,4.53469045
UKENMI_ST_TP000056,26,40,21/02/2022,4.530079514,4.370723778,4.070768139,4.66325015
UKENMI_ST_TP000056,26,41,28/02/2022,4.181225846,4.436106201,4.134331005,4.728627335
UKENMI_ST_TP000056,26,42,07/03/2022,4.367264589,4.4742297,4.176901416,4.766878962
UKENMI_ST_TP000056,26,43,14/03/2022,4.553303331,4.523762743,4.228239246,4.817913557
UKENMI_ST_TP000056,26,44,21/03/2022,4.225970485,4.458283062,4.160830583,4.750970874
UKENMI_ST_TP000056,26,45,28/03/2022,3.898637639,4.389008794,4.088742003,4.681548607
UKENMI_ST_TP000060,27,1,24/05/2021,NA,4.444482922,4.037876396,4.852147159
UKENMI_ST_TP000060,27,2,31/05/2021,3.669353962,4.59147985,4.262647392,4.914246702
UKENMI_ST_TP000060,27,3,07/06/2021,3.669353962,4.666770092,4.337779932,4.988931394
UKENMI_ST_TP000060,27,4,14/06/2021,4.17628266,4.785101742,4.462536271,5.102713352
UKENMI_ST_TP000060,27,5,21/06/2021,4.683211358,4.885082943,4.561580903,5.20235153
UKENMI_ST_TP000060,27,6,28/06/2021,5.192842343,5.06594491,4.746659111,5.38463229
UKENMI_ST_TP000060,27,7,05/07/2021,5.702473328,5.226199738,4.909008861,5.548905899
UKENMI_ST_TP000060,27,8,12/07/2021,5.691513923,5.200802993,4.881584219,5.520099562
UKENMI_ST_TP000060,27,9,19/07/2021,5.680554518,5.153995403,4.833113365,5.471228894
UKENMI_ST_TP000060,27,10,26/07/2021,5.998825483,5.382262459,5.064661407,5.703130647
UKENMI_ST_TP000060,27,11,02/08/2021,6.317096447,5.635025514,5.317912311,5.959261484
UKENMI_ST_TP000060,27,12,09/08/2021,6.317096447,5.622694658,5.305805217,5.948023184
UKENMI_ST_TP000060,27,13,16/08/2021,5.839366627,5.595956749,5.278909162,5.917550985
UKENMI_ST_TP000060,27,14,23/08/2021,5.839366627,5.58566178,5.268883078,5.907819653
UKENMI_ST_TP000060,27,15,30/08/2021,5.839366627,5.543298527,5.226096432,5.866103945
UKENMI_ST_TP000060,27,16,06/09/2021,5.983471424,5.58111952,5.264476691,5.904546613
UKENMI_ST_TP000060,27,17,13/09/2021,5.983471424,5.608062982,5.291338436,5.931621187
UKENMI_ST_TP000060,27,18,20/09/2021,6.011235222,5.512436148,5.195906981,5.837148111
UKENMI_ST_TP000060,27,19,27/09/2021,6.038999019,5.466807105,5.149900081,5.794925583
UKENMI_ST_TP000060,27,20,04/10/2021,5.785871404,5.301955461,4.985243325,5.628640442
UKENMI_ST_TP000060,27,21,11/10/2021,5.532743789,5.182107118,4.864858574,5.507223894
UKENMI_ST_TP000060,27,22,18/10/2021,5.532743789,5.085532489,4.767322374,5.408178312
UKENMI_ST_TP000060,27,23,25/10/2021,4.562158718,5.116626697,4.791403145,5.433146655
UKENMI_ST_TP000060,27,24,01/11/2021,5.001891549,5.290625727,4.968728516,5.607478295
UKENMI_ST_TP000060,27,25,08/11/2021,5.001891549,5.443511288,5.123393786,5.761243059
UKENMI_ST_TP000060,27,26,15/11/2021,5.440533783,5.398748103,5.08133753,5.719696463
UKENMI_ST_TP000060,27,27,22/11/2021,5.439443186,5.309918128,4.992782094,5.631970116
UKENMI_ST_TP000060,27,28,29/11/2021,5.337925749,5.336692404,5.019347949,5.657488245
UKENMI_ST_TP000060,27,29,06/12/2021,5.236408312,5.370447735,5.051912105,5.689504306
UKENMI_ST_TP000060,27,30,13/12/2021,4.724335628,5.270310104,4.948162599,5.587550769
UKENMI_ST_TP000060,27,31,20/12/2021,4.212262944,5.216039652,4.888576586,5.532779123
UKENMI_ST_TP000060,27,32,27/12/2021,4.212262944,5.346814212,5.009985652,5.669511082
UKENMI_ST_TP000060,27,33,03/01/2022,5.211291922,5.476153497,5.152809704,5.794147476
UKENMI_ST_TP000060,27,34,10/01/2022,5.134455934,5.186202366,4.863729815,5.502808721
UKENMI_ST_TP000060,27,35,17/01/2022,5.134455934,4.936584322,4.615986306,5.254478702
UKENMI_ST_TP000060,27,36,24/01/2022,4.630076315,4.883508517,4.560803321,5.200714817
UKENMI_ST_TP000060,27,37,31/01/2022,4.202532683,5.083889477,4.761332352,5.400725276
UKENMI_ST_TP000060,27,38,07/02/2022,4.804354108,5.291339308,4.970447879,5.608443711
UKENMI_ST_TP000060,27,39,14/02/2022,5.406175532,5.482208919,5.160522199,5.799180608
UKENMI_ST_TP000060,27,40,21/02/2022,5.738430468,5.638015152,5.318319989,5.955648085
UKENMI_ST_TP000060,27,41,28/02/2022,6.070685403,5.735305727,5.417341707,6.054953957
UKENMI_ST_TP000060,27,42,07/03/2022,6.060224355,5.745742898,5.428403024,6.065865827
UKENMI_ST_TP000060,27,43,14/03/2022,6.049763307,5.771528481,5.454068036,6.091589926
UKENMI_ST_TP000060,27,44,21/03/2022,5.874783584,5.679302143,5.360419293,5.997561445
UKENMI_ST_TP000060,27,45,28/03/2022,5.699803861,5.62646489,5.306850451,5.944328798
UKENMI_ST_TP000062,28,1,24/05/2021,NA,4.314940359,3.920878615,4.710457945
UKENMI_ST_TP000062,28,2,31/05/2021,4.856139441,4.448027657,4.142030991,4.75618484
UKENMI_ST_TP000062,28,3,07/06/2021,4.856139441,4.531514157,4.231451047,4.834057953
UKENMI_ST_TP000062,28,4,14/06/2021,4.802784208,4.639343516,4.338213629,4.937692025
UKENMI_ST_TP000062,28,5,21/06/2021,4.749428974,4.794319715,4.493205388,5.092728428
UKENMI_ST_TP000062,28,6,28/06/2021,5.094535358,4.962722238,4.664064951,5.263091614
UKENMI_ST_TP000062,28,7,05/07/2021,5.439641741,5.121027615,4.822118793,5.421244874
UKENMI_ST_TP000062,28,8,12/07/2021,5.219485428,5.125177793,4.826256003,5.425530654
UKENMI_ST_TP000062,28,9,19/07/2021,4.999329115,5.110144485,4.810710334,5.410054377
UKENMI_ST_TP000062,28,10,26/07/2021,5.573408805,5.271134525,4.970009588,5.569945016
UKENMI_ST_TP000062,28,11,02/08/2021,6.147488494,5.539631837,5.239861266,5.840465096
UKENMI_ST_TP000062,28,12,09/08/2021,5.338806447,5.479105287,5.178824219,5.778331522
UKENMI_ST_TP000062,28,13,16/08/2021,4.530124399,5.426133725,5.123783717,5.724103056
UKENMI_ST_TP000062,28,14,23/08/2021,4.915154349,5.440479967,5.140616669,5.73950968
UKENMI_ST_TP000062,28,15,30/08/2021,5.300184298,5.41020652,5.108156809,5.707975682
UKENMI_ST_TP000062,28,16,06/09/2021,5.30262504,5.430690264,5.127901579,5.728249673
UKENMI_ST_TP000062,28,17,13/09/2021,5.305065781,5.512835804,5.21393389,5.812715476
UKENMI_ST_TP000062,28,18,20/09/2021,5.2890899,5.411355264,5.114111712,5.717146778
UKENMI_ST_TP000062,28,19,27/09/2021,5.273114019,5.305097954,5.007324386,5.613274296
UKENMI_ST_TP000062,28,20,04/10/2021,5.134501029,5.071334477,4.772882695,5.372834916
UKENMI_ST_TP000062,28,21,11/10/2021,4.995888038,4.888391968,4.58274376,5.186952914
UKENMI_ST_TP000062,28,22,18/10/2021,5.03603121,4.871864216,4.567430629,5.170196925
UKENMI_ST_TP000062,28,23,25/10/2021,5.076174381,5.054807585,4.756663477,5.356399792
UKENMI_ST_TP000062,28,24,01/11/2021,5.189170555,5.210918499,4.913023885,5.512449073
UKENMI_ST_TP000062,28,25,08/11/2021,5.302166729,5.333420893,5.033313019,5.632221144
UKENMI_ST_TP000062,28,26,15/11/2021,5.29787501,5.24297637,4.943622759,5.542329577
UKENMI_ST_TP000062,28,27,22/11/2021,5.293583291,5.164287982,4.866279837,5.466081956
UKENMI_ST_TP000062,28,28,29/11/2021,5.552744826,5.248971875,4.951340623,5.553092719
UKENMI_ST_TP000062,28,29,06/12/2021,5.811906361,5.330045763,5.032764308,5.634685474
UKENMI_ST_TP000062,28,30,13/12/2021,5.908825627,5.254954368,4.957579914,5.561455375
UKENMI_ST_TP000062,28,31,20/12/2021,6.005744893,5.211710719,4.91397452,5.51972461
UKENMI_ST_TP000062,28,32,27/12/2021,5.524859622,5.246723099,4.945651987,5.545041255
UKENMI_ST_TP000062,28,33,03/01/2022,5.043974351,5.31309621,5.010568417,5.61175243
UKENMI_ST_TP000062,28,34,10/01/2022,4.654430258,5.00581384,4.700659942,5.303037218
UKENMI_ST_TP000062,28,35,17/01/2022,4.264886164,4.714097334,4.405888607,5.01227566
UKENMI_ST_TP000062,28,36,24/01/2022,4.654270163,4.787451147,4.487396376,5.086997768
UKENMI_ST_TP000062,28,37,31/01/2022,5.043654161,4.942803218,4.644197508,5.243437746
UKENMI_ST_TP000062,28,38,07/02/2022,5.215174803,5.075669365,4.772113275,5.373268007
UKENMI_ST_TP000062,28,39,14/02/2022,5.386695444,5.285473874,4.983612898,5.583727593
UKENMI_ST_TP000062,28,40,21/02/2022,5.03438888,5.445232419,5.145205544,5.744251813
UKENMI_ST_TP000062,28,41,28/02/2022,4.682082315,5.524545443,5.221718021,5.822096534
UKENMI_ST_TP000062,28,42,07/03/2022,5.192862295,5.546305525,5.245892445,5.844879559
UKENMI_ST_TP000062,28,43,14/03/2022,5.703642275,5.617331846,5.319272146,5.918572044
UKENMI_ST_TP000062,28,44,21/03/2022,5.50456835,5.537739702,5.239036886,5.838118112
UKENMI_ST_TP000062,28,45,28/03/2022,5.305494424,5.451367092,5.150834627,5.750050063
UKENMI_ST_TP000068,29,1,24/05/2021,NA,3.905932998,3.498395782,4.315627049
UKENMI_ST_TP000068,29,2,31/05/2021,3.331671957,3.924510578,3.607890257,4.230971686
UKENMI_ST_TP000068,29,3,07/06/2021,3.331671957,3.997337441,3.683840135,4.300327962
UKENMI_ST_TP000068,29,4,14/06/2021,3.956214646,4.192126279,3.88472407,4.495313054
UKENMI_ST_TP000068,29,5,21/06/2021,4.580757335,4.406690858,4.10346708,4.714115493
UKENMI_ST_TP000068,29,6,28/06/2021,4.729166306,4.557398418,4.253757347,4.863731367
UKENMI_ST_TP000068,29,7,05/07/2021,4.877575276,4.746523237,4.442430448,5.053080374
UKENMI_ST_TP000068,29,8,12/07/2021,4.939639588,4.735425937,4.431474633,5.042118709
UKENMI_ST_TP000068,29,9,19/07/2021,5.0017039,4.725179733,4.422322556,5.033825444
UKENMI_ST_TP000068,29,10,26/07/2021,5.169349261,4.895431201,4.592425535,5.203779317
UKENMI_ST_TP000068,29,11,02/08/2021,5.336994622,5.175093477,4.871588989,5.486376357
UKENMI_ST_TP000068,29,12,09/08/2021,5.591519623,5.122682709,4.81970484,5.43417228
UKENMI_ST_TP000068,29,13,16/08/2021,5.846044623,5.085493703,4.782761125,5.39801561
UKENMI_ST_TP000068,29,14,23/08/2021,5.316144625,5.06276868,4.759056738,5.369410422
UKENMI_ST_TP000068,29,15,30/08/2021,4.786244627,5.031404514,4.72312384,5.334548904
UKENMI_ST_TP000068,29,16,06/09/2021,5.161707862,5.06575549,4.759858796,5.370338519
UKENMI_ST_TP000068,29,17,13/09/2021,5.537171096,5.147249547,4.843884281,5.454810787
UKENMI_ST_TP000068,29,18,20/09/2021,5.372981425,4.984038364,4.681310524,5.293772002
UKENMI_ST_TP000068,29,19,27/09/2021,5.208791754,4.841581421,4.538948922,5.1527117
UKENMI_ST_TP000068,29,20,04/10/2021,3.978685564,4.599284905,4.28849052,4.902139642
UKENMI_ST_TP000068,29,21,11/10/2021,2.748579374,4.439632337,4.108913287,4.747860122
UKENMI_ST_TP000068,29,22,18/10/2021,3.737035756,4.492051688,4.181045442,4.795008471
UKENMI_ST_TP000068,29,23,25/10/2021,4.725492137,4.657901768,4.354790991,4.965420266
UKENMI_ST_TP000068,29,24,01/11/2021,4.896805286,4.800782188,4.497248873,5.107055592
UKENMI_ST_TP000068,29,25,08/11/2021,5.068118434,4.938229461,4.633119033,5.242856914
UKENMI_ST_TP000068,29,26,15/11/2021,5.014736075,4.856132982,4.552846049,5.162846592
UKENMI_ST_TP000068,29,27,22/11/2021,4.961353715,4.779636619,4.476953779,5.089742505
UKENMI_ST_TP000068,29,28,29/11/2021,4.367975304,4.816352446,4.511530241,5.121763934
UKENMI_ST_TP000068,29,29,06/12/2021,3.774596892,4.845584388,4.534459586,5.148331077
UKENMI_ST_TP000068,29,30,13/12/2021,4.445104152,4.778984594,4.473090228,5.082862669
UKENMI_ST_TP000068,29,31,20/12/2021,5.115611411,4.738964241,4.435481198,5.046223322
UKENMI_ST_TP000068,29,32,27/12/2021,5.093917724,4.792028777,4.487056061,5.09881435
UKENMI_ST_TP000068,29,33,03/01/2022,5.072224037,4.856436345,4.553305212,5.164090992
UKENMI_ST_TP000068,29,34,10/01/2022,4.744732966,4.595086348,4.290354034,4.900040825
UKENMI_ST_TP000068,29,35,17/01/2022,4.417241895,4.336674636,4.028477832,4.640849016
UKENMI_ST_TP000068,29,36,24/01/2022,4.453669927,4.388890438,4.083837993,4.694215507
UKENMI_ST_TP000068,29,37,31/01/2022,4.490097959,4.512655514,4.207794274,4.81768754
UKENMI_ST_TP000068,29,38,07/02/2022,4.393771416,4.665297165,4.355744124,4.968027946
UKENMI_ST_TP000068,29,39,14/02/2022,4.297444873,4.868231845,4.558014653,5.170672355
UKENMI_ST_TP000068,29,40,21/02/2022,4.926541076,5.010626823,4.703561582,5.313967771
UKENMI_ST_TP000068,29,41,28/02/2022,5.555637278,5.115145975,4.810298694,5.420063558
UKENMI_ST_TP000068,29,42,07/03/2022,5.458305003,5.134723207,4.831017825,5.441146636
UKENMI_ST_TP000068,29,43,14/03/2022,5.360972728,5.19274547,4.889677171,5.500735823
UKENMI_ST_TP000068,29,44,21/03/2022,5.382554169,5.107530386,4.802887733,5.41243075
UKENMI_ST_TP000068,29,45,28/03/2022,5.404135609,5.007480362,4.697898816,5.31014987
UKENMI_ST_TP000074,30,1,24/05/2021,NA,4.074228723,3.649395362,4.504408309
UKENMI_ST_TP000074,30,2,31/05/2021,4.511804133,4.271359412,3.951976125,4.598793463
UKENMI_ST_TP000074,30,3,07/06/2021,4.511804133,4.337540941,4.021474733,4.660768764
UKENMI_ST_TP000074,30,4,14/06/2021,4.438318962,4.420876577,4.104573831,4.741668202
UKENMI_ST_TP000074,30,5,21/06/2021,4.364833791,4.559708619,4.241999428,4.879114336
UKENMI_ST_TP000074,30,6,28/06/2021,4.533435958,4.673136783,4.3545082,4.990769902
UKENMI_ST_TP000074,30,7,05/07/2021,4.702038124,4.771129758,4.450673938,5.087579793
UKENMI_ST_TP000074,30,8,12/07/2021,4.585165716,4.780343371,4.460068028,5.097045878
UKENMI_ST_TP000074,30,9,19/07/2021,4.468293307,4.812932959,4.494886618,5.131478551
UKENMI_ST_TP000074,30,10,26/07/2021,4.773917524,4.986436194,4.666866855,5.303548303
UKENMI_ST_TP000074,30,11,02/08/2021,5.07954174,5.14971582,4.826052099,5.465780661
UKENMI_ST_TP000074,30,12,09/08/2021,5.211930711,5.165241496,4.846504939,5.48292957
UKENMI_ST_TP000074,30,13,16/08/2021,5.344319682,5.16613935,4.850276687,5.488434051
UKENMI_ST_TP000074,30,14,23/08/2021,4.86295134,5.150260436,4.830776001,5.467120504
UKENMI_ST_TP000074,30,15,30/08/2021,4.381582998,5.170007087,4.845083474,5.485490839
UKENMI_ST_TP000074,30,16,06/09/2021,4.683306753,5.178647197,4.855261633,5.494328394
UKENMI_ST_TP000074,30,17,13/09/2021,4.985030507,5.168735948,4.846157281,5.484400994
UKENMI_ST_TP000074,30,18,20/09/2021,4.891740431,5.072952617,4.752950288,5.389710009
UKENMI_ST_TP000074,30,19,27/09/2021,4.798450354,4.95562012,4.637686055,5.273947635
UKENMI_ST_TP000074,30,20,04/10/2021,4.939006693,4.828219216,4.511290086,5.148526903
UKENMI_ST_TP000074,30,21,11/10/2021,5.079563031,4.726992762,4.409244872,5.048557899
UKENMI_ST_TP000074,30,22,18/10/2021,4.902680261,4.718159687,4.400777545,5.038972244
UKENMI_ST_TP000074,30,23,25/10/2021,4.909540234,4.79792687,4.480090806,5.116349758
UKENMI_ST_TP000074,30,24,01/11/2021,4.909540234,4.926873736,4.609473919,5.245563017
UKENMI_ST_TP000074,30,25,08/11/2021,5.093282976,5.035916201,4.719705771,5.357207417
UKENMI_ST_TP000074,30,26,15/11/2021,5.230676438,4.928353307,4.611607912,5.249065018
UKENMI_ST_TP000074,30,27,22/11/2021,5.230676438,4.813128252,4.495422977,5.132798249
UKENMI_ST_TP000074,30,28,29/11/2021,5.257609335,4.947051538,4.630834838,5.268401375
UKENMI_ST_TP000074,30,29,06/12/2021,5.284542232,5.09395901,4.778621819,5.418268663
UKENMI_ST_TP000074,30,30,13/12/2021,5.294416553,5.07335058,4.757969151,5.397619631
UKENMI_ST_TP000074,30,31,20/12/2021,5.304290873,5.075196828,4.759319852,5.399320139
UKENMI_ST_TP000074,30,32,27/12/2021,5.351072801,5.09120059,4.774742463,5.412361435
UKENMI_ST_TP000074,30,33,03/01/2022,5.397854729,5.098767668,4.781570762,5.419425404
UKENMI_ST_TP000074,30,34,10/01/2022,5.383838144,4.886810023,4.571909021,5.212379367
UKENMI_ST_TP000074,30,35,17/01/2022,5.369821558,4.70311905,4.38743667,5.034722829
UKENMI_ST_TP000074,30,36,24/01/2022,4.710343021,4.65271719,4.337113671,4.974182337
UKENMI_ST_TP000074,30,37,31/01/2022,4.050864484,4.665105188,4.343749976,4.980856475
UKENMI_ST_TP000074,30,38,07/02/2022,4.592349787,4.824511201,4.502779854,5.140066334
UKENMI_ST_TP000074,30,39,14/02/2022,5.133835089,5.013874433,4.688734596,5.329181541
UKENMI_ST_TP000074,30,40,21/02/2022,5.020467681,5.142674749,4.814077033,5.458051507
UKENMI_ST_TP000074,30,41,28/02/2022,4.907100273,5.215729667,4.886606432,5.531335602
UKENMI_ST_TP000074,30,42,07/03/2022,5.038963448,5.248794786,4.92546567,5.56387435
UKENMI_ST_TP000074,30,43,14/03/2022,5.170826623,5.296590315,4.976088343,5.612728685
UKENMI_ST_TP000074,30,44,21/03/2022,5.191714478,5.248388284,4.926851445,5.563903519
UKENMI_ST_TP000074,30,45,28/03/2022,5.212602332,5.19704088,4.874175787,5.512714425
UKENMI_ST_TP000099,31,1,24/05/2021,NA,4.164817656,3.737374197,4.592421725
UKENMI_ST_TP000099,31,2,31/05/2021,4.720913345,4.342969925,4.016464949,4.682573502
UKENMI_ST_TP000099,31,3,07/06/2021,4.720913345,4.384831033,4.059340678,4.721919009
UKENMI_ST_TP000099,31,4,14/06/2021,4.948806395,4.544129208,4.218827365,4.881010506
UKENMI_ST_TP000099,31,5,21/06/2021,5.176699445,4.677852801,4.352149897,5.016316768
UKENMI_ST_TP000099,31,6,28/06/2021,5.065932726,4.784902352,4.460511268,5.115787529
UKENMI_ST_TP000099,31,7,05/07/2021,4.955166006,4.869536239,4.542755511,5.195181275
UKENMI_ST_TP000099,31,8,12/07/2021,4.443426898,4.845492167,4.517540165,5.170516025
UKENMI_ST_TP000099,31,9,19/07/2021,3.931687789,4.833007655,4.504624139,5.157797909
UKENMI_ST_TP000099,31,10,26/07/2021,4.669196374,5.042507952,4.712935067,5.367190673
UKENMI_ST_TP000099,31,11,02/08/2021,5.406704958,5.296634344,4.962203003,5.622789231
UKENMI_ST_TP000099,31,12,09/08/2021,5.471588174,5.359007995,5.032560403,5.686581572
UKENMI_ST_TP000099,31,13,16/08/2021,5.536471389,5.437827288,5.112008459,5.773903928
UKENMI_ST_TP000099,31,14,23/08/2021,5.173097181,5.289774804,4.965309218,5.618788945
UKENMI_ST_TP000099,31,15,30/08/2021,4.809722973,5.146813574,4.819203575,5.47218477
UKENMI_ST_TP000099,31,16,06/09/2021,5.276732901,5.273858697,4.948709728,5.601070695
UKENMI_ST_TP000099,31,17,13/09/2021,5.743742829,5.410342122,5.085585209,5.739558236
UKENMI_ST_TP000099,31,18,20/09/2021,4.301408421,5.086623378,4.753228348,5.410992846
UKENMI_ST_TP000099,31,19,27/09/2021,2.859074012,4.807082515,4.449739831,5.140845618
UKENMI_ST_TP000099,31,20,04/10/2021,4.089018917,4.911913937,4.583186549,5.236466867
UKENMI_ST_TP000099,31,21,11/10/2021,5.318963821,5.070646109,4.745269606,5.408264654
UKENMI_ST_TP000099,31,22,18/10/2021,5.008482536,4.990881251,4.66669811,5.322402458
UKENMI_ST_TP000099,31,23,25/10/2021,4.698001251,4.955408952,4.628306466,5.2806959
UKENMI_ST_TP000099,31,24,01/11/2021,4.78024041,5.060580175,4.731103056,5.385296653
UKENMI_ST_TP000099,31,25,08/11/2021,4.862479569,5.180307631,4.846695186,5.505645105
UKENMI_ST_TP000099,31,26,15/11/2021,5.14754968,5.059580015,4.727607644,5.384082976
UKENMI_ST_TP000099,31,27,22/11/2021,5.432619791,4.930093111,4.598274219,5.254734107
UKENMI_ST_TP000099,31,28,29/11/2021,5.331072017,4.961900711,4.631558535,5.286128988
UKENMI_ST_TP000099,31,29,06/12/2021,5.229524243,5.011362026,4.682383661,5.335924636
UKENMI_ST_TP000099,31,30,13/12/2021,5.123175712,4.935770176,4.607374365,5.260908998
UKENMI_ST_TP000099,31,31,20/12/2021,5.016827181,4.897650151,4.568808448,5.223381838
UKENMI_ST_TP000099,31,32,27/12/2021,5.241840071,5.011138273,4.684949408,5.337289541
UKENMI_ST_TP000099,31,33,03/01/2022,5.46685296,4.996107139,4.665899677,5.32052183
UKENMI_ST_TP000099,31,34,10/01/2022,5.095303121,4.892959013,4.566774289,5.218647124
UKENMI_ST_TP000099,31,35,17/01/2022,4.723753281,4.740852871,4.415780332,5.068200431
UKENMI_ST_TP000099,31,36,24/01/2022,4.891958973,4.668766237,4.343606939,4.99709382
UKENMI_ST_TP000099,31,37,31/01/2022,5.060164665,4.686180847,4.358661682,5.012181019
UKENMI_ST_TP000099,31,38,07/02/2022,5.217224597,4.917122482,4.590997717,5.243995896
UKENMI_ST_TP000099,31,39,14/02/2022,5.374284528,5.117707699,4.792834254,5.446351915
UKENMI_ST_TP000099,31,40,21/02/2022,5.400183139,5.244912503,4.919850588,5.573399239
UKENMI_ST_TP000099,31,41,28/02/2022,5.426081749,5.371750228,5.047004718,5.69972876
UKENMI_ST_TP000099,31,42,07/03/2022,4.884241993,5.299067918,4.970430633,5.623634018
UKENMI_ST_TP000099,31,43,14/03/2022,5.124615292,5.301196829,4.972328621,5.625770458
UKENMI_ST_TP000099,31,44,21/03/2022,5.124615292,5.280660508,4.953843404,5.605876169
UKENMI_ST_TP000099,31,45,28/03/2022,5.906828347,5.344613735,5.020469518,5.675746639
UKENMI_ST_TP000100,32,1,24/05/2021,NA,4.161156227,3.771774057,4.55211447
UKENMI_ST_TP000100,32,2,31/05/2021,4.992490941,4.354719212,4.054173656,4.66312056
UKENMI_ST_TP000100,32,3,07/06/2021,4.992490941,4.431778539,4.133098594,4.737625151
UKENMI_ST_TP000100,32,4,14/06/2021,4.60918049,4.517134226,4.222710823,4.811136358
UKENMI_ST_TP000100,32,5,21/06/2021,4.225870038,4.615719468,4.315245371,4.908005
UKENMI_ST_TP000100,32,6,28/06/2021,4.502351682,4.777324392,4.479821588,5.069727222
UKENMI_ST_TP000100,32,7,05/07/2021,4.778833325,4.913657948,4.615849209,5.206047306
UKENMI_ST_TP000100,32,8,12/07/2021,4.679028009,4.934764552,4.638408234,5.227893515
UKENMI_ST_TP000100,32,9,19/07/2021,4.579222692,4.922872849,4.627959107,5.216306363
UKENMI_ST_TP000100,32,10,26/07/2021,4.963471991,5.091002999,4.793966143,5.383515328
UKENMI_ST_TP000100,32,11,02/08/2021,5.347721289,5.320732101,5.02141417,5.613414276
UKENMI_ST_TP000100,32,12,09/08/2021,5.194307404,5.272252981,4.971986055,5.564510227
UKENMI_ST_TP000100,32,13,16/08/2021,5.040893518,5.234496151,4.932502083,5.526545685
UKENMI_ST_TP000100,32,14,23/08/2021,5.333185382,5.265259409,4.969736956,5.558024037
UKENMI_ST_TP000100,32,15,30/08/2021,5.625477246,5.26086262,4.967057124,5.555089625
UKENMI_ST_TP000100,32,16,06/09/2021,5.403441677,5.26589903,4.970217414,5.558643603
UKENMI_ST_TP000100,32,17,13/09/2021,5.181406108,5.302173649,5.00649682,5.594857937
UKENMI_ST_TP000100,32,18,20/09/2021,5.324053365,5.227891035,4.935618453,5.52466721
UKENMI_ST_TP000100,32,19,27/09/2021,5.466700621,5.16145479,4.869321916,5.461774905
UKENMI_ST_TP000100,32,20,04/10/2021,4.338215065,4.928989274,4.634528574,5.222790993
UKENMI_ST_TP000100,32,21,11/10/2021,3.209729508,4.741755859,4.437458478,5.034727655
UKENMI_ST_TP000100,32,22,18/10/2021,4.044047887,4.70662359,4.405440636,4.999521909
UKENMI_ST_TP000100,32,23,25/10/2021,4.878366266,4.873274222,4.578785623,5.167235086
UKENMI_ST_TP000100,32,24,01/11/2021,5.167003048,5.041512133,4.748155914,5.336076715
UKENMI_ST_TP000100,32,25,08/11/2021,5.45563983,5.191481142,4.89895783,5.487641087
UKENMI_ST_TP000100,32,26,15/11/2021,4.566813871,5.090420875,4.796203184,5.384245487
UKENMI_ST_TP000100,32,27,22/11/2021,3.677987912,4.981176431,4.684457493,5.27418192
UKENMI_ST_TP000100,32,28,29/11/2021,4.667018896,5.074895601,4.782081462,5.371240553
UKENMI_ST_TP000100,32,29,06/12/2021,5.656049879,5.170968458,4.879041952,5.471999511
UKENMI_ST_TP000100,32,30,13/12/2021,5.560165641,5.09779496,4.805779376,5.399087184
UKENMI_ST_TP000100,32,31,20/12/2021,5.464281403,5.0613475,4.769345931,5.3624185
UKENMI_ST_TP000100,32,32,27/12/2021,5.893316264,5.170831756,4.878675152,5.469911626
UKENMI_ST_TP000100,32,33,03/01/2022,6.322351125,5.258361996,4.966037542,5.559251354
UKENMI_ST_TP000100,32,34,10/01/2022,4.872511935,4.912684983,4.617684758,5.205606964
UKENMI_ST_TP000100,32,35,17/01/2022,3.422672744,4.581517835,4.274854449,4.874619376
UKENMI_ST_TP000100,32,36,24/01/2022,4.396271617,4.638861001,4.343810833,4.932547845
UKENMI_ST_TP000100,32,37,31/01/2022,5.36987049,4.837963234,4.545852708,5.136443891
UKENMI_ST_TP000100,32,38,07/02/2022,5.540766451,4.990062083,4.696758107,5.285236287
UKENMI_ST_TP000100,32,39,14/02/2022,5.711662412,5.177950823,4.883496034,5.472100291
UKENMI_ST_TP000100,32,40,21/02/2022,5.866319493,5.355702081,5.063531713,5.654074733
UKENMI_ST_TP000100,32,41,28/02/2022,6.020976573,5.470278369,5.178238837,5.773147466
UKENMI_ST_TP000100,32,42,07/03/2022,5.717051411,5.453284124,5.161234977,5.750813683
UKENMI_ST_TP000100,32,43,14/03/2022,5.413126248,5.470317325,5.176684205,5.764639714
UKENMI_ST_TP000100,32,44,21/03/2022,5.234342783,5.390127101,5.095603295,5.683406629
UKENMI_ST_TP000100,32,45,28/03/2022,5.055559317,5.314938388,5.018485728,5.607263025
UKENMI_ST_TP000120,33,1,24/05/2021,NA,4.573869439,4.18072828,4.966284224
UKENMI_ST_TP000120,33,2,31/05/2021,4.727233616,4.701345732,4.378498419,5.019445676
UKENMI_ST_TP000120,33,3,07/06/2021,4.727233616,4.791436657,4.470983901,5.110076517
UKENMI_ST_TP000120,33,4,14/06/2021,4.302020827,4.903190526,4.58205318,5.218500149
UKENMI_ST_TP000120,33,5,21/06/2021,3.876808037,4.975193649,4.643674061,5.291375504
UKENMI_ST_TP000120,33,6,28/06/2021,4.741396921,5.174529592,4.852445403,5.489451172
UKENMI_ST_TP000120,33,7,05/07/2021,5.605985804,5.370161653,5.054156751,5.688539891
UKENMI_ST_TP000120,33,8,12/07/2021,5.827687852,5.388386478,5.073405007,5.709826905
UKENMI_ST_TP000120,33,9,19/07/2021,6.049389899,5.399524906,5.084480243,5.726998285
UKENMI_ST_TP000120,33,10,26/07/2021,5.882720169,5.556145004,5.241063357,5.87657037
UKENMI_ST_TP000120,33,11,02/08/2021,5.716050438,5.789308879,5.470021013,6.106349137
UKENMI_ST_TP000120,33,12,09/08/2021,5.900063724,5.786232839,5.469179915,6.104319116
UKENMI_ST_TP000120,33,13,16/08/2021,6.084077009,5.826017794,5.510996787,6.149395027
UKENMI_ST_TP000120,33,14,23/08/2021,5.297181342,5.73146551,5.415203129,6.049199566
UKENMI_ST_TP000120,33,15,30/08/2021,4.510285674,5.596162119,5.272437236,5.910838756
UKENMI_ST_TP000120,33,16,06/09/2021,5.360252571,5.675717578,5.356223601,5.991023504
UKENMI_ST_TP000120,33,17,13/09/2021,6.210219467,5.763334683,5.446107628,6.07988219
UKENMI_ST_TP000120,33,18,20/09/2021,6.21335777,5.59927316,5.282475199,5.916163923
UKENMI_ST_TP000120,33,19,27/09/2021,6.216496072,5.528155256,5.213408182,5.849869011
UKENMI_ST_TP000120,33,20,04/10/2021,5.707115773,5.390829599,5.075804928,5.712462381
UKENMI_ST_TP000120,33,21,11/10/2021,5.197735473,5.327516718,5.012263392,5.648505569
UKENMI_ST_TP000120,33,22,18/10/2021,5.526570039,5.214235214,4.895332253,5.530315922
UKENMI_ST_TP000120,33,23,25/10/2021,5.855404605,5.345434241,5.030160021,5.665225668
UKENMI_ST_TP000120,33,24,01/11/2021,5.842054668,5.464001668,5.146384498,5.780173461
UKENMI_ST_TP000120,33,25,08/11/2021,5.82870473,5.633731284,5.317770307,5.951907009
UKENMI_ST_TP000120,33,26,15/11/2021,5.865223365,5.574501297,5.259700123,5.896023837
UKENMI_ST_TP000120,33,27,22/11/2021,5.901741999,5.486940844,5.171866469,5.812166647
UKENMI_ST_TP000120,33,28,29/11/2021,5.946745938,5.508659398,5.193910525,5.83083847
UKENMI_ST_TP000120,33,29,06/12/2021,5.991749876,5.522764503,5.206894551,5.841745645
UKENMI_ST_TP000120,33,30,13/12/2021,5.541743846,5.38433151,5.064090873,5.699828717
UKENMI_ST_TP000120,33,31,20/12/2021,5.091737815,5.320473203,4.996439639,5.635851692
UKENMI_ST_TP000120,33,32,27/12/2021,5.513164697,5.537039076,5.221269014,5.856701385
UKENMI_ST_TP000120,33,33,03/01/2022,5.934591578,5.602425409,5.286160723,5.920713899
UKENMI_ST_TP000120,33,34,10/01/2022,5.500489914,5.349469729,5.034045272,5.668379245
UKENMI_ST_TP000120,33,35,17/01/2022,5.066388249,5.050364043,4.731461956,5.366830304
UKENMI_ST_TP000120,33,36,24/01/2022,4.917665976,4.995989347,4.673991472,5.311372331
UKENMI_ST_TP000120,33,37,31/01/2022,4.768943702,5.16993222,4.850342481,5.485322631
UKENMI_ST_TP000120,33,38,07/02/2022,4.78642838,5.389717273,5.072030497,5.70601103
UKENMI_ST_TP000120,33,39,14/02/2022,4.803913058,5.559128622,5.237704109,5.873893813
UKENMI_ST_TP000120,33,40,21/02/2022,5.476526336,5.712057483,5.393164335,6.027426961
UKENMI_ST_TP000120,33,41,28/02/2022,6.149139613,5.858763189,5.543191035,6.177554663
UKENMI_ST_TP000120,33,42,07/03/2022,5.957513472,5.829720362,5.513253354,6.146875965
UKENMI_ST_TP000120,33,43,14/03/2022,5.765887331,5.855431566,5.538111022,6.171969601
UKENMI_ST_TP000120,33,44,21/03/2022,5.396729,5.78077215,5.462943518,6.096657662
UKENMI_ST_TP000120,33,45,28/03/2022,5.027570669,5.716026009,5.394758816,6.030910346
UKENMI_ST_TP000137,34,1,24/05/2021,NA,4.562840641,4.145261943,4.984228947
UKENMI_ST_TP000137,34,2,31/05/2021,5.106031025,4.726945121,4.418619182,5.041895628
UKENMI_ST_TP000137,34,3,07/06/2021,5.106031025,4.815406465,4.510584711,5.129778293
UKENMI_ST_TP000137,34,4,14/06/2021,4.727429374,4.894095933,4.588680339,5.202811457
UKENMI_ST_TP000137,34,5,21/06/2021,4.348827722,5.037394177,4.729868587,5.344371667
UKENMI_ST_TP000137,34,6,28/06/2021,5.407167089,5.151996779,4.8437088,5.457614106
UKENMI_ST_TP000137,34,7,05/07/2021,6.465506456,5.305333263,4.998938679,5.612821413
UKENMI_ST_TP000137,34,8,12/07/2021,6.220356977,5.315314688,5.007876132,5.624298795
UKENMI_ST_TP000137,34,9,19/07/2021,5.975207498,5.34910178,5.043444377,5.659617896
UKENMI_ST_TP000137,34,10,26/07/2021,6.005968775,5.528213341,5.222815255,5.83840114
UKENMI_ST_TP000137,34,11,02/08/2021,6.036730052,5.7132746,5.406579207,6.022851068
UKENMI_ST_TP000137,34,12,09/08/2021,5.986715491,5.692654651,5.387324254,6.002364436
UKENMI_ST_TP000137,34,13,16/08/2021,5.936700929,5.661176424,5.356237881,5.972880973
UKENMI_ST_TP000137,34,14,23/08/2021,5.767283266,5.665178247,5.358152421,5.972588786
UKENMI_ST_TP000137,34,15,30/08/2021,5.597865602,5.693019285,5.381891506,5.998389524
UKENMI_ST_TP000137,34,16,06/09/2021,5.86169716,5.728816552,5.421419527,6.035307488
UKENMI_ST_TP000137,34,17,13/09/2021,6.125528717,5.757561853,5.45235276,6.066653991
UKENMI_ST_TP000137,34,18,20/09/2021,6.105947152,5.627254277,5.322455158,5.937642057
UKENMI_ST_TP000137,34,19,27/09/2021,6.086365586,5.483796333,5.179227548,5.795313654
UKENMI_ST_TP000137,34,20,04/10/2021,5.181121589,5.325029871,5.019686236,5.634352614
UKENMI_ST_TP000137,34,21,11/10/2021,4.275877592,5.196355982,4.887949419,5.503099057
UKENMI_ST_TP000137,34,22,18/10/2021,4.908479558,5.20421944,4.894534352,5.51422164
UKENMI_ST_TP000137,34,23,25/10/2021,5.541081523,5.28865288,4.981469689,5.595619255
UKENMI_ST_TP000137,34,24,01/11/2021,6.3672159,5.43934212,5.134500738,5.749934781
UKENMI_ST_TP000137,34,25,08/11/2021,7.193350277,5.573940679,5.268679559,5.89253398
UKENMI_ST_TP000137,34,26,15/11/2021,5.827619454,5.43535426,5.130048859,5.744884137
UKENMI_ST_TP000137,34,27,22/11/2021,4.46188863,5.299892178,4.989690063,5.60492138
UKENMI_ST_TP000137,34,28,29/11/2021,5.214821425,5.436793661,5.130254245,5.744179751
UKENMI_ST_TP000137,34,29,06/12/2021,5.96775422,5.587214599,5.282645241,5.8989992
UKENMI_ST_TP000137,34,30,13/12/2021,5.870742702,5.535759405,5.230958353,5.84614191
UKENMI_ST_TP000137,34,31,20/12/2021,5.773731184,5.500366678,5.19491424,5.809138818
UKENMI_ST_TP000137,34,32,27/12/2021,5.718949363,5.511399421,5.205935511,5.820062661
UKENMI_ST_TP000137,34,33,03/01/2022,5.664167542,5.528332436,5.223401215,5.838303272
UKENMI_ST_TP000137,34,34,10/01/2022,4.845509896,5.287230131,4.981362668,5.594505973
UKENMI_ST_TP000137,34,35,17/01/2022,4.02685225,5.062855389,4.753436113,5.367986166
UKENMI_ST_TP000137,34,36,24/01/2022,4.783941317,5.070204136,4.762000613,5.375713109
UKENMI_ST_TP000137,34,37,31/01/2022,5.541030384,5.13613886,4.828399109,5.442336188
UKENMI_ST_TP000137,34,38,07/02/2022,4.540845853,5.250486568,4.931782386,5.555806698
UKENMI_ST_TP000137,34,39,14/02/2022,3.540661321,5.385166785,5.042502501,5.701642938
UKENMI_ST_TP000137,34,40,21/02/2022,4.328317216,5.565017931,5.238337532,5.873188789
UKENMI_ST_TP000137,34,41,28/02/2022,5.11597311,5.698269148,5.384694817,6.00303812
UKENMI_ST_TP000137,34,42,07/03/2022,5.217912088,5.723086233,5.412916486,6.027795291
UKENMI_ST_TP000137,34,43,14/03/2022,5.319851066,5.759167466,5.449936091,6.064835491
UKENMI_ST_TP000137,34,44,21/03/2022,5.445749239,5.717427572,5.408009119,6.022357175
UKENMI_ST_TP000137,34,45,28/03/2022,5.571647412,5.665238542,5.355428433,5.970208948
UKENMI_ST_TP000143,35,1,24/05/2021,NA,4.563604078,4.140249976,4.992389249
UKENMI_ST_TP000143,35,2,31/05/2021,NA,4.745739479,4.407271676,5.089971652
UKENMI_ST_TP000143,35,3,07/06/2021,4.806718357,4.798430844,4.480510405,5.120017977
UKENMI_ST_TP000143,35,4,14/06/2021,4.806718357,4.86734354,4.548343367,5.18657235
UKENMI_ST_TP000143,35,5,21/06/2021,5.296448466,5.004060178,4.685962803,5.324880972
UKENMI_ST_TP000143,35,6,28/06/2021,5.786178574,5.160970738,4.844182494,5.48556032
UKENMI_ST_TP000143,35,7,05/07/2021,5.411341007,5.225815524,4.907075053,5.545614704
UKENMI_ST_TP000143,35,8,12/07/2021,5.036503439,5.191774737,4.865892005,5.50833288
UKENMI_ST_TP000143,35,9,19/07/2021,5.559778801,5.245569254,4.922330378,5.562700385
UKENMI_ST_TP000143,35,10,26/07/2021,6.083054162,5.477109811,5.159022418,5.798459866
UKENMI_ST_TP000143,35,11,02/08/2021,5.91697467,5.635273332,5.317681189,5.956225198
UKENMI_ST_TP000143,35,12,09/08/2021,5.750895178,5.67782471,5.36091074,6.000564615
UKENMI_ST_TP000143,35,13,16/08/2021,5.301527929,5.679671217,5.362854972,6.003484078
UKENMI_ST_TP000143,35,14,23/08/2021,4.85216068,5.642217981,5.31908008,5.959183858
UKENMI_ST_TP000143,35,15,30/08/2021,5.605225192,5.711956838,5.391837685,6.030241781
UKENMI_ST_TP000143,35,16,06/09/2021,6.358289703,5.743596343,5.426796937,6.067237172
UKENMI_ST_TP000143,35,17,13/09/2021,6.23784167,5.697328993,5.379911669,6.018765943
UKENMI_ST_TP000143,35,18,20/09/2021,6.117393636,5.554925011,5.236097228,5.874329183
UKENMI_ST_TP000143,35,19,27/09/2021,5.830852404,5.372300889,5.052096214,5.69073658
UKENMI_ST_TP000143,35,20,04/10/2021,5.544311172,5.328722667,5.011094702,5.650227813
UKENMI_ST_TP000143,35,21,11/10/2021,5.544311172,5.336930891,5.020244034,5.663720878
UKENMI_ST_TP000143,35,22,18/10/2021,5.272685394,5.311261035,4.992550416,5.633369263
UKENMI_ST_TP000143,35,23,25/10/2021,5.373038313,5.348568837,5.029806455,5.66775568
UKENMI_ST_TP000143,35,24,01/11/2021,5.373038313,5.412957722,5.09296979,5.731131391
UKENMI_ST_TP000143,35,25,08/11/2021,4.971978182,5.434346004,5.109438368,5.750896043
UKENMI_ST_TP000143,35,26,15/11/2021,4.470565133,5.323523102,4.993618137,5.640056762
UKENMI_ST_TP000143,35,27,22/11/2021,4.470565133,5.23932146,4.911374193,5.555817866
UKENMI_ST_TP000143,35,28,29/11/2021,4.473540623,5.358483902,5.029965557,5.6748267
UKENMI_ST_TP000143,35,29,06/12/2021,4.723819812,5.501819119,5.176982549,5.818473375
UKENMI_ST_TP000143,35,30,13/12/2021,4.723819812,5.528069337,5.204446084,5.845610129
UKENMI_ST_TP000143,35,31,20/12/2021,4.974099001,5.584647838,5.264019621,5.904421718
UKENMI_ST_TP000143,35,32,27/12/2021,5.522592567,5.583425475,5.262512496,5.903671813
UKENMI_ST_TP000143,35,33,03/01/2022,5.963191009,5.531505372,5.211602328,5.850428497
UKENMI_ST_TP000143,35,34,10/01/2022,5.963191009,5.394463966,5.079785559,5.719559146
UKENMI_ST_TP000143,35,35,17/01/2022,6.40378945,5.298381718,4.979690883,5.640367969
UKENMI_ST_TP000143,35,36,24/01/2022,5.188475583,5.201477811,4.886720617,5.525297067
UKENMI_ST_TP000143,35,37,31/01/2022,5.188475583,5.177615284,4.86173098,5.499197869
UKENMI_ST_TP000143,35,38,07/02/2022,5.343131753,5.360671795,5.044596493,5.680560278
UKENMI_ST_TP000143,35,39,14/02/2022,5.497787922,5.570361444,5.250288904,5.886671118
UKENMI_ST_TP000143,35,40,21/02/2022,5.641566741,5.703744664,5.382118699,6.019505982
UKENMI_ST_TP000143,35,41,28/02/2022,5.659007625,5.76799522,5.445033787,6.085238917
UKENMI_ST_TP000143,35,42,07/03/2022,5.659007625,5.755347263,5.434958248,6.070872232
UKENMI_ST_TP000143,35,43,14/03/2022,5.780618792,5.773152003,5.453828081,6.089309402
UKENMI_ST_TP000143,35,44,21/03/2022,6.028567894,5.763815844,5.445883691,6.080801096
UKENMI_ST_TP000143,35,45,28/03/2022,6.028567894,5.750294511,5.430653019,6.068988117
UKENMI_ST_TP000156,36,1,24/05/2021,3.116048427,3.15700908,2.784029291,3.53084975
UKENMI_ST_TP000156,36,2,31/05/2021,3.116048427,3.298871361,3.008433919,3.591610201
UKENMI_ST_TP000156,36,3,07/06/2021,2.926595177,3.381260652,3.095970677,3.669010112
UKENMI_ST_TP000156,36,4,14/06/2021,2.737141927,3.486239696,3.20080499,3.769495135
UKENMI_ST_TP000156,36,5,21/06/2021,3.32507837,3.632420504,3.346228787,3.915503981
UKENMI_ST_TP000156,36,6,28/06/2021,3.913014812,3.800737196,3.516940573,4.085032033
UKENMI_ST_TP000156,36,7,05/07/2021,3.936834329,3.95573174,3.671728143,4.240039961
UKENMI_ST_TP000156,36,8,12/07/2021,3.960653846,3.962482302,3.67858203,4.247099146
UKENMI_ST_TP000156,36,9,19/07/2021,3.635974017,3.948585806,3.664482552,4.232998478
UKENMI_ST_TP000156,36,10,26/07/2021,3.311294188,4.111928115,3.826399388,4.395360779
UKENMI_ST_TP000156,36,11,02/08/2021,3.811777252,4.374588826,4.08982499,4.659512591
UKENMI_ST_TP000156,36,12,09/08/2021,4.312260316,4.31576754,4.030434094,4.59949987
UKENMI_ST_TP000156,36,13,16/08/2021,4.56676663,4.265396106,3.978363933,4.548264205
UKENMI_ST_TP000156,36,14,23/08/2021,4.821272944,4.280680908,3.996183749,4.564274283
UKENMI_ST_TP000156,36,15,30/08/2021,4.384415128,4.252204629,3.966155475,4.535027928
UKENMI_ST_TP000156,36,16,06/09/2021,3.947557312,4.270678782,3.983677666,4.553334683
UKENMI_ST_TP000156,36,17,13/09/2021,4.287072102,4.347262333,4.063327163,4.631325246
UKENMI_ST_TP000156,36,18,20/09/2021,4.626586891,4.247882703,3.965352545,4.536731741
UKENMI_ST_TP000156,36,19,27/09/2021,4.41047861,4.147243598,3.864026746,4.438632825
UKENMI_ST_TP000156,36,20,04/10/2021,4.194370329,3.914910027,3.631368515,4.200187409
UKENMI_ST_TP000156,36,21,11/10/2021,3.742438117,3.733713545,3.443353354,4.017425615
UKENMI_ST_TP000156,36,22,18/10/2021,3.290505905,3.711886033,3.422603986,3.995311881
UKENMI_ST_TP000156,36,23,25/10/2021,3.925412654,3.89366458,3.610444887,4.179100487
UKENMI_ST_TP000156,36,24,01/11/2021,4.560319403,4.050999946,3.768040265,4.336472916
UKENMI_ST_TP000156,36,25,08/11/2021,4.330972723,4.177962569,3.893655875,4.461733702
UKENMI_ST_TP000156,36,26,15/11/2021,4.101626043,4.087830133,3.803834996,4.371792511
UKENMI_ST_TP000156,36,27,22/11/2021,4.167037878,4.004453073,3.721247258,4.290042653
UKENMI_ST_TP000156,36,28,29/11/2021,4.232449712,4.090529758,3.8078659,4.378246298
UKENMI_ST_TP000156,36,29,06/12/2021,4.207368751,4.169612189,3.887090063,4.458337998
UKENMI_ST_TP000156,36,30,13/12/2021,4.18228779,4.093797524,3.811030131,4.383906545
UKENMI_ST_TP000156,36,31,20/12/2021,4.18228779,4.053860581,3.770716149,4.345073752
UKENMI_ST_TP000156,36,32,27/12/2021,3.213457339,4.101335343,3.816377834,4.38527778
UKENMI_ST_TP000156,36,33,03/01/2022,3.645160384,4.169550894,3.883788243,4.453630435
UKENMI_ST_TP000156,36,34,10/01/2022,3.645160384,3.857765932,3.569229271,4.140268259
UKENMI_ST_TP000156,36,35,17/01/2022,4.072534396,3.560056885,3.26724359,3.843867733
UKENMI_ST_TP000156,36,36,24/01/2022,4.068205362,3.629516741,3.344627558,3.913505806
UKENMI_ST_TP000156,36,37,31/01/2022,3.701522143,3.791030406,3.507724842,4.07627906
UKENMI_ST_TP000156,36,38,07/02/2022,3.334838924,3.92822541,3.641151114,4.210996301
UKENMI_ST_TP000156,36,39,14/02/2022,4.115205658,4.135139274,3.849240254,4.418264888
UKENMI_ST_TP000156,36,40,21/02/2022,4.895572392,4.295993586,4.011814175,4.580010911
UKENMI_ST_TP000156,36,41,28/02/2022,4.668480778,4.379998864,4.09437971,4.662953182
UKENMI_ST_TP000156,36,42,07/03/2022,4.441389163,4.396968216,4.112539274,4.68049612
UKENMI_ST_TP000156,36,43,14/03/2022,4.518973088,4.462291697,4.179126551,4.747651626
UKENMI_ST_TP000156,36,44,21/03/2022,4.596557012,4.380804248,4.097178187,4.665319747
UKENMI_ST_TP000156,36,45,28/03/2022,4.596557012,4.294799968,4.00955915,4.577984133
UKENMI_ST_TP000163,37,1,24/05/2021,NA,3.724206261,3.286994672,4.165906134
UKENMI_ST_TP000163,37,2,31/05/2021,4.129505003,3.909806567,3.574507247,4.253043828
UKENMI_ST_TP000163,37,3,07/06/2021,4.129505003,3.971413373,3.641486065,4.308674662
UKENMI_ST_TP000163,37,4,14/06/2021,4.268325078,4.043004298,3.712460232,4.37755455
UKENMI_ST_TP000163,37,5,21/06/2021,4.407145152,4.171440977,3.840126128,4.505005898
UKENMI_ST_TP000163,37,6,28/06/2021,4.04981812,4.275557805,3.94103025,4.606181282
UKENMI_ST_TP000163,37,7,05/07/2021,3.692491087,4.356433602,4.015012731,4.685897769
UKENMI_ST_TP000163,37,8,12/07/2021,4.285818927,4.39276159,4.056207637,4.722637532
UKENMI_ST_TP000163,37,9,19/07/2021,4.879146766,4.486870515,4.156332918,4.821786281
UKENMI_ST_TP000163,37,10,26/07/2021,5.28974644,4.69300901,4.363419907,5.032302652
UKENMI_ST_TP000163,37,11,02/08/2021,5.700346113,4.861851245,4.532469327,5.202418718
UKENMI_ST_TP000163,37,12,09/08/2021,5.469923838,4.857918292,4.528543461,5.197862103
UKENMI_ST_TP000163,37,13,16/08/2021,5.239501563,4.832860432,4.503330551,5.173164193
UKENMI_ST_TP000163,37,14,23/08/2021,5.18039829,4.822158674,4.490169319,5.154820455
UKENMI_ST_TP000163,37,15,30/08/2021,5.121295017,4.875685187,4.5415012,5.206682804
UKENMI_ST_TP000163,37,16,06/09/2021,5.01104129,4.907357862,4.575499416,5.240428964
UKENMI_ST_TP000163,37,17,13/09/2021,4.900787562,4.897786572,4.566322731,5.230983332
UKENMI_ST_TP000163,37,18,20/09/2021,4.24856513,4.727721181,4.392801673,5.058252218
UKENMI_ST_TP000163,37,19,27/09/2021,3.596342697,4.535677662,4.196753631,4.86518436
UKENMI_ST_TP000163,37,20,04/10/2021,3.55124326,4.446627524,4.109916965,4.776635136
UKENMI_ST_TP000163,37,21,11/10/2021,3.506143822,4.394009635,4.05814014,4.724506777
UKENMI_ST_TP000163,37,22,18/10/2021,3.950970242,4.416649127,4.082408723,4.748310592
UKENMI_ST_TP000163,37,23,25/10/2021,4.395796662,4.492613337,4.160294546,4.824454891
UKENMI_ST_TP000163,37,24,01/11/2021,4.212801136,4.57024634,4.236359084,4.901061652
UKENMI_ST_TP000163,37,25,08/11/2021,4.029805609,4.622593973,4.286351939,4.952851018
UKENMI_ST_TP000163,37,26,15/11/2021,4.02626146,4.522545803,4.184929926,4.852386623
UKENMI_ST_TP000163,37,27,22/11/2021,4.022717311,4.433886358,4.096014908,4.763627794
UKENMI_ST_TP000163,37,28,29/11/2021,4.330374661,4.558787288,4.222428316,4.888921305
UKENMI_ST_TP000163,37,29,06/12/2021,4.63803201,4.696968331,4.363576841,5.028436606
UKENMI_ST_TP000163,37,30,13/12/2021,4.538903269,4.671315091,4.336817575,5.002104708
UKENMI_ST_TP000163,37,31,20/12/2021,4.439774527,4.67022278,4.334551175,5.000756757
UKENMI_ST_TP000163,37,32,27/12/2021,4.439774527,4.663681604,4.329739802,4.994795552
UKENMI_ST_TP000163,37,33,03/01/2022,4.452110028,4.642109264,4.309741692,4.974079779
UKENMI_ST_TP000163,37,34,10/01/2022,4.598763269,4.491414973,4.162348347,4.828583453
UKENMI_ST_TP000163,37,35,17/01/2022,4.598763269,4.358504957,4.029315103,4.701452186
UKENMI_ST_TP000163,37,36,24/01/2022,4.891598322,4.317718445,3.988594896,4.657942671
UKENMI_ST_TP000163,37,37,31/01/2022,5.037780134,4.340839869,4.01088931,4.683879955
UKENMI_ST_TP000163,37,38,07/02/2022,4.994604301,4.487765695,4.157165728,4.822938631
UKENMI_ST_TP000163,37,39,14/02/2022,4.951428468,4.649657701,4.312355807,4.979296859
UKENMI_ST_TP000163,37,40,21/02/2022,4.970901055,4.794714791,4.458141806,5.12447126
UKENMI_ST_TP000163,37,41,28/02/2022,4.990373642,4.888872193,4.554541086,5.219860997
UKENMI_ST_TP000163,37,42,07/03/2022,5.0537253,4.896123629,4.563880166,5.227789316
UKENMI_ST_TP000163,37,43,14/03/2022,5.117076958,4.919896504,4.588261752,5.252573421
UKENMI_ST_TP000163,37,44,21/03/2022,4.875389656,4.886852374,4.554041932,5.217918653
UKENMI_ST_TP000163,37,45,28/03/2022,4.633702354,4.846628513,4.511514736,5.177136242
UKENMI_ST_TP000164,38,1,24/05/2021,NA,4.530332864,4.122764476,4.940762341
UKENMI_ST_TP000164,38,2,31/05/2021,NA,4.637365445,4.311609476,4.962891739
UKENMI_ST_TP000164,38,3,07/06/2021,5.42979877,4.748191686,4.443915493,5.060013666
UKENMI_ST_TP000164,38,4,14/06/2021,5.42979877,4.86903885,4.564837798,5.177693106
UKENMI_ST_TP000164,38,5,21/06/2021,5.42979877,5.039682412,4.735482519,5.348631609
UKENMI_ST_TP000164,38,6,28/06/2021,5.404188678,5.17276535,4.867850147,5.479978374
UKENMI_ST_TP000164,38,7,05/07/2021,5.404188678,5.329932815,5.023894988,5.636067225
UKENMI_ST_TP000164,38,8,12/07/2021,5.488030767,5.335286843,5.029849048,5.642314195
UKENMI_ST_TP000164,38,9,19/07/2021,5.571872856,5.336560403,5.032168296,5.645033501
UKENMI_ST_TP000164,38,10,26/07/2021,5.826366393,5.500854443,5.195639705,5.808323292
UKENMI_ST_TP000164,38,11,02/08/2021,6.08085993,5.74327429,5.437721525,6.051239612
UKENMI_ST_TP000164,38,12,09/08/2021,5.935263827,5.692017265,5.38697989,5.999378925
UKENMI_ST_TP000164,38,13,16/08/2021,5.789667724,5.641632294,5.336506945,5.948486285
UKENMI_ST_TP000164,38,14,23/08/2021,5.476644516,5.646640413,5.339821744,5.951749584
UKENMI_ST_TP000164,38,15,30/08/2021,5.163621307,5.630595947,5.318125284,5.93415325
UKENMI_ST_TP000164,38,16,06/09/2021,6.024454868,5.680819422,5.374527885,5.986555356
UKENMI_ST_TP000164,38,17,13/09/2021,6.885288428,5.771104581,5.467482266,6.086121383
UKENMI_ST_TP000164,38,18,20/09/2021,6.541026556,5.650680372,5.346541395,5.970046642
UKENMI_ST_TP000164,38,19,27/09/2021,6.196764683,5.521828841,5.217525927,5.84102954
UKENMI_ST_TP000164,38,20,04/10/2021,5.808673115,5.30051883,4.996618763,5.613119786
UKENMI_ST_TP000164,38,21,11/10/2021,5.420581546,5.120662646,4.812011862,5.427405978
UKENMI_ST_TP000164,38,22,18/10/2021,5.547236499,5.128229199,4.821920979,5.436691299
UKENMI_ST_TP000164,38,23,25/10/2021,5.673891452,5.268170655,4.964095347,5.577556164
UKENMI_ST_TP000164,38,24,01/11/2021,5.139546168,5.401199533,5.095351327,5.706939218
UKENMI_ST_TP000164,38,25,08/11/2021,4.605200884,5.508590231,5.196395404,5.812315234
UKENMI_ST_TP000164,38,26,15/11/2021,4.863284356,5.423121974,5.114831114,5.727521461
UKENMI_ST_TP000164,38,27,22/11/2021,5.121367828,5.346993106,5.041681919,5.653743062
UKENMI_ST_TP000164,38,28,29/11/2021,5.362771173,5.442585159,5.137810967,5.750903236
UKENMI_ST_TP000164,38,29,06/12/2021,5.604174518,5.537403136,5.233239868,5.845898329
UKENMI_ST_TP000164,38,30,13/12/2021,5.157439117,5.460662592,5.156138622,5.768426188
UKENMI_ST_TP000164,38,31,20/12/2021,4.710703716,5.406748088,5.101372866,5.713322988
UKENMI_ST_TP000164,38,32,27/12/2021,5.008009723,5.434827128,5.124134336,5.740287207
UKENMI_ST_TP000164,38,33,03/01/2022,5.30531573,5.499489863,5.191439363,5.805033848
UKENMI_ST_TP000164,38,34,10/01/2022,4.513875906,5.198913179,4.885964784,5.502252976
UKENMI_ST_TP000164,38,35,17/01/2022,3.722436081,4.914190999,4.593311496,5.219120359
UKENMI_ST_TP000164,38,36,24/01/2022,4.409704471,4.990017276,4.680181831,5.293997515
UKENMI_ST_TP000164,38,37,31/01/2022,5.09697286,5.12957201,4.823004348,5.435110449
UKENMI_ST_TP000164,38,38,07/02/2022,5.085726637,5.260101455,4.947365899,5.563686082
UKENMI_ST_TP000164,38,39,14/02/2022,5.074480413,5.447008647,5.130881968,5.751044162
UKENMI_ST_TP000164,38,40,21/02/2022,5.219573263,5.603047129,5.290082816,5.906440953
UKENMI_ST_TP000164,38,41,28/02/2022,5.364666112,5.696214252,5.38338899,5.999699363
UKENMI_ST_TP000164,38,42,07/03/2022,5.640022557,5.737680891,5.430465812,6.042563675
UKENMI_ST_TP000164,38,43,14/03/2022,5.915379001,5.809888423,5.505434766,6.118380555
UKENMI_ST_TP000164,38,44,21/03/2022,5.941466361,5.742519733,5.437908228,6.050121895
UKENMI_ST_TP000164,38,45,28/03/2022,5.96755372,5.662882781,5.357146384,5.96927316
UKENMI_ST_TP000180,39,1,24/05/2021,3.791614865,3.960871637,3.591150088,4.329801003
UKENMI_ST_TP000180,39,2,31/05/2021,3.791614865,4.102251321,3.7970439,4.403765523
UKENMI_ST_TP000180,39,3,07/06/2021,4.390052735,4.195978955,3.893885314,4.497947564
UKENMI_ST_TP000180,39,4,14/06/2021,4.988490604,4.309202999,4.01054293,4.605934132
UKENMI_ST_TP000180,39,5,21/06/2021,4.835124145,4.387713964,4.081772911,4.683889931
UKENMI_ST_TP000180,39,6,28/06/2021,4.681757685,4.574139613,4.273195694,4.870009868
UKENMI_ST_TP000180,39,7,05/07/2021,4.858322048,4.755240227,4.458216641,5.053343294
UKENMI_ST_TP000180,39,8,12/07/2021,5.034886411,4.772361481,4.476286512,5.07257649
UKENMI_ST_TP000180,39,9,19/07/2021,5.232714677,4.774969062,4.479280084,5.079289359
UKENMI_ST_TP000180,39,10,26/07/2021,5.430542942,4.940681556,4.644778074,5.240912993
UKENMI_ST_TP000180,39,11,02/08/2021,5.298986773,5.172160557,4.872819365,5.469731209
UKENMI_ST_TP000180,39,12,09/08/2021,5.167430604,5.151122319,4.852941805,5.448744969
UKENMI_ST_TP000180,39,13,16/08/2021,5.455446419,5.168751522,4.872685144,5.468786148
UKENMI_ST_TP000180,39,14,23/08/2021,5.743462233,5.117711284,4.821576041,5.416877807
UKENMI_ST_TP000180,39,15,30/08/2021,5.378423048,5.018472335,4.718644175,5.314462122
UKENMI_ST_TP000180,39,16,06/09/2021,5.013383862,5.066743787,4.767287604,5.362882514
UKENMI_ST_TP000180,39,17,13/09/2021,4.657431401,5.135213891,4.836432067,5.431637817
UKENMI_ST_TP000180,39,18,20/09/2021,4.301478939,4.998539129,4.700694534,5.295473401
UKENMI_ST_TP000180,39,19,27/09/2021,4.474066463,4.934584534,4.638666489,5.235442572
UKENMI_ST_TP000180,39,20,04/10/2021,4.646653987,4.770062511,4.474066201,5.070407635
UKENMI_ST_TP000180,39,21,11/10/2021,4.646653987,4.668494281,4.371631227,4.967853896
UKENMI_ST_TP000180,39,22,18/10/2021,2.630518336,4.537478327,4.229071544,4.834144884
UKENMI_ST_TP000180,39,23,25/10/2021,4.025820297,4.697064463,4.398880858,4.993815347
UKENMI_ST_TP000180,39,24,01/11/2021,4.025820297,4.833906606,4.533601539,5.129666239
UKENMI_ST_TP000180,39,25,08/11/2021,5.268515114,5.018060331,4.721906962,5.317341323
UKENMI_ST_TP000180,39,26,15/11/2021,5.115907969,4.950395572,4.654778203,5.251437596
UKENMI_ST_TP000180,39,27,22/11/2021,4.995249901,4.86123147,4.565437247,5.164299982
UKENMI_ST_TP000180,39,28,29/11/2021,4.874591832,4.897474473,4.601790381,5.199389419
UKENMI_ST_TP000180,39,29,06/12/2021,4.393459996,4.923836391,4.627387064,5.222397333
UKENMI_ST_TP000180,39,30,13/12/2021,3.912328159,4.796309696,4.495854935,5.092331189
UKENMI_ST_TP000180,39,31,20/12/2021,3.912328159,4.735731681,4.432592345,5.031582575
UKENMI_ST_TP000180,39,32,27/12/2021,5.59846624,4.943669032,4.647629124,5.244544089
UKENMI_ST_TP000180,39,33,03/01/2022,4.958890206,5.0114784,4.714380752,5.310180793
UKENMI_ST_TP000180,39,34,10/01/2022,4.958890206,4.73042543,4.433836979,5.028573757
UKENMI_ST_TP000180,39,35,17/01/2022,4.127201213,4.413099471,4.110922018,4.709201179
UKENMI_ST_TP000180,39,36,24/01/2022,3.935088254,4.391904628,4.089639038,4.68800149
UKENMI_ST_TP000180,39,37,31/01/2022,4.807088954,4.589221773,4.291334065,4.886271748
UKENMI_ST_TP000180,39,38,07/02/2022,5.679089654,4.798044114,4.501474109,5.096968946
UKENMI_ST_TP000180,39,39,14/02/2022,5.605190554,4.972875913,4.674433252,5.26961812
UKENMI_ST_TP000180,39,40,21/02/2022,5.531291454,5.132612369,4.836001516,5.430731946
UKENMI_ST_TP000180,39,41,28/02/2022,5.337571711,5.265347771,4.969736957,5.566227144
UKENMI_ST_TP000180,39,42,07/03/2022,5.143851967,5.236317822,4.939750485,5.534487459
UKENMI_ST_TP000180,39,43,14/03/2022,5.311472214,5.261669415,4.964462084,5.559061111
UKENMI_ST_TP000180,39,44,21/03/2022,5.47909246,5.1875111,4.890223007,5.484766375
UKENMI_ST_TP000180,39,45,28/03/2022,5.47909246,5.120441097,4.821260226,5.416516051
UKENMI_ST_TP000182,40,1,24/05/2021,NA,4.64054686,4.22894763,5.054706813
UKENMI_ST_TP000182,40,2,31/05/2021,4.344655137,4.636276281,4.315992601,4.946593282
UKENMI_ST_TP000182,40,3,07/06/2021,4.344655137,4.71250316,4.396295402,5.019690332
UKENMI_ST_TP000182,40,4,14/06/2021,4.78701532,4.914676313,4.603480295,5.222933359
UKENMI_ST_TP000182,40,5,21/06/2021,5.229375503,5.138045399,4.83025885,5.450693135
UKENMI_ST_TP000182,40,6,28/06/2021,5.229375503,5.276809127,4.966906129,5.586285177
UKENMI_ST_TP000182,40,7,05/07/2021,5.910063537,5.496022864,5.187211268,5.807859018
UKENMI_ST_TP000182,40,8,12/07/2021,5.661193457,5.462903887,5.15313109,5.773201347
UKENMI_ST_TP000182,40,9,19/07/2021,5.661193457,5.44615707,5.137733246,5.757639827
UKENMI_ST_TP000182,40,10,26/07/2021,5.748992656,5.615304299,5.30641086,5.927526549
UKENMI_ST_TP000182,40,11,02/08/2021,6.085661936,5.87107721,5.562504923,6.185033282
UKENMI_ST_TP000182,40,12,09/08/2021,5.974369572,5.823684329,5.515910634,6.138504982
UKENMI_ST_TP000182,40,13,16/08/2021,5.863077208,5.773865665,5.466471157,6.090360496
UKENMI_ST_TP000182,40,14,23/08/2021,5.842121859,5.791135679,5.481983909,6.102458546
UKENMI_ST_TP000182,40,15,30/08/2021,5.821166509,5.804674224,5.491065208,6.112826171
UKENMI_ST_TP000182,40,16,06/09/2021,5.585157605,5.825293021,5.513995547,6.134004939
UKENMI_ST_TP000182,40,17,13/09/2021,5.349148701,5.879555255,5.569697357,6.189660784
UKENMI_ST_TP000182,40,18,20/09/2021,5.250257283,5.710059827,5.401661344,6.021207185
UKENMI_ST_TP000182,40,19,27/09/2021,5.151365864,5.549245932,5.241224735,5.860855558
UKENMI_ST_TP000182,40,20,04/10/2021,5.585850136,5.38146474,5.072455024,5.692390856
UKENMI_ST_TP000182,40,21,11/10/2021,6.020334407,5.271332367,4.959589444,5.581567486
UKENMI_ST_TP000182,40,22,18/10/2021,5.34553385,5.275370675,4.965342705,5.585758559
UKENMI_ST_TP000182,40,23,25/10/2021,4.670733292,5.354592024,5.043506413,5.662955901
UKENMI_ST_TP000182,40,24,01/11/2021,5.151562018,5.504786649,5.194212688,5.813359897
UKENMI_ST_TP000182,40,25,08/11/2021,5.632390743,5.65125164,5.34020664,5.960045796
UKENMI_ST_TP000182,40,26,15/11/2021,5.710217023,5.57288918,5.264756263,5.884285458
UKENMI_ST_TP000182,40,27,22/11/2021,5.788043302,5.500129146,5.192880317,5.815630734
UKENMI_ST_TP000182,40,28,29/11/2021,5.788043302,5.557951865,5.249631543,5.869160496
UKENMI_ST_TP000182,40,29,06/12/2021,5.472846266,5.595366431,5.281726264,5.903081285
UKENMI_ST_TP000182,40,30,13/12/2021,5.321733344,5.523751582,5.212349138,5.832467525
UKENMI_ST_TP000182,40,31,20/12/2021,5.321733344,5.469757189,5.160274836,5.780468413
UKENMI_ST_TP000182,40,32,27/12/2021,5.408018195,5.491113762,5.181346749,5.800901632
UKENMI_ST_TP000182,40,33,03/01/2022,5.645415967,5.533228094,5.225030757,5.844540207
UKENMI_ST_TP000182,40,34,10/01/2022,5.546015547,5.304680954,4.995322708,5.615073882
UKENMI_ST_TP000182,40,35,17/01/2022,5.446615127,5.081089671,4.769051601,5.391225714
UKENMI_ST_TP000182,40,36,24/01/2022,5.226104088,5.122163908,4.811309085,5.431354553
UKENMI_ST_TP000182,40,37,31/01/2022,5.005593048,5.224075826,4.912162749,5.53217536
UKENMI_ST_TP000182,40,38,07/02/2022,5.312433446,5.404947588,5.091191002,5.712306287
UKENMI_ST_TP000182,40,39,14/02/2022,5.619273843,5.611547486,5.297406993,5.918769705
UKENMI_ST_TP000182,40,40,21/02/2022,5.371014339,5.722748588,5.407731966,6.029806057
UKENMI_ST_TP000182,40,41,28/02/2022,5.122754834,5.801355184,5.485389393,6.10884669
UKENMI_ST_TP000182,40,42,07/03/2022,5.876463547,5.848160065,5.538695554,6.158266105
UKENMI_ST_TP000182,40,43,14/03/2022,6.630172259,5.913784128,5.605889553,6.229814294
UKENMI_ST_TP000182,40,44,21/03/2022,6.630172259,5.85821213,5.550805067,6.173787616
UKENMI_ST_TP000182,40,45,28/03/2022,6.268867226,5.773460206,5.464941818,6.085672863
UKENMI_ST_TP000184,41,1,24/05/2021,NA,4.298482223,3.886526249,4.711675723
UKENMI_ST_TP000184,41,2,31/05/2021,5.563502456,4.49710057,4.166327675,4.832760133
UKENMI_ST_TP000184,41,3,07/06/2021,5.563502456,4.566981696,4.236520343,4.901060529
UKENMI_ST_TP000184,41,4,14/06/2021,5.478769956,4.678666171,4.350570793,5.011193365
UKENMI_ST_TP000184,41,5,21/06/2021,5.394037456,4.779794085,4.450665395,5.110759623
UKENMI_ST_TP000184,41,6,28/06/2021,5.467818829,4.936490801,4.608526287,5.268308668
UKENMI_ST_TP000184,41,7,05/07/2021,5.541600202,5.064510533,4.736974122,5.398146685
UKENMI_ST_TP000184,41,8,12/07/2021,4.374903587,5.005848004,4.670666935,5.333654031
UKENMI_ST_TP000184,41,9,19/07/2021,3.208206971,4.918336447,4.568177571,5.247734753
UKENMI_ST_TP000184,41,10,26/07/2021,4.73210476,5.186562659,4.855647298,5.514166723
UKENMI_ST_TP000184,41,11,02/08/2021,6.256002548,5.463009727,5.136190285,5.800955247
UKENMI_ST_TP000184,41,12,09/08/2021,6.248603532,5.455148208,5.128286945,5.79304241
UKENMI_ST_TP000184,41,13,16/08/2021,6.241204515,5.432305056,5.105652426,5.76659837
UKENMI_ST_TP000184,41,14,23/08/2021,5.988068476,5.434216274,5.107776972,5.768309771
UKENMI_ST_TP000184,41,15,30/08/2021,5.734932436,5.418915935,5.092062492,5.754885894
UKENMI_ST_TP000184,41,16,06/09/2021,5.734932436,5.438773255,5.11234318,5.77415042
UKENMI_ST_TP000184,41,17,13/09/2021,5.750316025,5.440644393,5.114013939,5.775657868
UKENMI_ST_TP000184,41,18,20/09/2021,5.356849821,5.351121848,5.024409477,5.683836342
UKENMI_ST_TP000184,41,19,27/09/2021,5.356849821,5.309196262,4.98249407,5.643923278
UKENMI_ST_TP000184,41,20,04/10/2021,4.894075167,5.151378272,4.824530791,5.483851621
UKENMI_ST_TP000184,41,21,11/10/2021,4.824766716,5.037485426,4.710003107,5.369429478
UKENMI_ST_TP000184,41,22,18/10/2021,4.590880307,4.949861364,4.621604732,5.28139201
UKENMI_ST_TP000184,41,23,25/10/2021,4.356993897,4.967597646,4.633221502,5.294090846
UKENMI_ST_TP000184,41,24,01/11/2021,4.926253309,5.144926022,4.81454123,5.472362081
UKENMI_ST_TP000184,41,25,08/11/2021,5.49551272,5.283638934,4.955083084,5.612554765
UKENMI_ST_TP000184,41,26,15/11/2021,5.1228821,5.226761058,4.898708436,5.55664985
UKENMI_ST_TP000184,41,27,22/11/2021,4.75025148,5.138762168,4.810598266,5.468857249
UKENMI_ST_TP000184,41,28,29/11/2021,4.791671335,5.158542901,4.830079885,5.48778673
UKENMI_ST_TP000184,41,29,06/12/2021,4.833091189,5.199905366,4.870380277,5.528266518
UKENMI_ST_TP000184,41,30,13/12/2021,4.909682041,5.135535504,4.805360129,5.463892444
UKENMI_ST_TP000184,41,31,20/12/2021,4.986272892,5.107093472,4.776429332,5.43434158
UKENMI_ST_TP000184,41,32,27/12/2021,4.986272892,5.20479444,4.860214479,5.537146523
UKENMI_ST_TP000184,41,33,03/01/2022,5.380642627,5.317169603,4.981797923,5.644578052
UKENMI_ST_TP000184,41,34,10/01/2022,4.313710861,5.024874852,4.687215582,5.350965521
UKENMI_ST_TP000184,41,35,17/01/2022,4.313710861,4.820195548,4.48981113,5.147329935
UKENMI_ST_TP000184,41,36,24/01/2022,4.386206241,4.757401772,4.425385141,5.084316762
UKENMI_ST_TP000184,41,37,31/01/2022,5.525633387,4.99792186,4.670469945,5.32760965
UKENMI_ST_TP000184,41,38,07/02/2022,5.535340014,5.18804558,4.859431807,5.516167862
UKENMI_ST_TP000184,41,39,14/02/2022,5.545046641,5.377475761,5.04677865,5.704691112
UKENMI_ST_TP000184,41,40,21/02/2022,5.105128103,5.499942912,5.165968764,5.826301167
UKENMI_ST_TP000184,41,41,28/02/2022,4.665209565,5.542862438,5.204612582,5.869374963
UKENMI_ST_TP000184,41,42,07/03/2022,5.188804071,5.589349867,5.258339277,5.91620974
UKENMI_ST_TP000184,41,43,14/03/2022,5.712398577,5.630753196,5.302685843,5.959510778
UKENMI_ST_TP000184,41,44,21/03/2022,5.357805889,5.533171317,5.202269115,5.860017054
UKENMI_ST_TP000184,41,45,28/03/2022,5.567578988,5.499472121,5.169836407,5.827098201
UKENMI_ST_TP000186,42,1,24/05/2021,NA,4.222911637,3.808973551,4.639481424
UKENMI_ST_TP000186,42,2,31/05/2021,3.9969467,4.301035528,3.966052338,4.631949584
UKENMI_ST_TP000186,42,3,07/06/2021,3.9969467,4.347777578,4.012949416,4.677506428
UKENMI_ST_TP000186,42,4,14/06/2021,3.719303185,4.429347219,4.091769103,4.756935
UKENMI_ST_TP000186,42,5,21/06/2021,3.441659669,4.481700281,4.137306726,4.810503588
UKENMI_ST_TP000186,42,6,28/06/2021,4.000784853,4.652120765,4.314107441,4.98000632
UKENMI_ST_TP000186,42,7,05/07/2021,4.559910036,4.768425241,4.436082738,5.098633362
UKENMI_ST_TP000186,42,8,12/07/2021,4.786329486,4.845575884,4.514453459,5.175381741
UKENMI_ST_TP000186,42,9,19/07/2021,5.012748936,4.956328186,4.625803554,5.286210752
UKENMI_ST_TP000186,42,10,26/07/2021,5.384315167,5.117881575,4.789256988,5.449764823
UKENMI_ST_TP000186,42,11,02/08/2021,5.755881397,5.25074767,4.922970428,5.586580862
UKENMI_ST_TP000186,42,12,09/08/2021,5.53022333,5.310697983,4.982132448,5.642811709
UKENMI_ST_TP000186,42,13,16/08/2021,5.304565262,5.338181381,5.008366445,5.668586884
UKENMI_ST_TP000186,42,14,23/08/2021,5.48049289,5.396595504,5.06761633,5.728015736
UKENMI_ST_TP000186,42,15,30/08/2021,5.656420517,5.437533798,5.108866134,5.770230026
UKENMI_ST_TP000186,42,16,06/09/2021,5.807484864,5.457008096,5.128524902,5.791048468
UKENMI_ST_TP000186,42,17,13/09/2021,5.95854921,5.435404461,5.107607217,5.770355079
UKENMI_ST_TP000186,42,18,20/09/2021,5.527462,5.264109044,4.93399335,5.594056006
UKENMI_ST_TP000186,42,19,27/09/2021,5.09637479,5.040790022,4.708090735,5.369112718
UKENMI_ST_TP000186,42,20,04/10/2021,5.413443282,5.052022204,4.72401508,5.385727839
UKENMI_ST_TP000186,42,21,11/10/2021,5.730511774,5.138352695,4.810085816,5.480532668
UKENMI_ST_TP000186,42,22,18/10/2021,5.827413434,5.181124261,4.853032265,5.521564326
UKENMI_ST_TP000186,42,23,25/10/2021,5.924315094,5.209909902,4.881767724,5.54908644
UKENMI_ST_TP000186,42,24,01/11/2021,5.711179097,5.188234614,4.860804772,5.525126028
UKENMI_ST_TP000186,42,25,08/11/2021,5.4980431,5.164475772,4.836010134,5.500857961
UKENMI_ST_TP000186,42,26,15/11/2021,5.155135502,5.120697443,4.792814698,5.454923108
UKENMI_ST_TP000186,42,27,22/11/2021,4.812227903,5.069179179,4.741221606,5.402258995
UKENMI_ST_TP000186,42,28,29/11/2021,4.971448449,5.147696081,4.819079276,5.478995458
UKENMI_ST_TP000186,42,29,06/12/2021,5.130668994,5.20548831,4.876153424,5.535701922
UKENMI_ST_TP000186,42,30,13/12/2021,5.553443267,5.250160924,4.922109649,5.583517769
UKENMI_ST_TP000186,42,31,20/12/2021,5.976217539,5.316711674,4.988728153,5.654044215
UKENMI_ST_TP000186,42,32,27/12/2021,5.711498067,5.219160751,4.889872823,5.551629648
UKENMI_ST_TP000186,42,33,03/01/2022,5.446778594,5.105570064,4.77625432,5.436710723
UKENMI_ST_TP000186,42,34,10/01/2022,4.699446214,4.928633202,4.595626856,5.255254948
UKENMI_ST_TP000186,42,35,17/01/2022,3.952113833,4.763848993,4.422362948,5.090756999
UKENMI_ST_TP000186,42,36,24/01/2022,4.546856408,4.744683881,4.408617033,5.071209324
UKENMI_ST_TP000186,42,37,31/01/2022,5.141598983,4.769486488,4.438857616,5.099672044
UKENMI_ST_TP000186,42,38,07/02/2022,5.179485605,4.980685007,4.652455482,5.311864188
UKENMI_ST_TP000186,42,39,14/02/2022,5.217372226,5.234379524,4.905972405,5.564654495
UKENMI_ST_TP000186,42,40,21/02/2022,5.077137616,5.363195213,5.030214025,5.690500122
UKENMI_ST_TP000186,42,41,28/02/2022,4.936903005,5.43133029,5.093749483,5.759200971
UKENMI_ST_TP000186,42,42,07/03/2022,4.639579202,5.404568394,5.066984178,5.731158551
UKENMI_ST_TP000186,42,43,14/03/2022,4.342255398,5.391307876,5.050405668,5.718321067
UKENMI_ST_TP000186,42,44,21/03/2022,4.937448539,5.427288064,5.092084782,5.754069556
UKENMI_ST_TP000186,42,45,28/03/2022,5.532641679,5.484505959,5.152657384,5.814030349
UKENMI_ST_TP000199,43,1,24/05/2021,NA,4.601443577,4.187805252,5.015928197
UKENMI_ST_TP000199,43,2,31/05/2021,4.827162894,4.69452266,4.3662468,5.021125496
UKENMI_ST_TP000199,43,3,07/06/2021,4.827162894,4.762166579,4.434269462,5.087572974
UKENMI_ST_TP000199,43,4,14/06/2021,5.11577056,4.92839481,4.60225747,5.254065217
UKENMI_ST_TP000199,43,5,21/06/2021,5.404378225,5.085729606,4.760523779,5.412267656
UKENMI_ST_TP000199,43,6,28/06/2021,5.545615006,5.250324456,4.925583773,5.577383136
UKENMI_ST_TP000199,43,7,05/07/2021,5.686851787,5.420000266,5.094887428,5.746999689
UKENMI_ST_TP000199,43,8,12/07/2021,5.692074711,5.425126474,5.100782976,5.753496073
UKENMI_ST_TP000199,43,9,19/07/2021,5.697297635,5.424664662,5.101498458,5.756018441
UKENMI_ST_TP000199,43,10,26/07/2021,5.697297635,5.580722114,5.255970188,5.908076824
UKENMI_ST_TP000199,43,11,02/08/2021,6.967589664,5.915359216,5.591332634,6.253439773
UKENMI_ST_TP000199,43,12,09/08/2021,6.456402481,5.858345421,5.534786692,6.191059473
UKENMI_ST_TP000199,43,13,16/08/2021,6.456402481,5.865512617,5.542078553,6.201775942
UKENMI_ST_TP000199,43,14,23/08/2021,5.647186498,5.762044806,5.436555699,6.08849486
UKENMI_ST_TP000199,43,15,30/08/2021,5.349157698,5.669063788,5.339675057,5.992662174
UKENMI_ST_TP000199,43,16,06/09/2021,5.349157698,5.711234663,5.381101331,6.034612118
UKENMI_ST_TP000199,43,17,13/09/2021,5.55774521,5.796475993,5.466897236,6.120248023
UKENMI_ST_TP000199,43,18,20/09/2021,4.768982622,5.577538213,5.242989737,5.900463138
UKENMI_ST_TP000199,43,19,27/09/2021,4.768982622,5.464098958,5.134753698,5.78790894
UKENMI_ST_TP000199,43,20,04/10/2021,3.980220034,5.25930186,4.915071686,5.58383325
UKENMI_ST_TP000199,43,21,11/10/2021,5.258019943,5.255438052,4.924912156,5.579185124
UKENMI_ST_TP000199,43,22,18/10/2021,5.027122268,5.233746629,4.905591935,5.55843584
UKENMI_ST_TP000199,43,23,25/10/2021,5.027122268,5.374639764,5.050275863,5.702162023
UKENMI_ST_TP000199,43,24,01/11/2021,5.267537494,5.503936182,5.178134081,5.829488428
UKENMI_ST_TP000199,43,25,08/11/2021,5.738850396,5.665654567,5.340236029,5.992033464
UKENMI_ST_TP000199,43,26,15/11/2021,5.914219396,5.595376241,5.272143668,5.925761764
UKENMI_ST_TP000199,43,27,22/11/2021,6.089588396,5.520186592,5.19701323,5.856148928
UKENMI_ST_TP000199,43,28,29/11/2021,5.957271211,5.53811663,5.214853514,5.869468599
UKENMI_ST_TP000199,43,29,06/12/2021,5.824954026,5.561286703,5.236748502,5.889182836
UKENMI_ST_TP000199,43,30,13/12/2021,5.483559164,5.436609569,5.11006539,5.762315694
UKENMI_ST_TP000199,43,31,20/12/2021,5.142164301,5.361073633,5.032115286,5.685552719
UKENMI_ST_TP000199,43,32,27/12/2021,5.473283347,5.513091094,5.188187619,5.840051485
UKENMI_ST_TP000199,43,33,03/01/2022,5.804402393,5.594079345,5.270379137,5.923372467
UKENMI_ST_TP000199,43,34,10/01/2022,5.519090947,5.348416606,5.024518436,5.676947534
UKENMI_ST_TP000199,43,35,17/01/2022,5.2337795,5.074782024,4.748416499,5.401836179
UKENMI_ST_TP000199,43,36,24/01/2022,5.027503932,5.065677124,4.738841516,5.391469832
UKENMI_ST_TP000199,43,37,31/01/2022,4.821228363,5.193815169,4.866339241,5.51849171
UKENMI_ST_TP000199,43,38,07/02/2022,4.821228363,5.370934853,5.040536995,5.694294446
UKENMI_ST_TP000199,43,39,14/02/2022,6.100608727,5.620233608,5.296340169,5.949266417
UKENMI_ST_TP000199,43,40,21/02/2022,5.615506689,5.721746344,5.394924558,6.046614262
UKENMI_ST_TP000199,43,41,28/02/2022,5.615506689,5.841936111,5.516009888,6.167456842
UKENMI_ST_TP000199,43,42,07/03/2022,5.4865179,5.813928103,5.485914966,6.138011957
UKENMI_ST_TP000199,43,43,14/03/2022,5.84263115,5.864854464,5.537998587,6.189738813
UKENMI_ST_TP000199,43,44,21/03/2022,5.872663166,5.784411514,5.45575936,6.108174889
UKENMI_ST_TP000199,43,45,28/03/2022,5.902695181,5.709996918,5.376836129,6.03288069
UKENMI_ST_TP000207,44,1,24/05/2021,NA,3.671842215,3.265756581,4.080036993
UKENMI_ST_TP000207,44,2,31/05/2021,3.67016313,3.860000532,3.533702427,4.182393686
UKENMI_ST_TP000207,44,3,07/06/2021,3.67016313,3.920826456,3.593961007,4.242560867
UKENMI_ST_TP000207,44,4,14/06/2021,3.958254085,4.046181746,3.723920996,4.368057156
UKENMI_ST_TP000207,44,5,21/06/2021,4.246345039,4.188470382,3.864835526,4.51248548
UKENMI_ST_TP000207,44,6,28/06/2021,4.175704643,4.293567002,3.968994122,4.613705265
UKENMI_ST_TP000207,44,7,05/07/2021,4.105064247,4.357340124,4.02804089,4.676416829
UKENMI_ST_TP000207,44,8,12/07/2021,4.345844241,4.393573452,4.06931765,4.714077299
UKENMI_ST_TP000207,44,9,19/07/2021,4.586624234,4.379845583,4.058572728,4.701585616
UKENMI_ST_TP000207,44,10,26/07/2021,4.421140364,4.547917006,4.224547774,4.867676109
UKENMI_ST_TP000207,44,11,02/08/2021,4.255656494,4.708247046,4.380840319,5.026977008
UKENMI_ST_TP000207,44,12,09/08/2021,3.701443203,4.66191623,4.323675461,4.981499804
UKENMI_ST_TP000207,44,13,16/08/2021,3.147229912,4.598185617,4.24558095,4.92253617
UKENMI_ST_TP000207,44,14,23/08/2021,4.025255636,4.698944384,4.368137563,5.017324342
UKENMI_ST_TP000207,44,15,30/08/2021,4.903281359,4.805218473,4.486238402,5.130398033
UKENMI_ST_TP000207,44,16,06/09/2021,4.463111308,4.758995873,4.43707026,5.080064694
UKENMI_ST_TP000207,44,17,13/09/2021,4.022941256,4.689267394,4.362026362,5.008034861
UKENMI_ST_TP000207,44,18,20/09/2021,4.484605379,4.676740069,4.355352482,4.998001433
UKENMI_ST_TP000207,44,19,27/09/2021,4.946269502,4.658353347,4.339506749,4.985402299
UKENMI_ST_TP000207,44,20,04/10/2021,4.168489322,4.470148409,4.149521757,4.792537758
UKENMI_ST_TP000207,44,21,11/10/2021,3.390709141,4.298631123,3.969254284,4.617718917
UKENMI_ST_TP000207,44,22,18/10/2021,4.125454817,4.287227633,3.964956477,4.610199126
UKENMI_ST_TP000207,44,23,25/10/2021,4.860200492,4.405814155,4.086686576,4.734053816
UKENMI_ST_TP000207,44,24,01/11/2021,4.70238947,4.551021742,4.231961054,4.876014299
UKENMI_ST_TP000207,44,25,08/11/2021,4.544578448,4.633091011,4.31203448,4.9545679
UKENMI_ST_TP000207,44,26,15/11/2021,4.81679109,4.574914472,4.255757533,4.900814854
UKENMI_ST_TP000207,44,27,22/11/2021,5.089003732,4.504396325,4.185052731,4.838960655
UKENMI_ST_TP000207,44,28,29/11/2021,4.98653005,4.556574024,4.237890423,4.885878192
UKENMI_ST_TP000207,44,29,06/12/2021,4.884056367,4.631773836,4.312597116,4.956850339
UKENMI_ST_TP000207,44,30,13/12/2021,4.858162034,4.628580599,4.310085348,4.957068951
UKENMI_ST_TP000207,44,31,20/12/2021,4.832267701,4.644217787,4.325968122,4.975096852
UKENMI_ST_TP000207,44,32,27/12/2021,5.102261048,4.733869972,4.415185604,5.059384584
UKENMI_ST_TP000207,44,33,03/01/2022,5.372254395,4.796984474,4.475681601,5.120118901
UKENMI_ST_TP000207,44,34,10/01/2022,5.019779626,4.53045712,4.212027604,4.855535109
UKENMI_ST_TP000207,44,35,17/01/2022,4.667304857,4.313754579,3.995796048,4.642631845
UKENMI_ST_TP000207,44,36,24/01/2022,4.614449289,4.269829309,3.951247289,4.59494302
UKENMI_ST_TP000207,44,37,31/01/2022,4.56159372,4.445704426,4.126884068,4.769852445
UKENMI_ST_TP000207,44,38,07/02/2022,4.787922002,4.59960002,4.279246602,4.92095187
UKENMI_ST_TP000207,44,39,14/02/2022,5.014250283,4.798079689,4.475539008,5.117927671
UKENMI_ST_TP000207,44,40,21/02/2022,4.75915858,4.920653834,4.595781553,5.239791105
UKENMI_ST_TP000207,44,41,28/02/2022,4.504066877,4.932071711,4.604063525,5.250227083
UKENMI_ST_TP000207,44,42,07/03/2022,4.947467892,4.990084598,4.6681361,5.309968123
UKENMI_ST_TP000207,44,43,14/03/2022,5.390868906,5.032530328,4.712644916,5.354772099
UKENMI_ST_TP000207,44,44,21/03/2022,5.420280507,4.95847248,4.638114411,5.279903602
UKENMI_ST_TP000207,44,45,28/03/2022,5.449692108,4.9112533,4.591050474,5.233332102
UKENMI_ST_TP000208,45,1,24/05/2021,NA,4.354037802,3.929134355,4.778984733
UKENMI_ST_TP000208,45,2,31/05/2021,4.915911284,4.515106357,4.192285025,4.850052722
UKENMI_ST_TP000208,45,3,07/06/2021,4.915911284,4.552473121,4.230586918,4.884838966
UKENMI_ST_TP000208,45,4,14/06/2021,5.246211231,4.717017943,4.395155898,5.050062462
UKENMI_ST_TP000208,45,5,21/06/2021,5.576511177,4.852616322,4.530036069,5.188344275
UKENMI_ST_TP000208,45,6,28/06/2021,5.321644877,4.961603706,4.640599202,5.289924115
UKENMI_ST_TP000208,45,7,05/07/2021,5.066778577,5.042060325,4.719179122,5.364521144
UKENMI_ST_TP000208,45,8,12/07/2021,5.566505902,5.02439594,4.70180881,5.347357335
UKENMI_ST_TP000208,45,9,19/07/2021,6.066233226,5.026496495,4.704596603,5.350592608
UKENMI_ST_TP000208,45,10,26/07/2021,5.606810067,5.231162426,4.906995762,5.552901205
UKENMI_ST_TP000208,45,11,02/08/2021,5.147386908,5.465933163,5.133308164,5.789041639
UKENMI_ST_TP000208,45,12,09/08/2021,5.529984903,5.519390811,5.194981021,5.842372832
UKENMI_ST_TP000208,45,13,16/08/2021,5.912582898,5.580532775,5.2583053,5.908903333
UKENMI_ST_TP000208,45,14,23/08/2021,5.786483421,5.448805332,5.127620696,5.773887473
UKENMI_ST_TP000208,45,15,30/08/2021,5.660383944,5.329113262,5.005611741,5.652529234
UKENMI_ST_TP000208,45,16,06/09/2021,5.924214172,5.464631155,5.143461886,5.790271895
UKENMI_ST_TP000208,45,17,13/09/2021,6.188044399,5.608318525,5.287269833,5.936401346
UKENMI_ST_TP000208,45,18,20/09/2021,5.497497159,5.303372822,4.978560047,5.624645244
UKENMI_ST_TP000208,45,19,27/09/2021,4.806949918,5.026879475,4.687210729,5.350869868
UKENMI_ST_TP000208,45,20,04/10/2021,5.1926331,5.116891022,4.79337294,5.438715338
UKENMI_ST_TP000208,45,21,11/10/2021,5.578316281,5.252555408,4.931565488,5.582961469
UKENMI_ST_TP000208,45,22,18/10/2021,5.317988184,5.184594837,4.863759639,5.510725031
UKENMI_ST_TP000208,45,23,25/10/2021,5.057660086,5.14843362,4.824066222,5.470464414
UKENMI_ST_TP000208,45,24,01/11/2021,5.266978838,5.261579527,4.936862458,5.583185285
UKENMI_ST_TP000208,45,25,08/11/2021,5.476297589,5.386996633,5.060282524,5.708921998
UKENMI_ST_TP000208,45,26,15/11/2021,4.370373694,5.230620279,4.898573682,5.552215107
UKENMI_ST_TP000208,45,27,22/11/2021,3.264449799,5.066469139,4.725395932,5.390738403
UKENMI_ST_TP000208,45,28,29/11/2021,3.988896013,5.120502693,4.788067542,5.441808633
UKENMI_ST_TP000208,45,29,06/12/2021,4.713342226,5.189944602,4.863578141,5.51073676
UKENMI_ST_TP000208,45,30,13/12/2021,5.114049942,5.144316906,4.821125408,5.467137596
UKENMI_ST_TP000208,45,31,20/12/2021,5.514757657,5.12570098,4.803387308,5.451453665
UKENMI_ST_TP000208,45,32,27/12/2021,5.514757657,5.202517109,4.879380043,5.528483348
UKENMI_ST_TP000208,45,33,03/01/2022,4.182980469,5.147941018,4.816868645,5.469186523
UKENMI_ST_TP000208,45,34,10/01/2022,4.591727388,5.070540518,4.746396435,5.392137112
UKENMI_ST_TP000208,45,35,17/01/2022,4.591727388,4.939872911,4.617762826,5.263036269
UKENMI_ST_TP000208,45,36,24/01/2022,4.395430255,4.855258192,4.532947382,5.178425977
UKENMI_ST_TP000208,45,37,31/01/2022,3.790386204,4.837773623,4.509632251,5.158941829
UKENMI_ST_TP000208,45,38,07/02/2022,4.542719958,5.071376638,4.746514231,5.392923745
UKENMI_ST_TP000208,45,39,14/02/2022,5.295053712,5.278202702,4.956245168,5.601925281
UKENMI_ST_TP000208,45,40,21/02/2022,5.45281632,5.409966445,5.088134573,5.734472515
UKENMI_ST_TP000208,45,41,28/02/2022,5.610578928,5.540554866,5.21913327,5.864744593
UKENMI_ST_TP000208,45,42,07/03/2022,5.704075568,5.486534071,5.163158425,5.808540725
UKENMI_ST_TP000208,45,43,14/03/2022,5.797572208,5.484939693,5.161344521,5.80738248
UKENMI_ST_TP000208,45,44,21/03/2022,5.63737641,5.458475768,5.135875532,5.781061048
UKENMI_ST_TP000208,45,45,28/03/2022,5.477180611,5.508109105,5.187103331,5.833248323
UKENMI_ST_TP000222,46,1,24/05/2021,NA,3.729578761,3.304255154,4.158471257
UKENMI_ST_TP000222,46,2,31/05/2021,3.759873952,3.849010214,3.528557919,4.172093627
UKENMI_ST_TP000222,46,3,07/06/2021,4.285696904,3.950744852,3.634785511,4.275908796
UKENMI_ST_TP000222,46,4,14/06/2021,4.285696904,4.053030342,3.736268617,4.374094054
UKENMI_ST_TP000222,46,5,21/06/2021,4.811519856,4.224770341,3.908099312,4.546559633
UKENMI_ST_TP000222,46,6,28/06/2021,3.855882448,4.311707513,3.98878845,4.628084783
UKENMI_ST_TP000222,46,7,05/07/2021,3.855882448,4.476085111,4.153981504,4.79285034
UKENMI_ST_TP000222,46,8,12/07/2021,4.008648953,4.479447588,4.157657945,4.797335252
UKENMI_ST_TP000222,46,9,19/07/2021,4.161415458,4.512252769,4.192559254,4.832106825
UKENMI_ST_TP000222,46,10,26/07/2021,4.603300468,4.696182354,4.378753563,5.016735085
UKENMI_ST_TP000222,46,11,02/08/2021,5.045185477,4.898251641,4.580886171,5.219927893
UKENMI_ST_TP000222,46,12,09/08/2021,4.83248002,4.861178203,4.544362336,5.182421149
UKENMI_ST_TP000222,46,13,16/08/2021,4.619774562,4.812674185,4.496214472,5.134701817
UKENMI_ST_TP000222,46,14,23/08/2021,4.843546862,4.841752286,4.523293098,5.160791042
UKENMI_ST_TP000222,46,15,30/08/2021,5.067319162,4.884329045,4.562284908,5.201754634
UKENMI_ST_TP000222,46,16,06/09/2021,5.160686267,4.922199088,4.60385112,5.241428955
UKENMI_ST_TP000222,46,17,13/09/2021,5.254053371,4.960874829,4.644545674,5.28358339
UKENMI_ST_TP000222,46,18,20/09/2021,4.988405238,4.813189574,4.497134664,5.136350664
UKENMI_ST_TP000222,46,19,27/09/2021,4.722757105,4.653297325,4.337345985,4.976583228
UKENMI_ST_TP000222,46,20,04/10/2021,4.904993075,4.510826274,4.194588555,4.835541568
UKENMI_ST_TP000222,46,21,11/10/2021,5.087229045,4.396342071,4.078683264,4.720945882
UKENMI_ST_TP000222,46,22,18/10/2021,4.490993825,4.385234452,4.065870825,4.707626309
UKENMI_ST_TP000222,46,23,25/10/2021,3.894758605,4.439481801,4.118018556,4.756756568
UKENMI_ST_TP000222,46,24,01/11/2021,4.192557655,4.588112734,4.270012244,4.90672259
UKENMI_ST_TP000222,46,25,08/11/2021,4.490356705,4.724029958,4.407713503,5.046284762
UKENMI_ST_TP000222,46,26,15/11/2021,4.675792516,4.609376576,4.29243209,4.929932236
UKENMI_ST_TP000222,46,27,22/11/2021,4.861228327,4.500748478,4.182264756,4.819412458
UKENMI_ST_TP000222,46,28,29/11/2021,4.838201264,4.617623759,4.299954772,4.937774752
UKENMI_ST_TP000222,46,29,06/12/2021,4.815174201,4.744025035,4.427326045,5.065465604
UKENMI_ST_TP000222,46,30,13/12/2021,4.704135207,4.68061627,4.363445379,5.000988257
UKENMI_ST_TP000222,46,31,20/12/2021,4.593096212,4.62464221,4.306072194,4.944450722
UKENMI_ST_TP000222,46,32,27/12/2021,4.860790977,4.641435515,4.324394824,4.961898503
UKENMI_ST_TP000222,46,33,03/01/2022,5.128485741,4.66008431,4.344060041,4.983426783
UKENMI_ST_TP000222,46,34,10/01/2022,4.626728371,4.421270785,4.103600359,4.740600059
UKENMI_ST_TP000222,46,35,17/01/2022,4.124971,4.194115206,3.871706062,4.510680891
UKENMI_ST_TP000222,46,36,24/01/2022,3.756766365,4.203533705,3.880625005,4.51968703
UKENMI_ST_TP000222,46,37,31/01/2022,3.38856173,4.269297751,3.945447842,4.585393836
UKENMI_ST_TP000222,46,38,07/02/2022,3.776856574,4.405500369,4.072697787,4.722314781
UKENMI_ST_TP000222,46,39,14/02/2022,4.165151417,4.557585891,4.209907565,4.880811463
UKENMI_ST_TP000222,46,40,21/02/2022,4.774699016,4.738203981,4.406346437,5.055061053
UKENMI_ST_TP000222,46,41,28/02/2022,5.384246614,4.881025596,4.560179193,5.198557664
UKENMI_ST_TP000222,46,42,07/03/2022,5.219979012,4.899907135,4.580875924,5.218025598
UKENMI_ST_TP000222,46,43,14/03/2022,5.055711409,4.924994068,4.605400846,5.244350666
UKENMI_ST_TP000222,46,44,21/03/2022,4.84821563,4.885390911,4.566044381,5.203012257
UKENMI_ST_TP000222,46,45,28/03/2022,4.64071985,4.827406036,4.507335049,5.144749845
UKENMI_ST_TP000225,47,1,24/05/2021,NA,4.257860979,3.863632887,4.653003381
UKENMI_ST_TP000225,47,2,31/05/2021,4.062915794,4.28525187,3.982454774,4.581394258
UKENMI_ST_TP000225,47,3,07/06/2021,4.062915794,4.350288666,4.048164077,4.644742183
UKENMI_ST_TP000225,47,4,14/06/2021,4.506485987,4.548417806,4.250875894,4.843151691
UKENMI_ST_TP000225,47,5,21/06/2021,4.950056179,4.748522311,4.45376145,5.046173889
UKENMI_ST_TP000225,47,6,28/06/2021,5.027608259,4.904711099,4.609671333,5.201456245
UKENMI_ST_TP000225,47,7,05/07/2021,5.105160338,5.091428861,4.795435725,5.388197368
UKENMI_ST_TP000225,47,8,12/07/2021,5.172928418,5.084416511,4.789181802,5.381467277
UKENMI_ST_TP000225,47,9,19/07/2021,5.240696498,5.072982171,4.778960469,5.372155975
UKENMI_ST_TP000225,47,10,26/07/2021,5.636716185,5.242640677,4.94840315,5.541168881
UKENMI_ST_TP000225,47,11,02/08/2021,6.032735871,5.544420125,5.249477483,5.847818404
UKENMI_ST_TP000225,47,12,09/08/2021,5.5909296,5.489444578,5.19491463,5.790892552
UKENMI_ST_TP000225,47,13,16/08/2021,5.149123329,5.459643303,5.165228317,5.761878927
UKENMI_ST_TP000225,47,14,23/08/2021,5.503677528,5.421182111,5.126132284,5.718396788
UKENMI_ST_TP000225,47,15,30/08/2021,5.858231726,5.383654652,5.086303019,5.678657435
UKENMI_ST_TP000225,47,16,06/09/2021,5.808735404,5.413243335,5.116723226,5.708433717
UKENMI_ST_TP000225,47,17,13/09/2021,5.759239082,5.486445582,5.190775977,5.782489783
UKENMI_ST_TP000225,47,18,20/09/2021,5.55960708,5.294967284,4.99959616,5.591083524
UKENMI_ST_TP000225,47,19,27/09/2021,5.359975077,5.153737468,4.859239908,5.451684205
UKENMI_ST_TP000225,47,20,04/10/2021,4.540088203,4.934946524,4.629472723,5.229583619
UKENMI_ST_TP000225,47,21,11/10/2021,3.720201328,4.837951378,4.522686749,5.136004288
UKENMI_ST_TP000225,47,22,18/10/2021,4.619885858,4.877637338,4.5778181,5.172347248
UKENMI_ST_TP000225,47,23,25/10/2021,5.519570387,5.030732135,4.736692281,5.33016672
UKENMI_ST_TP000225,47,24,01/11/2021,5.586661432,5.16527087,4.87085633,5.462604418
UKENMI_ST_TP000225,47,25,08/11/2021,5.653752477,5.312975349,5.0176741,5.609212784
UKENMI_ST_TP000225,47,26,15/11/2021,5.299820306,5.228569379,4.934468225,5.526793421
UKENMI_ST_TP000225,47,27,22/11/2021,4.945888134,5.150040479,4.855810047,5.451248541
UKENMI_ST_TP000225,47,28,29/11/2021,5.205635268,5.181166141,4.885956144,5.479102206
UKENMI_ST_TP000225,47,29,06/12/2021,5.465382402,5.208534225,4.910959611,5.5039286
UKENMI_ST_TP000225,47,30,13/12/2021,5.036818503,5.113598362,4.81709088,5.408721666
UKENMI_ST_TP000225,47,31,20/12/2021,4.608254604,5.047362824,4.750858601,5.343224048
UKENMI_ST_TP000225,47,32,27/12/2021,5.142485745,5.136265578,4.841316379,5.432861899
UKENMI_ST_TP000225,47,33,03/01/2022,5.676716886,5.207696166,4.913753251,5.50711993
UKENMI_ST_TP000225,47,34,10/01/2022,5.008673958,4.96752369,4.672657678,5.264795148
UKENMI_ST_TP000225,47,35,17/01/2022,4.34063103,4.718729743,4.421205215,5.014666077
UKENMI_ST_TP000225,47,36,24/01/2022,4.751069192,4.749942251,4.45398064,5.046665339
UKENMI_ST_TP000225,47,37,31/01/2022,5.161507354,4.871676914,4.576187225,5.168103015
UKENMI_ST_TP000225,47,38,07/02/2022,5.279155916,5.04100549,4.742803402,5.335575971
UKENMI_ST_TP000225,47,39,14/02/2022,5.396804477,5.257399918,4.960689187,5.552991867
UKENMI_ST_TP000225,47,40,21/02/2022,5.705152308,5.377158883,5.081166234,5.672515404
UKENMI_ST_TP000225,47,41,28/02/2022,6.013500138,5.488322461,5.193573225,5.785412557
UKENMI_ST_TP000225,47,42,07/03/2022,5.672299651,5.485445295,5.190275294,5.781864147
UKENMI_ST_TP000225,47,43,14/03/2022,5.331099164,5.532170671,5.236750625,5.828411023
UKENMI_ST_TP000225,47,44,21/03/2022,4.362285708,5.435397995,5.135561818,5.729489997
UKENMI_ST_TP000225,47,45,28/03/2022,3.393472251,5.336414243,5.026104448,5.632265656
UKENMI_ST_TP000241,48,1,24/05/2021,4.270533488,4.437371218,4.048977629,4.824448468
UKENMI_ST_TP000241,48,2,31/05/2021,4.270533488,4.560566961,4.229004924,4.889281717
UKENMI_ST_TP000241,48,3,07/06/2021,4.520454664,4.63920322,4.309433996,4.968671094
UKENMI_ST_TP000241,48,4,14/06/2021,4.770375839,4.779233489,4.449246589,5.108000732
UKENMI_ST_TP000241,48,5,21/06/2021,4.886019796,4.885195225,4.552756901,5.212389798
UKENMI_ST_TP000241,48,6,28/06/2021,5.001663752,5.051901956,4.721022701,5.379444611
UKENMI_ST_TP000241,48,7,05/07/2021,5.120715963,5.212670585,4.882494546,5.540964847
UKENMI_ST_TP000241,48,8,12/07/2021,5.239768174,5.221319118,4.892876427,5.55115438
UKENMI_ST_TP000241,48,9,19/07/2021,5.239768174,5.229125987,4.90187629,5.561751228
UKENMI_ST_TP000241,48,10,26/07/2021,5.167331999,5.382900279,5.052169471,5.710915427
UKENMI_ST_TP000241,48,11,02/08/2021,5.605524975,5.653452121,5.320225046,5.982165826
UKENMI_ST_TP000241,48,12,09/08/2021,5.605524975,5.666122668,5.33606163,5.996004524
UKENMI_ST_TP000241,48,13,16/08/2021,5.960176284,5.736001332,5.408800427,6.074041974
UKENMI_ST_TP000241,48,14,23/08/2021,5.876634618,5.615032174,5.287876101,5.946669508
UKENMI_ST_TP000241,48,15,30/08/2021,5.799759233,5.477764399,5.147956835,5.806238543
UKENMI_ST_TP000241,48,16,06/09/2021,5.722883847,5.553352948,5.223678657,5.881516583
UKENMI_ST_TP000241,48,17,13/09/2021,5.379323349,5.630368764,5.297325001,5.957398869
UKENMI_ST_TP000241,48,18,20/09/2021,5.03576285,5.404101003,5.069035577,5.730345814
UKENMI_ST_TP000241,48,19,27/09/2021,5.322024269,5.296311389,4.966441527,5.624341063
UKENMI_ST_TP000241,48,20,04/10/2021,5.608285687,5.232259402,4.904966263,5.564600572
UKENMI_ST_TP000241,48,21,11/10/2021,5.777773783,5.266426904,4.939682179,5.60635767
UKENMI_ST_TP000241,48,22,18/10/2021,5.947261878,5.199254845,4.872144785,5.53985218
UKENMI_ST_TP000241,48,23,25/10/2021,5.795542683,5.26180263,4.935548949,5.598607126
UKENMI_ST_TP000241,48,24,01/11/2021,5.643823487,5.35813047,5.030165841,5.687850269
UKENMI_ST_TP000241,48,25,08/11/2021,5.542059951,5.493721002,5.163016548,5.821816599
UKENMI_ST_TP000241,48,26,15/11/2021,5.440296414,5.423764483,5.095956908,5.754403823
UKENMI_ST_TP000241,48,27,22/11/2021,5.20271594,5.328124515,5.00091659,5.661382677
UKENMI_ST_TP000241,48,28,29/11/2021,4.965135465,5.327964261,4.998997579,5.657140732
UKENMI_ST_TP000241,48,29,06/12/2021,4.965796523,5.348551541,5.018093828,5.676302419
UKENMI_ST_TP000241,48,30,13/12/2021,4.966457581,5.227273683,4.894270755,5.554866574
UKENMI_ST_TP000241,48,31,20/12/2021,5.400314077,5.186246825,4.854214658,5.515175736
UKENMI_ST_TP000241,48,32,27/12/2021,5.834170573,5.37448403,5.047235052,5.707056278
UKENMI_ST_TP000241,48,33,03/01/2022,5.569903835,5.410093292,5.081446919,5.739362773
UKENMI_ST_TP000241,48,34,10/01/2022,5.305637096,5.209522746,4.882384235,5.540735037
UKENMI_ST_TP000241,48,35,17/01/2022,4.750933806,4.952599895,4.623690375,5.282255482
UKENMI_ST_TP000241,48,36,24/01/2022,4.196230515,4.8690893,4.534742108,5.195914668
UKENMI_ST_TP000241,48,37,31/01/2022,4.824993278,5.013629488,4.68286623,5.341555483
UKENMI_ST_TP000241,48,38,07/02/2022,5.453756041,5.247798051,4.919578999,5.577747879
UKENMI_ST_TP000241,48,39,14/02/2022,5.170459714,5.41675175,5.085528145,5.743839715
UKENMI_ST_TP000241,48,40,21/02/2022,4.887163387,5.524893274,5.188785575,5.851292788
UKENMI_ST_TP000241,48,41,28/02/2022,5.230034963,5.672226295,5.34030701,5.999455622
UKENMI_ST_TP000241,48,42,07/03/2022,5.572906538,5.648871091,5.318565851,5.976399778
UKENMI_ST_TP000241,48,43,14/03/2022,5.814168477,5.682044688,5.35228059,6.010361339
UKENMI_ST_TP000241,48,44,21/03/2022,6.055430416,5.636672579,5.308804778,5.966613621
UKENMI_ST_TP000241,48,45,28/03/2022,6.055430416,5.609324577,5.281196039,5.938743901
UKENMI_ST_TP000256,49,1,24/05/2021,NA,4.362477419,3.939068516,4.786367431
UKENMI_ST_TP000256,49,2,31/05/2021,5.022753245,4.531587529,4.204183115,4.872233047
UKENMI_ST_TP000256,49,3,07/06/2021,5.022753245,4.57717578,4.250378214,4.915710295
UKENMI_ST_TP000256,49,4,14/06/2021,5.061609825,4.73580678,4.40951564,5.072176307
UKENMI_ST_TP000256,49,5,21/06/2021,5.100466404,4.865878067,4.539653753,5.201427192
UKENMI_ST_TP000256,49,6,28/06/2021,5.077592719,4.984057376,4.657357008,5.314847754
UKENMI_ST_TP000256,49,7,05/07/2021,5.054719033,5.085091932,4.755125973,5.412318484
UKENMI_ST_TP000256,49,8,12/07/2021,5.060029893,5.066105546,4.735409205,5.393026503
UKENMI_ST_TP000256,49,9,19/07/2021,5.065340753,5.056216763,4.726087806,5.383246876
UKENMI_ST_TP000256,49,10,26/07/2021,5.316535886,5.256795648,4.925232856,5.583496827
UKENMI_ST_TP000256,49,11,02/08/2021,5.567731019,5.52411752,5.188632041,5.851921692
UKENMI_ST_TP000256,49,12,09/08/2021,6.191659004,5.584496054,5.257140229,5.916455098
UKENMI_ST_TP000256,49,13,16/08/2021,6.815586989,5.666675503,5.337322548,6.01288985
UKENMI_ST_TP000256,49,14,23/08/2021,5.967087806,5.515280466,5.189098817,5.848570575
UKENMI_ST_TP000256,49,15,30/08/2021,5.118588623,5.370554162,5.040087156,5.697553043
UKENMI_ST_TP000256,49,16,06/09/2021,5.225209854,5.469976011,5.14083959,5.797539695
UKENMI_ST_TP000256,49,17,13/09/2021,5.331831085,5.581561194,5.251796478,5.909528771
UKENMI_ST_TP000256,49,18,20/09/2021,5.223612585,5.293838253,4.959256547,5.619796884
UKENMI_ST_TP000256,49,19,27/09/2021,5.115394084,5.062822444,4.72019849,5.390396259
UKENMI_ST_TP000256,49,20,04/10/2021,5.439245628,5.118737785,4.790353934,5.447296736
UKENMI_ST_TP000256,49,21,11/10/2021,5.763097172,5.24673523,4.919583094,5.588342761
UKENMI_ST_TP000256,49,22,18/10/2021,5.471717457,5.174153793,4.847967858,5.510469878
UKENMI_ST_TP000256,49,23,25/10/2021,5.180337742,5.159919521,4.832289098,5.488690213
UKENMI_ST_TP000256,49,24,01/11/2021,5.143801328,5.260660077,4.92987988,5.587450381
UKENMI_ST_TP000256,49,25,08/11/2021,5.107264914,5.380964057,5.044670768,5.707874485
UKENMI_ST_TP000256,49,26,15/11/2021,5.193239581,5.282931362,4.951734782,5.609508257
UKENMI_ST_TP000256,49,27,22/11/2021,5.279214247,5.176862607,4.847914606,5.505030078
UKENMI_ST_TP000256,49,28,29/11/2021,5.01613912,5.191098007,4.860445392,5.517674231
UKENMI_ST_TP000256,49,29,06/12/2021,4.753063993,5.218252814,4.885962948,5.544458593
UKENMI_ST_TP000256,49,30,13/12/2021,4.07770084,5.107468322,4.771032638,5.433736863
UKENMI_ST_TP000256,49,31,20/12/2021,3.402337687,5.035252694,4.692693608,5.362720058
UKENMI_ST_TP000256,49,32,27/12/2021,4.185807531,5.178589037,4.844801797,5.504955165
UKENMI_ST_TP000256,49,33,03/01/2022,4.969277375,5.213108174,4.881074699,5.539449065
UKENMI_ST_TP000256,49,34,10/01/2022,5.049703111,5.09392417,4.766072203,5.422367194
UKENMI_ST_TP000256,49,35,17/01/2022,5.130128847,4.932473907,4.60581221,5.263983125
UKENMI_ST_TP000256,49,36,24/01/2022,5.061449991,4.872190941,4.545172129,5.203707688
UKENMI_ST_TP000256,49,37,31/01/2022,4.992771134,4.921165248,4.592934523,5.250814211
UKENMI_ST_TP000256,49,38,07/02/2022,5.245803197,5.139993997,4.812365179,5.470004423
UKENMI_ST_TP000256,49,39,14/02/2022,5.498835259,5.332921515,5.006099063,5.663583736
UKENMI_ST_TP000256,49,40,21/02/2022,5.746259708,5.452925855,5.125717302,5.783490958
UKENMI_ST_TP000256,49,41,28/02/2022,5.993684156,5.584411643,5.25780601,5.915439325
UKENMI_ST_TP000256,49,42,07/03/2022,5.478813664,5.514761301,5.184043273,5.841484704
UKENMI_ST_TP000256,49,43,14/03/2022,4.963943171,5.510274693,5.17576892,5.836386016
UKENMI_ST_TP000256,49,44,21/03/2022,5.331734974,5.495310872,5.165169168,5.822304858
UKENMI_ST_TP000256,49,45,28/03/2022,5.699526777,5.543857378,5.217475251,5.875459371
UKENNE_NU_TP000012,50,1,24/05/2021,NA,4.208902863,3.759867594,4.658642245
UKENNE_NU_TP000012,50,2,31/05/2021,3.504627784,4.166265793,3.822988492,4.507873225
UKENNE_NU_TP000012,50,3,07/06/2021,3.944549901,4.281491409,3.939867852,4.623523294
UKENNE_NU_TP000012,50,4,14/06/2021,3.944549901,4.3904234,4.048520831,4.73076541
UKENNE_NU_TP000012,50,5,21/06/2021,4.384472018,4.558938349,4.221083376,4.897786719
UKENNE_NU_TP000012,50,6,28/06/2021,5.084801029,4.735832723,4.398375106,5.075428364
UKENNE_NU_TP000012,50,7,05/07/2021,5.084801029,4.7023979,4.362689615,5.041704801
UKENNE_NU_TP000012,50,8,12/07/2021,5.054159951,4.746638777,4.407862401,5.087604743
UKENNE_NU_TP000012,50,9,19/07/2021,5.023518873,4.795229417,4.456406688,5.138243322
UKENNE_NU_TP000012,50,10,26/07/2021,5.036214969,4.821294164,4.480016187,5.159513587
UKENNE_NU_TP000012,50,11,02/08/2021,5.048911064,4.862591857,4.512545964,5.201513825
UKENNE_NU_TP000012,50,12,09/08/2021,5.3631133,5.117656462,4.77697143,5.454830325
UKENNE_NU_TP000012,50,13,16/08/2021,5.677315536,5.370332896,5.033334099,5.712057283
UKENNE_NU_TP000012,50,14,23/08/2021,5.406419333,5.37713949,5.039738396,5.71681302
UKENNE_NU_TP000012,50,15,30/08/2021,5.13552313,5.354440678,5.016317445,5.694200233
UKENNE_NU_TP000012,50,16,06/09/2021,5.33963745,5.391007808,5.054014749,5.731887041
UKENNE_NU_TP000012,50,17,13/09/2021,5.54375177,5.428918373,5.092033181,5.771648852
UKENNE_NU_TP000012,50,18,20/09/2021,5.639920911,5.342856114,5.005504534,5.683551716
UKENNE_NU_TP000012,50,19,27/09/2021,5.736090051,5.229969517,4.892541519,5.570752336
UKENNE_NU_TP000012,50,20,04/10/2021,5.733305735,5.107024222,4.769971059,5.446860938
UKENNE_NU_TP000012,50,21,11/10/2021,5.730521419,5.000128564,4.662239568,5.33881973
UKENNE_NU_TP000012,50,22,18/10/2021,5.426918895,5.051855604,4.714473938,5.390951873
UKENNE_NU_TP000012,50,23,25/10/2021,5.123316371,5.124822713,4.787448181,5.46591999
UKENNE_NU_TP000012,50,24,01/11/2021,5.182867911,5.108557505,4.774043093,5.448202616
UKENNE_NU_TP000012,50,25,08/11/2021,5.242419451,5.109230252,4.774219401,5.448916315
UKENNE_NU_TP000012,50,26,15/11/2021,5.335398889,5.141250987,4.806497751,5.479800063
UKENNE_NU_TP000012,50,27,22/11/2021,5.428378326,5.140481126,4.805872035,5.480630902
UKENNE_NU_TP000012,50,28,29/11/2021,5.5592857,5.204145849,4.880624369,5.53410864
UKENNE_NU_TP000012,50,29,06/12/2021,5.690193074,5.230095652,4.906829366,5.559949088
UKENNE_NU_TP000012,50,30,13/12/2021,4.942200569,5.104364621,4.779793798,5.429510501
UKENNE_NU_TP000012,50,31,20/12/2021,4.194208063,5.005129797,4.674196012,5.32919073
UKENNE_NU_TP000012,50,32,27/12/2021,3.801402,5.029284591,4.695405526,5.353769476
UKENNE_NU_TP000012,50,33,03/01/2022,3.408595936,4.961644452,4.620035932,5.289304439
UKENNE_NU_TP000012,50,34,10/01/2022,4.362336738,4.969776624,4.638345633,5.293783091
UKENNE_NU_TP000012,50,35,17/01/2022,5.316077539,4.917183627,4.591425907,5.241314922
UKENNE_NU_TP000012,50,36,24/01/2022,5.124498523,4.891080002,4.565766496,5.215526175
UKENNE_NU_TP000012,50,37,31/01/2022,4.932919506,4.933015318,4.608480428,5.258101907
UKENNE_NU_TP000012,50,38,07/02/2022,3.96457153,4.837593232,4.510110416,5.162006749
UKENNE_NU_TP000012,50,39,14/02/2022,2.996223554,4.766037849,4.428212759,5.093337888
UKENNE_NU_TP000012,50,40,21/02/2022,4.590660985,5.187916575,4.859973755,5.511476623
UKENNE_NU_TP000012,50,41,28/02/2022,6.185098415,5.530138193,5.206168097,5.85653163
UKENNE_NU_TP000012,50,42,07/03/2022,5.944734837,5.51665093,5.191236608,5.841481788
UKENNE_NU_TP000012,50,43,14/03/2022,5.704371259,5.544335654,5.218111184,5.868619419
UKENNE_NU_TP000012,50,44,21/03/2022,5.974905629,5.520151983,5.195376402,5.846179451
UKENNE_NU_TP000012,50,45,28/03/2022,6.245439999,5.472094077,5.148376847,5.800904844
UKENNE_NU_TP000028,51,1,24/05/2021,NA,4.107735778,3.661192874,4.553658629
UKENNE_NU_TP000028,51,2,31/05/2021,NA,4.031759052,3.678676646,4.380140861
UKENNE_NU_TP000028,51,3,07/06/2021,NA,4.125780601,3.773195149,4.473847269
UKENNE_NU_TP000028,51,4,14/06/2021,NA,4.220155536,3.865346817,4.567873625
UKENNE_NU_TP000028,51,5,21/06/2021,4.976490082,4.413022797,4.084736277,4.739191389
UKENNE_NU_TP000028,51,6,28/06/2021,4.976490082,4.605323763,4.278578319,4.932730795
UKENNE_NU_TP000028,51,7,05/07/2021,4.727189567,4.595026381,4.266686045,4.924198628
UKENNE_NU_TP000028,51,8,12/07/2021,4.477889051,4.569852876,4.239869813,4.897307564
UKENNE_NU_TP000028,51,9,19/07/2021,4.122174878,4.553890966,4.218921186,4.881157912
UKENNE_NU_TP000028,51,10,26/07/2021,3.766460705,4.652362412,4.317731877,4.979738315
UKENNE_NU_TP000028,51,11,02/08/2021,4.004613532,4.806853799,4.475946402,5.134264127
UKENNE_NU_TP000028,51,12,09/08/2021,4.242766358,4.992816455,4.662544965,5.318910798
UKENNE_NU_TP000028,51,13,16/08/2021,4.773031893,5.196887733,4.867573313,5.523404392
UKENNE_NU_TP000028,51,14,23/08/2021,5.303297427,5.253931365,4.927605629,5.581711108
UKENNE_NU_TP000028,51,15,30/08/2021,5.326548251,5.253043615,4.926698612,5.582850119
UKENNE_NU_TP000028,51,16,06/09/2021,5.349799075,5.270584159,4.944694847,5.599708747
UKENNE_NU_TP000028,51,17,13/09/2021,5.508175574,5.295628666,4.969653095,5.625356508
UKENNE_NU_TP000028,51,18,20/09/2021,5.666552072,5.247395016,4.921436992,5.578269304
UKENNE_NU_TP000028,51,19,27/09/2021,5.597896566,5.163683805,4.837193706,5.496182514
UKENNE_NU_TP000028,51,20,04/10/2021,5.52924106,5.019098288,4.693079467,5.347418559
UKENNE_NU_TP000028,51,21,11/10/2021,5.08483096,4.854223168,4.524228934,5.180022141
UKENNE_NU_TP000028,51,22,18/10/2021,4.64042086,4.878199146,4.548002996,5.204086571
UKENNE_NU_TP000028,51,23,25/10/2021,4.670531016,4.95713699,4.629482534,5.284023429
UKENNE_NU_TP000028,51,24,01/11/2021,4.700641171,4.945212311,4.626126397,5.263119488
UKENNE_NU_TP000028,51,25,08/11/2021,5.074402848,4.967442745,4.648646488,5.286340375
UKENNE_NU_TP000028,51,26,15/11/2021,5.448164524,5.050825721,4.733269479,5.371210367
UKENNE_NU_TP000028,51,27,22/11/2021,5.098786645,5.050088873,4.731455641,5.371460316
UKENNE_NU_TP000028,51,28,29/11/2021,4.749408765,5.063493691,4.746355347,5.380687441
UKENNE_NU_TP000028,51,29,06/12/2021,4.43124667,5.059299518,4.740943729,5.375187309
UKENNE_NU_TP000028,51,30,13/12/2021,4.113084575,4.946435796,4.625920685,5.262292161
UKENNE_NU_TP000028,51,31,20/12/2021,4.530378438,4.913313654,4.593556457,5.230285117
UKENNE_NU_TP000028,51,32,27/12/2021,4.947672301,5.003647185,4.687273134,5.321126879
UKENNE_NU_TP000028,51,33,03/01/2022,5.190022549,5.025994955,4.710281338,5.346568701
UKENNE_NU_TP000028,51,34,10/01/2022,5.432372797,4.962649935,4.64678739,5.282249805
UKENNE_NU_TP000028,51,35,17/01/2022,5.261510128,4.852180452,4.535738644,5.170396879
UKENNE_NU_TP000028,51,36,24/01/2022,5.090647459,4.813614713,4.496906508,5.131473408
UKENNE_NU_TP000028,51,37,31/01/2022,4.772940516,4.841825837,4.52379595,5.158490219
UKENNE_NU_TP000028,51,38,07/02/2022,4.455233572,4.721945622,4.400869121,5.039781016
UKENNE_NU_TP000028,51,39,14/02/2022,4.865521313,4.69216697,4.369952987,5.012288069
UKENNE_NU_TP000028,51,40,21/02/2022,5.275809054,5.064485139,4.746121874,5.381461225
UKENNE_NU_TP000028,51,41,28/02/2022,5.535694406,5.380031197,5.063103635,5.697016253
UKENNE_NU_TP000028,51,42,07/03/2022,5.795579758,5.431297342,5.115259564,5.750147185
UKENNE_NU_TP000028,51,43,14/03/2022,5.827078188,5.479978119,5.164053463,5.79978359
UKENNE_NU_TP000028,51,44,21/03/2022,5.858576618,5.427159978,5.111245412,5.748108138
UKENNE_NU_TP000028,51,45,28/03/2022,5.03574668,5.31053457,4.994260565,5.628294867
UKENNE_NU_TP000030,52,1,24/05/2021,NA,4.545298669,4.112704494,4.977799111
UKENNE_NU_TP000030,52,2,31/05/2021,3.50831687,4.464662754,4.13722804,4.78657054
UKENNE_NU_TP000030,52,3,07/06/2021,3.856749478,4.567962622,4.242218946,4.889289238
UKENNE_NU_TP000030,52,4,14/06/2021,3.856749478,4.666406526,4.338260561,4.987783128
UKENNE_NU_TP000030,52,5,21/06/2021,4.205182086,4.848618583,4.532556277,5.160760194
UKENNE_NU_TP000030,52,6,28/06/2021,4.785042564,5.049742338,4.736626294,5.362869914
UKENNE_NU_TP000030,52,7,05/07/2021,4.785042564,5.029657161,4.715022884,5.344007058
UKENNE_NU_TP000030,52,8,12/07/2021,4.660428154,5.028763404,4.713365365,5.342417939
UKENNE_NU_TP000030,52,9,19/07/2021,4.535813744,5.034481551,4.71748076,5.347151608
UKENNE_NU_TP000030,52,10,26/07/2021,4.827366273,5.107266641,4.788654769,5.420532066
UKENNE_NU_TP000030,52,11,02/08/2021,5.118918801,5.219461178,4.900488896,5.533223411
UKENNE_NU_TP000030,52,12,09/08/2021,5.394874867,5.433739286,5.118052023,5.746074295
UKENNE_NU_TP000030,52,13,16/08/2021,5.670830932,5.657597155,5.344158676,5.970726504
UKENNE_NU_TP000030,52,14,23/08/2021,5.834919772,5.699767716,5.387428765,6.01423968
UKENNE_NU_TP000030,52,15,30/08/2021,5.999008611,5.703842958,5.391319317,6.020522797
UKENNE_NU_TP000030,52,16,06/09/2021,6.182762918,5.727975505,5.415644986,6.04540882
UKENNE_NU_TP000030,52,17,13/09/2021,6.366517224,5.75840257,5.445633937,6.07738553
UKENNE_NU_TP000030,52,18,20/09/2021,6.162261186,5.691646836,5.379207777,6.009362086
UKENNE_NU_TP000030,52,19,27/09/2021,5.958005148,5.592814509,5.27999385,5.91087368
UKENNE_NU_TP000030,52,20,04/10/2021,4.667857981,5.43290629,5.1187227,5.74573598
UKENNE_NU_TP000030,52,21,11/10/2021,3.377710814,5.260366856,4.935351028,5.574852028
UKENNE_NU_TP000030,52,22,18/10/2021,4.626837879,5.326891371,5.010115764,5.639210497
UKENNE_NU_TP000030,52,23,25/10/2021,5.875964944,5.431377059,5.119029195,5.746752283
UKENNE_NU_TP000030,52,24,01/11/2021,5.66918124,5.411494181,5.106237264,5.719074947
UKENNE_NU_TP000030,52,25,08/11/2021,5.462397535,5.41891186,5.112892001,5.726756858
UKENNE_NU_TP000030,52,26,15/11/2021,5.839856474,5.489538676,5.184268753,5.798394716
UKENNE_NU_TP000030,52,27,22/11/2021,6.217315413,5.496472986,5.189369036,5.80894245
UKENNE_NU_TP000030,52,28,29/11/2021,5.914935768,5.519925148,5.218322039,5.824774101
UKENNE_NU_TP000030,52,29,06/12/2021,5.612556123,5.521081676,5.219170666,5.823754623
UKENNE_NU_TP000030,52,30,13/12/2021,5.353871934,5.402645419,5.098777343,5.704170843
UKENNE_NU_TP000030,52,31,20/12/2021,5.095187745,5.342959991,5.036464515,5.645419748
UKENNE_NU_TP000030,52,32,27/12/2021,5.542562198,5.420277237,5.115944675,5.723249296
UKENNE_NU_TP000030,52,33,03/01/2022,5.989936651,5.425455464,5.123360943,5.729057961
UKENNE_NU_TP000030,52,34,10/01/2022,5.706862849,5.376273912,5.074151198,5.679424277
UKENNE_NU_TP000030,52,35,17/01/2022,5.423789046,5.280162531,4.977565797,5.583190728
UKENNE_NU_TP000030,52,36,24/01/2022,5.27334345,5.246972724,4.944278972,5.549980897
UKENNE_NU_TP000030,52,37,31/01/2022,5.122897853,5.28057791,4.97743851,5.582920344
UKENNE_NU_TP000030,52,38,07/02/2022,5.338959262,5.175500872,4.871069429,5.47906603
UKENNE_NU_TP000030,52,39,14/02/2022,5.555020671,5.132553573,4.824794355,5.439433518
UKENNE_NU_TP000030,52,40,21/02/2022,5.922261191,5.517048883,5.213500118,5.820285543
UKENNE_NU_TP000030,52,41,28/02/2022,6.289501711,5.839921276,5.537905557,6.143409779
UKENNE_NU_TP000030,52,42,07/03/2022,6.275198227,5.874343063,5.572510867,6.178868597
UKENNE_NU_TP000030,52,43,14/03/2022,6.260894743,5.919046996,5.617345211,6.224126546
UKENNE_NU_TP000030,52,44,21/03/2022,6.265509395,5.870484179,5.56884653,6.176679411
UKENNE_NU_TP000030,52,45,28/03/2022,6.270124047,5.777055139,5.475592267,6.082528779
UKENNE_NU_TP000031,53,1,24/05/2021,NA,3.791815967,3.34782168,4.235115511
UKENNE_NU_TP000031,53,2,31/05/2021,3.65000043,3.72809854,3.383864824,4.070376997
UKENNE_NU_TP000031,53,3,07/06/2021,3.914189808,3.818109677,3.474258618,4.160087827
UKENNE_NU_TP000031,53,4,14/06/2021,3.914189808,3.914099394,3.56876022,4.25540591
UKENNE_NU_TP000031,53,5,21/06/2021,4.178379186,4.092987967,3.758509555,4.424870065
UKENNE_NU_TP000031,53,6,28/06/2021,3.877867468,4.269252467,3.935617868,4.60161455
UKENNE_NU_TP000031,53,7,05/07/2021,3.877867468,4.278340114,3.944153261,4.613226049
UKENNE_NU_TP000031,53,8,12/07/2021,3.635568283,4.242523436,3.906723441,4.575545534
UKENNE_NU_TP000031,53,9,19/07/2021,3.393269098,4.227093852,3.886452333,4.559778193
UKENNE_NU_TP000031,53,10,26/07/2021,4.077944209,4.368696348,4.03292215,4.701512208
UKENNE_NU_TP000031,53,11,02/08/2021,4.76261932,4.546996968,4.212660255,4.884650237
UKENNE_NU_TP000031,53,12,09/08/2021,4.983198193,4.707100888,4.374255058,5.040895438
UKENNE_NU_TP000031,53,13,16/08/2021,5.203777066,4.879282328,4.54610059,5.212034288
UKENNE_NU_TP000031,53,14,23/08/2021,5.13092782,4.91933219,4.587319705,5.253032076
UKENNE_NU_TP000031,53,15,30/08/2021,5.058078574,4.920540098,4.588371257,5.255874052
UKENNE_NU_TP000031,53,16,06/09/2021,4.897507389,4.930633892,4.598494531,5.264548401
UKENNE_NU_TP000031,53,17,13/09/2021,4.736936203,4.942131296,4.609442549,5.27550725
UKENNE_NU_TP000031,53,18,20/09/2021,4.824554742,4.897487053,4.565205079,5.231859406
UKENNE_NU_TP000031,53,19,27/09/2021,4.912173281,4.822618297,4.490283853,5.158971201
UKENNE_NU_TP000031,53,20,04/10/2021,4.86070734,4.70112783,4.369502114,5.035724781
UKENNE_NU_TP000031,53,21,11/10/2021,4.809241398,4.568585939,4.236066795,4.90153888
UKENNE_NU_TP000031,53,22,18/10/2021,4.641300061,4.570862535,4.237319107,4.902822568
UKENNE_NU_TP000031,53,23,25/10/2021,4.473358724,4.617201088,4.283186407,4.949647743
UKENNE_NU_TP000031,53,24,01/11/2021,4.380261633,4.612694127,4.285862273,4.937806393
UKENNE_NU_TP000031,53,25,08/11/2021,4.287164541,4.637720126,4.310705694,4.963297373
UKENNE_NU_TP000031,53,26,15/11/2021,4.61785846,4.716530452,4.390815376,5.042950666
UKENNE_NU_TP000031,53,27,22/11/2021,4.948552378,4.72404689,4.398181442,5.052163428
UKENNE_NU_TP000031,53,28,29/11/2021,5.020497621,4.739623533,4.41501751,5.06548527
UKENNE_NU_TP000031,53,29,06/12/2021,5.092442863,4.750152317,4.425299392,5.075248132
UKENNE_NU_TP000031,53,30,13/12/2021,4.987200049,4.65060679,4.325468242,4.975658945
UKENNE_NU_TP000031,53,31,20/12/2021,4.881957234,4.622592516,4.296517715,4.950055446
UKENNE_NU_TP000031,53,32,27/12/2021,5.103325016,4.702521366,4.378534872,5.030281811
UKENNE_NU_TP000031,53,33,03/01/2022,5.324692797,4.728793099,4.404700333,5.060160664
UKENNE_NU_TP000031,53,34,10/01/2022,5.180304709,4.648264556,4.324240782,4.976710854
UKENNE_NU_TP000031,53,35,17/01/2022,5.03591662,4.533875218,4.209222836,4.860814038
UKENNE_NU_TP000031,53,36,24/01/2022,4.901591168,4.490687372,4.165609133,4.81703189
UKENNE_NU_TP000031,53,37,31/01/2022,4.767265716,4.52231173,4.196016093,4.847459316
UKENNE_NU_TP000031,53,38,07/02/2022,3.587790669,4.397256053,4.065277894,4.723513848
UKENNE_NU_TP000031,53,39,14/02/2022,2.408315622,4.355095623,4.018878018,4.682137161
UKENNE_NU_TP000031,53,40,21/02/2022,3.836121828,4.724979736,4.395068907,5.049331084
UKENNE_NU_TP000031,53,41,28/02/2022,5.263928033,5.034938369,4.709205153,5.359958456
UKENNE_NU_TP000031,53,42,07/03/2022,5.151234537,5.088459249,4.763290242,5.414198439
UKENNE_NU_TP000031,53,43,14/03/2022,5.03854104,5.134179536,4.809065154,5.460199756
UKENNE_NU_TP000031,53,44,21/03/2022,5.151194858,5.074525444,4.750044895,5.401399974
UKENNE_NU_TP000031,53,45,28/03/2022,5.263848675,4.971201019,4.647000581,5.297462773
UKENNE_NU_TP000039,54,1,24/05/2021,NA,4.700529957,4.249550036,5.152337678
UKENNE_NU_TP000039,54,2,31/05/2021,NA,4.663029688,4.298951839,5.027092554
UKENNE_NU_TP000039,54,3,07/06/2021,NA,4.778137791,4.414993774,5.142209447
UKENNE_NU_TP000039,54,4,14/06/2021,NA,4.889173112,4.526838615,5.251718249
UKENNE_NU_TP000039,54,5,21/06/2021,NA,5.052085944,4.692523471,5.413152627
UKENNE_NU_TP000039,54,6,28/06/2021,NA,5.223583468,4.863913003,5.585206915
UKENNE_NU_TP000039,54,7,05/07/2021,NA,5.202477302,4.84100248,5.564765266
UKENNE_NU_TP000039,54,8,12/07/2021,NA,5.244242525,4.8825223,5.607778835
UKENNE_NU_TP000039,54,9,19/07/2021,NA,5.288133044,4.926290539,5.65268229
UKENNE_NU_TP000039,54,10,26/07/2021,NA,5.331222222,4.969581214,5.692402841
UKENNE_NU_TP000039,54,11,02/08/2021,NA,5.384582828,5.019978607,5.745341561
UKENNE_NU_TP000039,54,12,09/08/2021,NA,5.621270725,5.260835566,5.981095615
UKENNE_NU_TP000039,54,13,16/08/2021,NA,5.856172434,5.496208513,6.219123259
UKENNE_NU_TP000039,54,14,23/08/2021,NA,5.862955371,5.503781675,6.224060584
UKENNE_NU_TP000039,54,15,30/08/2021,NA,5.833519885,5.473493804,6.195254701
UKENNE_NU_TP000039,54,16,06/09/2021,NA,5.873435879,5.513927827,6.235697292
UKENNE_NU_TP000039,54,17,13/09/2021,NA,5.911299568,5.551737485,6.274464306
UKENNE_NU_TP000039,54,18,20/09/2021,NA,5.824230494,5.464927795,6.186059195
UKENNE_NU_TP000039,54,19,27/09/2021,NA,5.708316745,5.349017624,6.070209197
UKENNE_NU_TP000039,54,20,04/10/2021,NA,5.589079176,5.229949225,5.950497251
UKENNE_NU_TP000039,54,21,11/10/2021,NA,5.494996665,5.13554983,5.855636579
UKENNE_NU_TP000039,54,22,18/10/2021,NA,5.54006751,5.181052868,5.900705683
UKENNE_NU_TP000039,54,23,25/10/2021,NA,5.608919123,5.24961775,5.970845057
UKENNE_NU_TP000039,54,24,01/11/2021,NA,5.596788888,5.239313113,5.957524905
UKENNE_NU_TP000039,54,25,08/11/2021,NA,5.600423159,5.242396393,5.961570602
UKENNE_NU_TP000039,54,26,15/11/2021,NA,5.626293203,5.268897174,5.986368692
UKENNE_NU_TP000039,54,27,22/11/2021,5.697291888,5.619045639,5.274294402,5.966910477
UKENNE_NU_TP000039,54,28,29/11/2021,5.697291888,5.684670796,5.347293979,6.025196525
UKENNE_NU_TP000039,54,29,06/12/2021,5.822551632,5.710777715,5.373657479,6.051181155
UKENNE_NU_TP000039,54,30,13/12/2021,5.947811375,5.598196322,5.262156395,5.935232624
UKENNE_NU_TP000039,54,31,20/12/2021,5.947811375,5.510362191,5.171714195,5.847091924
UKENNE_NU_TP000039,54,32,27/12/2021,6.008263766,5.525438408,5.185878495,5.862016148
UKENNE_NU_TP000039,54,33,03/01/2022,5.30207053,5.455449744,5.111547881,5.794378791
UKENNE_NU_TP000039,54,34,10/01/2022,5.30207053,5.456595276,5.117820592,5.793069235
UKENNE_NU_TP000039,54,35,17/01/2022,4.854837495,5.394707424,5.058274843,5.731116954
UKENNE_NU_TP000039,54,36,24/01/2022,5.113797697,5.366785883,5.03032545,5.703508841
UKENNE_NU_TP000039,54,37,31/01/2022,5.515650621,5.409136352,5.072431355,5.746876884
UKENNE_NU_TP000039,54,38,07/02/2022,5.917503544,5.342412868,5.004428849,5.68023729
UKENNE_NU_TP000039,54,39,14/02/2022,6.009558877,5.299171551,4.956891897,5.638406377
UKENNE_NU_TP000039,54,40,21/02/2022,6.10161421,5.691405842,5.354059814,6.027811515
UKENNE_NU_TP000039,54,41,28/02/2022,5.798500459,6.006454624,5.670288933,6.344056825
UKENNE_NU_TP000039,54,42,07/03/2022,5.495386707,5.989555374,5.652930598,6.326419794
UKENNE_NU_TP000039,54,43,14/03/2022,5.57540114,6.021195198,5.684448955,6.357669808
UKENNE_NU_TP000039,54,44,21/03/2022,5.655415572,5.994451937,5.65826092,6.331602242
UKENNE_NU_TP000039,54,45,28/03/2022,5.655415572,5.947983556,5.611899532,6.286506328
UKENNE_NU_TP000046,55,1,24/05/2021,NA,4.535123841,4.108784511,4.961648408
UKENNE_NU_TP000046,55,2,31/05/2021,5.097258986,4.48817505,4.170725166,4.803958672
UKENNE_NU_TP000046,55,3,07/06/2021,5.097258986,4.598825068,4.282614517,4.914504919
UKENNE_NU_TP000046,55,4,14/06/2021,5.226994195,4.705979008,4.389524272,5.020494763
UKENNE_NU_TP000046,55,5,21/06/2021,5.356729404,4.875889546,4.56442703,5.187087542
UKENNE_NU_TP000046,55,6,28/06/2021,4.607293385,5.058947377,4.747978163,5.371105918
UKENNE_NU_TP000046,55,7,05/07/2021,3.857857366,5.029463133,4.716520116,5.34203174
UKENNE_NU_TP000046,55,8,12/07/2021,4.604233253,5.063322304,4.750393016,5.376821905
UKENNE_NU_TP000046,55,9,19/07/2021,5.350609139,5.10088019,4.788571759,5.414437924
UKENNE_NU_TP000046,55,10,26/07/2021,4.348743401,5.13839841,4.824204264,5.449863124
UKENNE_NU_TP000046,55,11,02/08/2021,3.346877663,5.196375113,4.876195459,5.509571005
UKENNE_NU_TP000046,55,12,09/08/2021,4.655774972,5.440990846,5.127691443,5.751799547
UKENNE_NU_TP000046,55,13,16/08/2021,5.96467228,5.686773889,5.375797832,6.000435665
UKENNE_NU_TP000046,55,14,23/08/2021,5.940419416,5.70030088,5.389610021,6.012977334
UKENNE_NU_TP000046,55,15,30/08/2021,5.916166551,5.683443205,5.372178898,5.996772663
UKENNE_NU_TP000046,55,16,06/09/2021,5.96082923,5.716460789,5.405768006,6.030413435
UKENNE_NU_TP000046,55,17,13/09/2021,6.005491908,5.751329797,5.44025852,6.066734161
UKENNE_NU_TP000046,55,18,20/09/2021,5.6668225,5.669937466,5.359073022,5.983806788
UKENNE_NU_TP000046,55,19,27/09/2021,5.328153092,5.559120783,5.248131758,5.873121615
UKENNE_NU_TP000046,55,20,04/10/2021,5.151630535,5.432412159,5.121744426,5.744682019
UKENNE_NU_TP000046,55,21,11/10/2021,4.975107978,5.313707098,5.001743213,5.624804793
UKENNE_NU_TP000046,55,22,18/10/2021,5.413842667,5.36620087,5.055034991,5.678039339
UKENNE_NU_TP000046,55,23,25/10/2021,5.852577355,5.44395023,5.133016729,5.757973706
UKENNE_NU_TP000046,55,24,01/11/2021,5.643914433,5.427505972,5.119897531,5.738537157
UKENNE_NU_TP000046,55,25,08/11/2021,5.435251511,5.428633605,5.120319396,5.73984297
UKENNE_NU_TP000046,55,26,15/11/2021,5.435251511,5.468915759,5.161414242,5.779081672
UKENNE_NU_TP000046,55,27,22/11/2021,NA,5.467315863,5.153489677,5.785137516
UKENNE_NU_TP000046,55,28,29/11/2021,5.950269133,5.521839049,5.223260355,5.824130587
UKENNE_NU_TP000046,55,29,06/12/2021,5.950269133,5.542683064,5.244703002,5.844053867
UKENNE_NU_TP000046,55,30,13/12/2021,5.577240986,5.421563781,5.123031896,5.719922936
UKENNE_NU_TP000046,55,31,20/12/2021,5.204212839,5.333739312,5.030230852,5.633102323
UKENNE_NU_TP000046,55,32,27/12/2021,5.422558158,5.369405795,5.064416357,5.669491627
UKENNE_NU_TP000046,55,33,03/01/2022,5.640903476,5.318602263,5.009916523,5.620598048
UKENNE_NU_TP000046,55,34,10/01/2022,5.445240153,5.313247536,5.011148702,5.612000731
UKENNE_NU_TP000046,55,35,17/01/2022,5.24957683,5.250150999,4.951006136,5.548798953
UKENNE_NU_TP000046,55,36,24/01/2022,5.318070996,5.223155675,4.924236427,5.522015939
UKENNE_NU_TP000046,55,37,31/01/2022,5.386565162,5.264477149,4.96601809,5.563363203
UKENNE_NU_TP000046,55,38,07/02/2022,5.112537988,5.164477508,4.863442351,5.463500525
UKENNE_NU_TP000046,55,39,14/02/2022,4.838510814,5.098588443,4.789964316,5.400882067
UKENNE_NU_TP000046,55,40,21/02/2022,5.418648542,5.511127316,5.210141208,5.809357367
UKENNE_NU_TP000046,55,41,28/02/2022,5.99878627,5.848765932,5.550457088,6.148524929
UKENNE_NU_TP000046,55,42,07/03/2022,6.04915433,5.84658224,5.547505724,6.145926707
UKENNE_NU_TP000046,55,43,14/03/2022,6.09952239,5.880076437,5.580914107,6.17900308
UKENNE_NU_TP000046,55,44,21/03/2022,6.093428881,5.846830194,5.548449488,6.146723638
UKENNE_NU_TP000046,55,45,28/03/2022,6.087335372,5.78783597,5.489745561,6.089218292
UKENNE_NU_TP000048,56,1,24/05/2021,NA,4.701335388,4.237360629,5.164613777
UKENNE_NU_TP000048,56,2,31/05/2021,NA,4.630589449,4.256845575,5.000675513
UKENNE_NU_TP000048,56,3,07/06/2021,NA,4.720168214,4.346202981,5.089743193
UKENNE_NU_TP000048,56,4,14/06/2021,NA,4.818234903,4.441964418,5.187658321
UKENNE_NU_TP000048,56,5,21/06/2021,NA,4.995505915,4.630332654,5.355047332
UKENNE_NU_TP000048,56,6,28/06/2021,NA,5.203490442,4.842795151,5.564196501
UKENNE_NU_TP000048,56,7,05/07/2021,NA,5.194758511,4.832810102,5.557898926
UKENNE_NU_TP000048,56,8,12/07/2021,NA,5.173012013,4.809888941,5.534539203
UKENNE_NU_TP000048,56,9,19/07/2021,NA,5.160232604,4.793965621,5.520829015
UKENNE_NU_TP000048,56,10,26/07/2021,NA,5.266508853,4.90140283,5.627699947
UKENNE_NU_TP000048,56,11,02/08/2021,NA,5.417014609,5.053771364,5.779502012
UKENNE_NU_TP000048,56,12,09/08/2021,NA,5.599930159,5.237745147,5.960153581
UKENNE_NU_TP000048,56,13,16/08/2021,NA,5.795632256,5.433675389,6.155554178
UKENNE_NU_TP000048,56,14,23/08/2021,NA,5.84655742,5.486645881,6.207626519
UKENNE_NU_TP000048,56,15,30/08/2021,NA,5.852033699,5.492113963,6.215518684
UKENNE_NU_TP000048,56,16,06/09/2021,NA,5.865137342,5.505540285,6.22786774
UKENNE_NU_TP000048,56,17,13/09/2021,NA,5.883827143,5.524112821,6.24656453
UKENNE_NU_TP000048,56,18,20/09/2021,NA,5.833499726,5.473956441,6.196621446
UKENNE_NU_TP000048,56,19,27/09/2021,NA,5.749712635,5.389821528,6.11439929
UKENNE_NU_TP000048,56,20,04/10/2021,NA,5.608321488,5.248460365,5.969520153
UKENNE_NU_TP000048,56,21,11/10/2021,NA,5.452449374,5.089211891,5.811878151
UKENNE_NU_TP000048,56,22,18/10/2021,NA,5.483666138,5.121629406,5.843030735
UKENNE_NU_TP000048,56,23,25/10/2021,NA,5.558517343,5.19834622,5.919521381
UKENNE_NU_TP000048,56,24,01/11/2021,5.438003391,5.541620906,5.204024188,5.879185879
UKENNE_NU_TP000048,56,25,08/11/2021,5.438003391,5.557100101,5.218972981,5.895053182
UKENNE_NU_TP000048,56,26,15/11/2021,5.300704228,5.629241977,5.291883085,5.967082494
UKENNE_NU_TP000048,56,27,22/11/2021,5.163405064,5.63022214,5.29199599,5.969304908
UKENNE_NU_TP000048,56,28,29/11/2021,5.584059181,5.652721623,5.31638551,5.98926442
UKENNE_NU_TP000048,56,29,06/12/2021,6.004713298,5.661089724,5.32474773,5.99691671
UKENNE_NU_TP000048,56,30,13/12/2021,5.786810683,5.556129363,5.21883577,5.891666453
UKENNE_NU_TP000048,56,31,20/12/2021,5.568908067,5.515986131,5.177817153,5.852674715
UKENNE_NU_TP000048,56,32,27/12/2021,5.568908067,5.602387026,5.266539871,5.938860775
UKENNE_NU_TP000048,56,33,03/01/2022,5.21225001,5.620796214,5.285358309,5.958619486
UKENNE_NU_TP000048,56,34,10/01/2022,5.092379193,5.54793106,5.211798139,5.884469912
UKENNE_NU_TP000048,56,35,17/01/2022,5.092379193,5.438438937,5.101380285,5.774630553
UKENNE_NU_TP000048,56,36,24/01/2022,5.51412338,5.409244936,5.072721332,5.745708127
UKENNE_NU_TP000048,56,37,31/01/2022,6.055738384,5.450523451,5.114021837,5.78683772
UKENNE_NU_TP000048,56,38,07/02/2022,5.695877692,5.33011751,4.990908771,5.667932304
UKENNE_NU_TP000048,56,39,14/02/2022,5.336016999,5.286852462,4.945015038,5.626717432
UKENNE_NU_TP000048,56,40,21/02/2022,5.562870806,5.653809776,5.315119698,5.990034767
UKENNE_NU_TP000048,56,41,28/02/2022,5.789724613,5.965900098,5.628294547,6.301635846
UKENNE_NU_TP000048,56,42,07/03/2022,6.139766022,6.025181332,5.689252373,6.362088304
UKENNE_NU_TP000048,56,43,14/03/2022,6.48980743,6.084314067,5.748773366,6.42288777
UKENNE_NU_TP000048,56,44,21/03/2022,6.372375124,6.017640214,5.682184301,6.356462686
UKENNE_NU_TP000048,56,45,28/03/2022,6.254942817,5.904337614,5.568936972,6.241799353
UKENNE_NU_TP000051,57,1,24/05/2021,NA,4.384932596,3.943785233,4.827673071
UKENNE_NU_TP000051,57,2,31/05/2021,4.912985273,4.423734953,4.07496155,4.781095861
UKENNE_NU_TP000051,57,3,07/06/2021,4.809136754,4.506803524,4.158748338,4.860288932
UKENNE_NU_TP000051,57,4,14/06/2021,4.809136754,4.631825216,4.284257881,4.981832412
UKENNE_NU_TP000051,57,5,21/06/2021,4.705288235,4.758574501,4.410523045,5.104609149
UKENNE_NU_TP000051,57,6,28/06/2021,5.538569139,4.969643816,4.624701957,5.323638646
UKENNE_NU_TP000051,57,7,05/07/2021,5.538569139,4.969256081,4.621776636,5.329864572
UKENNE_NU_TP000051,57,8,12/07/2021,5.132999303,4.969086637,4.622617113,5.322182788
UKENNE_NU_TP000051,57,9,19/07/2021,4.727429466,4.972796809,4.625099466,5.320935468
UKENNE_NU_TP000051,57,10,26/07/2021,4.770631851,5.043647465,4.695784293,5.392322698
UKENNE_NU_TP000051,57,11,02/08/2021,4.813834236,5.128979793,4.779549044,5.47805227
UKENNE_NU_TP000051,57,12,09/08/2021,5.212495237,5.331718222,4.984561628,5.679206522
UKENNE_NU_TP000051,57,13,16/08/2021,5.611156238,5.525771853,5.179868612,5.873772455
UKENNE_NU_TP000051,57,14,23/08/2021,5.909795284,5.554803011,5.209876988,5.905125643
UKENNE_NU_TP000051,57,15,30/08/2021,6.208434329,5.568859713,5.22404034,5.924514191
UKENNE_NU_TP000051,57,16,06/09/2021,5.897056088,5.564473836,5.219782528,5.917091178
UKENNE_NU_TP000051,57,17,13/09/2021,5.585677846,5.562392349,5.217000191,5.912449826
UKENNE_NU_TP000051,57,18,20/09/2021,5.389339343,5.478263977,5.130347151,5.825508073
UKENNE_NU_TP000051,57,19,27/09/2021,5.193000839,5.360345303,5.011382101,5.707240812
UKENNE_NU_TP000051,57,20,04/10/2021,5.443237609,5.277050706,4.931652392,5.625589598
UKENNE_NU_TP000051,57,21,11/10/2021,5.693474379,5.210578511,4.86565575,5.562434687
UKENNE_NU_TP000051,57,22,18/10/2021,5.648416327,5.241877752,4.897085826,5.592387303
UKENNE_NU_TP000051,57,23,25/10/2021,5.603358274,5.27926462,4.934497678,5.630796427
UKENNE_NU_TP000051,57,24,01/11/2021,5.474428449,5.264641422,4.922224629,5.615387716
UKENNE_NU_TP000051,57,25,08/11/2021,5.345498623,5.273936249,4.930754254,5.623644601
UKENNE_NU_TP000051,57,26,15/11/2021,5.181543914,5.284625876,4.940078705,5.629682386
UKENNE_NU_TP000051,57,27,22/11/2021,5.017589204,5.256221181,4.909643099,5.601113796
UKENNE_NU_TP000051,57,28,29/11/2021,4.750633325,5.28817614,4.942004794,5.62888149
UKENNE_NU_TP000051,57,29,06/12/2021,4.483677445,5.308814291,4.958062997,5.648879672
UKENNE_NU_TP000051,57,30,13/12/2021,4.816225072,5.258991047,4.912127286,5.599119783
UKENNE_NU_TP000051,57,31,20/12/2021,5.148772699,5.238856051,4.893811677,5.580808053
UKENNE_NU_TP000051,57,32,27/12/2021,5.40294568,5.283227194,4.937892514,5.623737167
UKENNE_NU_TP000051,57,33,03/01/2022,5.65711866,5.274582824,4.930201364,5.615878349
UKENNE_NU_TP000051,57,34,10/01/2022,5.666091571,5.227319788,4.884165797,5.569322975
UKENNE_NU_TP000051,57,35,17/01/2022,5.675064481,5.143759344,4.802267373,5.487765647
UKENNE_NU_TP000051,57,36,24/01/2022,5.62803761,5.108536359,4.766691998,5.452274852
UKENNE_NU_TP000051,57,37,31/01/2022,5.581010738,5.149110436,4.807811339,5.493215642
UKENNE_NU_TP000051,57,38,07/02/2022,4.392445107,5.027994447,4.678867739,5.369125876
UKENNE_NU_TP000051,57,39,14/02/2022,3.203879475,4.959743352,4.592130126,5.305649715
UKENNE_NU_TP000051,57,40,21/02/2022,4.299968888,5.35215097,4.992207264,5.694137657
UKENNE_NU_TP000051,57,41,28/02/2022,5.396058301,5.662355937,5.310223478,6.003259469
UKENNE_NU_TP000051,57,42,07/03/2022,5.648322962,5.696108142,5.347552438,6.03693394
UKENNE_NU_TP000051,57,43,14/03/2022,5.900587622,5.746802294,5.401403526,6.088132032
UKENNE_NU_TP000051,57,44,21/03/2022,5.493857716,5.653004306,5.305177264,5.993689434
UKENNE_NU_TP000051,57,45,28/03/2022,5.08712781,5.551167579,5.202532578,5.891362675
UKENNE_NU_TP000055,58,1,24/05/2021,NA,4.76992785,4.340814703,5.198586986
UKENNE_NU_TP000055,58,2,31/05/2021,4.509759811,4.701376057,4.377016822,5.02315047
UKENNE_NU_TP000055,58,3,07/06/2021,4.356249213,4.791093796,4.466865439,5.112477365
UKENNE_NU_TP000055,58,4,14/06/2021,4.356249213,4.888280194,4.562192363,5.209673045
UKENNE_NU_TP000055,58,5,21/06/2021,4.202738614,5.066435113,4.752493989,5.37709388
UKENNE_NU_TP000055,58,6,28/06/2021,5.31301811,5.264407579,4.95317262,5.575527764
UKENNE_NU_TP000055,58,7,05/07/2021,5.31301811,5.26082518,4.947946734,5.574141431
UKENNE_NU_TP000055,58,8,12/07/2021,5.249576239,5.235545346,4.921811045,5.547459445
UKENNE_NU_TP000055,58,9,19/07/2021,5.186134367,5.221173874,4.904298287,5.533021863
UKENNE_NU_TP000055,58,10,26/07/2021,5.456634334,5.337624079,5.022638286,5.649340985
UKENNE_NU_TP000055,58,11,02/08/2021,5.7271343,5.497938133,5.184442668,5.811165039
UKENNE_NU_TP000055,58,12,09/08/2021,5.738893181,5.674229636,5.362195122,5.985298998
UKENNE_NU_TP000055,58,13,16/08/2021,5.750652061,5.863121422,5.551170521,6.174333771
UKENNE_NU_TP000055,58,14,23/08/2021,5.90825211,5.911532174,5.601012911,6.223586555
UKENNE_NU_TP000055,58,15,30/08/2021,6.065852159,5.913433074,5.602425835,6.227527504
UKENNE_NU_TP000055,58,16,06/09/2021,5.998295637,5.925884488,5.615405332,6.23889689
UKENNE_NU_TP000055,58,17,13/09/2021,5.930739115,5.942996727,5.632375911,6.255886309
UKENNE_NU_TP000055,58,18,20/09/2021,6.098489042,5.894407136,5.58382896,6.208015709
UKENNE_NU_TP000055,58,19,27/09/2021,6.266238968,5.813386486,5.502185513,6.128780513
UKENNE_NU_TP000055,58,20,04/10/2021,6.006495904,5.67819884,5.367775084,5.990501706
UKENNE_NU_TP000055,58,21,11/10/2021,5.74675284,5.529080328,5.216874983,5.83952143
UKENNE_NU_TP000055,58,22,18/10/2021,5.792332767,5.55068063,5.23874318,5.861207539
UKENNE_NU_TP000055,58,23,25/10/2021,5.837912694,5.617234738,5.306262664,5.928852392
UKENNE_NU_TP000055,58,24,01/11/2021,5.703618861,5.604723428,5.305065917,5.904277522
UKENNE_NU_TP000055,58,25,08/11/2021,5.569325027,5.622584773,5.322382894,5.922526773
UKENNE_NU_TP000055,58,26,15/11/2021,5.776494701,5.697110995,5.397683418,5.997317406
UKENNE_NU_TP000055,58,27,22/11/2021,5.983664375,5.699884214,5.399533378,6.001664188
UKENNE_NU_TP000055,58,28,29/11/2021,5.78050565,5.720939382,5.42259903,6.020007168
UKENNE_NU_TP000055,58,29,06/12/2021,5.577346924,5.728676534,5.430487954,6.02689563
UKENNE_NU_TP000055,58,30,13/12/2021,5.571277284,5.625943544,5.3269876,5.924003879
UKENNE_NU_TP000055,58,31,20/12/2021,5.565207643,5.589559828,5.289570604,5.888973692
UKENNE_NU_TP000055,58,32,27/12/2021,5.884290921,5.674040294,5.376061941,5.973360952
UKENNE_NU_TP000055,58,33,03/01/2022,6.203374198,5.694764796,5.396664035,5.995987062
UKENNE_NU_TP000055,58,34,10/01/2022,5.850458145,5.619964759,5.321868206,5.919734573
UKENNE_NU_TP000055,58,35,17/01/2022,5.497542092,5.508686691,5.20999549,5.807996608
UKENNE_NU_TP000055,58,36,24/01/2022,5.308175255,5.475051376,5.176465157,5.774466488
UKENNE_NU_TP000055,58,37,31/01/2022,5.118808417,5.51351037,5.214738009,5.812446829
UKENNE_NU_TP000055,58,38,07/02/2022,5.241275527,5.391129415,5.089003151,5.691263149
UKENNE_NU_TP000055,58,39,14/02/2022,5.363742637,5.348620023,5.043857604,5.649854025
UKENNE_NU_TP000055,58,40,21/02/2022,5.642752418,5.716455529,5.415552045,6.014824484
UKENNE_NU_TP000055,58,41,28/02/2022,5.921762199,6.029946317,5.730795788,6.328468042
UKENNE_NU_TP000055,58,42,07/03/2022,6.112977942,6.085562287,5.787316235,6.38500017
UKENNE_NU_TP000055,58,43,14/03/2022,6.304193684,6.140177626,5.842020889,6.440709645
UKENNE_NU_TP000055,58,44,21/03/2022,6.102651049,6.076213304,5.778101291,6.377200441
UKENNE_NU_TP000055,58,45,28/03/2022,5.901108414,5.966213809,5.668335139,6.265994484
UKENNE_YW_TP000029,59,1,24/05/2021,NA,3.78003365,3.352051769,4.207748928
UKENNE_YW_TP000029,59,2,31/05/2021,NA,3.849629158,3.464790709,4.230978057
UKENNE_YW_TP000029,59,3,07/06/2021,NA,3.918221536,3.533062478,4.299257058
UKENNE_YW_TP000029,59,4,14/06/2021,5.264336663,4.191760564,3.840289783,4.561476589
UKENNE_YW_TP000029,59,5,21/06/2021,5.264336663,4.283661846,3.932705358,4.650660725
UKENNE_YW_TP000029,59,6,28/06/2021,4.793818417,4.375552024,4.024612964,4.732846837
UKENNE_YW_TP000029,59,7,05/07/2021,4.323300171,4.395083069,4.042682936,4.750847656
UKENNE_YW_TP000029,59,8,12/07/2021,4.307915268,4.471733852,4.120080625,4.82639619
UKENNE_YW_TP000029,59,9,19/07/2021,4.292530365,4.553679831,4.201557891,4.907251061
UKENNE_YW_TP000029,59,10,26/07/2021,4.76613416,4.701524837,4.3514413,5.060348734
UKENNE_YW_TP000029,59,11,02/08/2021,5.239737955,4.836235756,4.485021149,5.203055343
UKENNE_YW_TP000029,59,12,09/08/2021,5.125633429,4.92326052,4.573284537,5.281230687
UKENNE_YW_TP000029,59,13,16/08/2021,5.011528902,4.976287986,4.62421141,5.329440089
UKENNE_YW_TP000029,59,14,23/08/2021,5.005952742,4.975778866,4.622617912,5.327997864
UKENNE_YW_TP000029,59,15,30/08/2021,5.000376582,4.958385434,4.604957598,5.310451916
UKENNE_YW_TP000029,59,16,06/09/2021,5.21929477,4.995298711,4.643866254,5.35032219
UKENNE_YW_TP000029,59,17,13/09/2021,5.438212957,5.025222375,4.675088584,5.384682824
UKENNE_YW_TP000029,59,18,20/09/2021,5.031526985,4.890492533,4.538515146,5.244132932
UKENNE_YW_TP000029,59,19,27/09/2021,4.624841012,4.682069659,4.327802878,5.033377401
UKENNE_YW_TP000029,59,20,04/10/2021,4.636388628,4.646743989,4.295081242,5.000267913
UKENNE_YW_TP000029,59,21,11/10/2021,4.647936244,4.679113337,4.328349718,5.03402946
UKENNE_YW_TP000029,59,22,18/10/2021,5.146284973,4.747108172,4.397150851,5.105066524
UKENNE_YW_TP000029,59,23,25/10/2021,5.644633702,4.802988244,4.452816994,5.167444249
UKENNE_YW_TP000029,59,24,01/11/2021,5.053531125,4.758436136,4.408898644,5.117714881
UKENNE_YW_TP000029,59,25,08/11/2021,4.462428547,4.722006221,4.370330906,5.076515886
UKENNE_YW_TP000029,59,26,15/11/2021,3.7477305,4.623631873,4.26425963,4.973729519
UKENNE_YW_TP000029,59,27,22/11/2021,3.033032453,4.507211692,4.135434841,4.858995323
UKENNE_YW_TP000029,59,28,29/11/2021,3.964578888,4.663904952,4.30498531,5.013698675
UKENNE_YW_TP000029,59,29,06/12/2021,4.896125322,4.801240456,4.450043123,5.153816553
UKENNE_YW_TP000029,59,30,13/12/2021,4.871950568,4.797518744,4.445206071,5.149295018
UKENNE_YW_TP000029,59,31,20/12/2021,4.847775814,4.819773125,4.466633544,5.171583589
UKENNE_YW_TP000029,59,32,27/12/2021,4.424374162,4.779156842,4.420020781,5.128659128
UKENNE_YW_TP000029,59,33,03/01/2022,4.00097251,4.654097001,4.287978181,5.004115053
UKENNE_YW_TP000029,59,34,10/01/2022,4.139222852,4.554695998,4.192424648,4.903273849
UKENNE_YW_TP000029,59,35,17/01/2022,4.277473194,4.44007286,4.081221286,4.788495124
UKENNE_YW_TP000029,59,36,24/01/2022,3.911099465,4.384109274,4.019652593,4.733183815
UKENNE_YW_TP000029,59,37,31/01/2022,3.544725736,4.355431548,3.986727829,4.705643535
UKENNE_YW_TP000029,59,38,07/02/2022,4.067604522,4.511274774,4.153410555,4.860443643
UKENNE_YW_TP000029,59,39,14/02/2022,4.590483307,4.776241186,4.425076718,5.128718868
UKENNE_YW_TP000029,59,40,21/02/2022,4.847707309,5.018178715,4.664734806,5.36814868
UKENNE_YW_TP000029,59,41,28/02/2022,5.10493131,5.138666409,4.781887415,5.488434716
UKENNE_YW_TP000029,59,42,07/03/2022,5.117198269,5.124903316,4.770472933,5.474509742
UKENNE_YW_TP000029,59,43,14/03/2022,5.129465227,5.13601596,4.783049618,5.486258418
UKENNE_YW_TP000029,59,44,21/03/2022,5.563815336,5.146535236,4.796501071,5.500213741
UKENNE_YW_TP000029,59,45,28/03/2022,5.998165445,5.163449765,4.813991702,5.523263858
UKENNE_YW_TP000054,60,1,24/05/2021,NA,3.748269247,3.292418023,4.208056341
UKENNE_YW_TP000054,60,2,31/05/2021,NA,3.907143057,3.53133399,4.286024655
UKENNE_YW_TP000054,60,3,07/06/2021,NA,3.956413395,3.582406183,4.332741576
UKENNE_YW_TP000054,60,4,14/06/2021,NA,4.063105453,3.689237706,4.438041414
UKENNE_YW_TP000054,60,5,21/06/2021,NA,4.190068047,3.81612326,4.565552352
UKENNE_YW_TP000054,60,6,28/06/2021,NA,4.367490092,3.994075586,4.746585039
UKENNE_YW_TP000054,60,7,05/07/2021,NA,4.460478363,4.086032111,4.843478355
UKENNE_YW_TP000054,60,8,12/07/2021,NA,4.428758033,4.054688938,4.803623973
UKENNE_YW_TP000054,60,9,19/07/2021,NA,4.417644732,4.038266439,4.791299932
UKENNE_YW_TP000054,60,10,26/07/2021,NA,4.633461615,4.258743994,5.007448718
UKENNE_YW_TP000054,60,11,02/08/2021,NA,4.79966174,4.426320116,5.17650926
UKENNE_YW_TP000054,60,12,09/08/2021,NA,4.891837169,4.518551448,5.27011441
UKENNE_YW_TP000054,60,13,16/08/2021,NA,4.923098528,4.549518433,5.303114642
UKENNE_YW_TP000054,60,14,23/08/2021,NA,4.909681424,4.536453584,5.28825697
UKENNE_YW_TP000054,60,15,30/08/2021,NA,4.932522082,4.55929408,5.311179208
UKENNE_YW_TP000054,60,16,06/09/2021,NA,4.887145555,4.513485737,5.262259878
UKENNE_YW_TP000054,60,17,13/09/2021,NA,4.83152649,4.456255903,5.205027411
UKENNE_YW_TP000054,60,18,20/09/2021,NA,4.70947058,4.332261345,5.082680945
UKENNE_YW_TP000054,60,19,27/09/2021,NA,4.518781488,4.140493469,4.892323306
UKENNE_YW_TP000054,60,20,04/10/2021,NA,4.531185135,4.157439421,4.906694617
UKENNE_YW_TP000054,60,21,11/10/2021,NA,4.608559039,4.234653859,4.989142361
UKENNE_YW_TP000054,60,22,18/10/2021,NA,4.585416763,4.212176716,4.962556555
UKENNE_YW_TP000054,60,23,25/10/2021,NA,4.568197782,4.194215868,4.942583524
UKENNE_YW_TP000054,60,24,01/11/2021,NA,4.621130726,4.247567581,4.9961166
UKENNE_YW_TP000054,60,25,08/11/2021,NA,4.663005404,4.28934853,5.039502339
UKENNE_YW_TP000054,60,26,15/11/2021,NA,4.580611709,4.206752622,4.956628034
UKENNE_YW_TP000054,60,27,22/11/2021,NA,4.484124194,4.109987593,4.860139361
UKENNE_YW_TP000054,60,28,29/11/2021,NA,4.606201505,4.232678896,4.982392056
UKENNE_YW_TP000054,60,29,06/12/2021,NA,4.736830162,4.36361625,5.11396253
UKENNE_YW_TP000054,60,30,13/12/2021,NA,4.809169655,4.435626393,5.189676041
UKENNE_YW_TP000054,60,31,20/12/2021,NA,4.897743012,4.521995567,5.28356984
UKENNE_YW_TP000054,60,32,27/12/2021,NA,4.888040267,4.513717751,5.267140193
UKENNE_YW_TP000054,60,33,03/01/2022,NA,4.770880882,4.395793491,5.14469058
UKENNE_YW_TP000054,60,34,10/01/2022,4.056894132,4.597391744,4.244919043,4.949177088
UKENNE_YW_TP000054,60,35,17/01/2022,4.056894132,4.474501162,4.12301184,4.828181013
UKENNE_YW_TP000054,60,36,24/01/2022,3.62101362,4.40308836,4.049425299,4.754582272
UKENNE_YW_TP000054,60,37,31/01/2022,3.185133108,4.307488991,3.943411316,4.662671396
UKENNE_YW_TP000054,60,38,07/02/2022,4.510756199,4.562577549,4.209931299,4.914350425
UKENNE_YW_TP000054,60,39,14/02/2022,5.836379289,4.906338197,4.553669898,5.264782195
UKENNE_YW_TP000054,60,40,21/02/2022,5.997480842,5.061428232,4.709556468,5.417420805
UKENNE_YW_TP000054,60,41,28/02/2022,6.158582395,5.109570141,4.752860452,5.470141524
UKENNE_YW_TP000054,60,42,07/03/2022,5.508307515,5.043691079,4.691537473,5.395632296
UKENNE_YW_TP000054,60,43,14/03/2022,4.858032634,5.025116942,4.670888542,5.376498994
UKENNE_YW_TP000054,60,44,21/03/2022,4.668880041,5.000568546,4.646410299,5.351944237
UKENNE_YW_TP000054,60,45,28/03/2022,4.479727447,5.001176708,4.64278402,5.358005453
UKENNE_YW_TP000057,61,1,24/05/2021,NA,3.606210186,3.220900047,3.993629533
UKENNE_YW_TP000057,61,2,31/05/2021,3.340205111,3.769552247,3.485814311,4.054397057
UKENNE_YW_TP000057,61,3,07/06/2021,3.526212505,3.816463876,3.53447793,4.098439511
UKENNE_YW_TP000057,61,4,14/06/2021,3.526212505,3.921190288,3.638712585,4.202016599
UKENNE_YW_TP000057,61,5,21/06/2021,3.712219899,4.055101123,3.772643169,4.336762796
UKENNE_YW_TP000057,61,6,28/06/2021,4.012211352,4.229215563,3.948816005,4.513516363
UKENNE_YW_TP000057,61,7,05/07/2021,4.012211352,4.319496411,4.038637428,4.60726082
UKENNE_YW_TP000057,61,8,12/07/2021,4.267914425,4.277182931,3.993935969,4.557679239
UKENNE_YW_TP000057,61,9,19/07/2021,4.523617498,4.257980996,3.965286323,4.540348999
UKENNE_YW_TP000057,61,10,26/07/2021,4.540621975,4.477719202,4.193311415,4.758060068
UKENNE_YW_TP000057,61,11,02/08/2021,4.557626451,4.646993363,4.366223185,4.929229356
UKENNE_YW_TP000057,61,12,09/08/2021,4.634971599,4.737541507,4.457218279,5.021763154
UKENNE_YW_TP000057,61,13,16/08/2021,4.712316747,4.771884819,4.491413237,5.058645695
UKENNE_YW_TP000057,61,14,23/08/2021,4.467753402,4.754228451,4.473889522,5.038689416
UKENNE_YW_TP000057,61,15,30/08/2021,4.223190057,4.775418286,4.495153847,5.05929037
UKENNE_YW_TP000057,61,16,06/09/2021,3.99356662,4.726216457,4.444353243,5.007282603
UKENNE_YW_TP000057,61,17,13/09/2021,3.763943182,4.668651317,4.383987979,4.94887956
UKENNE_YW_TP000057,61,18,20/09/2021,3.781414136,4.561095942,4.274620449,4.84149665
UKENNE_YW_TP000057,61,19,27/09/2021,3.798885089,4.384126771,4.097222444,4.664853453
UKENNE_YW_TP000057,61,20,04/10/2021,3.691742279,4.385777161,4.104467538,4.667646843
UKENNE_YW_TP000057,61,21,11/10/2021,3.584599468,4.447282547,4.166723828,4.733690795
UKENNE_YW_TP000057,61,22,18/10/2021,4.04311554,4.418519837,4.137998098,4.701496106
UKENNE_YW_TP000057,61,23,25/10/2021,4.501631611,4.400928344,4.118387701,4.681520552
UKENNE_YW_TP000057,61,24,01/11/2021,4.662888651,4.463727279,4.181874377,4.744581227
UKENNE_YW_TP000057,61,25,08/11/2021,4.824145691,4.511559792,4.230051363,4.793316685
UKENNE_YW_TP000057,61,26,15/11/2021,4.848299979,4.426208867,4.143945487,4.707473871
UKENNE_YW_TP000057,61,27,22/11/2021,4.872454266,4.322702757,4.039713276,4.604054618
UKENNE_YW_TP000057,61,28,29/11/2021,4.792811388,4.447190908,4.165517763,4.728806929
UKENNE_YW_TP000057,61,29,06/12/2021,4.71316851,4.58979432,4.309120528,4.872681686
UKENNE_YW_TP000057,61,30,13/12/2021,4.861194304,4.659534187,4.37918668,4.946050212
UKENNE_YW_TP000057,61,31,20/12/2021,5.009220097,4.745727779,4.463143974,5.038386337
UKENNE_YW_TP000057,61,32,27/12/2021,4.976916576,4.749840836,4.468768227,5.035354078
UKENNE_YW_TP000057,61,33,03/01/2022,4.944613054,4.640084789,4.355249743,4.921090792
UKENNE_YW_TP000057,61,34,10/01/2022,5.054369078,4.474442619,4.199937206,4.747928194
UKENNE_YW_TP000057,61,35,17/01/2022,5.164125101,4.350854133,4.078088107,4.627147552
UKENNE_YW_TP000057,61,36,24/01/2022,5.234907036,4.293579406,4.019458297,4.567144313
UKENNE_YW_TP000057,61,37,31/01/2022,5.30568897,4.2122918,3.92867685,4.486978281
UKENNE_YW_TP000057,61,38,07/02/2022,5.330363162,4.443605542,4.168738655,4.716547213
UKENNE_YW_TP000057,61,39,14/02/2022,5.355037353,4.756148824,4.482901749,5.032713621
UKENNE_YW_TP000057,61,40,21/02/2022,5.355037353,4.910422274,4.636681981,5.185858099
UKENNE_YW_TP000057,61,41,28/02/2022,NA,4.951452724,4.66571092,5.238262706
UKENNE_YW_TP000057,61,42,07/03/2022,4.440240979,4.897451998,4.621445568,5.170328235
UKENNE_YW_TP000057,61,43,14/03/2022,4.440240979,4.884434004,4.605578701,5.1576667
UKENNE_YW_TP000057,61,44,21/03/2022,4.440240979,4.857629952,4.579153757,5.130944545
UKENNE_YW_TP000057,61,45,28/03/2022,NA,4.855339427,4.56662313,5.14082779
UKENNE_YW_TP000063,62,1,24/05/2021,NA,3.776617149,3.409877304,4.13913058
UKENNE_YW_TP000063,62,2,31/05/2021,3.427502064,3.885152654,3.587178141,4.171820514
UKENNE_YW_TP000063,62,3,07/06/2021,3.427502064,3.941193435,3.641166075,4.228480883
UKENNE_YW_TP000063,62,4,14/06/2021,3.715718209,4.120866203,3.828370249,4.403701017
UKENNE_YW_TP000063,62,5,21/06/2021,4.003934354,4.252953953,3.963441283,4.535233378
UKENNE_YW_TP000063,62,6,28/06/2021,4.344806158,4.407475137,4.121631924,4.689418792
UKENNE_YW_TP000063,62,7,05/07/2021,4.685677962,4.474376187,4.19053177,4.757382287
UKENNE_YW_TP000063,62,8,12/07/2021,4.866282847,4.557852088,4.275684628,4.843795457
UKENNE_YW_TP000063,62,9,19/07/2021,4.250307243,4.621240309,4.339192917,4.910032451
UKENNE_YW_TP000063,62,10,26/07/2021,4.551111301,4.76980639,4.487370821,5.060255052
UKENNE_YW_TP000063,62,11,02/08/2021,4.303223086,4.873462091,4.591179307,5.162064963
UKENNE_YW_TP000063,62,12,09/08/2021,5.344629183,4.988017738,4.705493325,5.278800996
UKENNE_YW_TP000063,62,13,16/08/2021,5.536538948,5.012873494,4.731187651,5.299419674
UKENNE_YW_TP000063,62,14,23/08/2021,4.70589023,4.961531817,4.677731652,5.243869918
UKENNE_YW_TP000063,62,15,30/08/2021,3.875241512,4.920083664,4.630973835,5.201966901
UKENNE_YW_TP000063,62,16,06/09/2021,4.217999209,4.913770982,4.62656733,5.195482512
UKENNE_YW_TP000063,62,17,13/09/2021,4.560756905,4.941740963,4.659306045,5.225484569
UKENNE_YW_TP000063,62,18,20/09/2021,4.69999373,4.878052012,4.596094983,5.16349367
UKENNE_YW_TP000063,62,19,27/09/2021,4.839230554,4.683898866,4.400711634,4.967519311
UKENNE_YW_TP000063,62,20,04/10/2021,4.87892907,4.639838794,4.357418731,4.92408056
UKENNE_YW_TP000063,62,21,11/10/2021,4.918627585,4.690979916,4.409260873,4.977904641
UKENNE_YW_TP000063,62,22,18/10/2021,4.519150286,4.692119065,4.410342999,4.977394601
UKENNE_YW_TP000063,62,23,25/10/2021,4.119672986,4.662414327,4.379315219,4.945222255
UKENNE_YW_TP000063,62,24,01/11/2021,4.509173165,4.69165828,4.408827386,4.974650727
UKENNE_YW_TP000063,62,25,08/11/2021,4.898673344,4.737344693,4.45485367,5.021423824
UKENNE_YW_TP000063,62,26,15/11/2021,4.383632594,4.674817538,4.391923527,4.958999887
UKENNE_YW_TP000063,62,27,22/11/2021,3.868591844,4.574800891,4.290992681,4.858249793
UKENNE_YW_TP000063,62,28,29/11/2021,3.936225483,4.663665621,4.377725342,4.945340314
UKENNE_YW_TP000063,62,29,06/12/2021,4.003859121,4.75722128,4.465612697,5.039458201
UKENNE_YW_TP000063,62,30,13/12/2021,4.357525834,4.803670767,4.514419634,5.085601964
UKENNE_YW_TP000063,62,31,20/12/2021,4.711192546,4.875505148,4.590468751,5.158027044
UKENNE_YW_TP000063,62,32,27/12/2021,4.711192546,4.974839469,4.692918027,5.261887216
UKENNE_YW_TP000063,62,33,03/01/2022,5.735082259,4.887107936,4.604412413,5.170563877
UKENNE_YW_TP000063,62,34,10/01/2022,5.197895772,4.722648703,4.442560149,5.001045818
UKENNE_YW_TP000063,62,35,17/01/2022,5.197895772,4.564280766,4.283595215,4.842330211
UKENNE_YW_TP000063,62,36,24/01/2022,4.685652297,4.554785223,4.275616416,4.833803292
UKENNE_YW_TP000063,62,37,31/01/2022,4.710595308,4.493131883,4.20826521,4.771181005
UKENNE_YW_TP000063,62,38,07/02/2022,4.75666698,4.632742884,4.345687759,4.911009242
UKENNE_YW_TP000063,62,39,14/02/2022,4.802738652,4.969460789,4.69089685,5.249770665
UKENNE_YW_TP000063,62,40,21/02/2022,5.500633534,5.214872372,4.936742609,5.499621853
UKENNE_YW_TP000063,62,41,28/02/2022,6.198528415,5.275948707,4.996249307,5.560630547
UKENNE_YW_TP000063,62,42,07/03/2022,6.158692474,5.236838433,4.95902111,5.519709004
UKENNE_YW_TP000063,62,43,14/03/2022,6.118856532,5.234553839,4.95664291,5.518319229
UKENNE_YW_TP000063,62,44,21/03/2022,6.092947778,5.193719029,4.915645403,5.479351452
UKENNE_YW_TP000063,62,45,28/03/2022,6.067039023,5.166781674,4.886586714,5.455829883
UKENNE_YW_TP000082,63,1,24/05/2021,2.987183824,3.600574579,3.226985904,3.967203878
UKENNE_YW_TP000082,63,2,31/05/2021,2.987183824,3.756376205,3.439603193,4.06463805
UKENNE_YW_TP000082,63,3,07/06/2021,3.783330087,3.857169491,3.545280278,4.166263579
UKENNE_YW_TP000082,63,4,14/06/2021,4.579476349,4.068706305,3.761957553,4.381283467
UKENNE_YW_TP000082,63,5,21/06/2021,4.251687468,4.166847795,3.858493513,4.47583075
UKENNE_YW_TP000082,63,6,28/06/2021,3.923898586,4.267233594,3.956248393,4.574353056
UKENNE_YW_TP000082,63,7,05/07/2021,3.923898586,4.307416086,3.998139296,4.616006109
UKENNE_YW_TP000082,63,8,12/07/2021,4.607304458,4.425781019,4.119030518,4.741786505
UKENNE_YW_TP000082,63,9,19/07/2021,4.607304458,4.491603516,4.184172595,4.812637145
UKENNE_YW_TP000082,63,10,26/07/2021,4.228475348,4.579775156,4.272974866,4.89696353
UKENNE_YW_TP000082,63,11,02/08/2021,4.504577478,4.680163686,4.372219033,5.001255138
UKENNE_YW_TP000082,63,12,09/08/2021,4.504577478,4.77736044,4.470852158,5.091410219
UKENNE_YW_TP000082,63,13,16/08/2021,5.075308523,4.847112482,4.541533254,5.159985953
UKENNE_YW_TP000082,63,14,23/08/2021,4.991108327,4.797117783,4.490456337,5.106363807
UKENNE_YW_TP000082,63,15,30/08/2021,4.927825037,4.75213975,4.44376085,5.05973623
UKENNE_YW_TP000082,63,16,06/09/2021,4.864541747,4.752184238,4.444736294,5.06083651
UKENNE_YW_TP000082,63,17,13/09/2021,4.860037158,4.777901568,4.471946675,5.090307521
UKENNE_YW_TP000082,63,18,20/09/2021,4.855532568,4.751104567,4.445450883,5.06583943
UKENNE_YW_TP000082,63,19,27/09/2021,4.87081728,4.610663145,4.304667662,4.927913141
UKENNE_YW_TP000082,63,20,04/10/2021,4.886101991,4.493064081,4.186389247,4.802720332
UKENNE_YW_TP000082,63,21,11/10/2021,4.787510511,4.453972021,4.142053004,4.759860864
UKENNE_YW_TP000082,63,22,18/10/2021,4.68891903,4.473643298,4.163413595,4.779781662
UKENNE_YW_TP000082,63,23,25/10/2021,4.75906332,4.459229062,4.151394693,4.766824913
UKENNE_YW_TP000082,63,24,01/11/2021,4.82920761,4.488030268,4.180473982,4.796214837
UKENNE_YW_TP000082,63,25,08/11/2021,4.510737858,4.531363135,4.221299504,4.837931348
UKENNE_YW_TP000082,63,26,15/11/2021,4.192268105,4.482456938,4.168623843,4.788115614
UKENNE_YW_TP000082,63,27,22/11/2021,4.405565673,4.408530028,4.096473679,4.714532854
UKENNE_YW_TP000082,63,28,29/11/2021,4.618863241,4.513788478,4.204397999,4.820408707
UKENNE_YW_TP000082,63,29,06/12/2021,4.841602948,4.637105896,4.328728589,4.943820352
UKENNE_YW_TP000082,63,30,13/12/2021,5.064342654,4.650068053,4.340799717,4.956343092
UKENNE_YW_TP000082,63,31,20/12/2021,5.064342654,4.662564654,4.352493472,4.968609933
UKENNE_YW_TP000082,63,32,27/12/2021,4.160002757,4.726215365,4.410505425,5.032432232
UKENNE_YW_TP000082,63,33,03/01/2022,4.362496926,4.696127971,4.379258794,5.002274703
UKENNE_YW_TP000082,63,34,10/01/2022,4.362496926,4.588266,4.280355479,4.890807209
UKENNE_YW_TP000082,63,35,17/01/2022,3.679541264,4.424639642,4.11470688,4.72680576
UKENNE_YW_TP000082,63,36,24/01/2022,2.794091433,4.38599731,4.069539779,4.688918771
UKENNE_YW_TP000082,63,37,31/01/2022,3.671684876,4.420871664,4.111806701,4.722850629
UKENNE_YW_TP000082,63,38,07/02/2022,4.549278318,4.550102144,4.245874821,4.854011757
UKENNE_YW_TP000082,63,39,14/02/2022,5.535497356,4.837250403,4.534831886,5.152546546
UKENNE_YW_TP000082,63,40,21/02/2022,6.521716393,5.105085489,4.800921521,5.426083328
UKENNE_YW_TP000082,63,41,28/02/2022,5.934395231,5.143944079,4.840326599,5.450861641
UKENNE_YW_TP000082,63,42,07/03/2022,5.347074068,5.094495761,4.789119503,5.398117085
UKENNE_YW_TP000082,63,43,14/03/2022,5.057564009,5.081301254,4.775245569,5.384336579
UKENNE_YW_TP000082,63,44,21/03/2022,4.768053949,4.976345702,4.667607599,5.278518604
UKENNE_YW_TP000082,63,45,28/03/2022,4.768053949,4.898672075,4.58863842,5.200930752
UKENNE_YW_TP000086,64,1,24/05/2021,NA,4.363495321,3.918368344,4.805406037
UKENNE_YW_TP000086,64,2,31/05/2021,NA,4.517610601,4.128319541,4.898802957
UKENNE_YW_TP000086,64,3,07/06/2021,NA,4.583818806,4.194555391,4.964823802
UKENNE_YW_TP000086,64,4,14/06/2021,NA,4.743202957,4.355210721,5.123645108
UKENNE_YW_TP000086,64,5,21/06/2021,NA,4.87793328,4.490370559,5.258640516
UKENNE_YW_TP000086,64,6,28/06/2021,NA,5.008752843,4.62335571,5.389261406
UKENNE_YW_TP000086,64,7,05/07/2021,NA,5.066412685,4.683334268,5.448206995
UKENNE_YW_TP000086,64,8,12/07/2021,NA,5.128779424,4.746696203,5.511224832
UKENNE_YW_TP000086,64,9,19/07/2021,NA,5.164455761,4.783564352,5.548587574
UKENNE_YW_TP000086,64,10,26/07/2021,NA,5.282208378,4.901299612,5.666832029
UKENNE_YW_TP000086,64,11,02/08/2021,NA,5.376002262,4.994943529,5.762115951
UKENNE_YW_TP000086,64,12,09/08/2021,NA,5.470604151,5.089311294,5.854108289
UKENNE_YW_TP000086,64,13,16/08/2021,NA,5.50617775,5.124827031,5.887139613
UKENNE_YW_TP000086,64,14,23/08/2021,NA,5.462932679,5.078847754,5.84284351
UKENNE_YW_TP000086,64,15,30/08/2021,NA,5.425059118,5.037598853,5.805155048
UKENNE_YW_TP000086,64,16,06/09/2021,NA,5.409000143,5.022652438,5.789146888
UKENNE_YW_TP000086,64,17,13/09/2021,NA,5.423649272,5.041195273,5.805473019
UKENNE_YW_TP000086,64,18,20/09/2021,NA,5.400039138,5.018664715,5.781609449
UKENNE_YW_TP000086,64,19,27/09/2021,NA,5.256488102,4.874477465,5.637734139
UKENNE_YW_TP000086,64,20,04/10/2021,NA,5.165449169,4.781610901,5.545792251
UKENNE_YW_TP000086,64,21,11/10/2021,NA,5.169011384,4.784084718,5.549058709
UKENNE_YW_TP000086,64,22,18/10/2021,NA,5.157130761,4.772691357,5.537030687
UKENNE_YW_TP000086,64,23,25/10/2021,NA,5.103622765,4.717258106,5.483635535
UKENNE_YW_TP000086,64,24,01/11/2021,NA,5.162097384,4.775311566,5.542135692
UKENNE_YW_TP000086,64,25,08/11/2021,NA,5.242534917,4.855933607,5.62247026
UKENNE_YW_TP000086,64,26,15/11/2021,NA,5.208296507,4.82193093,5.588397692
UKENNE_YW_TP000086,64,27,22/11/2021,NA,5.113286993,4.727609418,5.493939532
UKENNE_YW_TP000086,64,28,29/11/2021,NA,5.210212672,4.825646565,5.590547397
UKENNE_YW_TP000086,64,29,06/12/2021,NA,5.341307252,4.957312839,5.721017815
UKENNE_YW_TP000086,64,30,13/12/2021,NA,5.365525339,4.981164991,5.744902787
UKENNE_YW_TP000086,64,31,20/12/2021,NA,5.385164674,5.000559015,5.764467754
UKENNE_YW_TP000086,64,32,27/12/2021,NA,5.51974742,5.137703359,5.900778648
UKENNE_YW_TP000086,64,33,03/01/2022,NA,5.531061329,5.150226744,5.911971755
UKENNE_YW_TP000086,64,34,10/01/2022,5.552148342,5.392749504,5.03684813,5.751909457
UKENNE_YW_TP000086,64,35,17/01/2022,5.552148342,5.231795082,4.875948175,5.591897421
UKENNE_YW_TP000086,64,36,24/01/2022,5.46130711,5.23328892,4.877335987,5.594567456
UKENNE_YW_TP000086,64,37,31/01/2022,5.370465877,5.258230562,4.902240337,5.618731483
UKENNE_YW_TP000086,64,38,07/02/2022,5.726763946,5.365857826,5.009634863,5.724377597
UKENNE_YW_TP000086,64,39,14/02/2022,6.083062014,5.615099937,5.258965934,5.974198821
UKENNE_YW_TP000086,64,40,21/02/2022,6.138868929,5.826232308,5.469978803,6.186348643
UKENNE_YW_TP000086,64,41,28/02/2022,6.194675843,5.878375623,5.521839283,6.237313073
UKENNE_YW_TP000086,64,42,07/03/2022,6.011115862,5.834301871,5.477065622,6.190924805
UKENNE_YW_TP000086,64,43,14/03/2022,5.82755588,5.802933463,5.443251769,6.158894767
UKENNE_YW_TP000086,64,44,21/03/2022,5.060914847,5.682841213,5.318037144,6.039773723
UKENNE_YW_TP000086,64,45,28/03/2022,4.294273814,5.589638938,5.218614856,5.949191962
UKENNE_YW_TP000094,65,1,24/05/2021,NA,4.068765189,3.697771768,4.436443933
UKENNE_YW_TP000094,65,2,31/05/2021,3.31819103,4.194354093,3.889197916,4.485826367
UKENNE_YW_TP000094,65,3,07/06/2021,3.31819103,4.253498411,3.947416471,4.545129092
UKENNE_YW_TP000094,65,4,14/06/2021,3.657446869,4.4209508,4.118211379,4.710886022
UKENNE_YW_TP000094,65,5,21/06/2021,3.996702707,4.564676335,4.265919797,4.854241409
UKENNE_YW_TP000094,65,6,28/06/2021,4.121391114,4.709096095,4.414703616,4.998181506
UKENNE_YW_TP000094,65,7,05/07/2021,4.24607952,4.769105016,4.477014734,5.059139629
UKENNE_YW_TP000094,65,8,12/07/2021,4.780734864,4.84151884,4.551477846,5.133780252
UKENNE_YW_TP000094,65,9,19/07/2021,5.315390207,4.897728528,4.608667918,5.195199834
UKENNE_YW_TP000094,65,10,26/07/2021,5.394416535,5.029577719,4.740413118,5.328479221
UKENNE_YW_TP000094,65,11,02/08/2021,5.473442863,5.130729429,4.841219694,5.430637629
UKENNE_YW_TP000094,65,12,09/08/2021,5.364683058,5.229230967,4.940255142,5.527076201
UKENNE_YW_TP000094,65,13,16/08/2021,5.255923252,5.255998239,4.967615926,5.548936554
UKENNE_YW_TP000094,65,14,23/08/2021,5.208583596,5.203466316,4.912313831,5.492583071
UKENNE_YW_TP000094,65,15,30/08/2021,5.16124394,5.15980133,4.863692428,5.448084019
UKENNE_YW_TP000094,65,16,06/09/2021,5.306259826,5.139071943,4.843914171,5.427569888
UKENNE_YW_TP000094,65,17,13/09/2021,5.451275711,5.170908778,4.881596515,5.462778368
UKENNE_YW_TP000094,65,18,20/09/2021,5.095418384,5.143487113,4.85496171,5.43761221
UKENNE_YW_TP000094,65,19,27/09/2021,4.739561057,4.980529998,4.691207897,5.272567944
UKENNE_YW_TP000094,65,20,04/10/2021,4.757917059,4.898885063,4.608653625,5.189155578
UKENNE_YW_TP000094,65,21,11/10/2021,4.77627306,4.919617057,4.629796699,5.210172697
UKENNE_YW_TP000094,65,22,18/10/2021,4.773460131,4.914175325,4.624726636,5.205013726
UKENNE_YW_TP000094,65,23,25/10/2021,4.770647202,4.866038194,4.574434717,5.155088358
UKENNE_YW_TP000094,65,24,01/11/2021,4.443246896,4.905374654,4.611705385,5.193769707
UKENNE_YW_TP000094,65,25,08/11/2021,4.11584659,4.966337726,4.671790909,5.254714937
UKENNE_YW_TP000094,65,26,15/11/2021,4.451739952,4.926665199,4.633655355,5.215416006
UKENNE_YW_TP000094,65,27,22/11/2021,4.787633313,4.832439312,4.539957547,5.121851213
UKENNE_YW_TP000094,65,28,29/11/2021,4.970979235,4.921454207,4.627834597,5.209937222
UKENNE_YW_TP000094,65,29,06/12/2021,5.154325156,5.042267726,4.746528427,5.330341595
UKENNE_YW_TP000094,65,30,13/12/2021,5.426221083,5.077916965,4.783121929,5.366085388
UKENNE_YW_TP000094,65,31,20/12/2021,5.698117009,5.120812214,4.827976089,5.409442924
UKENNE_YW_TP000094,65,32,27/12/2021,5.871873307,5.264587793,4.973982958,5.560979324
UKENNE_YW_TP000094,65,33,03/01/2022,6.045629604,5.233831322,4.944677379,5.527031901
UKENNE_YW_TP000094,65,34,10/01/2022,5.724636363,5.088349338,4.807273791,5.375479018
UKENNE_YW_TP000094,65,35,17/01/2022,5.403643122,4.924026897,4.643077362,5.211015097
UKENNE_YW_TP000094,65,36,24/01/2022,5.736424037,4.931996751,4.65052218,5.223617502
UKENNE_YW_TP000094,65,37,31/01/2022,6.069204952,4.924390716,4.643357711,5.212398515
UKENNE_YW_TP000094,65,38,07/02/2022,5.477477926,5.026106189,4.743358038,5.308373253
UKENNE_YW_TP000094,65,39,14/02/2022,4.8857509,5.301932244,5.019798602,5.587187561
UKENNE_YW_TP000094,65,40,21/02/2022,5.363325351,5.541871223,5.260125524,5.832423438
UKENNE_YW_TP000094,65,41,28/02/2022,5.840899801,5.597950644,5.315606188,5.888464882
UKENNE_YW_TP000094,65,42,07/03/2022,5.460957606,5.551500445,5.270289346,5.837453579
UKENNE_YW_TP000094,65,43,14/03/2022,5.081015411,5.521157519,5.238831249,5.804155367
UKENNE_YW_TP000094,65,44,21/03/2022,5.362169342,5.432884229,5.149236044,5.714743909
UKENNE_YW_TP000094,65,45,28/03/2022,5.643323272,5.367415394,5.082030876,5.649902916
UKENNE_YW_TP000095,66,1,24/05/2021,3.547733582,3.624697329,3.220314398,4.029514135
UKENNE_YW_TP000095,66,2,31/05/2021,3.547733582,3.651021308,3.291170714,4.006467223
UKENNE_YW_TP000095,66,3,07/06/2021,3.703528234,3.712678176,3.35374521,4.068054934
UKENNE_YW_TP000095,66,4,14/06/2021,3.859322886,3.82069987,3.463142103,4.174886382
UKENNE_YW_TP000095,66,5,21/06/2021,3.954493664,3.88750604,3.529007209,4.241853014
UKENNE_YW_TP000095,66,6,28/06/2021,4.049664442,4.031306271,3.672543778,4.386034128
UKENNE_YW_TP000095,66,7,05/07/2021,4.095485549,4.125196815,3.767199452,4.482250868
UKENNE_YW_TP000095,66,8,12/07/2021,4.141306656,4.21428339,3.857583343,4.569961355
UKENNE_YW_TP000095,66,9,19/07/2021,4.355060819,4.343440413,3.987541531,4.698985801
UKENNE_YW_TP000095,66,10,26/07/2021,4.568814982,4.470281434,4.115696361,4.82653999
UKENNE_YW_TP000095,66,11,02/08/2021,4.749690669,4.578214761,4.223861324,4.936773005
UKENNE_YW_TP000095,66,12,09/08/2021,4.930566355,4.672426025,4.318365999,5.030513335
UKENNE_YW_TP000095,66,13,16/08/2021,4.930566355,4.740942524,4.386768096,5.098142216
UKENNE_YW_TP000095,66,14,23/08/2021,5.424955616,4.83482102,4.481413691,5.196522594
UKENNE_YW_TP000095,66,15,30/08/2021,5.096681341,4.833709121,4.479318326,5.192784047
UKENNE_YW_TP000095,66,16,06/09/2021,5.096681341,4.855953827,4.501619566,5.214700872
UKENNE_YW_TP000095,66,17,13/09/2021,4.648675597,4.810743976,4.45481832,5.166659812
UKENNE_YW_TP000095,66,18,20/09/2021,4.528944127,4.68978829,4.334221315,5.045345897
UKENNE_YW_TP000095,66,19,27/09/2021,4.024365065,4.498148165,4.141996559,4.852830107
UKENNE_YW_TP000095,66,20,04/10/2021,3.519786003,4.419959227,4.060815393,4.773674354
UKENNE_YW_TP000095,66,21,11/10/2021,3.945841374,4.475017051,4.119327329,4.830426533
UKENNE_YW_TP000095,66,22,18/10/2021,4.371896744,4.545961257,4.190173436,4.902912294
UKENNE_YW_TP000095,66,23,25/10/2021,4.271291081,4.563632213,4.204628022,4.920324319
UKENNE_YW_TP000095,66,24,01/11/2021,4.170685418,4.535840473,4.178985193,4.890707962
UKENNE_YW_TP000095,66,25,08/11/2021,4.316860202,4.528660971,4.172929352,4.885159534
UKENNE_YW_TP000095,66,26,15/11/2021,4.463034986,4.531897671,4.177578482,4.888753909
UKENNE_YW_TP000095,66,27,22/11/2021,4.777376418,4.526336628,4.173062045,4.885985317
UKENNE_YW_TP000095,66,28,29/11/2021,5.09171785,4.597097749,4.243952978,4.956803876
UKENNE_YW_TP000095,66,29,06/12/2021,5.000015446,4.61233867,4.25853697,4.969251766
UKENNE_YW_TP000095,66,30,13/12/2021,4.908313041,4.621860511,4.267977472,4.979582747
UKENNE_YW_TP000095,66,31,20/12/2021,4.908313041,4.656312755,4.302359503,5.015258747
UKENNE_YW_TP000095,66,32,27/12/2021,3.986050243,4.493815112,4.132168382,4.848651677
UKENNE_YW_TP000095,66,33,03/01/2022,3.930965598,4.397523281,4.03889076,4.751072712
UKENNE_YW_TP000095,66,34,10/01/2022,3.930965598,4.281446888,3.922345122,4.63446765
UKENNE_YW_TP000095,66,35,17/01/2022,3.887054217,4.154585437,3.793993931,4.507664094
UKENNE_YW_TP000095,66,36,24/01/2022,3.898227482,4.135995508,3.776998283,4.489287633
UKENNE_YW_TP000095,66,37,31/01/2022,4.058766153,4.199834518,3.844538136,4.555892377
UKENNE_YW_TP000095,66,38,07/02/2022,4.219304823,4.365176478,4.010422442,4.721561256
UKENNE_YW_TP000095,66,39,14/02/2022,4.414566742,4.558714614,4.203351755,4.91444348
UKENNE_YW_TP000095,66,40,21/02/2022,4.60982866,4.694153055,4.336356222,5.047558052
UKENNE_YW_TP000095,66,41,28/02/2022,4.894498493,4.797117508,4.438216593,5.150988515
UKENNE_YW_TP000095,66,42,07/03/2022,5.179168325,4.829506584,4.474827982,5.184822527
UKENNE_YW_TP000095,66,43,14/03/2022,5.169396893,4.840448465,4.486155505,5.196761315
UKENNE_YW_TP000095,66,44,21/03/2022,5.15962546,4.856483802,4.502243192,5.212654277
UKENNE_YW_TP000095,66,45,28/03/2022,5.15962546,4.898019826,4.543121916,5.255487315
UKENNE_YW_TP000096,67,1,24/05/2021,NA,4.015789623,3.626980847,4.399653151
UKENNE_YW_TP000096,67,2,31/05/2021,5.326451148,4.210262083,3.897886468,4.52566578
UKENNE_YW_TP000096,67,3,07/06/2021,5.326451148,4.303552069,3.99211194,4.621732852
UKENNE_YW_TP000096,67,4,14/06/2021,5.34324609,4.491481071,4.181171104,4.812290329
UKENNE_YW_TP000096,67,5,21/06/2021,5.360041031,4.591405972,4.280671043,4.907339283
UKENNE_YW_TP000096,67,6,28/06/2021,5.413909629,4.689464456,4.377873445,5.002997824
UKENNE_YW_TP000096,67,7,05/07/2021,5.467778227,4.730437612,4.419704741,5.047643474
UKENNE_YW_TP000096,67,8,12/07/2021,5.421910337,4.816459645,4.50604994,5.138034252
UKENNE_YW_TP000096,67,9,19/07/2021,5.376042446,4.866697387,4.556131342,5.190143518
UKENNE_YW_TP000096,67,10,26/07/2021,5.564994612,4.951487407,4.640840883,5.273886368
UKENNE_YW_TP000096,67,11,02/08/2021,5.753946778,5.044912939,4.732767324,5.372564592
UKENNE_YW_TP000096,67,12,09/08/2021,5.718360511,5.142519463,4.832282618,5.461663731
UKENNE_YW_TP000096,67,13,16/08/2021,5.682774244,5.214813346,4.90640983,5.530697954
UKENNE_YW_TP000096,67,14,23/08/2021,5.624717329,5.167182375,4.857643869,5.479868843
UKENNE_YW_TP000096,67,15,30/08/2021,5.566660413,5.126117026,4.815117124,5.437383611
UKENNE_YW_TP000096,67,16,06/09/2021,5.386681101,5.114479395,4.803914168,5.42633058
UKENNE_YW_TP000096,67,17,13/09/2021,5.206701789,5.129722407,4.820336417,5.443924747
UKENNE_YW_TP000096,67,18,20/09/2021,5.465581463,5.120061519,4.811508793,5.436301937
UKENNE_YW_TP000096,67,19,27/09/2021,5.724461136,5.003565933,4.694817172,5.324227913
UKENNE_YW_TP000096,67,20,04/10/2021,4.560568725,4.854830674,4.543285698,5.165132539
UKENNE_YW_TP000096,67,21,11/10/2021,3.396676314,4.79986463,4.475478452,5.109152957
UKENNE_YW_TP000096,67,22,18/10/2021,3.880253401,4.817511071,4.49839794,5.125928165
UKENNE_YW_TP000096,67,23,25/10/2021,4.363830487,4.790802966,4.476258683,5.099477129
UKENNE_YW_TP000096,67,24,01/11/2021,4.378588475,4.827608506,4.513560774,5.136591965
UKENNE_YW_TP000096,67,25,08/11/2021,4.393346463,4.888797721,4.572750945,5.197569123
UKENNE_YW_TP000096,67,26,15/11/2021,4.071487931,4.869069164,4.54894057,5.177615019
UKENNE_YW_TP000096,67,27,22/11/2021,3.749629399,4.799158536,4.480961009,5.107679499
UKENNE_YW_TP000096,67,28,29/11/2021,4.28006895,4.897184708,4.584046897,5.206385244
UKENNE_YW_TP000096,67,29,06/12/2021,4.810508501,5.032664688,4.722123768,5.342994031
UKENNE_YW_TP000096,67,30,13/12/2021,4.528662195,5.039286093,4.727166341,5.348593622
UKENNE_YW_TP000096,67,31,20/12/2021,4.246815889,5.040092949,4.725679069,5.348981199
UKENNE_YW_TP000096,67,32,27/12/2021,4.472025168,5.106927744,4.785991679,5.416027939
UKENNE_YW_TP000096,67,33,03/01/2022,4.697234447,5.108211434,4.78875822,5.417329673
UKENNE_YW_TP000096,67,34,10/01/2022,4.798185595,5.005164448,4.695889855,5.311111343
UKENNE_YW_TP000096,67,35,17/01/2022,4.899136743,4.850742352,4.542538449,5.156800131
UKENNE_YW_TP000096,67,36,24/01/2022,4.953617271,4.811294419,4.498580323,5.116410124
UKENNE_YW_TP000096,67,37,31/01/2022,5.008097799,4.861892932,4.552946524,5.167654849
UKENNE_YW_TP000096,67,38,07/02/2022,5.400069876,4.989836697,4.684731899,5.299618739
UKENNE_YW_TP000096,67,39,14/02/2022,5.792041952,5.240175363,4.935028745,5.559259384
UKENNE_YW_TP000096,67,40,21/02/2022,5.204625151,5.469451446,5.164512959,5.784829751
UKENNE_YW_TP000096,67,41,28/02/2022,4.617208349,5.506837039,5.196154648,5.81419198
UKENNE_YW_TP000096,67,42,07/03/2022,4.952126505,5.482711149,5.170911895,5.788097873
UKENNE_YW_TP000096,67,43,14/03/2022,5.28704466,5.466965008,5.155028686,5.771969888
UKENNE_YW_TP000096,67,44,21/03/2022,4.93357266,5.332918639,5.015303758,5.637946601
UKENNE_YW_TP000096,67,45,28/03/2022,4.580100659,5.227758424,4.90588652,5.533708613
UKENNE_YW_TP000098,68,1,24/05/2021,2.462898439,3.193492241,2.822975556,3.556629848
UKENNE_YW_TP000098,68,2,31/05/2021,2.462898439,3.295812951,2.970098012,3.603675552
UKENNE_YW_TP000098,68,3,07/06/2021,2.462898439,3.365358451,3.039382334,3.673280987
UKENNE_YW_TP000098,68,4,14/06/2021,2.945785667,3.57756136,3.265975531,3.879348777
UKENNE_YW_TP000098,68,5,21/06/2021,2.945785667,3.694050986,3.382512493,3.995783181
UKENNE_YW_TP000098,68,6,28/06/2021,2.831675522,3.823074816,3.510797991,4.124755927
UKENNE_YW_TP000098,68,7,05/07/2021,2.717565376,3.870530304,3.560052071,4.172422904
UKENNE_YW_TP000098,68,8,12/07/2021,3.833388236,3.999472776,3.697393708,4.306192891
UKENNE_YW_TP000098,68,9,19/07/2021,4.949211095,4.097978411,3.795030841,4.415649452
UKENNE_YW_TP000098,68,10,26/07/2021,4.69503875,4.21893612,3.91648267,4.534379912
UKENNE_YW_TP000098,68,11,02/08/2021,4.440866405,4.31208817,4.009968366,4.624677609
UKENNE_YW_TP000098,68,12,09/08/2021,4.226467358,4.417521074,4.115942009,4.727522086
UKENNE_YW_TP000098,68,13,16/08/2021,4.01206831,4.451852186,4.14968666,4.757202022
UKENNE_YW_TP000098,68,14,23/08/2021,4.176066727,4.404265998,4.099361864,4.706475477
UKENNE_YW_TP000098,68,15,30/08/2021,4.340065144,4.361190132,4.052503934,4.662486989
UKENNE_YW_TP000098,68,16,06/09/2021,4.762927716,4.378226684,4.073566973,4.68086373
UKENNE_YW_TP000098,68,17,13/09/2021,4.810474033,4.415725261,4.114249112,4.723611831
UKENNE_YW_TP000098,68,18,20/09/2021,4.810474033,4.357441764,4.056043373,4.667843655
UKENNE_YW_TP000098,68,19,27/09/2021,4.240196142,4.161539102,3.859496003,4.468004574
UKENNE_YW_TP000098,68,20,04/10/2021,4.045234505,4.096860353,3.794706277,4.402155269
UKENNE_YW_TP000098,68,21,11/10/2021,4.053426468,4.122020273,3.820157907,4.427843939
UKENNE_YW_TP000098,68,22,18/10/2021,4.061618431,4.139100295,3.837093788,4.444189391
UKENNE_YW_TP000098,68,23,25/10/2021,4.354395628,4.130168854,3.828208669,4.435447388
UKENNE_YW_TP000098,68,24,01/11/2021,4.647172825,4.153611254,3.852181044,4.460572627
UKENNE_YW_TP000098,68,25,08/11/2021,4.79571742,4.192630916,3.890863175,4.500415364
UKENNE_YW_TP000098,68,26,15/11/2021,4.944262015,4.131320375,3.828958189,4.438281011
UKENNE_YW_TP000098,68,27,22/11/2021,4.930361536,4.037311976,3.734208036,4.343396652
UKENNE_YW_TP000098,68,28,29/11/2021,4.916461056,4.13213019,3.828539741,4.435703282
UKENNE_YW_TP000098,68,29,06/12/2021,4.512553487,4.218737322,3.911141805,4.519872421
UKENNE_YW_TP000098,68,30,13/12/2021,4.108645918,4.237289522,3.927447519,4.538379685
UKENNE_YW_TP000098,68,31,20/12/2021,4.108645918,4.286988369,3.979153415,4.588550079
UKENNE_YW_TP000098,68,32,27/12/2021,4.983310427,4.387347547,4.085213649,4.69357789
UKENNE_YW_TP000098,68,33,03/01/2022,3.664704755,4.280866861,3.972290476,4.582298122
UKENNE_YW_TP000098,68,34,10/01/2022,3.664704755,4.143034226,3.837326482,4.441611781
UKENNE_YW_TP000098,68,35,17/01/2022,3.481544023,3.986637073,3.679675965,4.285056757
UKENNE_YW_TP000098,68,36,24/01/2022,4.616988962,3.993020966,3.691859775,4.29318841
UKENNE_YW_TP000098,68,37,31/01/2022,3.990331328,3.943024056,3.63659348,4.241602539
UKENNE_YW_TP000098,68,38,07/02/2022,3.363673694,4.051426272,3.739485496,4.350431897
UKENNE_YW_TP000098,68,39,14/02/2022,3.996613922,4.379962577,4.079744539,4.681344568
UKENNE_YW_TP000098,68,40,21/02/2022,4.62955415,4.657062812,4.358369154,4.96524799
UKENNE_YW_TP000098,68,41,28/02/2022,4.539445827,4.721343484,4.421246048,5.025768794
UKENNE_YW_TP000098,68,42,07/03/2022,4.449337503,4.681844879,4.382463471,4.984589958
UKENNE_YW_TP000098,68,43,14/03/2022,4.864392344,4.689541511,4.390750539,4.994871878
UKENNE_YW_TP000098,68,44,21/03/2022,5.279447185,4.649961066,4.351213681,4.959386808
UKENNE_YW_TP000098,68,45,28/03/2022,5.279447185,4.616479893,4.316731318,4.928341805
UKENNE_YW_TP000102,69,1,24/05/2021,NA,4.381799605,3.985856122,4.777309098
UKENNE_YW_TP000102,69,2,31/05/2021,5.14873374,4.525637876,4.219576596,4.828917229
UKENNE_YW_TP000102,69,3,07/06/2021,5.14873374,4.573329007,4.266395724,4.875233698
UKENNE_YW_TP000102,69,4,14/06/2021,5.103126537,4.710460934,4.404218438,5.011190268
UKENNE_YW_TP000102,69,5,21/06/2021,5.057519333,4.842615734,4.537293743,5.144008689
UKENNE_YW_TP000102,69,6,28/06/2021,5.35963473,5.017211535,4.71584022,5.321782379
UKENNE_YW_TP000102,69,7,05/07/2021,5.661750126,5.105898348,4.805358383,5.415864918
UKENNE_YW_TP000102,69,8,12/07/2021,5.625162795,5.128148294,4.827187963,5.435021033
UKENNE_YW_TP000102,69,9,19/07/2021,5.588575464,5.147794807,4.845587572,5.451884023
UKENNE_YW_TP000102,69,10,26/07/2021,5.576358268,5.325767842,5.024966083,5.631767124
UKENNE_YW_TP000102,69,11,02/08/2021,5.564141072,5.453830257,5.153159688,5.760329779
UKENNE_YW_TP000102,69,12,09/08/2021,5.537270475,5.558446415,5.258006264,5.866967051
UKENNE_YW_TP000102,69,13,16/08/2021,5.510399878,5.58103535,5.280546511,5.888030862
UKENNE_YW_TP000102,69,14,23/08/2021,5.839206199,5.553638874,5.252459942,5.85832177
UKENNE_YW_TP000102,69,15,30/08/2021,6.16801252,5.548817727,5.246840301,5.851994868
UKENNE_YW_TP000102,69,16,06/09/2021,5.863077217,5.509743565,5.205443852,5.81112629
UKENNE_YW_TP000102,69,17,13/09/2021,5.558141913,5.491392212,5.187425138,5.792902125
UKENNE_YW_TP000102,69,18,20/09/2021,5.354620434,5.397697747,5.092681377,5.698719408
UKENNE_YW_TP000102,69,19,27/09/2021,5.151098954,5.203851524,4.896327823,5.504543536
UKENNE_YW_TP000102,69,20,04/10/2021,5.24853895,5.195026455,4.89260755,5.498083681
UKENNE_YW_TP000102,69,21,11/10/2021,5.345978945,5.268886853,4.968593048,5.576985112
UKENNE_YW_TP000102,69,22,18/10/2021,5.183141544,5.251913841,4.950879191,5.556732801
UKENNE_YW_TP000102,69,23,25/10/2021,5.020304142,5.219050189,4.914933436,5.520443179
UKENNE_YW_TP000102,69,24,01/11/2021,4.98459578,5.26167776,4.958033451,5.563275238
UKENNE_YW_TP000102,69,25,08/11/2021,4.948887417,5.307816117,5.00509191,5.610662448
UKENNE_YW_TP000102,69,26,15/11/2021,5.172305681,5.246305719,4.944337549,5.550638429
UKENNE_YW_TP000102,69,27,22/11/2021,5.395723945,5.154201084,4.852228094,5.459883087
UKENNE_YW_TP000102,69,28,29/11/2021,5.192625021,5.244881365,4.94078031,5.546963943
UKENNE_YW_TP000102,69,29,06/12/2021,4.989526097,5.34654394,5.038789712,5.646767207
UKENNE_YW_TP000102,69,30,13/12/2021,5.575860645,5.423962179,5.12133956,5.726449785
UKENNE_YW_TP000102,69,31,20/12/2021,6.162195192,5.519667478,5.219238954,5.828999424
UKENNE_YW_TP000102,69,32,27/12/2021,5.916514894,5.571999659,5.271263534,5.881173438
UKENNE_YW_TP000102,69,33,03/01/2022,5.670834596,5.473350853,5.171397553,5.777128165
UKENNE_YW_TP000102,69,34,10/01/2022,4.995965174,5.281847576,4.982347153,5.577303592
UKENNE_YW_TP000102,69,35,17/01/2022,4.321095751,5.123898564,4.822840331,5.419006881
UKENNE_YW_TP000102,69,36,24/01/2022,4.286687814,5.085833146,4.782085966,5.38067814
UKENNE_YW_TP000102,69,37,31/01/2022,4.252279877,5.007439062,4.691975498,5.304620119
UKENNE_YW_TP000102,69,38,07/02/2022,5.166190272,5.223350921,4.921141094,5.518076611
UKENNE_YW_TP000102,69,39,14/02/2022,6.080100666,5.582318098,5.287484452,5.885694151
UKENNE_YW_TP000102,69,40,21/02/2022,5.317121669,5.756300718,5.46028487,6.055506834
UKENNE_YW_TP000102,69,41,28/02/2022,4.554142671,5.787876556,5.484471797,6.087824043
UKENNE_YW_TP000102,69,42,07/03/2022,5.000358917,5.748650864,5.450069809,6.0443578
UKENNE_YW_TP000102,69,43,14/03/2022,5.446575163,5.74887224,5.450991877,6.045110254
UKENNE_YW_TP000102,69,44,21/03/2022,5.549799967,5.714668378,5.417250083,6.011355827
UKENNE_YW_TP000102,69,45,28/03/2022,5.65302477,5.701186005,5.400699955,6.003272981
UKENNE_YW_TP000107,70,1,24/05/2021,3.151602837,3.289961631,2.928225742,3.647697476
UKENNE_YW_TP000107,70,2,31/05/2021,3.151602837,3.400736479,3.09467134,3.692119971
UKENNE_YW_TP000107,70,3,07/06/2021,3.008062425,3.456500453,3.147733124,3.748773227
UKENNE_YW_TP000107,70,4,14/06/2021,2.864522012,3.62704934,3.322512636,3.916525372
UKENNE_YW_TP000107,70,5,21/06/2021,3.530398879,3.772933852,3.474969717,4.0608745
UKENNE_YW_TP000107,70,6,28/06/2021,4.196275745,3.929115051,3.637036073,4.216395266
UKENNE_YW_TP000107,70,7,05/07/2021,3.912486609,3.989026666,3.698544652,4.277023891
UKENNE_YW_TP000107,70,8,12/07/2021,3.628697472,4.067230456,3.779029387,4.357318548
UKENNE_YW_TP000107,70,9,19/07/2021,4.137790547,4.133279354,3.845975712,4.428863597
UKENNE_YW_TP000107,70,10,26/07/2021,4.646883621,4.27799041,3.990217856,4.576167358
UKENNE_YW_TP000107,70,11,02/08/2021,4.870010291,4.380712533,4.092920388,4.678285417
UKENNE_YW_TP000107,70,12,09/08/2021,5.093136961,4.489947051,4.202144704,4.788380807
UKENNE_YW_TP000107,70,13,16/08/2021,4.656255117,4.509309284,4.222581565,4.801501079
UKENNE_YW_TP000107,70,14,23/08/2021,4.219373272,4.450623857,4.160890691,4.737968368
UKENNE_YW_TP000107,70,15,30/08/2021,3.844632068,4.401606462,4.105160402,4.688631003
UKENNE_YW_TP000107,70,16,06/09/2021,3.469890863,4.386464543,4.090962316,4.673344116
UKENNE_YW_TP000107,70,17,13/09/2021,4.27455557,4.425126583,4.137384526,4.714746116
UKENNE_YW_TP000107,70,18,20/09/2021,5.079220277,4.390388388,4.103357531,4.684532422
UKENNE_YW_TP000107,70,19,27/09/2021,4.597222034,4.20812215,3.920413967,4.499016658
UKENNE_YW_TP000107,70,20,04/10/2021,4.11522379,4.140684653,3.852695527,4.430018717
UKENNE_YW_TP000107,70,21,11/10/2021,4.55432801,4.179168621,3.892147459,4.470697837
UKENNE_YW_TP000107,70,22,18/10/2021,4.993432229,4.181070575,3.894202644,4.472847761
UKENNE_YW_TP000107,70,23,25/10/2021,4.477949741,4.135739433,3.847151403,4.423869184
UKENNE_YW_TP000107,70,24,01/11/2021,3.962467253,4.165067646,3.874827404,4.452248264
UKENNE_YW_TP000107,70,25,08/11/2021,4.087269585,4.22049024,3.930424686,4.507889482
UKENNE_YW_TP000107,70,26,15/11/2021,4.212071917,4.17091179,3.881642662,4.459123028
UKENNE_YW_TP000107,70,27,22/11/2021,3.752927718,4.069869631,3.779785367,4.357974038
UKENNE_YW_TP000107,70,28,29/11/2021,3.293783519,4.153209275,3.859518824,4.439969647
UKENNE_YW_TP000107,70,29,06/12/2021,3.199195841,4.256782732,3.957211765,4.544309328
UKENNE_YW_TP000107,70,30,13/12/2021,3.104608162,4.297739871,3.999744313,4.585048852
UKENNE_YW_TP000107,70,31,20/12/2021,3.104608162,4.357554767,4.063678159,4.644712714
UKENNE_YW_TP000107,70,32,27/12/2021,5.006478428,4.502810402,4.214943287,4.798322067
UKENNE_YW_TP000107,70,33,03/01/2022,4.330337535,4.437333829,4.149699438,4.727596116
UKENNE_YW_TP000107,70,34,10/01/2022,4.330337535,4.282664107,4.000444791,4.567653466
UKENNE_YW_TP000107,70,35,17/01/2022,4.1821223,4.120845827,3.838557079,4.405375686
UKENNE_YW_TP000107,70,36,24/01/2022,4.710047959,4.12977014,3.848096873,4.419285021
UKENNE_YW_TP000107,70,37,31/01/2022,3.909059785,4.0858167,3.802710545,4.369378457
UKENNE_YW_TP000107,70,38,07/02/2022,3.108071611,4.189587402,3.900034978,4.471240276
UKENNE_YW_TP000107,70,39,14/02/2022,4.235688638,4.505295161,4.221831848,4.789880831
UKENNE_YW_TP000107,70,40,21/02/2022,5.363305665,4.759869243,4.477455621,5.0517306
UKENNE_YW_TP000107,70,41,28/02/2022,5.545456306,4.819624278,4.536181918,5.112226642
UKENNE_YW_TP000107,70,42,07/03/2022,5.727606947,4.777697821,4.495909843,5.067522121
UKENNE_YW_TP000107,70,43,14/03/2022,5.510935315,4.759909506,4.478135653,5.047392905
UKENNE_YW_TP000107,70,44,21/03/2022,5.294263682,4.694786221,4.412943951,4.982014103
UKENNE_YW_TP000107,70,45,28/03/2022,5.294263682,4.650483707,4.367305994,4.93962808
UKENNE_YW_TP000112,71,1,24/05/2021,NA,4.056411507,3.641158744,4.477544338
UKENNE_YW_TP000112,71,2,31/05/2021,4.04181964,4.234099265,3.919687314,4.551883354
UKENNE_YW_TP000112,71,3,07/06/2021,4.04181964,4.280951698,3.9710951,4.592219527
UKENNE_YW_TP000112,71,4,14/06/2021,4.137367749,4.36792274,4.057027254,4.677704103
UKENNE_YW_TP000112,71,5,21/06/2021,4.232915857,4.509088319,4.19816156,4.820037815
UKENNE_YW_TP000112,71,6,28/06/2021,4.706711573,4.680916344,4.372931096,4.996207306
UKENNE_YW_TP000112,71,7,05/07/2021,5.180507289,4.770382,4.462366969,5.088752035
UKENNE_YW_TP000112,71,8,12/07/2021,4.408005153,4.683309255,4.365076574,4.991139066
UKENNE_YW_TP000112,71,9,19/07/2021,3.635503016,4.64320994,4.304976683,4.956614839
UKENNE_YW_TP000112,71,10,26/07/2021,4.079758847,4.887993409,4.566237697,5.196217727
UKENNE_YW_TP000112,71,11,02/08/2021,4.524014678,5.077417843,4.764503016,5.386213698
UKENNE_YW_TP000112,71,12,09/08/2021,5.464525547,5.171247383,4.863065075,5.485821356
UKENNE_YW_TP000112,71,13,16/08/2021,6.405036415,5.224214984,4.9148627,5.551337415
UKENNE_YW_TP000112,71,14,23/08/2021,5.710725283,5.183497396,4.875441929,5.498913799
UKENNE_YW_TP000112,71,15,30/08/2021,5.01641415,5.207168207,4.898125376,5.519282363
UKENNE_YW_TP000112,71,16,06/09/2021,4.917526244,5.176510116,4.866440623,5.487171759
UKENNE_YW_TP000112,71,17,13/09/2021,4.818638338,5.106026918,4.792460405,5.414372961
UKENNE_YW_TP000112,71,18,20/09/2021,4.413110412,4.993604969,4.677655299,5.301464567
UKENNE_YW_TP000112,71,19,27/09/2021,4.007582486,4.830960578,4.514875946,5.139017812
UKENNE_YW_TP000112,71,20,04/10/2021,4.767436826,4.826463317,4.517615615,5.139929179
UKENNE_YW_TP000112,71,21,11/10/2021,5.527291165,4.866541913,4.557655368,5.190632488
UKENNE_YW_TP000112,71,22,18/10/2021,5.167748557,4.818334547,4.509949634,5.133319152
UKENNE_YW_TP000112,71,23,25/10/2021,4.808205949,4.812014636,4.500346937,5.121168325
UKENNE_YW_TP000112,71,24,01/11/2021,4.805604223,4.890809165,4.579014403,5.199858081
UKENNE_YW_TP000112,71,25,08/11/2021,4.803002497,4.937610479,4.625119727,5.246580797
UKENNE_YW_TP000112,71,26,15/11/2021,4.728727291,4.831885932,4.516336431,5.140028962
UKENNE_YW_TP000112,71,27,22/11/2021,4.654452084,4.72153361,4.404694234,5.029788898
UKENNE_YW_TP000112,71,28,29/11/2021,4.776975366,4.862516932,4.549677635,5.1712196
UKENNE_YW_TP000112,71,29,06/12/2021,4.899498647,5.025202451,4.715865959,5.336458463
UKENNE_YW_TP000112,71,30,13/12/2021,5.511947038,5.095536992,4.787764033,5.413208725
UKENNE_YW_TP000112,71,31,20/12/2021,6.124395428,5.186422767,4.875559877,5.515233092
UKENNE_YW_TP000112,71,32,27/12/2021,5.631442037,5.166188648,4.857131422,5.481287884
UKENNE_YW_TP000112,71,33,03/01/2022,4.738525158,5.055074222,4.7352679,5.36431809
UKENNE_YW_TP000112,71,34,10/01/2022,4.738525158,4.910762536,4.604815071,5.218708214
UKENNE_YW_TP000112,71,35,17/01/2022,4.338561669,4.797128103,4.49271612,5.113151891
UKENNE_YW_TP000112,71,36,24/01/2022,5.769177584,4.763092486,4.458646936,5.080741804
UKENNE_YW_TP000112,71,37,31/01/2022,5.769177584,4.70350273,4.397562915,5.011877897
UKENNE_YW_TP000112,71,38,07/02/2022,5.449049017,4.894677144,4.589118518,5.202859356
UKENNE_YW_TP000112,71,39,14/02/2022,5.12892045,5.135405401,4.826751907,5.44150865
UKENNE_YW_TP000112,71,40,21/02/2022,4.939351719,5.265551129,4.954111313,5.570205836
UKENNE_YW_TP000112,71,41,28/02/2022,4.749782988,5.309009157,4.993387189,5.617724791
UKENNE_YW_TP000112,71,42,07/03/2022,5.056981802,5.285383351,4.973319809,5.589519608
UKENNE_YW_TP000112,71,43,14/03/2022,5.364180616,5.296011083,4.984106038,5.600228791
UKENNE_YW_TP000112,71,44,21/03/2022,5.333600031,5.2756783,4.965326626,5.580243068
UKENNE_YW_TP000112,71,45,28/03/2022,5.303019445,5.270000879,4.957322089,5.579942022
UKENNE_YW_TP000119,72,1,24/05/2021,NA,4.498432823,4.088326976,4.910676701
UKENNE_YW_TP000119,72,2,31/05/2021,4.643395943,4.620170499,4.298457993,4.941007531
UKENNE_YW_TP000119,72,3,07/06/2021,4.643395943,4.667329411,4.34567582,4.986099209
UKENNE_YW_TP000119,72,4,14/06/2021,4.9373073,4.799122847,4.480764846,5.116782759
UKENNE_YW_TP000119,72,5,21/06/2021,5.231218657,4.904794767,4.586530535,5.223163984
UKENNE_YW_TP000119,72,6,28/06/2021,5.456152706,5.073254158,4.756766982,5.394694417
UKENNE_YW_TP000119,72,7,05/07/2021,5.681086755,5.171889381,4.855805519,5.499413526
UKENNE_YW_TP000119,72,8,12/07/2021,5.607692933,5.197613632,4.881276782,5.519839292
UKENNE_YW_TP000119,72,9,19/07/2021,5.534299111,5.24369194,4.925092054,5.562568977
UKENNE_YW_TP000119,72,10,26/07/2021,5.603926278,5.424894724,5.108685939,5.745298222
UKENNE_YW_TP000119,72,11,02/08/2021,5.673553444,5.566931752,5.251487676,5.88976147
UKENNE_YW_TP000119,72,12,09/08/2021,5.646421992,5.642579787,5.326444784,5.963485363
UKENNE_YW_TP000119,72,13,16/08/2021,5.619290539,5.667560814,5.350716907,5.987055543
UKENNE_YW_TP000119,72,14,23/08/2021,5.914412683,5.686794455,5.370632814,6.007326675
UKENNE_YW_TP000119,72,15,30/08/2021,6.209534826,5.717418861,5.401884581,6.040863301
UKENNE_YW_TP000119,72,16,06/09/2021,5.934125492,5.696521832,5.380060512,6.016693111
UKENNE_YW_TP000119,72,17,13/09/2021,5.658716158,5.660085307,5.342624611,5.978430371
UKENNE_YW_TP000119,72,18,20/09/2021,4.461134302,5.472357637,5.140656021,5.788214577
UKENNE_YW_TP000119,72,19,27/09/2021,3.263552446,5.216879178,4.865220748,5.539340261
UKENNE_YW_TP000119,72,20,04/10/2021,4.408095325,5.277302776,4.954204136,5.592860819
UKENNE_YW_TP000119,72,21,11/10/2021,5.552638204,5.405851729,5.090521536,5.731995925
UKENNE_YW_TP000119,72,22,18/10/2021,5.676676319,5.418643367,5.102877607,5.743063633
UKENNE_YW_TP000119,72,23,25/10/2021,5.800714433,5.429504475,5.113868394,5.752459141
UKENNE_YW_TP000119,72,24,01/11/2021,5.835938899,5.444453435,5.129254581,5.767972882
UKENNE_YW_TP000119,72,25,08/11/2021,5.871163365,5.455605541,5.140002631,5.780491753
UKENNE_YW_TP000119,72,26,15/11/2021,6.116222207,5.397455463,5.081639648,5.725142368
UKENNE_YW_TP000119,72,27,22/11/2021,6.361281049,5.329542417,5.013260715,5.660741107
UKENNE_YW_TP000119,72,28,29/11/2021,6.250564553,5.426140046,5.110689621,5.752335241
UKENNE_YW_TP000119,72,29,06/12/2021,6.139848056,5.51571405,5.200185547,5.838663076
UKENNE_YW_TP000119,72,30,13/12/2021,5.991948134,5.561522724,5.24614518,5.884749098
UKENNE_YW_TP000119,72,31,20/12/2021,5.844048211,5.629715431,5.3138431,5.954575333
UKENNE_YW_TP000119,72,32,27/12/2021,5.742321317,5.597224713,5.280458353,5.917627395
UKENNE_YW_TP000119,72,33,03/01/2022,5.640594422,5.478439696,5.159992816,5.795717911
UKENNE_YW_TP000119,72,34,10/01/2022,5.117838746,5.290560876,4.970941632,5.60202668
UKENNE_YW_TP000119,72,35,17/01/2022,4.595083069,5.134171631,4.810413103,5.445577841
UKENNE_YW_TP000119,72,36,24/01/2022,4.045367373,5.057676461,4.721544283,5.371860465
UKENNE_YW_TP000119,72,37,31/01/2022,3.495651677,4.978427916,4.628162465,5.299413114
UKENNE_YW_TP000119,72,38,07/02/2022,4.57252673,5.248493028,4.925813229,5.559951988
UKENNE_YW_TP000119,72,39,14/02/2022,5.649401782,5.603351462,5.291159219,5.92111694
UKENNE_YW_TP000119,72,40,21/02/2022,5.611844002,5.760909856,5.445967735,6.07482309
UKENNE_YW_TP000119,72,41,28/02/2022,5.574286222,5.819337422,5.499107685,6.134460831
UKENNE_YW_TP000119,72,42,07/03/2022,5.861986756,5.784230641,5.467965384,6.096631705
UKENNE_YW_TP000119,72,43,14/03/2022,6.14968729,5.786986436,5.471261698,6.100038423
UKENNE_YW_TP000119,72,44,21/03/2022,5.630773324,5.765285463,5.446664261,6.077174759
UKENNE_YW_TP000119,72,45,28/03/2022,5.111859357,5.761431809,5.436113417,6.076445068
UKENNE_YW_TP000141,73,1,24/05/2021,NA,3.852648314,3.447378711,4.26201959
UKENNE_YW_TP000141,73,2,31/05/2021,4.888523228,4.029618784,3.728702057,4.335254481
UKENNE_YW_TP000141,73,3,07/06/2021,4.888523228,4.07693506,3.779024887,4.378182109
UKENNE_YW_TP000141,73,4,14/06/2021,4.905656687,4.169814229,3.871302919,4.469088063
UKENNE_YW_TP000141,73,5,21/06/2021,4.922790146,4.299801881,4.001080358,4.599626517
UKENNE_YW_TP000141,73,6,28/06/2021,4.958540763,4.475456182,4.178521956,4.779446689
UKENNE_YW_TP000141,73,7,05/07/2021,4.994291379,4.567717671,4.270402127,4.875387605
UKENNE_YW_TP000141,73,8,12/07/2021,3.997097995,4.498197863,4.194587581,4.79506695
UKENNE_YW_TP000141,73,9,19/07/2021,2.99990461,4.463333473,4.140241387,4.765709477
UKENNE_YW_TP000141,73,10,26/07/2021,4.072908916,4.703728711,4.39714516,5.000782809
UKENNE_YW_TP000141,73,11,02/08/2021,5.145913222,4.89269271,4.59429763,5.19172974
UKENNE_YW_TP000141,73,12,09/08/2021,5.038612805,4.982269983,4.685215815,5.284427208
UKENNE_YW_TP000141,73,13,16/08/2021,4.931312388,5.023238167,4.726136675,5.330511438
UKENNE_YW_TP000141,73,14,23/08/2021,5.508159716,5.006038528,4.709183677,5.309954105
UKENNE_YW_TP000141,73,15,30/08/2021,6.085007043,5.035586114,4.738756082,5.339547606
UKENNE_YW_TP000141,73,16,06/09/2021,5.575900212,4.989499437,4.691289285,5.288822549
UKENNE_YW_TP000141,73,17,13/09/2021,5.066793381,4.918719365,4.616455236,5.215649607
UKENNE_YW_TP000141,73,18,20/09/2021,5.260299394,4.802454124,4.498405254,5.099303409
UKENNE_YW_TP000141,73,19,27/09/2021,5.453805406,4.627578636,4.323941513,4.924849363
UKENNE_YW_TP000141,73,20,04/10/2021,5.258360064,4.634982565,4.337253661,4.935871232
UKENNE_YW_TP000141,73,21,11/10/2021,5.062914722,4.695488242,4.398174642,5.003049492
UKENNE_YW_TP000141,73,22,18/10/2021,4.551025911,4.657143122,4.359820482,4.958232241
UKENNE_YW_TP000141,73,23,25/10/2021,4.039137099,4.640010144,4.338989084,4.937366804
UKENNE_YW_TP000141,73,24,01/11/2021,4.267094601,4.705361904,4.405395927,5.003034766
UKENNE_YW_TP000141,73,25,08/11/2021,4.495052103,4.750360138,4.450994208,5.048881775
UKENNE_YW_TP000141,73,26,15/11/2021,3.787059757,4.650949174,4.348964986,4.94822472
UKENNE_YW_TP000141,73,27,22/11/2021,3.07906741,4.54229241,4.238081375,4.839464346
UKENNE_YW_TP000141,73,28,29/11/2021,4.307715958,4.685248254,4.385518146,4.983395774
UKENNE_YW_TP000141,73,29,06/12/2021,5.536364506,4.843209181,4.546095481,5.145533753
UKENNE_YW_TP000141,73,30,13/12/2021,5.4414138,4.913061252,4.616076202,5.22011592
UKENNE_YW_TP000141,73,31,20/12/2021,5.346463093,5.000750783,4.701426014,5.314867947
UKENNE_YW_TP000141,73,32,27/12/2021,4.677150559,4.975508791,4.677569789,5.277656441
UKENNE_YW_TP000141,73,33,03/01/2022,4.007838024,4.851696465,4.54502703,5.149278608
UKENNE_YW_TP000141,73,34,10/01/2022,4.575453081,4.70223904,4.409548782,4.993752825
UKENNE_YW_TP000141,73,35,17/01/2022,5.143068137,4.59433728,4.304137057,4.892176804
UKENNE_YW_TP000141,73,36,24/01/2022,4.071160914,4.526396551,4.234944393,4.8188399
UKENNE_YW_TP000141,73,37,31/01/2022,2.999253691,4.433523682,4.130462506,4.724731658
UKENNE_YW_TP000141,73,38,07/02/2022,3.487604158,4.667581879,4.373496345,4.958148143
UKENNE_YW_TP000141,73,39,14/02/2022,3.975954624,4.96567558,4.673944036,5.258271626
UKENNE_YW_TP000141,73,40,21/02/2022,4.887858887,5.119583798,4.827436926,5.411989697
UKENNE_YW_TP000141,73,41,28/02/2022,5.799763149,5.17460279,4.876396263,5.474854207
UKENNE_YW_TP000141,73,42,07/03/2022,5.276840884,5.115797632,4.821012321,5.406219445
UKENNE_YW_TP000141,73,43,14/03/2022,4.753918619,5.100822204,4.801681429,5.391219449
UKENNE_YW_TP000141,73,44,21/03/2022,5.090043702,5.083973777,4.786674354,5.374341863
UKENNE_YW_TP000141,73,45,28/03/2022,5.426168785,5.090804926,4.789679065,5.388664049
UKENNW_UU_TP000012,74,1,24/05/2021,NA,4.550787932,4.117363152,4.984685413
UKENNW_UU_TP000012,74,2,31/05/2021,4.925826852,4.673469515,4.316918486,5.032453661
UKENNW_UU_TP000012,74,3,07/06/2021,5.34438098,4.794848244,4.439053641,5.157540433
UKENNW_UU_TP000012,74,4,14/06/2021,5.34438098,4.94107521,4.585000331,5.302749717
UKENNW_UU_TP000012,74,5,21/06/2021,5.762935108,5.092028621,4.73626463,5.454829207
UKENNW_UU_TP000012,74,6,28/06/2021,5.348575626,5.125830919,4.769950761,5.485010495
UKENNW_UU_TP000012,74,7,05/07/2021,5.348575626,5.158100972,4.801854664,5.521929683
UKENNW_UU_TP000012,74,8,12/07/2021,5.394831841,5.185014007,4.82874571,5.548172272
UKENNW_UU_TP000012,74,9,19/07/2021,5.441088055,5.232811632,4.876884556,5.593945005
UKENNW_UU_TP000012,74,10,26/07/2021,5.330996194,5.290746507,4.933767627,5.652317763
UKENNW_UU_TP000012,74,11,02/08/2021,5.220904333,5.360388503,5.003418084,5.722729704
UKENNW_UU_TP000012,74,12,09/08/2021,5.608569914,5.51430132,5.157855734,5.876991555
UKENNW_UU_TP000012,74,13,16/08/2021,5.996235495,5.640562472,5.285207803,6.003669732
UKENNW_UU_TP000012,74,14,23/08/2021,5.387527388,5.550802907,5.194134844,5.908910806
UKENNW_UU_TP000012,74,15,30/08/2021,4.77881928,5.488058959,5.128236726,5.84337477
UKENNW_UU_TP000012,74,16,06/09/2021,4.649990185,5.457053856,5.096609866,5.812538252
UKENNW_UU_TP000012,74,17,13/09/2021,4.521161089,5.444912794,5.083654093,5.80052916
UKENNW_UU_TP000012,74,18,20/09/2021,4.73923793,5.443973387,5.082158072,5.799069543
UKENNW_UU_TP000012,74,19,27/09/2021,4.95731477,5.395452804,5.036078394,5.750857352
UKENNW_UU_TP000012,74,20,04/10/2021,5.12992494,5.335322419,4.977908824,5.692808512
UKENNW_UU_TP000012,74,21,11/10/2021,5.30253511,5.348643693,4.99252236,5.70562551
UKENNW_UU_TP000012,74,22,18/10/2021,5.139673708,5.270185822,4.913079213,5.626993413
UKENNW_UU_TP000012,74,23,25/10/2021,4.976812306,5.162278095,4.803699946,5.519762538
UKENNW_UU_TP000012,74,24,01/11/2021,4.739840633,5.164192258,4.802364067,5.520424757
UKENNW_UU_TP000012,74,25,08/11/2021,4.502868959,5.267442221,4.902428601,5.623146584
UKENNW_UU_TP000012,74,26,15/11/2021,5.404860838,5.461245167,5.104737377,5.819170229
UKENNW_UU_TP000012,74,27,22/11/2021,6.306852716,5.506124047,5.150433471,5.872956274
UKENNW_UU_TP000012,74,28,29/11/2021,6.176729104,5.421778937,5.066563392,5.78695435
UKENNW_UU_TP000012,74,29,06/12/2021,6.046605492,5.50162801,5.146209219,5.866595397
UKENNW_UU_TP000012,74,30,13/12/2021,6.261817308,5.552257055,5.196002519,5.922183635
UKENNW_UU_TP000012,74,31,20/12/2021,6.477029124,5.580059957,5.219677866,5.956647999
UKENNW_UU_TP000012,74,32,27/12/2021,6.050330416,5.556146555,5.201020916,5.916637455
UKENNW_UU_TP000012,74,33,03/01/2022,5.559064439,5.496248829,5.13452053,5.852055497
UKENNW_UU_TP000012,74,34,10/01/2022,5.559064439,5.357504457,4.998119614,5.713537223
UKENNW_UU_TP000012,74,35,17/01/2022,5.494497171,5.219715009,4.861986254,5.575543735
UKENNW_UU_TP000012,74,36,24/01/2022,4.381968456,5.100033807,4.73005552,5.456314683
UKENNW_UU_TP000012,74,37,31/01/2022,4.381968456,5.177712349,4.798864487,5.542222302
UKENNW_UU_TP000012,74,38,07/02/2022,4.705519367,5.331491738,4.960705385,5.69039341
UKENNW_UU_TP000012,74,39,14/02/2022,5.029070277,5.475975972,5.111282937,5.830245566
UKENNW_UU_TP000012,74,40,21/02/2022,5.3233258,5.617549175,5.250164453,5.97319256
UKENNW_UU_TP000012,74,41,28/02/2022,5.617581322,5.687363559,5.283006477,6.085077746
UKENNW_UU_TP000012,74,42,07/03/2022,5.939374326,5.883701284,5.522297992,6.23966875
UKENNW_UU_TP000012,74,43,14/03/2022,6.261167329,5.936226997,5.577446111,6.293973552
UKENNW_UU_TP000012,74,44,21/03/2022,6.067144945,5.717348836,5.359147925,6.072401632
UKENNW_UU_TP000012,74,45,28/03/2022,5.87312256,5.531691768,5.170958691,5.888548161
UKENNW_UU_TP000017,75,1,24/05/2021,NA,4.610420161,4.176015214,5.047340122
UKENNW_UU_TP000017,75,2,31/05/2021,NA,4.780368532,4.401309362,5.158713321
UKENNW_UU_TP000017,75,3,07/06/2021,NA,4.839910862,4.46062928,5.217842184
UKENNW_UU_TP000017,75,4,14/06/2021,NA,4.939342203,4.559436811,5.316835611
UKENNW_UU_TP000017,75,5,21/06/2021,NA,5.091907921,4.712789929,5.470238562
UKENNW_UU_TP000017,75,6,28/06/2021,NA,5.21727563,4.839744057,5.597501374
UKENNW_UU_TP000017,75,7,05/07/2021,NA,5.261809512,4.883835147,5.643565913
UKENNW_UU_TP000017,75,8,12/07/2021,NA,5.271580961,4.882361637,5.663548948
UKENNW_UU_TP000017,75,9,19/07/2021,NA,5.294258515,4.921987501,5.671357388
UKENNW_UU_TP000017,75,10,26/07/2021,NA,5.402166162,5.029537452,5.780076897
UKENNW_UU_TP000017,75,11,02/08/2021,NA,5.463181756,5.089994523,5.840653667
UKENNW_UU_TP000017,75,12,09/08/2021,NA,5.550423839,5.177749102,5.926449091
UKENNW_UU_TP000017,75,13,16/08/2021,NA,5.630535459,5.258310737,6.00793517
UKENNW_UU_TP000017,75,14,23/08/2021,NA,5.662108052,5.289462771,6.042154449
UKENNW_UU_TP000017,75,15,30/08/2021,NA,5.673881162,5.300608589,6.055516165
UKENNW_UU_TP000017,75,16,06/09/2021,NA,5.642771632,5.269146666,6.024353551
UKENNW_UU_TP000017,75,17,13/09/2021,NA,5.596345714,5.221284689,5.980318419
UKENNW_UU_TP000017,75,18,20/09/2021,NA,5.599561329,5.22668947,5.980378743
UKENNW_UU_TP000017,75,19,27/09/2021,NA,5.482062107,5.110041502,5.855227151
UKENNW_UU_TP000017,75,20,04/10/2021,NA,5.371994487,4.998468712,5.744080044
UKENNW_UU_TP000017,75,21,11/10/2021,NA,5.384829423,5.012843456,5.758973696
UKENNW_UU_TP000017,75,22,18/10/2021,NA,5.314680577,4.942358927,5.691380307
UKENNW_UU_TP000017,75,23,25/10/2021,NA,5.284127297,4.910817016,5.663930253
UKENNW_UU_TP000017,75,24,01/11/2021,NA,5.373866639,5.001239593,5.751760844
UKENNW_UU_TP000017,75,25,08/11/2021,NA,5.419377414,5.046086772,5.793096112
UKENNW_UU_TP000017,75,26,15/11/2021,NA,5.441750912,5.068813011,5.81449081
UKENNW_UU_TP000017,75,27,22/11/2021,NA,5.393332837,5.021272548,5.76782342
UKENNW_UU_TP000017,75,28,29/11/2021,NA,5.295186945,4.919704927,5.668531641
UKENNW_UU_TP000017,75,29,06/12/2021,NA,5.31213108,4.928820596,5.686099342
UKENNW_UU_TP000017,75,30,13/12/2021,NA,5.314124643,4.930953366,5.687739943
UKENNW_UU_TP000017,75,31,20/12/2021,5.215946613,5.360593958,5.013860183,5.703831214
UKENNW_UU_TP000017,75,32,27/12/2021,5.215946613,5.509940434,5.169123279,5.849564848
UKENNW_UU_TP000017,75,33,03/01/2022,5.405008394,5.557892153,5.212895212,5.898429145
UKENNW_UU_TP000017,75,34,10/01/2022,5.594070174,5.379512406,5.038062354,5.718830624
UKENNW_UU_TP000017,75,35,17/01/2022,5.423699419,5.220919851,4.880594794,5.560572132
UKENNW_UU_TP000017,75,36,24/01/2022,5.253328663,5.157183909,4.815332507,5.496701414
UKENNW_UU_TP000017,75,37,31/01/2022,5.605619472,5.335003237,4.990638178,5.675005303
UKENNW_UU_TP000017,75,38,07/02/2022,5.957910281,5.599691713,5.25968085,5.939680781
UKENNW_UU_TP000017,75,39,14/02/2022,6.276903635,5.843916232,5.504187156,6.186890744
UKENNW_UU_TP000017,75,40,21/02/2022,6.595896989,5.958854202,5.618998177,6.302476307
UKENNW_UU_TP000017,75,41,28/02/2022,5.85254303,5.978643122,5.639208803,6.319915866
UKENNW_UU_TP000017,75,42,07/03/2022,5.10918907,5.992067922,5.651968696,6.331898398
UKENNW_UU_TP000017,75,43,14/03/2022,5.535189851,5.989726863,5.649974512,6.329677377
UKENNW_UU_TP000017,75,44,21/03/2022,5.961190632,5.936410279,5.596968844,6.279071987
UKENNW_UU_TP000017,75,45,28/03/2022,6.10156389,5.89159417,5.549342838,6.2396936
UKENNW_UU_TP000018,76,1,24/05/2021,NA,4.139500913,3.733049931,4.549520454
UKENNW_UU_TP000018,76,2,31/05/2021,4.312214638,4.365118661,4.054701367,4.681718266
UKENNW_UU_TP000018,76,3,07/06/2021,4.129610792,4.41978926,4.10804864,4.733883245
UKENNW_UU_TP000018,76,4,14/06/2021,4.129610792,4.539657195,4.226513839,4.852088602
UKENNW_UU_TP000018,76,5,21/06/2021,3.947006945,4.643481238,4.325246663,4.954441315
UKENNW_UU_TP000018,76,6,28/06/2021,4.893892536,4.746086559,4.433051576,5.057573085
UKENNW_UU_TP000018,76,7,05/07/2021,4.893892536,4.752762332,4.439063891,5.064107046
UKENNW_UU_TP000018,76,8,12/07/2021,4.592348777,4.785083373,4.469633738,5.09745013
UKENNW_UU_TP000018,76,9,19/07/2021,4.290805018,4.807425507,4.493115867,5.118033357
UKENNW_UU_TP000018,76,10,26/07/2021,4.398369309,4.834212151,4.515510977,5.144065093
UKENNW_UU_TP000018,76,11,02/08/2021,4.505933599,4.855270087,4.531910291,5.166028608
UKENNW_UU_TP000018,76,12,09/08/2021,4.843453129,4.997105039,4.676952316,5.307135439
UKENNW_UU_TP000018,76,13,16/08/2021,5.180972658,5.099522249,4.788420069,5.403732898
UKENNW_UU_TP000018,76,14,23/08/2021,4.840694538,5.076580602,4.762701608,5.380779615
UKENNW_UU_TP000018,76,15,30/08/2021,4.500416417,5.052607036,4.7368912,5.357062556
UKENNW_UU_TP000018,76,16,06/09/2021,3.755382236,5.004867005,4.685705033,5.310293576
UKENNW_UU_TP000018,76,17,13/09/2021,3.010348054,4.964618692,4.641667296,5.271089149
UKENNW_UU_TP000018,76,18,20/09/2021,3.934724481,5.022726966,4.709831791,5.327048599
UKENNW_UU_TP000018,76,19,27/09/2021,4.859100907,4.98609636,4.679608096,5.292187604
UKENNW_UU_TP000018,76,20,04/10/2021,5.124583984,4.891534186,4.585222675,5.19898869
UKENNW_UU_TP000018,76,21,11/10/2021,5.390067061,4.930443063,4.6260558,5.240878081
UKENNW_UU_TP000018,76,22,18/10/2021,5.278422319,4.853559206,4.548693146,5.162875568
UKENNW_UU_TP000018,76,23,25/10/2021,5.166777576,4.709489146,4.399896811,5.015536281
UKENNW_UU_TP000018,76,24,01/11/2021,5.448969984,4.809920148,4.502894547,5.118674375
UKENNW_UU_TP000018,76,25,08/11/2021,5.731162391,4.994209985,4.688344687,5.314173932
UKENNW_UU_TP000018,76,26,15/11/2021,5.654430843,5.075259311,4.770207163,5.395098954
UKENNW_UU_TP000018,76,27,22/11/2021,5.577699294,5.002468814,4.697471304,5.321689378
UKENNW_UU_TP000018,76,28,29/11/2021,5.695623774,4.967282453,4.66247922,5.284848306
UKENNW_UU_TP000018,76,29,06/12/2021,5.813548254,5.072838729,4.768570219,5.388146104
UKENNW_UU_TP000018,76,30,13/12/2021,5.564704175,5.085921412,4.781979242,5.397977817
UKENNW_UU_TP000018,76,31,20/12/2021,5.315860096,5.059211696,4.754815749,5.367299813
UKENNW_UU_TP000018,76,32,27/12/2021,5.561658972,5.170590497,4.866104854,5.476319777
UKENNW_UU_TP000018,76,33,03/01/2022,5.807457848,5.26620832,4.962619229,5.577589441
UKENNW_UU_TP000018,76,34,10/01/2022,5.172108501,5.073216695,4.769889896,5.379564493
UKENNW_UU_TP000018,76,35,17/01/2022,4.536759153,4.862547084,4.556566569,5.165730883
UKENNW_UU_TP000018,76,36,24/01/2022,5.03732593,4.884903304,4.582397861,5.192382664
UKENNW_UU_TP000018,76,37,31/01/2022,5.537892707,5.04164011,4.739270286,5.352721647
UKENNW_UU_TP000018,76,38,07/02/2022,5.466047095,5.175787711,4.873375945,5.48472849
UKENNW_UU_TP000018,76,39,14/02/2022,5.394201483,5.309176383,5.004067926,5.614567796
UKENNW_UU_TP000018,76,40,21/02/2022,5.637353569,5.462263121,5.158064664,5.767285808
UKENNW_UU_TP000018,76,41,28/02/2022,5.880505655,5.571318692,5.267303252,5.88054894
UKENNW_UU_TP000018,76,42,07/03/2022,5.658470637,5.59947495,5.295015226,5.905302778
UKENNW_UU_TP000018,76,43,14/03/2022,5.436435618,5.563203728,5.256084254,5.866681579
UKENNW_UU_TP000018,76,44,21/03/2022,5.393748541,5.397819832,5.090635701,5.700300681
UKENNW_UU_TP000018,76,45,28/03/2022,5.351061463,5.265698578,4.958542534,5.568195448
UKENNW_UU_TP000019,77,1,24/05/2021,NA,3.641113266,3.251892691,4.037036313
UKENNW_UU_TP000019,77,2,31/05/2021,4.321526907,3.876957657,3.590815541,4.171345556
UKENNW_UU_TP000019,77,3,07/06/2021,4.321526907,3.914848094,3.62862853,4.206323204
UKENNW_UU_TP000019,77,4,14/06/2021,4.230061952,4.023945241,3.73743996,4.313279109
UKENNW_UU_TP000019,77,5,21/06/2021,4.138596996,4.165979276,3.877373285,4.456553267
UKENNW_UU_TP000019,77,6,28/06/2021,4.168927748,4.276447116,3.990193311,4.566131449
UKENNW_UU_TP000019,77,7,05/07/2021,4.199258499,4.333958953,4.048071411,4.626978701
UKENNW_UU_TP000019,77,8,12/07/2021,4.492216437,4.33349258,4.04638362,4.624284022
UKENNW_UU_TP000019,77,9,19/07/2021,4.785174375,4.291424887,4.003342166,4.57739728
UKENNW_UU_TP000019,77,10,26/07/2021,4.534599188,4.395913101,4.107431173,4.681886727
UKENNW_UU_TP000019,77,11,02/08/2021,4.284024,4.443986918,4.152185652,4.729519294
UKENNW_UU_TP000019,77,12,09/08/2021,3.977966461,4.518765607,4.22273202,4.804516544
UKENNW_UU_TP000019,77,13,16/08/2021,3.671908922,4.537029817,4.235060989,4.823402412
UKENNW_UU_TP000019,77,14,23/08/2021,3.998911978,4.577640279,4.283448375,4.861578434
UKENNW_UU_TP000019,77,15,30/08/2021,4.325915034,4.608590794,4.319168298,4.892204521
UKENNW_UU_TP000019,77,16,06/09/2021,4.169805405,4.559543944,4.269401463,4.84365351
UKENNW_UU_TP000019,77,17,13/09/2021,4.013695776,4.494236014,4.201746909,4.778502698
UKENNW_UU_TP000019,77,18,20/09/2021,4.116628705,4.469134451,4.168014834,4.755107999
UKENNW_UU_TP000019,77,19,27/09/2021,4.219561634,4.363467787,4.055184212,4.652043234
UKENNW_UU_TP000019,77,20,04/10/2021,4.395728042,4.334031442,4.043324144,4.617758873
UKENNW_UU_TP000019,77,21,11/10/2021,4.57189445,4.386289941,4.101962842,4.673064114
UKENNW_UU_TP000019,77,22,18/10/2021,4.343518938,4.313260048,4.028051186,4.599070463
UKENNW_UU_TP000019,77,23,25/10/2021,4.115143425,4.255856407,3.969761235,4.54136295
UKENNW_UU_TP000019,77,24,01/11/2021,4.377053572,4.394311122,4.110320338,4.683511821
UKENNW_UU_TP000019,77,25,08/11/2021,4.638963718,4.519416216,4.23555626,4.812505159
UKENNW_UU_TP000019,77,26,15/11/2021,4.126313987,4.441170813,4.153782751,4.725151862
UKENNW_UU_TP000019,77,27,22/11/2021,3.613664255,4.277991234,3.977499799,4.563712176
UKENNW_UU_TP000019,77,28,29/11/2021,4.212311476,4.379937644,4.093541914,4.664656083
UKENNW_UU_TP000019,77,29,06/12/2021,4.810958697,4.546602569,4.26293292,4.836870755
UKENNW_UU_TP000019,77,30,13/12/2021,4.859198014,4.518918324,4.23319448,4.803671489
UKENNW_UU_TP000019,77,31,20/12/2021,4.907437331,4.480022721,4.188406701,4.762881145
UKENNW_UU_TP000019,77,32,27/12/2021,5.190427845,4.631295644,4.343476992,4.911971931
UKENNW_UU_TP000019,77,33,03/01/2022,5.473418359,4.784092876,4.502417802,5.071685475
UKENNW_UU_TP000019,77,34,10/01/2022,5.189984457,4.589497723,4.309698007,4.877153615
UKENNW_UU_TP000019,77,35,17/01/2022,4.906550554,4.41444067,4.134607034,4.704432732
UKENNW_UU_TP000019,77,36,24/01/2022,4.806450953,4.444390495,4.162120989,4.741494982
UKENNW_UU_TP000019,77,37,31/01/2022,4.706351351,4.599064324,4.315507477,4.897378714
UKENNW_UU_TP000019,77,38,07/02/2022,4.560906906,4.74496053,4.46273376,5.040531532
UKENNW_UU_TP000019,77,39,14/02/2022,4.415462461,4.912870626,4.632003283,5.201868623
UKENNW_UU_TP000019,77,40,21/02/2022,5.156552791,5.019553893,4.738917172,5.304865448
UKENNW_UU_TP000019,77,41,28/02/2022,5.897643121,5.063503719,4.783015509,5.350617123
UKENNW_UU_TP000019,77,42,07/03/2022,5.070863073,5.056643379,4.77505342,5.338630546
UKENNW_UU_TP000019,77,43,14/03/2022,4.244083024,5.026512019,4.741134386,5.30664622
UKENNW_UU_TP000019,77,44,21/03/2022,4.459493094,4.948218302,4.666958908,5.230094522
UKENNW_UU_TP000019,77,45,28/03/2022,4.674903164,4.877711893,4.597626099,5.161841482
UKENNW_UU_TP000023,78,1,24/05/2021,NA,4.854293738,4.430981446,5.279070222
UKENNW_UU_TP000023,78,2,31/05/2021,NA,5.026973937,4.659586412,5.393988916
UKENNW_UU_TP000023,78,3,07/06/2021,NA,5.08990266,4.722467702,5.456603056
UKENNW_UU_TP000023,78,4,14/06/2021,NA,5.187043481,4.819187186,5.553471469
UKENNW_UU_TP000023,78,5,21/06/2021,NA,5.33672703,4.969147504,5.703811702
UKENNW_UU_TP000023,78,6,28/06/2021,NA,5.46378611,5.097397075,5.832098345
UKENNW_UU_TP000023,78,7,05/07/2021,NA,5.512837767,5.145855458,5.882622635
UKENNW_UU_TP000023,78,8,12/07/2021,NA,5.525956002,5.149370395,5.904887325
UKENNW_UU_TP000023,78,9,19/07/2021,NA,5.535684987,5.176277856,5.897800133
UKENNW_UU_TP000023,78,10,26/07/2021,NA,5.649434354,5.28970861,6.012200847
UKENNW_UU_TP000023,78,11,02/08/2021,NA,5.71712252,5.356887038,6.079550368
UKENNW_UU_TP000023,78,12,09/08/2021,NA,5.800635704,5.440888845,6.162182205
UKENNW_UU_TP000023,78,13,16/08/2021,NA,5.874559983,5.515061592,6.237336368
UKENNW_UU_TP000023,78,14,23/08/2021,NA,5.910735109,5.550616394,6.275859622
UKENNW_UU_TP000023,78,15,30/08/2021,NA,5.924360491,5.563384595,6.291073742
UKENNW_UU_TP000023,78,16,06/09/2021,NA,5.898786172,5.53766919,6.265449462
UKENNW_UU_TP000023,78,17,13/09/2021,NA,5.848096972,5.485662187,6.216415667
UKENNW_UU_TP000023,78,18,20/09/2021,NA,5.846172441,5.485707709,6.212065702
UKENNW_UU_TP000023,78,19,27/09/2021,NA,5.741937347,5.383244358,6.102198299
UKENNW_UU_TP000023,78,20,04/10/2021,NA,5.635639419,5.276336769,5.995111875
UKENNW_UU_TP000023,78,21,11/10/2021,NA,5.633823164,5.274833767,5.994934578
UKENNW_UU_TP000023,78,22,18/10/2021,NA,5.561076519,5.201224657,5.92431098
UKENNW_UU_TP000023,78,23,25/10/2021,NA,5.536694248,5.175640961,5.90237253
UKENNW_UU_TP000023,78,24,01/11/2021,NA,5.626620046,5.266736231,5.989800297
UKENNW_UU_TP000023,78,25,08/11/2021,NA,5.666032205,5.305594308,6.025887387
UKENNW_UU_TP000023,78,26,15/11/2021,NA,5.680829441,5.320896096,6.03986668
UKENNW_UU_TP000023,78,27,22/11/2021,NA,5.632407428,5.273227113,5.992810857
UKENNW_UU_TP000023,78,28,29/11/2021,NA,5.549775369,5.18809806,5.909863996
UKENNW_UU_TP000023,78,29,06/12/2021,NA,5.581320941,5.215686379,5.941755125
UKENNW_UU_TP000023,78,30,13/12/2021,NA,5.574836921,5.208591267,5.93519085
UKENNW_UU_TP000023,78,31,20/12/2021,5.858047802,5.613762097,5.279147031,5.946345607
UKENNW_UU_TP000023,78,32,27/12/2021,5.858047802,5.751566737,5.421078029,6.080737245
UKENNW_UU_TP000023,78,33,03/01/2022,5.536553983,5.806071399,5.471952491,6.137063288
UKENNW_UU_TP000023,78,34,10/01/2022,5.215060164,5.620398074,5.289465986,5.949556753
UKENNW_UU_TP000023,78,35,17/01/2022,5.226118641,5.464174632,5.13451869,5.793319099
UKENNW_UU_TP000023,78,36,24/01/2022,5.237177117,5.399298457,5.06843466,5.728558943
UKENNW_UU_TP000023,78,37,31/01/2022,5.883346085,5.588108719,5.256104451,5.917727902
UKENNW_UU_TP000023,78,38,07/02/2022,6.529515053,5.848533663,5.519255453,6.178123827
UKENNW_UU_TP000023,78,39,14/02/2022,6.249495666,6.091463011,5.761902187,6.42336211
UKENNW_UU_TP000023,78,40,21/02/2022,5.969476278,6.205935647,5.876251791,6.538117286
UKENNW_UU_TP000023,78,41,28/02/2022,6.239096725,6.220922937,5.891896962,6.551195249
UKENNW_UU_TP000023,78,42,07/03/2022,6.508717172,6.236788375,5.907584943,6.566171868
UKENNW_UU_TP000023,78,43,14/03/2022,6.294518199,6.231810629,5.902592809,6.561382723
UKENNW_UU_TP000023,78,44,21/03/2022,6.080319225,6.183248966,5.853906277,6.514927461
UKENNW_UU_TP000023,78,45,28/03/2022,6.421079274,6.142531475,5.810016895,6.479050704
UKENNW_UU_TP000024,79,1,24/05/2021,NA,4.258586619,3.85033226,4.669184083
UKENNW_UU_TP000024,79,2,31/05/2021,4.925980906,4.492044884,4.175328736,4.819974119
UKENNW_UU_TP000024,79,3,07/06/2021,5.119164031,4.563501772,4.247006687,4.891155443
UKENNW_UU_TP000024,79,4,14/06/2021,5.119164031,4.695695314,4.379049828,5.019610171
UKENNW_UU_TP000024,79,5,21/06/2021,5.312347155,4.804168532,4.486144407,5.125013348
UKENNW_UU_TP000024,79,6,28/06/2021,4.953244875,4.894077178,4.575843598,5.213733392
UKENNW_UU_TP000024,79,7,05/07/2021,4.953244875,4.935028766,4.618256404,5.258309685
UKENNW_UU_TP000024,79,8,12/07/2021,4.880630963,4.956260621,4.638198253,5.276657842
UKENNW_UU_TP000024,79,9,19/07/2021,4.80801705,4.965805244,4.646365025,5.28427986
UKENNW_UU_TP000024,79,10,26/07/2021,4.853877516,5.027150606,4.706687301,5.345435004
UKENNW_UU_TP000024,79,11,02/08/2021,4.899737982,5.082708414,4.762025915,5.401666497
UKENNW_UU_TP000024,79,12,09/08/2021,5.021431089,5.19562668,4.873518,5.512758954
UKENNW_UU_TP000024,79,13,16/08/2021,5.143124195,5.270477733,4.956330215,5.578449056
UKENNW_UU_TP000024,79,14,23/08/2021,4.823042985,5.231202041,4.91243862,5.539071971
UKENNW_UU_TP000024,79,15,30/08/2021,4.502961774,5.196566647,4.874445864,5.504959569
UKENNW_UU_TP000024,79,16,06/09/2021,4.703854556,5.176895883,4.85834368,5.484981495
UKENNW_UU_TP000024,79,17,13/09/2021,4.904747338,5.17192847,4.856470727,5.480457534
UKENNW_UU_TP000024,79,18,20/09/2021,4.93098365,5.186728322,4.872712318,5.494699573
UKENNW_UU_TP000024,79,19,27/09/2021,4.957219962,5.092880981,4.778782171,5.400721498
UKENNW_UU_TP000024,79,20,04/10/2021,4.83840961,4.971455256,4.65282367,5.280041816
UKENNW_UU_TP000024,79,21,11/10/2021,4.719599258,5.002653901,4.687633003,5.310557104
UKENNW_UU_TP000024,79,22,18/10/2021,4.272350785,4.965225259,4.650672722,5.273007182
UKENNW_UU_TP000024,79,23,25/10/2021,3.825102312,4.842905081,4.519776162,5.151630249
UKENNW_UU_TP000024,79,24,01/11/2021,3.936136081,4.91620126,4.594357349,5.224637089
UKENNW_UU_TP000024,79,25,08/11/2021,4.047169849,5.061564423,4.747287606,5.370925519
UKENNW_UU_TP000024,79,26,15/11/2021,4.670688634,5.131742547,4.822272901,5.442348683
UKENNW_UU_TP000024,79,27,22/11/2021,5.294207418,5.076350876,4.768204435,5.391193188
UKENNW_UU_TP000024,79,28,29/11/2021,5.366487019,5.120414546,4.812703478,5.437654456
UKENNW_UU_TP000024,79,29,06/12/2021,5.438766619,5.258857328,4.951112273,5.578637918
UKENNW_UU_TP000024,79,30,13/12/2021,5.734668149,5.279414438,4.971543235,5.60034034
UKENNW_UU_TP000024,79,31,20/12/2021,6.030569678,5.269898476,4.961870124,5.590424319
UKENNW_UU_TP000024,79,32,27/12/2021,6.030569678,5.34249856,5.031966337,5.655347945
UKENNW_UU_TP000024,79,33,03/01/2022,5.83280684,5.406170847,5.097151499,5.720223896
UKENNW_UU_TP000024,79,34,10/01/2022,5.825501787,5.271862107,4.965893369,5.58848804
UKENNW_UU_TP000024,79,35,17/01/2022,5.825501787,5.107075359,4.801078481,5.426865022
UKENNW_UU_TP000024,79,36,24/01/2022,5.393250865,5.073848709,4.767709159,5.387363336
UKENNW_UU_TP000024,79,37,31/01/2022,4.968304996,5.1527809,4.845051678,5.46347485
UKENNW_UU_TP000024,79,38,07/02/2022,5.07626437,5.274377947,4.967822915,5.585932277
UKENNW_UU_TP000024,79,39,14/02/2022,5.184223743,5.438107045,5.130560306,5.748469242
UKENNW_UU_TP000024,79,40,21/02/2022,5.817020862,5.637568258,5.330777664,5.949875041
UKENNW_UU_TP000024,79,41,28/02/2022,6.44981798,5.739552691,5.431947965,6.055439331
UKENNW_UU_TP000024,79,42,07/03/2022,6.283081447,5.72452808,5.41607487,6.033600259
UKENNW_UU_TP000024,79,43,14/03/2022,6.116344913,5.669879748,5.356411735,5.976131489
UKENNW_UU_TP000024,79,44,21/03/2022,5.867692946,5.515220762,5.199882585,5.820965048
UKENNW_UU_TP000024,79,45,28/03/2022,5.619040979,5.39514611,5.079975988,5.700808378
UKENNW_UU_TP000026,80,1,24/05/2021,NA,4.046258397,3.671498106,4.426089186
UKENNW_UU_TP000026,80,2,31/05/2021,4.316908332,4.276298656,4.005355524,4.553302121
UKENNW_UU_TP000026,80,3,07/06/2021,4.316908332,4.3160114,4.045199691,4.59071222
UKENNW_UU_TP000026,80,4,14/06/2021,4.602101796,4.42844492,4.15750675,4.700993362
UKENNW_UU_TP000026,80,5,21/06/2021,4.887295259,4.566434932,4.293448417,4.84005918
UKENNW_UU_TP000026,80,6,28/06/2021,4.996740137,4.680599955,4.409940132,4.953527342
UKENNW_UU_TP000026,80,7,05/07/2021,5.106185015,4.741284364,4.470480355,5.017865964
UKENNW_UU_TP000026,80,8,12/07/2021,4.920752981,4.738604061,4.467223869,5.012320485
UKENNW_UU_TP000026,80,9,19/07/2021,4.735320946,4.701578357,4.429198307,4.971690411
UKENNW_UU_TP000026,80,10,26/07/2021,4.740498389,4.804416822,4.531382467,5.07465657
UKENNW_UU_TP000026,80,11,02/08/2021,4.745675831,4.856789358,4.581275695,5.127108947
UKENNW_UU_TP000026,80,12,09/08/2021,4.593632197,4.936843267,4.657925546,5.207836181
UKENNW_UU_TP000026,80,13,16/08/2021,4.441588562,4.961290934,4.679199862,5.232178456
UKENNW_UU_TP000026,80,14,23/08/2021,4.729901114,4.988680778,4.711483178,5.257550491
UKENNW_UU_TP000026,80,15,30/08/2021,5.018213666,5.009137735,4.735182393,5.277116037
UKENNW_UU_TP000026,80,16,06/09/2021,5.005314665,4.963591875,4.689388274,5.232226864
UKENNW_UU_TP000026,80,17,13/09/2021,4.992415664,4.909661751,4.634512559,5.178423166
UKENNW_UU_TP000026,80,18,20/09/2021,3.852490914,4.887943476,4.606265632,5.158634194
UKENNW_UU_TP000026,80,19,27/09/2021,2.712566164,4.778970006,4.491754871,5.052069989
UKENNW_UU_TP000026,80,20,04/10/2021,3.469588768,4.73981581,4.465963627,5.008058533
UKENNW_UU_TP000026,80,21,11/10/2021,4.226611371,4.791482424,4.523063502,5.061036675
UKENNW_UU_TP000026,80,22,18/10/2021,4.553138908,4.721691415,4.452281658,4.990322256
UKENNW_UU_TP000026,80,23,25/10/2021,4.879666445,4.654836085,4.383610898,4.923075308
UKENNW_UU_TP000026,80,24,01/11/2021,5.037638688,4.790518818,4.522105555,5.061002903
UKENNW_UU_TP000026,80,25,08/11/2021,5.19561093,4.92190806,4.65348381,5.197046217
UKENNW_UU_TP000026,80,26,15/11/2021,4.322684759,4.858384102,4.588859235,5.126676675
UKENNW_UU_TP000026,80,27,22/11/2021,3.449758588,4.707056959,4.429729159,4.97606982
UKENNW_UU_TP000026,80,28,29/11/2021,4.281944471,4.804990281,4.536073078,5.074039712
UKENNW_UU_TP000026,80,29,06/12/2021,5.114130354,4.967050408,4.699046926,5.240546134
UKENNW_UU_TP000026,80,30,13/12/2021,5.002832988,4.946767272,4.67819415,5.215510161
UKENNW_UU_TP000026,80,31,20/12/2021,4.891535621,4.913504617,4.640731161,5.180764704
UKENNW_UU_TP000026,80,32,27/12/2021,4.891535621,5.061456789,4.791723555,5.327195281
UKENNW_UU_TP000026,80,33,03/01/2022,5.331022896,5.197212559,4.930540585,5.46931608
UKENNW_UU_TP000026,80,34,10/01/2022,5.466287008,5.013487904,4.748602406,5.285985946
UKENNW_UU_TP000026,80,35,17/01/2022,5.466287008,4.840392898,4.574839831,5.115488311
UKENNW_UU_TP000026,80,36,24/01/2022,5.471230567,4.864086085,4.595484667,5.144856002
UKENNW_UU_TP000026,80,37,31/01/2022,5.340910013,4.999550023,4.730516981,5.279846811
UKENNW_UU_TP000026,80,38,07/02/2022,5.543254121,5.138968852,4.871642415,5.416426416
UKENNW_UU_TP000026,80,39,14/02/2022,5.745598229,5.309183596,5.044141787,5.580439447
UKENNW_UU_TP000026,80,40,21/02/2022,5.911030735,5.427540139,5.162913967,5.696195451
UKENNW_UU_TP000026,80,41,28/02/2022,6.076463241,5.478102668,5.21288629,5.749189204
UKENNW_UU_TP000026,80,42,07/03/2022,5.901573633,5.466605814,5.201301312,5.732422088
UKENNW_UU_TP000026,80,43,14/03/2022,5.726684024,5.43176838,5.162922968,5.696251551
UKENNW_UU_TP000026,80,44,21/03/2022,5.956897124,5.345173237,5.079503356,5.61010461
UKENNW_UU_TP000026,80,45,28/03/2022,6.187110224,5.271669673,5.007031802,5.537962494
UKENNW_UU_TP000027,81,1,24/05/2021,NA,4.231524103,3.779563813,4.682509658
UKENNW_UU_TP000027,81,2,31/05/2021,3.247209071,4.14482421,3.760919841,4.519794908
UKENNW_UU_TP000027,81,3,07/06/2021,3.247209071,4.202899792,3.816967849,4.578304753
UKENNW_UU_TP000027,81,4,14/06/2021,4.165398354,4.430535816,4.053195929,4.804989259
UKENNW_UU_TP000027,81,5,21/06/2021,5.083587637,4.65279261,4.27892405,5.030179872
UKENNW_UU_TP000027,81,6,28/06/2021,4.509953018,4.69857506,4.322310123,5.072899586
UKENNW_UU_TP000027,81,7,05/07/2021,3.936318398,4.692514397,4.3133821,5.067547769
UKENNW_UU_TP000027,81,8,12/07/2021,4.056044165,4.705553673,4.327095142,5.080682444
UKENNW_UU_TP000027,81,9,19/07/2021,4.175769931,4.762204301,4.38398219,5.13676295
UKENNW_UU_TP000027,81,10,26/07/2021,4.853842304,4.964680917,4.589047275,5.344292215
UKENNW_UU_TP000027,81,11,02/08/2021,5.531914677,5.158121861,4.779632393,5.546318052
UKENNW_UU_TP000027,81,12,09/08/2021,5.304171286,5.217408648,4.842781439,5.596318859
UKENNW_UU_TP000027,81,13,16/08/2021,5.076427895,5.267239712,4.890485044,5.641665036
UKENNW_UU_TP000027,81,14,23/08/2021,5.215592928,5.264931915,4.88988575,5.639595582
UKENNW_UU_TP000027,81,15,30/08/2021,5.35475796,5.27129938,4.897140736,5.647915569
UKENNW_UU_TP000027,81,16,06/09/2021,5.378159324,5.280172646,4.905936021,5.657680653
UKENNW_UU_TP000027,81,17,13/09/2021,5.401560687,5.297344937,4.922671185,5.675545861
UKENNW_UU_TP000027,81,18,20/09/2021,5.176665996,5.202079396,4.826167789,5.577165044
UKENNW_UU_TP000027,81,19,27/09/2021,4.951771304,5.098307266,4.719527833,5.473169785
UKENNW_UU_TP000027,81,20,04/10/2021,5.136077756,5.061749515,4.686263113,5.43729517
UKENNW_UU_TP000027,81,21,11/10/2021,5.320384208,5.068722553,4.695093028,5.445889662
UKENNW_UU_TP000027,81,22,18/10/2021,5.120481181,5.01504142,4.640981028,5.390742267
UKENNW_UU_TP000027,81,23,25/10/2021,4.920578153,4.97623113,4.601687095,5.351379018
UKENNW_UU_TP000027,81,24,01/11/2021,5.111873688,5.037629605,4.663972111,5.415532784
UKENNW_UU_TP000027,81,25,08/11/2021,5.303169222,5.111886348,4.73783568,5.491478513
UKENNW_UU_TP000027,81,26,15/11/2021,5.044564678,5.114521474,4.738327369,5.4892264
UKENNW_UU_TP000027,81,27,22/11/2021,4.785960134,5.062594146,4.682582332,5.437330665
UKENNW_UU_TP000027,81,28,29/11/2021,4.987437005,5.109690148,4.733201311,5.484708281
UKENNW_UU_TP000027,81,29,06/12/2021,5.188913875,5.165746601,4.791515424,5.540340267
UKENNW_UU_TP000027,81,30,13/12/2021,4.948602792,5.100073962,4.724370292,5.474293891
UKENNW_UU_TP000027,81,31,20/12/2021,4.708291709,5.076163306,4.696295799,5.453000578
UKENNW_UU_TP000027,81,32,27/12/2021,4.989211078,5.096177954,4.718241241,5.470293234
UKENNW_UU_TP000027,81,33,03/01/2022,5.270130447,5.098937405,4.722267282,5.473261919
UKENNW_UU_TP000027,81,34,10/01/2022,5.338998121,5.016831437,4.64064823,5.392018823
UKENNW_UU_TP000027,81,35,17/01/2022,5.407865795,4.931518358,4.556810147,5.307546004
UKENNW_UU_TP000027,81,36,24/01/2022,5.488597781,4.895113242,4.520832154,5.272054121
UKENNW_UU_TP000027,81,37,31/01/2022,5.569329766,4.97037296,4.595100892,5.348023361
UKENNW_UU_TP000027,81,38,07/02/2022,5.635703881,5.065678986,4.692281281,5.44588107
UKENNW_UU_TP000027,81,39,14/02/2022,5.702077995,5.170247545,4.79258016,5.558297838
UKENNW_UU_TP000027,81,40,21/02/2022,5.68998553,5.322163626,4.947772141,5.70158537
UKENNW_UU_TP000027,81,41,28/02/2022,5.677893065,5.362347059,4.963582677,5.760663636
UKENNW_UU_TP000027,81,42,07/03/2022,5.754723345,5.472700214,5.096210624,5.846965094
UKENNW_UU_TP000027,81,43,14/03/2022,5.831553625,5.515121284,5.13807325,5.890273876
UKENNW_UU_TP000027,81,44,21/03/2022,5.248579994,5.340213595,4.962710075,5.713426705
UKENNW_UU_TP000027,81,45,28/03/2022,4.665606362,5.190423199,4.811159544,5.563481181
UKENNW_UU_TP000038,82,1,24/05/2021,3.517387493,4.259158348,3.864897972,4.647885537
UKENNW_UU_TP000038,82,2,31/05/2021,3.517387493,4.434267076,4.076316232,4.7739485
UKENNW_UU_TP000038,82,3,07/06/2021,4.031742723,4.523365856,4.172201399,4.862173793
UKENNW_UU_TP000038,82,4,14/06/2021,4.546097953,4.656670057,4.31245354,4.995994628
UKENNW_UU_TP000038,82,5,21/06/2021,4.541083925,4.797741424,4.4505913,5.139100768
UKENNW_UU_TP000038,82,6,28/06/2021,4.536069896,4.906489066,4.56008589,5.244877635
UKENNW_UU_TP000038,82,7,05/07/2021,4.536069896,4.972786969,4.626171332,5.310970891
UKENNW_UU_TP000038,82,8,12/07/2021,5.478229013,5.044723684,4.704782776,5.390107854
UKENNW_UU_TP000038,82,9,19/07/2021,5.487587045,5.006182112,4.669846575,5.347360346
UKENNW_UU_TP000038,82,10,26/07/2021,5.487587045,5.166234627,4.83001253,5.506575771
UKENNW_UU_TP000038,82,11,02/08/2021,5.537324773,5.29872039,4.961979809,5.638144893
UKENNW_UU_TP000038,82,12,09/08/2021,5.577704468,5.319499272,4.981811607,5.658146159
UKENNW_UU_TP000038,82,13,16/08/2021,5.38075212,5.301513063,4.961643894,5.6383723
UKENNW_UU_TP000038,82,14,23/08/2021,5.183799771,5.350199192,5.011418793,5.687309488
UKENNW_UU_TP000038,82,15,30/08/2021,5.397288744,5.417803761,5.08255283,5.76007026
UKENNW_UU_TP000038,82,16,06/09/2021,5.610777716,5.402902475,5.067841739,5.747128029
UKENNW_UU_TP000038,82,17,13/09/2021,5.489934775,5.326093105,4.989791552,5.668025832
UKENNW_UU_TP000038,82,18,20/09/2021,5.369091834,5.297119462,4.960889461,5.637410913
UKENNW_UU_TP000038,82,19,27/09/2021,5.743117855,5.286337324,4.951619047,5.633558241
UKENNW_UU_TP000038,82,20,04/10/2021,6.117143876,5.191286041,4.854993085,5.54817713
UKENNW_UU_TP000038,82,21,11/10/2021,5.509569719,5.05788824,4.722229292,5.403134871
UKENNW_UU_TP000038,82,22,18/10/2021,4.901995562,4.966617788,4.629847246,5.308267892
UKENNW_UU_TP000038,82,23,25/10/2021,5.408541904,5.047173598,4.711802656,5.396972996
UKENNW_UU_TP000038,82,24,01/11/2021,5.915088245,5.202753822,4.867518705,5.554773185
UKENNW_UU_TP000038,82,25,08/11/2021,5.494696536,5.231439164,4.894742035,5.571002419
UKENNW_UU_TP000038,82,26,15/11/2021,5.074304826,5.149940669,4.811104019,5.487135521
UKENNW_UU_TP000038,82,27,22/11/2021,5.050498059,5.069726358,4.732557994,5.409518004
UKENNW_UU_TP000038,82,28,29/11/2021,5.026691292,5.104407076,4.767176385,5.443934937
UKENNW_UU_TP000038,82,29,06/12/2021,5.145848578,5.197848289,4.861167854,5.538157993
UKENNW_UU_TP000038,82,30,13/12/2021,5.265005863,5.185342563,4.849015893,5.526091801
UKENNW_UU_TP000038,82,31,20/12/2021,5.265005863,5.187044461,4.852485006,5.525942034
UKENNW_UU_TP000038,82,32,27/12/2021,5.395559046,5.28896003,4.950926437,5.622754943
UKENNW_UU_TP000038,82,33,03/01/2022,5.050121723,5.347395272,4.999036248,5.681060651
UKENNW_UU_TP000038,82,34,10/01/2022,5.050121723,5.116338533,4.777030217,5.449320391
UKENNW_UU_TP000038,82,35,17/01/2022,4.704684399,4.928471641,4.59220188,5.262994229
UKENNW_UU_TP000038,82,36,24/01/2022,3.621433394,4.820130161,4.467629547,5.153018266
UKENNW_UU_TP000038,82,37,31/01/2022,4.663477455,5.096770377,4.758532828,5.431282167
UKENNW_UU_TP000038,82,38,07/02/2022,4.663477455,5.263466037,4.920530632,5.596809894
UKENNW_UU_TP000038,82,39,14/02/2022,5.705521515,5.521705898,5.185530462,5.85819688
UKENNW_UU_TP000038,82,40,21/02/2022,6.676019086,5.675185599,5.341710226,6.017304027
UKENNW_UU_TP000038,82,41,28/02/2022,6.094863341,5.622265422,5.28387729,5.956022807
UKENNW_UU_TP000038,82,42,07/03/2022,6.094863341,5.675684555,5.340405575,6.011519307
UKENNW_UU_TP000038,82,43,14/03/2022,5.36412768,5.65926118,5.318776441,5.992566771
UKENNW_UU_TP000038,82,44,21/03/2022,5.214547763,5.591022134,5.250452636,5.924321326
UKENNW_UU_TP000038,82,45,28/03/2022,5.214547763,5.552852203,5.21362334,5.887257408
UKENNW_UU_TP000047,83,1,24/05/2021,NA,4.831825366,4.42446843,5.240246493
UKENNW_UU_TP000047,83,2,31/05/2021,NA,5.021774563,4.667889978,5.373317307
UKENNW_UU_TP000047,83,3,07/06/2021,NA,5.087915553,4.733806749,5.439404282
UKENNW_UU_TP000047,83,4,14/06/2021,NA,5.18656112,4.832527916,5.537652446
UKENNW_UU_TP000047,83,5,21/06/2021,NA,5.328132385,4.972983789,5.679866429
UKENNW_UU_TP000047,83,6,28/06/2021,NA,5.455717404,5.103792673,5.808106509
UKENNW_UU_TP000047,83,7,05/07/2021,NA,5.514932998,5.164152343,5.868997879
UKENNW_UU_TP000047,83,8,12/07/2021,NA,5.535134998,5.178129732,5.895711675
UKENNW_UU_TP000047,83,9,19/07/2021,5.020936153,5.503761301,5.17400534,5.832272838
UKENNW_UU_TP000047,83,10,26/07/2021,5.195675947,5.636544705,5.307330943,5.965391762
UKENNW_UU_TP000047,83,11,02/08/2021,5.195675947,5.718255714,5.387594993,6.046293804
UKENNW_UU_TP000047,83,12,09/08/2021,5.37041574,5.791676998,5.461564806,6.119855637
UKENNW_UU_TP000047,83,13,16/08/2021,5.628974958,5.847784112,5.519399955,6.177554704
UKENNW_UU_TP000047,83,14,23/08/2021,5.891412122,5.896938305,5.569850017,6.229444605
UKENNW_UU_TP000047,83,15,30/08/2021,5.891412122,5.920877422,5.593978496,6.255406991
UKENNW_UU_TP000047,83,16,06/09/2021,5.95267773,5.902018664,5.575086837,6.237022811
UKENNW_UU_TP000047,83,17,13/09/2021,5.751506173,5.835450697,5.50784019,6.169800253
UKENNW_UU_TP000047,83,18,20/09/2021,5.924577199,5.830516842,5.503536539,6.164377851
UKENNW_UU_TP000047,83,19,27/09/2021,6.097648224,5.762790812,5.435671057,6.095612446
UKENNW_UU_TP000047,83,20,04/10/2021,5.914264461,5.662785783,5.335632322,5.99556576
UKENNW_UU_TP000047,83,21,11/10/2021,5.730880698,5.622159312,5.294994617,5.954750937
UKENNW_UU_TP000047,83,22,18/10/2021,5.590442478,5.541642109,5.214319086,5.875296769
UKENNW_UU_TP000047,83,23,25/10/2021,5.450004257,5.537417504,5.210129855,5.872438347
UKENNW_UU_TP000047,83,24,01/11/2021,5.249653021,5.630176422,5.30215875,5.960554838
UKENNW_UU_TP000047,83,25,08/11/2021,5.049301785,5.652287031,5.317209718,5.979345364
UKENNW_UU_TP000047,83,26,15/11/2021,5.219948046,5.640702078,5.305614433,5.967471664
UKENNW_UU_TP000047,83,27,22/11/2021,5.390594306,5.586867387,5.255940122,5.914600086
UKENNW_UU_TP000047,83,28,29/11/2021,5.390594306,5.551683431,5.219841884,5.879672702
UKENNW_UU_TP000047,83,29,06/12/2021,6.263781001,5.638869949,5.308809195,5.969163211
UKENNW_UU_TP000047,83,30,13/12/2021,5.980088417,5.600982764,5.267446596,5.928520008
UKENNW_UU_TP000047,83,31,20/12/2021,5.980088417,5.614220796,5.291894718,5.931539121
UKENNW_UU_TP000047,83,32,27/12/2021,5.696395833,5.720560917,5.394368172,6.03543848
UKENNW_UU_TP000047,83,33,03/01/2022,5.633835085,5.802604011,5.472079123,6.119287857
UKENNW_UU_TP000047,83,34,10/01/2022,5.489928775,5.592844131,5.267258163,5.907511175
UKENNW_UU_TP000047,83,35,17/01/2022,5.489928775,5.441629554,5.122508634,5.756076714
UKENNW_UU_TP000047,83,36,24/01/2022,5.611572519,5.381416466,5.060710022,5.695664089
UKENNW_UU_TP000047,83,37,31/01/2022,5.877122572,5.61287107,5.294511005,5.928047062
UKENNW_UU_TP000047,83,38,07/02/2022,6.088449054,5.853655242,5.53722311,6.171149363
UKENNW_UU_TP000047,83,39,14/02/2022,6.299775535,6.09284902,5.777061071,6.412954712
UKENNW_UU_TP000047,83,40,21/02/2022,6.400918785,6.201175464,5.885223879,6.520493655
UKENNW_UU_TP000047,83,41,28/02/2022,6.502062035,6.199184141,5.882422664,6.516017583
UKENNW_UU_TP000047,83,42,07/03/2022,6.450693215,6.227615249,5.910934189,6.544327169
UKENNW_UU_TP000047,83,43,14/03/2022,6.399324394,6.219275709,5.902112461,6.535862093
UKENNW_UU_TP000047,83,44,21/03/2022,6.595800844,6.180715617,5.865969611,6.500722211
UKENNW_UU_TP000047,83,45,28/03/2022,6.792277294,6.14771682,5.832351987,6.473117783
UKENNW_UU_TP000050,84,1,24/05/2021,4.096038701,4.209330173,3.817149742,4.601576986
UKENNW_UU_TP000050,84,2,31/05/2021,4.096038701,4.379333228,4.048521054,4.709359694
UKENNW_UU_TP000050,84,3,07/06/2021,4.634890957,4.481337905,4.152278058,4.81427225
UKENNW_UU_TP000050,84,4,14/06/2021,5.173743213,4.637155608,4.308913451,4.97232511
UKENNW_UU_TP000050,84,5,21/06/2021,5.224058695,4.759776821,4.431013631,5.092799959
UKENNW_UU_TP000050,84,6,28/06/2021,5.274374177,4.812415048,4.483906585,5.143917953
UKENNW_UU_TP000050,84,7,05/07/2021,5.35492286,4.822499251,4.493705684,5.156072855
UKENNW_UU_TP000050,84,8,12/07/2021,5.435471542,4.862848927,4.532738335,5.19965209
UKENNW_UU_TP000050,84,9,19/07/2021,5.070122552,4.904766938,4.576902942,5.23732148
UKENNW_UU_TP000050,84,10,26/07/2021,4.704773561,4.921391546,4.590350972,5.250897905
UKENNW_UU_TP000050,84,11,02/08/2021,4.9630898,4.974894526,4.64375262,5.30584278
UKENNW_UU_TP000050,84,12,09/08/2021,5.221406038,5.132675191,4.803156228,5.463889111
UKENNW_UU_TP000050,84,13,16/08/2021,5.276994912,5.252216269,4.924677787,5.582727037
UKENNW_UU_TP000050,84,14,23/08/2021,5.332583786,5.216075468,4.888256996,5.546775183
UKENNW_UU_TP000050,84,15,30/08/2021,5.28102721,5.183288286,4.854886962,5.514141084
UKENNW_UU_TP000050,84,16,06/09/2021,5.229470634,5.146372643,4.816697914,5.479446881
UKENNW_UU_TP000050,84,17,13/09/2021,5.166552912,5.134872256,4.806387379,5.467357653
UKENNW_UU_TP000050,84,18,20/09/2021,5.103635189,5.152216796,4.824293243,5.482525524
UKENNW_UU_TP000050,84,19,27/09/2021,5.004030684,5.098970222,4.771920357,5.43009173
UKENNW_UU_TP000050,84,20,04/10/2021,4.904426179,5.006628127,4.678656448,5.338748586
UKENNW_UU_TP000050,84,21,11/10/2021,4.829860682,5.011652118,4.683956715,5.340927223
UKENNW_UU_TP000050,84,22,18/10/2021,4.755295184,4.917765662,4.588648769,5.246121668
UKENNW_UU_TP000050,84,23,25/10/2021,4.201495446,4.767487131,4.432325635,5.094880558
UKENNW_UU_TP000050,84,24,01/11/2021,3.647695708,4.787548866,4.446102203,5.115746001
UKENNW_UU_TP000050,84,25,08/11/2021,4.568550838,4.967179682,4.635953623,5.294884169
UKENNW_UU_TP000050,84,26,15/11/2021,5.489405968,5.156876776,4.830220665,5.492084749
UKENNW_UU_TP000050,84,27,22/11/2021,4.315285163,5.097552836,4.768974591,5.42771842
UKENNW_UU_TP000050,84,28,29/11/2021,3.141164358,4.949871907,4.611560345,5.277172156
UKENNW_UU_TP000050,84,29,06/12/2021,4.231696762,5.08266406,4.752849771,5.410424579
UKENNW_UU_TP000050,84,30,13/12/2021,5.322229166,5.172381589,4.84572865,5.507838665
UKENNW_UU_TP000050,84,31,20/12/2021,5.322229166,5.179540984,4.851965421,5.515874116
UKENNW_UU_TP000050,84,32,27/12/2021,5.520950132,5.233622267,4.90769367,5.564349122
UKENNW_UU_TP000050,84,33,03/01/2022,5.215075786,5.216884685,4.886120741,5.544627268
UKENNW_UU_TP000050,84,34,10/01/2022,5.215075786,5.0601346,4.730359351,5.3867486
UKENNW_UU_TP000050,84,35,17/01/2022,5.114402562,4.880424378,4.54989549,5.206267994
UKENNW_UU_TP000050,84,36,24/01/2022,5.319603685,4.858437277,4.530015328,5.185267596
UKENNW_UU_TP000050,84,37,31/01/2022,5.518858857,4.989587327,4.660831262,5.317483183
UKENNW_UU_TP000050,84,38,07/02/2022,5.718114028,5.134137419,4.805799391,5.462125671
UKENNW_UU_TP000050,84,39,14/02/2022,5.414030396,5.245105493,4.912289478,5.571281929
UKENNW_UU_TP000050,84,40,21/02/2022,5.109946764,5.360098532,5.021319243,5.686318851
UKENNW_UU_TP000050,84,41,28/02/2022,5.639237487,5.49137709,5.153482315,5.822655958
UKENNW_UU_TP000050,84,42,07/03/2022,6.16852821,5.634501032,5.30673648,5.963776095
UKENNW_UU_TP000050,84,43,14/03/2022,5.664080958,5.638810342,5.310047151,5.967560491
UKENNW_UU_TP000050,84,44,21/03/2022,5.159633705,5.398791391,5.064528004,5.724130063
UKENNW_UU_TP000050,84,45,28/03/2022,5.159633705,5.211874005,4.873007731,5.538997093
UKENNW_UU_TP000067,85,1,24/05/2021,NA,4.302639614,3.913093902,4.700285818
UKENNW_UU_TP000067,85,2,31/05/2021,4.778652748,4.488531672,4.186898742,4.792933783
UKENNW_UU_TP000067,85,3,07/06/2021,4.778652748,4.525396128,4.22263132,4.828001316
UKENNW_UU_TP000067,85,4,14/06/2021,4.940182335,4.63363251,4.329505465,4.934883514
UKENNW_UU_TP000067,85,5,21/06/2021,5.101711922,4.807391085,4.500870607,5.115911639
UKENNW_UU_TP000067,85,6,28/06/2021,5.105257767,4.92641436,4.625108685,5.230462394
UKENNW_UU_TP000067,85,7,05/07/2021,5.108803611,4.994260779,4.693877932,5.300721817
UKENNW_UU_TP000067,85,8,12/07/2021,4.692455091,4.969617372,4.665345263,5.271124122
UKENNW_UU_TP000067,85,9,19/07/2021,4.276106571,4.918806943,4.608927329,5.218415745
UKENNW_UU_TP000067,85,10,26/07/2021,4.755650011,5.086130276,4.781670646,5.386802275
UKENNW_UU_TP000067,85,11,02/08/2021,5.23519345,5.2030459,4.901209257,5.506287683
UKENNW_UU_TP000067,85,12,09/08/2021,5.197984528,5.265884031,4.962498472,5.567248522
UKENNW_UU_TP000067,85,13,16/08/2021,5.160775605,5.280936647,4.977259419,5.58144662
UKENNW_UU_TP000067,85,14,23/08/2021,5.386807554,5.313542026,5.012128413,5.61600601
UKENNW_UU_TP000067,85,15,30/08/2021,5.612839503,5.337795334,5.036969264,5.640744253
UKENNW_UU_TP000067,85,16,06/09/2021,5.541908872,5.288594205,4.986927209,5.592169256
UKENNW_UU_TP000067,85,17,13/09/2021,5.47097824,5.215097752,4.911260176,5.516661589
UKENNW_UU_TP000067,85,18,20/09/2021,5.50359944,5.179656654,4.87347076,5.479330465
UKENNW_UU_TP000067,85,19,27/09/2021,5.536220639,5.076784908,4.770392241,5.376264565
UKENNW_UU_TP000067,85,20,04/10/2021,5.64232435,5.014378641,4.711425706,5.315468409
UKENNW_UU_TP000067,85,21,11/10/2021,5.74842806,5.016890473,4.715092085,5.319016336
UKENNW_UU_TP000067,85,22,18/10/2021,5.385600013,4.949799013,4.645174356,5.250059485
UKENNW_UU_TP000067,85,23,25/10/2021,5.022771965,4.937559924,4.633563503,5.238046472
UKENNW_UU_TP000067,85,24,01/11/2021,5.080800988,5.08031819,4.779946145,5.384103116
UKENNW_UU_TP000067,85,25,08/11/2021,5.138830011,5.173174389,4.873022913,5.477367358
UKENNW_UU_TP000067,85,26,15/11/2021,5.181055375,5.105406209,4.804429636,5.408991803
UKENNW_UU_TP000067,85,27,22/11/2021,5.223280738,4.963068814,4.659188641,5.26477532
UKENNW_UU_TP000067,85,28,29/11/2021,5.433669316,5.074997405,4.774546375,5.379764121
UKENNW_UU_TP000067,85,29,06/12/2021,5.644057893,5.224405461,4.924727627,5.529991315
UKENNW_UU_TP000067,85,30,13/12/2021,5.541896596,5.24680058,4.947477571,5.552892283
UKENNW_UU_TP000067,85,31,20/12/2021,5.439735298,5.256400974,4.956919827,5.561024668
UKENNW_UU_TP000067,85,32,27/12/2021,5.669492774,5.408891005,5.110234999,5.717200137
UKENNW_UU_TP000067,85,33,03/01/2022,5.89925025,5.465784411,5.166485497,5.774240246
UKENNW_UU_TP000067,85,34,10/01/2022,5.295548066,5.258493448,4.961611227,5.565193425
UKENNW_UU_TP000067,85,35,17/01/2022,4.691845882,5.06880991,4.771881212,5.373796529
UKENNW_UU_TP000067,85,36,24/01/2022,5.069609254,5.113049174,4.814408947,5.429208583
UKENNW_UU_TP000067,85,37,31/01/2022,5.447372625,5.235640792,4.935212194,5.55626013
UKENNW_UU_TP000067,85,38,07/02/2022,5.210029409,5.347246688,5.050192092,5.656177893
UKENNW_UU_TP000067,85,39,14/02/2022,4.972686192,5.503845364,5.201545924,5.803208641
UKENNW_UU_TP000067,85,40,21/02/2022,4.374099462,5.567555277,5.245847641,5.867120189
UKENNW_UU_TP000067,85,41,28/02/2022,3.775512731,5.556613185,5.221673266,5.86086744
UKENNW_UU_TP000067,85,42,07/03/2022,4.969866292,5.612314854,5.298700809,5.909763099
UKENNW_UU_TP000067,85,43,14/03/2022,6.164219853,5.672719358,5.372849594,5.971587732
UKENNW_UU_TP000067,85,44,21/03/2022,5.206416505,5.565729432,5.260984805,5.862676434
UKENNW_UU_TP000067,85,45,28/03/2022,4.248613157,5.477693443,5.165308087,5.775408183
UKENNW_UU_TP000068,86,1,24/05/2021,NA,4.313131201,3.90459704,4.72445624
UKENNW_UU_TP000068,86,2,31/05/2021,NA,4.546155672,4.222534239,4.878420121
UKENNW_UU_TP000068,86,3,07/06/2021,NA,4.608863076,4.285476883,4.939485173
UKENNW_UU_TP000068,86,4,14/06/2021,NA,4.734864053,4.410748143,5.062580905
UKENNW_UU_TP000068,86,5,21/06/2021,NA,4.842121644,4.515628637,5.167445009
UKENNW_UU_TP000068,86,6,28/06/2021,NA,4.939098308,4.614033708,5.26465105
UKENNW_UU_TP000068,86,7,05/07/2021,NA,4.971771096,4.648017515,5.299543039
UKENNW_UU_TP000068,86,8,12/07/2021,NA,4.990068473,4.664624039,5.315857646
UKENNW_UU_TP000068,86,9,19/07/2021,NA,4.999913982,4.672831839,5.324445291
UKENNW_UU_TP000068,86,10,26/07/2021,NA,5.052271441,4.723906904,5.376235544
UKENNW_UU_TP000068,86,11,02/08/2021,NA,5.096847733,4.767448699,5.421035396
UKENNW_UU_TP000068,86,12,09/08/2021,NA,5.217186661,4.887225665,5.540528813
UKENNW_UU_TP000068,86,13,16/08/2021,5.088868844,5.296599026,4.984523368,5.60221069
UKENNW_UU_TP000068,86,14,23/08/2021,5.088868844,5.264742557,4.949169517,5.570828484
UKENNW_UU_TP000068,86,15,30/08/2021,5.192213026,5.237103098,4.919409655,5.543930507
UKENNW_UU_TP000068,86,16,06/09/2021,5.295557207,5.207215252,4.891263493,5.513811987
UKENNW_UU_TP000068,86,17,13/09/2021,5.395258208,5.19013944,4.875696936,5.496596698
UKENNW_UU_TP000068,86,18,20/09/2021,5.494959209,5.220349692,4.908795656,5.526144513
UKENNW_UU_TP000068,86,19,27/09/2021,4.806261945,5.137427781,4.826067231,5.443057739
UKENNW_UU_TP000068,86,20,04/10/2021,4.11756468,5.022086756,4.707463603,5.328679087
UKENNW_UU_TP000068,86,21,11/10/2021,4.803366377,5.068019593,4.759182744,5.374351688
UKENNW_UU_TP000068,86,22,18/10/2021,5.489168073,5.024457193,4.716569727,5.331472901
UKENNW_UU_TP000068,86,23,25/10/2021,5.024859102,4.890254549,4.575478016,5.196843598
UKENNW_UU_TP000068,86,24,01/11/2021,4.560550131,4.968745956,4.654864966,5.275219818
UKENNW_UU_TP000068,86,25,08/11/2021,5.145397435,5.134326345,4.826760083,5.443858267
UKENNW_UU_TP000068,86,26,15/11/2021,5.730244739,5.212418516,4.906646589,5.524737635
UKENNW_UU_TP000068,86,27,22/11/2021,5.500419333,5.146723656,4.840594887,5.46142306
UKENNW_UU_TP000068,86,28,29/11/2021,5.270593927,5.16444406,4.858235454,5.480073764
UKENNW_UU_TP000068,86,29,06/12/2021,5.587087954,5.299387625,4.992842919,5.61703823
UKENNW_UU_TP000068,86,30,13/12/2021,5.90358198,5.319198785,5.012724918,5.637081875
UKENNW_UU_TP000068,86,31,20/12/2021,5.90358198,5.301569989,4.995409037,5.617461561
UKENNW_UU_TP000068,86,32,27/12/2021,5.348830751,5.379847365,5.072074524,5.689176857
UKENNW_UU_TP000068,86,33,03/01/2022,5.562683686,5.457958802,5.151559163,5.769848248
UKENNW_UU_TP000068,86,34,10/01/2022,5.562683686,5.308170707,5.003866005,5.620417033
UKENNW_UU_TP000068,86,35,17/01/2022,5.44339714,5.130175718,4.826077646,5.442866128
UKENNW_UU_TP000068,86,36,24/01/2022,5.110257659,5.112246125,4.807882284,5.422882836
UKENNW_UU_TP000068,86,37,31/01/2022,5.299121519,5.218418013,4.913504699,5.528149154
UKENNW_UU_TP000068,86,38,07/02/2022,5.487985378,5.342735562,5.03843001,5.652309428
UKENNW_UU_TP000068,86,39,14/02/2022,5.622983375,5.490220832,5.184709477,5.797710883
UKENNW_UU_TP000068,86,40,21/02/2022,5.757981371,5.671850028,5.366795958,5.980291709
UKENNW_UU_TP000068,86,41,28/02/2022,5.63030539,5.776914658,5.471096002,6.088510602
UKENNW_UU_TP000068,86,42,07/03/2022,5.502629408,5.772614519,5.466086917,6.078907603
UKENNW_UU_TP000068,86,43,14/03/2022,5.193509518,5.717666868,5.406056375,6.022221433
UKENNW_UU_TP000068,86,44,21/03/2022,4.884389627,5.5587766,5.246032515,5.862921775
UKENNW_UU_TP000068,86,45,28/03/2022,4.884389627,5.436487107,5.124819925,5.740410504
UKENNW_UU_TP000076,87,1,24/05/2021,NA,4.51519031,4.09706846,4.934630827
UKENNW_UU_TP000076,87,2,31/05/2021,4.800775006,4.67839373,4.341292401,5.018616461
UKENNW_UU_TP000076,87,3,07/06/2021,4.800775006,4.773622022,4.436516401,5.114548117
UKENNW_UU_TP000076,87,4,14/06/2021,4.943500332,4.923895241,4.586964787,5.26480601
UKENNW_UU_TP000076,87,5,21/06/2021,5.086225657,5.04833893,4.710376304,5.387722122
UKENNW_UU_TP000076,87,6,28/06/2021,5.112173866,5.107412357,4.770011232,5.445927281
UKENNW_UU_TP000076,87,7,05/07/2021,5.138122075,5.128047975,4.791308889,5.469225556
UKENNW_UU_TP000076,87,8,12/07/2021,5.095362808,5.15951149,4.822585622,5.500433035
UKENNW_UU_TP000076,87,9,19/07/2021,5.05260354,5.193413445,4.856418541,5.532406898
UKENNW_UU_TP000076,87,10,26/07/2021,5.216621048,5.233969198,4.89573964,5.573538969
UKENNW_UU_TP000076,87,11,02/08/2021,5.380638556,5.296468702,4.958197077,5.638543888
UKENNW_UU_TP000076,87,12,09/08/2021,5.641242825,5.454065684,5.116979147,5.795751786
UKENNW_UU_TP000076,87,13,16/08/2021,5.901847093,5.58094491,5.246342165,5.921417751
UKENNW_UU_TP000076,87,14,23/08/2021,5.958069725,5.536938328,5.202028275,5.877228585
UKENNW_UU_TP000076,87,15,30/08/2021,6.014292357,5.503612474,5.168174055,5.844618944
UKENNW_UU_TP000076,87,16,06/09/2021,5.827904167,5.466304378,5.130322209,5.806950318
UKENNW_UU_TP000076,87,17,13/09/2021,5.641515977,5.446243823,5.109586039,5.786212052
UKENNW_UU_TP000076,87,18,20/09/2021,5.816716311,5.466995441,5.131618498,5.805867157
UKENNW_UU_TP000076,87,19,27/09/2021,5.991916645,5.425952552,5.091690827,5.768009288
UKENNW_UU_TP000076,87,20,04/10/2021,5.743719028,5.33237115,4.997829777,5.674013445
UKENNW_UU_TP000076,87,21,11/10/2021,5.495521411,5.321410863,4.986590366,5.65998716
UKENNW_UU_TP000076,87,22,18/10/2021,5.183306614,5.231646446,4.895164566,5.568088015
UKENNW_UU_TP000076,87,23,25/10/2021,4.871091816,5.089593678,4.748605882,5.425087957
UKENNW_UU_TP000076,87,24,01/11/2021,4.695776952,5.107539713,4.762688304,5.443064917
UKENNW_UU_TP000076,87,25,08/11/2021,4.520462087,5.243821067,4.901262342,5.57849645
UKENNW_UU_TP000076,87,26,15/11/2021,5.199811779,5.435332177,5.100406986,5.77400365
UKENNW_UU_TP000076,87,27,22/11/2021,5.87916147,5.440491351,5.106010252,5.784793687
UKENNW_UU_TP000076,87,28,29/11/2021,5.926586393,5.362083249,5.027837509,5.703083876
UKENNW_UU_TP000076,87,29,06/12/2021,5.974011316,5.472658414,5.13838221,5.816308769
UKENNW_UU_TP000076,87,30,13/12/2021,5.891711997,5.519603824,5.184928145,5.866685692
UKENNW_UU_TP000076,87,31,20/12/2021,5.809412677,5.517949022,5.182048981,5.865574569
UKENNW_UU_TP000076,87,32,27/12/2021,5.773048001,5.550542814,5.21568454,5.889713381
UKENNW_UU_TP000076,87,33,03/01/2022,5.736683325,5.54068948,5.202402552,5.87678511
UKENNW_UU_TP000076,87,34,10/01/2022,5.184091635,5.368761045,5.02783137,5.703406179
UKENNW_UU_TP000076,87,35,17/01/2022,4.631499944,5.180194836,4.83537098,5.514285254
UKENNW_UU_TP000076,87,36,24/01/2022,5.007679368,5.161303036,4.820527565,5.49514899
UKENNW_UU_TP000076,87,37,31/01/2022,5.383858792,5.281950151,4.940966093,5.619169998
UKENNW_UU_TP000076,87,38,07/02/2022,5.212760356,5.402417277,5.062677703,5.737191127
UKENNW_UU_TP000076,87,39,14/02/2022,5.041661919,5.501348662,5.157139825,5.835591119
UKENNW_UU_TP000076,87,40,21/02/2022,5.246046733,5.652177598,5.30354218,5.986722612
UKENNW_UU_TP000076,87,41,28/02/2022,5.450431546,5.768065945,5.413002922,6.112172433
UKENNW_UU_TP000076,87,42,07/03/2022,5.998692827,5.919474743,5.580438771,6.255177823
UKENNW_UU_TP000076,87,43,14/03/2022,6.546954107,5.956952773,5.620835342,6.295321733
UKENNW_UU_TP000076,87,44,21/03/2022,5.016266377,5.666082112,5.316441659,6.000929109
UKENNW_UU_TP000076,87,45,28/03/2022,3.485578646,5.415102249,5.039759982,5.761889016
UKENNW_UU_TP000078,88,1,24/05/2021,NA,4.2613877,3.863915148,4.665301886
UKENNW_UU_TP000078,88,2,31/05/2021,4.455241689,4.496843767,4.198290632,4.802473794
UKENNW_UU_TP000078,88,3,07/06/2021,4.455241689,4.536816881,4.237718142,4.839983982
UKENNW_UU_TP000078,88,4,14/06/2021,4.765173936,4.645200366,4.346118146,4.947684788
UKENNW_UU_TP000078,88,5,21/06/2021,5.075106183,4.793892241,4.493225009,5.09822206
UKENNW_UU_TP000078,88,6,28/06/2021,5.025743688,4.898006146,4.599250478,5.201133356
UKENNW_UU_TP000078,88,7,05/07/2021,4.976381193,4.945535709,4.647154853,5.25065404
UKENNW_UU_TP000078,88,8,12/07/2021,4.976381193,4.955124388,4.654295321,5.26084495
UKENNW_UU_TP000078,88,9,19/07/2021,4.250415432,4.906938203,4.606809887,5.204408151
UKENNW_UU_TP000078,88,10,26/07/2021,4.906109199,5.017492833,4.718240714,5.315955111
UKENNW_UU_TP000078,88,11,02/08/2021,4.906109199,5.058393142,4.755424051,5.355549151
UKENNW_UU_TP000078,88,12,09/08/2021,5.217997695,5.142712412,4.838987646,5.439559567
UKENNW_UU_TP000078,88,13,16/08/2021,4.874192424,5.166547013,4.858377184,5.462756407
UKENNW_UU_TP000078,88,14,23/08/2021,5.098054791,5.217682141,4.915935289,5.513583929
UKENNW_UU_TP000078,88,15,30/08/2021,5.321917157,5.25662596,4.958581933,5.554389983
UKENNW_UU_TP000078,88,16,06/09/2021,5.151792351,5.205523098,4.906366112,5.503289482
UKENNW_UU_TP000078,88,17,13/09/2021,4.878727268,5.12766034,4.825926065,5.424785718
UKENNW_UU_TP000078,88,18,20/09/2021,4.968739363,5.121125592,4.816419916,5.416873556
UKENNW_UU_TP000078,88,19,27/09/2021,4.962275272,5.034942316,4.727816512,5.330823125
UKENNW_UU_TP000078,88,20,04/10/2021,5.446701909,5.001797241,4.704362461,5.300185393
UKENNW_UU_TP000078,88,21,11/10/2021,5.744640264,5.035560093,4.739758578,5.340338383
UKENNW_UU_TP000078,88,22,18/10/2021,5.615157969,4.954038791,4.657918109,5.257955759
UKENNW_UU_TP000078,88,23,25/10/2021,5.485675674,4.906619942,4.610184366,5.210997324
UKENNW_UU_TP000078,88,24,01/11/2021,5.421836656,5.031676851,4.735668326,5.337242567
UKENNW_UU_TP000078,88,25,08/11/2021,5.357997638,5.13338198,4.837538875,5.437158033
UKENNW_UU_TP000078,88,26,15/11/2021,4.874181588,5.056159644,4.754726548,5.352160327
UKENNW_UU_TP000078,88,27,22/11/2021,4.390365537,4.905692933,4.593306991,5.20277216
UKENNW_UU_TP000078,88,28,29/11/2021,4.880468284,4.967277172,4.666124031,5.26385496
UKENNW_UU_TP000078,88,29,06/12/2021,5.37057103,5.107239194,4.809330608,5.405714847
UKENNW_UU_TP000078,88,30,13/12/2021,4.725189523,5.055769956,4.748034878,5.351721644
UKENNW_UU_TP000078,88,31,20/12/2021,4.079808016,5.003847719,4.681436807,5.302905044
UKENNW_UU_TP000078,88,32,27/12/2021,4.079808016,5.156800908,4.840887038,5.450506377
UKENNW_UU_TP000078,88,33,03/01/2022,4.849180962,5.34344967,5.049278707,5.633944728
UKENNW_UU_TP000078,88,34,10/01/2022,4.561908863,5.123286008,4.828872836,5.412186597
UKENNW_UU_TP000078,88,35,17/01/2022,4.561908863,4.949170547,4.65733272,5.238729633
UKENNW_UU_TP000078,88,36,24/01/2022,4.857454732,4.983215203,4.694497024,5.277885657
UKENNW_UU_TP000078,88,37,31/01/2022,5.4402727,5.195150253,4.905296767,5.497710059
UKENNW_UU_TP000078,88,38,07/02/2022,6.076666259,5.377414434,5.086770624,5.682701477
UKENNW_UU_TP000078,88,39,14/02/2022,6.713059818,5.5691791,5.278724677,5.874066428
UKENNW_UU_TP000078,88,40,21/02/2022,5.924760544,5.644674237,5.355598799,5.939725253
UKENNW_UU_TP000078,88,41,28/02/2022,5.136461269,5.661468396,5.371262038,5.953408089
UKENNW_UU_TP000078,88,42,07/03/2022,5.626329533,5.683071774,5.393008244,5.974811357
UKENNW_UU_TP000078,88,43,14/03/2022,6.116197797,5.675166364,5.384925206,5.966481832
UKENNW_UU_TP000078,88,44,21/03/2022,5.937093859,5.603563574,5.315090821,5.899029146
UKENNW_UU_TP000078,88,45,28/03/2022,5.757989921,5.526633769,5.238184396,5.822815818
UKENNW_UU_TP000084,89,1,24/05/2021,NA,4.241147509,3.850831567,4.638467346
UKENNW_UU_TP000084,89,2,31/05/2021,3.599970392,4.394874328,4.07877542,4.702653692
UKENNW_UU_TP000084,89,3,07/06/2021,3.599970392,4.437243839,4.119448789,4.744552201
UKENNW_UU_TP000084,89,4,14/06/2021,3.599970392,4.539042806,4.21994394,4.846095961
UKENNW_UU_TP000084,89,5,21/06/2021,NA,4.747965634,4.419782512,5.077469229
UKENNW_UU_TP000084,89,6,28/06/2021,4.526939335,4.849118463,4.53838129,5.157618252
UKENNW_UU_TP000084,89,7,05/07/2021,4.526939335,4.910805897,4.600490128,5.219475129
UKENNW_UU_TP000084,89,8,12/07/2021,4.426766211,4.90057571,4.587529879,5.208538785
UKENNW_UU_TP000084,89,9,19/07/2021,4.326593086,4.856400716,4.541135896,5.162512365
UKENNW_UU_TP000084,89,10,26/07/2021,4.803159348,5.038307603,4.727798856,5.345730826
UKENNW_UU_TP000084,89,11,02/08/2021,5.279725609,5.17070901,4.862450325,5.480603257
UKENNW_UU_TP000084,89,12,09/08/2021,5.357707851,5.214556566,4.905386558,5.523547481
UKENNW_UU_TP000084,89,13,16/08/2021,5.435690092,5.220233859,4.91104646,5.529495487
UKENNW_UU_TP000084,89,14,23/08/2021,5.578565636,5.272814089,4.965717333,5.585423418
UKENNW_UU_TP000084,89,15,30/08/2021,5.721441179,5.327121528,5.021151295,5.642382651
UKENNW_UU_TP000084,89,16,06/09/2021,5.518266385,5.272774551,4.965978332,5.586233238
UKENNW_UU_TP000084,89,17,13/09/2021,5.31509159,5.172768857,4.86286081,5.482139
UKENNW_UU_TP000084,89,18,20/09/2021,5.44923168,5.147220552,4.837281494,5.455289269
UKENNW_UU_TP000084,89,19,27/09/2021,5.58337177,5.082852097,4.77468735,5.392722806
UKENNW_UU_TP000084,89,20,04/10/2021,5.07176283,4.977096264,4.668777345,5.28672564
UKENNW_UU_TP000084,89,21,11/10/2021,4.56015389,4.913993689,4.601929503,5.221127971
UKENNW_UU_TP000084,89,22,18/10/2021,4.788459898,4.865270433,4.554216956,5.172972511
UKENNW_UU_TP000084,89,23,25/10/2021,5.016765905,4.913585488,4.606348231,5.225199804
UKENNW_UU_TP000084,89,24,01/11/2021,4.983079469,5.054533833,4.748164352,5.36724704
UKENNW_UU_TP000084,89,25,08/11/2021,4.949393032,5.117577678,4.809440184,5.426708913
UKENNW_UU_TP000084,89,26,15/11/2021,4.641420029,5.036180585,4.726443332,5.344215963
UKENNW_UU_TP000084,89,27,22/11/2021,4.333447025,4.899252579,4.586379604,5.2063662
UKENNW_UU_TP000084,89,28,29/11/2021,4.625609723,4.997603597,4.68846004,5.306338766
UKENNW_UU_TP000084,89,29,06/12/2021,4.917772421,5.139283247,4.831059163,5.448537302
UKENNW_UU_TP000084,89,30,13/12/2021,5.593352794,5.178736106,4.872780427,5.493438095
UKENNW_UU_TP000084,89,31,20/12/2021,6.268933166,5.213626283,4.907994582,5.533718298
UKENNW_UU_TP000084,89,32,27/12/2021,6.268933166,5.338092893,5.033152833,5.655546692
UKENNW_UU_TP000084,89,33,03/01/2022,5.859402521,5.380874279,5.073910066,5.69206183
UKENNW_UU_TP000084,89,34,10/01/2022,5.32729141,5.143077084,4.837873313,5.453213899
UKENNW_UU_TP000084,89,35,17/01/2022,5.32729141,4.964832347,4.660657464,5.277525975
UKENNW_UU_TP000084,89,36,24/01/2022,5.239852463,4.975440595,4.671243669,5.291858305
UKENNW_UU_TP000084,89,37,31/01/2022,5.684524627,5.1446039,4.838318266,5.469425043
UKENNW_UU_TP000084,89,38,07/02/2022,5.550435479,5.271963019,4.9676073,5.587021398
UKENNW_UU_TP000084,89,39,14/02/2022,5.416346331,5.437075609,5.128084296,5.744203206
UKENNW_UU_TP000084,89,40,21/02/2022,5.107259928,5.490580413,5.165784635,5.796734656
UKENNW_UU_TP000084,89,41,28/02/2022,4.798173524,5.458144777,5.119704945,5.768756042
UKENNW_UU_TP000084,89,42,07/03/2022,5.099521372,5.526106489,5.204960876,5.830914737
UKENNW_UU_TP000084,89,43,14/03/2022,5.786770692,5.599234948,5.291749254,5.905891305
UKENNW_UU_TP000084,89,44,21/03/2022,5.786770692,5.525747449,5.217986418,5.832116155
UKENNW_UU_TP000084,89,45,28/03/2022,6.172672164,5.477295029,5.170420205,5.785373563
UKENNW_UU_TP000095,90,1,24/05/2021,NA,4.505795398,4.101326001,4.912308999
UKENNW_UU_TP000095,90,2,31/05/2021,4.575183615,4.657476243,4.317766928,4.992614164
UKENNW_UU_TP000095,90,3,07/06/2021,4.762006012,4.721332903,4.381590909,5.056415934
UKENNW_UU_TP000095,90,4,14/06/2021,4.762006012,4.821392805,4.480766463,5.156021457
UKENNW_UU_TP000095,90,5,21/06/2021,4.948828409,4.971562187,4.632318124,5.306735114
UKENNW_UU_TP000095,90,6,28/06/2021,5.045462244,5.096090822,4.760219804,5.432191268
UKENNW_UU_TP000095,90,7,05/07/2021,5.045462244,5.14258737,4.807278962,5.479702147
UKENNW_UU_TP000095,90,8,12/07/2021,5.090775383,5.151585015,4.80508127,5.498495476
UKENNW_UU_TP000095,90,9,19/07/2021,5.136088522,5.185506263,4.855739898,5.519182678
UKENNW_UU_TP000095,90,10,26/07/2021,5.378673078,5.297688814,4.96804851,5.632945968
UKENNW_UU_TP000095,90,11,02/08/2021,5.621257634,5.369049505,5.03892536,5.705508427
UKENNW_UU_TP000095,90,12,09/08/2021,5.787064986,5.459129086,5.129392343,5.794058157
UKENNW_UU_TP000095,90,13,16/08/2021,5.952872338,5.545992765,5.216807936,5.882782311
UKENNW_UU_TP000095,90,14,23/08/2021,5.966952031,5.567552166,5.238266678,5.906776256
UKENNW_UU_TP000095,90,15,30/08/2021,5.981031724,5.57336082,5.243667979,5.914381408
UKENNW_UU_TP000095,90,16,06/09/2021,5.743436896,5.542942387,5.212924622,5.883041253
UKENNW_UU_TP000095,90,17,13/09/2021,5.505842067,5.501859732,5.170896347,5.843575211
UKENNW_UU_TP000095,90,18,20/09/2021,5.347949439,5.495220423,5.166162249,5.832057214
UKENNW_UU_TP000095,90,19,27/09/2021,5.19005681,5.374747336,5.043240578,5.705058821
UKENNW_UU_TP000095,90,20,04/10/2021,5.475382535,5.275866583,4.943855745,5.605791581
UKENNW_UU_TP000095,90,21,11/10/2021,5.760708259,5.295040109,4.965678718,5.628010271
UKENNW_UU_TP000095,90,22,18/10/2021,5.550681163,5.224169514,4.894837403,5.559620259
UKENNW_UU_TP000095,90,23,25/10/2021,5.340654066,5.185937653,4.856195622,5.523611806
UKENNW_UU_TP000095,90,24,01/11/2021,5.142186624,5.263166498,4.933603531,5.597599893
UKENNW_UU_TP000095,90,25,08/11/2021,4.943719182,5.304918929,4.972390076,5.635437728
UKENNW_UU_TP000095,90,26,15/11/2021,5.22678408,5.346479353,5.014774486,5.676667358
UKENNW_UU_TP000095,90,27,22/11/2021,5.509848977,5.314093943,4.984542446,5.647262642
UKENNW_UU_TP000095,90,28,29/11/2021,4.62723459,5.188202471,4.852562862,5.518029096
UKENNW_UU_TP000095,90,29,06/12/2021,3.744620203,5.178728527,4.825830999,5.512139377
UKENNW_UU_TP000095,90,30,13/12/2021,4.704879333,5.210378382,4.86632452,5.540674288
UKENNW_UU_TP000095,90,31,20/12/2021,5.665138463,5.284545807,4.966102344,5.600517828
UKENNW_UU_TP000095,90,32,27/12/2021,5.665138463,5.41244413,5.097645336,5.72605159
UKENNW_UU_TP000095,90,33,03/01/2022,5.613482042,5.435162599,5.112527944,5.748864823
UKENNW_UU_TP000095,90,34,10/01/2022,5.392537807,5.26890214,4.951914084,5.581477454
UKENNW_UU_TP000095,90,35,17/01/2022,5.392537807,5.119885263,4.805571669,5.433436944
UKENNW_UU_TP000095,90,36,24/01/2022,4.317834248,5.024876018,4.703687839,5.337300957
UKENNW_UU_TP000095,90,37,31/01/2022,3.464074923,5.162370062,4.823123408,5.481513759
UKENNW_UU_TP000095,90,38,07/02/2022,4.739653128,5.44696637,5.125039402,5.760571263
UKENNW_UU_TP000095,90,39,14/02/2022,6.015231333,5.707598656,5.393448022,6.023820869
UKENNW_UU_TP000095,90,40,21/02/2022,6.167841322,5.826283589,5.51296608,6.142927117
UKENNW_UU_TP000095,90,41,28/02/2022,6.320451311,5.859531273,5.545629421,6.174915289
UKENNW_UU_TP000095,90,42,07/03/2022,6.282149376,5.875952894,5.560093344,6.189780807
UKENNW_UU_TP000095,90,43,14/03/2022,6.243847441,5.872344655,5.557144047,6.186226572
UKENNW_UU_TP000095,90,44,21/03/2022,6.14814462,5.813187182,5.500260552,6.129334527
UKENNW_UU_TP000095,90,45,28/03/2022,6.052441799,5.765094499,5.45141977,6.086612816
UKENNW_UU_TP000102,91,1,24/05/2021,NA,3.87903235,3.473482759,4.287657127
UKENNW_UU_TP000102,91,2,31/05/2021,4.884091133,4.100778684,3.786251027,4.421955504
UKENNW_UU_TP000102,91,3,07/06/2021,4.884091133,4.163879755,3.848807085,4.4836132
UKENNW_UU_TP000102,91,4,14/06/2021,4.716738158,4.285379234,3.969901497,4.603857083
UKENNW_UU_TP000102,91,5,21/06/2021,4.549385182,4.397263773,4.079200055,4.713441071
UKENNW_UU_TP000102,91,6,28/06/2021,3.645200967,4.452734926,4.131090329,4.767269304
UKENNW_UU_TP000102,91,7,05/07/2021,2.741016752,4.427654303,4.097240468,4.743086579
UKENNW_UU_TP000102,91,8,12/07/2021,3.813352774,4.498741156,4.176559708,4.815799396
UKENNW_UU_TP000102,91,9,19/07/2021,4.885688796,4.568332644,4.254024993,4.886478897
UKENNW_UU_TP000102,91,10,26/07/2021,3.941888317,4.564428374,4.242285295,4.878386663
UKENNW_UU_TP000102,91,11,02/08/2021,2.998087838,4.559501545,4.224858854,4.875996542
UKENNW_UU_TP000102,91,12,09/08/2021,3.525446176,4.714798245,4.386695836,5.029203916
UKENNW_UU_TP000102,91,13,16/08/2021,4.052804513,4.833667947,4.513830704,5.145114838
UKENNW_UU_TP000102,91,14,23/08/2021,4.230374173,4.82627567,4.507511124,5.137868678
UKENNW_UU_TP000102,91,15,30/08/2021,4.407943832,4.816807207,4.499373487,5.128848474
UKENNW_UU_TP000102,91,16,06/09/2021,4.933601689,4.793925987,4.47879644,5.10810516
UKENNW_UU_TP000102,91,17,13/09/2021,5.459259546,4.781291611,4.467636754,5.09866796
UKENNW_UU_TP000102,91,18,20/09/2021,5.471883585,4.819061652,4.506857743,5.137259199
UKENNW_UU_TP000102,91,19,27/09/2021,5.484507623,4.772985201,4.461365808,5.094828472
UKENNW_UU_TP000102,91,20,04/10/2021,5.081800959,4.670063718,4.358068709,4.99041548
UKENNW_UU_TP000102,91,21,11/10/2021,4.679094295,4.678682103,4.367001146,4.99638716
UKENNW_UU_TP000102,91,22,18/10/2021,4.000224427,4.57125232,4.257338153,4.884979463
UKENNW_UU_TP000102,91,23,25/10/2021,3.321354558,4.421060857,4.099273737,4.733323063
UKENNW_UU_TP000102,91,24,01/11/2021,4.318114757,4.532677626,4.217509412,4.847546047
UKENNW_UU_TP000102,91,25,08/11/2021,5.314874955,4.729515794,4.416528274,5.056936473
UKENNW_UU_TP000102,91,26,15/11/2021,5.162604283,4.821072682,4.508769285,5.147392927
UKENNW_UU_TP000102,91,27,22/11/2021,5.010333611,4.751528783,4.43968503,5.075121239
UKENNW_UU_TP000102,91,28,29/11/2021,5.096974754,4.654839654,4.34235745,4.972780225
UKENNW_UU_TP000102,91,29,06/12/2021,5.183615897,4.731652905,4.418091944,5.04590824
UKENNW_UU_TP000102,91,30,13/12/2021,4.942539886,4.756791916,4.442667195,5.070405758
UKENNW_UU_TP000102,91,31,20/12/2021,4.701463875,4.741892871,4.42663917,5.053127526
UKENNW_UU_TP000102,91,32,27/12/2021,5.120046123,4.868877572,4.556971469,5.179494489
UKENNW_UU_TP000102,91,33,03/01/2022,5.53862837,4.951280443,4.640627497,5.266032676
UKENNW_UU_TP000102,91,34,10/01/2022,4.968015641,4.751967191,4.439940456,5.062148854
UKENNW_UU_TP000102,91,35,17/01/2022,4.397402911,4.539104253,4.222221684,4.847513232
UKENNW_UU_TP000102,91,36,24/01/2022,4.542972233,4.560187649,4.249784775,4.871362053
UKENNW_UU_TP000102,91,37,31/01/2022,4.688541554,4.725573123,4.4157861,5.038916997
UKENNW_UU_TP000102,91,38,07/02/2022,4.889149481,4.882269627,4.572222257,5.194942318
UKENNW_UU_TP000102,91,39,14/02/2022,5.089757407,5.024160767,4.711784604,5.334728021
UKENNW_UU_TP000102,91,40,21/02/2022,5.171085721,5.154681322,4.841249755,5.465003124
UKENNW_UU_TP000102,91,41,28/02/2022,5.252414034,5.256779518,4.94311745,5.571193244
UKENNW_UU_TP000102,91,42,07/03/2022,5.58271731,5.334598248,5.024373592,5.648552144
UKENNW_UU_TP000102,91,43,14/03/2022,5.913020585,5.331757686,5.021898023,5.646123856
UKENNW_UU_TP000102,91,44,21/03/2022,5.648026435,5.155168019,4.845330871,5.467168933
UKENNW_UU_TP000102,91,45,28/03/2022,5.383032284,5.011251353,4.70029556,5.322724881
UKENNW_UU_TP000103,92,1,24/05/2021,NA,3.706382319,3.323606724,4.094203357
UKENNW_UU_TP000103,92,2,31/05/2021,4.10045696,3.923896171,3.63874538,4.215235284
UKENNW_UU_TP000103,92,3,07/06/2021,4.10045696,3.968376968,3.682864796,4.257657785
UKENNW_UU_TP000103,92,4,14/06/2021,3.929306565,4.084284026,3.797366986,4.370963422
UKENNW_UU_TP000103,92,5,21/06/2021,3.758156169,4.215878715,3.92628985,4.50294253
UKENNW_UU_TP000103,92,6,28/06/2021,4.270522919,4.341097151,4.055191823,4.628681559
UKENNW_UU_TP000103,92,7,05/07/2021,4.782889669,4.411181897,4.12638936,4.70469905
UKENNW_UU_TP000103,92,8,12/07/2021,4.369108463,4.403795452,4.11757232,4.691542093
UKENNW_UU_TP000103,92,9,19/07/2021,3.955327256,4.372593772,4.082680404,4.657467933
UKENNW_UU_TP000103,92,10,26/07/2021,3.830868344,4.47543166,4.184437448,4.760452606
UKENNW_UU_TP000103,92,11,02/08/2021,3.706409432,4.540605891,4.248508227,4.825359803
UKENNW_UU_TP000103,92,12,09/08/2021,4.022681244,4.628037826,4.333246197,4.912723414
UKENNW_UU_TP000103,92,13,16/08/2021,4.338953055,4.663556987,4.369379191,4.945799779
UKENNW_UU_TP000103,92,14,23/08/2021,4.11955024,4.665616009,4.371671936,4.947837892
UKENNW_UU_TP000103,92,15,30/08/2021,3.900147425,4.664544214,4.370366948,4.946905531
UKENNW_UU_TP000103,92,16,06/09/2021,4.041730911,4.629123821,4.336987634,4.911631504
UKENNW_UU_TP000103,92,17,13/09/2021,4.183314396,4.597561329,4.307257926,4.880020629
UKENNW_UU_TP000103,92,18,20/09/2021,4.382687162,4.575798593,4.281146485,4.858283951
UKENNW_UU_TP000103,92,19,27/09/2021,4.582059928,4.460694898,4.162655314,4.744002536
UKENNW_UU_TP000103,92,20,04/10/2021,4.607441789,4.406941917,4.117270093,4.68914136
UKENNW_UU_TP000103,92,21,11/10/2021,4.632823649,4.455226698,4.171239725,4.739120827
UKENNW_UU_TP000103,92,22,18/10/2021,3.982628193,4.39009297,4.103381273,4.672410718
UKENNW_UU_TP000103,92,23,25/10/2021,3.332432737,4.307349345,4.014461843,4.589634999
UKENNW_UU_TP000103,92,24,01/11/2021,4.253771456,4.441083441,4.156061164,4.724332756
UKENNW_UU_TP000103,92,25,08/11/2021,5.175110174,4.583532998,4.301282238,4.874069743
UKENNW_UU_TP000103,92,26,15/11/2021,5.096843262,4.541160759,4.258241005,4.826554868
UKENNW_UU_TP000103,92,27,22/11/2021,5.018576349,4.409729426,4.123782192,4.692826067
UKENNW_UU_TP000103,92,28,29/11/2021,4.859889281,4.505296305,4.222776719,4.792098648
UKENNW_UU_TP000103,92,29,06/12/2021,4.701202213,4.659094385,4.377162818,4.949051521
UKENNW_UU_TP000103,92,30,13/12/2021,4.261573939,4.653003094,4.370212242,4.938096488
UKENNW_UU_TP000103,92,31,20/12/2021,3.821945665,4.629934424,4.343728225,4.911887202
UKENNW_UU_TP000103,92,32,27/12/2021,4.466665298,4.776158719,4.491895466,5.059139092
UKENNW_UU_TP000103,92,33,03/01/2022,5.111384931,4.880447971,4.598582424,5.171060845
UKENNW_UU_TP000103,92,34,10/01/2022,5.136960105,4.715689379,4.435959697,5.009161357
UKENNW_UU_TP000103,92,35,17/01/2022,5.162535278,4.546806805,4.266032485,4.844417498
UKENNW_UU_TP000103,92,36,24/01/2022,5.106896223,4.561728448,4.278921795,4.862719486
UKENNW_UU_TP000103,92,37,31/01/2022,5.051257167,4.654863138,4.373460644,4.951423909
UKENNW_UU_TP000103,92,38,07/02/2022,5.259400526,4.780730396,4.500914994,5.073534495
UKENNW_UU_TP000103,92,39,14/02/2022,5.467543884,4.957716182,4.678402055,5.244540463
UKENNW_UU_TP000103,92,40,21/02/2022,5.803188113,5.099188209,4.819837035,5.384090154
UKENNW_UU_TP000103,92,41,28/02/2022,6.138832341,5.159477606,4.880162098,5.447630604
UKENNW_UU_TP000103,92,42,07/03/2022,5.512148271,5.134822279,4.854565465,5.415961063
UKENNW_UU_TP000103,92,43,14/03/2022,4.8854642,5.092705895,4.807577203,5.371375452
UKENNW_UU_TP000103,92,44,21/03/2022,5.136375589,4.994408851,4.711429649,5.27327666
UKENNW_UU_TP000103,92,45,28/03/2022,5.387286978,4.917017254,4.635479717,5.196826265
UKENNW_UU_TP000110,93,1,24/05/2021,3.761105446,3.693902607,3.323573834,4.065512762
UKENNW_UU_TP000110,93,2,31/05/2021,3.761105446,3.866798914,3.559241198,4.172303352
UKENNW_UU_TP000110,93,3,07/06/2021,3.72422923,3.924743621,3.616381915,4.230205783
UKENNW_UU_TP000110,93,4,14/06/2021,3.687353013,4.027680299,3.718714191,4.332703174
UKENNW_UU_TP000110,93,5,21/06/2021,4.142671956,4.179172001,3.871225887,4.484899468
UKENNW_UU_TP000110,93,6,28/06/2021,4.597990899,4.299157054,3.993899461,4.605518609
UKENNW_UU_TP000110,93,7,05/07/2021,4.597990899,4.340440209,4.035369105,4.647570518
UKENNW_UU_TP000110,93,8,12/07/2021,NA,4.352510232,4.029119179,4.676995425
UKENNW_UU_TP000110,93,9,19/07/2021,4.940220886,4.378073627,4.07911576,4.680700216
UKENNW_UU_TP000110,93,10,26/07/2021,4.940220886,4.479187205,4.179967713,4.782099999
UKENNW_UU_TP000110,93,11,02/08/2021,4.81502549,4.53591193,4.235919657,4.838079283
UKENNW_UU_TP000110,93,12,09/08/2021,4.689830094,4.626490987,4.32672717,4.927582213
UKENNW_UU_TP000110,93,13,16/08/2021,4.847567437,4.708719644,4.40973266,5.010911381
UKENNW_UU_TP000110,93,14,23/08/2021,5.00530478,4.737100269,4.438228543,5.041693499
UKENNW_UU_TP000110,93,15,30/08/2021,4.970391466,4.747999324,4.448809582,5.054216281
UKENNW_UU_TP000110,93,16,06/09/2021,4.935478151,4.714493478,4.414505378,5.021074524
UKENNW_UU_TP000110,93,17,13/09/2021,5.1238623,4.669683962,4.368343203,4.978686751
UKENNW_UU_TP000110,93,18,20/09/2021,5.312246448,4.676675802,4.377509803,4.982517423
UKENNW_UU_TP000110,93,19,27/09/2021,4.240734386,4.562738853,4.262942347,4.862309012
UKENNW_UU_TP000110,93,20,04/10/2021,3.169222323,4.455467767,4.153956565,4.754187651
UKENNW_UU_TP000110,93,21,11/10/2021,3.499960533,4.47000154,4.170739474,4.770266995
UKENNW_UU_TP000110,93,22,18/10/2021,3.830698742,4.397797778,4.098754132,4.699900288
UKENNW_UU_TP000110,93,23,25/10/2021,4.264528069,4.360017767,4.060557715,4.664617146
UKENNW_UU_TP000110,93,24,01/11/2021,4.698357396,4.450836169,4.15174054,4.754111664
UKENNW_UU_TP000110,93,25,08/11/2021,4.638971527,4.508509418,4.208329964,4.808264648
UKENNW_UU_TP000110,93,26,15/11/2021,4.579585658,4.532900329,4.232482151,4.832061787
UKENNW_UU_TP000110,93,27,22/11/2021,4.468666324,4.480867808,4.18163699,4.781297061
UKENNW_UU_TP000110,93,28,29/11/2021,4.35774699,4.3820022,4.07838537,4.681502615
UKENNW_UU_TP000110,93,29,06/12/2021,4.019309965,4.401657812,4.087641742,4.703543605
UKENNW_UU_TP000110,93,30,13/12/2021,3.680872939,4.404605825,4.090031103,4.706798973
UKENNW_UU_TP000110,93,31,20/12/2021,3.680872939,4.445980504,4.155705462,4.729979421
UKENNW_UU_TP000110,93,32,27/12/2021,5.33558922,4.59576333,4.312996422,4.875465024
UKENNW_UU_TP000110,93,33,03/01/2022,4.722550525,4.648716879,4.360760657,4.930520127
UKENNW_UU_TP000110,93,34,10/01/2022,4.722550525,4.468612489,4.185362029,4.74784126
UKENNW_UU_TP000110,93,35,17/01/2022,4.253826155,4.306661122,4.025309596,4.585357487
UKENNW_UU_TP000110,93,36,24/01/2022,4.398140481,4.252011058,3.96914708,4.530920076
UKENNW_UU_TP000110,93,37,31/01/2022,4.274169229,4.4299316,4.143535729,4.710357821
UKENNW_UU_TP000110,93,38,07/02/2022,4.150197977,4.68489835,4.403754645,4.964850305
UKENNW_UU_TP000110,93,39,14/02/2022,4.618001357,4.920440994,4.640930827,5.202454014
UKENNW_UU_TP000110,93,40,21/02/2022,5.085804737,5.0359502,4.75668338,5.318290137
UKENNW_UU_TP000110,93,41,28/02/2022,5.194471425,5.063567092,4.783795726,5.344338764
UKENNW_UU_TP000110,93,42,07/03/2022,5.303138113,5.081873337,4.800726266,5.361831571
UKENNW_UU_TP000110,93,43,14/03/2022,5.18152665,5.079698989,4.799161578,5.359484518
UKENNW_UU_TP000110,93,44,21/03/2022,5.059915186,5.017607705,4.738627293,5.299429125
UKENNW_UU_TP000110,93,45,28/03/2022,5.059915186,4.964738128,4.68402103,5.251246539
UKENNW_UU_TP000115,94,1,24/05/2021,NA,4.202455252,3.759860412,4.648510654
UKENNW_UU_TP000115,94,2,31/05/2021,NA,4.427874341,4.056972079,4.802707628
UKENNW_UU_TP000115,94,3,07/06/2021,NA,4.474878228,4.103550061,4.84811042
UKENNW_UU_TP000115,94,4,14/06/2021,NA,4.578545186,4.206943429,4.951355632
UKENNW_UU_TP000115,94,5,21/06/2021,NA,4.725386364,4.352964093,5.099044798
UKENNW_UU_TP000115,94,6,28/06/2021,NA,4.833837075,4.462758988,5.207926536
UKENNW_UU_TP000115,94,7,05/07/2021,NA,4.874064692,4.502780029,5.249888109
UKENNW_UU_TP000115,94,8,12/07/2021,NA,4.891967122,4.516406725,5.271291786
UKENNW_UU_TP000115,94,9,19/07/2021,NA,4.873544412,4.504946221,5.244362771
UKENNW_UU_TP000115,94,10,26/07/2021,NA,4.96877767,4.599533582,5.339657184
UKENNW_UU_TP000115,94,11,02/08/2021,NA,5.00772314,4.635796779,5.377485948
UKENNW_UU_TP000115,94,12,09/08/2021,NA,5.099932124,4.728455531,5.469444031
UKENNW_UU_TP000115,94,13,16/08/2021,NA,5.154347803,4.783412193,5.523202152
UKENNW_UU_TP000115,94,14,23/08/2021,NA,5.197857836,4.828990912,5.567737567
UKENNW_UU_TP000115,94,15,30/08/2021,NA,5.225592313,4.857631651,5.597219123
UKENNW_UU_TP000115,94,16,06/09/2021,NA,5.182063661,4.813409876,5.553892441
UKENNW_UU_TP000115,94,17,13/09/2021,NA,5.112355087,4.742456634,5.484774897
UKENNW_UU_TP000115,94,18,20/09/2021,NA,5.124413325,4.755641036,5.494833652
UKENNW_UU_TP000115,94,19,27/09/2021,NA,5.046415098,4.677343487,5.415514599
UKENNW_UU_TP000115,94,20,04/10/2021,NA,4.975232631,4.606995388,5.346265859
UKENNW_UU_TP000115,94,21,11/10/2021,NA,4.983614008,4.615736761,5.35703039
UKENNW_UU_TP000115,94,22,18/10/2021,NA,4.900086101,4.531817152,5.27410417
UKENNW_UU_TP000115,94,23,25/10/2021,NA,4.855130677,4.486356726,5.230369006
UKENNW_UU_TP000115,94,24,01/11/2021,NA,4.964716934,4.596479234,5.338678862
UKENNW_UU_TP000115,94,25,08/11/2021,NA,5.046517495,4.677901172,5.417218741
UKENNW_UU_TP000115,94,26,15/11/2021,NA,5.013760525,4.642550907,5.3819656
UKENNW_UU_TP000115,94,27,22/11/2021,NA,4.908819241,4.536017263,5.276973986
UKENNW_UU_TP000115,94,28,29/11/2021,NA,4.89414192,4.521264023,5.26305765
UKENNW_UU_TP000115,94,29,06/12/2021,NA,4.977722905,4.602421595,5.346232093
UKENNW_UU_TP000115,94,30,13/12/2021,NA,4.934350736,4.548839619,5.305460736
UKENNW_UU_TP000115,94,31,20/12/2021,NA,4.905960059,4.516444566,5.276154208
UKENNW_UU_TP000115,94,32,27/12/2021,5.145489754,5.063704901,4.702730061,5.411460855
UKENNW_UU_TP000115,94,33,03/01/2022,5.145489754,5.230034466,4.883309897,5.571419929
UKENNW_UU_TP000115,94,34,10/01/2022,4.783515726,5.00035386,4.650447574,5.342419761
UKENNW_UU_TP000115,94,35,17/01/2022,4.421541697,4.822394484,4.473816659,5.164012483
UKENNW_UU_TP000115,94,36,24/01/2022,4.783135381,4.840047155,4.496888786,5.181188862
UKENNW_UU_TP000115,94,37,31/01/2022,5.144729065,5.075662836,4.73476776,5.419919353
UKENNW_UU_TP000115,94,38,07/02/2022,5.3027774,5.283635182,4.942346336,5.630005036
UKENNW_UU_TP000115,94,39,14/02/2022,5.460825735,5.488054079,5.14611251,5.83575857
UKENNW_UU_TP000115,94,40,21/02/2022,5.640827653,5.579132458,5.238172784,5.923531487
UKENNW_UU_TP000115,94,41,28/02/2022,5.82082957,5.601036114,5.259874987,5.943851852
UKENNW_UU_TP000115,94,42,07/03/2022,5.934958215,5.633085077,5.292036024,5.97647129
UKENNW_UU_TP000115,94,43,14/03/2022,5.647012381,5.62686645,5.285782506,5.970003384
UKENNW_UU_TP000115,94,44,21/03/2022,5.647012381,5.559815713,5.218706783,5.906692395
UKENNW_UU_TP000115,94,45,28/03/2022,5.244937901,5.475616851,5.134528278,5.821357191
UKENNW_UU_TP000116,95,1,24/05/2021,4.539465403,4.018361258,3.64993934,4.393882248
UKENNW_UU_TP000116,95,2,31/05/2021,4.539465403,4.201871492,3.913210148,4.491931817
UKENNW_UU_TP000116,95,3,07/06/2021,4.503408134,4.238653185,3.948094613,4.527895758
UKENNW_UU_TP000116,95,4,14/06/2021,4.467350865,4.342411122,4.051028116,4.630258403
UKENNW_UU_TP000116,95,5,21/06/2021,4.681406274,4.524161476,4.229146069,4.821524977
UKENNW_UU_TP000116,95,6,28/06/2021,4.895461683,4.635299226,4.347157239,4.925374015
UKENNW_UU_TP000116,95,7,05/07/2021,4.915140433,4.699265969,4.411647884,4.990733416
UKENNW_UU_TP000116,95,8,12/07/2021,4.934819182,4.68515498,4.395230066,4.974199289
UKENNW_UU_TP000116,95,9,19/07/2021,4.934819182,4.634305051,4.341613213,4.920823055
UKENNW_UU_TP000116,95,10,26/07/2021,5.207348335,4.797024247,4.507807201,5.084964646
UKENNW_UU_TP000116,95,11,02/08/2021,5.266696696,4.904324401,4.616156134,5.193704815
UKENNW_UU_TP000116,95,12,09/08/2021,5.266696696,4.961929625,4.67244142,5.249722866
UKENNW_UU_TP000116,95,13,16/08/2021,5.326045057,4.973379657,4.68334249,5.260435719
UKENNW_UU_TP000116,95,14,23/08/2021,5.430331953,5.019950337,4.732509498,5.309235591
UKENNW_UU_TP000116,95,15,30/08/2021,5.089420998,5.054199444,4.767533966,5.344225047
UKENNW_UU_TP000116,95,16,06/09/2021,5.089420998,5.002764332,4.715218863,5.292976254
UKENNW_UU_TP000116,95,17,13/09/2021,4.466930004,4.911110368,4.620140334,5.198398201
UKENNW_UU_TP000116,95,18,20/09/2021,4.185349965,4.87781944,4.583598613,5.164020661
UKENNW_UU_TP000116,95,19,27/09/2021,3.853641123,4.789187026,4.494627368,5.075221994
UKENNW_UU_TP000116,95,20,04/10/2021,3.521932281,4.716650676,4.425294279,5.003121981
UKENNW_UU_TP000116,95,21,11/10/2021,3.414046653,4.701902773,4.410631564,4.988415912
UKENNW_UU_TP000116,95,22,18/10/2021,3.306161024,4.635660047,4.342411864,4.921999074
UKENNW_UU_TP000116,95,23,25/10/2021,4.097260917,4.648616571,4.359716481,4.936210355
UKENNW_UU_TP000116,95,24,01/11/2021,4.88836081,4.800944742,4.514624997,5.092382219
UKENNW_UU_TP000116,95,25,08/11/2021,4.88836081,4.884323095,4.59765043,5.174261792
UKENNW_UU_TP000116,95,26,15/11/2021,5.193310632,4.810576346,4.522580554,5.098984073
UKENNW_UU_TP000116,95,27,22/11/2021,4.700657117,4.660185656,4.367367448,4.946924849
UKENNW_UU_TP000116,95,28,29/11/2021,4.700657117,4.764020218,4.476027578,5.052518117
UKENNW_UU_TP000116,95,29,06/12/2021,4.575025596,4.910002381,4.623008521,5.199437849
UKENNW_UU_TP000116,95,30,13/12/2021,4.94204759,4.927898336,4.64152546,5.218447752
UKENNW_UU_TP000116,95,31,20/12/2021,4.94204759,4.93252343,4.646395921,5.221728188
UKENNW_UU_TP000116,95,32,27/12/2021,5.655185071,5.086868785,4.80209039,5.378335093
UKENNW_UU_TP000116,95,33,03/01/2022,5.24014653,5.159574464,4.873920392,5.450697445
UKENNW_UU_TP000116,95,34,10/01/2022,5.24014653,4.940427035,4.65664593,5.230563772
UKENNW_UU_TP000116,95,35,17/01/2022,4.825107989,4.75289781,4.469283347,5.042705998
UKENNW_UU_TP000116,95,36,24/01/2022,5.542222407,4.792125728,4.506705778,5.091940922
UKENNW_UU_TP000116,95,37,31/01/2022,5.65212069,4.953063335,4.664099919,5.260093307
UKENNW_UU_TP000116,95,38,07/02/2022,5.65212069,5.076085342,4.791452375,5.372652887
UKENNW_UU_TP000116,95,39,14/02/2022,5.328834886,5.230115774,4.943185823,5.516834512
UKENNW_UU_TP000116,95,40,21/02/2022,4.895650799,5.287286657,4.985295779,5.573376536
UKENNW_UU_TP000116,95,41,28/02/2022,4.932690627,5.272021781,4.95994848,5.561638922
UKENNW_UU_TP000116,95,42,07/03/2022,4.969730455,5.326564684,5.028778181,5.61110935
UKENNW_UU_TP000116,95,43,14/03/2022,5.08982571,5.380512285,5.093511293,5.665141198
UKENNW_UU_TP000116,95,44,21/03/2022,5.209920964,5.292683239,5.004851933,5.576942035
UKENNW_UU_TP000116,95,45,28/03/2022,5.209920964,5.220676415,4.931228966,5.504995379
UKENNW_UU_TP000124,96,1,24/05/2021,NA,3.897469902,3.509569023,4.289066405
UKENNW_UU_TP000124,96,2,31/05/2021,5.233837286,4.132034829,3.829267404,4.442250692
UKENNW_UU_TP000124,96,3,07/06/2021,5.233837286,4.182173913,3.879061695,4.490781192
UKENNW_UU_TP000124,96,4,14/06/2021,4.979166951,4.278446233,3.97500768,4.5851913
UKENNW_UU_TP000124,96,5,21/06/2021,4.724496616,4.425022555,4.119301488,4.733097863
UKENNW_UU_TP000124,96,6,28/06/2021,4.92409594,4.5376172,4.234621386,4.844841895
UKENNW_UU_TP000124,96,7,05/07/2021,5.123695264,4.591175379,4.288538206,4.900939734
UKENNW_UU_TP000124,96,8,12/07/2021,5.062486387,4.606965495,4.300429781,4.919979673
UKENNW_UU_TP000124,96,9,19/07/2021,5.00127751,4.570153963,4.271788695,4.870705888
UKENNW_UU_TP000124,96,10,26/07/2021,4.785973131,4.684576269,4.385877043,4.98474686
UKENNW_UU_TP000124,96,11,02/08/2021,4.570668751,4.741433512,4.440028355,5.039687338
UKENNW_UU_TP000124,96,12,09/08/2021,4.817982555,4.821327427,4.520530609,5.119884403
UKENNW_UU_TP000124,96,13,16/08/2021,5.065296358,4.863257231,4.563102461,5.161881538
UKENNW_UU_TP000124,96,14,23/08/2021,5.057780836,4.914766935,4.616777325,5.215287928
UKENNW_UU_TP000124,96,15,30/08/2021,5.050265314,4.950499678,4.65348095,5.253420947
UKENNW_UU_TP000124,96,16,06/09/2021,4.875700885,4.907907097,4.610382468,5.210246648
UKENNW_UU_TP000124,96,17,13/09/2021,4.701136455,4.825688601,4.526568318,5.126794576
UKENNW_UU_TP000124,96,18,20/09/2021,4.911324387,4.82951569,4.531091716,5.129515796
UKENNW_UU_TP000124,96,19,27/09/2021,5.121512319,4.76656662,4.468526394,5.067002693
UKENNW_UU_TP000124,96,20,04/10/2021,4.938344466,4.689639258,4.392600846,4.992816084
UKENNW_UU_TP000124,96,21,11/10/2021,4.755176613,4.671137193,4.374089059,4.974798042
UKENNW_UU_TP000124,96,22,18/10/2021,4.628144159,4.589172515,4.291769616,4.892832875
UKENNW_UU_TP000124,96,23,25/10/2021,4.501111704,4.572713393,4.275339474,4.878295417
UKENNW_UU_TP000124,96,24,01/11/2021,4.316345402,4.682603536,4.385272985,4.9850255
UKENNW_UU_TP000124,96,25,08/11/2021,4.131579099,4.738481534,4.437703284,5.036280538
UKENNW_UU_TP000124,96,26,15/11/2021,4.085860793,4.687307766,4.381630604,4.984191417
UKENNW_UU_TP000124,96,27,22/11/2021,4.040142486,4.581107035,4.273889594,4.878198641
UKENNW_UU_TP000124,96,28,29/11/2021,4.25745215,4.599763459,4.296323397,4.897369113
UKENNW_UU_TP000124,96,29,06/12/2021,4.474761813,4.709331479,4.407557597,5.007195401
UKENNW_UU_TP000124,96,30,13/12/2021,3.739761626,4.654564234,4.340408328,4.953107945
UKENNW_UU_TP000124,96,31,20/12/2021,3.004761439,4.618941911,4.294518552,4.918119263
UKENNW_UU_TP000124,96,32,27/12/2021,3.004761439,4.758498782,4.436502252,5.053925968
UKENNW_UU_TP000124,96,33,03/01/2022,4.953873655,4.935905827,4.639859637,5.222855925
UKENNW_UU_TP000124,96,34,10/01/2022,3.943496827,4.690191189,4.388416557,4.977464771
UKENNW_UU_TP000124,96,35,17/01/2022,3.943496827,4.521966533,4.22575184,4.807995323
UKENNW_UU_TP000124,96,36,24/01/2022,3.836706459,4.520238857,4.227991964,4.806336927
UKENNW_UU_TP000124,96,37,31/01/2022,4.740292919,4.772495292,4.485952831,5.064633949
UKENNW_UU_TP000124,96,38,07/02/2022,5.21178726,4.979194968,4.692522074,5.274079698
UKENNW_UU_TP000124,96,39,14/02/2022,5.6832816,5.195544214,4.90846209,5.492508073
UKENNW_UU_TP000124,96,40,21/02/2022,5.499555511,5.27550314,4.988236453,5.566438548
UKENNW_UU_TP000124,96,41,28/02/2022,5.315829422,5.269522871,4.980168707,5.557065581
UKENNW_UU_TP000124,96,42,07/03/2022,5.559029163,5.31143489,5.023998069,5.600562211
UKENNW_UU_TP000124,96,43,14/03/2022,5.802228903,5.317568528,5.030852002,5.607928008
UKENNW_UU_TP000124,96,44,21/03/2022,5.802167093,5.261106997,4.975010696,5.556054507
UKENNW_UU_TP000124,96,45,28/03/2022,5.340888436,5.188905015,4.902525962,5.482445483
UKENNW_UU_TP000133,97,1,24/05/2021,NA,3.884524271,3.495360693,4.277463115
UKENNW_UU_TP000133,97,2,31/05/2021,3.478684826,4.087048276,3.787981938,4.38666381
UKENNW_UU_TP000133,97,3,07/06/2021,3.478684826,4.138693872,3.837755521,4.437388858
UKENNW_UU_TP000133,97,4,14/06/2021,3.987829787,4.260366229,3.960467134,4.558998075
UKENNW_UU_TP000133,97,5,21/06/2021,4.496974748,4.399240204,4.099076892,4.698433894
UKENNW_UU_TP000133,97,6,28/06/2021,4.624816559,4.489070152,4.190000238,4.787799161
UKENNW_UU_TP000133,97,7,05/07/2021,4.75265837,4.503288155,4.203596344,4.801587311
UKENNW_UU_TP000133,97,8,12/07/2021,4.695688495,4.539854192,4.2370641,4.842947309
UKENNW_UU_TP000133,97,9,19/07/2021,4.63871862,4.56408239,4.267933259,4.863020059
UKENNW_UU_TP000133,97,10,26/07/2021,4.726809896,4.613550057,4.315149105,4.910612994
UKENNW_UU_TP000133,97,11,02/08/2021,4.814901172,4.633193534,4.33016246,4.929520041
UKENNW_UU_TP000133,97,12,09/08/2021,4.861994039,4.751406297,4.449835678,5.04734259
UKENNW_UU_TP000133,97,13,16/08/2021,4.909086906,4.838173122,4.539382886,5.132786597
UKENNW_UU_TP000133,97,14,23/08/2021,4.905309147,4.855375226,4.558076807,5.150585425
UKENNW_UU_TP000133,97,15,30/08/2021,4.901531387,4.861855858,4.565571685,5.15808225
UKENNW_UU_TP000133,97,16,06/09/2021,4.930660506,4.825076895,4.52873506,5.12275904
UKENNW_UU_TP000133,97,17,13/09/2021,4.959789624,4.784861999,4.488771501,5.084085584
UKENNW_UU_TP000133,97,18,20/09/2021,4.998292095,4.814483434,4.519613219,5.112997213
UKENNW_UU_TP000133,97,19,27/09/2021,5.036794565,4.74685488,4.452203059,5.045465749
UKENNW_UU_TP000133,97,20,04/10/2021,4.982157096,4.661264965,4.366852033,4.961158175
UKENNW_UU_TP000133,97,21,11/10/2021,4.927519626,4.67946809,4.385317923,4.981120132
UKENNW_UU_TP000133,97,22,18/10/2021,4.814598285,4.58919301,4.294705467,4.889474207
UKENNW_UU_TP000133,97,23,25/10/2021,4.701676943,4.491344894,4.195541274,4.790022012
UKENNW_UU_TP000133,97,24,01/11/2021,4.7636125,4.602063819,4.30705279,4.903734742
UKENNW_UU_TP000133,97,25,08/11/2021,4.825548056,4.739175018,4.444461267,5.043877339
UKENNW_UU_TP000133,97,26,15/11/2021,5.024201676,4.768503869,4.47434316,5.069525669
UKENNW_UU_TP000133,97,27,22/11/2021,5.222855295,4.687305611,4.393035851,4.9880234
UKENNW_UU_TP000133,97,28,29/11/2021,4.058203172,4.605981194,4.30826854,4.901658134
UKENNW_UU_TP000133,97,29,06/12/2021,2.893551049,4.648331905,4.338080151,4.943935503
UKENNW_UU_TP000133,97,30,13/12/2021,3.221552326,4.646949553,4.331795582,4.943974484
UKENNW_UU_TP000133,97,31,20/12/2021,3.549553603,4.636373928,4.322002622,4.930693381
UKENNW_UU_TP000133,97,32,27/12/2021,4.102486187,4.795696025,4.494660367,5.083155966
UKENNW_UU_TP000133,97,33,03/01/2022,4.655418771,4.924159057,4.63215603,5.21192198
UKENNW_UU_TP000133,97,34,10/01/2022,4.446698233,4.716944061,4.423255338,5.003220016
UKENNW_UU_TP000133,97,35,17/01/2022,4.237977695,4.521484213,4.225742646,4.807656258
UKENNW_UU_TP000133,97,36,24/01/2022,4.736729588,4.548557498,4.260770776,4.8369568
UKENNW_UU_TP000133,97,37,31/01/2022,5.235481481,4.748956007,4.462467825,5.041122266
UKENNW_UU_TP000133,97,38,07/02/2022,5.16242226,4.931947838,4.645150194,5.224073595
UKENNW_UU_TP000133,97,39,14/02/2022,5.089363038,5.105658523,4.818150534,5.396668684
UKENNW_UU_TP000133,97,40,21/02/2022,5.46715377,5.22163268,4.934322727,5.511781958
UKENNW_UU_TP000133,97,41,28/02/2022,5.844944501,5.295997645,5.008954014,5.587924689
UKENNW_UU_TP000133,97,42,07/03/2022,5.738120152,5.334000596,5.04698811,5.625524821
UKENNW_UU_TP000133,97,43,14/03/2022,5.631295802,5.322913815,5.035776466,5.613653174
UKENNW_UU_TP000133,97,44,21/03/2022,5.584412,5.209674803,4.923558551,5.502455538
UKENNW_UU_TP000133,97,45,28/03/2022,5.537528197,5.108013637,4.822029494,5.40085259
UKENSO_SW_TP000001,98,1,24/05/2021,NA,4.346206135,3.917566989,4.774412126
UKENSO_SW_TP000001,98,2,31/05/2021,NA,4.309790492,3.971203112,4.644979995
UKENSO_SW_TP000001,98,3,07/06/2021,4.977552098,4.475009617,4.159749233,4.797518789
UKENSO_SW_TP000001,98,4,14/06/2021,4.977552098,4.592729174,4.278234162,4.910821118
UKENSO_SW_TP000001,98,5,21/06/2021,4.977552098,4.763824822,4.449198023,5.086387914
UKENSO_SW_TP000001,98,6,28/06/2021,4.932833197,4.902299652,4.58782784,5.224687421
UKENSO_SW_TP000001,98,7,05/07/2021,4.858692914,5.006454488,4.69183509,5.329008526
UKENSO_SW_TP000001,98,8,12/07/2021,4.858692914,4.969188961,4.654879226,5.287860233
UKENSO_SW_TP000001,98,9,19/07/2021,5.142086493,4.982898525,4.667991825,5.299409385
UKENSO_SW_TP000001,98,10,26/07/2021,5.499620355,5.221173902,4.906032804,5.537518452
UKENSO_SW_TP000001,98,11,02/08/2021,5.611822112,5.409600755,5.093764419,5.725650596
UKENSO_SW_TP000001,98,12,09/08/2021,5.724023869,5.444624357,5.130403086,5.764456093
UKENSO_SW_TP000001,98,13,16/08/2021,5.724023869,5.507615276,5.192906548,5.831389753
UKENSO_SW_TP000001,98,14,23/08/2021,3.669032815,5.308127955,4.988159024,5.622322228
UKENSO_SW_TP000001,98,15,30/08/2021,4.603865546,5.384913198,5.069090182,5.700297449
UKENSO_SW_TP000001,98,16,06/09/2021,4.603865546,5.337760023,5.016825348,5.652264212
UKENSO_SW_TP000001,98,17,13/09/2021,5.579469023,5.35504899,5.035473957,5.669387978
UKENSO_SW_TP000001,98,18,20/09/2021,5.620239768,5.254660188,4.938557908,5.569978626
UKENSO_SW_TP000001,98,19,27/09/2021,4.972814332,5.130788842,4.813610669,5.445503291
UKENSO_SW_TP000001,98,20,04/10/2021,4.325388896,5.134489283,4.812874347,5.449113535
UKENSO_SW_TP000001,98,21,11/10/2021,4.671500997,5.210264125,4.891751526,5.525265492
UKENSO_SW_TP000001,98,22,18/10/2021,5.017613097,5.197341471,4.881711428,5.513982573
UKENSO_SW_TP000001,98,23,25/10/2021,5.475962364,5.226759345,4.912361451,5.546835531
UKENSO_SW_TP000001,98,24,01/11/2021,5.93431163,5.283136433,4.968844248,5.605354055
UKENSO_SW_TP000001,98,25,08/11/2021,5.542555529,5.260819631,4.946232773,5.578126358
UKENSO_SW_TP000001,98,26,15/11/2021,5.150799427,5.168560192,4.85227125,5.483791269
UKENSO_SW_TP000001,98,27,22/11/2021,5.113423065,5.163992764,4.848031591,5.479329861
UKENSO_SW_TP000001,98,28,29/11/2021,5.076046702,5.164020952,4.846319496,5.478367581
UKENSO_SW_TP000001,98,29,06/12/2021,4.673797916,5.125061325,4.803282221,5.439316966
UKENSO_SW_TP000001,98,30,13/12/2021,4.27154913,5.028514645,4.701259052,5.344339522
UKENSO_SW_TP000001,98,31,20/12/2021,4.27154913,4.941126508,4.606188047,5.265142214
UKENSO_SW_TP000001,98,32,27/12/2021,4.820299966,5.045709616,4.724978318,5.363012964
UKENSO_SW_TP000001,98,33,03/01/2022,4.798040079,5.092873301,4.777343594,5.408424283
UKENSO_SW_TP000001,98,34,10/01/2022,4.798040079,4.941735736,4.624676583,5.256152582
UKENSO_SW_TP000001,98,35,17/01/2022,5.127533669,4.829109727,4.511173989,5.143575937
UKENSO_SW_TP000001,98,36,24/01/2022,5.479287146,4.849937603,4.533985082,5.165064227
UKENSO_SW_TP000001,98,37,31/01/2022,5.783198458,4.902445526,4.587417482,5.218896309
UKENSO_SW_TP000001,98,38,07/02/2022,6.08710977,5.09198941,4.77755948,5.413264879
UKENSO_SW_TP000001,98,39,14/02/2022,5.967629781,5.295312971,4.98094643,5.61695485
UKENSO_SW_TP000001,98,40,21/02/2022,5.848149791,5.369869706,5.055458433,5.687397797
UKENSO_SW_TP000001,98,41,28/02/2022,5.947604378,5.405446747,5.09042362,5.722411874
UKENSO_SW_TP000001,98,42,07/03/2022,6.047058965,5.494561532,5.180250596,5.812837847
UKENSO_SW_TP000001,98,43,14/03/2022,5.445759144,5.518046374,5.202726089,5.834026835
UKENSO_SW_TP000001,98,44,21/03/2022,4.844459322,5.363893669,5.04197377,5.678199141
UKENSO_SW_TP000001,98,45,28/03/2022,4.844459322,5.290727128,4.960020198,5.607812902
UKENSO_SW_TP000004,99,1,24/05/2021,NA,4.078070282,3.658838152,4.497649975
UKENSO_SW_TP000004,99,2,31/05/2021,3.600289418,4.012191503,3.678324096,4.342056678
UKENSO_SW_TP000004,99,3,07/06/2021,3.600289418,4.104540793,3.771965555,4.431749891
UKENSO_SW_TP000004,99,4,14/06/2021,3.796458998,4.277732804,3.945716267,4.604777269
UKENSO_SW_TP000004,99,5,21/06/2021,3.992628578,4.452542335,4.121768707,4.780537033
UKENSO_SW_TP000004,99,6,28/06/2021,4.17078769,4.591452443,4.260653973,4.919032421
UKENSO_SW_TP000004,99,7,05/07/2021,4.348946801,4.685195529,4.355768052,5.013781029
UKENSO_SW_TP000004,99,8,12/07/2021,4.483630061,4.684882009,4.356873859,5.014647855
UKENSO_SW_TP000004,99,9,19/07/2021,4.61831332,4.72962634,4.401721227,5.059556475
UKENSO_SW_TP000004,99,10,26/07/2021,4.917761158,4.950466728,4.621121888,5.279243326
UKENSO_SW_TP000004,99,11,02/08/2021,5.217208996,5.108003972,4.777817706,5.436062633
UKENSO_SW_TP000004,99,12,09/08/2021,5.633974945,5.144798795,4.817828984,5.476832303
UKENSO_SW_TP000004,99,13,16/08/2021,6.050740894,5.242579187,4.915309599,5.583691249
UKENSO_SW_TP000004,99,14,23/08/2021,5.664886319,5.144665767,4.818119669,5.481582578
UKENSO_SW_TP000004,99,15,30/08/2021,5.279031743,5.149715934,4.822139536,5.480074473
UKENSO_SW_TP000004,99,16,06/09/2021,5.056913809,5.115233591,4.785913656,5.443396446
UKENSO_SW_TP000004,99,17,13/09/2021,4.834795874,5.059971032,4.725557344,5.386551184
UKENSO_SW_TP000004,99,18,20/09/2021,5.048178199,4.957075493,4.627311722,5.285028555
UKENSO_SW_TP000004,99,19,27/09/2021,5.261560524,4.895026047,4.568247625,5.227770405
UKENSO_SW_TP000004,99,20,04/10/2021,5.222881548,4.965639779,4.638768639,5.298385879
UKENSO_SW_TP000004,99,21,11/10/2021,5.184202571,5.020006999,4.692272401,5.352815585
UKENSO_SW_TP000004,99,22,18/10/2021,5.188707801,4.936940343,4.609763477,5.270608361
UKENSO_SW_TP000004,99,23,25/10/2021,5.19321303,4.916813568,4.590331278,5.251103616
UKENSO_SW_TP000004,99,24,01/11/2021,4.531467587,4.891734407,4.55965205,5.218560087
UKENSO_SW_TP000004,99,25,08/11/2021,3.869722144,4.836797803,4.488981599,5.166134621
UKENSO_SW_TP000004,99,26,15/11/2021,4.574037217,4.850177142,4.515991123,5.177047383
UKENSO_SW_TP000004,99,27,22/11/2021,5.278352289,4.925955046,4.59888203,5.257225471
UKENSO_SW_TP000004,99,28,29/11/2021,4.964530443,4.917550884,4.58758218,5.245234269
UKENSO_SW_TP000004,99,29,06/12/2021,4.650708597,4.881787061,4.547897195,5.208267271
UKENSO_SW_TP000004,99,30,13/12/2021,4.881542862,4.858581406,4.528112244,5.186059754
UKENSO_SW_TP000004,99,31,20/12/2021,5.112377127,4.829429356,4.495873814,5.164578011
UKENSO_SW_TP000004,99,32,27/12/2021,5.020560685,4.854720261,4.52220521,5.192783483
UKENSO_SW_TP000004,99,33,03/01/2022,4.928744242,4.859461659,4.53277371,5.192946789
UKENSO_SW_TP000004,99,34,10/01/2022,4.214111594,4.678126551,4.345479529,5.004942963
UKENSO_SW_TP000004,99,35,17/01/2022,3.499478946,4.527672799,4.178919673,4.857129055
UKENSO_SW_TP000004,99,36,24/01/2022,3.76488974,4.555816228,4.212518455,4.883595402
UKENSO_SW_TP000004,99,37,31/01/2022,4.030300534,4.594945976,4.255230962,4.921986761
UKENSO_SW_TP000004,99,38,07/02/2022,5.110035995,4.787911987,4.459805018,5.118333031
UKENSO_SW_TP000004,99,39,14/02/2022,6.189771456,5.082791206,4.753376387,5.431728392
UKENSO_SW_TP000004,99,40,21/02/2022,5.850343697,5.168374579,4.84121289,5.508651692
UKENSO_SW_TP000004,99,41,28/02/2022,5.510915938,5.15436491,4.826885373,5.488600469
UKENSO_SW_TP000004,99,42,07/03/2022,5.371829224,5.235831296,4.908648331,5.566869296
UKENSO_SW_TP000004,99,43,14/03/2022,5.23274251,5.309306941,4.980962759,5.638420514
UKENSO_SW_TP000004,99,44,21/03/2022,5.404504527,5.192516387,4.864093349,5.521461996
UKENSO_SW_TP000004,99,45,28/03/2022,5.576266543,5.134084545,4.804417893,5.462133335
UKENSO_SW_TP000008,100,1,24/05/2021,NA,4.13746303,3.733509382,4.542620608
UKENSO_SW_TP000008,100,2,31/05/2021,4.308806434,4.096513363,3.78556552,4.408267903
UKENSO_SW_TP000008,100,3,07/06/2021,4.308806434,4.209842352,3.904583859,4.517345623
UKENSO_SW_TP000008,100,4,14/06/2021,4.515820915,4.352867962,4.047538601,4.658924197
UKENSO_SW_TP000008,100,5,21/06/2021,4.722835396,4.519422552,4.214574858,4.826680002
UKENSO_SW_TP000008,100,6,28/06/2021,4.895606835,4.659202382,4.354525198,4.96656098
UKENSO_SW_TP000008,100,7,05/07/2021,5.068378273,4.763440651,4.458937416,5.072418219
UKENSO_SW_TP000008,100,8,12/07/2021,4.943925746,4.752392705,4.447931062,5.061529402
UKENSO_SW_TP000008,100,9,19/07/2021,4.819473219,4.782146146,4.477419407,5.089654107
UKENSO_SW_TP000008,100,10,26/07/2021,5.144142781,5.001561209,4.695954101,5.307821145
UKENSO_SW_TP000008,100,11,02/08/2021,5.468812343,5.156027333,4.848930886,5.46125265
UKENSO_SW_TP000008,100,12,09/08/2021,5.587064041,5.184836129,4.879850772,5.49164725
UKENSO_SW_TP000008,100,13,16/08/2021,5.705315739,5.282182855,4.977261696,5.595206404
UKENSO_SW_TP000008,100,14,23/08/2021,5.567394358,5.158461765,4.853978642,5.467424506
UKENSO_SW_TP000008,100,15,30/08/2021,5.429472977,5.189621625,4.88484111,5.497180852
UKENSO_SW_TP000008,100,16,06/09/2021,4.91974525,5.147656775,4.841059996,5.452561583
UKENSO_SW_TP000008,100,17,13/09/2021,4.410017522,5.098910716,4.786405609,5.403622606
UKENSO_SW_TP000008,100,18,20/09/2021,4.652252664,4.99617946,4.687694133,5.300629188
UKENSO_SW_TP000008,100,19,27/09/2021,4.894487806,4.929471894,4.624366902,5.23578708
UKENSO_SW_TP000008,100,20,04/10/2021,5.319996834,4.98941075,4.684675046,5.296809975
UKENSO_SW_TP000008,100,21,11/10/2021,5.745505861,5.051151024,4.746196233,5.359994613
UKENSO_SW_TP000008,100,22,18/10/2021,5.743632889,4.998095719,4.693303159,5.309111744
UKENSO_SW_TP000008,100,23,25/10/2021,5.741759917,5.006572031,4.701381767,5.321175144
UKENSO_SW_TP000008,100,24,01/11/2021,4.983959056,4.998059621,4.693203385,5.304728716
UKENSO_SW_TP000008,100,25,08/11/2021,4.226158194,4.934646655,4.620793258,5.23973727
UKENSO_SW_TP000008,100,26,15/11/2021,4.603362491,4.912448899,4.603466428,5.217131918
UKENSO_SW_TP000008,100,27,22/11/2021,4.980566788,4.966396696,4.661561025,5.2733028
UKENSO_SW_TP000008,100,28,29/11/2021,4.688884383,4.956095367,4.648761557,5.260644697
UKENSO_SW_TP000008,100,29,06/12/2021,4.397201978,4.91292613,4.601450375,5.21738383
UKENSO_SW_TP000008,100,30,13/12/2021,4.231073997,4.858711447,4.547234192,5.163200232
UKENSO_SW_TP000008,100,31,20/12/2021,4.064946015,4.797442197,4.478588199,5.110795008
UKENSO_SW_TP000008,100,32,27/12/2021,4.807755256,4.868936449,4.554552716,5.183838311
UKENSO_SW_TP000008,100,33,03/01/2022,5.550564496,4.895937882,4.591458189,5.204638042
UKENSO_SW_TP000008,100,34,10/01/2022,4.646547283,4.706279581,4.396218807,5.010687853
UKENSO_SW_TP000008,100,35,17/01/2022,3.742530069,4.549561333,4.224486802,4.859195926
UKENSO_SW_TP000008,100,36,24/01/2022,3.983906366,4.583101307,4.264821346,4.889733964
UKENSO_SW_TP000008,100,37,31/01/2022,4.225282663,4.631347256,4.3171611,4.936547026
UKENSO_SW_TP000008,100,38,07/02/2022,4.9572666,4.839443876,4.534433162,5.146767887
UKENSO_SW_TP000008,100,39,14/02/2022,5.689250537,5.131878592,4.822706828,5.456009523
UKENSO_SW_TP000008,100,40,21/02/2022,5.168960391,5.208991016,4.903649492,5.523323696
UKENSO_SW_TP000008,100,41,28/02/2022,4.648670245,5.194771853,4.889650096,5.502466232
UKENSO_SW_TP000008,100,42,07/03/2022,5.074435232,5.277221151,4.97244892,5.584504383
UKENSO_SW_TP000008,100,43,14/03/2022,5.500200218,5.330894358,5.025816855,5.637336167
UKENSO_SW_TP000008,100,44,21/03/2022,5.035440336,5.191191451,4.883554881,5.495680722
UKENSO_SW_TP000008,100,45,28/03/2022,4.570680453,5.11538545,4.802422929,5.420210022
UKENSO_SW_TP000011,101,1,24/05/2021,NA,4.351962463,3.93019474,4.773524435
UKENSO_SW_TP000011,101,2,31/05/2021,3.53165267,4.318062608,3.992590424,4.640894656
UKENSO_SW_TP000011,101,3,07/06/2021,4.444168113,4.482037822,4.17264901,4.79830684
UKENSO_SW_TP000011,101,4,14/06/2021,4.444168113,4.598518858,4.290184196,4.910413344
UKENSO_SW_TP000011,101,5,21/06/2021,5.356683556,4.766763523,4.458131743,5.082734221
UKENSO_SW_TP000011,101,6,28/06/2021,5.442871894,4.904539059,4.595875952,5.220418459
UKENSO_SW_TP000011,101,7,05/07/2021,5.442871894,5.009029883,4.700238146,5.325171441
UKENSO_SW_TP000011,101,8,12/07/2021,5.178792171,4.972741824,4.664328751,5.285304511
UKENSO_SW_TP000011,101,9,19/07/2021,4.914712448,4.987945078,4.679075512,5.298469622
UKENSO_SW_TP000011,101,10,26/07/2021,5.425395609,5.225338789,4.915931845,5.535963533
UKENSO_SW_TP000011,101,11,02/08/2021,5.93607877,5.412765893,5.102833371,5.722915298
UKENSO_SW_TP000011,101,12,09/08/2021,5.994019402,5.445584934,5.137078433,5.759087565
UKENSO_SW_TP000011,101,13,16/08/2021,6.051960033,5.510110446,5.201089123,5.827175665
UKENSO_SW_TP000011,101,14,23/08/2021,5.907468769,5.315094613,5.001728387,5.623532466
UKENSO_SW_TP000011,101,15,30/08/2021,5.762977505,5.388743248,5.07915703,5.698168389
UKENSO_SW_TP000011,101,16,06/09/2021,5.189563423,5.344325761,5.030561179,5.652705331
UKENSO_SW_TP000011,101,17,13/09/2021,4.61614934,5.360223463,5.047397917,5.668568327
UKENSO_SW_TP000011,101,18,20/09/2021,4.757326029,5.260045664,4.950332224,5.569196449
UKENSO_SW_TP000011,101,19,27/09/2021,4.898502717,5.137503766,4.826754298,5.44631759
UKENSO_SW_TP000011,101,20,04/10/2021,5.166475346,5.141784528,4.827034372,5.450491601
UKENSO_SW_TP000011,101,21,11/10/2021,5.434447974,5.215032579,4.902793321,5.524280315
UKENSO_SW_TP000011,101,22,18/10/2021,5.128754169,5.201947184,4.892359985,5.512559746
UKENSO_SW_TP000011,101,23,25/10/2021,4.823060363,5.229774912,4.921141205,5.543452089
UKENSO_SW_TP000011,101,24,01/11/2021,5.170612793,5.284898399,4.976414943,5.600395442
UKENSO_SW_TP000011,101,25,08/11/2021,5.518165223,5.262326298,4.953535959,5.573293424
UKENSO_SW_TP000011,101,26,15/11/2021,5.32870154,5.174995925,4.864811726,5.483949053
UKENSO_SW_TP000011,101,27,22/11/2021,5.139237856,5.167176377,4.857184741,5.47636481
UKENSO_SW_TP000011,101,28,29/11/2021,5.152152375,5.168316416,4.856540574,5.476788437
UKENSO_SW_TP000011,101,29,06/12/2021,5.165066893,5.130924454,4.815648865,5.43934134
UKENSO_SW_TP000011,101,30,13/12/2021,5.013975422,5.036578789,4.716371162,5.346546382
UKENSO_SW_TP000011,101,31,20/12/2021,4.862883951,4.952561888,4.625213323,5.270276185
UKENSO_SW_TP000011,101,32,27/12/2021,4.874550063,5.051422684,4.736781838,5.362922914
UKENSO_SW_TP000011,101,33,03/01/2022,4.886216175,5.097446578,4.788037431,5.406943173
UKENSO_SW_TP000011,101,34,10/01/2022,5.193898633,4.94681248,4.635952387,5.25535704
UKENSO_SW_TP000011,101,35,17/01/2022,5.50158109,4.833855281,4.522087517,5.142444651
UKENSO_SW_TP000011,101,36,24/01/2022,5.186013016,4.854267059,4.544379667,5.163498873
UKENSO_SW_TP000011,101,37,31/01/2022,4.870444941,4.905985036,4.596892598,5.216411324
UKENSO_SW_TP000011,101,38,07/02/2022,4.607364272,5.094590351,4.785900501,5.409366852
UKENSO_SW_TP000011,101,39,14/02/2022,4.344283603,5.298590661,4.99001933,5.613650956
UKENSO_SW_TP000011,101,40,21/02/2022,4.663068225,5.374411273,5.065609209,5.685967275
UKENSO_SW_TP000011,101,41,28/02/2022,4.981852846,5.41041571,5.101256065,5.721433205
UKENSO_SW_TP000011,101,42,07/03/2022,5.344921979,5.496937754,5.188453646,5.808852833
UKENSO_SW_TP000011,101,43,14/03/2022,5.707991111,5.51940312,5.209821793,5.82929807
UKENSO_SW_TP000011,101,44,21/03/2022,5.389980341,5.368018221,5.052742513,5.67643445
UKENSO_SW_TP000011,101,45,28/03/2022,5.07196957,5.297306247,4.974027489,5.608513856
UKENSO_SW_TP000013,102,1,24/05/2021,NA,4.316793926,3.891530469,4.742197246
UKENSO_SW_TP000013,102,2,31/05/2021,4.422357225,4.276009403,3.94915884,4.601362087
UKENSO_SW_TP000013,102,3,07/06/2021,4.422357225,4.414429156,4.099457486,4.734515406
UKENSO_SW_TP000013,102,4,14/06/2021,4.571534461,4.555841064,4.24142856,4.872948416
UKENSO_SW_TP000013,102,5,21/06/2021,4.720711696,4.729697848,4.415821603,5.049658803
UKENSO_SW_TP000013,102,6,28/06/2021,5.179846192,4.874281904,4.560404248,5.195703124
UKENSO_SW_TP000013,102,7,05/07/2021,5.638980688,4.983770338,4.66963165,5.307935036
UKENSO_SW_TP000013,102,8,12/07/2021,5.319554119,4.946313621,4.632371006,5.265986868
UKENSO_SW_TP000013,102,9,19/07/2021,5.00012755,4.955401844,4.640689922,5.272036528
UKENSO_SW_TP000013,102,10,26/07/2021,4.943764136,5.186504043,4.870074313,5.501912379
UKENSO_SW_TP000013,102,11,02/08/2021,4.887400722,5.370633354,5.052275288,5.685493835
UKENSO_SW_TP000013,102,12,09/08/2021,5.337381402,5.410271529,5.096080022,5.72898999
UKENSO_SW_TP000013,102,13,16/08/2021,5.787362081,5.475861211,5.161331429,5.801366447
UKENSO_SW_TP000013,102,14,23/08/2021,5.707119605,5.318197948,5.002909486,5.634047821
UKENSO_SW_TP000013,102,15,30/08/2021,5.626877128,5.384179215,5.069609179,5.700952192
UKENSO_SW_TP000013,102,16,06/09/2021,5.710881947,5.34152448,5.024664372,5.656032648
UKENSO_SW_TP000013,102,17,13/09/2021,5.794886766,5.346105958,5.028920374,5.66050212
UKENSO_SW_TP000013,102,18,20/09/2021,5.349476189,5.230374799,4.915136903,5.546076738
UKENSO_SW_TP000013,102,19,27/09/2021,4.904065612,5.105797626,4.789826539,5.420894466
UKENSO_SW_TP000013,102,20,04/10/2021,5.083661377,5.128664952,4.810798294,5.442950966
UKENSO_SW_TP000013,102,21,11/10/2021,5.263257141,5.204328707,4.887734463,5.520161682
UKENSO_SW_TP000013,102,22,18/10/2021,5.620177358,5.183056833,4.868681049,5.502743857
UKENSO_SW_TP000013,102,23,25/10/2021,5.889241418,5.202878649,4.888713491,5.5274445
UKENSO_SW_TP000013,102,24,01/11/2021,5.889241418,5.243701874,4.929877938,5.566613092
UKENSO_SW_TP000013,102,25,08/11/2021,5.801385261,5.223083048,4.908369239,5.539902567
UKENSO_SW_TP000013,102,26,15/11/2021,5.261460423,5.135575586,4.819087528,5.451042649
UKENSO_SW_TP000013,102,27,22/11/2021,5.261460423,5.145796745,4.83085124,5.462245636
UKENSO_SW_TP000013,102,28,29/11/2021,5.067472493,5.140223876,4.822821497,5.454384031
UKENSO_SW_TP000013,102,29,06/12/2021,4.873484562,5.100929215,4.779118165,5.41461337
UKENSO_SW_TP000013,102,30,13/12/2021,4.595297094,5.006209703,4.678948031,5.321085064
UKENSO_SW_TP000013,102,31,20/12/2021,4.317109626,4.914743052,4.578367023,5.238031697
UKENSO_SW_TP000013,102,32,27/12/2021,4.735546119,5.013119059,4.690901042,5.331065025
UKENSO_SW_TP000013,102,33,03/01/2022,5.153982611,5.079466212,4.765069966,5.396712661
UKENSO_SW_TP000013,102,34,10/01/2022,4.378870156,4.905863097,4.586430491,5.219689272
UKENSO_SW_TP000013,102,35,17/01/2022,3.6037577,4.768186748,4.439600143,5.083443405
UKENSO_SW_TP000013,102,36,24/01/2022,3.756074294,4.796727272,4.472631877,5.110804788
UKENSO_SW_TP000013,102,37,31/01/2022,3.908390887,4.856706534,4.536362364,5.170641988
UKENSO_SW_TP000013,102,38,07/02/2022,5.048414789,5.060870121,4.746857308,5.380322995
UKENSO_SW_TP000013,102,39,14/02/2022,6.18843869,5.289854546,4.974095681,5.619390332
UKENSO_SW_TP000013,102,40,21/02/2022,5.768451273,5.350481478,5.036549777,5.670146011
UKENSO_SW_TP000013,102,41,28/02/2022,5.348463855,5.365037189,5.049357185,5.681862514
UKENSO_SW_TP000013,102,42,07/03/2022,5.413760413,5.467594347,5.153023083,5.785324884
UKENSO_SW_TP000013,102,43,14/03/2022,5.479056971,5.519316819,5.204178177,5.835804576
UKENSO_SW_TP000013,102,44,21/03/2022,5.025110736,5.363481006,5.04211736,5.677183743
UKENSO_SW_TP000013,102,45,28/03/2022,4.5711645,5.281326162,4.948748996,5.597977917
UKENSO_SW_TP000016,103,1,24/05/2021,4.555878257,4.065509908,3.664277483,4.470156661
UKENSO_SW_TP000016,103,2,31/05/2021,4.555878257,4.044993442,3.701614068,4.395769002
UKENSO_SW_TP000016,103,3,07/06/2021,4.50712892,4.13867569,3.797588347,4.485231475
UKENSO_SW_TP000016,103,4,14/06/2021,4.458379583,4.265879275,3.924236593,4.609991523
UKENSO_SW_TP000016,103,5,21/06/2021,4.459807085,4.408910306,4.066527686,4.752826567
UKENSO_SW_TP000016,103,6,28/06/2021,4.461234587,4.540695436,4.197908079,4.883967088
UKENSO_SW_TP000016,103,7,05/07/2021,4.461234587,4.636210849,4.292990314,4.980569584
UKENSO_SW_TP000016,103,8,12/07/2021,4.932348134,4.658640861,4.317039937,5.007268868
UKENSO_SW_TP000016,103,9,19/07/2021,5.084435918,4.711034717,4.369922034,5.058748778
UKENSO_SW_TP000016,103,10,26/07/2021,5.084435918,4.903555416,4.561209371,5.247268764
UKENSO_SW_TP000016,103,11,02/08/2021,4.48764043,5.006915243,4.657313918,5.348010018
UKENSO_SW_TP000016,103,12,09/08/2021,3.738757158,4.992183516,4.635475488,5.33437259
UKENSO_SW_TP000016,103,13,16/08/2021,4.239839305,5.11414717,4.765655632,5.456264662
UKENSO_SW_TP000016,103,14,23/08/2021,4.740921451,5.048835352,4.706172822,5.392496405
UKENSO_SW_TP000016,103,15,30/08/2021,5.06942386,5.07632556,4.734209858,5.421110493
UKENSO_SW_TP000016,103,16,06/09/2021,5.397926269,5.07290143,4.73120633,5.418489195
UKENSO_SW_TP000016,103,17,13/09/2021,4.782160803,4.996960068,4.649555158,5.337995153
UKENSO_SW_TP000016,103,18,20/09/2021,4.166395336,4.867971901,4.517713774,5.208415141
UKENSO_SW_TP000016,103,19,27/09/2021,4.708187272,4.83750387,4.494978943,5.180358321
UKENSO_SW_TP000016,103,20,04/10/2021,5.249979207,4.915197026,4.574291774,5.260969599
UKENSO_SW_TP000016,103,21,11/10/2021,4.894942252,4.93531309,4.592186839,5.278452926
UKENSO_SW_TP000016,103,22,18/10/2021,4.539905297,4.85485046,4.509239953,5.198364193
UKENSO_SW_TP000016,103,23,25/10/2021,4.81946455,4.870053207,4.528434232,5.214629249
UKENSO_SW_TP000016,103,24,01/11/2021,5.099023802,4.886224301,4.544258092,5.229265264
UKENSO_SW_TP000016,103,25,08/11/2021,5.006043075,4.843912809,4.497407602,5.184885418
UKENSO_SW_TP000016,103,26,15/11/2021,4.913062348,4.829935842,4.485586971,5.171406734
UKENSO_SW_TP000016,103,27,22/11/2021,5.029443923,4.871548676,4.529704662,5.214919071
UKENSO_SW_TP000016,103,28,29/11/2021,5.145825497,4.88491266,4.542330055,5.227519656
UKENSO_SW_TP000016,103,29,06/12/2021,5.200854811,4.863177845,4.520149399,5.206006907
UKENSO_SW_TP000016,103,30,13/12/2021,5.255884125,4.832522906,4.490735218,5.176867031
UKENSO_SW_TP000016,103,31,20/12/2021,5.255884125,4.782130864,4.429753445,5.138772238
UKENSO_SW_TP000016,103,32,27/12/2021,NA,4.801370151,4.431872847,5.174456438
UKENSO_SW_TP000016,103,33,03/01/2022,4.024859783,4.757662667,4.412714518,5.098798076
UKENSO_SW_TP000016,103,34,10/01/2022,4.024859783,4.604344938,4.255818493,4.944655817
UKENSO_SW_TP000016,103,35,17/01/2022,4.209794139,4.484427597,4.132468919,4.825100424
UKENSO_SW_TP000016,103,36,24/01/2022,4.394728495,4.50586341,4.157432754,4.846229077
UKENSO_SW_TP000016,103,37,31/01/2022,4.181024996,4.53123913,4.18169744,4.871704871
UKENSO_SW_TP000016,103,38,07/02/2022,3.967321496,4.689733056,4.343025362,5.030382939
UKENSO_SW_TP000016,103,39,14/02/2022,4.908021391,5.004115404,4.663658185,5.352958582
UKENSO_SW_TP000016,103,40,21/02/2022,5.848721285,5.149617491,4.807071918,5.506386986
UKENSO_SW_TP000016,103,41,28/02/2022,5.614417614,5.141671901,4.800631422,5.491945589
UKENSO_SW_TP000016,103,42,07/03/2022,5.380113942,5.186575347,4.845631483,5.532153217
UKENSO_SW_TP000016,103,43,14/03/2022,5.272519714,5.221387038,4.879011972,5.565073747
UKENSO_SW_TP000016,103,44,21/03/2022,5.164925485,5.102538309,4.759608202,5.445252509
UKENSO_SW_TP000016,103,45,28/03/2022,5.164925485,5.042698634,4.698635926,5.384223543
UKENSO_SW_TP000022,104,1,24/05/2021,NA,4.657856354,4.213357232,5.100075546
UKENSO_SW_TP000022,104,2,31/05/2021,4.041991261,4.622857734,4.267465008,4.964168685
UKENSO_SW_TP000022,104,3,07/06/2021,4.041991261,4.645530971,4.291884323,4.985945955
UKENSO_SW_TP000022,104,4,14/06/2021,4.249269622,4.81851552,4.473356542,5.157405498
UKENSO_SW_TP000022,104,5,21/06/2021,4.456547982,4.984190406,4.643939057,5.325447959
UKENSO_SW_TP000022,104,6,28/06/2021,5.052060378,5.208754506,4.868449287,5.550446653
UKENSO_SW_TP000022,104,7,05/07/2021,5.647572774,5.40322656,5.06353765,5.746677462
UKENSO_SW_TP000022,104,8,12/07/2021,5.263848331,5.256525405,4.914574493,5.596558935
UKENSO_SW_TP000022,104,9,19/07/2021,4.880123887,5.146430078,4.797515308,5.485825727
UKENSO_SW_TP000022,104,10,26/07/2021,5.134307715,5.297830451,4.951641179,5.638615155
UKENSO_SW_TP000022,104,11,02/08/2021,5.388491543,5.48085486,5.139591357,5.822026326
UKENSO_SW_TP000022,104,12,09/08/2021,5.593089624,5.641619021,5.301748177,5.983059465
UKENSO_SW_TP000022,104,13,16/08/2021,5.797687704,5.804716315,5.46488554,6.147745378
UKENSO_SW_TP000022,104,14,23/08/2021,5.845507507,5.730081059,5.390270712,6.071565229
UKENSO_SW_TP000022,104,15,30/08/2021,5.89332731,5.661883276,5.32114374,6.002473541
UKENSO_SW_TP000022,104,16,06/09/2021,6.00700071,5.717669535,5.378287841,6.061517689
UKENSO_SW_TP000022,104,17,13/09/2021,6.120674109,5.76573006,5.426478133,6.113642139
UKENSO_SW_TP000022,104,18,20/09/2021,5.903881461,5.643088214,5.304095428,5.9865926
UKENSO_SW_TP000022,104,19,27/09/2021,5.687088813,5.50574215,5.165190816,5.846320406
UKENSO_SW_TP000022,104,20,04/10/2021,6.004014849,5.581990409,5.241880804,5.924273057
UKENSO_SW_TP000022,104,21,11/10/2021,6.320940884,5.666218889,5.326798175,6.01224624
UKENSO_SW_TP000022,104,22,18/10/2021,6.368900866,5.596876855,5.25761661,5.946518937
UKENSO_SW_TP000022,104,23,25/10/2021,6.416860847,5.557948561,5.218173933,5.910245036
UKENSO_SW_TP000022,104,24,01/11/2021,6.147768702,5.60190221,5.263114073,5.949601406
UKENSO_SW_TP000022,104,25,08/11/2021,5.878676556,5.643813502,5.304748239,5.989249754
UKENSO_SW_TP000022,104,26,15/11/2021,5.805663666,5.604965018,5.265388405,5.947233443
UKENSO_SW_TP000022,104,27,22/11/2021,5.732650775,5.556618381,5.215538337,5.897696615
UKENSO_SW_TP000022,104,28,29/11/2021,5.802507347,5.589974652,5.249722095,5.931152623
UKENSO_SW_TP000022,104,29,06/12/2021,5.872363918,5.615210007,5.27542636,5.957483735
UKENSO_SW_TP000022,104,30,13/12/2021,5.826883124,5.611241713,5.272075214,5.95414567
UKENSO_SW_TP000022,104,31,20/12/2021,5.781402329,5.61346258,5.274251466,5.957551049
UKENSO_SW_TP000022,104,32,27/12/2021,5.786476078,5.492307286,5.152861698,5.839437747
UKENSO_SW_TP000022,104,33,03/01/2022,5.791549827,5.368523757,5.028234513,5.718485686
UKENSO_SW_TP000022,104,34,10/01/2022,4.876700462,5.178865965,4.834952355,5.518464902
UKENSO_SW_TP000022,104,35,17/01/2022,3.961851096,4.977632056,4.617404192,5.321053664
UKENSO_SW_TP000022,104,36,24/01/2022,4.538756767,5.109975651,4.762263086,5.448964584
UKENSO_SW_TP000022,104,37,31/01/2022,5.115662438,5.334892801,4.99227448,5.675320795
UKENSO_SW_TP000022,104,38,07/02/2022,5.319528624,5.463683754,5.121293238,5.803239248
UKENSO_SW_TP000022,104,39,14/02/2022,5.523394809,5.576867532,5.234400195,5.917254873
UKENSO_SW_TP000022,104,40,21/02/2022,5.442321648,5.653528866,5.311530948,5.993630389
UKENSO_SW_TP000022,104,41,28/02/2022,5.361248486,5.734564284,5.392177337,6.074843617
UKENSO_SW_TP000022,104,42,07/03/2022,5.558041965,5.783028717,5.442041839,6.123207664
UKENSO_SW_TP000022,104,43,14/03/2022,5.754835444,5.841444604,5.500739685,6.182004294
UKENSO_SW_TP000022,104,44,21/03/2022,5.49282515,5.686243044,5.342671926,6.025422201
UKENSO_SW_TP000022,104,45,28/03/2022,5.230814855,5.552931529,5.204890834,5.892492313
UKENSO_SW_TP000025,105,1,24/05/2021,NA,4.393412811,3.969912313,4.815274271
UKENSO_SW_TP000025,105,2,31/05/2021,4.318644228,4.538587737,4.232922419,4.848615004
UKENSO_SW_TP000025,105,3,07/06/2021,4.318644228,4.53915434,4.233522766,4.848878506
UKENSO_SW_TP000025,105,4,14/06/2021,4.152376289,4.589495964,4.280508826,4.895436103
UKENSO_SW_TP000025,105,5,21/06/2021,3.986108349,4.623250131,4.307623862,4.928214502
UKENSO_SW_TP000025,105,6,28/06/2021,4.603874816,4.930005738,4.61816805,5.235158294
UKENSO_SW_TP000025,105,7,05/07/2021,5.221641282,5.151934456,4.842810872,5.458260515
UKENSO_SW_TP000025,105,8,12/07/2021,5.30700128,5.087084396,4.781489813,5.396777816
UKENSO_SW_TP000025,105,9,19/07/2021,5.392361278,5.052312301,4.747282033,5.367009199
UKENSO_SW_TP000025,105,10,26/07/2021,5.210997074,5.156112496,4.849574901,5.465620386
UKENSO_SW_TP000025,105,11,02/08/2021,5.029632869,5.249358869,4.94089657,5.555744274
UKENSO_SW_TP000025,105,12,09/08/2021,5.346267805,5.376282841,5.070390121,5.685374372
UKENSO_SW_TP000025,105,13,16/08/2021,5.662902741,5.482749372,5.177910562,5.796321919
UKENSO_SW_TP000025,105,14,23/08/2021,5.483851863,5.444902588,5.138786834,5.753134203
UKENSO_SW_TP000025,105,15,30/08/2021,5.304800985,5.424409684,5.114154344,5.729660192
UKENSO_SW_TP000025,105,16,06/09/2021,5.295411123,5.408048338,5.0973147,5.713271123
UKENSO_SW_TP000025,105,17,13/09/2021,5.28602126,5.394006039,5.082653615,5.699008309
UKENSO_SW_TP000025,105,18,20/09/2021,5.403118229,5.31932884,5.011624296,5.625923919
UKENSO_SW_TP000025,105,19,27/09/2021,5.520215198,5.241389643,4.935746779,5.550463415
UKENSO_SW_TP000025,105,20,04/10/2021,5.384996371,5.313441808,5.006166596,5.621014762
UKENSO_SW_TP000025,105,21,11/10/2021,5.249777544,5.371078837,5.06318434,5.678850676
UKENSO_SW_TP000025,105,22,18/10/2021,5.355987778,5.241302367,4.934111509,5.548658941
UKENSO_SW_TP000025,105,23,25/10/2021,5.462198011,5.15044175,4.84273145,5.456932934
UKENSO_SW_TP000025,105,24,01/11/2021,5.854868609,5.255952739,4.950144602,5.565044555
UKENSO_SW_TP000025,105,25,08/11/2021,6.247539207,5.350011723,5.044452609,5.664369858
UKENSO_SW_TP000025,105,26,15/11/2021,5.788709082,5.311365003,5.005698806,5.620854878
UKENSO_SW_TP000025,105,27,22/11/2021,5.329878957,5.256519323,4.949158497,5.563502018
UKENSO_SW_TP000025,105,28,29/11/2021,5.43485229,5.294778143,4.987914004,5.602111444
UKENSO_SW_TP000025,105,29,06/12/2021,5.539825622,5.325774169,5.019543824,5.634529621
UKENSO_SW_TP000025,105,30,13/12/2021,5.600182941,5.314333785,5.007964729,5.622538328
UKENSO_SW_TP000025,105,31,20/12/2021,5.66054026,5.26702616,4.960249037,5.575423192
UKENSO_SW_TP000025,105,32,27/12/2021,5.512198147,5.131109822,4.824605551,5.439929135
UKENSO_SW_TP000025,105,33,03/01/2022,5.144774242,5.001133524,4.694031625,5.310433545
UKENSO_SW_TP000025,105,34,10/01/2022,5.144774242,4.987883661,4.681370957,5.296762832
UKENSO_SW_TP000025,105,35,17/01/2022,4.925692451,4.970340809,4.6641589,5.278818229
UKENSO_SW_TP000025,105,36,24/01/2022,4.66643854,4.926893905,4.616246833,5.232068656
UKENSO_SW_TP000025,105,37,31/01/2022,4.66643854,5.029996775,4.71706132,5.334915563
UKENSO_SW_TP000025,105,38,07/02/2022,4.770260947,5.176574149,4.862995721,5.481388951
UKENSO_SW_TP000025,105,39,14/02/2022,4.874083354,5.30955866,4.995500568,5.614394155
UKENSO_SW_TP000025,105,40,21/02/2022,5.080758298,5.426438564,5.117735083,5.732574989
UKENSO_SW_TP000025,105,41,28/02/2022,5.287433242,5.536556764,5.23114287,5.847095863
UKENSO_SW_TP000025,105,42,07/03/2022,5.389039079,5.585993408,5.279881771,5.894232968
UKENSO_SW_TP000025,105,43,14/03/2022,5.490644916,5.638970083,5.330694919,5.945500373
UKENSO_SW_TP000025,105,44,21/03/2022,5.413776572,5.527209156,5.218915674,5.835235888
UKENSO_SW_TP000025,105,45,28/03/2022,5.336908227,5.441887099,5.133969722,5.750145184
UKENSO_SW_TP000026,106,1,24/05/2021,NA,4.671464292,4.242120545,5.099553996
UKENSO_SW_TP000026,106,2,31/05/2021,5.379070519,4.742458105,4.41414731,5.073975896
UKENSO_SW_TP000026,106,3,07/06/2021,5.379070519,4.754524638,4.42633502,5.086188193
UKENSO_SW_TP000026,106,4,14/06/2021,5.271790472,4.880681654,4.552847782,5.212825184
UKENSO_SW_TP000026,106,5,21/06/2021,5.164510424,4.99587353,4.668237624,5.328792926
UKENSO_SW_TP000026,106,6,28/06/2021,5.324859185,5.227017917,4.898481069,5.557821827
UKENSO_SW_TP000026,106,7,05/07/2021,5.485207946,5.398631993,5.069389231,5.729270527
UKENSO_SW_TP000026,106,8,12/07/2021,5.000880245,5.264647333,4.933106633,5.592695611
UKENSO_SW_TP000026,106,9,19/07/2021,4.516552543,5.162761473,4.824424537,5.490291118
UKENSO_SW_TP000026,106,10,26/07/2021,5.27825236,5.35298094,5.02079899,5.681527513
UKENSO_SW_TP000026,106,11,02/08/2021,6.039952177,5.552061537,5.224235266,5.885983777
UKENSO_SW_TP000026,106,12,09/08/2021,6.094911017,5.679307587,5.352057868,6.013551606
UKENSO_SW_TP000026,106,13,16/08/2021,6.149869857,5.801566676,5.474341057,6.136939483
UKENSO_SW_TP000026,106,14,23/08/2021,5.647475631,5.706562203,5.377443884,6.036073498
UKENSO_SW_TP000026,106,15,30/08/2021,5.145081404,5.619682526,5.283934853,5.946789122
UKENSO_SW_TP000026,106,16,06/09/2021,5.537747013,5.664865008,5.333945526,5.993224467
UKENSO_SW_TP000026,106,17,13/09/2021,5.930412621,5.705238138,5.377116167,6.036840326
UKENSO_SW_TP000026,106,18,20/09/2021,5.504658663,5.582839756,5.25310946,5.911870945
UKENSO_SW_TP000026,106,19,27/09/2021,5.078904704,5.463525381,5.130701893,5.790977308
UKENSO_SW_TP000026,106,20,04/10/2021,5.610830767,5.576954914,5.246326426,5.906288073
UKENSO_SW_TP000026,106,21,11/10/2021,6.14275683,5.671209369,5.342654364,6.004344963
UKENSO_SW_TP000026,106,22,18/10/2021,6.113241781,5.553041248,5.225760926,5.887724909
UKENSO_SW_TP000026,106,23,25/10/2021,6.083726731,5.499843328,5.172686122,5.836449414
UKENSO_SW_TP000026,106,24,01/11/2021,6.075542601,5.595520028,5.268367231,5.93193937
UKENSO_SW_TP000026,106,25,08/11/2021,6.06735847,5.676500865,5.348964268,6.013668342
UKENSO_SW_TP000026,106,26,15/11/2021,5.693437639,5.602125602,5.273686459,5.932800115
UKENSO_SW_TP000026,106,27,22/11/2021,5.319516807,5.518107374,5.185913912,5.846219024
UKENSO_SW_TP000026,106,28,29/11/2021,5.486745925,5.569193713,5.238603554,5.897859769
UKENSO_SW_TP000026,106,29,06/12/2021,5.653975043,5.596563963,5.26738893,5.926786216
UKENSO_SW_TP000026,106,30,13/12/2021,5.755246771,5.592783244,5.264531482,5.923396214
UKENSO_SW_TP000026,106,31,20/12/2021,5.856518499,5.594253235,5.266300899,5.92649714
UKENSO_SW_TP000026,106,32,27/12/2021,5.456351764,5.456341361,5.128292524,5.788358829
UKENSO_SW_TP000026,106,33,03/01/2022,5.056185028,5.330296791,5.001723453,5.661821547
UKENSO_SW_TP000026,106,34,10/01/2022,4.852406328,5.207656847,4.8752856,5.535775703
UKENSO_SW_TP000026,106,35,17/01/2022,4.648627627,5.078282031,4.739754069,5.406011543
UKENSO_SW_TP000026,106,36,24/01/2022,5.089050067,5.144965353,4.812180622,5.472552942
UKENSO_SW_TP000026,106,37,31/01/2022,5.529472507,5.343392331,5.014272202,5.673583549
UKENSO_SW_TP000026,106,38,07/02/2022,5.374748933,5.468271814,5.138063331,5.79682293
UKENSO_SW_TP000026,106,39,14/02/2022,5.220025359,5.575016956,5.242442454,5.902741021
UKENSO_SW_TP000026,106,40,21/02/2022,5.319126262,5.655520008,5.324098131,5.983670375
UKENSO_SW_TP000026,106,41,28/02/2022,5.418227164,5.728571806,5.398292654,6.057931863
UKENSO_SW_TP000026,106,42,07/03/2022,5.562474043,5.787526697,5.457086659,6.116025613
UKENSO_SW_TP000026,106,43,14/03/2022,5.706720922,5.864416143,5.533014448,6.192365483
UKENSO_SW_TP000026,106,44,21/03/2022,5.288807174,5.710251987,5.374810299,6.037610921
UKENSO_SW_TP000026,106,45,28/03/2022,4.870893425,5.576533847,5.23479078,5.904697762
UKENSO_SW_TP000028,107,1,24/05/2021,NA,4.486356999,4.040154862,4.930418902
UKENSO_SW_TP000028,107,2,31/05/2021,3.825901346,4.447131929,4.087401431,4.794777151
UKENSO_SW_TP000028,107,3,07/06/2021,3.825901346,4.470389397,4.111892948,4.817510292
UKENSO_SW_TP000028,107,4,14/06/2021,4.414517019,4.656300242,4.306063223,5.003452584
UKENSO_SW_TP000028,107,5,21/06/2021,5.003132691,4.835448521,4.48873617,5.187625632
UKENSO_SW_TP000028,107,6,28/06/2021,5.225404138,5.041329307,4.694096719,5.391958247
UKENSO_SW_TP000028,107,7,05/07/2021,5.447675584,5.21033637,4.862756196,5.561548353
UKENSO_SW_TP000028,107,8,12/07/2021,4.868599377,5.055433799,4.704891188,5.402705018
UKENSO_SW_TP000028,107,9,19/07/2021,4.289523169,4.936312084,4.576373538,5.283924781
UKENSO_SW_TP000028,107,10,26/07/2021,4.826894139,5.12834399,4.775060987,5.476078192
UKENSO_SW_TP000028,107,11,02/08/2021,5.364265109,5.346257241,4.998655719,5.696889361
UKENSO_SW_TP000028,107,12,09/08/2021,5.551387293,5.482766929,5.135745911,5.832901931
UKENSO_SW_TP000028,107,13,16/08/2021,5.738509477,5.619245941,5.271856614,5.969686609
UKENSO_SW_TP000028,107,14,23/08/2021,5.541168673,5.533327112,5.185266831,5.881798019
UKENSO_SW_TP000028,107,15,30/08/2021,5.343827869,5.451978486,5.102085271,5.799231806
UKENSO_SW_TP000028,107,16,06/09/2021,5.437973635,5.508207268,5.16027503,5.857390595
UKENSO_SW_TP000028,107,17,13/09/2021,5.5321194,5.55876579,5.211673975,5.910838783
UKENSO_SW_TP000028,107,18,20/09/2021,5.37906895,5.434909023,5.087324836,5.784074558
UKENSO_SW_TP000028,107,19,27/09/2021,5.2260185,5.303632388,4.954138822,5.65085287
UKENSO_SW_TP000028,107,20,04/10/2021,5.630072338,5.398448308,5.049838476,5.747784334
UKENSO_SW_TP000028,107,21,11/10/2021,6.034126175,5.49590592,5.148548337,5.849331386
UKENSO_SW_TP000028,107,22,18/10/2021,5.5007919,5.381661265,5.034619527,5.733344532
UKENSO_SW_TP000028,107,23,25/10/2021,4.967457625,5.315509327,4.967480479,5.665088011
UKENSO_SW_TP000028,107,24,01/11/2021,5.702427321,5.427515534,5.081082162,5.781093577
UKENSO_SW_TP000028,107,25,08/11/2021,6.437397017,5.532955237,5.18497356,5.894403191
UKENSO_SW_TP000028,107,26,15/11/2021,6.030553468,5.453818794,5.107434242,5.806718728
UKENSO_SW_TP000028,107,27,22/11/2021,5.623709919,5.368264559,5.0197841,5.71690282
UKENSO_SW_TP000028,107,28,29/11/2021,5.524694845,5.402405234,5.053790355,5.750699363
UKENSO_SW_TP000028,107,29,06/12/2021,5.42567977,5.417955647,5.069482894,5.76664145
UKENSO_SW_TP000028,107,30,13/12/2021,5.573278864,5.420834074,5.07365162,5.770667647
UKENSO_SW_TP000028,107,31,20/12/2021,5.720877958,5.432265766,5.085491791,5.783920445
UKENSO_SW_TP000028,107,32,27/12/2021,5.575997936,5.322549763,4.975077621,5.676908489
UKENSO_SW_TP000028,107,33,03/01/2022,5.431117913,5.210968133,4.863788082,5.56634516
UKENSO_SW_TP000028,107,34,10/01/2022,4.485607746,4.999374774,4.646085921,5.346030951
UKENSO_SW_TP000028,107,35,17/01/2022,3.540097578,4.775678053,4.402638834,5.128888486
UKENSO_SW_TP000028,107,36,24/01/2022,4.552335807,4.925451294,4.571137896,5.271931724
UKENSO_SW_TP000028,107,37,31/01/2022,5.564574036,5.181580353,4.833874025,5.532360726
UKENSO_SW_TP000028,107,38,07/02/2022,5.833013244,5.321524073,4.974713935,5.672527875
UKENSO_SW_TP000028,107,39,14/02/2022,6.101452451,5.446426711,5.099078041,5.799883923
UKENSO_SW_TP000028,107,40,21/02/2022,5.501272849,5.481534089,5.13292479,5.83005199
UKENSO_SW_TP000028,107,41,28/02/2022,4.901093247,5.514254692,5.161185551,5.861172499
UKENSO_SW_TP000028,107,42,07/03/2022,5.415857635,5.59199701,5.242643096,5.939588077
UKENSO_SW_TP000028,107,43,14/03/2022,5.930622022,5.681739496,5.334150831,6.031334407
UKENSO_SW_TP000028,107,44,21/03/2022,5.552003413,5.520348409,5.170327913,5.867656834
UKENSO_SW_TP000028,107,45,28/03/2022,5.173384804,5.380335485,5.025892805,5.727303781
UKENSO_SW_TP000030,108,1,24/05/2021,NA,4.707226622,4.284527408,5.12857574
UKENSO_SW_TP000030,108,2,31/05/2021,5.229394425,4.858233338,4.546863768,5.178121227
UKENSO_SW_TP000030,108,3,07/06/2021,4.985380775,4.853367405,4.541824388,5.171230537
UKENSO_SW_TP000030,108,4,14/06/2021,4.985380775,4.921852202,4.608597707,5.236087669
UKENSO_SW_TP000030,108,5,21/06/2021,4.741367124,4.963349306,4.64522488,5.275020474
UKENSO_SW_TP000030,108,6,28/06/2021,5.376508119,5.269981284,4.95505196,5.582915445
UKENSO_SW_TP000030,108,7,05/07/2021,5.376508119,5.457806611,5.142173896,5.770632875
UKENSO_SW_TP000030,108,8,12/07/2021,5.494691189,5.39401462,5.081814395,5.710013566
UKENSO_SW_TP000030,108,9,19/07/2021,5.612874258,5.361750182,5.050311292,5.6822398
UKENSO_SW_TP000030,108,10,26/07/2021,5.746162927,5.501501816,5.189324837,5.819716102
UKENSO_SW_TP000030,108,11,02/08/2021,5.879451596,5.620650643,5.308450851,5.937387722
UKENSO_SW_TP000030,108,12,09/08/2021,5.868998862,5.699215932,5.38732946,6.015918579
UKENSO_SW_TP000030,108,13,16/08/2021,5.858546127,5.754206777,5.442302924,6.070906677
UKENSO_SW_TP000030,108,14,23/08/2021,5.714876171,5.734142801,5.420539034,6.048078141
UKENSO_SW_TP000030,108,15,30/08/2021,5.571206214,5.737730568,5.421019603,6.049805795
UKENSO_SW_TP000030,108,16,06/09/2021,4.865563913,5.688908589,5.365455444,6.000113487
UKENSO_SW_TP000030,108,17,13/09/2021,4.159921612,5.640178758,5.305925161,5.953658312
UKENSO_SW_TP000030,108,18,20/09/2021,4.62030303,5.574981177,5.252422614,5.886184774
UKENSO_SW_TP000030,108,19,27/09/2021,5.080684447,5.509455948,5.194013781,5.821875521
UKENSO_SW_TP000030,108,20,04/10/2021,5.689256499,5.613975162,5.299449092,5.927620654
UKENSO_SW_TP000030,108,21,11/10/2021,6.29782855,5.69617963,5.383454563,6.012706132
UKENSO_SW_TP000030,108,22,18/10/2021,5.860540386,5.545355244,5.232041029,5.859775402
UKENSO_SW_TP000030,108,23,25/10/2021,5.423252221,5.444173449,5.128658186,5.756516666
UKENSO_SW_TP000030,108,24,01/11/2021,5.387252224,5.561747987,5.248232602,5.875591539
UKENSO_SW_TP000030,108,25,08/11/2021,5.351252226,5.662896558,5.349943146,5.98020173
UKENSO_SW_TP000030,108,26,15/11/2021,5.498142445,5.618463415,5.305444883,5.933016199
UKENSO_SW_TP000030,108,27,22/11/2021,5.645032664,5.553482717,5.239171399,5.866662604
UKENSO_SW_TP000030,108,28,29/11/2021,5.650456631,5.596623714,5.282591813,5.910173626
UKENSO_SW_TP000030,108,29,06/12/2021,5.655880598,5.628120951,5.31480444,5.94270788
UKENSO_SW_TP000030,108,30,13/12/2021,5.523003794,5.607458013,5.292493667,5.920649468
UKENSO_SW_TP000030,108,31,20/12/2021,5.39012699,5.551654152,5.234211311,5.863688431
UKENSO_SW_TP000030,108,32,27/12/2021,5.230567538,5.425266349,5.105979482,5.740966787
UKENSO_SW_TP000030,108,33,03/01/2022,5.549705213,5.332082101,5.018554885,5.648068842
UKENSO_SW_TP000030,108,34,10/01/2022,5.549705213,5.332230192,5.01966281,5.649377547
UKENSO_SW_TP000030,108,35,17/01/2022,6.028402341,5.34318314,5.031616801,5.664978937
UKENSO_SW_TP000030,108,36,24/01/2022,5.297862681,5.256750524,4.940348627,5.569108666
UKENSO_SW_TP000030,108,37,31/01/2022,5.297862681,5.338581594,5.019233331,5.650106667
UKENSO_SW_TP000030,108,38,07/02/2022,5.587654637,5.512226946,5.196611369,5.824742533
UKENSO_SW_TP000030,108,39,14/02/2022,5.877446593,5.671294252,5.357873271,5.985390394
UKENSO_SW_TP000030,108,40,21/02/2022,6.095798926,5.762566017,5.449996437,6.079474076
UKENSO_SW_TP000030,108,41,28/02/2022,6.314151259,5.843562128,5.531879063,6.164587872
UKENSO_SW_TP000030,108,42,07/03/2022,6.243237705,5.902794227,5.590718437,6.21933398
UKENSO_SW_TP000030,108,43,14/03/2022,6.17232415,5.973474548,5.658889084,6.286789555
UKENSO_SW_TP000030,108,44,21/03/2022,6.015488242,5.86505514,5.550261562,6.180593862
UKENSO_SW_TP000030,108,45,28/03/2022,5.858652333,5.790996342,5.476799696,6.106867713
UKENSO_SW_TP000033,109,1,24/05/2021,NA,4.460915348,4.020542393,4.899248543
UKENSO_SW_TP000033,109,2,31/05/2021,3.951674737,4.461871641,4.122597698,4.789831499
UKENSO_SW_TP000033,109,3,07/06/2021,3.951674737,4.477423698,4.139374369,4.804924267
UKENSO_SW_TP000033,109,4,14/06/2021,4.82500337,4.64736516,4.317798155,4.975868141
UKENSO_SW_TP000033,109,5,21/06/2021,5.698332003,4.808614787,4.481211095,5.144777222
UKENSO_SW_TP000033,109,6,28/06/2021,5.739773304,5.038093196,4.710767155,5.371381579
UKENSO_SW_TP000033,109,7,05/07/2021,5.781214605,5.229855463,4.902358083,5.563075512
UKENSO_SW_TP000033,109,8,12/07/2021,5.045753589,5.069100856,4.738462543,5.397269483
UKENSO_SW_TP000033,109,9,19/07/2021,4.310292572,4.941147223,4.599880191,5.269789105
UKENSO_SW_TP000033,109,10,26/07/2021,4.484682111,5.093761112,4.756032489,5.422597179
UKENSO_SW_TP000033,109,11,02/08/2021,4.659071649,5.271212397,4.939574348,5.599068785
UKENSO_SW_TP000033,109,12,09/08/2021,5.342995291,5.447992522,5.119936034,5.778290063
UKENSO_SW_TP000033,109,13,16/08/2021,6.026918932,5.623699395,5.29621487,5.959496004
UKENSO_SW_TP000033,109,14,23/08/2021,5.549324603,5.526202759,5.197509733,5.856214901
UKENSO_SW_TP000033,109,15,30/08/2021,5.071730273,5.43519409,5.101872025,5.7622771
UKENSO_SW_TP000033,109,16,06/09/2021,5.452731136,5.497435273,5.168926055,5.827032625
UKENSO_SW_TP000033,109,17,13/09/2021,5.833731998,5.554899944,5.227603622,5.890650686
UKENSO_SW_TP000033,109,18,20/09/2021,5.467715643,5.426375605,5.098745696,5.757143413
UKENSO_SW_TP000033,109,19,27/09/2021,5.101699288,5.288412045,4.958095395,5.616305326
UKENSO_SW_TP000033,109,20,04/10/2021,5.336948167,5.383379688,5.05391398,5.712933067
UKENSO_SW_TP000033,109,21,11/10/2021,5.572197045,5.473269601,5.145135063,5.806536098
UKENSO_SW_TP000033,109,22,18/10/2021,5.705439215,5.388730457,5.061303257,5.725619706
UKENSO_SW_TP000033,109,23,25/10/2021,5.838681384,5.341329976,5.013519224,5.681152585
UKENSO_SW_TP000033,109,24,01/11/2021,5.508679014,5.393798424,5.066633965,5.729039206
UKENSO_SW_TP000033,109,25,08/11/2021,5.178676644,5.442348892,5.114796789,5.775236599
UKENSO_SW_TP000033,109,26,15/11/2021,5.203522301,5.397857934,5.069294544,5.727710448
UKENSO_SW_TP000033,109,27,22/11/2021,5.228367958,5.343163983,5.01280436,5.671917203
UKENSO_SW_TP000033,109,28,29/11/2021,5.299826091,5.3807049,5.051368569,5.709572779
UKENSO_SW_TP000033,109,29,06/12/2021,5.371284224,5.409460263,5.080984954,5.739622415
UKENSO_SW_TP000033,109,30,13/12/2021,5.490111575,5.412709702,5.085121529,5.744245436
UKENSO_SW_TP000033,109,31,20/12/2021,5.608938926,5.417067462,5.089625039,5.750835326
UKENSO_SW_TP000033,109,32,27/12/2021,5.240651649,5.270804697,4.943436471,5.604447602
UKENSO_SW_TP000033,109,33,03/01/2022,4.872364371,5.127798034,4.799711882,5.46077526
UKENSO_SW_TP000033,109,34,10/01/2022,4.752486643,4.974769644,4.641660401,5.302577147
UKENSO_SW_TP000033,109,35,17/01/2022,4.632608915,4.813106693,4.468811278,5.143091409
UKENSO_SW_TP000033,109,36,24/01/2022,5.026068406,4.931216436,4.598120472,5.258441447
UKENSO_SW_TP000033,109,37,31/01/2022,5.419527896,5.150781266,4.822109068,5.480619314
UKENSO_SW_TP000033,109,38,07/02/2022,5.320747836,5.26495942,4.934514769,5.59291343
UKENSO_SW_TP000033,109,39,14/02/2022,5.221967775,5.362513222,5.029969741,5.690054545
UKENSO_SW_TP000033,109,40,21/02/2022,5.728056754,5.461724548,5.131999384,5.790651348
UKENSO_SW_TP000033,109,41,28/02/2022,6.234145733,5.563638153,5.235304198,5.895457681
UKENSO_SW_TP000033,109,42,07/03/2022,6.039819531,5.60739531,5.279339242,5.93781808
UKENSO_SW_TP000033,109,43,14/03/2022,5.845493328,5.660820409,5.332161881,5.990027917
UKENSO_SW_TP000033,109,44,21/03/2022,5.300519858,5.495268122,5.162041099,5.822541617
UKENSO_SW_TP000033,109,45,28/03/2022,4.755546388,5.347748458,5.006665585,5.676210982
UKENSO_SW_TP000083,110,1,24/05/2021,3.520087358,4.312039592,3.915599519,4.699613442
UKENSO_SW_TP000083,110,2,31/05/2021,3.520087358,4.290756706,3.939005191,4.628750842
UKENSO_SW_TP000083,110,3,07/06/2021,4.241306842,4.39612629,4.052593737,4.733220567
UKENSO_SW_TP000083,110,4,14/06/2021,4.962526326,4.628401716,4.290624272,4.969152354
UKENSO_SW_TP000083,110,5,21/06/2021,4.943517913,4.783195582,4.445634933,5.1245134
UKENSO_SW_TP000083,110,6,28/06/2021,4.924509499,4.927968811,4.588375944,5.266619802
UKENSO_SW_TP000083,110,7,05/07/2021,4.722830942,4.994952357,4.65292121,5.332757946
UKENSO_SW_TP000083,110,8,12/07/2021,4.521152384,4.952302174,4.610127034,5.289864715
UKENSO_SW_TP000083,110,9,19/07/2021,5.168828428,5.037792609,4.700092375,5.379024414
UKENSO_SW_TP000083,110,10,26/07/2021,5.816504472,5.266806021,4.929575054,5.609531321
UKENSO_SW_TP000083,110,11,02/08/2021,5.846747184,5.408159183,5.070668742,5.749615134
UKENSO_SW_TP000083,110,12,09/08/2021,5.876989895,5.437928495,5.10087308,5.781230305
UKENSO_SW_TP000083,110,13,16/08/2021,5.812460924,5.479526435,5.14230142,5.822321058
UKENSO_SW_TP000083,110,14,23/08/2021,5.747931953,5.446809065,5.109670358,5.789241107
UKENSO_SW_TP000083,110,15,30/08/2021,5.698859935,5.438910041,5.100331594,5.778351987
UKENSO_SW_TP000083,110,16,06/09/2021,5.649787917,5.444488073,5.106658058,5.785201488
UKENSO_SW_TP000083,110,17,13/09/2021,5.543876469,5.428872906,5.091249432,5.770670723
UKENSO_SW_TP000083,110,18,20/09/2021,5.43796502,5.298421072,4.960714085,5.640387956
UKENSO_SW_TP000083,110,19,27/09/2021,5.409472516,5.193927135,4.856296524,5.535281815
UKENSO_SW_TP000083,110,20,04/10/2021,5.380980011,5.263310711,4.92365877,5.602338636
UKENSO_SW_TP000083,110,21,11/10/2021,5.1122583,5.286443977,4.943022221,5.624725796
UKENSO_SW_TP000083,110,22,18/10/2021,4.843536588,5.131823288,4.786577711,5.469078043
UKENSO_SW_TP000083,110,23,25/10/2021,4.582711779,5.045983406,4.695209667,5.38346032
UKENSO_SW_TP000083,110,24,01/11/2021,4.321886969,5.102544931,4.749125016,5.440715125
UKENSO_SW_TP000083,110,25,08/11/2021,4.713321041,5.207001458,4.862198233,5.543772684
UKENSO_SW_TP000083,110,26,15/11/2021,5.104755112,5.198115915,4.856007803,5.535212415
UKENSO_SW_TP000083,110,27,22/11/2021,5.581108599,5.206243677,4.866360311,5.544514678
UKENSO_SW_TP000083,110,28,29/11/2021,6.057462086,5.295511458,4.958414214,5.6379117
UKENSO_SW_TP000083,110,29,06/12/2021,5.908223399,5.307738546,4.970821188,5.651039578
UKENSO_SW_TP000083,110,30,13/12/2021,5.758984712,5.310948429,4.974104502,5.656910701
UKENSO_SW_TP000083,110,31,20/12/2021,5.758984712,5.328830837,4.990186089,5.68052033
UKENSO_SW_TP000083,110,32,27/12/2021,4.948222774,5.208376433,4.870200492,5.551871287
UKENSO_SW_TP000083,110,33,03/01/2022,5.152021314,5.169070149,4.832042587,5.51347373
UKENSO_SW_TP000083,110,34,10/01/2022,5.152021314,5.115796132,4.778827544,5.463275469
UKENSO_SW_TP000083,110,35,17/01/2022,5.431440886,5.096065232,4.757861281,5.449716236
UKENSO_SW_TP000083,110,36,24/01/2022,5.507061918,5.058081053,4.720984489,5.407355593
UKENSO_SW_TP000083,110,37,31/01/2022,4.674478717,5.013051238,4.67236778,5.351043988
UKENSO_SW_TP000083,110,38,07/02/2022,3.841895515,5.017993136,4.662107716,5.35722595
UKENSO_SW_TP000083,110,39,14/02/2022,4.729853816,5.229747592,4.880911993,5.566765086
UKENSO_SW_TP000083,110,40,21/02/2022,5.617812117,5.393732275,5.053787943,5.732693629
UKENSO_SW_TP000083,110,41,28/02/2022,5.516603587,5.415531619,5.075694766,5.756546994
UKENSO_SW_TP000083,110,42,07/03/2022,5.415395056,5.504620054,5.164423164,5.843093913
UKENSO_SW_TP000083,110,43,14/03/2022,5.408806975,5.626053846,5.284408356,5.963890249
UKENSO_SW_TP000083,110,44,21/03/2022,5.402218894,5.536739244,5.196786522,5.87527446
UKENSO_SW_TP000083,110,45,28/03/2022,5.402218894,5.491315538,5.151759445,5.830126934
UKENSO_SW_TP000090,111,1,24/05/2021,NA,4.035419631,3.623345195,4.441079202
UKENSO_SW_TP000090,111,2,31/05/2021,3.385897225,3.97133046,3.622204183,4.306752599
UKENSO_SW_TP000090,111,3,07/06/2021,3.385897225,4.064357146,3.718293216,4.398662758
UKENSO_SW_TP000090,111,4,14/06/2021,3.965699974,4.29564935,3.957412525,4.630811412
UKENSO_SW_TP000090,111,5,21/06/2021,4.545502723,4.47825398,4.14275898,4.815743711
UKENSO_SW_TP000090,111,6,28/06/2021,4.786290636,4.620607426,4.284140882,4.956727492
UKENSO_SW_TP000090,111,7,05/07/2021,5.027078549,4.698736844,4.361943809,5.035505478
UKENSO_SW_TP000090,111,8,12/07/2021,4.896450333,4.671313866,4.334738055,5.007931383
UKENSO_SW_TP000090,111,9,19/07/2021,4.765822116,4.73806175,4.402793687,5.076202846
UKENSO_SW_TP000090,111,10,26/07/2021,4.891096789,4.956398375,4.620448033,5.293411328
UKENSO_SW_TP000090,111,11,02/08/2021,5.016371462,5.102007922,4.765194523,5.438009598
UKENSO_SW_TP000090,111,12,09/08/2021,5.263806559,5.136564427,4.801963472,5.47557317
UKENSO_SW_TP000090,111,13,16/08/2021,5.511241655,5.202026453,4.867907859,5.544076821
UKENSO_SW_TP000090,111,14,23/08/2021,5.040293064,5.139216152,4.804646748,5.477944093
UKENSO_SW_TP000090,111,15,30/08/2021,4.569344473,5.118927622,4.779470714,5.453391148
UKENSO_SW_TP000090,111,16,06/09/2021,4.863967786,5.129787365,4.793095554,5.46564807
UKENSO_SW_TP000090,111,17,13/09/2021,5.158591098,5.116815468,4.781355806,5.454426303
UKENSO_SW_TP000090,111,18,20/09/2021,4.794499066,4.980299351,4.644524646,5.317258624
UKENSO_SW_TP000090,111,19,27/09/2021,4.430407033,4.875002417,4.538806691,5.211222878
UKENSO_SW_TP000090,111,20,04/10/2021,5.015377229,4.964837653,4.628895087,5.301871758
UKENSO_SW_TP000090,111,21,11/10/2021,5.600347425,5.021922103,4.686018086,5.360637479
UKENSO_SW_TP000090,111,22,18/10/2021,4.777439312,4.861975001,4.522361614,5.197067922
UKENSO_SW_TP000090,111,23,25/10/2021,3.954531199,4.763624132,4.414290065,5.098396085
UKENSO_SW_TP000090,111,24,01/11/2021,4.418901646,4.81237909,4.463852377,5.146972342
UKENSO_SW_TP000090,111,25,08/11/2021,4.883272093,4.884768288,4.541994796,5.218759241
UKENSO_SW_TP000090,111,26,15/11/2021,4.528314413,4.869137719,4.527349827,5.203083717
UKENSO_SW_TP000090,111,27,22/11/2021,4.173356733,4.881040093,4.539546295,5.21524431
UKENSO_SW_TP000090,111,28,29/11/2021,4.272751143,4.938605743,4.599361446,5.273308587
UKENSO_SW_TP000090,111,29,06/12/2021,4.372145553,4.944556419,4.606528073,5.279335713
UKENSO_SW_TP000090,111,30,13/12/2021,4.96209325,4.966797348,4.632510644,5.306704456
UKENSO_SW_TP000090,111,31,20/12/2021,5.552040946,4.998220419,4.662000805,5.348634964
UKENSO_SW_TP000090,111,32,27/12/2021,5.39522746,4.916027487,4.57949522,5.262331594
UKENSO_SW_TP000090,111,33,03/01/2022,5.238413973,4.880152073,4.546185197,5.223393068
UKENSO_SW_TP000090,111,34,10/01/2022,5.786568114,4.817620352,4.482413931,5.168160153
UKENSO_SW_TP000090,111,35,17/01/2022,6.334722255,4.78611782,4.448392011,5.145580395
UKENSO_SW_TP000090,111,36,24/01/2022,5.62699927,4.741217209,4.406942519,5.088421564
UKENSO_SW_TP000090,111,37,31/01/2022,4.919276284,4.697179256,4.36028054,5.033030428
UKENSO_SW_TP000090,111,38,07/02/2022,4.50512717,4.729684151,4.384189629,5.064160024
UKENSO_SW_TP000090,111,39,14/02/2022,4.090978056,4.92808337,4.580964242,5.262393277
UKENSO_SW_TP000090,111,40,21/02/2022,4.624776434,5.092394839,4.754523924,5.427456107
UKENSO_SW_TP000090,111,41,28/02/2022,5.158574811,5.134895478,4.799032573,5.474744621
UKENSO_SW_TP000090,111,42,07/03/2022,5.436602808,5.229414955,4.894250062,5.567232267
UKENSO_SW_TP000090,111,43,14/03/2022,5.714630804,5.34505563,5.009547478,5.682122418
UKENSO_SW_TP000090,111,44,21/03/2022,5.460296204,5.239824058,4.90443516,5.576865042
UKENSO_SW_TP000090,111,45,28/03/2022,5.205961604,5.184932367,4.848644397,5.521008649
UKENSO_SW_TP000091,112,1,24/05/2021,5.076883779,4.537710909,4.138524725,4.94036645
UKENSO_SW_TP000091,112,2,31/05/2021,5.076883779,4.587272676,4.230763444,4.952471738
UKENSO_SW_TP000091,112,3,07/06/2021,4.97046961,4.616552695,4.260125185,4.980719608
UKENSO_SW_TP000091,112,4,14/06/2021,4.864055441,4.733182569,4.376291446,5.094162544
UKENSO_SW_TP000091,112,5,21/06/2021,4.958832358,4.847047118,4.490022815,5.207240257
UKENSO_SW_TP000091,112,6,28/06/2021,5.053609274,5.029815678,4.670544739,5.387687709
UKENSO_SW_TP000091,112,7,05/07/2021,5.149493992,5.143110362,4.78226367,5.50093214
UKENSO_SW_TP000091,112,8,12/07/2021,5.245378709,5.096055403,4.738406683,5.455855875
UKENSO_SW_TP000091,112,9,19/07/2021,5.219510509,5.095809131,4.738208603,5.457086266
UKENSO_SW_TP000091,112,10,26/07/2021,5.193642309,5.265317642,4.906884064,5.623624055
UKENSO_SW_TP000091,112,11,02/08/2021,5.282192846,5.421534311,5.06378882,5.78055245
UKENSO_SW_TP000091,112,12,09/08/2021,5.370743382,5.488757412,5.130453221,5.847287881
UKENSO_SW_TP000091,112,13,16/08/2021,5.548545362,5.562381511,5.20347607,5.920802227
UKENSO_SW_TP000091,112,14,23/08/2021,5.726347341,5.542564907,5.185700002,5.902898496
UKENSO_SW_TP000091,112,15,30/08/2021,5.661875149,5.510853434,5.153470146,5.871044758
UKENSO_SW_TP000091,112,16,06/09/2021,5.597402956,5.51684725,5.159287292,5.876573715
UKENSO_SW_TP000091,112,17,13/09/2021,5.473392752,5.505859707,5.147751338,5.865120107
UKENSO_SW_TP000091,112,18,20/09/2021,5.349382548,5.400654287,5.042763201,5.759762223
UKENSO_SW_TP000091,112,19,27/09/2021,5.538281791,5.3275621,4.970752903,5.688625828
UKENSO_SW_TP000091,112,20,04/10/2021,5.727181033,5.397192162,5.038601537,5.756206631
UKENSO_SW_TP000091,112,21,11/10/2021,5.006837498,5.368296638,4.998005697,5.726771695
UKENSO_SW_TP000091,112,22,18/10/2021,4.286493962,5.197468427,4.822903138,5.555970345
UKENSO_SW_TP000091,112,23,25/10/2021,4.785571814,5.20030632,4.837496888,5.556450951
UKENSO_SW_TP000091,112,24,01/11/2021,5.284649666,5.336595725,4.977769733,5.694338794
UKENSO_SW_TP000091,112,25,08/11/2021,5.316758616,5.427970758,5.069050292,5.786443992
UKENSO_SW_TP000091,112,26,15/11/2021,5.348867565,5.383550631,5.024331049,5.741164654
UKENSO_SW_TP000091,112,27,22/11/2021,5.493604693,5.339818089,4.98124301,5.697907665
UKENSO_SW_TP000091,112,28,29/11/2021,5.638341821,5.405717348,5.048282496,5.765019382
UKENSO_SW_TP000091,112,29,06/12/2021,5.3076599,5.401979886,5.043159282,5.760107447
UKENSO_SW_TP000091,112,30,13/12/2021,4.976977978,5.357680372,4.995294648,5.714473174
UKENSO_SW_TP000091,112,31,20/12/2021,4.976977978,5.353390174,4.99000109,5.710329719
UKENSO_SW_TP000091,112,32,27/12/2021,5.005597167,5.271668611,4.912331603,5.629739581
UKENSO_SW_TP000091,112,33,03/01/2022,5.23063038,5.220732869,4.863900775,5.582701742
UKENSO_SW_TP000091,112,34,10/01/2022,5.23063038,5.146628771,4.78989903,5.507935446
UKENSO_SW_TP000091,112,35,17/01/2022,5.102020256,5.057994846,4.700536822,5.417338222
UKENSO_SW_TP000091,112,36,24/01/2022,4.748376919,5.013857927,4.652454072,5.370411026
UKENSO_SW_TP000091,112,37,31/01/2022,5.305924146,5.156936507,4.797985837,5.516060548
UKENSO_SW_TP000091,112,38,07/02/2022,5.863471372,5.313718749,4.956885675,5.67774895
UKENSO_SW_TP000091,112,39,14/02/2022,5.71232598,5.442723609,5.08476074,5.804182146
UKENSO_SW_TP000091,112,40,21/02/2022,5.561180587,5.502243052,5.143909708,5.861626811
UKENSO_SW_TP000091,112,41,28/02/2022,5.378670039,5.528933254,5.169668889,5.888044709
UKENSO_SW_TP000091,112,42,07/03/2022,5.19615949,5.572126311,5.209707137,5.928485609
UKENSO_SW_TP000091,112,43,14/03/2022,5.411155788,5.672788072,5.308501078,6.029347878
UKENSO_SW_TP000091,112,44,21/03/2022,5.626152086,5.594199177,5.234864535,5.951748251
UKENSO_SW_TP000091,112,45,28/03/2022,5.626152086,5.526469719,5.168252005,5.885066607
UKENSW_SWS_TP000002,113,1,24/05/2021,NA,4.842528018,4.403378759,5.27897503
UKENSW_SWS_TP000002,113,2,31/05/2021,4.396748123,4.788350624,4.423001423,5.149908716
UKENSW_SWS_TP000002,113,3,07/06/2021,4.396748123,4.838837891,4.472570502,5.200820739
UKENSW_SWS_TP000002,113,4,14/06/2021,4.651652027,4.967057131,4.603575457,5.329635923
UKENSW_SWS_TP000002,113,5,21/06/2021,4.906555931,5.067606032,4.704179072,5.434302796
UKENSW_SWS_TP000002,113,6,28/06/2021,5.178865693,5.236687735,4.873398044,5.604051191
UKENSW_SWS_TP000002,113,7,05/07/2021,5.451175455,5.401456478,5.039088619,5.767256343
UKENSW_SWS_TP000002,113,8,12/07/2021,5.529361697,5.400504984,5.03814599,5.767111363
UKENSW_SWS_TP000002,113,9,19/07/2021,5.607547939,5.462946984,5.101411881,5.827663004
UKENSW_SWS_TP000002,113,10,26/07/2021,5.759415266,5.648794879,5.286193612,6.011938004
UKENSW_SWS_TP000002,113,11,02/08/2021,5.911282592,5.830506223,5.46571353,6.192743382
UKENSW_SWS_TP000002,113,12,09/08/2021,5.714535216,5.844554682,5.477971663,6.206354254
UKENSW_SWS_TP000002,113,13,16/08/2021,5.517787839,5.843745504,5.474713335,6.206320646
UKENSW_SWS_TP000002,113,14,23/08/2021,5.294334725,5.762152137,5.397222575,6.124327524
UKENSW_SWS_TP000002,113,15,30/08/2021,5.070881611,5.689713243,5.325041634,6.055183893
UKENSW_SWS_TP000002,113,16,06/09/2021,5.492985013,5.797951755,5.43513163,6.161067113
UKENSW_SWS_TP000002,113,17,13/09/2021,5.915088414,5.915654794,5.552673397,6.277656809
UKENSW_SWS_TP000002,113,18,20/09/2021,5.923478298,5.837413846,5.4745605,6.199610881
UKENSW_SWS_TP000002,113,19,27/09/2021,5.931868181,5.732522107,5.36975236,6.095788314
UKENSW_SWS_TP000002,113,20,04/10/2021,5.86306607,5.685714955,5.323344384,6.04833185
UKENSW_SWS_TP000002,113,21,11/10/2021,5.794263958,5.680614639,5.331442443,6.029414406
UKENSW_SWS_TP000002,113,22,18/10/2021,5.902637137,5.681517784,5.332001118,6.031006278
UKENSW_SWS_TP000002,113,23,25/10/2021,6.011010316,5.698749315,5.350403348,6.049595731
UKENSW_SWS_TP000002,113,24,01/11/2021,6.159142647,5.796749669,5.44801105,6.147452867
UKENSW_SWS_TP000002,113,25,08/11/2021,6.307274977,5.845552353,5.495181257,6.195676476
UKENSW_SWS_TP000002,113,26,15/11/2021,5.911346112,5.759833254,5.406728982,6.109450442
UKENSW_SWS_TP000002,113,27,22/11/2021,5.515417246,5.692038823,5.338358771,6.041659642
UKENSW_SWS_TP000002,113,28,29/11/2021,5.703843897,5.763086985,5.412935928,6.111995771
UKENSW_SWS_TP000002,113,29,06/12/2021,5.892270547,5.862127166,5.512861458,6.212761173
UKENSW_SWS_TP000002,113,30,13/12/2021,6.295457868,5.917459597,5.568400625,6.272277291
UKENSW_SWS_TP000002,113,31,20/12/2021,6.698645188,5.955647076,5.604885481,6.315102026
UKENSW_SWS_TP000002,113,32,27/12/2021,6.701094106,5.819703569,5.470164747,6.176211992
UKENSW_SWS_TP000002,113,33,03/01/2022,6.703543024,5.763458411,5.41455365,6.122950735
UKENSW_SWS_TP000002,113,34,10/01/2022,5.884752995,5.635588129,5.287329958,5.986058381
UKENSW_SWS_TP000002,113,35,17/01/2022,5.065962965,5.387208129,5.030829628,5.735855236
UKENSW_SWS_TP000002,113,36,24/01/2022,5.087096534,5.217910354,4.863556592,5.565594458
UKENSW_SWS_TP000002,113,37,31/01/2022,5.108230102,5.339825689,4.989316851,5.688530971
UKENSW_SWS_TP000002,113,38,07/02/2022,5.805617786,5.638823611,5.291142795,5.989867715
UKENSW_SWS_TP000002,113,39,14/02/2022,6.503005469,5.852604625,5.505049781,6.206157491
UKENSW_SWS_TP000002,113,40,21/02/2022,5.672304217,5.815125767,5.465062748,6.16509069
UKENSW_SWS_TP000002,113,41,28/02/2022,4.841602964,5.790737318,5.435225736,6.140090457
UKENSW_SWS_TP000002,113,42,07/03/2022,5.31578827,5.888529867,5.538574685,6.237654692
UKENSW_SWS_TP000002,113,43,14/03/2022,5.789973575,5.833179465,5.481980864,6.186466625
UKENSW_SWS_TP000002,113,44,21/03/2022,5.618982652,5.699873031,5.346328858,6.049922652
UKENSW_SWS_TP000002,113,45,28/03/2022,5.447991729,5.629964725,5.272221548,5.97930343
UKENSW_SWS_TP000016,114,1,24/05/2021,NA,4.615168992,4.152023835,5.075764583
UKENSW_SWS_TP000016,114,2,31/05/2021,NA,4.57926436,4.172803163,4.983468926
UKENSW_SWS_TP000016,114,3,07/06/2021,NA,4.629562396,4.222335502,5.034281443
UKENSW_SWS_TP000016,114,4,14/06/2021,NA,4.74832872,4.343227295,5.154693603
UKENSW_SWS_TP000016,114,5,21/06/2021,NA,4.84205161,4.436273896,5.253477446
UKENSW_SWS_TP000016,114,6,28/06/2021,NA,5.009968138,4.603840336,5.422239665
UKENSW_SWS_TP000016,114,7,05/07/2021,NA,5.167881015,4.763230768,5.577058765
UKENSW_SWS_TP000016,114,8,12/07/2021,NA,5.16689927,4.762366168,5.576392453
UKENSW_SWS_TP000016,114,9,19/07/2021,NA,5.225257669,4.82147625,5.632294605
UKENSW_SWS_TP000016,114,10,26/07/2021,NA,5.413645421,5.00913314,5.818555315
UKENSW_SWS_TP000016,114,11,02/08/2021,NA,5.599189862,5.19254916,6.002948446
UKENSW_SWS_TP000016,114,12,09/08/2021,NA,5.619562072,5.211804115,6.022729457
UKENSW_SWS_TP000016,114,13,16/08/2021,NA,5.624181625,5.215085606,6.027574849
UKENSW_SWS_TP000016,114,14,23/08/2021,NA,5.542029543,5.135665247,5.947763919
UKENSW_SWS_TP000016,114,15,30/08/2021,NA,5.472676178,5.0656456,5.884008617
UKENSW_SWS_TP000016,114,16,06/09/2021,NA,5.57326827,5.168241218,5.980689358
UKENSW_SWS_TP000016,114,17,13/09/2021,NA,5.687966761,5.2829873,6.092368701
UKENSW_SWS_TP000016,114,18,20/09/2021,NA,5.609920552,5.204742134,6.014066356
UKENSW_SWS_TP000016,114,19,27/09/2021,NA,5.507703271,5.102415179,5.912334302
UKENSW_SWS_TP000016,114,20,04/10/2021,NA,5.458268209,5.053501234,5.862586238
UKENSW_SWS_TP000016,114,21,11/10/2021,5.592361135,5.453683064,5.082202739,5.82523849
UKENSW_SWS_TP000016,114,22,18/10/2021,5.592361135,5.450113132,5.078195745,5.822233397
UKENSW_SWS_TP000016,114,23,25/10/2021,5.784422033,5.468788391,5.098282603,5.842198989
UKENSW_SWS_TP000016,114,24,01/11/2021,5.97648293,5.575849354,5.204929888,5.949218523
UKENSW_SWS_TP000016,114,25,08/11/2021,5.667270526,5.608453242,5.23487806,5.980896537
UKENSW_SWS_TP000016,114,26,15/11/2021,5.358058121,5.527728182,5.151791219,5.899428101
UKENSW_SWS_TP000016,114,27,22/11/2021,5.618353507,5.476316942,5.101497161,5.848413271
UKENSW_SWS_TP000016,114,28,29/11/2021,5.878648893,5.553713111,5.182252961,5.92543821
UKENSW_SWS_TP000016,114,29,06/12/2021,6.268642148,5.654422266,5.283555847,6.028680672
UKENSW_SWS_TP000016,114,30,13/12/2021,6.658635402,5.714058517,5.342260654,6.093352806
UKENSW_SWS_TP000016,114,31,20/12/2021,6.658635402,5.746017484,5.372541945,6.128203867
UKENSW_SWS_TP000016,114,32,27/12/2021,5.8163882,5.581795587,5.210184673,5.957862298
UKENSW_SWS_TP000016,114,33,03/01/2022,5.761179877,5.516630678,5.145767849,5.895159774
UKENSW_SWS_TP000016,114,34,10/01/2022,5.761179877,5.411611438,5.041082663,5.784749371
UKENSW_SWS_TP000016,114,35,17/01/2022,4.741828124,5.155185446,4.77612287,5.526575615
UKENSW_SWS_TP000016,114,36,24/01/2022,3.777684695,4.964593647,4.581961776,5.336700919
UKENSW_SWS_TP000016,114,37,31/01/2022,4.708630881,5.118718422,4.745037347,5.489751653
UKENSW_SWS_TP000016,114,38,07/02/2022,5.639577066,5.426746028,5.056349248,5.800441813
UKENSW_SWS_TP000016,114,39,14/02/2022,5.591110475,5.613020771,5.242712824,5.986608779
UKENSW_SWS_TP000016,114,40,21/02/2022,5.542643884,5.590948569,5.218613516,5.963768405
UKENSW_SWS_TP000016,114,41,28/02/2022,5.730231915,5.58254014,5.208110595,5.955590531
UKENSW_SWS_TP000016,114,42,07/03/2022,5.917819946,5.672190396,5.299789809,6.047023108
UKENSW_SWS_TP000016,114,43,14/03/2022,5.050954648,5.585027246,5.210346997,5.960084373
UKENSW_SWS_TP000016,114,44,21/03/2022,4.18408935,5.43596156,5.05610803,5.808407314
UKENSW_SWS_TP000016,114,45,28/03/2022,3.798500446,5.359946101,4.972283286,5.734742934
UKENSW_SWS_TP000024,115,1,24/05/2021,NA,5.036997412,4.623104991,5.449858601
UKENSW_SWS_TP000024,115,2,31/05/2021,4.798677486,4.955856825,4.624718082,5.284045889
UKENSW_SWS_TP000024,115,3,07/06/2021,4.798677486,5.017977401,4.687089158,5.346211891
UKENSW_SWS_TP000024,115,4,14/06/2021,5.062267251,5.113774591,4.784215511,5.443362953
UKENSW_SWS_TP000024,115,5,21/06/2021,5.325857016,5.166018196,4.835787806,5.496766883
UKENSW_SWS_TP000024,115,6,28/06/2021,5.423419695,5.324487199,4.994027315,5.654893937
UKENSW_SWS_TP000024,115,7,05/07/2021,5.520982373,5.547827154,5.21906137,5.878283646
UKENSW_SWS_TP000024,115,8,12/07/2021,5.697237484,5.563788474,5.235328248,5.895366736
UKENSW_SWS_TP000024,115,9,19/07/2021,5.873492594,5.615897516,5.287464192,5.946571925
UKENSW_SWS_TP000024,115,10,26/07/2021,6.086407792,5.829761619,5.501524835,6.159577515
UKENSW_SWS_TP000024,115,11,02/08/2021,6.29932299,6.049544634,5.720880695,6.379607214
UKENSW_SWS_TP000024,115,12,09/08/2021,6.130457879,6.114276559,5.785637327,6.444683192
UKENSW_SWS_TP000024,115,13,16/08/2021,5.961592768,6.107513444,5.776782875,6.438682977
UKENSW_SWS_TP000024,115,14,23/08/2021,6.062961644,6.011139686,5.683275014,6.342606793
UKENSW_SWS_TP000024,115,15,30/08/2021,6.16433052,5.920570573,5.590494663,6.257536224
UKENSW_SWS_TP000024,115,16,06/09/2021,6.186561414,5.995086492,5.666794033,6.327198397
UKENSW_SWS_TP000024,115,17,13/09/2021,6.208792308,6.079745268,5.750452726,6.408607314
UKENSW_SWS_TP000024,115,18,20/09/2021,5.984641996,6.00332474,5.67307021,6.331577428
UKENSW_SWS_TP000024,115,19,27/09/2021,5.760491683,5.892545692,5.560690667,6.220905397
UKENSW_SWS_TP000024,115,20,04/10/2021,5.722096885,5.821023718,5.487932342,6.149054336
UKENSW_SWS_TP000024,115,21,11/10/2021,5.683702087,5.839692751,5.508606315,6.167313395
UKENSW_SWS_TP000024,115,22,18/10/2021,5.735196532,5.889855159,5.560515575,6.218909229
UKENSW_SWS_TP000024,115,23,25/10/2021,5.786690976,5.849177249,5.518750819,6.177409014
UKENSW_SWS_TP000024,115,24,01/11/2021,5.872810001,5.89714236,5.562284679,6.225480025
UKENSW_SWS_TP000024,115,25,08/11/2021,5.958929025,5.974058405,5.639283411,6.302415174
UKENSW_SWS_TP000024,115,26,15/11/2021,5.958929025,5.984356276,5.643394046,6.323445213
UKENSW_SWS_TP000024,115,27,22/11/2021,NA,5.927658867,5.574111875,6.279825936
UKENSW_SWS_TP000024,115,28,29/11/2021,6.051514903,5.996149526,5.667644276,6.325616461
UKENSW_SWS_TP000024,115,29,06/12/2021,6.051514903,6.061907246,5.733750565,6.39223966
UKENSW_SWS_TP000024,115,30,13/12/2021,5.795662834,6.022897694,5.692932907,6.352055903
UKENSW_SWS_TP000024,115,31,20/12/2021,5.539810764,5.955624119,5.622508266,6.284006094
UKENSW_SWS_TP000024,115,32,27/12/2021,5.539810764,5.811389718,5.46593725,6.151107112
UKENSW_SWS_TP000024,115,33,03/01/2022,6.376826442,5.726835001,5.398416836,6.055922425
UKENSW_SWS_TP000024,115,34,10/01/2022,6.376826442,5.741200283,5.413882051,6.070626967
UKENSW_SWS_TP000024,115,35,17/01/2022,6.376826442,5.686098765,5.359265822,6.017986542
UKENSW_SWS_TP000024,115,36,24/01/2022,5.328323768,5.470642991,5.141875674,5.798655658
UKENSW_SWS_TP000024,115,37,31/01/2022,5.328323768,5.499701842,5.170054528,5.8278812
UKENSW_SWS_TP000024,115,38,07/02/2022,5.659884993,5.748575485,5.419422632,6.07647216
UKENSW_SWS_TP000024,115,39,14/02/2022,5.991446217,5.947424902,5.619101986,6.275271094
UKENSW_SWS_TP000024,115,40,21/02/2022,6.022475402,5.97949338,5.650227669,6.308345136
UKENSW_SWS_TP000024,115,41,28/02/2022,6.053504586,6.075244384,5.747548051,6.4054136
UKENSW_SWS_TP000024,115,42,07/03/2022,5.751343175,6.10294743,5.775211084,6.434697981
UKENSW_SWS_TP000024,115,43,14/03/2022,5.449181763,6.048823052,5.719418049,6.382855307
UKENSW_SWS_TP000024,115,44,21/03/2022,5.822223364,5.954133064,5.625111685,6.285374062
UKENSW_SWS_TP000024,115,45,28/03/2022,6.195264965,5.968007427,5.640045667,6.29804024
UKENSW_SWS_TP000025,116,1,24/05/2021,NA,4.954737517,4.506151432,5.400300747
UKENSW_SWS_TP000025,116,2,31/05/2021,4.92367286,5.062156338,4.694786077,5.431669603
UKENSW_SWS_TP000025,116,3,07/06/2021,4.92367286,5.114715988,4.746923271,5.484036474
UKENSW_SWS_TP000025,116,4,14/06/2021,4.646752327,5.113009532,4.744019798,5.480102827
UKENSW_SWS_TP000025,116,5,21/06/2021,4.369831794,5.093983137,4.721829932,5.461149576
UKENSW_SWS_TP000025,116,6,28/06/2021,4.824968319,5.285353531,4.914927535,5.65355229
UKENSW_SWS_TP000025,116,7,05/07/2021,5.280104844,5.451947743,5.082858832,5.821072315
UKENSW_SWS_TP000025,116,8,12/07/2021,5.713271345,5.488154344,5.119584043,5.860460151
UKENSW_SWS_TP000025,116,9,19/07/2021,6.146437845,5.589239406,5.222392876,5.960947951
UKENSW_SWS_TP000025,116,10,26/07/2021,6.34990898,5.79756938,5.431212425,6.169143606
UKENSW_SWS_TP000025,116,11,02/08/2021,6.553380114,6.009258186,5.642923925,6.380968488
UKENSW_SWS_TP000025,116,12,09/08/2021,6.450541449,6.020764844,5.654256359,6.390660611
UKENSW_SWS_TP000025,116,13,16/08/2021,6.347702783,6.048141451,5.68113172,6.416527593
UKENSW_SWS_TP000025,116,14,23/08/2021,6.056489175,5.946968307,5.579678151,6.316394133
UKENSW_SWS_TP000025,116,15,30/08/2021,5.765275567,5.860825736,5.491644804,6.232883754
UKENSW_SWS_TP000025,116,16,06/09/2021,5.909210712,5.952810999,5.585403,6.322971646
UKENSW_SWS_TP000025,116,17,13/09/2021,6.053145857,6.060692715,5.693846249,6.429135003
UKENSW_SWS_TP000025,116,18,20/09/2021,6.031240901,5.982081618,5.614097911,6.350121069
UKENSW_SWS_TP000025,116,19,27/09/2021,6.009335945,5.872634796,5.504118939,6.240884406
UKENSW_SWS_TP000025,116,20,04/10/2021,5.884213713,5.811232983,5.443249366,6.178514627
UKENSW_SWS_TP000025,116,21,11/10/2021,5.759091481,5.773721568,5.405512533,6.140189784
UKENSW_SWS_TP000025,116,22,18/10/2021,5.351780598,5.672593156,5.300521706,6.038887465
UKENSW_SWS_TP000025,116,23,25/10/2021,4.944469715,5.593146355,5.216695269,5.96026438
UKENSW_SWS_TP000025,116,24,01/11/2021,5.712886945,5.793988658,5.422880146,6.160553147
UKENSW_SWS_TP000025,116,25,08/11/2021,6.481304174,5.963367158,5.596047955,6.332348794
UKENSW_SWS_TP000025,116,26,15/11/2021,6.13416156,5.916667418,5.548658874,6.284489921
UKENSW_SWS_TP000025,116,27,22/11/2021,5.787018945,5.845192518,5.474325779,6.213916428
UKENSW_SWS_TP000025,116,28,29/11/2021,5.512197234,5.85863774,5.487104812,6.22598582
UKENSW_SWS_TP000025,116,29,06/12/2021,5.237375523,5.852203199,5.478230056,6.219616692
UKENSW_SWS_TP000025,116,30,13/12/2021,5.698893939,5.897534736,5.526220479,6.265321432
UKENSW_SWS_TP000025,116,31,20/12/2021,6.160412354,5.959579252,5.588898973,6.330122881
UKENSW_SWS_TP000025,116,32,27/12/2021,6.207966134,5.836811614,5.466668513,6.208037521
UKENSW_SWS_TP000025,116,33,03/01/2022,6.255519914,5.746461554,5.380407439,6.115718263
UKENSW_SWS_TP000025,116,34,10/01/2022,6.106634116,5.710086384,5.343577098,6.0777105
UKENSW_SWS_TP000025,116,35,17/01/2022,5.957748318,5.639771174,5.273182261,6.008099077
UKENSW_SWS_TP000025,116,36,24/01/2022,5.603087259,5.544493388,5.178229474,5.912447439
UKENSW_SWS_TP000025,116,37,31/01/2022,5.248426199,5.572559011,5.203601849,5.93916571
UKENSW_SWS_TP000025,116,38,07/02/2022,5.537781473,5.729023954,5.359250275,6.095623035
UKENSW_SWS_TP000025,116,39,14/02/2022,5.827136746,5.872299287,5.503955816,6.238320194
UKENSW_SWS_TP000025,116,40,21/02/2022,5.88796069,5.914018043,5.54474421,6.282408772
UKENSW_SWS_TP000025,116,41,28/02/2022,5.948784634,5.954079398,5.585339037,6.32275946
UKENSW_SWS_TP000025,116,42,07/03/2022,5.82387504,5.96783163,5.598797871,6.336111313
UKENSW_SWS_TP000025,116,43,14/03/2022,5.698965445,5.950994622,5.580810314,6.321395588
UKENSW_SWS_TP000025,116,44,21/03/2022,6.102059711,5.967398938,5.599199332,6.339386598
UKENSW_SWS_TP000025,116,45,28/03/2022,6.505153977,6.008477722,5.641137902,6.38263491
UKENSW_SWS_TP000051,117,1,24/05/2021,NA,4.599546474,4.17415104,5.022790125
UKENSW_SWS_TP000051,117,2,31/05/2021,3.636127704,4.4865581,4.145491845,4.8190759
UKENSW_SWS_TP000051,117,3,07/06/2021,3.636127704,4.543450776,4.201558795,4.876110715
UKENSW_SWS_TP000051,117,4,14/06/2021,3.552094693,4.630101769,4.288709675,4.962637772
UKENSW_SWS_TP000051,117,5,21/06/2021,3.468061682,4.692674907,4.353205104,5.025385476
UKENSW_SWS_TP000051,117,6,28/06/2021,4.33904841,4.876094591,4.539974195,5.209669201
UKENSW_SWS_TP000051,117,7,05/07/2021,5.210035138,5.111333288,4.778367737,5.446786197
UKENSW_SWS_TP000051,117,8,12/07/2021,4.90927086,5.098899195,4.765294306,5.432682889
UKENSW_SWS_TP000051,117,9,19/07/2021,4.608506582,5.132199358,4.79617276,5.464063528
UKENSW_SWS_TP000051,117,10,26/07/2021,5.16079344,5.362375929,5.027590812,5.694492647
UKENSW_SWS_TP000051,117,11,02/08/2021,5.713080298,5.597773995,5.263747792,5.930695092
UKENSW_SWS_TP000051,117,12,09/08/2021,5.906574642,5.668580833,5.335274712,6.002236377
UKENSW_SWS_TP000051,117,13,16/08/2021,6.100068985,5.693872192,5.360886238,6.02878776
UKENSW_SWS_TP000051,117,14,23/08/2021,5.586019998,5.573065824,5.240842242,5.907809424
UKENSW_SWS_TP000051,117,15,30/08/2021,5.07197101,5.447397084,5.113133123,5.784362018
UKENSW_SWS_TP000051,117,16,06/09/2021,5.286399571,5.539807747,5.206860623,5.874119633
UKENSW_SWS_TP000051,117,17,13/09/2021,5.500828132,5.646866429,5.313143393,5.979575672
UKENSW_SWS_TP000051,117,18,20/09/2021,5.613387883,5.587398313,5.253414995,5.920022272
UKENSW_SWS_TP000051,117,19,27/09/2021,5.725947634,5.488659472,5.154537354,5.82199192
UKENSW_SWS_TP000051,117,20,04/10/2021,5.455976819,5.422399995,5.087890759,5.755069562
UKENSW_SWS_TP000051,117,21,11/10/2021,5.186006003,5.411530307,5.076695824,5.743330313
UKENSW_SWS_TP000051,117,22,18/10/2021,5.453561867,5.443533194,5.109379853,5.776054045
UKENSW_SWS_TP000051,117,23,25/10/2021,5.721117731,5.426549105,5.09353353,5.75927617
UKENSW_SWS_TP000051,117,24,01/11/2021,5.885380182,5.512451783,5.178327106,5.844826551
UKENSW_SWS_TP000051,117,25,08/11/2021,6.049642633,5.593977973,5.2601596,5.92659797
UKENSW_SWS_TP000051,117,26,15/11/2021,5.970954288,5.573358535,5.236134343,5.911091316
UKENSW_SWS_TP000051,117,27,22/11/2021,5.892265942,5.513196085,5.170937369,5.856387273
UKENSW_SWS_TP000051,117,28,29/11/2021,6.167259462,5.587637563,5.256128951,5.923063843
UKENSW_SWS_TP000051,117,29,06/12/2021,6.442252982,5.659706326,5.32840001,5.997323765
UKENSW_SWS_TP000051,117,30,13/12/2021,6.214162504,5.629434768,5.297226162,5.964648484
UKENSW_SWS_TP000051,117,31,20/12/2021,5.689407063,5.564111229,5.229220916,5.89686875
UKENSW_SWS_TP000051,117,32,27/12/2021,5.689407063,5.401603868,5.060100969,5.738313255
UKENSW_SWS_TP000051,117,33,03/01/2022,5.392742099,5.253580412,4.916482568,5.584469985
UKENSW_SWS_TP000051,117,34,10/01/2022,5.62486606,5.304185589,4.971397525,5.636135564
UKENSW_SWS_TP000051,117,35,17/01/2022,5.62486606,5.272887455,4.942040535,5.609294689
UKENSW_SWS_TP000051,117,36,24/01/2022,5.181761962,5.076278415,4.744781567,5.410540505
UKENSW_SWS_TP000051,117,37,31/01/2022,4.738657863,5.09405066,4.760819435,5.426282043
UKENSW_SWS_TP000051,117,38,07/02/2022,5.28257421,5.353967683,5.021987085,5.687006819
UKENSW_SWS_TP000051,117,39,14/02/2022,5.826490556,5.571447874,5.240699096,5.907353931
UKENSW_SWS_TP000051,117,40,21/02/2022,5.860314205,5.59272,5.260959255,5.930250451
UKENSW_SWS_TP000051,117,41,28/02/2022,5.894137853,5.649425507,5.317629134,5.987179168
UKENSW_SWS_TP000051,117,42,07/03/2022,5.830694766,5.667259804,5.335377452,6.005000764
UKENSW_SWS_TP000051,117,43,14/03/2022,5.767251679,5.61611304,5.282122106,5.957647401
UKENSW_SWS_TP000051,117,44,21/03/2022,5.476308212,5.533800347,5.200729112,5.872075725
UKENSW_SWS_TP000051,117,45,28/03/2022,5.185364744,5.523724277,5.191240061,5.857762267
UKENSW_SWS_TP000055,118,1,24/05/2021,NA,4.691564694,4.250583236,5.129428075
UKENSW_SWS_TP000055,118,2,31/05/2021,6.302882441,4.856991387,4.494531984,5.235657684
UKENSW_SWS_TP000055,118,3,07/06/2021,6.302882441,4.909327646,4.546997904,5.287293402
UKENSW_SWS_TP000055,118,4,14/06/2021,5.148277209,4.875905724,4.517390379,5.239545517
UKENSW_SWS_TP000055,118,5,21/06/2021,3.993671977,4.819284498,4.455794663,5.178258086
UKENSW_SWS_TP000055,118,6,28/06/2021,4.294854038,4.997292591,4.634740245,5.356719738
UKENSW_SWS_TP000055,118,7,05/07/2021,4.596036099,5.156298764,4.794599438,5.515149106
UKENSW_SWS_TP000055,118,8,12/07/2021,4.465872055,5.152181233,4.790152685,5.510643357
UKENSW_SWS_TP000055,118,9,19/07/2021,4.335708011,5.215462246,4.850670158,5.573083909
UKENSW_SWS_TP000055,118,10,26/07/2021,5.186345518,5.472290064,5.111960519,5.830639133
UKENSW_SWS_TP000055,118,11,02/08/2021,6.036983024,5.732113718,5.373893345,6.093408902
UKENSW_SWS_TP000055,118,12,09/08/2021,5.898474649,5.744779857,5.385513032,6.105009909
UKENSW_SWS_TP000055,118,13,16/08/2021,5.759966273,5.756262113,5.395341579,6.116176635
UKENSW_SWS_TP000055,118,14,23/08/2021,5.378191364,5.648453404,5.288617313,6.007699214
UKENSW_SWS_TP000055,118,15,30/08/2021,4.996416455,5.534233202,5.173007988,5.895342647
UKENSW_SWS_TP000055,118,16,06/09/2021,5.688042827,5.665961995,5.307243826,6.02808787
UKENSW_SWS_TP000055,118,17,13/09/2021,6.379669199,5.823585744,5.465987168,6.18734326
UKENSW_SWS_TP000055,118,18,20/09/2021,6.141311746,5.745086052,5.387173764,6.106030259
UKENSW_SWS_TP000055,118,19,27/09/2021,5.902954292,5.627046499,5.267911716,5.987077714
UKENSW_SWS_TP000055,118,20,04/10/2021,5.770537145,5.5623048,5.203440818,5.921603381
UKENSW_SWS_TP000055,118,21,11/10/2021,5.638119998,5.519835051,5.161049692,5.87755541
UKENSW_SWS_TP000055,118,22,18/10/2021,5.198842983,5.432981884,5.069829342,5.790106681
UKENSW_SWS_TP000055,118,23,25/10/2021,4.759565967,5.366762567,4.999245313,5.724422899
UKENSW_SWS_TP000055,118,24,01/11/2021,5.26690306,5.557582925,5.193112759,5.915555917
UKENSW_SWS_TP000055,118,25,08/11/2021,5.774240153,5.696124627,5.334260808,6.056143077
UKENSW_SWS_TP000055,118,26,15/11/2021,6.139916162,5.680327052,5.322049221,6.040108288
UKENSW_SWS_TP000055,118,27,22/11/2021,6.50559217,5.648740091,5.29074974,6.011533243
UKENSW_SWS_TP000055,118,28,29/11/2021,6.598333956,5.672210058,5.315380469,6.034475825
UKENSW_SWS_TP000055,118,29,06/12/2021,6.691075742,5.701833218,5.344952498,6.064081832
UKENSW_SWS_TP000055,118,30,13/12/2021,6.657213051,5.727375535,5.369653419,6.089408305
UKENSW_SWS_TP000055,118,31,20/12/2021,6.62335036,5.758299019,5.398621194,6.122216857
UKENSW_SWS_TP000055,118,32,27/12/2021,5.525966765,5.574064591,5.21119054,5.934981246
UKENSW_SWS_TP000055,118,33,03/01/2022,4.42858317,5.399298226,5.033480751,5.756252791
UKENSW_SWS_TP000055,118,34,10/01/2022,5.114508979,5.420430062,5.058456194,5.777813494
UKENSW_SWS_TP000055,118,35,17/01/2022,5.800434787,5.383613545,5.026278551,5.743601537
UKENSW_SWS_TP000055,118,36,24/01/2022,5.824942901,5.289628192,4.932900826,5.653230671
UKENSW_SWS_TP000055,118,37,31/01/2022,5.849451015,5.341819649,4.98477389,5.704728303
UKENSW_SWS_TP000055,118,38,07/02/2022,5.562500203,5.486372532,5.127274635,5.84466018
UKENSW_SWS_TP000055,118,39,14/02/2022,5.27554939,5.606306124,5.244460086,5.963112728
UKENSW_SWS_TP000055,118,40,21/02/2022,4.945934352,5.607022153,5.243055184,5.965098382
UKENSW_SWS_TP000055,118,41,28/02/2022,4.616319314,5.610295817,5.24437692,5.968047201
UKENSW_SWS_TP000055,118,42,07/03/2022,4.730686527,5.637802614,5.272697531,5.995384201
UKENSW_SWS_TP000055,118,43,14/03/2022,4.845053739,5.607573947,5.244158367,5.967111357
UKENSW_SWS_TP000055,118,44,21/03/2022,5.143874775,5.629041995,5.268901122,5.988823852
UKENSW_SWS_TP000055,118,45,28/03/2022,5.442695811,5.660845828,5.302818959,6.021071284
UKENSW_SWS_TP000058,119,1,24/05/2021,4.491545363,4.493657538,4.082613947,4.902675193
UKENSW_SWS_TP000058,119,2,31/05/2021,4.491545363,4.426919465,4.071919573,4.77385688
UKENSW_SWS_TP000058,119,3,07/06/2021,4.82846743,4.500402909,4.147895048,4.846905427
UKENSW_SWS_TP000058,119,4,14/06/2021,5.165389497,4.631519165,4.284382839,4.982062202
UKENSW_SWS_TP000058,119,5,21/06/2021,5.1250722,4.714831557,4.363528123,5.076252326
UKENSW_SWS_TP000058,119,6,28/06/2021,5.084754903,4.853842768,4.504174018,5.210524938
UKENSW_SWS_TP000058,119,7,05/07/2021,5.07002721,4.995266343,4.647491498,5.345496672
UKENSW_SWS_TP000058,119,8,12/07/2021,5.055299516,4.963293834,4.614505693,5.31136647
UKENSW_SWS_TP000058,119,9,19/07/2021,5.138025271,5.012750662,4.662939283,5.359138367
UKENSW_SWS_TP000058,119,10,26/07/2021,5.220751025,5.242174271,4.892164576,5.588589831
UKENSW_SWS_TP000058,119,11,02/08/2021,5.466010993,5.486324746,5.136843082,5.833342333
UKENSW_SWS_TP000058,119,12,09/08/2021,5.71127096,5.549783072,5.201733155,5.897622411
UKENSW_SWS_TP000058,119,13,16/08/2021,5.749839142,5.582822106,5.234658771,5.931956869
UKENSW_SWS_TP000058,119,14,23/08/2021,5.788407324,5.461700701,5.114484121,5.810113762
UKENSW_SWS_TP000058,119,15,30/08/2021,5.41910331,5.297691759,4.946825965,5.646607241
UKENSW_SWS_TP000058,119,16,06/09/2021,5.049799296,5.40165031,5.051885858,5.748356075
UKENSW_SWS_TP000058,119,17,13/09/2021,5.049799296,5.554373961,5.205851278,5.901082991
UKENSW_SWS_TP000058,119,18,20/09/2021,5.445691242,5.530101901,5.183065791,5.878341301
UKENSW_SWS_TP000058,119,19,27/09/2021,5.309884816,5.423353963,5.075589153,5.772153478
UKENSW_SWS_TP000058,119,20,04/10/2021,5.309884816,5.36259224,5.015013835,5.710541493
UKENSW_SWS_TP000058,119,21,11/10/2021,5.300332783,5.318306465,4.970345516,5.66459671
UKENSW_SWS_TP000058,119,22,18/10/2021,5.426587176,5.314800105,4.96775588,5.661619949
UKENSW_SWS_TP000058,119,23,25/10/2021,5.770190003,5.329971808,4.984802135,5.680304643
UKENSW_SWS_TP000058,119,24,01/11/2021,6.11379283,5.490387882,5.1448162,5.843744228
UKENSW_SWS_TP000058,119,25,08/11/2021,5.703075102,5.560531331,5.214231153,5.91146202
UKENSW_SWS_TP000058,119,26,15/11/2021,5.292357374,5.477850247,5.129247895,5.825921854
UKENSW_SWS_TP000058,119,27,22/11/2021,5.092193298,5.399900363,5.047618871,5.74858985
UKENSW_SWS_TP000058,119,28,29/11/2021,4.892029221,5.414319678,5.060904688,5.761377459
UKENSW_SWS_TP000058,119,29,06/12/2021,4.995698982,5.459995189,5.10569363,5.807259116
UKENSW_SWS_TP000058,119,30,13/12/2021,5.099368742,5.481915561,5.128061537,5.830039697
UKENSW_SWS_TP000058,119,31,20/12/2021,5.099368742,5.488354228,5.135483777,5.836591708
UKENSW_SWS_TP000058,119,32,27/12/2021,5.935948818,5.412975433,5.064902488,5.766018068
UKENSW_SWS_TP000058,119,33,03/01/2022,5.555943318,5.245038414,4.898959146,5.595585553
UKENSW_SWS_TP000058,119,34,10/01/2022,5.555943318,5.25857182,4.913092115,5.607241857
UKENSW_SWS_TP000058,119,35,17/01/2022,4.910396735,5.161215929,4.813852874,5.508189745
UKENSW_SWS_TP000058,119,36,24/01/2022,4.644855652,5.030266493,4.684650486,5.378300064
UKENSW_SWS_TP000058,119,37,31/01/2022,4.851433362,5.088534307,4.742863751,5.437249135
UKENSW_SWS_TP000058,119,38,07/02/2022,5.058011071,5.296957897,4.950782237,5.644629595
UKENSW_SWS_TP000058,119,39,14/02/2022,5.201139278,5.472589152,5.126751565,5.820476953
UKENSW_SWS_TP000058,119,40,21/02/2022,5.344267484,5.478346634,5.131817404,5.827878573
UKENSW_SWS_TP000058,119,41,28/02/2022,5.349389794,5.480631495,5.132710168,5.829356978
UKENSW_SWS_TP000058,119,42,07/03/2022,5.354512104,5.46912807,5.119229759,5.81552482
UKENSW_SWS_TP000058,119,43,14/03/2022,5.399689139,5.401249303,5.049813752,5.748936462
UKENSW_SWS_TP000058,119,44,21/03/2022,5.444866173,5.402329512,5.053771685,5.750493595
UKENSW_SWS_TP000058,119,45,28/03/2022,5.444866173,5.421524032,5.074493519,5.769219517
UKENSW_SWS_TP000059,120,1,24/05/2021,NA,4.509885754,4.105282523,4.913039282
UKENSW_SWS_TP000059,120,2,31/05/2021,3.379757398,4.440165954,4.102527213,4.771625135
UKENSW_SWS_TP000059,120,3,07/06/2021,3.379757398,4.511885062,4.176187103,4.842792929
UKENSW_SWS_TP000059,120,4,14/06/2021,4.176121434,4.639755569,4.308363867,4.972934161
UKENSW_SWS_TP000059,120,5,21/06/2021,4.928776434,4.722514848,4.386748412,5.064951697
UKENSW_SWS_TP000059,120,6,28/06/2021,4.928776434,4.864897647,4.530645177,5.203723213
UKENSW_SWS_TP000059,120,7,05/07/2021,4.885067397,5.012774394,4.680912034,5.346210302
UKENSW_SWS_TP000059,120,8,12/07/2021,4.603386154,4.981946822,4.649495433,5.313583201
UKENSW_SWS_TP000059,120,9,19/07/2021,4.603386154,5.030521012,4.697355268,5.360841729
UKENSW_SWS_TP000059,120,10,26/07/2021,5.058033458,5.259542979,4.926270282,5.590021784
UKENSW_SWS_TP000059,120,11,02/08/2021,5.512680761,5.502364958,5.16944332,5.833464117
UKENSW_SWS_TP000059,120,12,09/08/2021,5.61949644,5.564305668,5.232588128,5.895874037
UKENSW_SWS_TP000059,120,13,16/08/2021,5.726312118,5.598188379,5.266425031,5.930728127
UKENSW_SWS_TP000059,120,14,23/08/2021,5.078204912,5.477253907,5.146249765,5.809026986
UKENSW_SWS_TP000059,120,15,30/08/2021,4.430097705,5.317718139,4.983290985,5.650491351
UKENSW_SWS_TP000059,120,16,06/09/2021,5.156639878,5.420878029,5.087984043,5.751492144
UKENSW_SWS_TP000059,120,17,13/09/2021,5.88318205,5.570109642,5.23828016,5.900675735
UKENSW_SWS_TP000059,120,18,20/09/2021,5.879835114,5.542461341,5.211645196,5.874195791
UKENSW_SWS_TP000059,120,19,27/09/2021,5.876488178,5.435157271,5.103500966,5.767712367
UKENSW_SWS_TP000059,120,20,04/10/2021,5.622755161,5.37535123,5.044111615,5.706940548
UKENSW_SWS_TP000059,120,21,11/10/2021,5.369022143,5.334030647,5.002719183,5.664124677
UKENSW_SWS_TP000059,120,22,18/10/2021,5.504172622,5.332501264,5.001846298,5.66296597
UKENSW_SWS_TP000059,120,23,25/10/2021,5.6393231,5.345321547,5.016164797,5.678155774
UKENSW_SWS_TP000059,120,24,01/11/2021,5.963026991,5.499318945,5.169712213,5.834535095
UKENSW_SWS_TP000059,120,25,08/11/2021,6.286730881,5.57026775,5.24003675,5.90394925
UKENSW_SWS_TP000059,120,26,15/11/2021,5.970752087,5.492198604,5.159992817,5.824244776
UKENSW_SWS_TP000059,120,27,22/11/2021,5.654773292,5.416231944,5.080771356,5.749442586
UKENSW_SWS_TP000059,120,28,29/11/2021,5.546127455,5.436009839,5.100363343,5.767438201
UKENSW_SWS_TP000059,120,29,06/12/2021,5.437481618,5.483769289,5.147501208,5.815407886
UKENSW_SWS_TP000059,120,30,13/12/2021,5.640435775,5.502375826,5.166056866,5.834976112
UKENSW_SWS_TP000059,120,31,20/12/2021,5.843389932,5.504723996,5.168981069,5.837390502
UKENSW_SWS_TP000059,120,32,27/12/2021,5.734143216,5.420060889,5.087789869,5.755614024
UKENSW_SWS_TP000059,120,33,03/01/2022,5.6248965,5.254992622,4.92493673,5.587574371
UKENSW_SWS_TP000059,120,34,10/01/2022,5.591100583,5.269383051,4.9400227,5.600878
UKENSW_SWS_TP000059,120,35,17/01/2022,5.557304666,5.175802885,4.845123797,5.506533754
UKENSW_SWS_TP000059,120,36,24/01/2022,5.482023315,5.040738611,4.711321669,5.372052055
UKENSW_SWS_TP000059,120,37,31/01/2022,5.406741963,5.097516659,4.767877161,5.429355671
UKENSW_SWS_TP000059,120,38,07/02/2022,5.692234012,5.310875094,4.981031456,5.641976345
UKENSW_SWS_TP000059,120,39,14/02/2022,5.977726061,5.4898095,5.160306725,5.821170801
UKENSW_SWS_TP000059,120,40,21/02/2022,5.707224455,5.494501362,5.163878184,5.827475902
UKENSW_SWS_TP000059,120,41,28/02/2022,5.436722849,5.500190932,5.168439609,5.832558247
UKENSW_SWS_TP000059,120,42,07/03/2022,4.910886593,5.49344411,5.160707984,5.82366908
UKENSW_SWS_TP000059,120,43,14/03/2022,4.385050336,5.426170385,5.091896319,5.757795722
UKENSW_SWS_TP000059,120,44,21/03/2022,4.75598718,5.42015068,5.087948954,5.752024665
UKENSW_SWS_TP000059,120,45,28/03/2022,5.126924023,5.434863623,5.104058385,5.765982765
UKENSW_SWS_TP000064,121,1,24/05/2021,5.391310839,5.079531001,4.674958513,5.48428817
UKENSW_SWS_TP000064,121,2,31/05/2021,5.391310839,5.028798982,4.686552596,5.37351995
UKENSW_SWS_TP000064,121,3,07/06/2021,5.714186061,5.099506073,4.757710022,5.445957372
UKENSW_SWS_TP000064,121,4,14/06/2021,6.037061282,5.199129025,4.856701211,5.550145672
UKENSW_SWS_TP000064,121,5,21/06/2021,5.612979143,5.229244296,4.886032049,5.577108619
UKENSW_SWS_TP000064,121,6,28/06/2021,5.188897003,5.369303173,5.02522019,5.71332154
UKENSW_SWS_TP000064,121,7,05/07/2021,5.4916905,5.589216397,5.246654544,5.933031733
UKENSW_SWS_TP000064,121,8,12/07/2021,5.794483997,5.621005123,5.279389931,5.967727271
UKENSW_SWS_TP000064,121,9,19/07/2021,6.005460614,5.68308906,5.341674703,6.03048849
UKENSW_SWS_TP000064,121,10,26/07/2021,6.21643723,5.885366579,5.543959854,6.230151809
UKENSW_SWS_TP000064,121,11,02/08/2021,6.521861124,6.094346493,5.751994775,6.438518773
UKENSW_SWS_TP000064,121,12,09/08/2021,6.827285018,6.162586915,5.820851007,6.508438861
UKENSW_SWS_TP000064,121,13,16/08/2021,6.560761201,6.138953743,5.794148392,6.4850153
UKENSW_SWS_TP000064,121,14,23/08/2021,6.294237383,6.048746869,5.707478784,6.394991652
UKENSW_SWS_TP000064,121,15,30/08/2021,6.207142884,5.972172527,5.628939788,6.324753598
UKENSW_SWS_TP000064,121,16,06/09/2021,6.120048384,6.038093342,5.696456073,6.384328931
UKENSW_SWS_TP000064,121,17,13/09/2021,6.018363499,6.112974724,5.769133795,6.455147501
UKENSW_SWS_TP000064,121,18,20/09/2021,5.916678614,6.030587144,5.685943894,6.372274556
UKENSW_SWS_TP000064,121,19,27/09/2021,5.61190683,5.912002585,5.564956661,6.253560707
UKENSW_SWS_TP000064,121,20,04/10/2021,5.307135046,5.832829669,5.482616815,6.174274343
UKENSW_SWS_TP000064,121,21,11/10/2021,6.013051013,5.878809859,5.534519737,6.22019778
UKENSW_SWS_TP000064,121,22,18/10/2021,6.71896698,5.947970105,5.606546629,6.29308561
UKENSW_SWS_TP000064,121,23,25/10/2021,6.022613225,5.881899118,5.536850749,6.223615575
UKENSW_SWS_TP000064,121,24,01/11/2021,5.326259469,5.898290723,5.542503893,6.2414054
UKENSW_SWS_TP000064,121,25,08/11/2021,5.326259469,5.971605002,5.61504012,6.314996974
UKENSW_SWS_TP000064,121,26,15/11/2021,NA,6.006446694,5.634383815,6.374271025
UKENSW_SWS_TP000064,121,27,22/11/2021,5.895964163,5.949980894,5.59502671,6.302838924
UKENSW_SWS_TP000064,121,28,29/11/2021,5.895964163,6.010549676,5.6669752,6.353011427
UKENSW_SWS_TP000064,121,29,06/12/2021,6.027384922,6.073585386,5.730660141,6.416788465
UKENSW_SWS_TP000064,121,30,13/12/2021,6.158805681,6.037844312,5.694131951,6.380446015
UKENSW_SWS_TP000064,121,31,20/12/2021,6.158805681,5.976948712,5.63195688,6.31854307
UKENSW_SWS_TP000064,121,32,27/12/2021,NA,5.846313213,5.471852847,6.214801824
UKENSW_SWS_TP000064,121,33,03/01/2022,5.483096562,5.770127837,5.427598563,6.112135066
UKENSW_SWS_TP000064,121,34,10/01/2022,5.483096562,5.756483409,5.413882901,6.098023959
UKENSW_SWS_TP000064,121,35,17/01/2022,5.286655856,5.679832938,5.337480588,6.021866708
UKENSW_SWS_TP000064,121,36,24/01/2022,5.090215149,5.484119428,5.140049772,5.825196243
UKENSW_SWS_TP000064,121,37,31/01/2022,5.290364942,5.518099099,5.174395275,5.860422573
UKENSW_SWS_TP000064,121,38,07/02/2022,5.490514734,5.754473452,5.410164978,6.095573057
UKENSW_SWS_TP000064,121,39,14/02/2022,5.314838002,5.931268913,5.584467008,6.271517695
UKENSW_SWS_TP000064,121,40,21/02/2022,5.139161269,5.970930131,5.62246164,6.311975702
UKENSW_SWS_TP000064,121,41,28/02/2022,5.87061268,6.103995896,5.761648109,6.446331182
UKENSW_SWS_TP000064,121,42,07/03/2022,6.60206409,6.155616031,5.814485224,6.503777355
UKENSW_SWS_TP000064,121,43,14/03/2022,6.60206409,6.106351618,5.763014914,6.458560072
UKENSW_SWS_TP000064,121,44,21/03/2022,5.547092113,5.983718841,5.640561329,6.327507062
UKENSW_SWS_TP000064,121,45,28/03/2022,5.547092113,6.006135287,5.663936681,6.348876725
UKENSW_SWS_TP000075,122,1,24/05/2021,NA,4.59817747,4.164368012,5.028855301
UKENSW_SWS_TP000075,122,2,31/05/2021,4.753369133,4.524228158,4.177048262,4.867549617
UKENSW_SWS_TP000075,122,3,07/06/2021,4.753369133,4.581482582,4.233299064,4.924872534
UKENSW_SWS_TP000075,122,4,14/06/2021,4.389283376,4.657794728,4.308355303,5.0009058
UKENSW_SWS_TP000075,122,5,21/06/2021,4.451279692,4.72821749,4.381080207,5.072475931
UKENSW_SWS_TP000075,122,6,28/06/2021,4.451279692,4.889967397,4.543195603,5.234766195
UKENSW_SWS_TP000075,122,7,05/07/2021,4.877361765,5.107602328,4.76307109,5.453567825
UKENSW_SWS_TP000075,122,8,12/07/2021,4.845202971,5.091613453,4.746326712,5.436191425
UKENSW_SWS_TP000075,122,9,19/07/2021,4.845202971,5.128755165,4.781229867,5.471497396
UKENSW_SWS_TP000075,122,10,26/07/2021,5.107460475,5.351499588,5.004198487,5.694411057
UKENSW_SWS_TP000075,122,11,02/08/2021,5.369717979,5.579961089,5.232640223,5.923278497
UKENSW_SWS_TP000075,122,12,09/08/2021,5.543544464,5.650911142,5.304859124,5.994822799
UKENSW_SWS_TP000075,122,13,16/08/2021,5.717370949,5.695350748,5.350642622,6.040174101
UKENSW_SWS_TP000075,122,14,23/08/2021,5.53748814,5.581024533,5.23754606,5.92656094
UKENSW_SWS_TP000075,122,15,30/08/2021,5.35760533,5.461198216,5.116283923,5.80940984
UKENSW_SWS_TP000075,122,16,06/09/2021,5.555888938,5.549404239,5.205522128,5.895428294
UKENSW_SWS_TP000075,122,17,13/09/2021,5.754172546,5.654911469,5.310834924,5.999144498
UKENSW_SWS_TP000075,122,18,20/09/2021,5.641720461,5.597167672,5.252050751,5.941359288
UKENSW_SWS_TP000075,122,19,27/09/2021,5.529268375,5.492975156,5.147103199,5.8377452
UKENSW_SWS_TP000075,122,20,04/10/2021,5.70488037,5.445297314,5.101040299,5.789938872
UKENSW_SWS_TP000075,122,21,11/10/2021,5.880492365,5.434037854,5.090025343,5.778777285
UKENSW_SWS_TP000075,122,22,18/10/2021,5.571108193,5.438632884,5.092934616,5.782629908
UKENSW_SWS_TP000075,122,23,25/10/2021,5.261724021,5.411843967,5.066111794,5.755263856
UKENSW_SWS_TP000075,122,24,01/11/2021,5.417817623,5.51100794,5.164645995,5.854595372
UKENSW_SWS_TP000075,122,25,08/11/2021,5.573911225,5.592757532,5.246723062,5.936592469
UKENSW_SWS_TP000075,122,26,15/11/2021,5.638936537,5.567154768,5.219499709,5.913753474
UKENSW_SWS_TP000075,122,27,22/11/2021,5.703961848,5.509752458,5.159467695,5.859814749
UKENSW_SWS_TP000075,122,28,29/11/2021,5.823175442,5.578704134,5.235018,5.92434747
UKENSW_SWS_TP000075,122,29,06/12/2021,5.942389035,5.640318712,5.297076665,5.98736631
UKENSW_SWS_TP000075,122,30,13/12/2021,6.006444658,5.615861619,5.272102864,5.962207624
UKENSW_SWS_TP000075,122,31,20/12/2021,6.070500281,5.568721643,5.224534192,5.913715081
UKENSW_SWS_TP000075,122,32,27/12/2021,4.613284237,5.369525252,5.013657939,5.715992342
UKENSW_SWS_TP000075,122,33,03/01/2022,3.156068192,5.16768487,4.798288558,5.51614705
UKENSW_SWS_TP000075,122,34,10/01/2022,4.239935722,5.248988426,4.896155946,5.591810386
UKENSW_SWS_TP000075,122,35,17/01/2022,5.323803251,5.262420133,4.919503173,5.607872455
UKENSW_SWS_TP000075,122,36,24/01/2022,5.322627247,5.108601199,4.7660073,5.455535669
UKENSW_SWS_TP000075,122,37,31/01/2022,5.321451242,5.135314007,4.791906323,5.481175282
UKENSW_SWS_TP000075,122,38,07/02/2022,5.711981876,5.378583977,5.036035596,5.725133484
UKENSW_SWS_TP000075,122,39,14/02/2022,6.102512509,5.593604814,5.251539557,5.943563146
UKENSW_SWS_TP000075,122,40,21/02/2022,5.979474288,5.617578795,5.27433777,5.968944374
UKENSW_SWS_TP000075,122,41,28/02/2022,5.856436067,5.661835345,5.318499809,6.011934614
UKENSW_SWS_TP000075,122,42,07/03/2022,5.976579312,5.679449563,5.335992132,6.030279128
UKENSW_SWS_TP000075,122,43,14/03/2022,6.096722557,5.64006584,5.293566083,5.997399379
UKENSW_SWS_TP000075,122,44,21/03/2022,5.9875814,5.57587188,5.230882182,5.93000041
UKENSW_SWS_TP000075,122,45,28/03/2022,5.878440242,5.562676541,5.219625677,5.910889305
UKENSW_WXW_TP000004,123,1,24/05/2021,NA,3.623777012,3.184419344,4.061833539
UKENSW_WXW_TP000004,123,2,31/05/2021,3.7413082,3.67806004,3.337218948,4.020732723
UKENSW_WXW_TP000004,123,3,07/06/2021,3.7413082,3.717131871,3.375774327,4.058561392
UKENSW_WXW_TP000004,123,4,14/06/2021,3.742497108,3.862300806,3.520989752,4.203703477
UKENSW_WXW_TP000004,123,5,21/06/2021,3.743686016,3.98530985,3.644793313,4.327873459
UKENSW_WXW_TP000004,123,6,28/06/2021,4.153755648,4.142036053,3.802081933,4.485507172
UKENSW_WXW_TP000004,123,7,05/07/2021,4.56382528,4.275902621,3.935837005,4.619594588
UKENSW_WXW_TP000004,123,8,12/07/2021,4.439009172,4.248312993,3.907641226,4.59079023
UKENSW_WXW_TP000004,123,9,19/07/2021,4.314193063,4.253926699,3.912642799,4.595327758
UKENSW_WXW_TP000004,123,10,26/07/2021,4.643462454,4.491000181,4.149776982,4.83238905
UKENSW_WXW_TP000004,123,11,02/08/2021,4.972731845,4.731280495,4.388181349,5.072798534
UKENSW_WXW_TP000004,123,12,09/08/2021,4.907883918,4.737150987,4.39402349,5.078239182
UKENSW_WXW_TP000004,123,13,16/08/2021,4.84303599,4.740955197,4.396298435,5.082488531
UKENSW_WXW_TP000004,123,14,23/08/2021,4.313029686,4.612409753,4.26904669,4.952165639
UKENSW_WXW_TP000004,123,15,30/08/2021,3.783023381,4.502608912,4.156483665,4.842365193
UKENSW_WXW_TP000004,123,16,06/09/2021,4.403173923,4.661669762,4.319949832,5.002573937
UKENSW_WXW_TP000004,123,17,13/09/2021,5.023324465,4.828034926,4.487903956,5.171822021
UKENSW_WXW_TP000004,123,18,20/09/2021,4.66668651,4.614886829,4.274699831,4.957186866
UKENSW_WXW_TP000004,123,19,27/09/2021,4.310048554,4.410318936,4.068550627,4.750994405
UKENSW_WXW_TP000004,123,20,04/10/2021,4.665674755,4.438198715,4.09851525,4.781288154
UKENSW_WXW_TP000004,123,21,11/10/2021,5.021300956,4.498620251,4.159282453,4.842467369
UKENSW_WXW_TP000004,123,22,18/10/2021,4.826572475,4.46953218,4.129515883,4.812048666
UKENSW_WXW_TP000004,123,23,25/10/2021,4.631843993,4.450618739,4.109538487,4.791963971
UKENSW_WXW_TP000004,123,24,01/11/2021,4.900202859,4.561049192,4.220378249,4.903112555
UKENSW_WXW_TP000004,123,25,08/11/2021,5.168561725,4.676576172,4.335760154,5.019358047
UKENSW_WXW_TP000004,123,26,15/11/2021,4.576418068,4.527945362,4.184335106,4.86807886
UKENSW_WXW_TP000004,123,27,22/11/2021,3.98427441,4.366527284,4.017751866,4.706153748
UKENSW_WXW_TP000004,123,28,29/11/2021,4.265182162,4.412463031,4.067246974,4.751932274
UKENSW_WXW_TP000004,123,29,06/12/2021,4.546089914,4.48304115,4.140403851,4.822902584
UKENSW_WXW_TP000004,123,30,13/12/2021,4.683477049,4.4725428,4.132541894,4.815141321
UKENSW_WXW_TP000004,123,31,20/12/2021,4.820864184,4.479967688,4.140677921,4.826337176
UKENSW_WXW_TP000004,123,32,27/12/2021,4.800795884,4.491135551,4.151395647,4.835237664
UKENSW_WXW_TP000004,123,33,03/01/2022,4.780727584,4.452520072,4.112022901,4.793923402
UKENSW_WXW_TP000004,123,34,10/01/2022,4.71701629,4.379332833,4.039893243,4.722487063
UKENSW_WXW_TP000004,123,35,17/01/2022,4.653304996,4.272761426,3.93383663,4.619505254
UKENSW_WXW_TP000004,123,36,24/01/2022,3.57081586,4.107168724,3.765879212,4.448456115
UKENSW_WXW_TP000004,123,37,31/01/2022,2.488326723,4.025765824,3.671572213,4.366121252
UKENSW_WXW_TP000004,123,38,07/02/2022,3.440228413,4.273348254,3.924750663,4.612679938
UKENSW_WXW_TP000004,123,39,14/02/2022,4.392130102,4.495798488,4.15341043,4.835973973
UKENSW_WXW_TP000004,123,40,21/02/2022,4.710049537,4.642512001,4.302617989,4.985443356
UKENSW_WXW_TP000004,123,41,28/02/2022,5.027968972,4.78711687,4.447769703,5.13209913
UKENSW_WXW_TP000004,123,42,07/03/2022,4.560952475,4.738892551,4.397960473,5.080256234
UKENSW_WXW_TP000004,123,43,14/03/2022,4.093935978,4.686563811,4.342979997,5.026700293
UKENSW_WXW_TP000004,123,44,21/03/2022,4.167167805,4.656244087,4.314194208,4.996783735
UKENSW_WXW_TP000004,123,45,28/03/2022,4.240399632,4.674785597,4.332455093,5.014659155
UKENSW_WXW_TP000005,124,1,24/05/2021,NA,4.709653556,4.269477192,5.148256099
UKENSW_WXW_TP000005,124,2,31/05/2021,4.729654876,4.767622784,4.426682007,5.111018346
UKENSW_WXW_TP000005,124,3,07/06/2021,4.729654876,4.806982888,4.465305655,5.148870589
UKENSW_WXW_TP000005,124,4,14/06/2021,5.096033204,4.962684212,4.622315185,5.305359837
UKENSW_WXW_TP000005,124,5,21/06/2021,5.462411531,5.092976513,4.753509206,5.438460275
UKENSW_WXW_TP000005,124,6,28/06/2021,5.473924483,5.238750524,4.899293465,5.583521552
UKENSW_WXW_TP000005,124,7,05/07/2021,5.485437434,5.35681167,5.016602262,5.699661565
UKENSW_WXW_TP000005,124,8,12/07/2021,5.203303458,5.315567337,4.973429989,5.65640186
UKENSW_WXW_TP000005,124,9,19/07/2021,4.921169482,5.306659063,4.961940439,5.646527566
UKENSW_WXW_TP000005,124,10,26/07/2021,5.66926845,5.571013408,5.228587983,5.911877433
UKENSW_WXW_TP000005,124,11,02/08/2021,6.417367418,5.834349107,5.491822011,6.177013228
UKENSW_WXW_TP000005,124,12,09/08/2021,6.164377245,5.829909811,5.486732448,6.171485934
UKENSW_WXW_TP000005,124,13,16/08/2021,5.911387071,5.816499182,5.47087992,6.158072568
UKENSW_WXW_TP000005,124,14,23/08/2021,5.492358404,5.694703785,5.35059969,6.034800593
UKENSW_WXW_TP000005,124,15,30/08/2021,5.073329736,5.605166639,5.257821992,5.945084123
UKENSW_WXW_TP000005,124,16,06/09/2021,5.619726382,5.754339068,5.412165759,6.09559754
UKENSW_WXW_TP000005,124,17,13/09/2021,6.166123028,5.915473018,5.574988125,6.260175624
UKENSW_WXW_TP000005,124,18,20/09/2021,5.930215713,5.714366817,5.374580556,6.05841299
UKENSW_WXW_TP000005,124,19,27/09/2021,5.694308398,5.516800786,5.176335347,5.859813004
UKENSW_WXW_TP000005,124,20,04/10/2021,5.479372403,5.513670553,5.173012329,5.855555359
UKENSW_WXW_TP000005,124,21,11/10/2021,5.264436408,5.546630682,5.203026967,5.886754852
UKENSW_WXW_TP000005,124,22,18/10/2021,5.474291968,5.540469146,5.197687803,5.881129799
UKENSW_WXW_TP000005,124,23,25/10/2021,5.684147528,5.540435497,5.198736239,5.881539771
UKENSW_WXW_TP000005,124,24,01/11/2021,5.684944764,5.64229262,5.30026868,5.983683111
UKENSW_WXW_TP000005,124,25,08/11/2021,5.685741999,5.75017655,5.40693071,6.092105404
UKENSW_WXW_TP000005,124,26,15/11/2021,5.5559877,5.616427277,5.272163187,5.957115432
UKENSW_WXW_TP000005,124,27,22/11/2021,5.4262334,5.472676977,5.126304475,5.812779652
UKENSW_WXW_TP000005,124,28,29/11/2021,5.302395869,5.503255356,5.156937243,5.843711075
UKENSW_WXW_TP000005,124,29,06/12/2021,5.178558337,5.555609574,5.209369721,5.896170185
UKENSW_WXW_TP000005,124,30,13/12/2021,5.27044095,5.534368641,5.19228172,5.876354602
UKENSW_WXW_TP000005,124,31,20/12/2021,5.362323562,5.527589812,5.187897672,5.87146387
UKENSW_WXW_TP000005,124,32,27/12/2021,5.35910735,5.536939715,5.196053508,5.879488984
UKENSW_WXW_TP000005,124,33,03/01/2022,5.355891138,5.507402003,5.165359621,5.847614528
UKENSW_WXW_TP000005,124,34,10/01/2022,5.42317003,5.441059463,5.100890637,5.783035511
UKENSW_WXW_TP000005,124,35,17/01/2022,5.490448921,5.349299652,5.010195078,5.69468482
UKENSW_WXW_TP000005,124,36,24/01/2022,5.566215802,5.237857069,4.898530617,5.583289042
UKENSW_WXW_TP000005,124,37,31/01/2022,5.641982682,5.199799514,4.858232396,5.542960056
UKENSW_WXW_TP000005,124,38,07/02/2022,5.467190452,5.39064266,5.047400852,5.731328639
UKENSW_WXW_TP000005,124,39,14/02/2022,5.292398221,5.558912334,5.214919874,5.898627582
UKENSW_WXW_TP000005,124,40,21/02/2022,5.56567029,5.701382237,5.360189134,6.043201605
UKENSW_WXW_TP000005,124,41,28/02/2022,5.838942358,5.849830621,5.509990825,6.192898895
UKENSW_WXW_TP000005,124,42,07/03/2022,5.807972702,5.825350104,5.484361152,6.167328805
UKENSW_WXW_TP000005,124,43,14/03/2022,5.777003046,5.794504612,5.45232506,6.136615216
UKENSW_WXW_TP000005,124,44,21/03/2022,5.978094324,5.772691124,5.432119621,6.116713098
UKENSW_WXW_TP000005,124,45,28/03/2022,6.179185601,5.801379477,5.460997714,6.145515492
UKENSW_WXW_TP000038,125,1,24/05/2021,NA,4.392669359,3.950270814,4.833183402
UKENSW_WXW_TP000038,125,2,31/05/2021,5.078979892,4.462276136,4.10827819,4.826888458
UKENSW_WXW_TP000038,125,3,07/06/2021,5.078979892,4.567200637,4.216610455,4.928884648
UKENSW_WXW_TP000038,125,4,14/06/2021,4.857402053,4.63689929,4.286487069,4.992636393
UKENSW_WXW_TP000038,125,5,21/06/2021,4.635824214,4.730406846,4.378999214,5.083764846
UKENSW_WXW_TP000038,125,6,28/06/2021,4.852736625,4.87843489,4.527413436,5.232773799
UKENSW_WXW_TP000038,125,7,05/07/2021,5.069649036,5.001825861,4.65082805,5.356818935
UKENSW_WXW_TP000038,125,8,12/07/2021,4.964656371,4.985914956,4.634340141,5.339631472
UKENSW_WXW_TP000038,125,9,19/07/2021,4.859663706,5.014978236,4.662139358,5.367034234
UKENSW_WXW_TP000038,125,10,26/07/2021,5.133722546,5.23051693,4.875664266,5.581924737
UKENSW_WXW_TP000038,125,11,02/08/2021,5.407781386,5.415658069,5.059274991,5.767132602
UKENSW_WXW_TP000038,125,12,09/08/2021,5.258293848,5.422992362,5.066806618,5.773819821
UKENSW_WXW_TP000038,125,13,16/08/2021,5.10880631,5.459930384,5.101510727,5.810882894
UKENSW_WXW_TP000038,125,14,23/08/2021,5.293707192,5.364600673,5.011500874,5.71627564
UKENSW_WXW_TP000038,125,15,30/08/2021,5.478608073,5.406817486,5.056031718,5.761482968
UKENSW_WXW_TP000038,125,16,06/09/2021,5.571954585,5.407477178,5.056109044,5.761175331
UKENSW_WXW_TP000038,125,17,13/09/2021,5.665301097,5.435811557,5.084118132,5.788777296
UKENSW_WXW_TP000038,125,18,20/09/2021,5.507056674,5.335793874,4.984697729,5.689377687
UKENSW_WXW_TP000038,125,19,27/09/2021,5.348812251,5.229013419,4.877689441,5.582613326
UKENSW_WXW_TP000038,125,20,04/10/2021,5.245189373,5.207721442,4.853970086,5.55912488
UKENSW_WXW_TP000038,125,21,11/10/2021,5.141566494,5.225904947,4.868903032,5.576704807
UKENSW_WXW_TP000038,125,22,18/10/2021,5.370086016,5.229723558,4.875000233,5.581745301
UKENSW_WXW_TP000038,125,23,25/10/2021,5.598605537,5.262526688,4.910373457,5.616647675
UKENSW_WXW_TP000038,125,24,01/11/2021,5.259950661,5.288152325,4.934425125,5.640229208
UKENSW_WXW_TP000038,125,25,08/11/2021,4.921295785,5.275968448,4.91897013,5.626421317
UKENSW_WXW_TP000038,125,26,15/11/2021,4.817266809,5.218331552,4.860311932,5.568819577
UKENSW_WXW_TP000038,125,27,22/11/2021,4.713237832,5.180843226,4.821447307,5.531457699
UKENSW_WXW_TP000038,125,28,29/11/2021,4.897785518,5.215737126,4.858966,5.565988106
UKENSW_WXW_TP000038,125,29,06/12/2021,5.082333204,5.22670327,4.872496397,5.577519372
UKENSW_WXW_TP000038,125,30,13/12/2021,5.249624043,5.172459477,4.819700779,5.524750715
UKENSW_WXW_TP000038,125,31,20/12/2021,5.416914881,5.112131907,4.754462524,5.472959467
UKENSW_WXW_TP000038,125,32,27/12/2021,5.448618564,5.154829989,4.801864022,5.51256743
UKENSW_WXW_TP000038,125,33,03/01/2022,5.480322247,5.150891349,4.800415157,5.506899945
UKENSW_WXW_TP000038,125,34,10/01/2022,5.217364315,5.017848092,4.666443077,5.371841784
UKENSW_WXW_TP000038,125,35,17/01/2022,4.954406383,4.897740511,4.54513915,5.250183725
UKENSW_WXW_TP000038,125,36,24/01/2022,4.979386571,4.886435453,4.535025301,5.240211267
UKENSW_WXW_TP000038,125,37,31/01/2022,5.004366759,4.93315799,4.58203836,5.28923924
UKENSW_WXW_TP000038,125,38,07/02/2022,5.003270165,5.092580681,4.740988649,5.44653483
UKENSW_WXW_TP000038,125,39,14/02/2022,5.002173571,5.27126575,4.918051456,5.622665513
UKENSW_WXW_TP000038,125,40,21/02/2022,5.276440683,5.390566749,5.038413871,5.743298805
UKENSW_WXW_TP000038,125,41,28/02/2022,5.550707794,5.476288785,5.125168069,5.831124944
UKENSW_WXW_TP000038,125,42,07/03/2022,5.191334725,5.486075045,5.132601407,5.837528983
UKENSW_WXW_TP000038,125,43,14/03/2022,4.831961656,5.452988206,5.094771236,5.80379905
UKENSW_WXW_TP000038,125,44,21/03/2022,5.20180142,5.392889021,5.038721379,5.744369985
UKENSW_WXW_TP000038,125,45,28/03/2022,5.571641183,5.391788012,5.03932641,5.744061743
UKENSW_WXW_TP000086,126,1,24/05/2021,NA,4.455818361,4.019242028,4.890500145
UKENSW_WXW_TP000086,126,2,31/05/2021,4.369170902,4.419400721,4.067046402,4.771248644
UKENSW_WXW_TP000086,126,3,07/06/2021,4.369170902,4.470196977,4.117570088,4.821604128
UKENSW_WXW_TP000086,126,4,14/06/2021,3.952437991,4.551796002,4.196402732,4.901533015
UKENSW_WXW_TP000086,126,5,21/06/2021,3.535705079,4.595019018,4.234502212,4.944929206
UKENSW_WXW_TP000086,126,6,28/06/2021,4.343181293,4.798343048,4.444125087,5.149113809
UKENSW_WXW_TP000086,126,7,05/07/2021,5.150657507,5.021765456,4.670940388,5.375253453
UKENSW_WXW_TP000086,126,8,12/07/2021,5.121407014,5.027175431,4.676606434,5.381364884
UKENSW_WXW_TP000086,126,9,19/07/2021,5.092156521,5.079089571,4.728815625,5.432490217
UKENSW_WXW_TP000086,126,10,26/07/2021,5.118643353,5.269301729,4.915888128,5.619954174
UKENSW_WXW_TP000086,126,11,02/08/2021,5.145130185,5.461221054,5.101332287,5.812373448
UKENSW_WXW_TP000086,126,12,09/08/2021,5.299703644,5.502259346,5.144596561,5.852894315
UKENSW_WXW_TP000086,126,13,16/08/2021,5.454277103,5.483844507,5.124181042,5.838091281
UKENSW_WXW_TP000086,126,14,23/08/2021,5.053008363,5.399711709,5.046873481,5.750474391
UKENSW_WXW_TP000086,126,15,30/08/2021,4.651739623,5.319788217,4.967010799,5.672535217
UKENSW_WXW_TP000086,126,16,06/09/2021,5.072761312,5.424571171,5.072367152,5.77604657
UKENSW_WXW_TP000086,126,17,13/09/2021,5.493783,5.537796573,5.184614281,5.888523542
UKENSW_WXW_TP000086,126,18,20/09/2021,5.507861044,5.436753103,5.085205921,5.78826667
UKENSW_WXW_TP000086,126,19,27/09/2021,5.521939087,5.321014366,4.970471566,5.673719704
UKENSW_WXW_TP000086,126,20,04/10/2021,5.442358569,5.264566105,4.912845572,5.616046982
UKENSW_WXW_TP000086,126,21,11/10/2021,5.362778051,5.269587227,4.916270143,5.619751048
UKENSW_WXW_TP000086,126,22,18/10/2021,5.293530095,5.293623278,4.938780703,5.644267899
UKENSW_WXW_TP000086,126,23,25/10/2021,5.224282138,5.26612877,4.910172803,5.616352326
UKENSW_WXW_TP000086,126,24,01/11/2021,5.325224132,5.326355363,4.968994253,5.676424111
UKENSW_WXW_TP000086,126,25,08/11/2021,5.426166125,5.410342988,5.053155297,5.760556215
UKENSW_WXW_TP000086,126,26,15/11/2021,5.614184479,5.395180075,5.039441009,5.750454374
UKENSW_WXW_TP000086,126,27,22/11/2021,5.802202832,5.330755045,4.978598769,5.687127179
UKENSW_WXW_TP000086,126,28,29/11/2021,5.961094969,5.386516704,5.037407303,5.741106916
UKENSW_WXW_TP000086,126,29,06/12/2021,6.119987105,5.447600092,5.098644537,5.803105113
UKENSW_WXW_TP000086,126,30,13/12/2021,5.880656517,5.406786722,5.057031134,5.760500416
UKENSW_WXW_TP000086,126,31,20/12/2021,5.641325929,5.361320377,5.010863352,5.713616645
UKENSW_WXW_TP000086,126,32,27/12/2021,5.432354798,5.28404129,4.928795593,5.639860247
UKENSW_WXW_TP000086,126,33,03/01/2022,5.223383667,5.228674082,4.878280401,5.580362961
UKENSW_WXW_TP000086,126,34,10/01/2022,5.417967744,5.185716511,4.835421825,5.538434468
UKENSW_WXW_TP000086,126,35,17/01/2022,5.612551821,5.099805909,4.750816347,5.455503907
UKENSW_WXW_TP000086,126,36,24/01/2022,5.110385848,4.929810926,4.579825303,5.286284461
UKENSW_WXW_TP000086,126,37,31/01/2022,4.608219874,4.912287869,4.560631361,5.265840777
UKENSW_WXW_TP000086,126,38,07/02/2022,4.997434825,5.138144675,4.786300155,5.489353752
UKENSW_WXW_TP000086,126,39,14/02/2022,5.386649776,5.326568086,4.974929378,5.677354472
UKENSW_WXW_TP000086,126,40,21/02/2022,5.413648795,5.407352942,5.056266435,5.759324417
UKENSW_WXW_TP000086,126,41,28/02/2022,5.440647813,5.527524834,5.177187098,5.879539328
UKENSW_WXW_TP000086,126,42,07/03/2022,5.288583567,5.534994915,5.184501492,5.88741811
UKENSW_WXW_TP000086,126,43,14/03/2022,5.13651932,5.481409135,5.130000881,5.836241316
UKENSW_WXW_TP000086,126,44,21/03/2022,5.623723152,5.438718542,5.087928099,5.797819924
UKENSW_WXW_TP000086,126,45,28/03/2022,6.110926983,5.477514934,5.127408259,5.838990566
UKENSW_WXW_TP000100,127,1,24/05/2021,NA,4.501120088,4.063894001,4.936425456
UKENSW_WXW_TP000100,127,2,31/05/2021,3.725560857,4.453011304,4.099599239,4.798113667
UKENSW_WXW_TP000100,127,3,07/06/2021,3.725560857,4.500331446,4.146050515,4.845035048
UKENSW_WXW_TP000100,127,4,14/06/2021,4.236372348,4.641779075,4.291535345,4.986412789
UKENSW_WXW_TP000100,127,5,21/06/2021,4.747183838,4.761624199,4.414760085,5.108242288
UKENSW_WXW_TP000100,127,6,28/06/2021,4.770980082,4.928493582,4.581859184,5.275133064
UKENSW_WXW_TP000100,127,7,05/07/2021,4.794776326,5.08791971,4.740683724,5.433703568
UKENSW_WXW_TP000100,127,8,12/07/2021,5.000818812,5.089600837,4.743423444,5.436362256
UKENSW_WXW_TP000100,127,9,19/07/2021,5.206861298,5.131480631,4.785781979,5.478956043
UKENSW_WXW_TP000100,127,10,26/07/2021,5.506029866,5.347431698,5.000824291,5.693903048
UKENSW_WXW_TP000100,127,11,02/08/2021,5.805198433,5.561905361,5.2128401,5.908096167
UKENSW_WXW_TP000100,127,12,09/08/2021,5.541473412,5.563076228,5.212025219,5.908498679
UKENSW_WXW_TP000100,127,13,16/08/2021,5.277748391,5.545684408,5.190859794,5.892112655
UKENSW_WXW_TP000100,127,14,23/08/2021,5.558670758,5.475884855,5.129720604,5.822529035
UKENSW_WXW_TP000100,127,15,30/08/2021,5.839593124,5.41649308,5.069656007,5.771250626
UKENSW_WXW_TP000100,127,16,06/09/2021,5.773416101,5.525716546,5.180526485,5.875129353
UKENSW_WXW_TP000100,127,17,13/09/2021,5.707239078,5.640598912,5.293651505,5.987294398
UKENSW_WXW_TP000100,127,18,20/09/2021,5.561936538,5.494064983,5.148428069,5.840968319
UKENSW_WXW_TP000100,127,19,27/09/2021,5.416633997,5.344648302,4.999438676,5.692108429
UKENSW_WXW_TP000100,127,20,04/10/2021,5.225189714,5.31155671,4.965263909,5.657717935
UKENSW_WXW_TP000100,127,21,11/10/2021,5.033745431,5.318130735,4.968132337,5.662833259
UKENSW_WXW_TP000100,127,22,18/10/2021,5.196616963,5.324007513,4.973926513,5.669161744
UKENSW_WXW_TP000100,127,23,25/10/2021,5.359488494,5.320810607,4.972313074,5.666100954
UKENSW_WXW_TP000100,127,24,01/11/2021,5.638882462,5.420061436,5.072601922,5.765906126
UKENSW_WXW_TP000100,127,25,08/11/2021,5.918276429,5.525909494,5.179148475,5.872647011
UKENSW_WXW_TP000100,127,26,15/11/2021,5.65666631,5.434277826,5.087106587,5.781180752
UKENSW_WXW_TP000100,127,27,22/11/2021,5.395056191,5.320736472,4.973526224,5.667002323
UKENSW_WXW_TP000100,127,28,29/11/2021,5.217468055,5.347179243,4.999691325,5.692304853
UKENSW_WXW_TP000100,127,29,06/12/2021,5.039879919,5.398650131,5.049822243,5.742869954
UKENSW_WXW_TP000100,127,30,13/12/2021,5.152713838,5.386744906,5.039389527,5.731719278
UKENSW_WXW_TP000100,127,31,20/12/2021,5.265547757,5.383628285,5.037565756,5.72970713
UKENSW_WXW_TP000100,127,32,27/12/2021,5.428868039,5.361909234,5.014964115,5.709493627
UKENSW_WXW_TP000100,127,33,03/01/2022,5.59218832,5.331332078,4.986796041,5.678917186
UKENSW_WXW_TP000100,127,34,10/01/2022,5.432584315,5.25652766,4.911702796,5.603735363
UKENSW_WXW_TP000100,127,35,17/01/2022,5.272980309,5.146181724,4.80205756,5.495174794
UKENSW_WXW_TP000100,127,36,24/01/2022,5.264965362,5.006245274,4.661570011,5.358787545
UKENSW_WXW_TP000100,127,37,31/01/2022,5.256950415,4.98229111,4.635880081,5.334386831
UKENSW_WXW_TP000100,127,38,07/02/2022,5.213099864,5.192824777,4.846146962,5.539365343
UKENSW_WXW_TP000100,127,39,14/02/2022,5.169249312,5.372167974,5.02483011,5.716956365
UKENSW_WXW_TP000100,127,40,21/02/2022,5.580236495,5.500212916,5.154861431,5.849010461
UKENSW_WXW_TP000100,127,41,28/02/2022,5.991223677,5.634472364,5.290066431,5.985711808
UKENSW_WXW_TP000100,127,42,07/03/2022,5.885226692,5.622167878,5.277487679,5.97235521
UKENSW_WXW_TP000100,127,43,14/03/2022,5.779229707,5.573765075,5.227637907,5.926002202
UKENSW_WXW_TP000100,127,44,21/03/2022,5.503467003,5.513866313,5.168393985,5.864399631
UKENSW_WXW_TP000100,127,45,28/03/2022,5.227704298,5.505716099,5.160002072,5.851899396
UKENSW_WXW_TP000101,128,1,24/05/2021,NA,4.604428681,4.160954689,5.045028601
UKENSW_WXW_TP000101,128,2,31/05/2021,4.929792937,4.663535539,4.302450432,5.031472595
UKENSW_WXW_TP000101,128,3,07/06/2021,4.929792937,4.727508605,4.366713821,5.09340386
UKENSW_WXW_TP000101,128,4,14/06/2021,4.771346152,4.787775068,4.426417551,5.151936306
UKENSW_WXW_TP000101,128,5,21/06/2021,4.612899367,4.838930517,4.476330568,5.201724441
UKENSW_WXW_TP000101,128,6,28/06/2021,4.777073866,4.991836343,4.629092091,5.355082502
UKENSW_WXW_TP000101,128,7,05/07/2021,4.941248365,5.146566079,4.78350062,5.50885373
UKENSW_WXW_TP000101,128,8,12/07/2021,5.218331566,5.18183226,4.820264583,5.546063678
UKENSW_WXW_TP000101,128,9,19/07/2021,5.495414767,5.251900043,4.891110899,5.617514891
UKENSW_WXW_TP000101,128,10,26/07/2021,5.662156212,5.440783019,5.078644345,5.803682394
UKENSW_WXW_TP000101,128,11,02/08/2021,5.828897656,5.618000748,5.253868923,5.979906651
UKENSW_WXW_TP000101,128,12,09/08/2021,5.830880113,5.656499519,5.292482875,6.018368498
UKENSW_WXW_TP000101,128,13,16/08/2021,5.832862569,5.662038514,5.295702177,6.02568562
UKENSW_WXW_TP000101,128,14,23/08/2021,5.838817789,5.614699983,5.254041646,5.980474648
UKENSW_WXW_TP000101,128,15,30/08/2021,5.844773009,5.598703992,5.23736191,5.969052969
UKENSW_WXW_TP000101,128,16,06/09/2021,5.764299613,5.621655092,5.2606854,5.988108598
UKENSW_WXW_TP000101,128,17,13/09/2021,5.683826217,5.663064892,5.300959747,6.025803073
UKENSW_WXW_TP000101,128,18,20/09/2021,5.844427837,5.593914276,5.233050743,5.958203233
UKENSW_WXW_TP000101,128,19,27/09/2021,6.005029456,5.509243912,5.148850666,5.87579478
UKENSW_WXW_TP000101,128,20,04/10/2021,5.851088742,5.45349789,5.092405682,5.817657428
UKENSW_WXW_TP000101,128,21,11/10/2021,5.697148027,5.446878028,5.083766373,5.808979513
UKENSW_WXW_TP000101,128,22,18/10/2021,5.624322452,5.447072294,5.081754486,5.809361102
UKENSW_WXW_TP000101,128,23,25/10/2021,5.551496877,5.429174055,5.063362694,5.791140368
UKENSW_WXW_TP000101,128,24,01/11/2021,5.749933864,5.488897414,5.124638249,5.850591015
UKENSW_WXW_TP000101,128,25,08/11/2021,5.948370851,5.551981489,5.189612048,5.914384605
UKENSW_WXW_TP000101,128,26,15/11/2021,5.971097361,5.537386661,5.174013179,5.902642875
UKENSW_WXW_TP000101,128,27,22/11/2021,5.993823871,5.498270481,5.135510601,5.863740687
UKENSW_WXW_TP000101,128,28,29/11/2021,5.963315931,5.537307539,5.175694818,5.90164647
UKENSW_WXW_TP000101,128,29,06/12/2021,5.93280799,5.56376505,5.202967459,5.928055685
UKENSW_WXW_TP000101,128,30,13/12/2021,5.537670965,5.483961391,5.121609492,5.846010297
UKENSW_WXW_TP000101,128,31,20/12/2021,5.142533939,5.394092149,5.028195521,5.756176239
UKENSW_WXW_TP000101,128,32,27/12/2021,4.960052222,5.337603336,4.969104626,5.701318759
UKENSW_WXW_TP000101,128,33,03/01/2022,4.777570505,5.27831251,4.913008247,5.638893417
UKENSW_WXW_TP000101,128,34,10/01/2022,4.479868855,5.186037122,4.816402816,5.546123205
UKENSW_WXW_TP000101,128,35,17/01/2022,4.182167205,5.076789965,4.702567917,5.437963174
UKENSW_WXW_TP000101,128,36,24/01/2022,4.36496171,5.019934174,4.652718173,5.380076117
UKENSW_WXW_TP000101,128,37,31/01/2022,4.547756214,5.07901493,4.714742911,5.440685179
UKENSW_WXW_TP000101,128,38,07/02/2022,4.840249743,5.26920758,4.904507335,5.630066968
UKENSW_WXW_TP000101,128,39,14/02/2022,5.132743272,5.452935256,5.087778273,5.813281587
UKENSW_WXW_TP000101,128,40,21/02/2022,5.442840383,5.568785888,5.205271739,5.931285734
UKENSW_WXW_TP000101,128,41,28/02/2022,5.752937494,5.689544109,5.328027537,6.053819864
UKENSW_WXW_TP000101,128,42,07/03/2022,5.456295299,5.682799614,5.319997209,6.044932027
UKENSW_WXW_TP000101,128,43,14/03/2022,5.159653104,5.629880719,5.264787903,5.992883344
UKENSW_WXW_TP000101,128,44,21/03/2022,5.426435479,5.593180652,5.230925253,5.957659169
UKENSW_WXW_TP000101,128,45,28/03/2022,5.693217854,5.621150316,5.260206602,5.985904181
UKENTH_TWU_TP000010,129,1,24/05/2021,3.692810809,4.268083765,3.868336234,4.66222686
UKENTH_TWU_TP000010,129,2,31/05/2021,3.692810809,4.239018755,3.906168234,4.56002567
UKENTH_TWU_TP000010,129,3,07/06/2021,4.109168868,4.300233466,3.972317172,4.621979234
UKENTH_TWU_TP000010,129,4,14/06/2021,4.525526926,4.503255536,4.177441226,4.824194458
UKENTH_TWU_TP000010,129,5,21/06/2021,4.173631985,4.619375955,4.285771777,4.939097589
UKENTH_TWU_TP000010,129,6,28/06/2021,3.821737044,4.830736389,4.489106332,5.151916967
UKENTH_TWU_TP000010,129,7,05/07/2021,4.832482067,5.119303817,4.790945634,5.440056178
UKENTH_TWU_TP000010,129,8,12/07/2021,5.843227089,5.145723653,4.825386634,5.473937359
UKENTH_TWU_TP000010,129,9,19/07/2021,5.265646091,5.046565795,4.724199466,5.369712272
UKENTH_TWU_TP000010,129,10,26/07/2021,4.688065092,5.163968006,4.831899713,5.483874674
UKENTH_TWU_TP000010,129,11,02/08/2021,4.688065092,5.349468253,5.010957987,5.670310137
UKENTH_TWU_TP000010,129,12,09/08/2021,NA,5.341380868,4.992761541,5.683670458
UKENTH_TWU_TP000010,129,13,16/08/2021,NA,5.262662256,4.91543208,5.606459345
UKENTH_TWU_TP000010,129,14,23/08/2021,NA,5.417208713,5.072078831,5.761972652
UKENTH_TWU_TP000010,129,15,30/08/2021,NA,5.586345392,5.240283816,5.932416096
UKENTH_TWU_TP000010,129,16,06/09/2021,4.666089603,5.466356261,5.129631321,5.787121434
UKENTH_TWU_TP000010,129,17,13/09/2021,4.666089603,5.437938505,5.097216496,5.759010293
UKENTH_TWU_TP000010,129,18,20/09/2021,4.817407727,5.26100482,4.930983151,5.580726047
UKENTH_TWU_TP000010,129,19,27/09/2021,4.96872585,5.083877411,4.759598517,5.405713064
UKENTH_TWU_TP000010,129,20,04/10/2021,5.024351963,5.090377648,4.76659767,5.412349477
UKENTH_TWU_TP000010,129,21,11/10/2021,5.328577469,5.143941136,4.821488461,5.467604711
UKENTH_TWU_TP000010,129,22,18/10/2021,5.328577469,5.081176898,4.75961692,5.406345288
UKENTH_TWU_TP000010,129,23,25/10/2021,5.372906258,5.044333885,4.723046943,5.369792815
UKENTH_TWU_TP000010,129,24,01/11/2021,5.168635653,5.171957962,4.849146435,5.494384795
UKENTH_TWU_TP000010,129,25,08/11/2021,5.168635653,5.331836041,5.007711409,5.653715639
UKENTH_TWU_TP000010,129,26,15/11/2021,5.129964309,5.247143822,4.924378411,5.569744844
UKENTH_TWU_TP000010,129,27,22/11/2021,5.250499319,5.178415408,4.857355491,5.503453142
UKENTH_TWU_TP000010,129,28,29/11/2021,5.250499319,5.232823581,4.911719434,5.557467411
UKENTH_TWU_TP000010,129,29,06/12/2021,5.371034328,5.299805071,4.979485553,5.626331294
UKENTH_TWU_TP000010,129,30,13/12/2021,5.709554293,5.25715399,4.937284508,5.589923032
UKENTH_TWU_TP000010,129,31,20/12/2021,5.709554293,5.170419166,4.849113966,5.507040236
UKENTH_TWU_TP000010,129,32,27/12/2021,5.187756925,5.077365167,4.755325976,5.403595652
UKENTH_TWU_TP000010,129,33,03/01/2022,5.179934541,5.038822802,4.715520281,5.361715386
UKENTH_TWU_TP000010,129,34,10/01/2022,5.179934541,5.002396695,4.681205688,5.327492353
UKENTH_TWU_TP000010,129,35,17/01/2022,5.289221649,4.984385456,4.664468001,5.312958522
UKENTH_TWU_TP000010,129,36,24/01/2022,4.884533771,4.968887079,4.646997598,5.292696975
UKENTH_TWU_TP000010,129,37,31/01/2022,4.884533771,5.048537811,4.726218487,5.372439483
UKENTH_TWU_TP000010,129,38,07/02/2022,5.90403448,5.318064028,4.997887096,5.65338626
UKENTH_TWU_TP000010,129,39,14/02/2022,5.854370689,5.485697758,5.165131786,5.820317592
UKENTH_TWU_TP000010,129,40,21/02/2022,5.854370689,5.524028571,5.203495734,5.857008059
UKENTH_TWU_TP000010,129,41,28/02/2022,5.804706897,5.555317183,5.234287284,5.886769553
UKENTH_TWU_TP000010,129,42,07/03/2022,6.036033196,5.615181516,5.294583475,5.945562318
UKENTH_TWU_TP000010,129,43,14/03/2022,6.138686458,5.66338375,5.341705222,5.989821634
UKENTH_TWU_TP000010,129,44,21/03/2022,6.138686458,5.566467612,5.24488078,5.89308333
UKENTH_TWU_TP000010,129,45,28/03/2022,6.241339719,5.49858585,5.17705421,5.825483632
UKENTH_TWU_TP000013,130,1,24/05/2021,NA,4.3262104,3.904508016,4.747357373
UKENTH_TWU_TP000013,130,2,31/05/2021,4.114532034,4.277135534,3.950869304,4.59798411
UKENTH_TWU_TP000013,130,3,07/06/2021,4.114532034,4.328299469,4.001958234,4.647820372
UKENTH_TWU_TP000013,130,4,14/06/2021,4.110710508,4.544568489,4.225274758,4.859752198
UKENTH_TWU_TP000013,130,5,21/06/2021,4.106888982,4.713089866,4.394814851,5.029061512
UKENTH_TWU_TP000013,130,6,28/06/2021,4.495391605,4.835517819,4.510943826,5.149631099
UKENTH_TWU_TP000013,130,7,05/07/2021,4.883894227,4.904733585,4.573651257,5.219943928
UKENTH_TWU_TP000013,130,8,12/07/2021,4.883123157,4.92754669,4.60359656,5.241732456
UKENTH_TWU_TP000013,130,9,19/07/2021,4.882352086,4.968485851,4.650270436,5.284490831
UKENTH_TWU_TP000013,130,10,26/07/2021,5.225033916,5.228625784,4.911635463,5.545579003
UKENTH_TWU_TP000013,130,11,02/08/2021,5.567715746,5.472935388,5.157178081,5.792641417
UKENTH_TWU_TP000013,130,12,09/08/2021,5.418287622,5.413856531,5.097783664,5.732338861
UKENTH_TWU_TP000013,130,13,16/08/2021,5.268859498,5.349739498,5.032620903,5.666917387
UKENTH_TWU_TP000013,130,14,23/08/2021,5.484214039,5.400919698,5.086057446,5.721879932
UKENTH_TWU_TP000013,130,15,30/08/2021,5.69956858,5.516571822,5.201856666,5.838535685
UKENTH_TWU_TP000013,130,16,06/09/2021,5.817121666,5.507532606,5.193397229,5.832218125
UKENTH_TWU_TP000013,130,17,13/09/2021,5.934674752,5.523263559,5.209116372,5.849693082
UKENTH_TWU_TP000013,130,18,20/09/2021,5.797223173,5.341197653,5.026986223,5.668315884
UKENTH_TWU_TP000013,130,19,27/09/2021,5.659771593,5.159865497,4.845532729,5.485826947
UKENTH_TWU_TP000013,130,20,04/10/2021,5.466068748,5.194998207,4.880733189,5.517167078
UKENTH_TWU_TP000013,130,21,11/10/2021,5.272365903,5.249740032,4.929847169,5.573884681
UKENTH_TWU_TP000013,130,22,18/10/2021,5.13264127,5.143664523,4.821739551,5.464915055
UKENTH_TWU_TP000013,130,23,25/10/2021,4.992916636,5.075722109,4.755669937,5.390517711
UKENTH_TWU_TP000013,130,24,01/11/2021,5.03522131,5.167800762,4.847015484,5.482394262
UKENTH_TWU_TP000013,130,25,08/11/2021,5.077525983,5.283431254,4.964403151,5.59871765
UKENTH_TWU_TP000013,130,26,15/11/2021,5.384987772,5.194315888,4.875622875,5.510622531
UKENTH_TWU_TP000013,130,27,22/11/2021,5.692449561,5.143886038,4.825795178,5.46015922
UKENTH_TWU_TP000013,130,28,29/11/2021,5.496594941,5.207795106,4.890905607,5.524481007
UKENTH_TWU_TP000013,130,29,06/12/2021,5.300740321,5.2521644,4.936790479,5.571060446
UKENTH_TWU_TP000013,130,30,13/12/2021,5.194307884,5.159098374,4.841350846,5.475541311
UKENTH_TWU_TP000013,130,31,20/12/2021,5.087875446,5.053082315,4.729518869,5.371205959
UKENTH_TWU_TP000013,130,32,27/12/2021,5.087875446,5.046539958,4.725558019,5.362643722
UKENTH_TWU_TP000013,130,33,03/01/2022,5.150162887,5.121016472,4.806485588,5.442591324
UKENTH_TWU_TP000013,130,34,10/01/2022,5.290099698,5.022631882,4.707633038,5.342356294
UKENTH_TWU_TP000013,130,35,17/01/2022,5.290099698,4.973088983,4.657843978,5.292034948
UKENTH_TWU_TP000013,130,36,24/01/2022,5.170146039,4.979230621,4.663807132,5.29816569
UKENTH_TWU_TP000013,130,37,31/01/2022,4.910255568,5.06287289,4.748161547,5.384198757
UKENTH_TWU_TP000013,130,38,07/02/2022,4.368957223,5.114543154,4.792798717,5.429104494
UKENTH_TWU_TP000013,130,39,14/02/2022,3.827658878,5.168513191,4.830152568,5.485612365
UKENTH_TWU_TP000013,130,40,21/02/2022,4.582401212,5.29243323,4.964602401,5.606996883
UKENTH_TWU_TP000013,130,41,28/02/2022,5.337143545,5.369823492,5.045286199,5.689970159
UKENTH_TWU_TP000013,130,42,07/03/2022,5.68199519,5.527191104,5.211576473,5.845620786
UKENTH_TWU_TP000013,130,43,14/03/2022,6.026846834,5.674495834,5.360026062,5.995986465
UKENTH_TWU_TP000013,130,44,21/03/2022,5.983399548,5.591962834,5.277855295,5.916237487
UKENTH_TWU_TP000013,130,45,28/03/2022,5.939952261,5.563604995,5.249340666,5.887630567
UKENTH_TWU_TP000014,131,1,24/05/2021,NA,3.279834069,2.878662208,3.679013007
UKENTH_TWU_TP000014,131,2,31/05/2021,3.372705821,3.417185613,3.135515516,3.70099518
UKENTH_TWU_TP000014,131,3,07/06/2021,3.372705821,3.423418683,3.141932427,3.707847731
UKENTH_TWU_TP000014,131,4,14/06/2021,3.645899824,3.500876806,3.218651071,3.784176207
UKENTH_TWU_TP000014,131,5,21/06/2021,3.919093827,3.565772952,3.283118212,3.849536721
UKENTH_TWU_TP000014,131,6,28/06/2021,3.956499806,3.897117407,3.615680652,4.181575214
UKENTH_TWU_TP000014,131,7,05/07/2021,3.993905784,4.106080242,3.823297001,4.388995372
UKENTH_TWU_TP000014,131,8,12/07/2021,3.866965006,4.004583727,3.719530834,4.285918236
UKENTH_TWU_TP000014,131,9,19/07/2021,3.740024228,3.948187737,3.661871112,4.229185093
UKENTH_TWU_TP000014,131,10,26/07/2021,3.872377841,4.132210779,3.850709759,4.415736265
UKENTH_TWU_TP000014,131,11,02/08/2021,4.004731453,4.241409387,3.959995422,4.525059134
UKENTH_TWU_TP000014,131,12,09/08/2021,3.985936491,4.226281615,3.941760852,4.507438758
UKENTH_TWU_TP000014,131,13,16/08/2021,3.967141529,4.160787762,3.8655795,4.443013334
UKENTH_TWU_TP000014,131,14,23/08/2021,4.216320236,4.251184611,3.957000968,4.533050118
UKENTH_TWU_TP000014,131,15,30/08/2021,4.465498942,4.393502191,4.105800743,4.67427614
UKENTH_TWU_TP000014,131,16,06/09/2021,4.220430587,4.34629804,4.056827281,4.627197604
UKENTH_TWU_TP000014,131,17,13/09/2021,3.975362232,4.299798148,4.007117197,4.581267478
UKENTH_TWU_TP000014,131,18,20/09/2021,4.198715019,4.209350438,3.925379739,4.490716953
UKENTH_TWU_TP000014,131,19,27/09/2021,4.422067806,4.103758394,3.822664051,4.388621284
UKENTH_TWU_TP000014,131,20,04/10/2021,4.716912536,4.185206471,3.904368994,4.470913353
UKENTH_TWU_TP000014,131,21,11/10/2021,5.011757266,4.262842827,3.981958833,4.550858304
UKENTH_TWU_TP000014,131,22,18/10/2021,4.665332182,4.136019454,3.85524623,4.422993929
UKENTH_TWU_TP000014,131,23,25/10/2021,4.318907098,4.04144987,3.760312543,4.327977471
UKENTH_TWU_TP000014,131,24,01/11/2021,4.318907098,4.147922844,3.867012427,4.435469279
UKENTH_TWU_TP000014,131,25,08/11/2021,NA,4.246889901,3.952718318,4.547663473
UKENTH_TWU_TP000014,131,26,15/11/2021,4.690651191,4.208826476,3.927993369,4.495072453
UKENTH_TWU_TP000014,131,27,22/11/2021,4.690651191,4.104349627,3.820347892,4.385712104
UKENTH_TWU_TP000014,131,28,29/11/2021,4.551321526,4.125736108,3.839519828,4.406499545
UKENTH_TWU_TP000014,131,29,06/12/2021,4.41199186,4.155516817,3.868320429,4.4362545
UKENTH_TWU_TP000014,131,30,13/12/2021,4.051122647,4.159386626,3.874839007,4.44055484
UKENTH_TWU_TP000014,131,31,20/12/2021,3.690253433,4.063829474,3.773554596,4.345064767
UKENTH_TWU_TP000014,131,32,27/12/2021,3.571707989,3.985785095,3.698071109,4.267945113
UKENTH_TWU_TP000014,131,33,03/01/2022,3.453162545,3.897198703,3.61205204,4.178885794
UKENTH_TWU_TP000014,131,34,10/01/2022,3.998679834,3.980155368,3.699395182,4.267486235
UKENTH_TWU_TP000014,131,35,17/01/2022,4.544197123,4.048256812,3.765873014,4.343454275
UKENTH_TWU_TP000014,131,36,24/01/2022,3.933628745,3.912690953,3.628715042,4.194047869
UKENTH_TWU_TP000014,131,37,31/01/2022,3.323060366,3.910544651,3.613784017,4.193226543
UKENTH_TWU_TP000014,131,38,07/02/2022,3.741106273,4.152125423,3.868724401,4.433732764
UKENTH_TWU_TP000014,131,39,14/02/2022,4.159152179,4.363210734,4.082588913,4.650699154
UKENTH_TWU_TP000014,131,40,21/02/2022,4.066572039,4.430296678,4.149581762,4.716936206
UKENTH_TWU_TP000014,131,41,28/02/2022,3.973991899,4.471775974,4.190798046,4.759016185
UKENTH_TWU_TP000014,131,42,07/03/2022,4.112344071,4.553264863,4.272430854,4.838774769
UKENTH_TWU_TP000014,131,43,14/03/2022,4.250696242,4.642377277,4.360467734,4.925966976
UKENTH_TWU_TP000014,131,44,21/03/2022,4.470655642,4.548094516,4.260477713,4.84226564
UKENTH_TWU_TP000014,131,45,28/03/2022,4.690615041,4.501777145,4.213312807,4.803165853
UKENTH_TWU_TP000015,132,1,24/05/2021,NA,4.049593852,3.642344072,4.455677336
UKENTH_TWU_TP000015,132,2,31/05/2021,4.533701796,4.176308431,3.881505675,4.48198531
UKENTH_TWU_TP000015,132,3,07/06/2021,4.533701796,4.166853243,3.871768471,4.468656726
UKENTH_TWU_TP000015,132,4,14/06/2021,4.727237954,4.302276494,4.007224994,4.603805448
UKENTH_TWU_TP000015,132,5,21/06/2021,4.920774112,4.396323562,4.100884729,4.696703082
UKENTH_TWU_TP000015,132,6,28/06/2021,5.105981128,4.702179561,4.407429635,5.007275694
UKENTH_TWU_TP000015,132,7,05/07/2021,5.291188143,4.849442146,4.554071215,5.150550953
UKENTH_TWU_TP000015,132,8,12/07/2021,4.918271047,4.745972959,4.447376141,5.042121188
UKENTH_TWU_TP000015,132,9,19/07/2021,4.54535395,4.67510422,4.370612008,4.969828299
UKENTH_TWU_TP000015,132,10,26/07/2021,4.876271883,4.898938564,4.600268375,5.195057254
UKENTH_TWU_TP000015,132,11,02/08/2021,5.207189816,5.0729028,4.777513223,5.373076528
UKENTH_TWU_TP000015,132,12,09/08/2021,5.140661898,5.044354291,4.748138402,5.343474886
UKENTH_TWU_TP000015,132,13,16/08/2021,5.074133979,4.986952912,4.689130218,5.285063709
UKENTH_TWU_TP000015,132,14,23/08/2021,5.174931816,5.05493302,4.755775701,5.351045471
UKENTH_TWU_TP000015,132,15,30/08/2021,5.275729652,5.156197748,4.854165252,5.451194516
UKENTH_TWU_TP000015,132,16,06/09/2021,5.169760548,5.137270568,4.837551262,5.432871567
UKENTH_TWU_TP000015,132,17,13/09/2021,5.063791443,5.119441848,4.820912189,5.415637559
UKENTH_TWU_TP000015,132,18,20/09/2021,4.566671844,4.933670412,4.629563162,5.228410521
UKENTH_TWU_TP000015,132,19,27/09/2021,4.069552244,4.743123142,4.428842803,5.039428766
UKENTH_TWU_TP000015,132,20,04/10/2021,4.409321702,4.854259062,4.545677814,5.149323031
UKENTH_TWU_TP000015,132,21,11/10/2021,4.74909116,4.956174637,4.653437695,5.251847857
UKENTH_TWU_TP000015,132,22,18/10/2021,5.088534337,4.882186813,4.58608526,5.182479278
UKENTH_TWU_TP000015,132,23,25/10/2021,5.427977514,4.844276534,4.549058695,5.153970325
UKENTH_TWU_TP000015,132,24,01/11/2021,5.483121721,4.947617139,4.652722256,5.255565957
UKENTH_TWU_TP000015,132,25,08/11/2021,5.538265927,5.051072595,4.754144437,5.359257789
UKENTH_TWU_TP000015,132,26,15/11/2021,4.975647161,4.972266972,4.676455347,5.272815456
UKENTH_TWU_TP000015,132,27,22/11/2021,4.413028395,4.873998105,4.574063999,5.169501171
UKENTH_TWU_TP000015,132,28,29/11/2021,4.963782856,4.939483144,4.642573227,5.236913414
UKENTH_TWU_TP000015,132,29,06/12/2021,5.514537317,4.999295618,4.704295748,5.301488324
UKENTH_TWU_TP000015,132,30,13/12/2021,5.147133757,4.989994993,4.695020771,5.291881828
UKENTH_TWU_TP000015,132,31,20/12/2021,4.779730197,4.923858382,4.627598728,5.225049112
UKENTH_TWU_TP000015,132,32,27/12/2021,4.895557763,4.839286255,4.544170146,5.141448765
UKENTH_TWU_TP000015,132,33,03/01/2022,4.641592045,4.723804772,4.426162368,5.021213755
UKENTH_TWU_TP000015,132,34,10/01/2022,4.641592045,4.739773479,4.443315614,5.038071346
UKENTH_TWU_TP000015,132,35,17/01/2022,4.27179876,4.747588943,4.4488252,5.044503486
UKENTH_TWU_TP000015,132,36,24/01/2022,4.471137275,4.676845258,4.37452123,4.972000708
UKENTH_TWU_TP000015,132,37,31/01/2022,4.471137275,4.706286102,4.398383107,5.00125799
UKENTH_TWU_TP000015,132,38,07/02/2022,4.57041112,4.881684942,4.579291221,5.176628358
UKENTH_TWU_TP000015,132,39,14/02/2022,4.669684964,5.053046426,4.753551286,5.349178528
UKENTH_TWU_TP000015,132,40,21/02/2022,4.675867966,5.093965614,4.791056358,5.388874112
UKENTH_TWU_TP000015,132,41,28/02/2022,4.682050968,5.106664746,4.800956419,5.402106253
UKENTH_TWU_TP000015,132,42,07/03/2022,5.073112711,5.246927037,4.946102654,5.542114922
UKENTH_TWU_TP000015,132,43,14/03/2022,5.464174453,5.42094569,5.123665143,5.71880752
UKENTH_TWU_TP000015,132,44,21/03/2022,5.274799087,5.3189335,5.02111093,5.620326695
UKENTH_TWU_TP000015,132,45,28/03/2022,5.085423721,5.287737943,4.990677911,5.592584236
UKENTH_TWU_TP000021,133,1,24/05/2021,NA,3.14380995,2.723636407,3.562888319
UKENTH_TWU_TP000021,133,2,31/05/2021,4.072517563,3.216490125,2.915594214,3.524770219
UKENTH_TWU_TP000021,133,3,07/06/2021,4.072517563,3.232551888,2.931392643,3.54101486
UKENTH_TWU_TP000021,133,4,14/06/2021,3.865629936,3.35128184,3.048648107,3.655187228
UKENTH_TWU_TP000021,133,5,21/06/2021,3.658742309,3.439382751,3.13404501,3.741069327
UKENTH_TWU_TP000021,133,6,28/06/2021,4.479497589,3.772344624,3.47108935,4.078058008
UKENTH_TWU_TP000021,133,7,05/07/2021,5.300252869,4.050273141,3.749588004,4.363897437
UKENTH_TWU_TP000021,133,8,12/07/2021,4.715967828,3.974818075,3.674231003,4.283743545
UKENTH_TWU_TP000021,133,9,19/07/2021,4.131682786,3.890804234,3.589587156,4.196521319
UKENTH_TWU_TP000021,133,10,26/07/2021,3.953445401,4.008622412,3.704223457,4.310446841
UKENTH_TWU_TP000021,133,11,02/08/2021,3.775208016,4.11397022,3.803950601,4.41421483
UKENTH_TWU_TP000021,133,12,09/08/2021,3.759826396,4.07551205,3.764204605,4.377138293
UKENTH_TWU_TP000021,133,13,16/08/2021,3.744444775,4.004576037,3.693841865,4.306940505
UKENTH_TWU_TP000021,133,14,23/08/2021,4.270204814,4.18139363,3.874211391,4.483527944
UKENTH_TWU_TP000021,133,15,30/08/2021,4.795964852,4.377135031,4.070790253,4.68042927
UKENTH_TWU_TP000021,133,16,06/09/2021,4.749769433,4.329181544,4.026152752,4.632118056
UKENTH_TWU_TP000021,133,17,13/09/2021,4.703574014,4.305256009,4.003167588,4.609205946
UKENTH_TWU_TP000021,133,18,20/09/2021,3.959070393,4.092913615,3.787268434,4.393978188
UKENTH_TWU_TP000021,133,19,27/09/2021,3.214566771,3.873845056,3.562008798,4.174153457
UKENTH_TWU_TP000021,133,20,04/10/2021,3.043461901,3.914307221,3.599036472,4.214924009
UKENTH_TWU_TP000021,133,21,11/10/2021,2.87235703,3.968845912,3.649405298,4.270495802
UKENTH_TWU_TP000021,133,22,18/10/2021,3.022872028,3.889574411,3.577294317,4.190149238
UKENTH_TWU_TP000021,133,23,25/10/2021,3.173387026,3.827816195,3.520192854,4.128375459
UKENTH_TWU_TP000021,133,24,01/11/2021,3.300251502,3.963556736,3.657397696,4.264589891
UKENTH_TWU_TP000021,133,25,08/11/2021,3.427115977,4.111454169,3.805500916,4.413595159
UKENTH_TWU_TP000021,133,26,15/11/2021,3.724410491,4.060476145,3.75706867,4.362856011
UKENTH_TWU_TP000021,133,27,22/11/2021,4.021705005,3.995218467,3.693143153,4.299079104
UKENTH_TWU_TP000021,133,28,29/11/2021,3.689384665,4.003057213,3.696545948,4.303770321
UKENTH_TWU_TP000021,133,29,06/12/2021,3.357064324,4.022461268,3.70959953,4.322734359
UKENTH_TWU_TP000021,133,30,13/12/2021,3.690558619,4.021162516,3.714824719,4.322080604
UKENTH_TWU_TP000021,133,31,20/12/2021,4.024052914,3.978704767,3.676500522,4.283409608
UKENTH_TWU_TP000021,133,32,27/12/2021,3.920829513,3.932575985,3.631987788,4.242859108
UKENTH_TWU_TP000021,133,33,03/01/2022,3.817606111,3.884372118,3.583471643,4.198854392
UKENTH_TWU_TP000021,133,34,10/01/2022,3.728058666,3.878148785,3.577910628,4.187776249
UKENTH_TWU_TP000021,133,35,17/01/2022,3.63851122,3.877204075,3.575767748,4.182887944
UKENTH_TWU_TP000021,133,36,24/01/2022,3.900401871,3.86297582,3.562312806,4.170409927
UKENTH_TWU_TP000021,133,37,31/01/2022,4.162292522,3.928235173,3.627876702,4.236890319
UKENTH_TWU_TP000021,133,38,07/02/2022,4.112479162,4.127161184,3.826034368,4.434435563
UKENTH_TWU_TP000021,133,39,14/02/2022,4.062665801,4.291893877,3.989628585,4.597908826
UKENTH_TWU_TP000021,133,40,21/02/2022,4.087496614,4.336537344,4.034523577,4.641468262
UKENTH_TWU_TP000021,133,41,28/02/2022,4.112327426,4.35864214,4.056002791,4.664453308
UKENTH_TWU_TP000021,133,42,07/03/2022,4.662148989,4.461566344,4.160464889,4.770259566
UKENTH_TWU_TP000021,133,43,14/03/2022,4.887325633,4.550414982,4.248995986,4.858517454
UKENTH_TWU_TP000021,133,44,21/03/2022,4.887325633,4.41060474,4.108403617,4.717673696
UKENTH_TWU_TP000021,133,45,28/03/2022,4.562680715,4.292329874,3.987564189,4.595742952
UKENTH_TWU_TP000033,134,1,24/05/2021,NA,4.057832735,3.652111218,4.463191282
UKENTH_TWU_TP000033,134,2,31/05/2021,3.377917795,4.023106746,3.715585678,4.324434989
UKENTH_TWU_TP000033,134,3,07/06/2021,3.377917795,4.052394354,3.743149784,4.353243302
UKENTH_TWU_TP000033,134,4,14/06/2021,4.293770823,4.282456463,3.980657466,4.58313539
UKENTH_TWU_TP000033,134,5,21/06/2021,5.209623851,4.476965797,4.178039729,4.784780895
UKENTH_TWU_TP000033,134,6,28/06/2021,4.976872414,4.615368617,4.312323431,4.915257827
UKENTH_TWU_TP000033,134,7,05/07/2021,4.744120977,4.675337587,4.361241806,4.975384657
UKENTH_TWU_TP000033,134,8,12/07/2021,4.567886749,4.682052249,4.373946204,4.980980747
UKENTH_TWU_TP000033,134,9,19/07/2021,4.391652521,4.703927943,4.400694477,5.003720688
UKENTH_TWU_TP000033,134,10,26/07/2021,4.764440371,4.945346006,4.64287088,5.245632383
UKENTH_TWU_TP000033,134,11,02/08/2021,5.13722822,5.171432425,4.870584279,5.473721859
UKENTH_TWU_TP000033,134,12,09/08/2021,4.850361398,5.095298843,4.791875769,5.395484348
UKENTH_TWU_TP000033,134,13,16/08/2021,4.563494575,5.0059649,4.699035139,5.305272914
UKENTH_TWU_TP000033,134,14,23/08/2021,5.124060842,5.108232526,4.807277656,5.410276392
UKENTH_TWU_TP000033,134,15,30/08/2021,5.684627108,5.250783648,4.951030513,5.555514505
UKENTH_TWU_TP000033,134,16,06/09/2021,5.569303525,5.240899849,4.941920039,5.548507872
UKENTH_TWU_TP000033,134,17,13/09/2021,5.453979942,5.249015558,4.950026546,5.558567828
UKENTH_TWU_TP000033,134,18,20/09/2021,5.250594352,5.047927179,4.748949053,5.355810495
UKENTH_TWU_TP000033,134,19,27/09/2021,5.047208762,4.851528199,4.551949617,5.156866581
UKENTH_TWU_TP000033,134,20,04/10/2021,5.047208762,4.910071437,4.610314879,5.213424356
UKENTH_TWU_TP000033,134,21,11/10/2021,NA,4.974903297,4.656980975,5.294276561
UKENTH_TWU_TP000033,134,22,18/10/2021,NA,4.860070052,4.540290232,5.177488751
UKENTH_TWU_TP000033,134,23,25/10/2021,5.147266715,4.79625532,4.493707303,5.096364223
UKENTH_TWU_TP000033,134,24,01/11/2021,5.016990855,4.888739406,4.584714507,5.188123833
UKENTH_TWU_TP000033,134,25,08/11/2021,5.016990855,5.004383094,4.700553604,5.304027975
UKENTH_TWU_TP000033,134,26,15/11/2021,4.704122063,4.92827373,4.624177218,5.228806964
UKENTH_TWU_TP000033,134,27,22/11/2021,4.52152913,4.883417854,4.580505015,5.183607569
UKENTH_TWU_TP000033,134,28,29/11/2021,4.701998294,4.951347741,4.649977591,5.252316732
UKENTH_TWU_TP000033,134,29,06/12/2021,4.882467458,5.005169197,4.705471565,5.308657463
UKENTH_TWU_TP000033,134,30,13/12/2021,4.525068196,4.943138113,4.642202798,5.244918143
UKENTH_TWU_TP000033,134,31,20/12/2021,4.167668933,4.870265089,4.567758695,5.171549837
UKENTH_TWU_TP000033,134,32,27/12/2021,4.167668933,4.822416885,4.520779346,5.123763308
UKENTH_TWU_TP000033,134,33,03/01/2022,5.156295505,4.830988082,4.531659815,5.135933142
UKENTH_TWU_TP000033,134,34,10/01/2022,4.44241,4.732539981,4.429711001,5.032549799
UKENTH_TWU_TP000033,134,35,17/01/2022,4.44241,4.704731433,4.400986241,5.004468298
UKENTH_TWU_TP000033,134,36,24/01/2022,4.264391873,4.717928284,4.416046736,5.018991187
UKENTH_TWU_TP000033,134,37,31/01/2022,4.800259251,4.838511112,4.53944795,5.147834762
UKENTH_TWU_TP000033,134,38,07/02/2022,5.168121118,4.903532734,4.603074521,5.20544682
UKENTH_TWU_TP000033,134,39,14/02/2022,5.535982984,4.97627831,4.669258675,5.275278789
UKENTH_TWU_TP000033,134,40,21/02/2022,5.535982984,5.077464713,4.773423536,5.377189477
UKENTH_TWU_TP000033,134,41,28/02/2022,NA,5.117477773,4.796662551,5.435367893
UKENTH_TWU_TP000033,134,42,07/03/2022,5.78563861,5.271106344,4.970950481,5.573668553
UKENTH_TWU_TP000033,134,43,14/03/2022,5.78563861,5.437035833,5.137586688,5.741859921
UKENTH_TWU_TP000033,134,44,21/03/2022,5.78563861,5.338826307,5.039595391,5.644609159
UKENTH_TWU_TP000033,134,45,28/03/2022,5.542301291,5.321737141,5.02247484,5.629998905
UKENTH_TWU_TP000050,135,1,24/05/2021,NA,4.11868203,3.705555152,4.529131887
UKENTH_TWU_TP000050,135,2,31/05/2021,4.138199744,4.177802277,3.850420412,4.506516605
UKENTH_TWU_TP000050,135,3,07/06/2021,4.138199744,4.204716786,3.877210372,4.533194168
UKENTH_TWU_TP000050,135,4,14/06/2021,4.442646894,4.38926469,4.063537951,4.720257328
UKENTH_TWU_TP000050,135,5,21/06/2021,4.747094043,4.533376957,4.208432962,4.867693943
UKENTH_TWU_TP000050,135,6,28/06/2021,4.770828007,4.73588673,4.409019301,5.065239427
UKENTH_TWU_TP000050,135,7,05/07/2021,4.79456197,4.825859624,4.495445187,5.152002389
UKENTH_TWU_TP000050,135,8,12/07/2021,4.758903393,4.761913555,4.431941015,5.088189534
UKENTH_TWU_TP000050,135,9,19/07/2021,4.723244815,4.759521612,4.430339871,5.086446218
UKENTH_TWU_TP000050,135,10,26/07/2021,4.893749895,4.978837248,4.649684067,5.30574204
UKENTH_TWU_TP000050,135,11,02/08/2021,5.064254974,5.145432257,4.817922724,5.473611598
UKENTH_TWU_TP000050,135,12,09/08/2021,4.757423297,5.124679681,4.794695449,5.450926773
UKENTH_TWU_TP000050,135,13,16/08/2021,4.45059162,5.093086558,4.758938242,5.417984826
UKENTH_TWU_TP000050,135,14,23/08/2021,4.957185807,5.149250752,4.820306977,5.476060351
UKENTH_TWU_TP000050,135,15,30/08/2021,5.463779994,5.230577456,4.903416614,5.559266884
UKENTH_TWU_TP000050,135,16,06/09/2021,5.418198052,5.212749574,4.885795678,5.541713355
UKENTH_TWU_TP000050,135,17,13/09/2021,5.37261611,5.191198943,4.864163169,5.520122044
UKENTH_TWU_TP000050,135,18,20/09/2021,5.140534482,5.040269639,4.712813452,5.369018031
UKENTH_TWU_TP000050,135,19,27/09/2021,4.908452854,4.89789022,4.569356114,5.22546891
UKENTH_TWU_TP000050,135,20,04/10/2021,4.821015054,4.974716094,4.641729427,5.300077901
UKENTH_TWU_TP000050,135,21,11/10/2021,4.733577254,5.025355804,4.687571101,5.351315325
UKENTH_TWU_TP000050,135,22,18/10/2021,4.591454946,4.912489244,4.579892803,5.238528955
UKENTH_TWU_TP000050,135,23,25/10/2021,4.449332637,4.855545004,4.525815874,5.181835133
UKENTH_TWU_TP000050,135,24,01/11/2021,5.021843846,4.965179184,4.637699303,5.293251149
UKENTH_TWU_TP000050,135,25,08/11/2021,5.594355055,5.083569208,4.757692403,5.416222537
UKENTH_TWU_TP000050,135,26,15/11/2021,4.95701213,5.011294603,4.682806787,5.338598463
UKENTH_TWU_TP000050,135,27,22/11/2021,4.319669205,4.935501577,4.601063878,5.260489007
UKENTH_TWU_TP000050,135,28,29/11/2021,4.79785442,5.02669557,4.698457931,5.354228052
UKENTH_TWU_TP000050,135,29,06/12/2021,5.276039635,5.090048219,4.765057843,5.423492397
UKENTH_TWU_TP000050,135,30,13/12/2021,5.512186936,5.093807871,4.769128821,5.430221557
UKENTH_TWU_TP000050,135,31,20/12/2021,5.748334236,5.080401744,4.754750719,5.421385075
UKENTH_TWU_TP000050,135,32,27/12/2021,5.501712241,4.9735912,4.648339588,5.313531164
UKENTH_TWU_TP000050,135,33,03/01/2022,5.255090245,4.872720497,4.547521857,5.207267109
UKENTH_TWU_TP000050,135,34,10/01/2022,5.133996463,4.83835004,4.513106355,5.171139697
UKENTH_TWU_TP000050,135,35,17/01/2022,5.012902681,4.818201035,4.49188931,5.148399817
UKENTH_TWU_TP000050,135,36,24/01/2022,5.195611149,4.797511612,4.472006614,5.129664351
UKENTH_TWU_TP000050,135,37,31/01/2022,5.378319617,4.856082277,4.530848449,5.189168045
UKENTH_TWU_TP000050,135,38,07/02/2022,5.47965737,4.939274581,4.612496738,5.269161543
UKENTH_TWU_TP000050,135,39,14/02/2022,5.580995122,5.080059609,4.752013842,5.40850566
UKENTH_TWU_TP000050,135,40,21/02/2022,4.514044655,5.096487135,4.756834424,5.421713842
UKENTH_TWU_TP000050,135,41,28/02/2022,3.447094187,5.056551127,4.698315337,5.387305337
UKENTH_TWU_TP000050,135,42,07/03/2022,4.440908233,5.22936703,4.887414537,5.554555591
UKENTH_TWU_TP000050,135,43,14/03/2022,5.434722278,5.449179697,5.119267271,5.775925417
UKENTH_TWU_TP000050,135,44,21/03/2022,5.525156633,5.35937908,5.031577388,5.688588218
UKENTH_TWU_TP000050,135,45,28/03/2022,5.615590988,5.339592726,5.013721734,5.672541794
UKENTH_TWU_TP000052,136,1,24/05/2021,2.97614197,3.174888294,2.793380856,3.554832015
UKENTH_TWU_TP000052,136,2,31/05/2021,2.97614197,3.318829879,3.052050715,3.588019923
UKENTH_TWU_TP000052,136,3,07/06/2021,3.204338858,3.325090878,3.058500543,3.594703691
UKENTH_TWU_TP000052,136,4,14/06/2021,3.432535746,3.396587899,3.129491989,3.664700048
UKENTH_TWU_TP000052,136,5,21/06/2021,3.844473619,3.454388289,3.186567499,3.722499982
UKENTH_TWU_TP000052,136,6,28/06/2021,4.256411491,3.784222565,3.517458879,4.052925232
UKENTH_TWU_TP000052,136,7,05/07/2021,3.840599945,3.994334863,3.726828934,4.262310438
UKENTH_TWU_TP000052,136,8,12/07/2021,3.424788399,3.900797739,3.632351046,4.167762115
UKENTH_TWU_TP000052,136,9,19/07/2021,3.424788399,3.850073612,3.58142783,4.116787395
UKENTH_TWU_TP000052,136,10,26/07/2021,4.435834235,4.027606907,3.761138447,4.29651531
UKENTH_TWU_TP000052,136,11,02/08/2021,4.214996471,4.129055519,3.862435327,4.397912215
UKENTH_TWU_TP000052,136,12,09/08/2021,4.214996471,4.126979747,3.858659927,4.393840648
UKENTH_TWU_TP000052,136,13,16/08/2021,3.474583453,4.075760951,3.800115512,4.34345461
UKENTH_TWU_TP000052,136,14,23/08/2021,2.955008199,4.156526711,3.881592523,4.423970715
UKENTH_TWU_TP000052,136,15,30/08/2021,3.271698044,4.287156907,4.016708589,4.553692461
UKENTH_TWU_TP000052,136,16,06/09/2021,3.588387889,4.238991071,3.966708157,4.505708988
UKENTH_TWU_TP000052,136,17,13/09/2021,3.85439913,4.191328157,3.915700854,4.458958588
UKENTH_TWU_TP000052,136,18,20/09/2021,4.12041037,4.105240694,3.83693177,4.371954111
UKENTH_TWU_TP000052,136,19,27/09/2021,4.12041037,4.006460026,3.739948294,4.276168263
UKENTH_TWU_TP000052,136,20,04/10/2021,4.193629299,4.084148383,3.817690494,4.35418783
UKENTH_TWU_TP000052,136,21,11/10/2021,4.204717565,4.156528472,3.889810052,4.428183064
UKENTH_TWU_TP000052,136,22,18/10/2021,4.204717565,4.024557766,3.758066472,4.294589847
UKENTH_TWU_TP000052,136,23,25/10/2021,4.444577385,3.925392356,3.658476796,4.194417224
UKENTH_TWU_TP000052,136,24,01/11/2021,4.673348939,4.032953769,3.766341208,4.303072578
UKENTH_TWU_TP000052,136,25,08/11/2021,4.673348939,4.130079071,3.856402734,4.407870622
UKENTH_TWU_TP000052,136,26,15/11/2021,4.288852076,4.093162299,3.826369855,4.363309974
UKENTH_TWU_TP000052,136,27,22/11/2021,3.241376285,4.000897734,3.732295244,4.267591964
UKENTH_TWU_TP000052,136,28,29/11/2021,3.241376285,4.022868888,3.752587095,4.289278205
UKENTH_TWU_TP000052,136,29,06/12/2021,3.398548792,4.052614621,3.78153705,4.319113266
UKENTH_TWU_TP000052,136,30,13/12/2021,4.60319709,4.051065063,3.78135854,4.317685791
UKENTH_TWU_TP000052,136,31,20/12/2021,4.296524397,3.951729474,3.675711246,4.220294578
UKENTH_TWU_TP000052,136,32,27/12/2021,3.989851703,3.871326005,3.599588972,4.138259731
UKENTH_TWU_TP000052,136,33,03/01/2022,3.909790361,3.78450189,3.514751978,4.0514884
UKENTH_TWU_TP000052,136,34,10/01/2022,3.829729018,3.862816208,3.596165313,4.133845451
UKENTH_TWU_TP000052,136,35,17/01/2022,3.458893623,3.927702407,3.658981831,4.20541752
UKENTH_TWU_TP000052,136,36,24/01/2022,3.088058227,3.800424259,3.53201859,4.067211839
UKENTH_TWU_TP000052,136,37,31/01/2022,3.821769751,3.806281196,3.528140508,4.074974478
UKENTH_TWU_TP000052,136,38,07/02/2022,4.555481275,4.041560338,3.773686341,4.308539533
UKENTH_TWU_TP000052,136,39,14/02/2022,4.703236698,4.246835096,3.980311995,4.518561137
UKENTH_TWU_TP000052,136,40,21/02/2022,4.85099212,4.318427888,4.051775145,4.590032905
UKENTH_TWU_TP000052,136,41,28/02/2022,4.909030817,4.367800589,4.100864739,4.640308165
UKENTH_TWU_TP000052,136,42,07/03/2022,4.967069514,4.445068429,4.178599702,4.715641921
UKENTH_TWU_TP000052,136,43,14/03/2022,4.967069514,4.530211309,4.263212733,4.798865477
UKENTH_TWU_TP000052,136,44,21/03/2022,NA,4.43360405,4.155982193,4.716601541
UKENTH_TWU_TP000052,136,45,28/03/2022,NA,4.383774873,4.104590788,4.672847853
UKENTH_TWU_TP000054,137,1,24/05/2021,NA,3.838528612,3.432530223,4.243308625
UKENTH_TWU_TP000054,137,2,31/05/2021,3.857142316,3.940973648,3.652058368,4.230296796
UKENTH_TWU_TP000054,137,3,07/06/2021,3.857142316,3.947738644,3.659075561,4.237067878
UKENTH_TWU_TP000054,137,4,14/06/2021,3.56681997,4.018892282,3.725710844,4.305772757
UKENTH_TWU_TP000054,137,5,21/06/2021,3.276497623,4.073303958,3.774949914,4.360257674
UKENTH_TWU_TP000054,137,6,28/06/2021,3.900506675,4.427236646,4.135528933,4.714538725
UKENTH_TWU_TP000054,137,7,05/07/2021,4.524515727,4.686890144,4.397717976,4.976610251
UKENTH_TWU_TP000054,137,8,12/07/2021,4.739535771,4.60647762,4.317369431,4.8957089
UKENTH_TWU_TP000054,137,9,19/07/2021,4.954555814,4.554999094,4.266757976,4.844760812
UKENTH_TWU_TP000054,137,10,26/07/2021,4.752180007,4.697380433,4.40931598,4.987527226
UKENTH_TWU_TP000054,137,11,02/08/2021,4.549804199,4.794848533,4.505611189,5.083474487
UKENTH_TWU_TP000054,137,12,09/08/2021,4.388075514,4.764816551,4.471692546,5.052062788
UKENTH_TWU_TP000054,137,13,16/08/2021,4.226346829,4.694426744,4.395001913,4.982002574
UKENTH_TWU_TP000054,137,14,23/08/2021,4.519765737,4.828357395,4.5311488,5.115224866
UKENTH_TWU_TP000054,137,15,30/08/2021,4.813184644,4.998345194,4.704161458,5.285510235
UKENTH_TWU_TP000054,137,16,06/09/2021,4.806167704,4.95658618,4.664169076,5.243773121
UKENTH_TWU_TP000054,137,17,13/09/2021,4.799150764,4.921989738,4.630073326,5.209177312
UKENTH_TWU_TP000054,137,18,20/09/2021,4.928906428,4.798397344,4.51000994,5.088263214
UKENTH_TWU_TP000054,137,19,27/09/2021,5.058662091,4.663621066,4.376505122,4.957147324
UKENTH_TWU_TP000054,137,20,04/10/2021,4.691851204,4.709211858,4.421145112,4.999125548
UKENTH_TWU_TP000054,137,21,11/10/2021,4.325040317,4.759639615,4.469579945,5.047973037
UKENTH_TWU_TP000054,137,22,18/10/2021,4.475808288,4.662582498,4.3746793,4.953014728
UKENTH_TWU_TP000054,137,23,25/10/2021,4.626576259,4.587797686,4.300785073,4.881186593
UKENTH_TWU_TP000054,137,24,01/11/2021,4.822263601,4.690728602,4.403578796,4.983579779
UKENTH_TWU_TP000054,137,25,08/11/2021,5.017950943,4.795041526,4.503667877,5.090161894
UKENTH_TWU_TP000054,137,26,15/11/2021,4.915661794,4.739888976,4.451174779,5.029010901
UKENTH_TWU_TP000054,137,27,22/11/2021,4.813372644,4.640829693,4.347647776,4.92765751
UKENTH_TWU_TP000054,137,28,29/11/2021,4.763447093,4.655090297,4.357811103,4.941824889
UKENTH_TWU_TP000054,137,29,06/12/2021,4.713521542,4.681201538,4.380237728,4.968579687
UKENTH_TWU_TP000054,137,30,13/12/2021,4.804296274,4.683883256,4.387855678,4.970605643
UKENTH_TWU_TP000054,137,31,20/12/2021,4.895071006,4.61523557,4.319934512,4.902145935
UKENTH_TWU_TP000054,137,32,27/12/2021,4.808288633,4.568586366,4.279167246,4.858391266
UKENTH_TWU_TP000054,137,33,03/01/2022,4.721506259,4.507192532,4.219760408,4.801072738
UKENTH_TWU_TP000054,137,34,10/01/2022,4.991716476,4.569721195,4.282606335,4.869422629
UKENTH_TWU_TP000054,137,35,17/01/2022,5.261926693,4.622315925,4.334044207,4.92627626
UKENTH_TWU_TP000054,137,36,24/01/2022,4.84076712,4.522277378,4.235029561,4.814112507
UKENTH_TWU_TP000054,137,37,31/01/2022,4.419607547,4.525557862,4.232121356,4.812472865
UKENTH_TWU_TP000054,137,38,07/02/2022,4.703521535,4.752096455,4.463191654,5.041465279
UKENTH_TWU_TP000054,137,39,14/02/2022,4.987435523,4.953034583,4.665927362,5.24621274
UKENTH_TWU_TP000054,137,40,21/02/2022,5.122573814,5.016831602,4.729873346,5.309951892
UKENTH_TWU_TP000054,137,41,28/02/2022,5.257712105,5.054077366,4.766925103,5.348996839
UKENTH_TWU_TP000054,137,42,07/03/2022,5.206166142,5.138757476,4.851763789,5.433224274
UKENTH_TWU_TP000054,137,43,14/03/2022,5.154620179,5.224310631,4.936756105,5.517055241
UKENTH_TWU_TP000054,137,44,21/03/2022,5.163981075,5.107715931,4.817636217,5.405147585
UKENTH_TWU_TP000054,137,45,28/03/2022,5.173341971,5.025546513,4.735647773,5.324429247
UKENTH_TWU_TP000073,138,1,24/05/2021,4.29831765,4.207905698,3.826228159,4.588864911
UKENTH_TWU_TP000073,138,2,31/05/2021,3.954567443,4.214583971,3.916836867,4.511772177
UKENTH_TWU_TP000073,138,3,07/06/2021,3.954567443,4.236857882,3.937731991,4.532781639
UKENTH_TWU_TP000073,138,4,14/06/2021,4.270168262,4.453365324,4.15789755,4.751353541
UKENTH_TWU_TP000073,138,5,21/06/2021,4.929519288,4.645652234,4.350829547,4.952942281
UKENTH_TWU_TP000073,138,6,28/06/2021,4.580849022,4.804025869,4.508042681,5.101367342
UKENTH_TWU_TP000073,138,7,05/07/2021,4.232178755,4.861367354,4.556610787,5.155873826
UKENTH_TWU_TP000073,138,8,12/07/2021,4.639763002,4.835977405,4.534022489,5.130472121
UKENTH_TWU_TP000073,138,9,19/07/2021,5.047347249,4.844301473,4.544849199,5.139435975
UKENTH_TWU_TP000073,138,10,26/07/2021,5.054239843,5.075438728,4.775785984,5.370502282
UKENTH_TWU_TP000073,138,11,02/08/2021,5.061132436,5.276280527,4.97831071,5.572313484
UKENTH_TWU_TP000073,138,12,09/08/2021,4.717958266,5.221082625,4.920711344,5.516415347
UKENTH_TWU_TP000073,138,13,16/08/2021,4.374784095,5.156949077,4.854408105,5.451608325
UKENTH_TWU_TP000073,138,14,23/08/2021,4.864946601,5.237392327,4.93941837,5.533515494
UKENTH_TWU_TP000073,138,15,30/08/2021,5.355109107,5.355434575,5.058560891,5.652109066
UKENTH_TWU_TP000073,138,16,06/09/2021,4.981226411,5.342954179,5.046907103,5.640801061
UKENTH_TWU_TP000073,138,17,13/09/2021,4.607343715,5.337418076,5.041863448,5.63567109
UKENTH_TWU_TP000073,138,18,20/09/2021,5.07008034,5.15871103,4.863470958,5.457758938
UKENTH_TWU_TP000073,138,19,27/09/2021,5.532816965,4.986350374,4.690687315,5.285566257
UKENTH_TWU_TP000073,138,20,04/10/2021,5.391842978,5.051576526,4.754406152,5.347846367
UKENTH_TWU_TP000073,138,21,11/10/2021,5.250868991,5.115189396,4.811223591,5.41510464
UKENTH_TWU_TP000073,138,22,18/10/2021,5.460574182,5.025518407,4.724739876,5.327386951
UKENTH_TWU_TP000073,138,23,25/10/2021,5.670279373,4.98215548,4.687417253,5.282845212
UKENTH_TWU_TP000073,138,24,01/11/2021,4.992589257,5.03906048,4.740727398,5.334456961
UKENTH_TWU_TP000073,138,25,08/11/2021,4.314899141,5.110400911,4.804791857,5.405659035
UKENTH_TWU_TP000073,138,26,15/11/2021,5.083949873,5.085674163,4.787064699,5.383119786
UKENTH_TWU_TP000073,138,27,22/11/2021,5.853000604,5.079506693,4.784246185,5.382257605
UKENTH_TWU_TP000073,138,28,29/11/2021,5.65349934,5.13034141,4.835365958,5.431208277
UKENTH_TWU_TP000073,138,29,06/12/2021,5.453998076,5.164284414,4.869007512,5.465662163
UKENTH_TWU_TP000073,138,30,13/12/2021,5.492122392,5.13821257,4.843735787,5.439761909
UKENTH_TWU_TP000073,138,31,20/12/2021,5.530246708,5.101488325,4.80667037,5.404995748
UKENTH_TWU_TP000073,138,32,27/12/2021,5.530246708,5.034731325,4.739678547,5.339956867
UKENTH_TWU_TP000073,138,33,03/01/2022,5.112510431,4.949084507,4.652593309,5.24604386
UKENTH_TWU_TP000073,138,34,10/01/2022,5.375649134,4.879229033,4.580536835,5.174459594
UKENTH_TWU_TP000073,138,35,17/01/2022,5.375649134,4.853339837,4.552489548,5.14814633
UKENTH_TWU_TP000073,138,36,24/01/2022,5.965879316,4.888987563,4.594158077,5.188890735
UKENTH_TWU_TP000073,138,37,31/01/2022,6.292970794,5.008581297,4.711739912,5.324097573
UKENTH_TWU_TP000073,138,38,07/02/2022,4.781009068,5.034221641,4.737748602,5.330874998
UKENTH_TWU_TP000073,138,39,14/02/2022,3.269047342,5.091198284,4.775912302,5.388455489
UKENTH_TWU_TP000073,138,40,21/02/2022,4.219799803,5.186850928,4.87834174,5.481972984
UKENTH_TWU_TP000073,138,41,28/02/2022,5.170552264,5.224431353,4.916116105,5.524143792
UKENTH_TWU_TP000073,138,42,07/03/2022,5.294500153,5.375935548,5.075201553,5.670543215
UKENTH_TWU_TP000073,138,43,14/03/2022,5.418448041,5.593772089,5.298253569,5.894580964
UKENTH_TWU_TP000073,138,44,21/03/2022,5.366676431,5.474316162,5.177789675,5.773813416
UKENTH_TWU_TP000073,138,45,28/03/2022,5.653875234,5.473355575,5.177893931,5.778594109
UKENTH_TWU_TP000084,139,1,24/05/2021,NA,3.805219058,3.409246429,4.200208637
UKENTH_TWU_TP000084,139,2,31/05/2021,4.421613524,3.910512385,3.63003772,4.200458027
UKENTH_TWU_TP000084,139,3,07/06/2021,3.841228708,3.897677543,3.616996766,4.182254336
UKENTH_TWU_TP000084,139,4,14/06/2021,3.841228708,4.047040765,3.766419061,4.330905471
UKENTH_TWU_TP000084,139,5,21/06/2021,3.260843892,4.150125783,3.86856786,4.432321066
UKENTH_TWU_TP000084,139,6,28/06/2021,4.869693589,4.451330535,4.171161724,4.739465236
UKENTH_TWU_TP000084,139,7,05/07/2021,4.869693589,4.589525214,4.308690845,4.873393431
UKENTH_TWU_TP000084,139,8,12/07/2021,4.271003212,4.499471571,4.215479453,4.7800235
UKENTH_TWU_TP000084,139,9,19/07/2021,3.672312835,4.43259835,4.142915381,4.712872955
UKENTH_TWU_TP000084,139,10,26/07/2021,4.381158537,4.660099509,4.376043939,4.940659476
UKENTH_TWU_TP000084,139,11,02/08/2021,5.090004239,4.84854584,4.56792941,5.132422661
UKENTH_TWU_TP000084,139,12,09/08/2021,5.358492699,4.808190806,4.526891758,5.092074012
UKENTH_TWU_TP000084,139,13,16/08/2021,5.626981159,4.74206256,4.459834904,5.026519148
UKENTH_TWU_TP000084,139,14,23/08/2021,5.054426572,4.818685474,4.535394936,5.099945659
UKENTH_TWU_TP000084,139,15,30/08/2021,4.481871984,4.925017156,4.636765865,5.20535077
UKENTH_TWU_TP000084,139,16,06/09/2021,4.798194367,4.920022156,4.637024293,5.201002556
UKENTH_TWU_TP000084,139,17,13/09/2021,5.11451675,4.920710219,4.639984131,5.204264835
UKENTH_TWU_TP000084,139,18,20/09/2021,4.299507296,4.703839609,4.417152176,4.983926732
UKENTH_TWU_TP000084,139,19,27/09/2021,3.484497842,4.485077029,4.184196046,4.768651538
UKENTH_TWU_TP000084,139,20,04/10/2021,4.130822282,4.590455431,4.296119781,4.871752845
UKENTH_TWU_TP000084,139,21,11/10/2021,4.777146722,4.692343865,4.403446345,4.973784702
UKENTH_TWU_TP000084,139,22,18/10/2021,4.912226638,4.623685715,4.341455074,4.907636736
UKENTH_TWU_TP000084,139,23,25/10/2021,5.047306553,4.587607067,4.30716536,4.878115298
UKENTH_TWU_TP000084,139,24,01/11/2021,5.086372224,4.688612821,4.408525766,4.976548302
UKENTH_TWU_TP000084,139,25,08/11/2021,5.125437895,4.79535103,4.513813706,5.082371154
UKENTH_TWU_TP000084,139,26,15/11/2021,4.830991015,4.729229079,4.448479162,5.014268076
UKENTH_TWU_TP000084,139,27,22/11/2021,4.536544134,4.655333444,4.374175459,4.938047426
UKENTH_TWU_TP000084,139,28,29/11/2021,4.632652109,4.708886219,4.428209985,4.992378427
UKENTH_TWU_TP000084,139,29,06/12/2021,4.728760083,4.758899137,4.478702848,5.044493777
UKENTH_TWU_TP000084,139,30,13/12/2021,4.923757717,4.752600539,4.472449678,5.040209384
UKENTH_TWU_TP000084,139,31,20/12/2021,5.11875535,4.702258277,4.421230338,4.992622196
UKENTH_TWU_TP000084,139,32,27/12/2021,4.614166119,4.617446336,4.336953686,4.906788538
UKENTH_TWU_TP000084,139,33,03/01/2022,4.16382023,4.498130642,4.215912963,4.780025938
UKENTH_TWU_TP000084,139,34,10/01/2022,4.16382023,4.492097232,4.209866998,4.773734606
UKENTH_TWU_TP000084,139,35,17/01/2022,4.218063571,4.495488115,4.211169173,4.776551583
UKENTH_TWU_TP000084,139,36,24/01/2022,4.008045721,4.446161487,4.159659831,4.726614303
UKENTH_TWU_TP000084,139,37,31/01/2022,4.008045721,4.493175697,4.204515003,4.773500376
UKENTH_TWU_TP000084,139,38,07/02/2022,4.458224438,4.651205232,4.365420569,4.931446598
UKENTH_TWU_TP000084,139,39,14/02/2022,4.908403155,4.807205489,4.522950792,5.087897008
UKENTH_TWU_TP000084,139,40,21/02/2022,4.969527087,4.853264114,4.566383148,5.133467627
UKENTH_TWU_TP000084,139,41,28/02/2022,5.030651018,4.86745475,4.578089187,5.148970881
UKENTH_TWU_TP000084,139,42,07/03/2022,5.194156901,5.007902384,4.722858336,5.288142055
UKENTH_TWU_TP000084,139,43,14/03/2022,5.357662783,5.193447985,4.912008547,5.476678982
UKENTH_TWU_TP000084,139,44,21/03/2022,5.340996877,5.085185981,4.803309221,5.370517961
UKENTH_TWU_TP000084,139,45,28/03/2022,5.32433097,5.061188062,4.779546019,5.350986056
UKENTH_TWU_TP000100,140,1,24/05/2021,NA,4.215653666,3.808879775,4.62025642
UKENTH_TWU_TP000100,140,2,31/05/2021,4.11801768,4.224847954,3.927848006,4.521529402
UKENTH_TWU_TP000100,140,3,07/06/2021,4.189450319,4.25520754,3.958475514,4.551947657
UKENTH_TWU_TP000100,140,4,14/06/2021,4.189450319,4.424570278,4.126699777,4.718020894
UKENTH_TWU_TP000100,140,5,21/06/2021,4.260882957,4.543053011,4.241451978,4.835796635
UKENTH_TWU_TP000100,140,6,28/06/2021,5.155706771,4.786059151,4.487102154,5.079098244
UKENTH_TWU_TP000100,140,7,05/07/2021,5.155706771,4.958028671,4.656752907,5.250980175
UKENTH_TWU_TP000100,140,8,12/07/2021,5.074553738,4.964763053,4.669087346,5.259420297
UKENTH_TWU_TP000100,140,9,19/07/2021,4.993400704,4.938607987,4.644914368,5.236090717
UKENTH_TWU_TP000100,140,10,26/07/2021,5.225573375,5.124977118,4.83014184,5.420452802
UKENTH_TWU_TP000100,140,11,02/08/2021,5.457746045,5.319541549,5.024094552,5.614443507
UKENTH_TWU_TP000100,140,12,09/08/2021,4.423657458,5.217144343,4.911763334,5.51256428
UKENTH_TWU_TP000100,140,13,16/08/2021,3.389568871,5.082005041,4.763593634,5.38094638
UKENTH_TWU_TP000100,140,14,23/08/2021,4.492666763,5.25427056,4.949146741,5.549740997
UKENTH_TWU_TP000100,140,15,30/08/2021,5.595764655,5.444802266,5.144985532,5.74197259
UKENTH_TWU_TP000100,140,16,06/09/2021,5.406859323,5.40855224,5.112973205,5.703769315
UKENTH_TWU_TP000100,140,17,13/09/2021,5.217953991,5.41077221,5.116492347,5.707043919
UKENTH_TWU_TP000100,140,18,20/09/2021,5.009258572,5.192441891,4.896927699,5.487546755
UKENTH_TWU_TP000100,140,19,27/09/2021,4.800563153,4.970768274,4.673043845,5.264769909
UKENTH_TWU_TP000100,140,20,04/10/2021,4.756536845,5.021453745,4.723853151,5.314949932
UKENTH_TWU_TP000100,140,21,11/10/2021,4.712510536,5.09042267,4.79076363,5.385861217
UKENTH_TWU_TP000100,140,22,18/10/2021,4.848294782,4.982044702,4.679278513,5.276851995
UKENTH_TWU_TP000100,140,23,25/10/2021,4.984079027,4.899685354,4.593960907,5.192776202
UKENTH_TWU_TP000100,140,24,01/11/2021,5.345812554,5.069824737,4.772783367,5.363348561
UKENTH_TWU_TP000100,140,25,08/11/2021,5.70754608,5.264906366,4.971703807,5.564561987
UKENTH_TWU_TP000100,140,26,15/11/2021,5.567615166,5.172402202,4.879151386,5.4711207
UKENTH_TWU_TP000100,140,27,22/11/2021,5.427684252,5.093787375,4.800359641,5.391543322
UKENTH_TWU_TP000100,140,28,29/11/2021,5.280492351,5.144887023,4.85160569,5.442698831
UKENTH_TWU_TP000100,140,29,06/12/2021,5.13330045,5.202806497,4.909848568,5.501822973
UKENTH_TWU_TP000100,140,30,13/12/2021,5.569662083,5.173665829,4.880688185,5.477916967
UKENTH_TWU_TP000100,140,31,20/12/2021,6.006023716,5.112175354,4.816325165,5.424890872
UKENTH_TWU_TP000100,140,32,27/12/2021,5.297053031,5.028185645,4.733699305,5.332653595
UKENTH_TWU_TP000100,140,33,03/01/2022,4.588082346,4.972746542,4.678428656,5.270050743
UKENTH_TWU_TP000100,140,34,10/01/2022,4.995347827,4.938559639,4.645003843,5.235990164
UKENTH_TWU_TP000100,140,35,17/01/2022,5.402613308,4.938965477,4.645944639,5.238003558
UKENTH_TWU_TP000100,140,36,24/01/2022,4.891628543,4.916853953,4.622361184,5.213219568
UKENTH_TWU_TP000100,140,37,31/01/2022,4.380643778,4.984581038,4.689159047,5.280441073
UKENTH_TWU_TP000100,140,38,07/02/2022,4.93086132,5.165741629,4.871939036,5.463592094
UKENTH_TWU_TP000100,140,39,14/02/2022,5.481078862,5.303519112,5.010118777,5.602423425
UKENTH_TWU_TP000100,140,40,21/02/2022,5.891337169,5.370147241,5.076830127,5.670490811
UKENTH_TWU_TP000100,140,41,28/02/2022,6.301595476,5.414471272,5.119086933,5.719629779
UKENTH_TWU_TP000100,140,42,07/03/2022,5.941965394,5.499106027,5.205540149,5.796793097
UKENTH_TWU_TP000100,140,43,14/03/2022,5.582335312,5.58484465,5.286934598,5.879159708
UKENTH_TWU_TP000100,140,44,21/03/2022,5.546572941,5.484735419,5.187677701,5.779387027
UKENTH_TWU_TP000100,140,45,28/03/2022,5.51081057,5.446710582,5.151391972,5.742801634
UKENTH_TWU_TP000102,141,1,24/05/2021,NA,3.462405002,3.069703207,3.853399565
UKENTH_TWU_TP000102,141,2,31/05/2021,3.158053901,3.615072351,3.344167226,3.889000126
UKENTH_TWU_TP000102,141,3,07/06/2021,3.158053901,3.620446007,3.349776716,3.894733605
UKENTH_TWU_TP000102,141,4,14/06/2021,3.490508502,3.686008239,3.414809818,3.958140157
UKENTH_TWU_TP000102,141,5,21/06/2021,3.822963103,3.735610323,3.463300141,4.007236982
UKENTH_TWU_TP000102,141,6,28/06/2021,4.32726093,4.061726403,3.790608001,4.334149487
UKENTH_TWU_TP000102,141,7,05/07/2021,4.831558756,4.270347845,3.99878821,4.542706604
UKENTH_TWU_TP000102,141,8,12/07/2021,4.52987923,4.185806406,3.914328784,4.457711259
UKENTH_TWU_TP000102,141,9,19/07/2021,4.228199704,4.143683667,3.872502725,4.415914115
UKENTH_TWU_TP000102,141,10,26/07/2021,4.591041752,4.310622034,4.040133611,4.585037813
UKENTH_TWU_TP000102,141,11,02/08/2021,4.953883799,4.40555413,4.134863082,4.679364237
UKENTH_TWU_TP000102,141,12,09/08/2021,4.880729737,4.425786808,4.154102999,4.697492025
UKENTH_TWU_TP000102,141,13,16/08/2021,4.807575675,4.401334676,4.125295805,4.671847924
UKENTH_TWU_TP000102,141,14,23/08/2021,4.9020154,4.460555402,4.184815257,4.731033496
UKENTH_TWU_TP000102,141,15,30/08/2021,4.996455125,4.565677444,4.292561933,4.836561753
UKENTH_TWU_TP000102,141,16,06/09/2021,4.171952795,4.514232688,4.238168755,4.784812682
UKENTH_TWU_TP000102,141,17,13/09/2021,3.347450464,4.4618178,4.180587939,4.733566858
UKENTH_TWU_TP000102,141,18,20/09/2021,3.942469513,4.384946882,4.111727643,4.655638904
UKENTH_TWU_TP000102,141,19,27/09/2021,4.537488561,4.297495302,4.026813287,4.571145812
UKENTH_TWU_TP000102,141,20,04/10/2021,4.582986612,4.374930007,4.104160403,4.648336442
UKENTH_TWU_TP000102,141,21,11/10/2021,4.628484662,4.443942366,4.173122376,4.718435722
UKENTH_TWU_TP000102,141,22,18/10/2021,4.385133238,4.299829513,4.028479207,4.57189439
UKENTH_TWU_TP000102,141,23,25/10/2021,4.141781813,4.190691693,3.917471814,4.461368561
UKENTH_TWU_TP000102,141,24,01/11/2021,4.27283316,4.303775605,4.03239819,4.575687327
UKENTH_TWU_TP000102,141,25,08/11/2021,4.403884507,4.406074796,4.130596174,4.684359217
UKENTH_TWU_TP000102,141,26,15/11/2021,4.542445075,4.371293396,4.100022316,4.644904639
UKENTH_TWU_TP000102,141,27,22/11/2021,4.681005642,4.29293587,4.020013385,4.563868375
UKENTH_TWU_TP000102,141,28,29/11/2021,4.316601875,4.317053833,4.04261389,4.587473344
UKENTH_TWU_TP000102,141,29,06/12/2021,3.952198108,4.346687588,4.0715131,4.61717561
UKENTH_TWU_TP000102,141,30,13/12/2021,3.577767763,4.335370075,4.059821052,4.605885424
UKENTH_TWU_TP000102,141,31,20/12/2021,3.203337417,4.232637623,3.948193533,4.506381475
UKENTH_TWU_TP000102,141,32,27/12/2021,3.551065775,4.143858411,3.865050121,4.414958489
UKENTH_TWU_TP000102,141,33,03/01/2022,3.898794133,4.056289413,3.780610454,4.32727196
UKENTH_TWU_TP000102,141,34,10/01/2022,4.200881772,4.126962527,3.85623974,4.400504893
UKENTH_TWU_TP000102,141,35,17/01/2022,4.502969411,4.186987662,3.915670567,4.466618429
UKENTH_TWU_TP000102,141,36,24/01/2022,4.222416637,4.069233884,3.796086487,4.340026379
UKENTH_TWU_TP000102,141,37,31/01/2022,3.941863862,4.09013046,3.808801235,4.362036043
UKENTH_TWU_TP000102,141,38,07/02/2022,4.028180172,4.31386607,4.041613121,4.585020698
UKENTH_TWU_TP000102,141,39,14/02/2022,4.114496481,4.510544959,4.239986022,4.786302936
UKENTH_TWU_TP000102,141,40,21/02/2022,4.378264479,4.590115952,4.319593381,4.866351982
UKENTH_TWU_TP000102,141,41,28/02/2022,4.642032476,4.650537554,4.379506108,4.928829261
UKENTH_TWU_TP000102,141,42,07/03/2022,4.860159954,4.720356029,4.449886716,4.995524194
UKENTH_TWU_TP000102,141,43,14/03/2022,5.078287431,4.798777437,4.527484923,5.0712658
UKENTH_TWU_TP000102,141,44,21/03/2022,4.854165926,4.702547723,4.426750165,4.983081227
UKENTH_TWU_TP000102,141,45,28/03/2022,4.63004442,4.649238265,4.372662844,4.93456984
UKENTH_TWU_TP000103,142,1,24/05/2021,NA,5.002351814,4.583329422,5.420152266
UKENTH_TWU_TP000103,142,2,31/05/2021,4.325357756,5.008922502,4.701367115,5.310836332
UKENTH_TWU_TP000103,142,3,07/06/2021,4.325357756,5.035256353,4.728069495,5.337509036
UKENTH_TWU_TP000103,142,4,14/06/2021,4.844896636,5.183266871,4.876112966,5.485304945
UKENTH_TWU_TP000103,142,5,21/06/2021,5.364435515,5.304567512,4.997489422,5.606750548
UKENTH_TWU_TP000103,142,6,28/06/2021,5.462501263,5.612840827,5.307384515,5.91565778
UKENTH_TWU_TP000103,142,7,05/07/2021,5.56056701,5.908701874,5.604637953,6.214807835
UKENTH_TWU_TP000103,142,8,12/07/2021,5.408002296,5.841992652,5.537556625,6.147096523
UKENTH_TWU_TP000103,142,9,19/07/2021,5.255437581,5.753907601,5.449286539,6.057169276
UKENTH_TWU_TP000103,142,10,26/07/2021,5.472822624,5.849544531,5.541041995,6.151060563
UKENTH_TWU_TP000103,142,11,02/08/2021,5.690207667,5.949448185,5.635985882,6.251082735
UKENTH_TWU_TP000103,142,12,09/08/2021,5.846641431,5.942300419,5.632352673,6.245767118
UKENTH_TWU_TP000103,142,13,16/08/2021,6.003075194,5.904750879,5.598020129,6.211280406
UKENTH_TWU_TP000103,142,14,23/08/2021,6.189042944,6.092344853,5.787405296,6.398201273
UKENTH_TWU_TP000103,142,15,30/08/2021,6.375010694,6.294965822,5.988870209,6.601690441
UKENTH_TWU_TP000103,142,16,06/09/2021,6.222059502,6.210127311,5.90427932,6.51301118
UKENTH_TWU_TP000103,142,17,13/09/2021,6.06910831,6.153874047,5.845227658,6.455480373
UKENTH_TWU_TP000103,142,18,20/09/2021,5.810161596,5.96152721,5.652664201,6.262928716
UKENTH_TWU_TP000103,142,19,27/09/2021,5.551214881,5.762382865,5.452690007,6.0638618
UKENTH_TWU_TP000103,142,20,04/10/2021,5.678027657,5.799378315,5.49101356,6.100871988
UKENTH_TWU_TP000103,142,21,11/10/2021,5.804840432,5.856001403,5.548472622,6.158064994
UKENTH_TWU_TP000103,142,22,18/10/2021,5.500419238,5.757876604,5.450220954,6.059718696
UKENTH_TWU_TP000103,142,23,25/10/2021,5.195998043,5.675981929,5.367136426,5.977617189
UKENTH_TWU_TP000103,142,24,01/11/2021,5.689166879,5.81852803,5.512419181,6.120899766
UKENTH_TWU_TP000103,142,25,08/11/2021,6.182335714,5.975713698,5.671295332,6.279446293
UKENTH_TWU_TP000103,142,26,15/11/2021,6.250002424,5.925926786,5.622738098,6.230295648
UKENTH_TWU_TP000103,142,27,22/11/2021,6.317669133,5.861099582,5.558775451,6.167471878
UKENTH_TWU_TP000103,142,28,29/11/2021,6.159201751,5.880230855,5.5751419,6.18286097
UKENTH_TWU_TP000103,142,29,06/12/2021,6.000734369,5.90740433,5.597842669,6.208771735
UKENTH_TWU_TP000103,142,30,13/12/2021,6.157134624,5.884737608,5.578848434,6.187312471
UKENTH_TWU_TP000103,142,31,20/12/2021,6.313534879,5.83074419,5.527604885,6.136434882
UKENTH_TWU_TP000103,142,32,27/12/2021,6.377690666,5.774247112,5.472111201,6.084749455
UKENTH_TWU_TP000103,142,33,03/01/2022,6.441846453,5.731795079,5.42937572,6.046114796
UKENTH_TWU_TP000103,142,34,10/01/2022,6.290217391,5.732515226,5.430854445,6.045904205
UKENTH_TWU_TP000103,142,35,17/01/2022,6.138588328,5.735825574,5.434462585,6.047802006
UKENTH_TWU_TP000103,142,36,24/01/2022,6.461956182,5.744224099,5.442125302,6.060891478
UKENTH_TWU_TP000103,142,37,31/01/2022,6.785324036,5.823205539,5.519943977,6.144257356
UKENTH_TWU_TP000103,142,38,07/02/2022,6.448118693,6.041255481,5.738715022,6.357721552
UKENTH_TWU_TP000103,142,39,14/02/2022,6.110913349,6.219264196,5.916234207,6.532936313
UKENTH_TWU_TP000103,142,40,21/02/2022,6.142026173,6.251014722,5.948689728,6.563097933
UKENTH_TWU_TP000103,142,41,28/02/2022,6.173138997,6.264577998,5.96063879,6.576613555
UKENTH_TWU_TP000103,142,42,07/03/2022,6.439549787,6.32948357,6.025743627,6.641913581
UKENTH_TWU_TP000103,142,43,14/03/2022,6.705960576,6.379033993,6.07511056,6.689365761
UKENTH_TWU_TP000103,142,44,21/03/2022,6.449352685,6.20391772,5.895836127,6.508858436
UKENTH_TWU_TP000103,142,45,28/03/2022,6.192744794,6.042380346,5.722493765,6.347277186
UKENTH_TWU_TP000106,143,1,24/05/2021,NA,3.664571457,3.262313578,4.065304552
UKENTH_TWU_TP000106,143,2,31/05/2021,3.707546285,3.72178018,3.437830019,4.011191796
UKENTH_TWU_TP000106,143,3,07/06/2021,3.707546285,3.73861272,3.454368239,4.027673112
UKENTH_TWU_TP000106,143,4,14/06/2021,4.021246034,3.881976797,3.597013767,4.167867493
UKENTH_TWU_TP000106,143,5,21/06/2021,4.334945783,3.984935836,3.698013873,4.269138683
UKENTH_TWU_TP000106,143,6,28/06/2021,4.479425231,4.281212301,3.996858053,4.567489124
UKENTH_TWU_TP000106,143,7,05/07/2021,4.623904679,4.507203468,4.223440296,4.795594639
UKENTH_TWU_TP000106,143,8,12/07/2021,4.623904679,4.460148177,4.17655417,4.748473692
UKENTH_TWU_TP000106,143,9,19/07/2021,4.767724439,4.397377033,4.11374137,4.685463593
UKENTH_TWU_TP000106,143,10,26/07/2021,4.767724439,4.551030727,4.265564218,4.835924839
UKENTH_TWU_TP000106,143,11,02/08/2021,4.608366319,4.692103791,4.403615946,4.975449141
UKENTH_TWU_TP000106,143,12,09/08/2021,4.449008199,4.628129046,4.335356068,4.913050847
UKENTH_TWU_TP000106,143,13,16/08/2021,4.391066731,4.532053129,4.236912658,4.81779851
UKENTH_TWU_TP000106,143,14,23/08/2021,4.373050922,4.692248612,4.39999377,4.977110341
UKENTH_TWU_TP000106,143,15,30/08/2021,4.373050922,4.871019625,4.578292278,5.156447636
UKENTH_TWU_TP000106,143,16,06/09/2021,4.71688771,4.841705003,4.555586376,5.126163898
UKENTH_TWU_TP000106,143,17,13/09/2021,5.020798839,4.841805624,4.557992256,5.129015194
UKENTH_TWU_TP000106,143,18,20/09/2021,4.633258014,4.614199841,4.327022658,4.897987827
UKENTH_TWU_TP000106,143,19,27/09/2021,4.245717188,4.382330073,4.088265674,4.665810171
UKENTH_TWU_TP000106,143,20,04/10/2021,4.394319737,4.438452429,4.143851161,4.72181145
UKENTH_TWU_TP000106,143,21,11/10/2021,4.542922285,4.507346269,4.211574087,4.791702057
UKENTH_TWU_TP000106,143,22,18/10/2021,4.706713039,4.425123119,4.133554837,4.709167704
UKENTH_TWU_TP000106,143,23,25/10/2021,4.870503793,4.364095408,4.075784775,4.647568408
UKENTH_TWU_TP000106,143,24,01/11/2021,4.853466236,4.511280524,4.225327719,4.795638808
UKENTH_TWU_TP000106,143,25,08/11/2021,4.836428679,4.6711753,4.38627462,4.957637859
UKENTH_TWU_TP000106,143,26,15/11/2021,4.534063016,4.602536662,4.318444291,4.889163461
UKENTH_TWU_TP000106,143,27,22/11/2021,4.231697352,4.535000149,4.251201392,4.822289317
UKENTH_TWU_TP000106,143,28,29/11/2021,4.447782871,4.563351612,4.278574854,4.848780349
UKENTH_TWU_TP000106,143,29,06/12/2021,4.663868389,4.602351567,4.316606986,4.886893405
UKENTH_TWU_TP000106,143,30,13/12/2021,4.344134471,4.586671902,4.302695632,4.873459855
UKENTH_TWU_TP000106,143,31,20/12/2021,4.024400553,4.531439507,4.247287898,4.823081501
UKENTH_TWU_TP000106,143,32,27/12/2021,4.534663909,4.478123197,4.194482339,4.772813215
UKENTH_TWU_TP000106,143,33,03/01/2022,5.044927265,4.422720516,4.138977953,4.717850925
UKENTH_TWU_TP000106,143,34,10/01/2022,4.347910922,4.390273069,4.106971763,4.678873038
UKENTH_TWU_TP000106,143,35,17/01/2022,3.650894579,4.375913827,4.089901175,4.661127233
UKENTH_TWU_TP000106,143,36,24/01/2022,4.06903472,4.362612415,4.077458581,4.648319538
UKENTH_TWU_TP000106,143,37,31/01/2022,4.487174861,4.432290448,4.147930522,4.71890517
UKENTH_TWU_TP000106,143,38,07/02/2022,4.614377258,4.625632992,4.341407476,4.913083415
UKENTH_TWU_TP000106,143,39,14/02/2022,4.741579654,4.778845804,4.494442967,5.066238868
UKENTH_TWU_TP000106,143,40,21/02/2022,4.712583656,4.827319871,4.542871102,5.113699868
UKENTH_TWU_TP000106,143,41,28/02/2022,4.683587658,4.84990788,4.56427963,5.137409596
UKENTH_TWU_TP000106,143,42,07/03/2022,4.877507642,4.95443233,4.670104543,5.241557333
UKENTH_TWU_TP000106,143,43,14/03/2022,5.071427626,5.059308131,4.773924153,5.345736704
UKENTH_TWU_TP000106,143,44,21/03/2022,4.897814543,4.936099679,4.650464559,5.222447505
UKENTH_TWU_TP000106,143,45,28/03/2022,4.724201459,4.860119493,4.574152111,5.145938085
UKENTH_TWU_TP000113,144,1,24/05/2021,NA,3.30999102,2.906912776,3.712164627
UKENTH_TWU_TP000113,144,2,31/05/2021,3.326971186,3.405887071,3.120781966,3.69994864
UKENTH_TWU_TP000113,144,3,07/06/2021,3.326971186,3.398323163,3.112588251,3.688276304
UKENTH_TWU_TP000113,144,4,14/06/2021,3.518072406,3.541819412,3.255756475,3.830431302
UKENTH_TWU_TP000113,144,5,21/06/2021,3.709173625,3.644713156,3.35750582,3.931758927
UKENTH_TWU_TP000113,144,6,28/06/2021,3.939662615,3.948794128,3.663764208,4.240586232
UKENTH_TWU_TP000113,144,7,05/07/2021,4.170151604,4.110047961,3.824189694,4.399298684
UKENTH_TWU_TP000113,144,8,12/07/2021,4.034916317,4.026639239,3.738359659,4.312809475
UKENTH_TWU_TP000113,144,9,19/07/2021,3.899681029,3.959422723,3.667575462,4.24437646
UKENTH_TWU_TP000113,144,10,26/07/2021,4.207253645,4.172284561,3.883754084,4.458255779
UKENTH_TWU_TP000113,144,11,02/08/2021,4.51482626,4.352628871,4.066647276,4.641088592
UKENTH_TWU_TP000113,144,12,09/08/2021,4.505900831,4.303345057,4.016270512,4.591557865
UKENTH_TWU_TP000113,144,13,16/08/2021,4.496975401,4.226186779,3.937880823,4.514956043
UKENTH_TWU_TP000113,144,14,23/08/2021,4.432077901,4.323511001,4.033940141,4.609600219
UKENTH_TWU_TP000113,144,15,30/08/2021,4.3671804,4.445632792,4.150912667,4.730982909
UKENTH_TWU_TP000113,144,16,06/09/2021,4.501135264,4.440293755,4.152171853,4.72657832
UKENTH_TWU_TP000113,144,17,13/09/2021,4.635090128,4.445894739,4.160444023,4.735886079
UKENTH_TWU_TP000113,144,18,20/09/2021,3.957653299,4.217240558,3.92551265,4.502308194
UKENTH_TWU_TP000113,144,19,27/09/2021,3.280216469,3.985838054,3.679213168,4.27369012
UKENTH_TWU_TP000113,144,20,04/10/2021,3.533693937,4.08257561,3.781370217,4.368581787
UKENTH_TWU_TP000113,144,21,11/10/2021,3.787171405,4.181027981,3.88448445,4.46721005
UKENTH_TWU_TP000113,144,22,18/10/2021,4.053472327,4.114119299,3.825616746,4.401955284
UKENTH_TWU_TP000113,144,23,25/10/2021,4.319773248,4.075631548,3.790538538,4.368747763
UKENTH_TWU_TP000113,144,24,01/11/2021,4.228882607,4.183571614,3.898475991,4.474838728
UKENTH_TWU_TP000113,144,25,08/11/2021,4.137991965,4.301615683,4.014809033,4.592351854
UKENTH_TWU_TP000113,144,26,15/11/2021,4.395575169,4.243469557,3.958140809,4.534111402
UKENTH_TWU_TP000113,144,27,22/11/2021,4.653158372,4.175139913,3.889867176,4.465718458
UKENTH_TWU_TP000113,144,28,29/11/2021,4.509985902,4.214854032,3.929336242,4.504571782
UKENTH_TWU_TP000113,144,29,06/12/2021,4.366813432,4.25875072,3.973290059,4.548641877
UKENTH_TWU_TP000113,144,30,13/12/2021,4.464523383,4.253000241,3.968079593,4.545633047
UKENTH_TWU_TP000113,144,31,20/12/2021,4.562233333,4.203742689,3.918341567,4.500138482
UKENTH_TWU_TP000113,144,32,27/12/2021,4.335309076,4.126828781,3.84130235,4.423295845
UKENTH_TWU_TP000113,144,33,03/01/2022,4.108384819,4.015250203,3.729036842,4.303974316
UKENTH_TWU_TP000113,144,34,10/01/2022,4.275050604,4.00836489,3.721997233,4.29634042
UKENTH_TWU_TP000113,144,35,17/01/2022,4.441716389,4.013447461,3.725534474,4.300333592
UKENTH_TWU_TP000113,144,36,24/01/2022,3.786849544,3.960390197,3.66893419,4.245805069
UKENTH_TWU_TP000113,144,37,31/01/2022,3.131982698,4.002339692,3.706249206,4.287617102
UKENTH_TWU_TP000113,144,38,07/02/2022,3.692698986,4.17573637,3.884280983,4.461034939
UKENTH_TWU_TP000113,144,39,14/02/2022,4.253415273,4.338421863,4.049851595,4.62451752
UKENTH_TWU_TP000113,144,40,21/02/2022,4.098397223,4.385072855,4.093880293,4.670343629
UKENTH_TWU_TP000113,144,41,28/02/2022,3.943379172,4.398609025,4.1050257,4.684936258
UKENTH_TWU_TP000113,144,42,07/03/2022,4.28506437,4.530961926,4.241100596,4.816465466
UKENTH_TWU_TP000113,144,43,14/03/2022,4.626749567,4.702465312,4.415468215,4.990745025
UKENTH_TWU_TP000113,144,44,21/03/2022,4.759170477,4.593501953,4.306549089,4.883927833
UKENTH_TWU_TP000113,144,45,28/03/2022,4.891591387,4.561852929,4.27559966,4.856728641
UKENTH_TWU_TP000116,145,1,24/05/2021,NA,4.586445593,4.154722886,5.017536411
UKENTH_TWU_TP000116,145,2,31/05/2021,NA,4.564525819,4.206843102,4.920878585
UKENTH_TWU_TP000116,145,3,07/06/2021,NA,4.618477174,4.261313538,4.973305689
UKENTH_TWU_TP000116,145,4,14/06/2021,5.508242628,4.854894365,4.525712167,5.190783334
UKENTH_TWU_TP000116,145,5,21/06/2021,5.508242628,4.992328351,4.662314369,5.325671481
UKENTH_TWU_TP000116,145,6,28/06/2021,5.263726625,5.103627829,4.768057629,5.432638333
UKENTH_TWU_TP000116,145,7,05/07/2021,5.019210621,5.175422443,4.830839318,5.504647665
UKENTH_TWU_TP000116,145,8,12/07/2021,5.012007003,5.189064157,4.849351053,5.517623018
UKENTH_TWU_TP000116,145,9,19/07/2021,5.004803385,5.213901942,4.879242291,5.543267979
UKENTH_TWU_TP000116,145,10,26/07/2021,5.680219583,5.491181037,5.159631897,5.822932443
UKENTH_TWU_TP000116,145,11,02/08/2021,6.35563578,5.77000719,5.440210026,6.106234886
UKENTH_TWU_TP000116,145,12,09/08/2021,5.947329874,5.702516871,5.371612267,6.036018649
UKENTH_TWU_TP000116,145,13,16/08/2021,5.539023967,5.62328136,5.290040291,5.954158475
UKENTH_TWU_TP000116,145,14,23/08/2021,5.749506599,5.667284513,5.337310342,6.001946511
UKENTH_TWU_TP000116,145,15,30/08/2021,5.959989231,5.774325399,5.444914089,6.111035204
UKENTH_TWU_TP000116,145,16,06/09/2021,5.714547134,5.749424835,5.419534901,6.083436819
UKENTH_TWU_TP000116,145,17,13/09/2021,5.469105036,5.756307988,5.424342373,6.087588371
UKENTH_TWU_TP000116,145,18,20/09/2021,5.641303557,5.599188524,5.270395931,5.935476903
UKENTH_TWU_TP000116,145,19,27/09/2021,5.813502078,5.439507577,5.1107084,5.78169301
UKENTH_TWU_TP000116,145,20,04/10/2021,5.486616511,5.433852846,5.104825706,5.769342435
UKENTH_TWU_TP000116,145,21,11/10/2021,5.159730944,5.46452742,5.130715564,5.796934617
UKENTH_TWU_TP000116,145,22,18/10/2021,5.074310791,5.389262812,5.054046826,5.720611093
UKENTH_TWU_TP000116,145,23,25/10/2021,4.988890637,5.341460843,5.005037377,5.670406903
UKENTH_TWU_TP000116,145,24,01/11/2021,4.988890637,5.447830951,5.110385595,5.776741979
UKENTH_TWU_TP000116,145,25,08/11/2021,5.616449301,5.607042895,5.275299106,5.938803313
UKENTH_TWU_TP000116,145,26,15/11/2021,5.670925037,5.496626982,5.165554017,5.828289881
UKENTH_TWU_TP000116,145,27,22/11/2021,5.670925037,5.406723392,5.074782071,5.738048049
UKENTH_TWU_TP000116,145,28,29/11/2021,5.864588594,5.479325422,5.149586806,5.813126808
UKENTH_TWU_TP000116,145,29,06/12/2021,6.003776416,5.539287202,5.210674509,5.877852825
UKENTH_TWU_TP000116,145,30,13/12/2021,5.16862345,5.404056147,5.071655488,5.734934804
UKENTH_TWU_TP000116,145,31,20/12/2021,4.333470483,5.257778011,4.913396713,5.589288816
UKENTH_TWU_TP000116,145,32,27/12/2021,4.333470483,5.254955953,4.91016029,5.584537061
UKENTH_TWU_TP000116,145,33,03/01/2022,5.884998517,5.394917215,5.066086895,5.732625917
UKENTH_TWU_TP000116,145,34,10/01/2022,5.806297468,5.31223145,4.983555282,5.650891245
UKENTH_TWU_TP000116,145,35,17/01/2022,5.806297468,5.263481714,4.93497321,5.603830909
UKENTH_TWU_TP000116,145,36,24/01/2022,6.044002118,5.271915089,4.943285534,5.614583328
UKENTH_TWU_TP000116,145,37,31/01/2022,6.360407816,5.35774486,5.027666523,5.706852986
UKENTH_TWU_TP000116,145,38,07/02/2022,5.406900786,5.399795692,5.067946682,5.730827785
UKENTH_TWU_TP000116,145,39,14/02/2022,4.453393755,5.422681035,5.070553406,5.753518197
UKENTH_TWU_TP000116,145,40,21/02/2022,4.362570797,5.518805005,5.167332276,5.849283599
UKENTH_TWU_TP000116,145,41,28/02/2022,4.271747838,5.593211733,5.242407025,5.924626599
UKENTH_TWU_TP000116,145,42,07/03/2022,5.265864574,5.750614609,5.415621054,6.079815917
UKENTH_TWU_TP000116,145,43,14/03/2022,6.255033385,5.896524615,5.567291487,6.231489691
UKENTH_TWU_TP000116,145,44,21/03/2022,6.255033385,5.833248281,5.504750571,6.171387474
UKENTH_TWU_TP000116,145,45,28/03/2022,6.250085461,5.810835947,5.481940676,6.148645616
UKENTH_TWU_TP000122,146,1,24/05/2021,NA,3.797966429,3.375232117,4.219920809
UKENTH_TWU_TP000122,146,2,31/05/2021,3.758866213,3.762071574,3.440200265,4.079754775
UKENTH_TWU_TP000122,146,3,07/06/2021,3.758866213,3.799562855,3.476915038,4.116508949
UKENTH_TWU_TP000122,146,4,14/06/2021,3.957926038,4.017002808,3.700936627,4.32994772
UKENTH_TWU_TP000122,146,5,21/06/2021,4.156985863,4.174873179,3.859700219,4.488205822
UKENTH_TWU_TP000122,146,6,28/06/2021,3.543439023,4.295494311,3.967544732,4.60758668
UKENTH_TWU_TP000122,146,7,05/07/2021,2.929892182,4.363419614,4.014748494,4.683640506
UKENTH_TWU_TP000122,146,8,12/07/2021,3.857566874,4.418479996,4.092741782,4.730215117
UKENTH_TWU_TP000122,146,9,19/07/2021,4.785241565,4.47161469,4.158145919,4.786673045
UKENTH_TWU_TP000122,146,10,26/07/2021,5.171482544,4.722455813,4.410005304,5.039309366
UKENTH_TWU_TP000122,146,11,02/08/2021,5.557723523,4.972995727,4.661094469,5.293682428
UKENTH_TWU_TP000122,146,12,09/08/2021,5.670684983,4.893440985,4.580496124,5.21208998
UKENTH_TWU_TP000122,146,13,16/08/2021,5.783646442,4.795837223,4.481343714,5.112557402
UKENTH_TWU_TP000122,146,14,23/08/2021,5.51181829,4.891337413,4.578803517,5.211256058
UKENTH_TWU_TP000122,146,15,30/08/2021,5.239990137,5.024677041,4.712010487,5.344497914
UKENTH_TWU_TP000122,146,16,06/09/2021,5.606341622,5.013319758,4.70178512,5.336627232
UKENTH_TWU_TP000122,146,17,13/09/2021,5.972693106,5.031523525,4.719638273,5.358494277
UKENTH_TWU_TP000122,146,18,20/09/2021,4.888398181,4.808660351,4.497189942,5.128592314
UKENTH_TWU_TP000122,146,19,27/09/2021,3.804103256,4.58631206,4.27237254,4.900732076
UKENTH_TWU_TP000122,146,20,04/10/2021,4.799936192,4.653531964,4.341813118,4.97206532
UKENTH_TWU_TP000122,146,21,11/10/2021,5.795769127,4.742692783,4.42694649,5.071145784
UKENTH_TWU_TP000122,146,22,18/10/2021,4.887862785,4.607279713,4.289097479,4.925864881
UKENTH_TWU_TP000122,146,23,25/10/2021,3.979956442,4.507894432,4.185230165,4.819230452
UKENTH_TWU_TP000122,146,24,01/11/2021,4.597588661,4.645736324,4.328187887,4.957670266
UKENTH_TWU_TP000122,146,25,08/11/2021,5.215220879,4.817105111,4.504461782,5.133301701
UKENTH_TWU_TP000122,146,26,15/11/2021,3.938095017,4.677587484,4.357819064,4.98933163
UKENTH_TWU_TP000122,146,27,22/11/2021,2.660969155,4.558903287,4.223600451,4.87260565
UKENTH_TWU_TP000122,146,28,29/11/2021,3.547603439,4.658253472,4.336974243,4.969924759
UKENTH_TWU_TP000122,146,29,06/12/2021,4.434237722,4.751156958,4.438410443,5.067020456
UKENTH_TWU_TP000122,146,30,13/12/2021,4.362739389,4.665235744,4.351005966,4.979423137
UKENTH_TWU_TP000122,146,31,20/12/2021,4.291241056,4.565282068,4.248290528,4.879758339
UKENTH_TWU_TP000122,146,32,27/12/2021,4.291241056,4.523377086,4.205521775,4.836455263
UKENTH_TWU_TP000122,146,33,03/01/2022,4.564232595,4.578330171,4.265910876,4.895431356
UKENTH_TWU_TP000122,146,34,10/01/2022,4.359199357,4.498900828,4.185797381,4.814057364
UKENTH_TWU_TP000122,146,35,17/01/2022,4.359199357,4.476356255,4.163899399,4.792750981
UKENTH_TWU_TP000122,146,36,24/01/2022,4.307347293,4.472449711,4.159168421,4.788008201
UKENTH_TWU_TP000122,146,37,31/01/2022,4.460528468,4.565220682,4.253102409,4.883942794
UKENTH_TWU_TP000122,146,38,07/02/2022,4.862227288,4.661919124,4.348175101,4.976462102
UKENTH_TWU_TP000122,146,39,14/02/2022,5.263926107,4.739296763,4.42153936,5.051446625
UKENTH_TWU_TP000122,146,40,21/02/2022,5.223372889,4.836530586,4.520714625,5.149776435
UKENTH_TWU_TP000122,146,41,28/02/2022,5.18281967,4.896440237,4.57790859,5.215879785
UKENTH_TWU_TP000122,146,42,07/03/2022,5.119427257,5.026920628,4.714152542,5.342641839
UKENTH_TWU_TP000122,146,43,14/03/2022,5.056034843,5.151290822,4.837837139,5.466566963
UKENTH_TWU_TP000122,146,44,21/03/2022,5.333747314,5.086555797,4.774963349,5.40667183
UKENTH_TWU_TP000122,146,45,28/03/2022,5.366439015,5.064543084,4.752901601,5.386331804
UKENTH_TWU_TP000125,147,1,24/05/2021,NA,3.362475145,2.978976846,3.744457814
UKENTH_TWU_TP000125,147,2,31/05/2021,3.704249776,3.512615879,3.252086716,3.775462446
UKENTH_TWU_TP000125,147,3,07/06/2021,3.704249776,3.51907874,3.258740235,3.782336797
UKENTH_TWU_TP000125,147,4,14/06/2021,3.729038804,3.583514211,3.322808774,3.844859464
UKENTH_TWU_TP000125,147,5,21/06/2021,3.753827831,3.635568548,3.373831746,3.896627764
UKENTH_TWU_TP000125,147,6,28/06/2021,3.933466686,3.964644039,3.70396653,4.22610558
UKENTH_TWU_TP000125,147,7,05/07/2021,4.11310554,4.182447074,3.920978758,4.443866251
UKENTH_TWU_TP000125,147,8,12/07/2021,3.690946058,4.091348431,3.829502085,4.352114881
UKENTH_TWU_TP000125,147,9,19/07/2021,3.268786576,4.044132979,3.782510939,4.304748313
UKENTH_TWU_TP000125,147,10,26/07/2021,3.759452872,4.205466089,3.944776702,4.468294742
UKENTH_TWU_TP000125,147,11,02/08/2021,4.250119168,4.30836554,4.047892533,4.570502404
UKENTH_TWU_TP000125,147,12,09/08/2021,3.591069786,4.314458655,4.052616275,4.575044126
UKENTH_TWU_TP000125,147,13,16/08/2021,2.932020403,4.276540772,4.008739075,4.537997751
UKENTH_TWU_TP000125,147,14,23/08/2021,3.73900408,4.353902184,4.086554301,4.615247796
UKENTH_TWU_TP000125,147,15,30/08/2021,4.545987757,4.474930234,4.211420231,4.735298979
UKENTH_TWU_TP000125,147,16,06/09/2021,4.375971484,4.428444677,4.1633586,4.68899549
UKENTH_TWU_TP000125,147,17,13/09/2021,4.205955211,4.381278874,4.113140385,4.642812786
UKENTH_TWU_TP000125,147,18,20/09/2021,4.099877151,4.298156217,4.036450323,4.558610337
UKENTH_TWU_TP000125,147,19,27/09/2021,3.99379909,4.19943432,3.939106948,4.462593392
UKENTH_TWU_TP000125,147,20,04/10/2021,4.478439905,4.274413165,4.01414645,4.537458895
UKENTH_TWU_TP000125,147,21,11/10/2021,4.96308072,4.342562297,4.082070123,4.606645772
UKENTH_TWU_TP000125,147,22,18/10/2021,4.392086683,4.207574209,3.947205351,4.470023122
UKENTH_TWU_TP000125,147,23,25/10/2021,3.821092645,4.103487636,3.842711909,4.364600145
UKENTH_TWU_TP000125,147,24,01/11/2021,4.012410143,4.208625556,3.948168201,4.470617395
UKENTH_TWU_TP000125,147,25,08/11/2021,4.203727641,4.306182501,4.039238998,4.575032687
UKENTH_TWU_TP000125,147,26,15/11/2021,4.126805581,4.276385135,4.016015977,4.538314409
UKENTH_TWU_TP000125,147,27,22/11/2021,4.04988352,4.184028233,3.921484714,4.444270753
UKENTH_TWU_TP000125,147,28,29/11/2021,4.183901637,4.20981017,3.945570156,4.470149934
UKENTH_TWU_TP000125,147,29,06/12/2021,4.317919754,4.235740655,3.970764506,4.496357529
UKENTH_TWU_TP000125,147,30,13/12/2021,4.246087093,4.235572958,3.971903061,4.495906601
UKENTH_TWU_TP000125,147,31,20/12/2021,4.174254431,4.145089939,3.876047217,4.407046041
UKENTH_TWU_TP000125,147,32,27/12/2021,3.888058404,4.058217744,3.792680733,4.31903858
UKENTH_TWU_TP000125,147,33,03/01/2022,3.601862376,3.968770809,3.705371231,4.229594372
UKENTH_TWU_TP000125,147,34,10/01/2022,4.334582822,4.043643181,3.783250897,4.307331438
UKENTH_TWU_TP000125,147,35,17/01/2022,5.067303267,4.10558253,3.843446372,4.37471147
UKENTH_TWU_TP000125,147,36,24/01/2022,4.266392303,3.986437715,3.724482437,4.246983041
UKENTH_TWU_TP000125,147,37,31/01/2022,3.465481338,3.999706772,3.729714674,4.262183768
UKENTH_TWU_TP000125,147,38,07/02/2022,4.302575002,4.228076259,3.966576219,4.488748957
UKENTH_TWU_TP000125,147,39,14/02/2022,5.139668665,4.429154535,4.168775548,4.693512369
UKENTH_TWU_TP000125,147,40,21/02/2022,5.092755623,4.505889461,4.245484995,4.770377599
UKENTH_TWU_TP000125,147,41,28/02/2022,5.04584258,4.561258222,4.300239108,4.827225805
UKENTH_TWU_TP000125,147,42,07/03/2022,4.806235742,4.631840116,4.371502896,4.895765443
UKENTH_TWU_TP000125,147,43,14/03/2022,4.566628903,4.707817123,4.447017923,4.970080175
UKENTH_TWU_TP000125,147,44,21/03/2022,4.885826675,4.613247369,4.346790831,4.88420437
UKENTH_TWU_TP000125,147,45,28/03/2022,5.205024447,4.564174685,4.295929112,4.840587999
UKENTH_TWU_TP000126,148,1,24/05/2021,NA,3.462203984,3.031333852,3.892612081
UKENTH_TWU_TP000126,148,2,31/05/2021,2.798675769,3.52571217,3.198718335,3.843805591
UKENTH_TWU_TP000126,148,3,07/06/2021,2.798675769,3.538599784,3.212987141,3.85689553
UKENTH_TWU_TP000126,148,4,14/06/2021,2.705352683,3.603063404,3.270407947,3.920711304
UKENTH_TWU_TP000126,148,5,21/06/2021,2.612029596,3.654422678,3.314922592,3.973451019
UKENTH_TWU_TP000126,148,6,28/06/2021,3.477683057,4.010083183,3.679142547,4.327723268
UKENTH_TWU_TP000126,148,7,05/07/2021,4.343336517,4.313379842,3.9893247,4.633276331
UKENTH_TWU_TP000126,148,8,12/07/2021,4.426114399,4.256546803,3.935513053,4.577792616
UKENTH_TWU_TP000126,148,9,19/07/2021,4.50889228,4.222584813,3.904143936,4.54705298
UKENTH_TWU_TP000126,148,10,26/07/2021,4.657987371,4.314346294,3.994766018,4.638938971
UKENTH_TWU_TP000126,148,11,02/08/2021,4.807082461,4.398421071,4.078608706,4.721213897
UKENTH_TWU_TP000126,148,12,09/08/2021,4.474115511,4.382910932,4.060461998,4.703170423
UKENTH_TWU_TP000126,148,13,16/08/2021,4.14114856,4.33540565,4.009966016,4.654471006
UKENTH_TWU_TP000126,148,14,23/08/2021,4.523256853,4.495608873,4.172396983,4.814758915
UKENTH_TWU_TP000126,148,15,30/08/2021,4.905365145,4.678205651,4.356013219,4.998832946
UKENTH_TWU_TP000126,148,16,06/09/2021,4.849408934,4.627921033,4.307178868,4.948874468
UKENTH_TWU_TP000126,148,17,13/09/2021,4.793452722,4.586202389,4.265674458,4.907048811
UKENTH_TWU_TP000126,148,18,20/09/2021,5.05279739,4.47685822,4.159108694,4.804380179
UKENTH_TWU_TP000126,148,19,27/09/2021,5.312142057,4.357012061,4.0387181,4.694073719
UKENTH_TWU_TP000126,148,20,04/10/2021,5.208276813,4.372534921,4.055013607,4.702268014
UKENTH_TWU_TP000126,148,21,11/10/2021,5.104411568,4.399698671,4.081483024,4.724726054
UKENTH_TWU_TP000126,148,22,18/10/2021,4.889575378,4.291611608,3.973471818,4.616977682
UKENTH_TWU_TP000126,148,23,25/10/2021,4.674739188,4.199512214,3.881098253,4.525162358
UKENTH_TWU_TP000126,148,24,01/11/2021,4.531846404,4.281021617,3.96127312,4.603650949
UKENTH_TWU_TP000126,148,25,08/11/2021,4.388953619,4.370625845,4.047264632,4.691942651
UKENTH_TWU_TP000126,148,26,15/11/2021,3.649527746,4.305887813,3.976785864,4.6233797
UKENTH_TWU_TP000126,148,27,22/11/2021,2.910101873,4.20250958,3.862142695,4.521488035
UKENTH_TWU_TP000126,148,28,29/11/2021,2.837924764,4.219209223,3.872346681,4.540262016
UKENTH_TWU_TP000126,148,29,06/12/2021,2.765747654,4.244943037,3.891642883,4.56861936
UKENTH_TWU_TP000126,148,30,13/12/2021,2.695365002,4.233395823,3.883872853,4.555353498
UKENTH_TWU_TP000126,148,31,20/12/2021,2.624982349,4.170936729,3.825418345,4.49154205
UKENTH_TWU_TP000126,148,32,27/12/2021,3.402317132,4.15679289,3.832202587,4.476289511
UKENTH_TWU_TP000126,148,33,03/01/2022,4.179651914,4.138608818,3.819880053,4.47034336
UKENTH_TWU_TP000126,148,34,10/01/2022,4.518146152,4.192176473,3.874207522,4.526443003
UKENTH_TWU_TP000126,148,35,17/01/2022,4.856640389,4.236654016,3.91838554,4.572573114
UKENTH_TWU_TP000126,148,36,24/01/2022,4.663062187,4.173608059,3.856060252,4.50344934
UKENTH_TWU_TP000126,148,37,31/01/2022,4.469483984,4.197315033,3.8787372,4.521507025
UKENTH_TWU_TP000126,148,38,07/02/2022,4.782675944,4.412980976,4.094747882,4.738628459
UKENTH_TWU_TP000126,148,39,14/02/2022,5.095867904,4.609655143,4.291747859,4.937534337
UKENTH_TWU_TP000126,148,40,21/02/2022,5.178779795,4.680783853,4.363129642,5.010085779
UKENTH_TWU_TP000126,148,41,28/02/2022,5.261691685,4.726304254,4.407794331,5.058932808
UKENTH_TWU_TP000126,148,42,07/03/2022,5.400006998,4.789774245,4.47144607,5.122487046
UKENTH_TWU_TP000126,148,43,14/03/2022,5.538322311,4.840710381,4.522255442,5.172233009
UKENTH_TWU_TP000126,148,44,21/03/2022,5.044642292,4.692471056,4.372622927,5.020717553
UKENTH_TWU_TP000126,148,45,28/03/2022,4.550962273,4.562765208,4.241059485,4.886859572
UKENTH_TWU_TP000133,149,1,24/05/2021,NA,4.213496079,3.801588352,4.624268256
UKENTH_TWU_TP000133,149,2,31/05/2021,4.510783462,4.243387445,3.94631085,4.544179124
UKENTH_TWU_TP000133,149,3,07/06/2021,4.510783462,4.262094594,3.964420182,4.561922978
UKENTH_TWU_TP000133,149,4,14/06/2021,4.21038069,4.424366717,4.125143886,4.720593933
UKENTH_TWU_TP000133,149,5,21/06/2021,3.909977917,4.544957196,4.24300059,4.840171094
UKENTH_TWU_TP000133,149,6,28/06/2021,4.343000119,4.791705351,4.491811026,5.087562137
UKENTH_TWU_TP000133,149,7,05/07/2021,4.77602232,4.944572397,4.642042853,5.239950014
UKENTH_TWU_TP000133,149,8,12/07/2021,4.999382119,4.936158391,4.637510276,5.233010382
UKENTH_TWU_TP000133,149,9,19/07/2021,5.222741917,4.916306787,4.620101982,5.215730108
UKENTH_TWU_TP000133,149,10,26/07/2021,5.341882391,5.114851393,4.81803259,5.413087755
UKENTH_TWU_TP000133,149,11,02/08/2021,5.461022864,5.305719643,5.008722912,5.603937002
UKENTH_TWU_TP000133,149,12,09/08/2021,5.233416832,5.207352217,4.903433881,5.503672045
UKENTH_TWU_TP000133,149,13,16/08/2021,5.0058108,5.082987565,4.770450527,5.380589473
UKENTH_TWU_TP000133,149,14,23/08/2021,5.051646829,5.234273778,4.92914232,5.530524099
UKENTH_TWU_TP000133,149,15,30/08/2021,5.097482857,5.405362044,5.102435233,5.702422837
UKENTH_TWU_TP000133,149,16,06/09/2021,5.421341446,5.393963933,5.097197611,5.692285543
UKENTH_TWU_TP000133,149,17,13/09/2021,5.745200034,5.410401567,5.115297427,5.71353059
UKENTH_TWU_TP000133,149,18,20/09/2021,5.481235506,5.181954024,4.88545757,5.480765859
UKENTH_TWU_TP000133,149,19,27/09/2021,5.217270977,4.953179831,4.652804993,5.2492447
UKENTH_TWU_TP000133,149,20,04/10/2021,5.164750504,5.013831527,4.712954299,5.309365012
UKENTH_TWU_TP000133,149,21,11/10/2021,5.112230031,5.085642017,4.781019977,5.384061916
UKENTH_TWU_TP000133,149,22,18/10/2021,4.028234976,4.962711828,4.651430603,5.260896549
UKENTH_TWU_TP000133,149,23,25/10/2021,2.94423992,4.870094751,4.552104463,5.167377003
UKENTH_TWU_TP000133,149,24,01/11/2021,4.249406259,5.042802659,4.740381659,5.337934381
UKENTH_TWU_TP000133,149,25,08/11/2021,5.554572598,5.237468874,4.941837132,5.539063125
UKENTH_TWU_TP000133,149,26,15/11/2021,5.637818351,5.158970929,4.863488714,5.461447563
UKENTH_TWU_TP000133,149,27,22/11/2021,5.721064103,5.094797981,4.799658479,5.397880616
UKENTH_TWU_TP000133,149,28,29/11/2021,5.782556331,5.144049812,4.848955857,5.446984394
UKENTH_TWU_TP000133,149,29,06/12/2021,5.844048559,5.197282369,4.902307339,5.501398504
UKENTH_TWU_TP000133,149,30,13/12/2021,5.694044437,5.168425079,4.873276492,5.475539496
UKENTH_TWU_TP000133,149,31,20/12/2021,5.544040315,5.110905376,4.814045577,5.423524667
UKENTH_TWU_TP000133,149,32,27/12/2021,5.544040315,5.039785024,4.74340664,5.34978345
UKENTH_TWU_TP000133,149,33,03/01/2022,5.258391779,4.971812,4.676384812,5.273749901
UKENTH_TWU_TP000133,149,34,10/01/2022,5.169343638,4.923472732,4.627180614,5.22253799
UKENTH_TWU_TP000133,149,35,17/01/2022,5.169343638,4.917339064,4.620586382,5.215898659
UKENTH_TWU_TP000133,149,36,24/01/2022,5.304903146,4.904617808,4.607553584,5.202976232
UKENTH_TWU_TP000133,149,37,31/01/2022,5.529510794,4.987396343,4.691244247,5.287562031
UKENTH_TWU_TP000133,149,38,07/02/2022,5.601497206,5.139141998,4.843221603,5.439390082
UKENTH_TWU_TP000133,149,39,14/02/2022,5.673483617,5.268642465,4.972769418,5.5685531
UKENTH_TWU_TP000133,149,40,21/02/2022,5.452356941,5.331452822,5.034796952,5.63117948
UKENTH_TWU_TP000133,149,41,28/02/2022,5.231230265,5.359951451,5.059949152,5.66329531
UKENTH_TWU_TP000133,149,42,07/03/2022,5.056634446,5.46077658,5.162569114,5.758016152
UKENTH_TWU_TP000133,149,43,14/03/2022,4.882038627,5.577837588,5.275502438,5.874144028
UKENTH_TWU_TP000133,149,44,21/03/2022,4.590263607,5.467147812,5.164508839,5.763464361
UKENTH_TWU_TP000133,149,45,28/03/2022,4.888645013,5.440383546,5.141888622,5.738443808
UKENTH_TWU_TP000139,150,1,24/05/2021,NA,4.428082727,3.989412066,4.866722429
UKENTH_TWU_TP000139,150,2,31/05/2021,4.960279318,4.523966832,4.177943092,4.88184916
UKENTH_TWU_TP000139,150,3,07/06/2021,4.71605016,4.547711865,4.201551666,4.900189486
UKENTH_TWU_TP000139,150,4,14/06/2021,4.71605016,4.717508952,4.372334707,5.065409874
UKENTH_TWU_TP000139,150,5,21/06/2021,4.471821002,4.821595407,4.472287361,5.166508612
UKENTH_TWU_TP000139,150,6,28/06/2021,5.047517835,4.985648587,4.639365046,5.332012741
UKENTH_TWU_TP000139,150,7,05/07/2021,5.047517835,5.081436154,4.731453316,5.425656951
UKENTH_TWU_TP000139,150,8,12/07/2021,4.615371447,5.032912779,4.677657681,5.376454507
UKENTH_TWU_TP000139,150,9,19/07/2021,4.183225059,5.00399922,4.64440016,5.347981016
UKENTH_TWU_TP000139,150,10,26/07/2021,4.737505934,5.264013403,4.90683591,5.607956389
UKENTH_TWU_TP000139,150,11,02/08/2021,5.291786809,5.543535168,5.184845782,5.889041953
UKENTH_TWU_TP000139,150,12,09/08/2021,5.091235387,5.52452566,5.167374329,5.869345706
UKENTH_TWU_TP000139,150,13,16/08/2021,4.890683964,5.497570164,5.140056886,5.842512466
UKENTH_TWU_TP000139,150,14,23/08/2021,5.216350012,5.480578566,5.132130608,5.825837632
UKENTH_TWU_TP000139,150,15,30/08/2021,5.54201606,5.502824316,5.157250326,5.850407223
UKENTH_TWU_TP000139,150,16,06/09/2021,5.809655928,5.564702503,5.220029574,5.913439702
UKENTH_TWU_TP000139,150,17,13/09/2021,6.077295796,5.649798794,5.304857707,5.99865129
UKENTH_TWU_TP000139,150,18,20/09/2021,5.848968813,5.446037771,5.102453161,5.797798089
UKENTH_TWU_TP000139,150,19,27/09/2021,5.620641829,5.251902946,4.907956045,5.605939492
UKENTH_TWU_TP000139,150,20,04/10/2021,5.127422711,5.220731047,4.87535451,5.56807982
UKENTH_TWU_TP000139,150,21,11/10/2021,4.634203592,5.234392877,4.881464008,5.578282504
UKENTH_TWU_TP000139,150,22,18/10/2021,4.980763741,5.223607402,4.875419503,5.568927543
UKENTH_TWU_TP000139,150,23,25/10/2021,5.327323889,5.238884111,4.893092761,5.585709344
UKENTH_TWU_TP000139,150,24,01/11/2021,5.990597545,5.384576285,5.040772623,5.735628021
UKENTH_TWU_TP000139,150,25,08/11/2021,6.6538712,5.549979152,5.206306182,5.907220896
UKENTH_TWU_TP000139,150,26,15/11/2021,6.204135771,5.405862392,5.062336604,5.759675471
UKENTH_TWU_TP000139,150,27,22/11/2021,5.754400341,5.263147378,4.918511644,5.613694473
UKENTH_TWU_TP000139,150,28,29/11/2021,5.518375746,5.288562638,4.943534373,5.636523857
UKENTH_TWU_TP000139,150,29,06/12/2021,5.28235115,5.321197769,4.975380837,5.668152703
UKENTH_TWU_TP000139,150,30,13/12/2021,5.445052608,5.25721548,4.912499781,5.608463178
UKENTH_TWU_TP000139,150,31,20/12/2021,5.607754065,5.201222604,4.855780667,5.557396274
UKENTH_TWU_TP000139,150,32,27/12/2021,5.572541038,5.220541677,4.875590468,5.571622148
UKENTH_TWU_TP000139,150,33,03/01/2022,5.53732801,5.235788078,4.890347097,5.583441377
UKENTH_TWU_TP000139,150,34,10/01/2022,5.323900219,5.151597462,4.80728409,5.500479369
UKENTH_TWU_TP000139,150,35,17/01/2022,5.110472427,5.055842537,4.71183267,5.405641195
UKENTH_TWU_TP000139,150,36,24/01/2022,5.231262785,5.030265544,4.686731167,5.382294071
UKENTH_TWU_TP000139,150,37,31/01/2022,5.352053142,5.071785668,4.728131709,5.425546022
UKENTH_TWU_TP000139,150,38,07/02/2022,4.99075336,5.186139103,4.838416558,5.531708803
UKENTH_TWU_TP000139,150,39,14/02/2022,4.629453578,5.276747044,4.920515217,5.620061434
UKENTH_TWU_TP000139,150,40,21/02/2022,4.941518235,5.405833354,5.053176561,5.749453604
UKENTH_TWU_TP000139,150,41,28/02/2022,5.253582891,5.530032932,5.179823873,5.874292666
UKENTH_TWU_TP000139,150,42,07/03/2022,5.3094261,5.55845858,5.209011456,5.902867212
UKENTH_TWU_TP000139,150,43,14/03/2022,5.365269308,5.599442999,5.250291023,5.94394281
UKENTH_TWU_TP000139,150,44,21/03/2022,5.434852094,5.566049803,5.218961206,5.911625382
UKENTH_TWU_TP000139,150,45,28/03/2022,5.50443488,5.580066462,5.233251867,5.926197012
UKENTH_TWU_TP000155,151,1,24/05/2021,NA,4.285437106,3.895729234,4.674613123
UKENTH_TWU_TP000155,151,2,31/05/2021,4.709406204,4.315700479,4.026260401,4.607849176
UKENTH_TWU_TP000155,151,3,07/06/2021,4.709406204,4.3279233,4.037191808,4.618095206
UKENTH_TWU_TP000155,151,4,14/06/2021,5.059219325,4.532047283,4.243672109,4.824171525
UKENTH_TWU_TP000155,151,5,21/06/2021,5.409032445,4.707001609,4.418834511,5.006097414
UKENTH_TWU_TP000155,151,6,28/06/2021,5.269673245,4.894327947,4.605865697,5.186225521
UKENTH_TWU_TP000155,151,7,05/07/2021,5.130314044,4.967892835,4.673019607,5.255829897
UKENTH_TWU_TP000155,151,8,12/07/2021,4.882059408,4.92952287,4.635236683,5.217384062
UKENTH_TWU_TP000155,151,9,19/07/2021,4.633804772,4.918413198,4.624848108,5.206375502
UKENTH_TWU_TP000155,151,10,26/07/2021,4.976051851,5.150026768,4.857397357,5.438276373
UKENTH_TWU_TP000155,151,11,02/08/2021,5.31829893,5.352333207,5.062147909,5.641956802
UKENTH_TWU_TP000155,151,12,09/08/2021,5.377200285,5.294694558,5.002887608,5.58334168
UKENTH_TWU_TP000155,151,13,16/08/2021,5.436101639,5.220890189,4.927219499,5.509159927
UKENTH_TWU_TP000155,151,14,23/08/2021,5.463511811,5.310703104,5.019964792,5.599874859
UKENTH_TWU_TP000155,151,15,30/08/2021,5.490921983,5.432972854,5.142090813,5.722208068
UKENTH_TWU_TP000155,151,16,06/09/2021,5.697854317,5.426591519,5.137778271,5.717824648
UKENTH_TWU_TP000155,151,17,13/09/2021,5.904786651,5.428598685,5.140603942,5.721726892
UKENTH_TWU_TP000155,151,18,20/09/2021,5.434465879,5.230215449,4.941395487,5.521561137
UKENTH_TWU_TP000155,151,19,27/09/2021,4.964145107,5.037091542,4.746133862,5.326630118
UKENTH_TWU_TP000155,151,20,04/10/2021,4.995774104,5.109658833,4.817502674,5.397978465
UKENTH_TWU_TP000155,151,21,11/10/2021,5.027403101,5.180504575,4.8827401,5.472926595
UKENTH_TWU_TP000155,151,22,18/10/2021,4.960198496,5.093872769,4.799718197,5.387720832
UKENTH_TWU_TP000155,151,23,25/10/2021,4.892993891,5.048939977,4.76058309,5.34156282
UKENTH_TWU_TP000155,151,24,01/11/2021,4.875309452,5.123096889,4.8324045,5.411977316
UKENTH_TWU_TP000155,151,25,08/11/2021,4.857625012,5.20898116,4.913785088,5.497253216
UKENTH_TWU_TP000155,151,26,15/11/2021,5.08279855,5.173849519,4.883507676,5.464201652
UKENTH_TWU_TP000155,151,27,22/11/2021,5.307972088,5.153892161,4.865819571,5.448508297
UKENTH_TWU_TP000155,151,28,29/11/2021,5.195429015,5.206307881,4.918342687,5.499473763
UKENTH_TWU_TP000155,151,29,06/12/2021,5.082885941,5.244610266,4.956671188,5.538077873
UKENTH_TWU_TP000155,151,30,13/12/2021,5.091796456,5.221378771,4.933448534,5.516098656
UKENTH_TWU_TP000155,151,31,20/12/2021,5.10070697,5.179969576,4.891515866,5.477199904
UKENTH_TWU_TP000155,151,32,27/12/2021,5.10070697,5.111073433,4.822809651,5.409079909
UKENTH_TWU_TP000155,151,33,03/01/2022,4.076814673,5.008299764,4.717233385,5.297484991
UKENTH_TWU_TP000155,151,34,10/01/2022,3.739431238,4.946993245,4.652524066,5.235090846
UKENTH_TWU_TP000155,151,35,17/01/2022,3.739431238,4.929183831,4.632109422,5.21742801
UKENTH_TWU_TP000155,151,36,24/01/2022,4.525922464,4.955260327,4.6658528,5.245712266
UKENTH_TWU_TP000155,151,37,31/01/2022,5.649797125,5.073579561,4.784563319,5.376006291
UKENTH_TWU_TP000155,151,38,07/02/2022,5.636002682,5.13103791,4.841760297,5.421232733
UKENTH_TWU_TP000155,151,39,14/02/2022,5.622208238,5.204114539,4.903071224,5.493373965
UKENTH_TWU_TP000155,151,40,21/02/2022,5.325784266,5.2838226,4.985066371,5.572019203
UKENTH_TWU_TP000155,151,41,28/02/2022,5.029360293,5.309992074,5.008717386,5.602462956
UKENTH_TWU_TP000155,151,42,07/03/2022,5.029360293,5.458146636,5.163532333,5.745950465
UKENTH_TWU_TP000155,151,43,14/03/2022,6.535414976,5.681003374,5.392903032,5.975083943
UKENTH_TWU_TP000155,151,44,21/03/2022,5.718574273,5.55773492,5.268655791,5.84957231
UKENTH_TWU_TP000155,151,45,28/03/2022,5.97569136,5.556777625,5.268172993,5.855087959
UKENTH_TWU_TP000159,152,1,24/05/2021,NA,3.756977074,3.334829603,4.177683661
UKENTH_TWU_TP000159,152,2,31/05/2021,2.996654663,3.707213062,3.364196938,4.038819513
UKENTH_TWU_TP000159,152,3,07/06/2021,2.996654663,3.752478875,3.40956993,4.083746541
UKENTH_TWU_TP000159,152,4,14/06/2021,3.343885105,3.966501134,3.627416222,4.295251444
UKENTH_TWU_TP000159,152,5,21/06/2021,3.691115546,4.110342423,3.76956615,4.439004396
UKENTH_TWU_TP000159,152,6,28/06/2021,3.957756053,4.280782111,3.937190451,4.609396334
UKENTH_TWU_TP000159,152,7,05/07/2021,4.224396559,4.457977143,4.113348008,4.787177104
UKENTH_TWU_TP000159,152,8,12/07/2021,4.243407204,4.473711494,4.135656889,4.8025876
UKENTH_TWU_TP000159,152,9,19/07/2021,4.262417848,4.447931198,4.11311202,4.777355501
UKENTH_TWU_TP000159,152,10,26/07/2021,4.827571959,4.668530907,4.335187175,4.998804098
UKENTH_TWU_TP000159,152,11,02/08/2021,5.39272607,4.93371112,4.601033428,5.265801528
UKENTH_TWU_TP000159,152,12,09/08/2021,4.910726202,4.867799873,4.530770969,5.201610285
UKENTH_TWU_TP000159,152,13,16/08/2021,4.428726334,4.766590038,4.425720802,5.099165362
UKENTH_TWU_TP000159,152,14,23/08/2021,5.08065305,4.887597677,4.553400209,5.224856124
UKENTH_TWU_TP000159,152,15,30/08/2021,5.732579766,5.028365132,4.696180855,5.371786474
UKENTH_TWU_TP000159,152,16,06/09/2021,5.012122788,4.943153563,4.609305916,5.273988227
UKENTH_TWU_TP000159,152,17,13/09/2021,4.29166581,4.908938413,4.562914728,5.238369193
UKENTH_TWU_TP000159,152,18,20/09/2021,4.671181834,4.75548575,4.42286885,5.086919848
UKENTH_TWU_TP000159,152,19,27/09/2021,5.050697857,4.610905451,4.281557687,4.952727901
UKENTH_TWU_TP000159,152,20,04/10/2021,5.042361748,4.597042994,4.267917601,4.93690511
UKENTH_TWU_TP000159,152,21,11/10/2021,5.034025639,4.633324203,4.303678012,4.970622618
UKENTH_TWU_TP000159,152,22,18/10/2021,5.138731794,4.584767192,4.255656746,4.924797877
UKENTH_TWU_TP000159,152,23,25/10/2021,5.243437949,4.568834111,4.240151902,4.90922237
UKENTH_TWU_TP000159,152,24,01/11/2021,4.913733646,4.674683568,4.344439016,5.008107423
UKENTH_TWU_TP000159,152,25,08/11/2021,4.584029342,4.814419443,4.479808226,5.145387533
UKENTH_TWU_TP000159,152,26,15/11/2021,4.591738393,4.709603257,4.377026546,5.041095935
UKENTH_TWU_TP000159,152,27,22/11/2021,4.599447444,4.616087601,4.284229868,4.948759324
UKENTH_TWU_TP000159,152,28,29/11/2021,4.853927892,4.689937242,4.359821123,5.025096062
UKENTH_TWU_TP000159,152,29,06/12/2021,5.108408339,4.765546974,4.436992478,5.105161788
UKENTH_TWU_TP000159,152,30,13/12/2021,4.803440591,4.670472485,4.341316603,5.008846669
UKENTH_TWU_TP000159,152,31,20/12/2021,4.498472843,4.558376769,4.226364505,4.896519782
UKENTH_TWU_TP000159,152,32,27/12/2021,3.944614682,4.491301261,4.154911781,4.820791573
UKENTH_TWU_TP000159,152,33,03/01/2022,3.39075652,4.4793454,4.135241221,4.807942401
UKENTH_TWU_TP000159,152,34,10/01/2022,4.04556496,4.453757471,4.121187501,4.78442758
UKENTH_TWU_TP000159,152,35,17/01/2022,4.7003734,4.443575424,4.115193654,4.783220365
UKENTH_TWU_TP000159,152,36,24/01/2022,4.736057337,4.43610172,4.107455786,4.773604439
UKENTH_TWU_TP000159,152,37,31/01/2022,4.771741273,4.51122973,4.182455292,4.8487705
UKENTH_TWU_TP000159,152,38,07/02/2022,4.810445927,4.676337141,4.346997044,5.011534236
UKENTH_TWU_TP000159,152,39,14/02/2022,4.849150581,4.790941017,4.459377056,5.122692442
UKENTH_TWU_TP000159,152,40,21/02/2022,4.955326489,4.872667269,4.541868705,5.205028278
UKENTH_TWU_TP000159,152,41,28/02/2022,5.061502396,4.943535056,4.61255807,5.277496536
UKENTH_TWU_TP000159,152,42,07/03/2022,5.068239602,5.007524146,4.676896057,5.34067633
UKENTH_TWU_TP000159,152,43,14/03/2022,5.074976807,5.072726838,4.740510537,5.404136789
UKENTH_TWU_TP000159,152,44,21/03/2022,5.173307621,5.018686918,4.688700816,5.352794029
UKENTH_TWU_TP000159,152,45,28/03/2022,5.271638435,4.996468088,4.667132431,5.332532543
