"","date_index","site_code","Log10_NoV_norm","mean","q0.025","q0.975"
"5266",1,"UKENSW_SWS_TP000055",NA,4.60160310901417,3.65272650983745,5.54844958775538
"5267",2,"UKENSW_SWS_TP000055",6.302882441,4.60119086588132,3.68316802315708,5.51928422167856
"5268",3,"UKENSW_SWS_TP000055",NA,4.82910197508642,3.89415753820372,5.76351033669021
"5269",4,"UKENSW_SWS_TP000055",3.993671977,4.77261724778279,3.85423687733006,5.69222313382453
"5270",5,"UKENSW_SWS_TP000055",NA,4.99694673018279,4.0581395971331,5.93811793781442
"5271",6,"UKENSW_SWS_TP000055",4.596036099,5.12511213604451,4.20795155220248,6.04348972104944
"5272",7,"UKENSW_SWS_TP000055",NA,5.04170453858015,4.09783552862472,5.98784703111946
"5273",8,"UKENSW_SWS_TP000055",4.335708011,5.12152585572038,4.2052583165503,6.03894468539178
"5274",9,"UKENSW_SWS_TP000055",NA,5.32060405650615,4.37990971888524,6.26095354959029
"5275",10,"UKENSW_SWS_TP000055",6.036983024,5.48567349598507,4.56895390825164,6.40268250215486
"5276",11,"UKENSW_SWS_TP000055",NA,5.5774356082482,4.63795791412757,6.5196706310714
"5277",12,"UKENSW_SWS_TP000055",5.759966273,5.51693873446304,4.5979495215514,6.43539568430582
"5278",13,"UKENSW_SWS_TP000055",NA,5.40860613860911,4.46386178938645,6.35369662309114
"5279",14,"UKENSW_SWS_TP000055",4.996416455,5.48716599181165,4.56932535540735,6.40620094294646
"5280",15,"UKENSW_SWS_TP000055",NA,5.50063987534739,4.56103758645528,6.4425879085543
"5281",16,"UKENSW_SWS_TP000055",6.379669199,5.54937549876274,4.63216181047183,6.46675178559368
"5282",17,"UKENSW_SWS_TP000055",NA,5.46783949055533,4.53070808408201,6.40663835086504
"5283",18,"UKENSW_SWS_TP000055",5.902954292,5.37771827186907,4.46020617286932,6.29467981949233
"5284",19,"UKENSW_SWS_TP000055",NA,5.27472069289435,4.33172407283618,6.21707554589602
"5285",20,"UKENSW_SWS_TP000055",5.638119998,5.34578825826241,4.42878602829706,6.26237416674623
"5286",21,"UKENSW_SWS_TP000055",NA,5.30347169319725,4.36369733236305,6.24262718837832
"5287",22,"UKENSW_SWS_TP000055",4.759565967,5.22055366116128,4.30316297976838,6.13708648706307
"5288",23,"UKENSW_SWS_TP000055",NA,5.3941834931518,4.4590246773077,6.33016568909155
"5289",24,"UKENSW_SWS_TP000055",5.774240153,5.44332077067369,4.52540338454745,6.36047210811035
"5290",25,"UKENSW_SWS_TP000055",NA,5.36806840862161,4.42415846568538,6.31225713104822
"5291",26,"UKENSW_SWS_TP000055",6.50559217,5.31572117639119,4.39764696361422,6.23289438090795
"5292",27,"UKENSW_SWS_TP000055",NA,5.29576338581374,4.35310154627205,6.23729541041904
"5293",28,"UKENSW_SWS_TP000055",6.691075742,5.42285994988503,4.50560539433119,6.33981915492165
"5294",29,"UKENSW_SWS_TP000055",NA,5.42642115160893,4.4894572087829,6.3639380099197
"5295",30,"UKENSW_SWS_TP000055",6.62335036,5.37895536991304,4.46170357841293,6.29601139473484
"5296",31,"UKENSW_SWS_TP000055",NA,5.27099295367943,4.30849067740977,6.23600530549208
"5297",32,"UKENSW_SWS_TP000055",4.42858317,5.26660106964772,4.34129751868954,6.19220986550545
"5298",33,"UKENSW_SWS_TP000055",NA,5.2495440215353,4.32191097265363,6.17794311762651
"5299",34,"UKENSW_SWS_TP000055",5.800434787,5.10594993840172,4.18810164883605,6.02333244167907
"5300",35,"UKENSW_SWS_TP000055",NA,5.05246219616644,4.11232840246984,5.99302437678747
"5301",36,"UKENSW_SWS_TP000055",5.849451015,5.10454909268818,4.1878177385027,6.02179572597511
"5302",37,"UKENSW_SWS_TP000055",NA,5.46418694453246,4.52380499532921,6.40498331913304
"5303",38,"UKENSW_SWS_TP000055",5.27554939,5.47465976815673,4.55639383736334,6.39240057883251
"5304",39,"UKENSW_SWS_TP000055",NA,5.75613333678562,4.81766587961206,6.6977575510201
"5305",40,"UKENSW_SWS_TP000055",4.616319314,5.58252190369006,4.66071851311355,6.50417567808613
"5306",41,"UKENSW_SWS_TP000055",NA,5.72062271401023,4.77937436512869,6.66338834692054
"5307",42,"UKENSW_SWS_TP000055",4.845053739,5.68592365511522,4.76892813856789,6.60383664249112
"5308",43,"UKENSW_SWS_TP000055",NA,5.69096482644033,4.75493166181624,6.62931046611617
"5309",44,"UKENSW_SWS_TP000055",5.442695811,5.59545714675536,4.67837664901834,6.51288333530566
"5310",45,"UKENSW_SWS_TP000055",NA,5.53439672588509,4.58062508210344,6.48815047725706
"5311",1,"UKENSW_SWS_TP000058",4.491545363,4.57068524208311,3.63215523421794,5.50641231999633
"5312",2,"UKENSW_SWS_TP000058",NA,4.54260861680736,3.63314640424014,5.45271403016273
"5313",3,"UKENSW_SWS_TP000058",5.165389497,4.79933077367028,3.87348788600981,5.72375264267758
"5314",4,"UKENSW_SWS_TP000058",NA,4.71518506704367,3.80405630334938,5.62864518610946
"5315",5,"UKENSW_SWS_TP000058",5.084754903,4.9535399833982,4.02716699733821,5.88188573189359
"5316",6,"UKENSW_SWS_TP000058",NA,5.10587547786362,4.19514983232217,6.01745374754644
"5317",7,"UKENSW_SWS_TP000058",5.055299516,5.00691775880356,4.07249702971175,5.94293334965717
"5318",8,"UKENSW_SWS_TP000058",NA,5.03763732728985,4.12915411663951,5.94652196323314
"5319",9,"UKENSW_SWS_TP000058",5.220751025,5.28554850225098,4.35453864915118,6.2157422172737
"5320",10,"UKENSW_SWS_TP000058",NA,5.41892764935871,4.50973862056287,6.32735562117916
"5321",11,"UKENSW_SWS_TP000058",5.71127096,5.54341666647314,4.61364974783491,6.47544741090561
"5322",12,"UKENSW_SWS_TP000058",NA,5.48395814455608,4.5739476296467,6.39294612296813
"5323",13,"UKENSW_SWS_TP000058",5.788407324,5.37128790372087,4.43614710063563,6.30628640559979
"5324",14,"UKENSW_SWS_TP000058",NA,5.448763911296,4.54012684918398,6.35936884616495
"5325",15,"UKENSW_SWS_TP000058",5.049799296,5.4685442686092,4.53831355023233,6.40113957351035
"5326",16,"UKENSW_SWS_TP000058",NA,5.51834847868936,4.60970381212965,6.4268998496087
"5327",17,"UKENSW_SWS_TP000058",NA,5.4310619373675,4.50354960481996,6.35977986066094
"5328",18,"UKENSW_SWS_TP000058",5.445691242,5.34371208916644,4.43400861408951,6.25191587892994
"5329",19,"UKENSW_SWS_TP000058",5.174078389,5.22499910439851,4.29093744427736,6.15790664634564
"5330",20,"UKENSW_SWS_TP000058",NA,5.32796174988827,4.41890710300292,6.23637752365229
"5331",21,"UKENSW_SWS_TP000058",5.426587176,5.27087789725089,4.33997895076412,6.19993299462722
"5332",22,"UKENSW_SWS_TP000058",NA,5.23619913658686,4.32686449083277,6.14427963496064
"5333",23,"UKENSW_SWS_TP000058",6.11379283,5.36194213226883,4.43722613728612,6.28720964192133
"5334",24,"UKENSW_SWS_TP000058",NA,5.39949682502131,4.48887017681299,6.30764394576016
"5335",25,"UKENSW_SWS_TP000058",5.292357374,5.35831014398955,4.42664713024446,6.2897665022627
"5336",26,"UKENSW_SWS_TP000058",NA,5.30605509189813,4.39470512937809,6.21484143260413
"5337",27,"UKENSW_SWS_TP000058",4.892029221,5.27301834461129,4.34108272030251,6.20279957097819
"5338",28,"UKENSW_SWS_TP000058",NA,5.46728151772769,4.55741662467069,6.37564511837136
"5339",29,"UKENSW_SWS_TP000058",5.099368742,5.41389192319504,4.48653170945422,6.34077808208962
"5340",30,"UKENSW_SWS_TP000058",NA,5.36410196292675,4.45325326079231,6.27300652227027
"5341",31,"UKENSW_SWS_TP000058",NA,5.22413308687153,4.27315379561304,6.17664544956079
"5342",32,"UKENSW_SWS_TP000058",5.935948818,5.14047112896298,4.22442722696367,6.05667040020059
"5343",33,"UKENSW_SWS_TP000058",5.175937817,5.22455161354388,4.30693735026184,6.14242227756648
"5344",34,"UKENSW_SWS_TP000058",NA,5.06744912837894,4.15682205017528,5.97630754873886
"5345",35,"UKENSW_SWS_TP000058",4.644855652,5.01288383984832,4.08225741129509,5.94356661881336
"5346",36,"UKENSW_SWS_TP000058",NA,5.07483639257943,4.1664033504853,5.98381543083126
"5347",37,"UKENSW_SWS_TP000058",5.058011071,5.43252188594612,4.50330555765513,6.36167139848329
"5348",38,"UKENSW_SWS_TP000058",NA,5.47386491399951,4.56372708061143,6.38245225582042
"5349",39,"UKENSW_SWS_TP000058",5.344267484,5.71216724538503,4.78330378497745,6.64388619923642
"5350",40,"UKENSW_SWS_TP000058",NA,5.56786388612404,4.65638818430736,6.47842190485577
"5351",41,"UKENSW_SWS_TP000058",5.354512104,5.68781679083677,4.75589919991407,6.62016883035612
"5352",42,"UKENSW_SWS_TP000058",NA,5.67635406256984,4.76786501006725,6.58595059403084
"5353",43,"UKENSW_SWS_TP000058",5.444866173,5.65794062507329,4.73121683606001,6.58637331240445
"5354",44,"UKENSW_SWS_TP000058",NA,5.53483765733418,4.62601411870054,6.44275752570814
"5355",45,"UKENSW_SWS_TP000058",NA,5.50055333322417,4.55617582127029,6.44477207933523
"5356",1,"UKENSW_SWS_TP000059",NA,4.59239734794926,3.6472677671272,5.53461082369061
"5357",2,"UKENSW_SWS_TP000059",3.379757398,4.55806311510307,3.64352687500173,5.47315288375934
"5358",3,"UKENSW_SWS_TP000059",NA,4.8216033543284,3.88883581499693,5.75285220801246
"5359",4,"UKENSW_SWS_TP000059",4.97248547,4.7243542485618,3.80808137334922,5.64268379084339
"5360",5,"UKENSW_SWS_TP000059",4.885067397,4.97294340568376,4.04111605676831,5.90667063269833
"5361",6,"UKENSW_SWS_TP000059",NA,5.12701084176753,4.21067848907707,6.04418181849119
"5362",7,"UKENSW_SWS_TP000059",NA,5.02869821609505,4.0876047856009,5.97133650982253
"5363",8,"UKENSW_SWS_TP000059",4.603386154,5.05382154848306,4.1401480242303,5.96768959954876
"5364",9,"UKENSW_SWS_TP000059",NA,5.30742006733841,4.36995321742773,6.24398452634027
"5365",10,"UKENSW_SWS_TP000059",5.512680761,5.44054835776604,4.52640256644203,6.35382685180733
"5366",11,"UKENSW_SWS_TP000059",NA,5.56633696629086,4.63050498212998,6.50436609284633
"5367",12,"UKENSW_SWS_TP000059",5.726312118,5.50769932997932,4.59235622169822,6.42201261485908
"5368",13,"UKENSW_SWS_TP000059",NA,5.39541111753947,4.45382816266356,6.33681482468005
"5369",14,"UKENSW_SWS_TP000059",4.430097705,5.46665144085834,4.55288865688223,6.38230215682403
"5370",15,"UKENSW_SWS_TP000059",NA,5.49019449392479,4.55400103541473,6.42871128995812
"5371",16,"UKENSW_SWS_TP000059",5.88318205,5.53947151063657,4.62555313293071,6.45320431135537
"5372",17,"UKENSW_SWS_TP000059",NA,5.45168561318076,4.51773667965169,6.38679757249237
"5373",18,"UKENSW_SWS_TP000059",5.876488178,5.36678312116244,4.45188316350447,6.28011912659181
"5374",19,"UKENSW_SWS_TP000059",NA,5.24352298868128,4.30206907818027,6.18374090470207
"5375",20,"UKENSW_SWS_TP000059",5.369022143,5.35034433526888,4.43637294756614,6.26365147433842
"5376",21,"UKENSW_SWS_TP000059",NA,5.29400018959699,4.35598844665847,6.23003463409075
"5377",22,"UKENSW_SWS_TP000059",5.6393231,5.26044107738444,4.34582705143072,6.17370756606944
"5378",23,"UKENSW_SWS_TP000059",NA,5.38265254275999,4.45157853217176,6.31424548543553
"5379",24,"UKENSW_SWS_TP000059",6.286730881,5.42404455986792,4.50809809316943,6.33746637783667
"5380",25,"UKENSW_SWS_TP000059",NA,5.38020697453183,4.44146959537542,6.31873812580308
"5381",26,"UKENSW_SWS_TP000059",5.654773292,5.3324807198812,4.41559250291978,6.24685068189013
"5382",27,"UKENSW_SWS_TP000059",NA,5.29521735364483,4.35627269827257,6.23194463264042
"5383",28,"UKENSW_SWS_TP000059",5.437481618,5.49757899966656,4.58245173136482,6.41129277163628
"5384",29,"UKENSW_SWS_TP000059",NA,5.43618176095073,4.50208569959289,6.36972032109811
"5385",30,"UKENSW_SWS_TP000059",5.843389932,5.3912449549764,4.47511085757163,6.3055497756395
"5386",31,"UKENSW_SWS_TP000059",NA,5.2452254536907,4.28878327141277,6.20311648869031
"5387",32,"UKENSW_SWS_TP000059",5.6248965,5.1469192646837,4.22480939938725,6.06859646624457
"5388",33,"UKENSW_SWS_TP000059",NA,5.24751473438904,4.32409463082887,6.17112802339313
"5389",34,"UKENSW_SWS_TP000059",5.557304666,5.09099938265924,4.17496469497251,6.00530966809023
"5390",35,"UKENSW_SWS_TP000059",NA,5.03215866210119,4.09488116796638,5.96953921565968
"5391",36,"UKENSW_SWS_TP000059",5.406741963,5.09354333991641,4.17996619137785,6.00767304829496
"5392",37,"UKENSW_SWS_TP000059",NA,5.45267374126327,4.51685812847343,6.38838635202053
"5393",38,"UKENSW_SWS_TP000059",5.977726061,5.50023533334607,4.58522474728859,6.41375552312711
"5394",39,"UKENSW_SWS_TP000059",NA,5.73117123662461,4.79607869450903,6.66919203712275
"5395",40,"UKENSW_SWS_TP000059",5.436722849,5.58882514497999,4.67162347901055,6.50512893907846
"5396",41,"UKENSW_SWS_TP000059",NA,5.7080176588769,4.76866605935977,6.64769757812235
"5397",42,"UKENSW_SWS_TP000059",4.385050336,5.69773887376744,4.78425170826363,6.61247634510284
"5398",43,"UKENSW_SWS_TP000059",NA,5.6778309697883,4.74452619932412,6.6129107572166
"5399",44,"UKENSW_SWS_TP000059",5.126924023,5.55403257575656,4.64003256110106,6.46712684652912
"5400",45,"UKENSW_SWS_TP000059",NA,5.51975807647494,4.56916846284956,6.47024592464206
"3331",1,"UKENNW_UU_TP000017",NA,4.4294670877984,3.5006891258474,5.35774640747034
"3332",2,"UKENNW_UU_TP000017",NA,4.56780730285411,3.66942996667213,5.46512202624612
"3333",3,"UKENNW_UU_TP000017",NA,4.69526242916319,3.77990187883835,5.6096206797132
"3334",4,"UKENNW_UU_TP000017",NA,4.79019901669496,3.89219518068015,5.68732134171401
"3335",5,"UKENNW_UU_TP000017",NA,4.87137334373713,3.95008510408038,5.7941958085288
"3336",6,"UKENNW_UU_TP000017",NA,4.99736193284647,4.10202736222106,5.89547551394088
"3337",7,"UKENNW_UU_TP000017",NA,4.91285791448495,3.98396398785192,5.84302190168933
"3338",8,"UKENNW_UU_TP000017",NA,4.97115431913194,4.07489226529795,5.86921249444864
"3339",9,"UKENNW_UU_TP000017",NA,5.05525383777841,4.14567656837033,5.9637732979535
"3340",10,"UKENNW_UU_TP000017",NA,5.18068748346029,4.29209844485859,6.0714123678493
"3341",11,"UKENNW_UU_TP000017",NA,5.4131164511121,4.49161886709616,6.33634823451308
"3342",12,"UKENNW_UU_TP000017",NA,5.30478247467676,4.409324307661,6.20382203109155
"3343",13,"UKENNW_UU_TP000017",NA,5.29481443723214,4.385740775483,6.20460208161638
"3344",14,"UKENNW_UU_TP000017",NA,5.37297072286181,4.48585736169911,6.26319266777577
"3345",15,"UKENNW_UU_TP000017",NA,5.34535313962422,4.42469078898929,6.26833802249608
"3346",16,"UKENNW_UU_TP000017",NA,5.30089964367336,4.41216624326754,6.19246704278366
"3347",17,"UKENNW_UU_TP000017",NA,5.25412770437132,4.3381815830668,6.17099971222339
"3348",18,"UKENNW_UU_TP000017",NA,5.28113250943921,4.39411842627683,6.1700051733691
"3349",19,"UKENNW_UU_TP000017",NA,5.14549202930431,4.22535270063771,6.06709532625189
"3350",20,"UKENNW_UU_TP000017",NA,5.20254499963692,4.31542133564476,6.09026091162237
"3351",21,"UKENNW_UU_TP000017",NA,5.12676244336554,4.2070167996663,6.04779213265849
"3352",22,"UKENNW_UU_TP000017",NA,5.05424671718802,4.16719368285884,5.94349572628517
"3353",23,"UKENNW_UU_TP000017",NA,5.24061579313619,4.32342618805253,6.16074051809802
"3354",24,"UKENNW_UU_TP000017",NA,5.16457253489672,4.27571484310833,6.05185547452377
"3355",25,"UKENNW_UU_TP000017",NA,5.25045385563455,4.3257790381166,6.17483264978025
"3356",26,"UKENNW_UU_TP000017",NA,5.11959789884901,4.23190342116363,6.00731648403474
"3357",27,"UKENNW_UU_TP000017",NA,5.13702994907438,4.21595351806666,6.06060629255913
"3358",28,"UKENNW_UU_TP000017",NA,5.16629351708583,4.26712713119947,6.06295295300806
"3359",29,"UKENNW_UU_TP000017",NA,5.35107821047566,4.4453677996752,6.25896733236574
"3360",30,"UKENNW_UU_TP000017",NA,5.03411078602224,4.1443473596356,5.92304685026196
"3361",31,"UKENNW_UU_TP000017",5.215946613,5.14822527271668,4.19501789060216,6.10408464002783
"3362",32,"UKENNW_UU_TP000017",NA,5.25707139735672,4.35559317492668,6.15430544645176
"3363",33,"UKENNW_UU_TP000017",5.594070174,5.10913550694085,4.21338275039458,6.00397449739814
"3364",34,"UKENNW_UU_TP000017",NA,4.79628379577762,3.90986415088438,5.68232225434318
"3365",35,"UKENNW_UU_TP000017",5.253328663,4.93706020211817,4.01103316151411,5.86225821219675
"3366",36,"UKENNW_UU_TP000017",NA,5.08433897210906,4.19827222781735,5.96892089283165
"3367",37,"UKENNW_UU_TP000017",5.957910281,5.36841108286299,4.44594657033521,6.2902962464965
"3368",38,"UKENNW_UU_TP000017",NA,5.47257067910252,4.5858083922118,6.35829243907636
"3369",39,"UKENNW_UU_TP000017",6.595896989,5.60434910185085,4.68284282938956,6.5277032277995
"3370",40,"UKENNW_UU_TP000017",NA,5.64785628152719,4.76144264363471,6.53385993467858
"3371",41,"UKENNW_UU_TP000017",5.10918907,5.58719345529636,4.66483349988248,6.51042588953838
"3372",42,"UKENNW_UU_TP000017",NA,5.73254865516871,4.84613002931044,6.61826627779761
"3373",43,"UKENNW_UU_TP000017",5.961190632,5.54053503772954,4.63101178753171,6.45134479389019
"3374",44,"UKENNW_UU_TP000017",NA,5.59608626456048,4.70797984293959,6.48650614903903
"3375",45,"UKENNW_UU_TP000017",6.241937148,5.37704190970276,4.43822224101963,6.31311962746338
"3466",1,"UKENNW_UU_TP000023",NA,4.45937995193336,3.54347414801788,5.37455624607178
"3467",2,"UKENNW_UU_TP000023",NA,4.60964432813348,3.72404901062133,5.49474646324583
"3468",3,"UKENNW_UU_TP000023",NA,4.73491445071013,3.83246751310309,5.63664784063767
"3469",4,"UKENNW_UU_TP000023",NA,4.82568836601258,3.93985407542998,5.71067798717168
"3470",5,"UKENNW_UU_TP000023",NA,4.90352281391852,3.99481526886844,5.81372246039484
"3471",6,"UKENNW_UU_TP000023",NA,5.04372192292237,4.16068156629874,5.92949792009124
"3472",7,"UKENNW_UU_TP000023",NA,4.94857701479577,4.03184238202852,5.86666211091849
"3473",8,"UKENNW_UU_TP000023",NA,5.01425332982828,4.13111460684438,5.89941379934917
"3474",9,"UKENNW_UU_TP000023",NA,5.0863833253502,4.19481122239254,5.97629657957798
"3475",10,"UKENNW_UU_TP000023",NA,5.21712770341843,4.34544098332398,6.08975577766425
"3476",11,"UKENNW_UU_TP000023",NA,5.45084325029989,4.54202215891096,6.36141822563445
"3477",12,"UKENNW_UU_TP000023",NA,5.34419054871112,4.46086588736214,6.23109361830345
"3478",13,"UKENNW_UU_TP000023",NA,5.32374980422152,4.43260040747476,6.21520948995024
"3479",14,"UKENNW_UU_TP000023",NA,5.42596317174084,4.55553988576149,6.29939848076388
"3480",15,"UKENNW_UU_TP000023",NA,5.38320915231679,4.47518964285459,6.29354217140292
"3481",16,"UKENNW_UU_TP000023",NA,5.34633466453655,4.47470187090854,6.2201639623619
"3482",17,"UKENNW_UU_TP000023",NA,5.29787473684841,4.39464090677352,6.20221135128551
"3483",18,"UKENNW_UU_TP000023",NA,5.32543184719523,4.45505034509661,6.19786364440072
"3484",19,"UKENNW_UU_TP000023",NA,5.19327043656314,4.2856089969849,6.10253850112376
"3485",20,"UKENNW_UU_TP000023",NA,5.24017504496276,4.36981166967261,6.11115633879705
"3486",21,"UKENNW_UU_TP000023",NA,5.16222987259248,4.25487008174018,6.07083065227058
"3487",22,"UKENNW_UU_TP000023",NA,5.08938331142778,4.21881844630528,5.96136443264358
"3488",23,"UKENNW_UU_TP000023",NA,5.28531977784248,4.3810744117487,6.19237717279536
"3489",24,"UKENNW_UU_TP000023",NA,5.17865457047671,4.30556728708391,6.04897315425032
"3490",25,"UKENNW_UU_TP000023",NA,5.28340817275896,4.37107800169233,6.19547642421651
"3491",26,"UKENNW_UU_TP000023",NA,5.14125932930774,4.27010064977697,6.01193651435012
"3492",27,"UKENNW_UU_TP000023",NA,5.17655203442106,4.26827519467437,6.08703154227575
"3493",28,"UKENNW_UU_TP000023",NA,5.21507579584852,4.3290320526824,6.0994064671129
"3494",29,"UKENNW_UU_TP000023",NA,5.39479744321091,4.50715141733418,6.28497987118531
"3495",30,"UKENNW_UU_TP000023",NA,5.07575710956045,4.20301258017019,5.94806330066976
"3496",31,"UKENNW_UU_TP000023",5.858047802,5.18141506505702,4.24049557124453,6.12493775280025
"3497",32,"UKENNW_UU_TP000023",NA,5.29382015767964,4.40385186470877,6.17986092348553
"3498",33,"UKENNW_UU_TP000023",5.215060164,5.15104526563989,4.27394976383638,6.02758215911778
"3499",34,"UKENNW_UU_TP000023",NA,4.82904010819043,3.95884741815723,5.69888928432424
"3500",35,"UKENNW_UU_TP000023",5.237177117,4.97165490984371,4.05737776101157,5.88518220109066
"3501",36,"UKENNW_UU_TP000023",NA,5.116644569181,4.24749249834276,5.98472890477066
"3502",37,"UKENNW_UU_TP000023",6.529515053,5.40739973159312,4.49742566273317,6.31695921164836
"3503",38,"UKENNW_UU_TP000023",NA,5.52017203976418,4.65005160433006,6.38994763028187
"3504",39,"UKENNW_UU_TP000023",5.969476278,5.64244268837158,4.73259183812659,6.55414495730878
"3505",40,"UKENNW_UU_TP000023",NA,5.69577563612703,4.82656745034059,6.56533820013777
"3506",41,"UKENNW_UU_TP000023",6.508717172,5.62497439679441,4.71556343120784,6.53543371164446
"3507",42,"UKENNW_UU_TP000023",NA,5.76743218227637,4.89746207032513,6.63700563449828
"3508",43,"UKENNW_UU_TP000023",6.080319225,5.57362306704636,4.67561657393729,6.47272765026177
"3509",44,"UKENNW_UU_TP000023",NA,5.65012319242389,4.77883005507477,6.52444412730523
"3510",45,"UKENNW_UU_TP000023",6.761839323,5.41743993259806,4.49285102105459,6.33944105875623
"4006",1,"UKENNW_UU_TP000095",NA,4.44146274731112,3.49613687588882,5.38595897877034
"4007",2,"UKENNW_UU_TP000095",4.575183615,4.5511467989569,3.63301004772047,5.46674843153981
"4008",3,"UKENNW_UU_TP000095",4.948828409,4.69971549517622,3.76655651845452,5.63138711635902
"4009",4,"UKENNW_UU_TP000095",NA,4.77729445805464,3.85935805893604,5.6934896472899
"4010",5,"UKENNW_UU_TP000095",NA,4.87523259377866,3.93638023646427,5.81534204499359
"4011",6,"UKENNW_UU_TP000095",5.045462244,4.99093851108667,4.07591768869964,5.90776059280909
"4012",7,"UKENNW_UU_TP000095",NA,4.91365424967184,3.96843070920654,5.85976695239897
"4013",8,"UKENNW_UU_TP000095",5.136088522,4.96148624521888,4.0450350301687,5.8785164553601
"4014",9,"UKENNW_UU_TP000095",NA,5.08352705049822,4.15206801455305,6.01502894691019
"4015",10,"UKENNW_UU_TP000095",5.621257634,5.20263644009759,4.29107699975456,6.11706265144937
"4016",11,"UKENNW_UU_TP000095",NA,5.41016123020499,4.4715180074129,6.35019968746067
"4017",12,"UKENNW_UU_TP000095",5.952872338,5.32026940152232,4.40543962266679,6.23777716757806
"4018",13,"UKENNW_UU_TP000095",NA,5.30549284441977,4.37408665967363,6.23774541387882
"4019",14,"UKENNW_UU_TP000095",5.981031724,5.36545197056914,4.45426965385576,6.2787949136213
"4020",15,"UKENNW_UU_TP000095",NA,5.34612051170073,4.40836056021436,6.28572380232976
"4021",16,"UKENNW_UU_TP000095",5.505842067,5.32134997527819,4.40817503100931,6.23736604653657
"4022",17,"UKENNW_UU_TP000095",NA,5.26318388967643,4.32759195578893,6.1994454843793
"4023",18,"UKENNW_UU_TP000095",5.19005681,5.27188866549653,4.36035292723879,6.18368841161382
"4024",19,"UKENNW_UU_TP000095",NA,5.14783678861249,4.2093775419109,6.08704040050867
"4025",20,"UKENNW_UU_TP000095",5.760708259,5.20610635831941,4.29442813273759,6.11743647089718
"4026",21,"UKENNW_UU_TP000095",NA,5.14157088456417,4.20400450787282,6.08007042158278
"4027",22,"UKENNW_UU_TP000095",5.340654066,5.06808185403459,4.15714553932827,5.98102165177905
"4028",23,"UKENNW_UU_TP000095",NA,5.23897746458738,4.30487248793018,6.17550129395513
"4029",24,"UKENNW_UU_TP000095",4.943719182,5.19959829022425,4.28816775270921,6.11097007347743
"4030",25,"UKENNW_UU_TP000095",NA,5.25115270047326,4.30804463343694,6.19350330963452
"4031",26,"UKENNW_UU_TP000095",5.509848977,5.15540869417985,4.24434410580484,6.06688159504777
"4032",27,"UKENNW_UU_TP000095",NA,5.14622586162896,4.20790452655645,6.08669000595763
"4033",28,"UKENNW_UU_TP000095",3.744620203,5.18201664386345,4.26305223679699,6.09840590627821
"4034",29,"UKENNW_UU_TP000095",NA,5.33842512726666,4.4091619558703,6.26846269402083
"4035",30,"UKENNW_UU_TP000095",5.665138463,5.07273527783024,4.15994026897141,5.9856970110943
"4036",31,"UKENNW_UU_TP000095",NA,5.15223944928075,4.18370765418349,6.12334971585623
"4037",32,"UKENNW_UU_TP000095",NA,5.24143072759323,4.32153821624131,6.15687589572085
"4038",33,"UKENNW_UU_TP000095",5.613482042,5.10616646063163,4.18633775627665,6.0246322307344
"4039",34,"UKENNW_UU_TP000095",5.171593572,4.8300359786555,3.91957363116799,5.74105711177728
"4040",35,"UKENNW_UU_TP000095",NA,4.93996893512437,3.99696820173019,5.88170865571755
"4041",36,"UKENNW_UU_TP000095",3.464074923,5.06706046519699,4.15532564480826,5.97613902292691
"4042",37,"UKENNW_UU_TP000095",NA,5.36387998787806,4.42356528772329,6.30301357489063
"4043",38,"UKENNW_UU_TP000095",6.015231333,5.43616153799421,4.52363456554339,6.34561648854443
"4044",39,"UKENNW_UU_TP000095",NA,5.60686684555193,4.66793707938263,6.54739378012325
"4045",40,"UKENNW_UU_TP000095",6.320451311,5.6195576711886,4.70781423158355,6.52901703568208
"4046",41,"UKENNW_UU_TP000095",NA,5.59192922095452,4.65102578946477,6.533321505469
"4047",42,"UKENNW_UU_TP000095",6.243847441,5.70639070841993,4.79423984614657,6.61603690493121
"4048",43,"UKENNW_UU_TP000095",NA,5.54689554320954,4.61695280790155,6.47803248345727
"4049",44,"UKENNW_UU_TP000095",6.052441799,5.55330697891666,4.64032222095353,6.46569467828104
"4050",45,"UKENNW_UU_TP000095",NA,5.37748899609754,4.41920203291567,6.33268643155944
"4141",1,"UKENNW_UU_TP000110",3.761105446,4.24460518747539,3.30761561809773,5.18148237130875
"4142",2,"UKENNW_UU_TP000110",NA,4.38078851427254,3.47755483605391,5.2829014738532
"4143",3,"UKENNW_UU_TP000110",3.687353013,4.50533111501121,3.58266895992532,5.42701957197415
"4144",4,"UKENNW_UU_TP000110",NA,4.60562866838952,3.70247878407445,5.50851697104492
"4145",5,"UKENNW_UU_TP000110",4.597990899,4.68628012888261,3.75753768494098,5.61679965387843
"4146",6,"UKENNW_UU_TP000110",NA,4.80378372790791,3.90326780246623,5.70752712129778
"4147",7,"UKENNW_UU_TP000110",NA,4.72620191884871,3.78994180989898,5.66385517036894
"4148",8,"UKENNW_UU_TP000110",NA,4.78279636672942,3.88079133883891,5.68692606494602
"4149",9,"UKENNW_UU_TP000110",4.940220886,4.87060143204605,3.95066963348685,5.790016987544
"4150",10,"UKENNW_UU_TP000110",NA,4.99145164021416,4.09514528935407,5.89096369495212
"4151",11,"UKENNW_UU_TP000110",4.689830094,5.22708039734948,4.29833567428253,6.15761185189132
"4152",12,"UKENNW_UU_TP000110",NA,5.10780947201815,4.20747110209024,6.01169695884195
"4153",13,"UKENNW_UU_TP000110",5.00530478,5.11071298370291,4.1903557546758,6.03234818961368
"4154",14,"UKENNW_UU_TP000110",NA,5.17239658448633,4.27733387638061,6.07072113776139
"4155",15,"UKENNW_UU_TP000110",4.935478151,5.15678310581521,4.22869221764165,6.08727395990816
"4156",16,"UKENNW_UU_TP000110",NA,5.10031036443777,4.20307423330115,6.00119454139223
"4157",17,"UKENNW_UU_TP000110",5.312246448,5.05590119839994,4.1327403413451,5.98007285832652
"4158",18,"UKENNW_UU_TP000110",NA,5.08152433208684,4.1861785910074,5.9788661230834
"4159",19,"UKENNW_UU_TP000110",3.169222323,4.94377690133013,4.01566751567553,5.87354274800996
"4160",20,"UKENNW_UU_TP000110",NA,5.01459751923868,4.11906355983593,5.9114271629382
"4161",21,"UKENNW_UU_TP000110",3.830698742,4.9340071649864,4.00633841516208,5.86325923211452
"4162",22,"UKENNW_UU_TP000110",NA,4.86276048384448,3.96728621716246,5.76161474636305
"4163",23,"UKENNW_UU_TP000110",4.698357396,5.04611410909552,4.12136400547761,5.97393567700987
"4164",24,"UKENNW_UU_TP000110",NA,4.99315814290593,4.09712408579771,5.88888610077947
"4165",25,"UKENNW_UU_TP000110",4.579585658,5.06969140912038,4.13800108595879,6.00128582080027
"4166",26,"UKENNW_UU_TP000110",NA,4.93209846177587,4.03651735261589,5.82800719266582
"4167",27,"UKENNW_UU_TP000110",4.35774699,4.94499093955777,4.01625887956064,5.8764796434606
"4168",28,"UKENNW_UU_TP000110",NA,4.96937661016424,4.06491120300618,5.87054584481253
"4169",29,"UKENNW_UU_TP000110",3.680872939,5.15851658265234,4.24183686253774,6.0768220937901
"4170",30,"UKENNW_UU_TP000110",NA,4.82803907098479,3.92969599383584,5.72416584717206
"4171",31,"UKENNW_UU_TP000110",NA,4.96204714966899,4.00206696279644,5.92455090786686
"4172",32,"UKENNW_UU_TP000110",5.33558922,5.07862208258546,4.17342316658637,5.97920140726303
"4173",33,"UKENNW_UU_TP000110",4.109511829,4.9223236333129,4.0168539504728,5.82672708970206
"4174",34,"UKENNW_UU_TP000110",NA,4.60234849927735,3.70857868563751,5.49508721331302
"4175",35,"UKENNW_UU_TP000110",4.398140481,4.75038327557554,3.81733566641466,5.68263123219433
"4176",36,"UKENNW_UU_TP000110",NA,4.90778463518905,4.01442664841018,5.79977017503185
"4177",37,"UKENNW_UU_TP000110",4.150197977,5.17964616932883,4.24965370411002,6.10917658183226
"4178",38,"UKENNW_UU_TP000110",NA,5.28562846095861,4.39159936839615,6.1788533143644
"4179",39,"UKENNW_UU_TP000110",5.085804737,5.41334902409248,4.48466961854851,6.34423746882123
"4180",40,"UKENNW_UU_TP000110",NA,5.46082251411019,4.56749156642305,6.35328567258128
"4181",41,"UKENNW_UU_TP000110",5.303138113,5.39936257972239,4.46953412670417,6.33005260052018
"4182",42,"UKENNW_UU_TP000110",NA,5.5527474033976,4.65976548143233,6.4455289658509
"4183",43,"UKENNW_UU_TP000110",5.059915186,5.35247014168668,4.43769031783555,6.2686302234114
"4184",44,"UKENNW_UU_TP000110",NA,5.40157669180465,4.50552665862887,6.299552319119
"4185",45,"UKENNW_UU_TP000110",NA,5.18972995495105,4.24421629787189,6.13253854734888
"406",1,"UKENAN_AW_TP000107",NA,4.32001809112473,3.40927704871301,5.22990452274875
"407",2,"UKENAN_AW_TP000107",3.551756597,4.26535256150435,3.4006028937261,5.1291993617394
"408",3,"UKENAN_AW_TP000107",NA,4.590444039051,3.69435365000131,5.48778940601386
"409",4,"UKENAN_AW_TP000107",4.566287062,4.64203528622691,3.77906861131315,5.50749647154828
"410",5,"UKENAN_AW_TP000107",NA,4.72441322519879,3.82008224577643,5.63112830322611
"411",6,"UKENAN_AW_TP000107",5.068436406,5.07842251110889,4.214793502793,5.94326834126767
"412",7,"UKENAN_AW_TP000107",NA,4.84661269481866,3.93843042827406,5.75677036762334
"413",8,"UKENAN_AW_TP000107",4.816589536,4.83062852327862,3.9646978885658,5.69380626783063
"414",9,"UKENAN_AW_TP000107",NA,5.05583579132611,4.15094825019068,5.96118998712987
"415",10,"UKENAN_AW_TP000107",5.643958124,5.20414234997082,4.34085986781885,6.06766246429264
"416",11,"UKENAN_AW_TP000107",NA,5.3251286429773,4.41997756235295,6.2328858240633
"417",12,"UKENAN_AW_TP000107",5.309839904,5.20672970450336,4.34417719305784,6.0723317224063
"418",13,"UKENAN_AW_TP000107",NA,5.19664864580728,4.29040569311334,6.10455957852075
"419",14,"UKENAN_AW_TP000107",5.111161561,5.4762000397915,4.61253885050508,6.34158724099298
"420",15,"UKENAN_AW_TP000107",NA,5.25290284471749,4.34545408426802,6.1632546404273
"421",16,"UKENAN_AW_TP000107",6.213365056,5.37709355561632,4.51440949870146,6.24106056671768
"422",17,"UKENAN_AW_TP000107",NA,5.21931854244029,4.31589797895402,6.12469301019209
"423",18,"UKENAN_AW_TP000107",4.816618554,5.04749108875213,4.1849295419361,5.9109817725994
"424",19,"UKENAN_AW_TP000107",NA,5.04654486093131,4.13889329022866,5.95438907122057
"425",20,"UKENAN_AW_TP000107",4.306249197,5.04272905708727,4.17997887422813,5.90634351562232
"426",21,"UKENAN_AW_TP000107",NA,5.08141338594542,4.17852478245421,5.98521501288366
"427",22,"UKENAN_AW_TP000107",4.999254955,4.92075547515459,4.05775607592844,5.78517485038606
"428",23,"UKENAN_AW_TP000107",NA,5.15749948529032,4.25749493415605,6.05834295616499
"429",24,"UKENAN_AW_TP000107",4.831114235,5.17880631682112,4.31602575587203,6.04230368898032
"430",25,"UKENAN_AW_TP000107",NA,5.17056424220256,4.26442440217335,6.07815510381852
"431",26,"UKENAN_AW_TP000107",5.016731889,4.99543838523461,4.13273966902175,5.85879819947162
"432",27,"UKENAN_AW_TP000107",NA,5.07601908802303,4.17210616713633,5.98021802869329
"433",28,"UKENAN_AW_TP000107",4.580941849,5.24764128374618,4.38503925357539,6.11071458534917
"434",29,"UKENAN_AW_TP000107",NA,5.17846167447692,4.27510127065706,6.08341752936498
"435",30,"UKENAN_AW_TP000107",4.750088964,5.04024052040134,4.17825440370777,5.90330463053675
"436",31,"UKENAN_AW_TP000107",NA,4.9462324120526,4.00252360102071,5.88916266216464
"437",32,"UKENAN_AW_TP000107",4.483302645,4.90329148830129,4.03932331890043,5.76886536578826
"438",33,"UKENAN_AW_TP000107",NA,5.00430414020239,4.11371586787258,5.89629144556922
"439",34,"UKENAN_AW_TP000107",3.726779543,4.66236629851145,3.79593027170282,5.52618974729684
"440",35,"UKENAN_AW_TP000107",NA,4.81261605585753,3.90783402627675,5.71769856120326
"441",36,"UKENAN_AW_TP000107",4.274516404,4.86259377670973,3.99855583264879,5.72582222868327
"442",37,"UKENAN_AW_TP000107",NA,5.21107047911115,4.30283254860585,6.1203967477626
"443",38,"UKENAN_AW_TP000107",5.634900504,5.3310839553294,4.46794772675326,6.19689109205185
"444",39,"UKENAN_AW_TP000107",NA,5.50479495657633,4.60021741148535,6.41211229267006
"445",40,"UKENAN_AW_TP000107",4.84136247,5.39502433338579,4.53033991054144,6.26052979425316
"446",41,"UKENAN_AW_TP000107",NA,5.53489768664574,4.62834713084753,6.44485175554577
"447",42,"UKENAN_AW_TP000107",4.664392204,5.39833686389631,4.532215037601,6.2637623172281
"448",43,"UKENAN_AW_TP000107",NA,5.47879530263243,4.57645503568984,6.38136190249917
"449",44,"UKENAN_AW_TP000107",5.410674671,5.35414538785721,4.48811384653588,6.22609419596183
"450",45,"UKENAN_AW_TP000107",NA,5.34026266568065,4.41827549688082,6.26119416211781
"1261",1,"UKENMI_ST_TP000068",NA,4.05214296320518,3.11885137731936,4.9857057474028
"1262",2,"UKENMI_ST_TP000068",3.331671957,4.17068898522825,3.26404940463324,5.07756205580832
"1263",3,"UKENMI_ST_TP000068",NA,4.33565929966091,3.42076387985467,5.25163408968629
"1264",4,"UKENMI_ST_TP000068",4.580757335,4.36399493442712,3.45729282218307,5.27091024753618
"1265",5,"UKENMI_ST_TP000068",NA,4.50420830049047,3.57791807712575,5.43401353143917
"1266",6,"UKENMI_ST_TP000068",4.877575276,4.74127793777801,3.83873445352038,5.64321283292426
"1267",7,"UKENMI_ST_TP000068",NA,4.58960904689511,3.65828472112306,5.52243422719525
"1268",8,"UKENMI_ST_TP000068",5.0017039,4.66703473411233,3.76528244321439,5.56920053188635
"1269",9,"UKENMI_ST_TP000068",NA,4.76903286022102,3.83817542775477,5.69882960812185
"1270",10,"UKENMI_ST_TP000068",5.336994622,5.03985778807838,4.13517221213473,5.94520706021916
"1271",11,"UKENMI_ST_TP000068",NA,5.14585247958674,4.2223358964894,6.07141475460985
"1272",12,"UKENMI_ST_TP000068",5.846044623,4.98319953508419,4.08174631615799,5.88462829197671
"1273",13,"UKENMI_ST_TP000068",NA,5.02341603740194,4.09490126808296,5.95353896794076
"1274",14,"UKENMI_ST_TP000068",4.786244627,4.99219469243676,4.089795206708,5.89340418169872
"1275",15,"UKENMI_ST_TP000068",NA,4.98355101742863,4.05415526060388,5.91505120669289
"1276",16,"UKENMI_ST_TP000068",5.537171096,5.14439120276334,4.23973291522295,6.05183733306515
"1277",17,"UKENMI_ST_TP000068",NA,4.97060441167036,4.04986092989182,5.8949899077272
"1278",18,"UKENMI_ST_TP000068",5.208791754,4.83026653256817,3.92879575732869,5.73423163197689
"1279",19,"UKENMI_ST_TP000068",NA,4.79244979628502,3.86315791050382,5.7221639090428
"1280",20,"UKENMI_ST_TP000068",2.748579374,4.74263751887869,3.8385040761765,5.65149403921106
"1281",21,"UKENMI_ST_TP000068",NA,4.75711992302748,3.83259921379927,5.6807761851792
"1282",22,"UKENMI_ST_TP000068",4.725492137,4.69522846526606,3.79495127837141,5.60002152840719
"1283",23,"UKENMI_ST_TP000068",NA,4.94148120260671,4.01832726314451,5.8661743873976
"1284",24,"UKENMI_ST_TP000068",5.068118434,4.89397195741914,3.98898670327683,5.79482932521525
"1285",25,"UKENMI_ST_TP000068",NA,4.90679138827507,3.97902517790747,5.83625044850572
"1286",26,"UKENMI_ST_TP000068",4.961353715,4.7900874269055,3.88983608433943,5.69235712484506
"1287",27,"UKENMI_ST_TP000068",NA,4.82136435104964,3.89348887082484,5.74976551953377
"1288",28,"UKENMI_ST_TP000068",3.774596892,5.00761586947213,4.10495970704659,5.90903226877773
"1289",29,"UKENMI_ST_TP000068",NA,4.89580962194364,3.97083595727388,5.82467274809294
"1290",30,"UKENMI_ST_TP000068",5.115611411,4.80976426291421,3.90929297734004,5.71167634462446
"1291",31,"UKENMI_ST_TP000068",NA,4.73245992177474,3.76766794549422,5.69693372173796
"1292",32,"UKENMI_ST_TP000068",5.072224037,4.80317679596176,3.90372263109338,5.70137832629823
"1293",33,"UKENMI_ST_TP000068",NA,4.75565650637848,3.83991782680093,5.67301456269973
"1294",34,"UKENMI_ST_TP000068",4.417241895,4.36630163043135,3.46256869032674,5.27013764918776
"1295",35,"UKENMI_ST_TP000068",NA,4.54985615138279,3.62257665423179,5.47946514407144
"1296",36,"UKENMI_ST_TP000068",4.490097959,4.59353955728388,3.69259239700986,5.49516945686408
"1297",37,"UKENMI_ST_TP000068",NA,4.91971297406153,3.98945194651567,5.84905222020537
"1298",38,"UKENMI_ST_TP000068",4.297444873,4.9246197799144,4.01927841647207,5.83008035341479
"1299",39,"UKENMI_ST_TP000068",NA,5.27871308945659,4.35797647955637,6.20283747345032
"1300",40,"UKENMI_ST_TP000068",5.555637278,5.05884442693892,4.15429730461785,5.96058205174339
"1301",41,"UKENMI_ST_TP000068",NA,5.25649077076436,4.3298972635788,6.18680264061014
"1302",42,"UKENMI_ST_TP000068",5.360972728,5.2020584359056,4.30166408001732,6.105132252005
"1303",43,"UKENMI_ST_TP000068",NA,5.2508797223084,4.32615259250782,6.17510576080431
"1304",44,"UKENMI_ST_TP000068",5.404135609,5.08231259373782,4.18145598519536,5.98473868128101
"1305",45,"UKENMI_ST_TP000068",NA,5.08569071622413,4.13242834600735,6.03735355971438
"1756",1,"UKENMI_ST_TP000182",NA,4.28604066198741,3.35643253404187,5.21484761999161
"1757",2,"UKENMI_ST_TP000182",4.344655137,4.35677207209882,3.45489276548069,5.25801709782337
"1758",3,"UKENMI_ST_TP000182",NA,4.57130876691171,3.66089972456256,5.48291825339807
"1759",4,"UKENMI_ST_TP000182",5.229375503,4.57994347593382,3.67733782908813,5.48140412825974
"1760",5,"UKENMI_ST_TP000182",NA,4.71606872393898,3.79299184183958,5.64137556707641
"1761",6,"UKENMI_ST_TP000182",NA,4.96476309677992,4.06505758593974,5.86180765867681
"1762",7,"UKENMI_ST_TP000182",5.910063537,4.80695680231208,3.87882689053418,5.73565804737039
"1763",8,"UKENMI_ST_TP000182",5.412323376,4.87270709827369,3.97467963432219,5.76926150597254
"1764",9,"UKENMI_ST_TP000182",NA,5.00647911837603,4.08218869996432,5.93034798132175
"1765",10,"UKENMI_ST_TP000182",6.085661936,5.23751641792702,4.33812938944255,6.13549402562518
"1766",11,"UKENMI_ST_TP000182",NA,5.32148566493543,4.39915420240955,6.24437370567378
"1767",12,"UKENMI_ST_TP000182",5.863077208,5.21443762996077,4.31824048791955,6.11232209879969
"1768",13,"UKENMI_ST_TP000182",NA,5.20658167764271,4.2824049982837,6.1311096967329
"1769",14,"UKENMI_ST_TP000182",5.821166509,5.25964519099557,4.36122709179919,6.15562809797716
"1770",15,"UKENMI_ST_TP000182",NA,5.21182017822259,4.2878767408117,6.13765924515645
"1771",16,"UKENMI_ST_TP000182",5.349148701,5.37366878619783,4.47617504407481,6.27278488216946
"1772",17,"UKENMI_ST_TP000182",NA,5.19378910859076,4.27378148152143,6.11530867467532
"1773",18,"UKENMI_ST_TP000182",5.151365864,5.08552936580735,4.18972355647959,5.98417307635686
"1774",19,"UKENMI_ST_TP000182",NA,5.01530856166188,4.09008553271021,5.93984911699222
"1775",20,"UKENMI_ST_TP000182",6.020334407,4.97156614584101,4.07413792030945,5.87266000111334
"1776",21,"UKENMI_ST_TP000182",NA,5.00655047531305,4.08465736974372,5.9280440643683
"1777",22,"UKENMI_ST_TP000182",4.670733292,4.94628410474621,4.05016549267045,5.84589871760029
"1778",23,"UKENMI_ST_TP000182",NA,5.14467218524589,4.22572447232697,6.0633876808036
"1779",24,"UKENMI_ST_TP000182",5.632390743,5.12291079407923,4.2227939711427,6.01876299457128
"1780",25,"UKENMI_ST_TP000182",NA,5.13400414990311,4.20918126530244,6.05963251923218
"1781",26,"UKENMI_ST_TP000182",5.788043302,4.9824121755445,4.08542962796913,5.87981144535505
"1782",27,"UKENMI_ST_TP000182",NA,5.04196390901977,4.11702051932854,5.96598816928042
"1783",28,"UKENMI_ST_TP000182",NA,5.22096782874325,4.32056654432263,6.11799321117116
"1784",29,"UKENMI_ST_TP000182",5.472846266,5.13414934069814,4.21147749494094,6.05902983688301
"1785",30,"UKENMI_ST_TP000182",5.170620422,5.03251355523456,4.13423452378753,5.92967213860975
"1786",31,"UKENMI_ST_TP000182",NA,4.9355000566594,3.97237801570961,5.89748894855433
"1787",32,"UKENMI_ST_TP000182",5.645415967,4.99006793870236,4.09375540517864,5.88792794416425
"1788",33,"UKENMI_ST_TP000182",NA,4.97670095131217,4.06585458839558,5.88830293905616
"1789",34,"UKENMI_ST_TP000182",5.446615127,4.60212670716945,3.70197423634259,5.50268541221185
"1790",35,"UKENMI_ST_TP000182",NA,4.78116678604755,3.85560881720831,5.70701409304503
"1791",36,"UKENMI_ST_TP000182",5.005593048,4.82920413271095,3.93162575783593,5.72640932135285
"1792",37,"UKENMI_ST_TP000182",NA,5.1587204210056,4.23283247667185,6.08428956191154
"1793",38,"UKENMI_ST_TP000182",5.619273843,5.14674388149568,4.247636740025,6.04405900653234
"1794",39,"UKENMI_ST_TP000182",NA,5.49137968177334,4.57032585895516,6.41377183898941
"1795",40,"UKENMI_ST_TP000182",5.122754834,5.29766652388667,4.39946630147167,6.19507142360297
"1796",41,"UKENMI_ST_TP000182",NA,5.49199297082199,4.56802670337228,6.41891561270279
"1797",42,"UKENMI_ST_TP000182",6.630172259,5.41169721117164,4.51512341496813,6.30952624894768
"1798",43,"UKENMI_ST_TP000182",NA,5.4500179693238,4.52714692947239,6.37117645036663
"1799",44,"UKENMI_ST_TP000182",NA,5.30980369147231,4.41295825367976,6.20777338189464
"1800",45,"UKENMI_ST_TP000182",6.268867226,5.30700982030695,4.36330070649992,6.24893666141725
"2071",1,"UKENMI_ST_TP000225",NA,4.23854559262891,3.32428107241689,5.15282517769074
"2072",2,"UKENMI_ST_TP000225",4.062915794,4.34876665694124,3.46432153869436,5.23278521754516
"2073",3,"UKENMI_ST_TP000225",NA,4.52320468838669,3.62381628472837,5.42306841058559
"2074",4,"UKENMI_ST_TP000225",4.950056179,4.56069975719032,3.67662486567749,5.44536003606411
"2075",5,"UKENMI_ST_TP000225",NA,4.68827126589045,3.78063652244059,5.59882651712176
"2076",6,"UKENMI_ST_TP000225",5.105160338,4.92789139305199,4.04506623516421,5.810428859899
"2077",7,"UKENMI_ST_TP000225",NA,4.78533850549346,3.87326664002006,5.69888541368476
"2078",8,"UKENMI_ST_TP000225",5.240696498,4.85619879616293,3.97452678955315,5.73854244439354
"2079",9,"UKENMI_ST_TP000225",NA,4.97797717263863,4.06681451034502,5.88885950609592
"2080",10,"UKENMI_ST_TP000225",6.032735871,5.19950191303116,4.30954633331474,6.0876863403049
"2081",11,"UKENMI_ST_TP000225",NA,5.38607469141064,4.4881993353402,6.28817071289695
"2082",12,"UKENMI_ST_TP000225",5.149123329,5.21528504986543,4.33365991055726,6.09734194626751
"2083",13,"UKENMI_ST_TP000225",NA,5.20424154321767,4.29482736502577,6.11427094139748
"2084",14,"UKENMI_ST_TP000225",5.858231726,5.17539823688648,4.292950638772,6.05693682135319
"2085",15,"UKENMI_ST_TP000225",NA,5.1816299189749,4.27256836333359,6.09295775944185
"2086",16,"UKENMI_ST_TP000225",5.759239082,5.31068855915834,4.42066157817672,6.20013993602953
"2087",17,"UKENMI_ST_TP000225",NA,5.14495063347177,4.24830134324574,6.04376544839183
"2088",18,"UKENMI_ST_TP000225",5.359975077,4.93483704159448,4.05076150140805,5.816076246727
"2089",19,"UKENMI_ST_TP000225",NA,4.98321949233807,4.07306113889101,5.89330565161531
"2090",20,"UKENMI_ST_TP000225",3.720201328,4.9661443181806,4.07777167836019,5.85720260764304
"2091",21,"UKENMI_ST_TP000225",NA,4.96712108497463,4.06759674288994,5.86616037624369
"2092",22,"UKENMI_ST_TP000225",5.519570387,4.8547086779114,3.97306882412119,5.73763565930196
"2093",23,"UKENMI_ST_TP000225",NA,5.12691602392621,4.22276396111016,6.03208236299592
"2094",24,"UKENMI_ST_TP000225",5.653752477,5.11342298634382,4.23022818497213,5.99486856759485
"2095",25,"UKENMI_ST_TP000225",NA,5.10674554468059,4.19837491662039,6.01614957106119
"2096",26,"UKENMI_ST_TP000225",4.945888134,5.02518662684211,4.14446744025457,5.9085211701352
"2097",27,"UKENMI_ST_TP000225",NA,5.01148055400364,4.10271507938064,5.91992221046121
"2098",28,"UKENMI_ST_TP000225",5.465382402,5.19332530508898,4.30993419316963,6.07519217390236
"2099",29,"UKENMI_ST_TP000225",NA,5.0814399739235,4.17442856839793,5.99049088999407
"2100",30,"UKENMI_ST_TP000225",4.608254604,4.9706991743932,4.08913279149231,5.85315766832761
"2101",31,"UKENMI_ST_TP000225",NA,4.92648214861379,3.98230062106937,5.87060542698703
"2102",32,"UKENMI_ST_TP000225",5.676716886,5.00962803144101,4.12916540394497,5.89095900571952
"2103",33,"UKENMI_ST_TP000225",NA,4.93755817817166,4.04080409658423,5.83544226791138
"2104",34,"UKENMI_ST_TP000225",4.34063103,4.63294770297795,3.74984889329876,5.51818018820959
"2105",35,"UKENMI_ST_TP000225",NA,4.72285268567866,3.81363207863778,5.63268972614864
"2106",36,"UKENMI_ST_TP000225",5.161507354,4.77133890630602,3.88895482335937,5.65259132285763
"2107",37,"UKENMI_ST_TP000225",NA,5.13174386044323,4.221752113088,6.04133914773931
"2108",38,"UKENMI_ST_TP000225",5.396804477,5.13608761523923,4.24678874688166,6.02521369790583
"2109",39,"UKENMI_ST_TP000225",NA,5.46381815430947,4.56671479939688,6.36296549731242
"2110",40,"UKENMI_ST_TP000225",6.013500138,5.26210684771914,4.37789438685082,6.14321560365828
"2111",41,"UKENMI_ST_TP000225",NA,5.44658174642858,4.53885635735273,6.35707415358977
"2112",42,"UKENMI_ST_TP000225",5.331099164,5.38497545270734,4.50371626096963,6.26727561603897
"2113",43,"UKENMI_ST_TP000225",NA,5.45852837729391,4.55349496672132,6.3629887081033
"2114",44,"UKENMI_ST_TP000225",3.393472251,5.27357653187636,4.3917903834771,6.15611018885146
"2115",45,"UKENMI_ST_TP000225",NA,5.27671050346787,4.34419927398103,6.2077765402784
"2026",1,"UKENMI_ST_TP000222",NA,3.89779215119519,2.96639136086269,4.82781163116679
"2027",2,"UKENMI_ST_TP000222",3.759873952,4.01920383857888,3.13260906390063,4.90553817033628
"2028",3,"UKENMI_ST_TP000222",4.811519856,4.1738701225323,3.26063738003804,5.0874094648993
"2029",4,"UKENMI_ST_TP000222",NA,4.15140516289174,3.26182256637539,5.03673271896229
"2030",5,"UKENMI_ST_TP000222",NA,4.34079277242751,3.41695008022201,5.26529576318832
"2031",6,"UKENMI_ST_TP000222",3.855882448,4.59897427365585,3.71478538002639,5.4868281735286
"2032",7,"UKENMI_ST_TP000222",NA,4.3829824244721,3.45389024992044,5.31247249898232
"2033",8,"UKENMI_ST_TP000222",4.161415458,4.55319833886493,3.66974979374063,5.43918002400663
"2034",9,"UKENMI_ST_TP000222",NA,4.62918357743634,3.70479949202146,5.55316839030746
"2035",10,"UKENMI_ST_TP000222",5.045185477,4.87738575665183,3.99255566480012,5.76251100563535
"2036",11,"UKENMI_ST_TP000222",NA,4.89959135335192,3.97598108186982,5.82338250294352
"2037",12,"UKENMI_ST_TP000222",4.619774562,4.87086925509044,3.98673970448583,5.75721251109719
"2038",13,"UKENMI_ST_TP000222",NA,4.79367969384999,3.87018297507334,5.71751699536813
"2039",14,"UKENMI_ST_TP000222",5.067319162,4.87551474646708,3.98866738277111,5.75935895975703
"2040",15,"UKENMI_ST_TP000222",NA,4.83716430758048,3.91290112782266,5.76214132822757
"2041",16,"UKENMI_ST_TP000222",5.254053371,4.96931980326433,4.08487072682762,5.85548100826577
"2042",17,"UKENMI_ST_TP000222",NA,4.80719835384711,3.88563263877988,5.72903604307726
"2043",18,"UKENMI_ST_TP000222",4.722757105,4.72454384534454,3.84062169122589,5.61127330527542
"2044",19,"UKENMI_ST_TP000222",NA,4.61651575904101,3.69216538634154,5.53986873359692
"2045",20,"UKENMI_ST_TP000222",5.087229045,4.43701052466512,3.5497569491393,5.32150486856104
"2046",21,"UKENMI_ST_TP000222",NA,4.61364317711518,3.68967055992176,5.53771550941324
"2047",22,"UKENMI_ST_TP000222",3.894758605,4.56498506402331,3.68189629471981,5.45022005744555
"2048",23,"UKENMI_ST_TP000222",NA,4.74101433948854,3.82508602413323,5.65596195088665
"2049",24,"UKENMI_ST_TP000222",4.490356705,4.85381249671014,3.96700643108817,5.74662565672119
"2050",25,"UKENMI_ST_TP000222",NA,4.70331634289547,3.77896653593114,5.62832594982803
"2051",26,"UKENMI_ST_TP000222",4.861228327,4.4847001052977,3.597167267224,5.36799339856367
"2052",27,"UKENMI_ST_TP000222",NA,4.64635838223136,3.72000004055548,5.57150215989652
"2053",28,"UKENMI_ST_TP000222",4.815174201,4.82775147943454,3.9418861870881,5.71273792387525
"2054",29,"UKENMI_ST_TP000222",NA,4.73158559556016,3.80846331853846,5.65585653124052
"2055",30,"UKENMI_ST_TP000222",4.593096212,4.70412311484731,3.818409613255,5.58870325715068
"2056",31,"UKENMI_ST_TP000222",NA,4.53238599764618,3.56891049334758,5.49475428605794
"2057",32,"UKENMI_ST_TP000222",5.128485741,4.66326504751388,3.77695765618921,5.55093971633378
"2058",33,"UKENMI_ST_TP000222",NA,4.59077271875669,3.68502612987636,5.49621599780785
"2059",34,"UKENMI_ST_TP000222",4.124971,4.21044196562265,3.32207595903958,5.09489830281236
"2060",35,"UKENMI_ST_TP000222",NA,4.38875897576769,3.46093612784648,5.31554300698464
"2061",36,"UKENMI_ST_TP000222",3.38856173,4.45557690567925,3.57158909605663,5.34098918734721
"2062",37,"UKENMI_ST_TP000222",NA,4.77194532229472,3.84570310996229,5.69813429367271
"2063",38,"UKENMI_ST_TP000222",4.165151417,4.56957007589642,3.67263272666319,5.45606198515898
"2064",39,"UKENMI_ST_TP000222",NA,5.07758528773885,4.15409126423594,6.00209934779893
"2065",40,"UKENMI_ST_TP000222",5.384246614,4.86077425765418,3.97303344374981,5.74467788970923
"2066",41,"UKENMI_ST_TP000222",NA,5.0954681924769,4.17066938278222,6.02231440390253
"2067",42,"UKENMI_ST_TP000222",5.055711409,4.96172336074597,4.07626072459655,5.84553130660578
"2068",43,"UKENMI_ST_TP000222",NA,5.03052525992723,4.10537285115598,5.95385297859279
"2069",44,"UKENMI_ST_TP000222",4.64071985,4.87950676861901,3.99449406234349,5.76346050930773
"2070",45,"UKENMI_ST_TP000222",NA,4.90570281015763,3.96180971350692,5.84734534682159
"541",1,"UKENAN_AW_TP000144",NA,4.33842955418603,3.41088864400157,5.26401713350526
"542",2,"UKENAN_AW_TP000144",3.894018201,4.42781522629901,3.53701139630115,5.31666730603108
"543",3,"UKENAN_AW_TP000144",NA,4.5906442623337,3.67836658640722,5.50334291137189
"544",4,"UKENAN_AW_TP000144",4.565652353,4.59957184577669,3.71045326229106,5.48902333550406
"545",5,"UKENAN_AW_TP000144",NA,4.74162530936615,3.82212411402565,5.66292637695356
"546",6,"UKENAN_AW_TP000144",3.976508289,4.97537046655063,4.08424868881619,5.86428859124718
"547",7,"UKENAN_AW_TP000144",NA,4.78651896977466,3.86201749659972,5.71310410947171
"548",8,"UKENAN_AW_TP000144",5.295213159,4.84478030205722,3.9547687609818,5.73365134459856
"549",9,"UKENAN_AW_TP000144",NA,5.04900703640229,4.12706101420956,5.97043663881698
"550",10,"UKENAN_AW_TP000144",5.612534619,5.0660783859916,4.17653965933966,5.9581138209134
"551",11,"UKENAN_AW_TP000144",NA,5.30190059823212,4.38330489931895,6.22329073181458
"552",12,"UKENAN_AW_TP000144",5.155523051,5.30658455657716,4.41710641961334,6.19549822623421
"553",13,"UKENAN_AW_TP000144",NA,5.19984234263096,4.28080463995528,6.12105726553959
"554",14,"UKENAN_AW_TP000144",5.798863048,5.32767674811531,4.43906005968009,6.21641511542829
"555",15,"UKENAN_AW_TP000144",NA,5.24569808223135,4.32590083364138,6.16823231380475
"556",16,"UKENAN_AW_TP000144",4.809772982,5.34754479639163,4.45827247364876,6.23658955225636
"557",17,"UKENAN_AW_TP000144",NA,5.18071246054696,4.26338620242165,6.09893806773947
"558",18,"UKENAN_AW_TP000144",5.312256804,5.12557584392414,4.23590448314131,6.01390295825408
"559",19,"UKENAN_AW_TP000144",NA,5.02009564956373,4.09749163676634,5.94175854414401
"560",20,"UKENAN_AW_TP000144",5.013127507,5.03650347627635,4.14639730055695,5.92425989726276
"561",21,"UKENAN_AW_TP000144",NA,5.07406528261052,4.15539791344897,5.99305935757471
"562",22,"UKENAN_AW_TP000144",5.079906383,5.0225523966912,4.13383181504504,5.91156597149393
"563",23,"UKENAN_AW_TP000144",NA,5.1454413950985,4.23021254614941,6.06147945595206
"564",24,"UKENAN_AW_TP000144",5.28947715,5.0280492274681,4.13820168161709,5.91821816859423
"565",25,"UKENAN_AW_TP000144",5.05955423,5.16818964530234,4.24757990146317,6.08970667767057
"566",26,"UKENAN_AW_TP000144",NA,5.16797884824024,4.2785188948005,6.05798877146302
"567",27,"UKENAN_AW_TP000144",NA,5.06338158341974,4.145135335255,5.98218892159706
"568",28,"UKENAN_AW_TP000144",4.796538581,5.21350509507444,4.3212229090394,6.10438889274425
"569",29,"UKENAN_AW_TP000144",NA,5.1608713948227,4.24348942461389,6.07866595449083
"570",30,"UKENAN_AW_TP000144",4.683304413,5.14905883039639,4.25999964988432,6.03865219796629
"571",31,"UKENAN_AW_TP000144",NA,4.92894433674951,3.97173833944335,5.88514345624859
"572",32,"UKENAN_AW_TP000144",4.232048694,4.91498967276536,4.02348974066084,5.80761745737476
"573",33,"UKENAN_AW_TP000144",NA,4.99175600161948,4.08430696094114,5.90060740741872
"574",34,"UKENAN_AW_TP000144",4.440888748,4.86408601662752,3.97490219996433,5.75328506841105
"575",35,"UKENAN_AW_TP000144",NA,4.80133899298907,3.88018773020708,5.72194038179922
"576",36,"UKENAN_AW_TP000144",5.068310527,4.89115972437156,4.00197433751251,5.77926799198389
"577",37,"UKENAN_AW_TP000144",NA,5.21657647922423,4.29648376857697,6.13661726196501
"578",38,"UKENAN_AW_TP000144",5.387087409,5.14058449360021,4.25030658917646,6.02851393961925
"579",39,"UKENAN_AW_TP000144",NA,5.49989330725785,4.58123589230098,6.4204109819406
"580",40,"UKENAN_AW_TP000144",4.839288028,5.40379245106246,4.51366848424855,6.29326654999114
"581",41,"UKENAN_AW_TP000144",NA,5.54332596209222,4.62214258150099,6.4675873732433
"582",42,"UKENAN_AW_TP000144",4.960596012,5.42787835595144,4.53896886736271,6.31732876137977
"583",43,"UKENAN_AW_TP000144",NA,5.44496542938994,4.52750061136684,6.36291435165867
"584",44,"UKENAN_AW_TP000144",5.710266297,5.24647588678564,4.35731320604585,6.13652834956443
"585",45,"UKENAN_AW_TP000144",NA,5.33954185016177,4.40443653556865,6.27370448451883
"3376",1,"UKENNW_UU_TP000018",NA,3.75277241334856,2.87452582386713,4.6313692389901
"3377",2,"UKENNW_UU_TP000018",4.312214638,3.97440404152682,3.1240412508615,4.82691321916612
"3378",3,"UKENNW_UU_TP000018",3.947006945,4.20937251854229,3.34992466525172,5.07145952448158
"3379",4,"UKENNW_UU_TP000018",NA,4.2303470243435,3.37011606718032,5.08874483974042
"3380",5,"UKENNW_UU_TP000018",NA,4.34869493574633,3.47468950428278,5.22349583155369
"3381",6,"UKENNW_UU_TP000018",4.893892536,4.23870247523955,3.38589384489941,5.08744873082439
"3382",7,"UKENNW_UU_TP000018",NA,4.36638608468618,3.47595674722742,5.25746663445944
"3383",8,"UKENNW_UU_TP000018",4.290805018,4.40126692162491,3.55056321211891,5.25168191627085
"3384",9,"UKENNW_UU_TP000018",NA,4.61164247375037,3.73866446555379,5.48533234741682
"3385",10,"UKENNW_UU_TP000018",4.505933599,4.60380561693675,3.75040013168906,5.45064051847579
"3386",11,"UKENNW_UU_TP000018",NA,4.89140077878584,4.0159272172962,5.76653935049611
"3387",12,"UKENNW_UU_TP000018",5.180972658,4.84212376294731,3.9889650508539,5.69058156228054
"3388",13,"UKENNW_UU_TP000018",NA,4.77830167272457,3.91139532341693,5.64406471451168
"3389",14,"UKENNW_UU_TP000018",4.500416417,4.77808461638146,3.92599918864917,5.6255213479962
"3390",15,"UKENNW_UU_TP000018",NA,4.81529419389909,3.94691428073296,5.68340456403638
"3391",16,"UKENNW_UU_TP000018",3.010348054,4.81630043761855,3.96329232787759,5.66617175806643
"3392",17,"UKENNW_UU_TP000018",NA,4.88749928658918,4.0193940191263,5.75480318400557
"3393",18,"UKENNW_UU_TP000018",4.859100907,4.76412329364356,3.91424506283511,5.61357799434168
"3394",19,"UKENNW_UU_TP000018",NA,4.49977973400481,3.62864555684427,5.36641980229251
"3395",20,"UKENNW_UU_TP000018",5.390067061,4.47965398129394,3.62713524046242,5.33106702287899
"3396",21,"UKENNW_UU_TP000018",NA,4.63823119182774,3.76910272968772,5.50627800727827
"3397",22,"UKENNW_UU_TP000018",5.166777576,4.33204071552151,3.47490050229145,5.18094504427875
"3398",23,"UKENNW_UU_TP000018",NA,4.59336745485687,3.72646477199723,5.45758757640453
"3399",24,"UKENNW_UU_TP000018",5.731162391,4.47409095124295,3.62081169098459,5.32304662682373
"3400",25,"UKENNW_UU_TP000018",NA,4.73598548469212,3.86617789734945,5.60660359375812
"3401",26,"UKENNW_UU_TP000018",5.577699294,4.61496795444755,3.76621127979521,5.46410673666805
"3402",27,"UKENNW_UU_TP000018",NA,4.50565106628636,3.63636081531668,5.37218812195144
"3403",28,"UKENNW_UU_TP000018",5.813548254,4.68122475183148,3.83061071884486,5.5314526405476
"3404",29,"UKENNW_UU_TP000018",NA,4.68615711772829,3.8236897755414,5.55097848233226
"3405",30,"UKENNW_UU_TP000018",5.315860096,4.8206014789571,3.97110954445879,5.67101535335742
"3406",31,"UKENNW_UU_TP000018",NA,4.59069892670917,3.68455440276317,5.49489088986171
"3407",32,"UKENNW_UU_TP000018",5.807457848,4.84760460589238,4.00031357781647,5.69511494479711
"3408",33,"UKENNW_UU_TP000018",NA,4.57129316331555,3.72134596655981,5.4233698332795
"3409",34,"UKENNW_UU_TP000018",4.536759153,4.46596220684613,3.61607352845314,5.31381426802969
"3410",35,"UKENNW_UU_TP000018",NA,4.38863972845013,3.52433486936744,5.25246381285599
"3411",36,"UKENNW_UU_TP000018",5.537892707,4.3803983407672,3.53273037481533,5.22701685373183
"3412",37,"UKENNW_UU_TP000018",NA,4.76864176806586,3.90455568564471,5.63313868830655
"3413",38,"UKENNW_UU_TP000018",5.394201483,4.73085858945081,3.88291850278966,5.58063777724337
"3414",39,"UKENNW_UU_TP000018",NA,5.1422463224633,4.27931786419687,6.00566383097124
"3415",40,"UKENNW_UU_TP000018",5.880505655,5.08013138181899,4.23016547183659,5.92727557654761
"3416",41,"UKENNW_UU_TP000018",NA,5.07715641606397,4.2058609325419,5.94794974730843
"3417",42,"UKENNW_UU_TP000018",5.436435618,5.19590073619598,4.34783324733298,6.04499045329269
"3418",43,"UKENNW_UU_TP000018",NA,5.02610364792098,4.16433982935185,5.88422369515818
"3419",44,"UKENNW_UU_TP000018",5.351061463,4.83720504181026,3.98524290177338,5.68358262888732
"3420",45,"UKENNW_UU_TP000018",NA,4.99829031537875,4.09981061928638,5.89551455737262
"3421",1,"UKENNW_UU_TP000019",NA,3.93243336372022,3.08114238312232,4.78424629914784
"3422",2,"UKENNW_UU_TP000019",4.321526907,4.15567320654701,3.33290560490782,4.97799233878699
"3423",3,"UKENNW_UU_TP000019",NA,4.3831012556604,3.55007138174518,5.21741087297833
"3424",4,"UKENNW_UU_TP000019",4.138596996,4.42425850475182,3.59237065128215,5.25430332262849
"3425",5,"UKENNW_UU_TP000019",NA,4.54643279706645,3.70033763986789,5.39318005556203
"3426",6,"UKENNW_UU_TP000019",4.199258499,4.48175046942487,3.65816892303792,5.30272453775687
"3427",7,"UKENNW_UU_TP000019",NA,4.56864354769246,3.70532314421463,5.43232061822972
"3428",8,"UKENNW_UU_TP000019",4.785174375,4.60542778133156,3.78536672240927,5.42482459770821
"3429",9,"UKENNW_UU_TP000019",NA,4.83765234826774,3.99326416558299,5.68308162024531
"3430",10,"UKENNW_UU_TP000019",4.284024,4.86941292242954,4.04751318735146,5.68749189429438
"3431",11,"UKENNW_UU_TP000019",NA,5.12405209267391,4.27693059113402,5.97196881614614
"3432",12,"UKENNW_UU_TP000019",3.671908922,5.04097755905264,4.21768450892991,5.86122411529639
"3433",13,"UKENNW_UU_TP000019",NA,4.9799126743034,4.14075550589481,5.81845571374893
"3434",14,"UKENNW_UU_TP000019",4.325915034,5.00315134802338,4.18194961265685,5.82223068130853
"3435",15,"UKENNW_UU_TP000019",NA,5.02171385349647,4.17973357897911,5.86457516999039
"3436",16,"UKENNW_UU_TP000019",4.013695776,5.00843973426647,4.18419952197538,5.82975361751726
"3437",17,"UKENNW_UU_TP000019",NA,5.08506924471526,4.24556395705449,5.9257500956216
"3438",18,"UKENNW_UU_TP000019",4.219561634,4.94006719589603,4.11990148857461,5.76096146705385
"3439",19,"UKENNW_UU_TP000019",NA,4.72398803242166,3.88310909313223,5.56323319602849
"3440",20,"UKENNW_UU_TP000019",4.57189445,4.65270401776053,3.83018118432257,5.47379627606505
"3441",21,"UKENNW_UU_TP000019",NA,4.85531345779256,4.01312062810394,5.6975397268401
"3442",22,"UKENNW_UU_TP000019",4.115143425,4.55595774803673,3.73121696841184,5.37595917811589
"3443",23,"UKENNW_UU_TP000019",NA,4.8453685812482,4.00817309038943,5.68337439066675
"3444",24,"UKENNW_UU_TP000019",4.638963718,4.7036212247526,3.87893089127608,5.52447142834897
"3445",25,"UKENNW_UU_TP000019",NA,4.92902851760306,4.08863283019135,5.77027925012834
"3446",26,"UKENNW_UU_TP000019",3.613664255,4.75662989298799,3.93495740160204,5.57593660019436
"3447",27,"UKENNW_UU_TP000019",NA,4.74555380010161,3.90366324526819,5.58725887831207
"3448",28,"UKENNW_UU_TP000019",4.810958697,4.85204559851619,4.02910242634085,5.67303320030327
"3449",29,"UKENNW_UU_TP000019",NA,4.87064768979018,4.03539037918479,5.70798439444234
"3450",30,"UKENNW_UU_TP000019",4.907437331,5.0477640085387,4.22669472317317,5.87242439807256
"3451",31,"UKENNW_UU_TP000019",NA,4.80174581993823,3.92131545051573,5.68044698285304
"3452",32,"UKENNW_UU_TP000019",5.473418359,5.05404733857513,4.23184883146278,5.87692334171231
"3453",33,"UKENNW_UU_TP000019",NA,4.78066965234747,3.96089823546056,5.60368232810403
"3454",34,"UKENNW_UU_TP000019",4.906550554,4.66358326571233,3.84404492689188,5.48330582075492
"3455",35,"UKENNW_UU_TP000019",NA,4.57715326333249,3.73773646124087,5.41632981653238
"3456",36,"UKENNW_UU_TP000019",4.706351351,4.58450708445677,3.7669694443093,5.403568741549
"3457",37,"UKENNW_UU_TP000019",NA,4.96694605277829,4.12983283133371,5.80407351252878
"3458",38,"UKENNW_UU_TP000019",4.415462461,4.98077218272594,4.16196578714818,5.80425152864377
"3459",39,"UKENNW_UU_TP000019",NA,5.36690350022082,4.52919517688421,6.20666515620461
"3460",40,"UKENNW_UU_TP000019",5.897643121,5.29682033810978,4.47710888394247,6.11474986128877
"3461",41,"UKENNW_UU_TP000019",NA,5.29333027477442,4.45461258264715,6.13193105659678
"3462",42,"UKENNW_UU_TP000019",4.244083024,5.34867164949414,4.52938782918245,6.16752360123824
"3463",43,"UKENNW_UU_TP000019",NA,5.27176639557712,4.44065164497539,6.10155916964675
"3464",44,"UKENNW_UU_TP000019",4.674903164,5.08620513384243,4.26442497040946,5.9061886491648
"3465",45,"UKENNW_UU_TP000019",NA,5.22993778182056,4.3593150852381,6.099827214545
"3556",1,"UKENNW_UU_TP000026",NA,4.0745642372136,3.22830645087696,4.92084923753594
"3557",2,"UKENNW_UU_TP000026",4.316908332,4.2932010798903,3.47655643040004,5.10998416230901
"3558",3,"UKENNW_UU_TP000026",NA,4.51944431286578,3.69183629641847,5.34895976376605
"3559",4,"UKENNW_UU_TP000026",4.887295259,4.56224503698258,3.73650749377757,5.38643795468979
"3560",5,"UKENNW_UU_TP000026",NA,4.68488662402677,3.84401293067947,5.52663043384675
"3561",6,"UKENNW_UU_TP000026",5.106185015,4.62103427515138,3.80400019720888,5.43631214716663
"3562",7,"UKENNW_UU_TP000026",NA,4.70437444207333,3.84712010258925,5.56232505765182
"3563",8,"UKENNW_UU_TP000026",4.735320946,4.74845029668687,3.93503217223351,5.56219803304793
"3564",9,"UKENNW_UU_TP000026",NA,4.97032450812361,4.131195539713,5.81108569522532
"3565",10,"UKENNW_UU_TP000026",4.745675831,5.0047473947948,4.18966523464335,5.81726076390542
"3566",11,"UKENNW_UU_TP000026",NA,5.25969725465612,4.41818249061193,6.10300275065263
"3567",12,"UKENNW_UU_TP000026",4.441588562,5.18198607759272,4.36524687345945,5.99650994273374
"3568",13,"UKENNW_UU_TP000026",NA,5.11410708310012,4.28031936826133,5.94784794845467
"3569",14,"UKENNW_UU_TP000026",5.018213666,5.13976161248803,4.32447620575244,5.95301076709942
"3570",15,"UKENNW_UU_TP000026",NA,5.15891379777549,4.32234569723527,5.99629396681822
"3571",16,"UKENNW_UU_TP000026",4.992415664,5.14951288133719,4.33097059730904,5.9652320095449
"3572",17,"UKENNW_UU_TP000026",NA,5.22643416246929,4.39289984016912,6.06163106935619
"3573",18,"UKENNW_UU_TP000026",2.712566164,5.07583282401841,4.26165579734663,5.89091979280046
"3574",19,"UKENNW_UU_TP000026",NA,4.86029145286576,4.02500107643479,5.69424440695729
"3575",20,"UKENNW_UU_TP000026",4.226611371,4.78386901571705,3.96679982760685,5.5995163362837
"3576",21,"UKENNW_UU_TP000026",NA,4.99760436931841,4.16132617799024,5.83478583677167
"3577",22,"UKENNW_UU_TP000026",4.879666445,4.69358630971763,3.87452105105872,5.50780116644551
"3578",23,"UKENNW_UU_TP000026",NA,4.98140130342555,4.14975824365618,5.81418327688155
"3579",24,"UKENNW_UU_TP000026",5.19561093,4.83465590469887,4.01531233522031,5.6499347750868
"3580",25,"UKENNW_UU_TP000026",NA,5.06764090251818,4.23302080247091,5.90351186234951
"3581",26,"UKENNW_UU_TP000026",3.449758588,4.88454540932529,4.06859662071462,5.69812124703079
"3582",27,"UKENNW_UU_TP000026",NA,4.8866306880296,4.0509907412158,5.7226413103704
"3583",28,"UKENNW_UU_TP000026",5.114130354,4.99368279926112,4.17728362372152,5.80881956472906
"3584",29,"UKENNW_UU_TP000026",NA,5.00887112091455,4.17962187489684,5.84088520964037
"3585",30,"UKENNW_UU_TP000026",4.891535621,5.18351516534178,4.36884259997451,6.00266214884246
"3586",31,"UKENNW_UU_TP000026",NA,4.9344324961523,4.05966169808646,5.8082143066546
"3587",32,"UKENNW_UU_TP000026",NA,5.18577942892554,4.36999095211872,6.00289856677201
"3588",33,"UKENNW_UU_TP000026",5.331022896,4.91861648351141,4.10409659666632,5.73708245631934
"3589",34,"UKENNW_UU_TP000026",5.60155112,4.81015750848057,3.99699588025447,5.62465401717859
"3590",35,"UKENNW_UU_TP000026",NA,4.71331895109676,3.87990938193496,5.5470175042887
"3591",36,"UKENNW_UU_TP000026",5.340910013,4.72879076434526,3.91742541507846,5.54284419719664
"3592",37,"UKENNW_UU_TP000026",NA,5.09351323829087,4.26144818861914,5.92572661673101
"3593",38,"UKENNW_UU_TP000026",5.745598229,5.11437368529215,4.30164444839016,5.93265607249098
"3594",39,"UKENNW_UU_TP000026",NA,5.51433279624057,4.68222192081138,6.34905851207393
"3595",40,"UKENNW_UU_TP000026",6.076463241,5.43258437885429,4.6194624062571,6.24494225189085
"3596",41,"UKENNW_UU_TP000026",NA,5.43163367488243,4.59842726193983,6.26550051206281
"3597",42,"UKENNW_UU_TP000026",5.726684024,5.48398923922699,4.67095314809446,6.29705056091912
"3598",43,"UKENNW_UU_TP000026",NA,5.40914879775028,4.5837386016795,6.23370151248985
"3599",44,"UKENNW_UU_TP000026",6.187110224,5.21881472599239,4.40291095638159,6.03291413340786
"3600",45,"UKENNW_UU_TP000026",NA,5.36393401286709,4.4979366054145,6.22937469891659
"3781",1,"UKENNW_UU_TP000067",NA,4.10389827010485,3.24712810328097,4.96222886673906
"3782",2,"UKENNW_UU_TP000067",4.778652748,4.32736882064822,3.50098604752939,5.15222078734955
"3783",3,"UKENNW_UU_TP000067",NA,4.55626364063102,3.71827859372494,5.39463283391943
"3784",4,"UKENNW_UU_TP000067",5.101711922,4.60508262544023,3.77234841053162,5.43630154971336
"3785",5,"UKENNW_UU_TP000067",NA,4.73567186018926,3.8862573029641,5.58651992207193
"3786",6,"UKENNW_UU_TP000067",5.108803611,4.70416290188982,3.87980644175192,5.52804313317651
"3787",7,"UKENNW_UU_TP000067",NA,4.75639071230842,3.89071510305687,5.62254359160324
"3788",8,"UKENNW_UU_TP000067",4.276106571,4.79801636203931,3.9765322658674,5.61885193493191
"3789",9,"UKENNW_UU_TP000067",NA,5.03466626863983,4.18689233543476,5.88451409215285
"3790",10,"UKENNW_UU_TP000067",5.23519345,5.10308628854803,4.28145058795891,5.92418296358199
"3791",11,"UKENNW_UU_TP000067",NA,5.33066268085909,4.48043743952221,6.1831141962612
"3792",12,"UKENNW_UU_TP000067",5.160775605,5.23924325795384,4.41572421521426,6.06219261830585
"3793",13,"UKENNW_UU_TP000067",NA,5.16329766889515,4.31843041911391,6.0084346513529
"3794",14,"UKENNW_UU_TP000067",5.612839503,5.21031629739892,4.38811037786091,6.03231408026899
"3795",15,"UKENNW_UU_TP000067",NA,5.21399254078401,4.36630178241209,6.06288463956956
"3796",16,"UKENNW_UU_TP000067",5.47097824,5.2040338320677,4.37772685679268,6.02722955213893
"3797",17,"UKENNW_UU_TP000067",NA,5.28200813523198,4.43917220527241,6.12749425913886
"3798",18,"UKENNW_UU_TP000067",5.536220639,5.10380942793944,4.28121152344242,5.92678749885309
"3799",19,"UKENNW_UU_TP000067",NA,4.94042522799051,4.09671123699717,5.78543339771512
"3800",20,"UKENNW_UU_TP000067",5.74842806,4.83064107553276,4.00671181809134,5.65404044151918
"3801",21,"UKENNW_UU_TP000067",NA,5.06042467296839,4.21359794760736,5.90905871666055
"3802",22,"UKENNW_UU_TP000067",5.022771965,4.77108886801935,3.94677192595408,5.59387923105305
"3803",23,"UKENNW_UU_TP000067",NA,5.06260389714337,4.22166787099022,5.90665739352011
"3804",24,"UKENNW_UU_TP000067",5.138830011,4.91382934434627,4.0876577906763,5.73754266192205
"3805",25,"UKENNW_UU_TP000067",NA,5.1049903152035,4.26028962654792,5.95065793578668
"3806",26,"UKENNW_UU_TP000067",5.223280738,4.90068049381854,4.07475161092761,5.72331996776903
"3807",27,"UKENNW_UU_TP000067",NA,4.95681208991889,4.11002710797349,5.80509869922566
"3808",28,"UKENNW_UU_TP000067",5.644057893,5.03426850825985,4.20987589522582,5.85736274939187
"3809",29,"UKENNW_UU_TP000067",NA,5.04027900189216,4.19956333741294,5.88269770217343
"3810",30,"UKENNW_UU_TP000067",5.439735298,5.25015350118754,4.42677866923279,6.08025915396825
"3811",31,"UKENNW_UU_TP000067",NA,4.98741780718411,4.10206330224639,5.87190490529714
"3812",32,"UKENNW_UU_TP000067",5.89925025,5.22900089503477,4.40459246472294,6.05601320586506
"3813",33,"UKENNW_UU_TP000067",NA,4.96910694604285,4.14601716913701,5.79577220087412
"3814",34,"UKENNW_UU_TP000067",4.691845882,4.8545220239395,4.0335936677276,5.67726572961298
"3815",35,"UKENNW_UU_TP000067",NA,4.7618900111576,3.91654427528537,5.60822523662756
"3816",36,"UKENNW_UU_TP000067",5.447372625,4.78151088856919,3.96289739894457,5.60367748266574
"3817",37,"UKENNW_UU_TP000067",NA,5.13050317047809,4.28598150875066,5.97446269467247
"3818",38,"UKENNW_UU_TP000067",4.972686192,5.18005468295769,4.35942803093508,6.0068182509974
"3819",39,"UKENNW_UU_TP000067",NA,5.57562820257244,4.73135236326051,6.42248418250854
"3820",40,"UKENNW_UU_TP000067",3.775512731,5.48332362224784,4.66256700308546,6.30359890028649
"3821",41,"UKENNW_UU_TP000067",NA,5.49412748020164,4.65312222759141,6.33678403023608
"3822",42,"UKENNW_UU_TP000067",6.164219853,5.49132026967589,4.66950886320768,6.31203690491178
"3823",43,"UKENNW_UU_TP000067",NA,5.48930197198153,4.65473062420549,6.32534418924622
"3824",44,"UKENNW_UU_TP000067",4.248613157,5.2898577634767,4.46595110072002,6.11421705821586
"3825",45,"UKENNW_UU_TP000067",NA,5.42267475070439,4.54708401159306,6.29780555218013
"3916",1,"UKENNW_UU_TP000078",NA,4.15869031836653,3.29816046049824,5.02037811686865
"3917",2,"UKENNW_UU_TP000078",4.455241689,4.37469355305051,3.54046997213649,5.20940290333854
"3918",3,"UKENNW_UU_TP000078",NA,4.60281327393122,3.76067976502115,5.44621909065754
"3919",4,"UKENNW_UU_TP000078",5.075106183,4.63673141603926,3.79338955746286,5.47916496517308
"3920",5,"UKENNW_UU_TP000078",NA,4.75815752221726,3.90390914543927,5.61415720724177
"3921",6,"UKENNW_UU_TP000078",4.976381193,4.68987816766002,3.85439088859857,5.52325666994528
"3922",7,"UKENNW_UU_TP000078",NA,4.77972093576009,3.90621800829743,5.65460937602915
"3923",8,"UKENNW_UU_TP000078",NA,4.80442067933947,3.973262992301,5.63594420309826
"3924",9,"UKENNW_UU_TP000078",4.250415432,5.04853548066318,4.196351773362,5.90292767739577
"3925",10,"UKENNW_UU_TP000078",5.561802966,5.07496600947052,4.24137717418295,5.90519331164014
"3926",11,"UKENNW_UU_TP000078",NA,5.32762726497559,4.47196533114627,6.18473572290362
"3927",12,"UKENNW_UU_TP000078",4.874192424,5.24612050173671,4.41124746902408,6.07851106145904
"3928",13,"UKENNW_UU_TP000078",NA,5.19650405330617,4.3495327904091,6.04402644957397
"3929",14,"UKENNW_UU_TP000078",5.321917157,5.21377800861794,4.38306917365322,6.04450113723093
"3930",15,"UKENNW_UU_TP000078",NA,5.23836259945767,4.38678422609622,6.09229481633108
"3931",16,"UKENNW_UU_TP000078",4.981667545,5.21857709547331,4.38434865696309,6.05106396980782
"3932",17,"UKENNW_UU_TP000078",4.77578699,5.28307499449314,4.43409045774072,6.13447132918545
"3933",18,"UKENNW_UU_TP000078",5.148763553,5.15537012815105,4.32508617941926,5.98800819298335
"3934",19,"UKENNW_UU_TP000078",NA,4.93204456455323,4.08156172778149,5.78168635683559
"3935",20,"UKENNW_UU_TP000078",5.744640264,4.88794050947878,4.05667593697715,5.72022137589975
"3936",21,"UKENNW_UU_TP000078",NA,5.0533204679237,4.20130986386356,5.90524334270179
"3937",22,"UKENNW_UU_TP000078",5.485675674,4.7676545058898,3.93350969521338,5.5992649397061
"3938",23,"UKENNW_UU_TP000078",NA,5.0612582814315,4.21409449143265,5.91050763833277
"3939",24,"UKENNW_UU_TP000078",5.357997638,4.92714320657962,4.09273121474227,5.75910757353505
"3940",25,"UKENNW_UU_TP000078",NA,5.14678513564537,4.29722307419524,5.99793931721747
"3941",26,"UKENNW_UU_TP000078",4.390365537,4.99299795473187,4.16173930133907,5.82400752646007
"3942",27,"UKENNW_UU_TP000078",NA,4.94928869087731,4.09695628369235,5.80227437360621
"3943",28,"UKENNW_UU_TP000078",5.37057103,5.04517667991733,4.21019843535355,5.87822719675766
"3944",29,"UKENNW_UU_TP000078",NA,5.07791785331466,4.2335949374273,5.9251924615641
"3945",30,"UKENNW_UU_TP000078",4.079808016,5.24592984436363,4.41533261861456,6.08035535890916
"3946",31,"UKENNW_UU_TP000078",NA,5.01056733470784,4.1259101423042,5.89421344381278
"3947",32,"UKENNW_UU_TP000078",NA,5.26921678193382,4.43522395282274,6.10489392622875
"3948",33,"UKENNW_UU_TP000078",4.849180962,4.98906064797377,4.16122061682997,5.81982080054487
"3949",34,"UKENNW_UU_TP000078",4.274636764,4.85606002442331,4.02546419762824,5.68672462878903
"3950",35,"UKENNW_UU_TP000078",NA,4.78803370373485,3.94082043201321,5.63578358440645
"3951",36,"UKENNW_UU_TP000078",5.4402727,4.7728023747806,3.94480523745462,5.60136933794805
"3952",37,"UKENNW_UU_TP000078",NA,5.20345023400002,4.35957705840621,6.04909969368097
"3953",38,"UKENNW_UU_TP000078",6.713059818,5.20561229883877,4.37605626908493,6.04085193569133
"3954",39,"UKENNW_UU_TP000078",NA,5.57649260874079,4.73036197697683,6.42406577015763
"3955",40,"UKENNW_UU_TP000078",5.136461269,5.50487227905908,4.67586453688934,6.3341780712114
"3956",41,"UKENNW_UU_TP000078",NA,5.49881380025766,4.65431533678847,6.34402370676265
"3957",42,"UKENNW_UU_TP000078",6.116197797,5.56725214439453,4.73741623769905,6.39822203686401
"3958",43,"UKENNW_UU_TP000078",NA,5.47635961033732,4.63741423612627,6.31478879850513
"3959",44,"UKENNW_UU_TP000078",5.757989921,5.30608845442695,4.47461327774298,6.13853779394129
"3960",45,"UKENNW_UU_TP000078",NA,5.45035757359347,4.57433830269714,6.32710832796231
"4096",1,"UKENNW_UU_TP000103",NA,3.79984060405318,2.93673436186021,4.66072801788423
"4097",2,"UKENNW_UU_TP000103",4.10045696,4.02336456611204,3.19138775243427,4.85344861077546
"4098",3,"UKENNW_UU_TP000103",NA,4.2525111722431,3.40776542607767,5.09672000286858
"4099",4,"UKENNW_UU_TP000103",3.758156169,4.29896149944457,3.45608411218621,5.13724544823826
"4100",5,"UKENNW_UU_TP000103",NA,4.42246715479289,3.56326857354542,5.28013782011659
"4101",6,"UKENNW_UU_TP000103",4.782889669,4.36342206547893,3.52985000007377,5.19337195762049
"4102",7,"UKENNW_UU_TP000103",NA,4.43696412547156,3.56231340934142,5.3099027395006
"4103",8,"UKENNW_UU_TP000103",3.955327256,4.49627128391295,3.66641260234007,5.32475661244424
"4104",9,"UKENNW_UU_TP000103",NA,4.69815096650364,3.84225082437351,5.55363430341508
"4105",10,"UKENNW_UU_TP000103",3.706409432,4.74139745857689,3.91190343089696,5.56718545127314
"4106",11,"UKENNW_UU_TP000103",NA,4.99868858648568,4.14035585619749,5.85714244966639
"4107",12,"UKENNW_UU_TP000103",4.338953055,4.92440968211208,4.09179085106059,5.75317030103053
"4108",13,"UKENNW_UU_TP000103",NA,4.84642113358364,3.9948519453225,5.69560090902278
"4109",14,"UKENNW_UU_TP000103",3.900147425,4.87654794004349,4.04317813934674,5.70470301440286
"4110",15,"UKENNW_UU_TP000103",NA,4.88546531661369,4.03283574604286,5.73633482637891
"4111",16,"UKENNW_UU_TP000103",4.183314396,4.89092673741555,4.05426696678567,5.72226647553339
"4112",17,"UKENNW_UU_TP000103",NA,4.97390853425662,4.12245978132669,5.82474047193358
"4113",18,"UKENNW_UU_TP000103",4.582059928,4.80496359123056,3.97234457816525,5.63492140868296
"4114",19,"UKENNW_UU_TP000103",NA,4.60106958208946,3.74810067136267,5.45031108830985
"4115",20,"UKENNW_UU_TP000103",4.632823649,4.51476763403199,3.67892936596531,5.34613969135098
"4116",21,"UKENNW_UU_TP000103",NA,4.74502880725757,3.8908841734547,5.59849145441551
"4117",22,"UKENNW_UU_TP000103",3.332432737,4.43496335571427,3.59699186461277,5.26486541434041
"4118",23,"UKENNW_UU_TP000103",NA,4.71566780785587,3.86826126718775,5.56185013568205
"4119",24,"UKENNW_UU_TP000103",5.175110174,4.56174832591641,3.72389865186448,5.39231442663067
"4120",25,"UKENNW_UU_TP000103",NA,4.80227616221435,3.94806064432443,5.65508024842849
"4121",26,"UKENNW_UU_TP000103",5.018576349,4.59958248456741,3.76449986861171,5.42879258060076
"4122",27,"UKENNW_UU_TP000103",NA,4.63184745501045,3.77863500687641,5.48303286044674
"4123",28,"UKENNW_UU_TP000103",4.701202213,4.74137700969551,3.90690342645253,5.57195026760258
"4124",29,"UKENNW_UU_TP000103",NA,4.74772289275983,3.89949547360593,5.59571773799665
"4125",30,"UKENNW_UU_TP000103",3.821945665,4.92729354237709,4.09329880886775,5.7629000789461
"4126",31,"UKENNW_UU_TP000103",NA,4.67081627946499,3.7738689020322,5.56478926132977
"4127",32,"UKENNW_UU_TP000103",5.111384931,4.90980532511896,4.08042829875998,5.73856812255084
"4128",33,"UKENNW_UU_TP000103",NA,4.65460522085517,3.82318748320966,5.48752703979054
"4129",34,"UKENNW_UU_TP000103",5.162535278,4.56574513472067,3.7354651178799,5.39544502032466
"4130",35,"UKENNW_UU_TP000103",NA,4.45432408095871,3.60150609462282,5.30477068325885
"4131",36,"UKENNW_UU_TP000103",5.051257167,4.48226110724078,3.65316933119244,5.31185826465016
"4132",37,"UKENNW_UU_TP000103",NA,4.80868586143951,3.95708683776248,5.65677228707146
"4133",38,"UKENNW_UU_TP000103",5.467543884,4.84601152436352,4.0161683747997,5.67908550908094
"4134",39,"UKENNW_UU_TP000103",NA,5.27052052093943,4.41935103393517,6.12182626389363
"4135",40,"UKENNW_UU_TP000103",6.138832341,5.16688238109392,4.33870441376157,5.99283013649663
"4136",41,"UKENNW_UU_TP000103",NA,5.17526870253676,4.32428150762536,6.02535634305659
"4137",42,"UKENNW_UU_TP000103",4.8854642,5.21300872946027,4.38291004373365,6.03985340423992
"4138",43,"UKENNW_UU_TP000103",NA,5.15135545358529,4.30645334325581,5.99293544681906
"4139",44,"UKENNW_UU_TP000103",5.387286978,4.95208176937132,4.11929970686055,5.77955738765625
"4140",45,"UKENNW_UU_TP000103",NA,5.09413068638649,4.20725761100419,5.97794288298775
"4186",1,"UKENNW_UU_TP000115",NA,4.29869743273648,3.43497971083534,5.16481910300415
"4187",2,"UKENNW_UU_TP000115",NA,4.50947530858609,3.66931928994835,5.35151405324569
"4188",3,"UKENNW_UU_TP000115",NA,4.73207885674083,3.88654439854208,5.57984113377467
"4189",4,"UKENNW_UU_TP000115",NA,4.76411572576732,3.91480129967029,5.61375148998674
"4190",5,"UKENNW_UU_TP000115",NA,4.88745688082292,4.02982493727412,5.74816423087328
"4191",6,"UKENNW_UU_TP000115",NA,4.81824807754636,3.97701776160309,5.65817654153872
"4192",7,"UKENNW_UU_TP000115",NA,4.90780479663172,4.02996774818058,5.78809343577883
"4193",8,"UKENNW_UU_TP000115",NA,4.92514102508137,4.08834183158815,5.76353656271006
"4194",9,"UKENNW_UU_TP000115",NA,5.18056848003831,4.32593319049479,6.03784378303321
"4195",10,"UKENNW_UU_TP000115",NA,5.20108880534568,4.36167232475594,6.03777882556974
"4196",11,"UKENNW_UU_TP000115",NA,5.44943558985473,4.59022122990489,6.31056459382039
"4197",12,"UKENNW_UU_TP000115",NA,5.37257133332575,4.53185589578317,6.21214435947955
"4198",13,"UKENNW_UU_TP000115",NA,5.32884901251553,4.47851547166719,6.18119266296699
"4199",14,"UKENNW_UU_TP000115",NA,5.3371818184092,4.50150479089822,6.17526553064935
"4200",15,"UKENNW_UU_TP000115",NA,5.37121320748383,4.51547503523689,6.23047764028271
"4201",16,"UKENNW_UU_TP000115",NA,5.34773111612379,4.50938438573566,6.1859730430484
"4202",17,"UKENNW_UU_TP000115",NA,5.40314052117372,4.54995307622518,6.2600584230606
"4203",18,"UKENNW_UU_TP000115",NA,5.28632363179679,4.45074509476986,6.12542020474214
"4204",19,"UKENNW_UU_TP000115",NA,5.05398275739603,4.19809990953776,5.90936399447781
"4205",20,"UKENNW_UU_TP000115",NA,5.04280608125638,4.2065190644636,5.88276690750559
"4206",21,"UKENNW_UU_TP000115",NA,5.16683838115429,4.3096483795302,6.02431783895478
"4207",22,"UKENNW_UU_TP000115",NA,4.89803111100474,4.05888810390761,5.73681594607547
"4208",23,"UKENNW_UU_TP000115",NA,5.18679402727754,4.33384813900506,6.04323417677529
"4209",24,"UKENNW_UU_TP000115",NA,5.05959695590651,4.22010414695201,5.89834046552486
"4210",25,"UKENNW_UU_TP000115",NA,5.27104208771485,4.41693430922999,6.12791445798899
"4211",26,"UKENNW_UU_TP000115",NA,5.14548176849189,4.30901158619417,5.98398313642798
"4212",27,"UKENNW_UU_TP000115",NA,5.06787811556712,4.2101967624937,5.92726278022312
"4213",28,"UKENNW_UU_TP000115",NA,5.1566836900725,4.3148681077356,5.99664257513787
"4214",29,"UKENNW_UU_TP000115",NA,5.20380570709351,4.35531917805258,6.05579534630976
"4215",30,"UKENNW_UU_TP000115",NA,5.35537940417552,4.51991287390841,6.19451402862085
"4216",31,"UKENNW_UU_TP000115",NA,5.14144143020198,4.25814454022363,6.02439728505709
"4217",32,"UKENNW_UU_TP000115",5.145489754,5.40174696025843,4.56205818300577,6.24384780721723
"4218",33,"UKENNW_UU_TP000115",NA,5.10876462535338,4.27803692159166,5.942200992637
"4219",34,"UKENNW_UU_TP000115",4.421541697,4.96566317995354,4.12875299620707,5.80318296262495
"4220",35,"UKENNW_UU_TP000115",NA,4.91149758044079,4.06283872284032,5.76199145867079
"4221",36,"UKENNW_UU_TP000115",5.144729065,4.87122983790762,4.03706997171258,5.7055289953947
"4222",37,"UKENNW_UU_TP000115",NA,5.3498780622687,4.50411712900753,6.19904868793643
"4223",38,"UKENNW_UU_TP000115",5.460825735,5.34004562876607,4.50402597330135,6.18281009267662
"4224",39,"UKENNW_UU_TP000115",NA,5.68119721203575,4.8313270087726,6.53442252867359
"4225",40,"UKENNW_UU_TP000115",5.82082957,5.63695661138259,4.80339560823763,6.47223555195295
"4226",41,"UKENNW_UU_TP000115",NA,5.62231347221707,4.77653209172629,6.46946125761436
"4227",42,"UKENNW_UU_TP000115",6.04908686,5.69974121414894,4.86399304277969,6.53869988118547
"4228",43,"UKENNW_UU_TP000115",5.244937901,5.58743891847196,4.74521771586509,6.43065943579256
"4229",44,"UKENNW_UU_TP000115",NA,5.43835064426527,4.60187764864189,6.27841060831477
"4230",45,"UKENNW_UU_TP000115",NA,5.57935736900677,4.70310439354487,6.45802990847263
"4231",1,"UKENNW_UU_TP000116",4.539465403,4.13635774090094,3.28785656782415,4.98649808602813
"4232",2,"UKENNW_UU_TP000116",NA,4.34698515116192,3.52764701179438,5.16510616410121
"4233",3,"UKENNW_UU_TP000116",4.467350865,4.5737155533953,3.74177689763911,5.40793345641438
"4234",4,"UKENNW_UU_TP000116",NA,4.62293493772204,3.79651019638493,5.44929505143834
"4235",5,"UKENNW_UU_TP000116",4.895461683,4.75146432190277,3.90994570756696,5.59497199726112
"4236",6,"UKENNW_UU_TP000116",NA,4.72322154844072,3.90582064486054,5.54022397153247
"4237",7,"UKENNW_UU_TP000116",4.934819182,4.77969697119292,3.92096981414358,5.63983432131699
"4238",8,"UKENNW_UU_TP000116",NA,4.80538912868876,3.99078392158735,5.61945428453099
"4239",9,"UKENNW_UU_TP000116",NA,5.05967718969459,4.21982230434453,5.90257250938637
"4240",10,"UKENNW_UU_TP000116",5.207348335,5.12214485971385,4.30786682176316,5.93565857298615
"4241",11,"UKENNW_UU_TP000116",5.326045057,5.34452142041021,4.50164773738364,6.18998072557372
"4242",12,"UKENNW_UU_TP000116",NA,5.24612475928874,4.4290938174019,6.06240766030794
"4243",13,"UKENNW_UU_TP000116",NA,5.1848273823664,4.34815023026869,6.02247548904185
"4244",14,"UKENNW_UU_TP000116",5.430331953,5.22437670194843,4.40998218979324,6.04019476572237
"4245",15,"UKENNW_UU_TP000116",4.748510043,5.23864201794507,4.39850396823876,6.08119330951846
"4246",16,"UKENNW_UU_TP000116",NA,5.22101946074494,4.4026497179917,6.03702718627244
"4247",17,"UKENNW_UU_TP000116",4.185349965,5.29112016880348,4.45559819842341,6.13004684980758
"4248",18,"UKENNW_UU_TP000116",NA,5.13034389083862,4.31580796971726,5.94753887331644
"4249",19,"UKENNW_UU_TP000116",3.521932281,4.96015228449675,4.12381395042547,5.79854628472454
"4250",20,"UKENNW_UU_TP000116",NA,4.84714983143067,4.0308338742576,5.66330088057133
"4251",21,"UKENNW_UU_TP000116",3.306161024,5.07081163986993,4.23103800420949,5.91231368047699
"4252",22,"UKENNW_UU_TP000116",NA,4.78446161895787,3.96820538182473,5.60043489891444
"4253",23,"UKENNW_UU_TP000116",4.88836081,5.08253873370356,4.24874863065448,5.92047997329917
"4254",24,"UKENNW_UU_TP000116",NA,4.94175005148544,4.12384334590277,5.75811385793258
"4255",25,"UKENNW_UU_TP000116",NA,5.12583249228241,4.2883409287357,5.96494533127777
"4256",26,"UKENNW_UU_TP000116",5.193310632,4.93829091096963,4.12119127225314,5.75325651481984
"4257",27,"UKENNW_UU_TP000116",4.208003601,4.96983476163744,4.13003378128166,5.81200062231671
"4258",28,"UKENNW_UU_TP000116",NA,5.04881574965865,4.23190659539149,5.86498382248644
"4259",29,"UKENNW_UU_TP000116",4.94204759,5.06204615046229,4.22917174645498,5.89794432640695
"4260",30,"UKENNW_UU_TP000116",NA,5.26319994625192,4.44775331035266,6.08663405270747
"4261",31,"UKENNW_UU_TP000116",NA,5.00521405046776,4.12963245079041,5.88053168870332
"4262",32,"UKENNW_UU_TP000116",5.655185071,5.25958176408054,4.44108639814525,6.08077588685088
"4263",33,"UKENNW_UU_TP000116",4.825107989,4.99727144629218,4.18254215080515,5.81708023307665
"4264",34,"UKENNW_UU_TP000116",NA,4.85517266100262,4.04139215459137,5.67124635471364
"4265",35,"UKENNW_UU_TP000116",NA,4.77401051016496,3.93612107199661,5.6135959383755
"4266",36,"UKENNW_UU_TP000116",5.542222407,4.79315476229461,3.98220343204306,5.60876075500617
"4267",37,"UKENNW_UU_TP000116",5.762018972,5.17225922443355,4.33643738884081,6.00932498942266
"4268",38,"UKENNW_UU_TP000116",NA,5.1986379053279,4.38560944749486,6.01831328259744
"4269",39,"UKENNW_UU_TP000116",4.895650799,5.57550724219649,4.73753171865618,6.4170721507123
"4270",40,"UKENNW_UU_TP000116",NA,5.50388031659622,4.69091025983174,6.31611836345503
"4271",41,"UKENNW_UU_TP000116",4.969730455,5.50676912002856,4.67341784722831,6.34172774011214
"4272",42,"UKENNW_UU_TP000116",NA,5.52001391689403,4.70600847860409,6.33405800476033
"4273",43,"UKENNW_UU_TP000116",5.209920964,5.50273172862123,4.67699201986463,6.33035012045871
"4274",44,"UKENNW_UU_TP000116",NA,5.31008257063193,4.49323129376625,6.12870949202223
"4275",45,"UKENNW_UU_TP000116",NA,5.44846062003556,4.58272087200053,6.31471633004465
"4276",1,"UKENNW_UU_TP000124",NA,4.34964230421062,3.50312358147866,5.19808075879632
"4277",2,"UKENNW_UU_TP000124",5.233837286,4.56202691121637,3.7404769715727,5.38433077570682
"4278",3,"UKENNW_UU_TP000124",NA,4.78841523414621,3.95929887155384,5.61923208716273
"4279",4,"UKENNW_UU_TP000124",4.724496616,4.8209019004712,3.99101074343473,5.65121007636066
"4280",5,"UKENNW_UU_TP000124",NA,4.94420021638761,4.10435941274872,5.78627119115719
"4281",6,"UKENNW_UU_TP000124",5.123695264,4.8988923870819,4.07690938791167,5.72005928898953
"4282",7,"UKENNW_UU_TP000124",NA,4.97097392860733,4.11082967318721,5.83316742135344
"4283",8,"UKENNW_UU_TP000124",5.00127751,4.98561489417798,4.16775742722956,5.8042088829056
"4284",9,"UKENNW_UU_TP000124",NA,5.24952560761341,4.41326164472187,6.08796418712622
"4285",10,"UKENNW_UU_TP000124",4.570668751,5.28593435545081,4.46707488953362,6.10257540342603
"4286",11,"UKENNW_UU_TP000124",NA,5.51866926153721,4.67690850052249,6.36219623368249
"4287",12,"UKENNW_UU_TP000124",5.065296358,5.43188956891005,4.60997848852968,6.25222313757603
"4288",13,"UKENNW_UU_TP000124",NA,5.38839639111692,4.55590128312475,6.22227984717836
"4289",14,"UKENNW_UU_TP000124",5.050265314,5.40713369072433,4.59072165009407,6.22617241605466
"4290",15,"UKENNW_UU_TP000124",NA,5.43692447335433,4.59840861538961,6.27873536342841
"4291",16,"UKENNW_UU_TP000124",4.701136455,5.41672755151873,4.5973982627858,6.2350532104142
"4292",17,"UKENNW_UU_TP000124",NA,5.46735800948315,4.63166406114227,6.30631167404934
"4293",18,"UKENNW_UU_TP000124",5.121512319,5.34698215226568,4.53081193883026,6.16618270686763
"4294",19,"UKENNW_UU_TP000124",NA,5.13750348198504,4.30047625789554,5.97496442802351
"4295",20,"UKENNW_UU_TP000124",4.755176613,5.09548690238669,4.27879232418231,5.91450377294517
"4296",21,"UKENNW_UU_TP000124",NA,5.23778168425946,4.39813440657188,6.0771250963672
"4297",22,"UKENNW_UU_TP000124",4.501111704,4.96944896336698,4.15066479792622,5.78831568600254
"4298",23,"UKENNW_UU_TP000124",NA,5.26893482908012,4.43510916405299,6.10647518040628
"4299",24,"UKENNW_UU_TP000124",4.131579099,5.13634377688757,4.3166595607048,5.95461501535345
"4300",25,"UKENNW_UU_TP000124",NA,5.32827766070441,4.49136980886742,6.16712086732651
"4301",26,"UKENNW_UU_TP000124",4.040142486,5.19765230299513,4.38082217104063,6.01509011650641
"4302",27,"UKENNW_UU_TP000124",NA,5.14506806316738,4.30604821250193,5.98565133265079
"4303",28,"UKENNW_UU_TP000124",4.474761813,5.21900945041607,4.39630407992392,6.03926193863015
"4304",29,"UKENNW_UU_TP000124",NA,5.26514985696777,4.43504302888215,6.09836141452027
"4305",30,"UKENNW_UU_TP000124",3.004761439,5.41529588412282,4.599129584846,6.23500644173239
"4306",31,"UKENNW_UU_TP000124",NA,5.20140587240785,4.33436149937196,6.06802831830735
"4307",32,"UKENNW_UU_TP000124",NA,5.46147499893082,4.63901199554336,6.28604883715246
"4308",33,"UKENNW_UU_TP000124",4.953873655,5.17729607098586,4.36508100690194,5.99171553867738
"4309",34,"UKENNW_UU_TP000124",2.933119999,5.02166470127176,4.20465896381036,5.83853450715791
"4310",35,"UKENNW_UU_TP000124",NA,4.96723642425033,4.13379188608166,5.80184784308931
"4311",36,"UKENNW_UU_TP000124",4.740292919,4.93704218340385,4.12292856236311,5.7513859909209
"4312",37,"UKENNW_UU_TP000124",NA,5.41427062131258,4.58431758103615,6.24723738273158
"4313",38,"UKENNW_UU_TP000124",5.6832816,5.40677402755011,4.59040379232226,6.22922934994634
"4314",39,"UKENNW_UU_TP000124",NA,5.75251198115677,4.91982903023849,6.58729531338982
"4315",40,"UKENNW_UU_TP000124",5.315829422,5.70248425614312,4.88814399891136,6.51889736570692
"4316",41,"UKENNW_UU_TP000124",NA,5.68119567066748,4.85129355163495,6.51214869187636
"4317",42,"UKENNW_UU_TP000124",5.802228903,5.74799156882649,4.93191350033335,6.5663402287319
"4318",43,"UKENNW_UU_TP000124",NA,5.65780909416497,4.83304730623117,6.48306797684556
"4319",44,"UKENNW_UU_TP000124",5.802105283,5.51063115586564,4.6931143500465,6.33208749752421
"4320",45,"UKENNW_UU_TP000124",4.879671588,5.65020730253194,4.79198942505036,6.51043107454871
"4321",1,"UKENNW_UU_TP000133",NA,4.29481017126229,3.44316816972327,5.14822293829084
"4322",2,"UKENNW_UU_TP000133",3.478684826,4.50715310816164,3.68175745561375,5.33548945772076
"4323",3,"UKENNW_UU_TP000133",NA,4.73306890689803,3.90063417291992,5.5677664651129
"4324",4,"UKENNW_UU_TP000133",4.496974748,4.7546635659653,3.91880008537333,5.59021921798161
"4325",5,"UKENNW_UU_TP000133",NA,4.87978966423085,4.03371220771688,5.72860242320202
"4326",6,"UKENNW_UU_TP000133",4.75265837,4.77031633845828,3.94158100984163,5.59586200737081
"4327",7,"UKENNW_UU_TP000133",NA,4.89439682847596,4.03001677318349,5.76126852249369
"4328",8,"UKENNW_UU_TP000133",4.63871862,4.91490204441429,4.09127866889005,5.74026080843044
"4329",9,"UKENNW_UU_TP000133",NA,5.1540458368397,4.31033716465628,5.99993866950378
"4330",10,"UKENNW_UU_TP000133",4.814901172,5.14664506774866,4.31819283190246,5.96984110974919
"4331",11,"UKENNW_UU_TP000133",NA,5.42118046224741,4.57362303024765,6.26997315980982
"4332",12,"UKENNW_UU_TP000133",4.909086906,5.35896293406077,4.53173375341314,6.18361198483026
"4333",13,"UKENNW_UU_TP000133",NA,5.31543991390441,4.47699794130523,6.15509540733663
"4334",14,"UKENNW_UU_TP000133",4.901531387,5.31096071880201,4.4876732418864,6.13365584692669
"4335",15,"UKENNW_UU_TP000133",NA,5.34924174374517,4.50635800990904,6.19476675470952
"4336",16,"UKENNW_UU_TP000133",4.959789624,5.33274024532854,4.5068181344176,6.15816333019531
"4337",17,"UKENNW_UU_TP000133",NA,5.3947840802475,4.55347600061032,6.23839563979068
"4338",18,"UKENNW_UU_TP000133",5.036794565,5.28315581262565,4.46078553045183,6.1078477456378
"4339",19,"UKENNW_UU_TP000133",NA,5.02195626671341,4.17703565629256,5.86429851835453
"4340",20,"UKENNW_UU_TP000133",4.927519626,5.03638143987702,4.21303010129995,5.86228173435271
"4341",21,"UKENNW_UU_TP000133",NA,5.15137167746622,4.30720913262092,5.99479177788687
"4342",22,"UKENNW_UU_TP000133",4.701676943,4.87130702083148,4.04382817425867,5.69481579089867
"4343",23,"UKENNW_UU_TP000133",NA,5.1453973582556,4.30469732694456,5.98643853781471
"4344",24,"UKENNW_UU_TP000133",4.825548056,5.03395857825723,4.20794242777171,5.85831975240088
"4345",25,"UKENNW_UU_TP000133",NA,5.2692046597794,4.42762753088501,6.1128955882691
"4346",26,"UKENNW_UU_TP000133",5.222855295,5.15628622114751,4.33416746752774,5.98061296202031
"4347",27,"UKENNW_UU_TP000133",NA,5.03699218929184,4.19246479230058,5.88061306798627
"4348",28,"UKENNW_UU_TP000133",2.893551049,5.16963092124373,4.34267943545104,5.99514560271005
"4349",29,"UKENNW_UU_TP000133",NA,5.20110411590497,4.36517358869506,6.03973159172726
"4350",30,"UKENNW_UU_TP000133",3.549553603,5.34285904404787,4.51997121960285,6.16756387376053
"4351",31,"UKENNW_UU_TP000133",NA,5.12215190892479,4.24892018604517,5.99457767516237
"4352",32,"UKENNW_UU_TP000133",4.655418771,5.38737259881465,4.56283542220742,6.21411297086134
"4353",33,"UKENNW_UU_TP000133",NA,5.09241729610879,4.2720862363646,5.91461572439279
"4354",34,"UKENNW_UU_TP000133",4.237977695,4.96835218608797,4.1440582010839,5.79148008948247
"4355",35,"UKENNW_UU_TP000133",NA,4.91473147450381,4.07836531796729,5.75180263127552
"4356",36,"UKENNW_UU_TP000133",5.235481481,4.87010495657344,4.04768861193801,5.69075777825552
"4357",37,"UKENNW_UU_TP000133",NA,5.33115226832617,4.49661630009255,6.16795628556378
"4358",38,"UKENNW_UU_TP000133",5.089363038,5.30367776022667,4.48151312361068,6.13048675147637
"4359",39,"UKENNW_UU_TP000133",NA,5.67514134588026,4.83962640592998,6.51158588125278
"4360",40,"UKENNW_UU_TP000133",5.844944501,5.60988165419042,4.78765954424527,6.43247827826348
"4361",41,"UKENNW_UU_TP000133",NA,5.6072824375294,4.77063406766439,6.44487615896799
"4362",42,"UKENNW_UU_TP000133",5.631295802,5.7158086729788,4.89343899504214,6.54085647050559
"4363",43,"UKENNW_UU_TP000133",NA,5.5667630072085,4.73533828330887,6.39705598854166
"4364",44,"UKENNW_UU_TP000133",5.537528197,5.40468178098143,4.58159891543147,6.22791897476743
"4365",45,"UKENNW_UU_TP000133",NA,5.55758223844907,4.69187458578025,6.42445934421861
"1126",1,"UKENMI_ST_TP000056",NA,4.22280237552633,3.37262156227467,5.07591051319189
"1127",2,"UKENMI_ST_TP000056",3.446080523,4.38066806570582,3.57574499622419,5.18769758682472
"1128",3,"UKENMI_ST_TP000056",NA,4.65554216890203,3.82599401230827,5.4883475218969
"1129",4,"UKENMI_ST_TP000056",4.624044924,4.65812391866226,3.85059958716639,5.46429148874219
"1130",5,"UKENMI_ST_TP000056",NA,4.78413431275116,3.94667862722684,5.62322237282397
"1131",6,"UKENMI_ST_TP000056",3.505003489,4.92953278269317,4.12366635077877,5.73563053136443
"1132",7,"UKENMI_ST_TP000056",NA,4.87348428805212,4.02707809498289,5.72111574720621
"1133",8,"UKENMI_ST_TP000056",4.692986,4.90229478121747,4.09797204547959,5.70527225776279
"1134",9,"UKENMI_ST_TP000056",NA,5.17610666627295,4.33481516238534,6.02124054942966
"1135",10,"UKENMI_ST_TP000056",3.422363857,5.3178609702898,4.51439094943213,6.12399219324606
"1136",11,"UKENMI_ST_TP000056",NA,5.41887454068745,4.57772047972139,6.26237730664738
"1137",12,"UKENMI_ST_TP000056",4.2293779,5.28144130946459,4.47680594196902,6.08671139337999
"1138",13,"UKENMI_ST_TP000056",NA,5.24968933777177,4.41070673088408,6.09019002066169
"1139",14,"UKENMI_ST_TP000056",5.008418521,5.2901150698094,4.48254450595722,6.09375946319813
"1140",15,"UKENMI_ST_TP000056",NA,5.32124642968446,4.47920749803965,6.16655029356621
"1141",16,"UKENMI_ST_TP000056",3.372121531,5.37074589240632,4.56518127622639,6.17478447265826
"1142",17,"UKENMI_ST_TP000056",NA,5.29236787188846,4.45603770805606,6.12981756825478
"1143",18,"UKENMI_ST_TP000056",4.080032529,5.10281480293276,4.2979605512558,5.90911569452447
"1144",19,"UKENMI_ST_TP000056",NA,5.05143729990874,4.21446948786996,5.89052277517992
"1145",20,"UKENMI_ST_TP000056",3.549696101,4.87567768335721,4.06821420942684,5.68070590537378
"1146",21,"UKENMI_ST_TP000056",NA,5.15413311998919,4.30931670772858,5.99977928809079
"1147",22,"UKENMI_ST_TP000056",3.497767605,4.85947825147161,4.05589238936378,5.66301230786694
"1148",23,"UKENMI_ST_TP000056",NA,5.18960729129132,4.36060759568082,6.02090858073975
"1149",24,"UKENMI_ST_TP000056",4.108987771,5.19150224548105,4.38577879612726,6.00167075596263
"1150",25,"UKENMI_ST_TP000056",NA,5.13543859231584,4.29312994698113,5.97637118674036
"1151",26,"UKENMI_ST_TP000056",4.000206241,5.05440635325653,4.25058981337186,5.85958630858873
"1152",27,"UKENMI_ST_TP000056",NA,5.07141724986746,4.22694561350536,5.91783398272813
"1153",28,"UKENMI_ST_TP000056",4.658806725,5.1324901890391,4.32868946049669,5.93688542331096
"1154",29,"UKENMI_ST_TP000056",NA,5.07236486852686,4.23493141904745,5.90868059097957
"1155",30,"UKENMI_ST_TP000056",4.279509179,5.18839627635115,4.38517738071476,5.9946292880475
"1156",31,"UKENMI_ST_TP000056",NA,5.0550994438005,4.17599025498124,5.93307958787826
"1157",32,"UKENMI_ST_TP000056",NA,5.23449640533236,4.42828851916406,6.04626680674566
"1158",33,"UKENMI_ST_TP000056",4.484145433,5.01931786987593,4.201993683639,5.8391522710247
"1159",34,"UKENMI_ST_TP000056",4.264422411,4.81636132947542,4.01099921502131,5.62073759229613
"1160",35,"UKENMI_ST_TP000056",NA,4.77670950367788,3.9301004129478,5.62243814149431
"1161",36,"UKENMI_ST_TP000056",3.500264013,4.79225857678852,3.98962511890205,5.59476476603683
"1162",37,"UKENMI_ST_TP000056",NA,5.25636366539132,4.41199001405361,6.10285002880752
"1163",38,"UKENMI_ST_TP000056",4.878933181,5.13814703893392,4.32879989833236,5.9411523587251
"1164",39,"UKENMI_ST_TP000056",NA,5.57273555850365,4.72903702031556,6.41519987516139
"1165",40,"UKENMI_ST_TP000056",4.181225846,5.48316006670332,4.67892672391428,6.28575686800766
"1166",41,"UKENMI_ST_TP000056",NA,5.52866732914819,4.68752665399849,6.36866255374031
"1167",42,"UKENMI_ST_TP000056",4.553303331,5.46629777340895,4.66231645678831,6.26920853158166
"1168",43,"UKENMI_ST_TP000056",NA,5.56648651753027,4.72874840355228,6.40354258639667
"1169",44,"UKENMI_ST_TP000056",3.898637639,5.31036746100098,4.50564512559653,6.1154732039223
"1170",45,"UKENMI_ST_TP000056",NA,5.51410206583937,4.65374306464014,6.37283688720434
"1216",1,"UKENMI_ST_TP000062",NA,4.03117264285042,3.17544397693302,4.88895053411135
"1217",2,"UKENMI_ST_TP000062",4.856139441,4.12429645914244,3.30943548363011,4.93758156979531
"1218",3,"UKENMI_ST_TP000062",NA,4.46839236161689,3.62993427033017,5.3104889349018
"1219",4,"UKENMI_ST_TP000062",4.749428974,4.46122634565694,3.64714596709114,5.27440716502003
"1220",5,"UKENMI_ST_TP000062",NA,4.55767819599218,3.71111471734351,5.40465681477075
"1221",6,"UKENMI_ST_TP000062",5.439641741,4.77757689551351,3.96352242730313,5.59277382428291
"1222",7,"UKENMI_ST_TP000062",NA,4.70680598003203,3.85568102878634,5.56045300625915
"1223",8,"UKENMI_ST_TP000062",4.999329115,4.72962846913465,3.91827805321478,5.54268165041082
"1224",9,"UKENMI_ST_TP000062",NA,4.98038075955247,4.12846635862417,5.83520015497476
"1225",10,"UKENMI_ST_TP000062",6.147488494,5.16235380932371,4.35002988319027,5.97734350582997
"1226",11,"UKENMI_ST_TP000062",NA,5.24895705540408,4.40380674775052,6.09791390815196
"1227",12,"UKENMI_ST_TP000062",4.530124399,5.11412881200579,4.30182301020185,5.92828873390502
"1228",13,"UKENMI_ST_TP000062",NA,5.07519794734006,4.22981327388656,5.92435886806353
"1229",14,"UKENMI_ST_TP000062",5.300184298,5.07035403715224,4.25406073464723,5.88195861795069
"1230",15,"UKENMI_ST_TP000062",NA,5.11194139869847,4.26076507041476,5.96509293040193
"1231",16,"UKENMI_ST_TP000062",5.305065781,5.22722148845664,4.41362737074695,6.04156011502806
"1232",17,"UKENMI_ST_TP000062",NA,5.04945478551866,4.20522606737253,5.89203743982752
"1233",18,"UKENMI_ST_TP000062",5.273114019,4.8792036361283,4.06639722299212,5.69315520649668
"1234",19,"UKENMI_ST_TP000062",NA,4.84871583767105,4.00071829849644,5.6976383865721
"1235",20,"UKENMI_ST_TP000062",4.995888038,4.67180126393003,3.85185448150136,5.48545854101492
"1236",21,"UKENMI_ST_TP000062",NA,4.9593119660488,4.1088489198875,5.80992634785193
"1237",22,"UKENMI_ST_TP000062",5.076174381,4.63823889527244,3.824907867169,5.44891337501511
"1238",23,"UKENMI_ST_TP000062",NA,5.00137232939621,4.16181210412865,5.84249169773525
"1239",24,"UKENMI_ST_TP000062",5.302166729,5.04745098164991,4.23485830843279,5.86384029610807
"1240",25,"UKENMI_ST_TP000062",NA,4.95935941583717,4.10956904543597,5.80958733988482
"1241",26,"UKENMI_ST_TP000062",5.293583291,4.89970978239476,4.0878842888771,5.71572809800519
"1242",27,"UKENMI_ST_TP000062",NA,4.86168694306791,4.00964410669386,5.71492780768329
"1243",28,"UKENMI_ST_TP000062",5.811906361,4.92057275372284,4.10712444762596,5.73396045545995
"1244",29,"UKENMI_ST_TP000062",NA,4.86090674751026,4.01414581909685,5.70479033427065
"1245",30,"UKENMI_ST_TP000062",6.005744893,4.87627687655345,4.06264390288538,5.68734828747373
"1246",31,"UKENMI_ST_TP000062",NA,4.84513393849193,3.96056835776391,5.72944956451239
"1247",32,"UKENMI_ST_TP000062",5.043974351,5.03292357726224,4.2194328958594,5.85172710192978
"1248",33,"UKENMI_ST_TP000062",NA,4.7973944386548,3.96807595860087,5.6262724618981
"1249",34,"UKENMI_ST_TP000062",4.264886164,4.56564298034225,3.74989518985284,5.37718516956554
"1250",35,"UKENMI_ST_TP000062",NA,4.53635527909246,3.68217543071009,5.38760965457745
"1251",36,"UKENMI_ST_TP000062",5.043654161,4.57432585864151,3.7618455591883,5.38516703218596
"1252",37,"UKENMI_ST_TP000062",NA,5.08562761745076,4.23432522570486,5.93995498916075
"1253",38,"UKENMI_ST_TP000062",5.386695444,4.93673404318645,4.11539976492479,5.74996736185695
"1254",39,"UKENMI_ST_TP000062",NA,5.34267783084421,4.49543887409366,6.18818692357418
"1255",40,"UKENMI_ST_TP000062",4.682082315,5.28041010761919,4.46850070474135,6.09208427986303
"1256",41,"UKENMI_ST_TP000062",NA,5.31928800008405,4.46815767838832,6.16854973464103
"1257",42,"UKENMI_ST_TP000062",5.703642275,5.26366643595106,4.45154478729529,6.07539507172519
"1258",43,"UKENMI_ST_TP000062",NA,5.3844314714878,4.5395940576775,6.22856328617427
"1259",44,"UKENMI_ST_TP000062",5.305494424,5.06791445100538,4.25236962929524,5.88028301014671
"1260",45,"UKENMI_ST_TP000062",NA,5.32905449932859,4.46337740610238,6.1924274732823
"1396",1,"UKENMI_ST_TP000100",NA,4.2667191211274,3.41641502299953,5.11746189951466
"1397",2,"UKENMI_ST_TP000100",4.992490941,4.39734177577346,3.58680858136372,5.20731970295938
"1398",3,"UKENMI_ST_TP000100",NA,4.71264475193133,3.87841227585263,5.54895029737576
"1399",4,"UKENMI_ST_TP000100",4.225870038,4.70479293616854,3.89377379630694,5.51369513502903
"1400",5,"UKENMI_ST_TP000100",NA,4.80459699455547,3.96548060197561,5.64354623692164
"1401",6,"UKENMI_ST_TP000100",4.778833325,4.9925562468857,4.18154131503318,5.80368920852886
"1402",7,"UKENMI_ST_TP000100",NA,4.93625651489851,4.08727534709656,5.78655451849386
"1403",8,"UKENMI_ST_TP000100",4.579222692,4.9551585824976,4.14694268127877,5.76291637849271
"1404",9,"UKENMI_ST_TP000100",NA,5.21962786874906,4.37472973378514,6.06726671262416
"1405",10,"UKENMI_ST_TP000100",5.347721289,5.37837152283742,4.57056162621545,6.18652838818228
"1406",11,"UKENMI_ST_TP000100",NA,5.48300109232022,4.64322042953782,6.32510520783171
"1407",12,"UKENMI_ST_TP000100",5.040893518,5.33003863526389,4.51926759861802,6.13860286904041
"1408",13,"UKENMI_ST_TP000100",NA,5.33156848929027,4.4948077357628,6.17182086311713
"1409",14,"UKENMI_ST_TP000100",5.625477246,5.28022758201004,4.46705979301136,6.08826421030556
"1410",15,"UKENMI_ST_TP000100",NA,5.34924168193398,4.50558826165005,6.19470734179678
"1411",16,"UKENMI_ST_TP000100",5.181406108,5.43837363654596,4.62802966388631,6.24775765984813
"1412",17,"UKENMI_ST_TP000100",NA,5.29531179749033,4.45815741190868,6.13060624837544
"1413",18,"UKENMI_ST_TP000100",5.466700621,5.15030799198725,4.3406921482793,5.96206959654793
"1414",19,"UKENMI_ST_TP000100",NA,5.08548896139997,4.24691799847458,5.92472212899592
"1415",20,"UKENMI_ST_TP000100",3.209729508,4.93135524334135,4.11915520577091,5.74005733707552
"1416",21,"UKENMI_ST_TP000100",NA,5.1922692494368,4.34615567997006,6.03815065108947
"1417",22,"UKENMI_ST_TP000100",4.878366266,4.86287402360336,4.05278125749317,5.66955943826501
"1418",23,"UKENMI_ST_TP000100",NA,5.22893523796094,4.39688963868013,6.06210345024431
"1419",24,"UKENMI_ST_TP000100",5.45563983,5.2622878121029,4.45401278868043,6.07311099443144
"1420",25,"UKENMI_ST_TP000100",NA,5.1985080410182,4.3552094932098,6.0418169088554
"1421",26,"UKENMI_ST_TP000100",3.677987912,5.14767403783251,4.33917055558009,5.95981878028896
"1422",27,"UKENMI_ST_TP000100",NA,5.0973813040858,4.25216226960947,5.94365310685253
"1423",28,"UKENMI_ST_TP000100",5.656049879,5.15237250691393,4.3439300966554,5.96076338332608
"1424",29,"UKENMI_ST_TP000100",NA,5.09239139938024,4.25094415718888,5.93048054913983
"1425",30,"UKENMI_ST_TP000100",5.464281403,5.13908874263423,4.32969598608774,5.94581359048613
"1426",31,"UKENMI_ST_TP000100",NA,5.09587367879921,4.21742092371052,5.97362575802911
"1427",32,"UKENMI_ST_TP000100",6.322351125,5.31706265800542,4.50539707791267,6.13394770450514
"1428",33,"UKENMI_ST_TP000100",NA,5.04037102067015,4.22065283764257,5.85963814352949
"1429",34,"UKENMI_ST_TP000100",3.422672744,4.80878253547747,3.99675546873152,5.61605708690376
"1430",35,"UKENMI_ST_TP000100",NA,4.77589490477814,3.92721746295446,5.62107309135383
"1431",36,"UKENMI_ST_TP000100",5.36987049,4.81547249915455,4.0074164828779,5.62228983244562
"1432",37,"UKENMI_ST_TP000100",NA,5.33308221735684,4.48888171400419,6.17994121929792
"1433",38,"UKENMI_ST_TP000100",5.711662412,5.18017509721407,4.36534640811534,5.98825085003877
"1434",39,"UKENMI_ST_TP000100",NA,5.58298891842228,4.74063158944277,6.42355398235827
"1435",40,"UKENMI_ST_TP000100",6.020976573,5.54500085098868,4.7384124622198,6.35238788075406
"1436",41,"UKENMI_ST_TP000100",NA,5.55336973668119,4.70975577141338,6.39493767022757
"1437",42,"UKENMI_ST_TP000100",5.413126248,5.51971579796438,4.71184265842553,6.32728062796662
"1438",43,"UKENMI_ST_TP000100",NA,5.60656007170212,4.76832622453462,6.44395899618211
"1439",44,"UKENMI_ST_TP000100",5.055559317,5.32958693100291,4.51993749239435,6.13742161089631
"1440",45,"UKENMI_ST_TP000100",NA,5.56290573938738,4.70227360138908,6.42191704113519
"1576",1,"UKENMI_ST_TP000156",3.116048427,3.74461381933597,2.87112853448936,4.61967788972138
"1577",2,"UKENMI_ST_TP000156",NA,3.84626862237104,3.01266851529001,4.67779021737835
"1578",3,"UKENMI_ST_TP000156",2.737141927,4.18493028181851,3.32807188837445,5.0448170121343
"1579",4,"UKENMI_ST_TP000156",NA,4.17549621614244,3.34247225551819,5.00701998762327
"1580",5,"UKENMI_ST_TP000156",3.913014812,4.27183205911437,3.40730975709915,5.13646359582178
"1581",6,"UKENMI_ST_TP000156",NA,4.48858533854865,3.65572845262933,5.32205466117099
"1582",7,"UKENMI_ST_TP000156",3.960653846,4.41919496375113,3.54938383382737,5.29099432911344
"1583",8,"UKENMI_ST_TP000156",NA,4.44249572200853,3.61225013982466,5.27389942278655
"1584",9,"UKENMI_ST_TP000156",3.311294188,4.69460227970052,3.82449077283292,5.56733658648387
"1585",10,"UKENMI_ST_TP000156",NA,4.87717384699693,4.04597171764419,5.710008336028
"1586",11,"UKENMI_ST_TP000156",4.312260316,4.96587548096988,4.10255774979324,5.83245504761887
"1587",12,"UKENMI_ST_TP000156",NA,4.8282406045922,3.9968546108621,5.66052200014117
"1588",13,"UKENMI_ST_TP000156",4.821272944,4.79157685141256,3.92828025782557,5.6583623988434
"1589",14,"UKENMI_ST_TP000156",NA,4.77723840016397,3.94164614612438,5.60719303858152
"1590",15,"UKENMI_ST_TP000156",3.947557312,4.8262296192978,3.95714030457868,5.69685921183027
"1591",16,"UKENMI_ST_TP000156",NA,4.93648926647146,4.10402268532448,5.76921806819878
"1592",17,"UKENMI_ST_TP000156",4.626586891,4.76238261257614,3.8999835734888,5.62261053057205
"1593",18,"UKENMI_ST_TP000156",NA,4.59441837790084,3.76293109388294,5.42683868427661
"1594",19,"UKENMI_ST_TP000156",4.194370329,4.56043380752776,3.69451023960866,5.42706851088719
"1595",20,"UKENMI_ST_TP000156",NA,4.38699844329722,3.54884232349503,5.21883622185174
"1596",21,"UKENMI_ST_TP000156",3.290505905,4.67119313489346,3.80252648535434,5.53971613428003
"1597",22,"UKENMI_ST_TP000156",NA,4.34727479993122,3.5150364163779,5.17626773648402
"1598",23,"UKENMI_ST_TP000156",4.560319403,4.71438861493257,3.85674088296731,5.57323244322071
"1599",24,"UKENMI_ST_TP000156",NA,4.75909901027086,3.92780163245152,5.59377328507294
"1600",25,"UKENMI_ST_TP000156",4.101626043,4.67231566350311,3.80432210935219,5.54045978285331
"1601",26,"UKENMI_ST_TP000156",NA,4.61669901083504,3.78613006469322,5.45140545489653
"1602",27,"UKENMI_ST_TP000156",4.232449712,4.57431957454584,3.7042197724494,5.44531187844424
"1603",28,"UKENMI_ST_TP000156",NA,4.63624265258432,3.80442305370605,5.46784693524859
"1604",29,"UKENMI_ST_TP000156",4.18228779,4.56982679271682,3.70471840123087,5.43162158615619
"1605",30,"UKENMI_ST_TP000156",NA,4.59056503276072,3.75814668531907,5.42000866771874
"1606",31,"UKENMI_ST_TP000156",NA,4.56597393034423,3.66404120606139,5.46734584884395
"1607",32,"UKENMI_ST_TP000156",3.213457339,4.76141539533432,3.92870082392106,5.59872390107956
"1608",33,"UKENMI_ST_TP000156",4.076863429,4.51184030203288,3.66402567705801,5.35857643742285
"1609",34,"UKENMI_ST_TP000156",NA,4.27889028900743,3.44458002489125,5.10869081468807
"1610",35,"UKENMI_ST_TP000156",4.068205362,4.24697947982443,3.37466678015697,5.11599132644192
"1611",36,"UKENMI_ST_TP000156",NA,4.28595180421768,3.45486772123434,5.11524054872153
"1612",37,"UKENMI_ST_TP000156",3.334838924,4.799929482136,3.9305803468234,5.67211156538797
"1613",38,"UKENMI_ST_TP000156",NA,4.64765966198795,3.80778978294819,5.47910261387986
"1614",39,"UKENMI_ST_TP000156",4.895572392,5.05389511801789,4.1885311797927,5.91734574214729
"1615",40,"UKENMI_ST_TP000156",NA,4.99579629936303,4.16534885081753,5.8258158775491
"1616",41,"UKENMI_ST_TP000156",4.441389163,5.02682912869876,4.15773475078244,5.89378847009287
"1617",42,"UKENMI_ST_TP000156",NA,4.97742469363206,4.14665407480527,5.80758494768771
"1618",43,"UKENMI_ST_TP000156",4.596557012,5.10028323373119,4.23705114062333,5.96248469845893
"1619",44,"UKENMI_ST_TP000156",NA,4.7837265622289,3.9496566496749,5.6143744883039
"1620",45,"UKENMI_ST_TP000156",NA,5.03856955557425,4.15466800460406,5.91988608340861
"1666",1,"UKENMI_ST_TP000164",NA,4.18836300595512,3.32742130347929,5.05022140352315
"1667",2,"UKENMI_ST_TP000164",NA,4.26638713234006,3.45216330835039,5.07690395555929
"1668",3,"UKENMI_ST_TP000164",5.42979877,4.61899108350666,3.77722811976738,5.46268175672785
"1669",4,"UKENMI_ST_TP000164",NA,4.61348331216601,3.79738983601944,5.4269931642275
"1670",5,"UKENMI_ST_TP000164",NA,4.71070815403714,3.85916920504895,5.56116992441421
"1671",6,"UKENMI_ST_TP000164",5.404188678,4.93557580496524,4.11901244988056,5.75096383701723
"1672",7,"UKENMI_ST_TP000164",NA,4.85664720493489,4.00224346559836,5.71206309703645
"1673",8,"UKENMI_ST_TP000164",5.571872856,4.88565565807682,4.07189161208681,5.69852092442807
"1674",9,"UKENMI_ST_TP000164",NA,5.12703393543557,4.27301392716243,5.98212052904528
"1675",10,"UKENMI_ST_TP000164",6.08085993,5.31628465570553,4.50406204723561,6.13085249892753
"1676",11,"UKENMI_ST_TP000164",NA,5.3888773884571,4.53941906472031,6.23956780919369
"1677",12,"UKENMI_ST_TP000164",5.789667724,5.25867161988596,4.44579446878181,6.07256836470427
"1678",13,"UKENMI_ST_TP000164",NA,5.21073639749306,4.36060186700537,6.06177502769283
"1679",14,"UKENMI_ST_TP000164",5.163621307,5.26270713600117,4.44594481861763,6.07382808618819
"1680",15,"UKENMI_ST_TP000164",NA,5.26228465098606,4.40877251012151,6.11669208409552
"1681",16,"UKENMI_ST_TP000164",6.885288428,5.38055754229835,4.56518121961177,6.19475729924145
"1682",17,"UKENMI_ST_TP000164",NA,5.21779659229186,4.36725810654487,6.06582264378643
"1683",18,"UKENMI_ST_TP000164",6.196764683,5.02936052665817,4.21466308831303,5.84364233909404
"1684",19,"UKENMI_ST_TP000164",NA,5.00766838153426,4.15450088142318,5.86031143659151
"1685",20,"UKENMI_ST_TP000164",5.420581546,4.81333617235668,3.99124097747332,5.62699215016825
"1686",21,"UKENMI_ST_TP000164",NA,5.11093567680243,4.2559773059369,5.9648030750858
"1687",22,"UKENMI_ST_TP000164",5.673891452,4.80652038395942,3.99150457594983,5.61836679498876
"1688",23,"UKENMI_ST_TP000164",NA,5.15243800006828,4.30940422127092,5.99520576844631
"1689",24,"UKENMI_ST_TP000164",4.605200884,5.19052084605344,4.37667332518545,6.00739887121519
"1690",25,"UKENMI_ST_TP000164",NA,5.10446162944494,4.24967828807278,5.95765337956008
"1691",26,"UKENMI_ST_TP000164",5.121367828,5.02800539898796,4.21568949602206,5.84169949679452
"1692",27,"UKENMI_ST_TP000164",NA,5.01357185513683,4.15707631073191,5.87019570391766
"1693",28,"UKENMI_ST_TP000164",5.604174518,5.07225055417497,4.25739616146604,5.88555822859574
"1694",29,"UKENMI_ST_TP000164",NA,5.02118196997732,4.17213316636178,5.86721699516912
"1695",30,"UKENMI_ST_TP000164",4.710703716,5.04804190096395,4.23325448553265,5.86007918455624
"1696",31,"UKENMI_ST_TP000164",NA,4.99213935496957,4.0986959168528,5.88339731238364
"1697",32,"UKENMI_ST_TP000164",5.30531573,5.13457785352977,4.32322794029049,5.95031226217463
"1698",33,"UKENMI_ST_TP000164",NA,4.94728440783013,4.11639244442643,5.77751314254438
"1699",34,"UKENMI_ST_TP000164",3.722436081,4.72263203063327,3.90487259637879,5.53440618572148
"1700",35,"UKENMI_ST_TP000164",NA,4.70508491835303,3.84510255158732,5.56157406992508
"1701",36,"UKENMI_ST_TP000164",5.09697286,4.73185045060492,3.91708736563309,5.54275192905773
"1702",37,"UKENMI_ST_TP000164",NA,5.2254007378345,4.36816304186499,6.08345156007941
"1703",38,"UKENMI_ST_TP000164",5.074480413,5.08574095029872,4.26270783185635,5.89845127235844
"1704",39,"UKENMI_ST_TP000164",NA,5.50076115396618,4.64605555894205,6.35213895226646
"1705",40,"UKENMI_ST_TP000164",5.364666112,5.41364823288295,4.59997072067185,6.2238343336107
"1706",41,"UKENMI_ST_TP000164",NA,5.48150173628797,4.62425298498932,6.33547801811979
"1707",42,"UKENMI_ST_TP000164",5.915379001,5.4090235822184,4.59448298485115,6.2212182922406
"1708",43,"UKENMI_ST_TP000164",NA,5.52999980977534,4.67740526520245,6.37954801244239
"1709",44,"UKENMI_ST_TP000164",5.96755372,5.21574083481116,4.39818460562562,6.02902138865671
"1710",45,"UKENMI_ST_TP000164",NA,5.48090635238525,4.61225828305783,6.34584406738405
"1846",1,"UKENMI_ST_TP000186",NA,4.2904224672954,3.43766816874233,5.14412130084753
"1847",2,"UKENMI_ST_TP000186",3.9969467,4.47324413355674,3.65213277672157,5.29581196208629
"1848",3,"UKENMI_ST_TP000186",NA,4.64930024976744,3.81343916768097,5.48529230406229
"1849",4,"UKENMI_ST_TP000186",3.441659669,4.70945757563904,3.88384625198916,5.53110399986603
"1850",5,"UKENMI_ST_TP000186",NA,4.8548969070765,4.00758230693723,5.7023150650518
"1851",6,"UKENMI_ST_TP000186",4.559910036,4.85034817123205,4.02689250928093,5.66936391555044
"1852",7,"UKENMI_ST_TP000186",NA,4.85300600004208,3.99821488067564,5.70703662897297
"1853",8,"UKENMI_ST_TP000186",5.012748936,4.94987486107062,4.12888983543343,5.76823384819577
"1854",9,"UKENMI_ST_TP000186",NA,5.17164897955921,4.32643436286546,6.01798401915445
"1855",10,"UKENMI_ST_TP000186",5.755881397,5.24908831948919,4.43119329864259,6.06854236385549
"1856",11,"UKENMI_ST_TP000186",NA,5.43542153563901,4.590542896248,6.28245131901042
"1857",12,"UKENMI_ST_TP000186",5.304565262,5.35159695049893,4.53342929394086,6.17127337218452
"1858",13,"UKENMI_ST_TP000186",NA,5.26750774556521,4.41661728648628,6.11857233774942
"1859",14,"UKENMI_ST_TP000186",5.656420517,5.43401744683684,4.61638038524418,6.24973081569333
"1860",15,"UKENMI_ST_TP000186",NA,5.34491307669422,4.49998327790546,6.19120693334514
"1861",16,"UKENMI_ST_TP000186",5.95854921,5.4337383348661,4.61240068581499,6.25286839172447
"1862",17,"UKENMI_ST_TP000186",NA,5.396364402355,4.55354569275439,6.23937714569685
"1863",18,"UKENMI_ST_TP000186",5.09637479,5.19057988309869,4.36885073248913,6.00965601154398
"1864",19,"UKENMI_ST_TP000186",NA,5.08090265982076,4.2375090407138,5.92323461870115
"1865",20,"UKENMI_ST_TP000186",5.730511774,5.03161486285041,4.21109315672546,5.85582178870859
"1866",21,"UKENMI_ST_TP000186",NA,5.21712730598045,4.37167397061408,6.06349465463953
"1867",22,"UKENMI_ST_TP000186",5.924315094,5.07885024491847,4.25988351654837,5.89995368113413
"1868",23,"UKENMI_ST_TP000186",NA,5.20827867294146,4.36976729143932,6.04838950735551
"1869",24,"UKENMI_ST_TP000186",5.4980431,5.12798222698464,4.3070417455647,5.9488886187247
"1870",25,"UKENMI_ST_TP000186",NA,5.19813532888276,4.35167848496591,6.04305290862414
"1871",26,"UKENMI_ST_TP000186",4.812227903,5.05089633002783,4.22784182808222,5.87127819035581
"1872",27,"UKENMI_ST_TP000186",NA,5.18112617616456,4.33671727442515,6.02875068220824
"1873",28,"UKENMI_ST_TP000186",5.130668994,5.21913751233701,4.39870811647154,6.03724337553099
"1874",29,"UKENMI_ST_TP000186",NA,5.1767890185458,4.33714903949561,6.01732736871528
"1875",30,"UKENMI_ST_TP000186",5.976217539,5.27175492930661,4.45122720282335,6.09274498222248
"1876",31,"UKENMI_ST_TP000186",NA,5.10174956203134,4.21598374479343,5.98653341863991
"1877",32,"UKENMI_ST_TP000186",5.446778594,5.114206719265,4.29762211399112,5.92963226578937
"1878",33,"UKENMI_ST_TP000186",NA,5.01069042097865,4.18511591692482,5.83541619113787
"1879",34,"UKENMI_ST_TP000186",3.952113833,4.98104356048292,4.15786971947094,5.80208124850397
"1880",35,"UKENMI_ST_TP000186",NA,4.88321821120324,4.03677688063393,5.72859148574495
"1881",36,"UKENMI_ST_TP000186",5.141598983,4.86944189682856,4.04788113020143,5.68606967216386
"1882",37,"UKENMI_ST_TP000186",NA,5.20730506749199,4.36006615688837,6.05197379526393
"1883",38,"UKENMI_ST_TP000186",5.217372226,5.24473145468616,4.42718000140316,6.06662364982984
"1884",39,"UKENMI_ST_TP000186",NA,5.63788356888615,4.79302390380775,6.48232453183495
"1885",40,"UKENMI_ST_TP000186",4.936903005,5.57818505859645,4.75741846541433,6.39700625484515
"1886",41,"UKENMI_ST_TP000186",NA,5.6569005020213,4.81218821879034,6.50172367416071
"1887",42,"UKENMI_ST_TP000186",4.342255398,5.5242804248279,4.70215464931035,6.34231356977676
"1888",43,"UKENMI_ST_TP000186",NA,5.65418315795402,4.81319060989313,6.49467322926383
"1889",44,"UKENMI_ST_TP000186",5.532641679,5.45366758005701,4.63436468456873,6.27491107935891
"1890",45,"UKENMI_ST_TP000186",NA,5.51791424752345,4.64139584817892,6.39119422909448
"3196",1,"UKENNE_YW_TP000119",NA,4.12980558287255,3.27696617761813,4.98317191222378
"3197",2,"UKENNE_YW_TP000119",4.643395943,4.34153036030421,3.52321072065584,5.16024613925605
"3198",3,"UKENNE_YW_TP000119",NA,4.52213727419421,3.68745160110213,5.35645921360031
"3199",4,"UKENNE_YW_TP000119",5.231218657,4.58821891782182,3.76710389651259,5.40709717318022
"3200",5,"UKENNE_YW_TP000119",NA,4.73480250010533,3.88866006206965,5.58282490511867
"3201",6,"UKENNE_YW_TP000119",5.681086755,4.72273229733696,3.90666730197319,5.53832886852666
"3202",7,"UKENNE_YW_TP000119",NA,4.73174986091282,3.87517048267826,5.58812927645939
"3203",8,"UKENNE_YW_TP000119",5.534299111,4.81734740099373,4.00205895891019,5.63166506185797
"3204",9,"UKENNE_YW_TP000119",NA,5.01953881097587,4.1739171815639,5.86726445971768
"3205",10,"UKENNE_YW_TP000119",5.673553444,5.13130087167015,4.31812384018072,5.94775578310627
"3206",11,"UKENNE_YW_TP000119",NA,5.33195583184447,4.48598907702044,6.18114208154422
"3207",12,"UKENNE_YW_TP000119",5.619290539,5.25991547766869,4.44616615144208,6.07666665115566
"3208",13,"UKENNE_YW_TP000119",NA,5.14891136150444,4.29985867315522,5.9979495310151
"3209",14,"UKENNE_YW_TP000119",6.209534826,5.28390086305257,4.46912658613766,6.0974163308009
"3210",15,"UKENNE_YW_TP000119",NA,5.21728168996225,4.37113598424941,6.06430396252018
"3211",16,"UKENNE_YW_TP000119",5.658716158,5.27375013068744,4.45716017535885,6.08829464984489
"3212",17,"UKENNE_YW_TP000119",NA,5.28712259728324,4.44681392485598,6.12996641343292
"3213",18,"UKENNE_YW_TP000119",3.263552446,5.04704515394683,4.22813230896684,5.86305237395491
"3214",19,"UKENNE_YW_TP000119",NA,4.95822292124646,4.11708520300646,5.80079440653839
"3215",20,"UKENNE_YW_TP000119",5.552638204,4.87894324745949,4.06262330013512,5.69921180548512
"3216",21,"UKENNE_YW_TP000119",NA,5.09599654193706,4.25157443099868,5.9433693298899
"3217",22,"UKENNE_YW_TP000119",5.800714433,4.88614506487173,4.07138504735287,5.70299726638954
"3218",23,"UKENNE_YW_TP000119",NA,5.08063398953896,4.24329003632372,5.92136471234861
"3219",24,"UKENNE_YW_TP000119",5.871163365,4.96173441027708,4.14436487161788,5.77889590033157
"3220",25,"UKENNE_YW_TP000119",NA,5.07641276868392,4.23307480121744,5.91935579464967
"3221",26,"UKENNE_YW_TP000119",6.361281049,4.8525354726745,4.02912530457946,5.67053286573336
"3222",27,"UKENNE_YW_TP000119",NA,5.0287101356157,4.18453587193204,5.87629641624455
"3223",28,"UKENNE_YW_TP000119",6.139848056,5.07176920922261,4.25488148851199,5.88658272352165
"3224",29,"UKENNE_YW_TP000119",NA,5.0263542901762,4.18700653688801,5.86570595765203
"3225",30,"UKENNE_YW_TP000119",5.844048211,5.19871212529641,4.3829969913345,6.01900375128687
"3226",31,"UKENNE_YW_TP000119",NA,4.98280985253421,4.09394267694308,5.8706830677766
"3227",32,"UKENNE_YW_TP000119",5.640594422,5.07566083615596,4.26248453788859,5.8887164931858
"3228",33,"UKENNE_YW_TP000119",NA,4.90905121032244,4.08518954555805,5.7325451398191
"3229",34,"UKENNE_YW_TP000119",4.595083069,4.86232090126766,4.04626003478038,5.67803548967833
"3230",35,"UKENNE_YW_TP000119",NA,4.76810997712903,3.92324823017194,5.61383473175487
"3231",36,"UKENNE_YW_TP000119",3.495651677,4.74000326151038,3.92376807219503,5.55197909518887
"3232",37,"UKENNE_YW_TP000119",NA,5.06250520950119,4.21382651307695,5.90727432034202
"3233",38,"UKENNE_YW_TP000119",5.649401782,5.13516116675739,4.32243958206598,5.95468873525375
"3234",39,"UKENNE_YW_TP000119",NA,5.54729239262764,4.70324160427324,6.39360494845316
"3235",40,"UKENNE_YW_TP000119",5.574286222,5.47538209075635,4.66125337261744,6.28957678654471
"3236",41,"UKENNE_YW_TP000119",NA,5.53410311566165,4.69322205918364,6.37671480087195
"3237",42,"UKENNE_YW_TP000119",6.14968729,5.40539394796036,4.58871789532243,6.21871491885124
"3238",43,"UKENNE_YW_TP000119",NA,5.53521064933956,4.69824408540814,6.37437054493748
"3239",44,"UKENNE_YW_TP000119",5.111859357,5.33379495296866,4.51917574772422,6.15168931667832
"3240",45,"UKENNE_YW_TP000119",NA,5.38760179396679,4.50923746408895,6.26350162046163
"496",1,"UKENAN_AW_TP000116",NA,4.42780036368739,3.55340060650862,5.30436633272181
"497",2,"UKENAN_AW_TP000116",3.552313549,4.5756371500007,3.72667286404965,5.4263694931485
"498",3,"UKENAN_AW_TP000116",NA,4.7468381916977,3.88687685361733,5.60843998174024
"499",4,"UKENAN_AW_TP000116",3.41733231,4.79935365931326,3.94647555861788,5.64879096559819
"500",5,"UKENAN_AW_TP000116",NA,4.92387295900048,4.05494380987169,5.79292012451114
"501",6,"UKENAN_AW_TP000116",3.705437485,4.951945309264,4.10051481974049,5.79934601471171
"502",7,"UKENAN_AW_TP000116",NA,4.93473505728882,4.06072231124959,5.8095140923697
"503",8,"UKENAN_AW_TP000116",4.787680446,5.03464393813018,4.18581855668532,5.88246143103474
"504",9,"UKENAN_AW_TP000116",NA,5.2667839519885,4.39927913012647,6.13705352984717
"505",10,"UKENAN_AW_TP000116",4.339162983,5.33263506250544,4.48575461840717,6.18140808441311
"506",11,"UKENAN_AW_TP000116",NA,5.50930099740934,4.64224049895611,6.37834680364351
"507",12,"UKENAN_AW_TP000116",5.135441614,5.41410206693134,4.56667911539853,6.26224861619426
"508",13,"UKENAN_AW_TP000116",NA,5.37112446527376,4.4946517805788,6.248659486672
"509",14,"UKENAN_AW_TP000116",5.853857174,5.55141192839254,4.70715284444324,6.39389601136307
"510",15,"UKENAN_AW_TP000116",NA,5.44064524883408,4.57333494437557,6.30986004640937
"511",16,"UKENAN_AW_TP000116",5.646475789,5.54347623190605,4.69459580268729,6.39104447672896
"512",17,"UKENAN_AW_TP000116",NA,5.46201053145466,4.59510604129819,6.32846282217954
"513",18,"UKENAN_AW_TP000116",5.862878395,5.30428999090685,4.45581385592965,6.1516786255351
"514",19,"UKENAN_AW_TP000116",NA,5.16931092179066,4.30081544916217,6.03531589372096
"515",20,"UKENAN_AW_TP000116",5.461699034,5.15705381684681,4.30895702147297,6.00907682538412
"516",21,"UKENAN_AW_TP000116",NA,5.30306071053116,4.43545649335327,6.17126037503591
"517",22,"UKENAN_AW_TP000116",5.639845061,5.22025473669379,4.37322243002539,6.07031729855132
"518",23,"UKENAN_AW_TP000116",NA,5.30251112899111,4.4393951451471,6.16644846115503
"519",24,"UKENAN_AW_TP000116",4.950907653,5.2587315029807,4.41139692028004,6.10888202386161
"520",25,"UKENAN_AW_TP000116",NA,5.2925374858299,4.42462778313105,6.16029610113169
"521",26,"UKENAN_AW_TP000116",5.280285157,5.23057178082659,4.38231102926685,6.0812385447621
"522",27,"UKENAN_AW_TP000116",NA,5.29456758601729,4.42867275296883,6.16457082684497
"523",28,"UKENAN_AW_TP000116",4.641503595,5.33347363758696,4.48563705990528,6.18021464099095
"524",29,"UKENAN_AW_TP000116",NA,5.30312451149486,4.44084241000844,6.16855068351682
"525",30,"UKENAN_AW_TP000116",5.294936955,5.30996840545073,4.4603496068934,6.15782289162201
"526",31,"UKENAN_AW_TP000116",NA,5.18612811944948,4.28047527201907,6.09058609418816
"527",32,"UKENAN_AW_TP000116",4.876036951,5.13756889909871,4.29317968248114,5.98075057478589
"528",33,"UKENAN_AW_TP000116",NA,5.08403778784682,4.23149705334184,5.93537572252399
"529",34,"UKENAN_AW_TP000116",4.340625681,5.07009028743416,4.21849432246406,5.91940778730238
"530",35,"UKENAN_AW_TP000116",NA,4.97009386836336,4.10056880371862,5.83737518513325
"531",36,"UKENAN_AW_TP000116",4.544427807,4.9779662438502,4.12843502313274,5.82354431749641
"532",37,"UKENAN_AW_TP000116",NA,5.32352845866521,4.45567339066006,6.19109206189638
"533",38,"UKENAN_AW_TP000116",4.780158755,5.32383783068422,4.47738251445917,6.17428258571259
"534",39,"UKENAN_AW_TP000116",NA,5.6938661548373,4.82456694162207,6.56145277182209
"535",40,"UKENAN_AW_TP000116",4.719419935,5.63345875997797,4.78366952654659,6.48035257993723
"536",41,"UKENAN_AW_TP000116",NA,5.73607986055491,4.86818352968904,6.60457725101787
"537",42,"UKENAN_AW_TP000116",5.169603084,5.59649914594912,4.74740045514536,6.44313525490078
"538",43,"UKENAN_AW_TP000116",NA,5.71344152506309,4.84941792629289,6.57680240772255
"539",44,"UKENAN_AW_TP000116",5.865143458,5.51108479974757,4.66372805955909,6.35969247224775
"540",45,"UKENAN_AW_TP000116",NA,5.60327121018822,4.70748210366427,6.49655129629558
"451",1,"UKENAN_AW_TP000115",NA,4.51418145676719,3.62472530711338,5.40504909988324
"452",2,"UKENAN_AW_TP000115",5.567368304,4.54870313818266,3.69153659019399,5.40626784029009
"453",3,"UKENAN_AW_TP000115",NA,4.76741611427326,3.89065338435771,5.6462921677641
"454",4,"UKENAN_AW_TP000115",5.523851949,4.75963598856374,3.90346352347129,5.61575212595411
"455",5,"UKENAN_AW_TP000115",NA,4.89986629559402,4.01660118509353,5.78395476383807
"456",6,"UKENAN_AW_TP000115",5.334188612,5.07106985422733,4.2121480137677,5.92662025863224
"457",7,"UKENAN_AW_TP000115",NA,4.95597598501997,4.06690475180072,5.84582291540493
"458",8,"UKENAN_AW_TP000115",5.751866777,5.01627602170243,4.15967576383464,5.87212097785797
"459",9,"UKENAN_AW_TP000115",NA,5.29962749912716,4.41531378643703,6.184938346169
"460",10,"UKENAN_AW_TP000115",5.384008702,5.33099048358716,4.47583236272024,6.18829429651466
"461",11,"UKENAN_AW_TP000115",NA,5.47209720396675,4.58975174886857,6.35579082178111
"462",12,"UKENAN_AW_TP000115",5.799345205,5.3984447857379,4.54304657649661,6.25508563211012
"463",13,"UKENAN_AW_TP000115",NA,5.38641608343532,4.50075903084227,6.27373830585011
"464",14,"UKENAN_AW_TP000115",5.258356764,5.55294109529622,4.69307040905371,6.40920166993247
"465",15,"UKENAN_AW_TP000115",NA,5.4344774469802,4.55066974019561,6.3196350215815
"466",16,"UKENAN_AW_TP000115",4.997816928,5.51680275673597,4.66160302995897,6.37160125088185
"467",17,"UKENAN_AW_TP000115",NA,5.39107362235449,4.50777721966326,6.27527846757833
"468",18,"UKENAN_AW_TP000115",5.356647485,5.33029001262918,4.4758825970696,6.18655931941103
"469",19,"UKENAN_AW_TP000115",NA,5.23496844702968,4.35042423727821,6.12045826089701
"470",20,"UKENAN_AW_TP000115",5.715279953,5.25613852536897,4.40087234570516,6.11201517834818
"471",21,"UKENAN_AW_TP000115",NA,5.30726793159953,4.4245224224376,6.19188765834482
"472",22,"UKENAN_AW_TP000115",5.118840612,5.22201388183495,4.36540620383422,6.07887674393475
"473",23,"UKENAN_AW_TP000115",NA,5.34769689517687,4.46829106308338,6.22870052121081
"474",24,"UKENAN_AW_TP000115",5.223328272,5.30948870197366,4.45466309483313,6.16583807996428
"475",25,"UKENAN_AW_TP000115",NA,5.3290870809953,4.45072790805727,6.20948637152874
"476",26,"UKENAN_AW_TP000115",5.350511446,5.35993973157932,4.50176699143701,6.22062875212571
"477",27,"UKENAN_AW_TP000115",NA,5.25516322593418,4.37240054074286,6.1394228834038
"478",28,"UKENAN_AW_TP000115",5.515474073,5.35199063379562,4.49436324549084,6.21029788428796
"479",29,"UKENAN_AW_TP000115",NA,5.317186800955,4.4365984534464,6.19994171945292
"480",30,"UKENAN_AW_TP000115",4.489673925,5.30205974517754,4.44677458172613,6.15899255209449
"481",31,"UKENAN_AW_TP000115",NA,5.10911016010769,4.18928842927887,6.02870360129978
"482",32,"UKENAN_AW_TP000115",5.741374994,5.02482255712386,4.16068378008226,5.8953853040992
"483",33,"UKENAN_AW_TP000115",NA,5.10712713559588,4.23475747009673,5.98121742013708
"484",34,"UKENAN_AW_TP000115",5.249146308,5.00952421008193,4.15318100796389,5.86813274234862
"485",35,"UKENAN_AW_TP000115",NA,4.96459840243777,4.08060534432826,5.8490197023028
"486",36,"UKENAN_AW_TP000115",5.342386146,5.03519779070083,4.17829042365288,5.89208156817327
"487",37,"UKENAN_AW_TP000115",NA,5.38326272824278,4.49884994077182,6.26994028957705
"488",38,"UKENAN_AW_TP000115",5.674939898,5.34912469232513,4.49224192838126,6.20750269428884
"489",39,"UKENAN_AW_TP000115",NA,5.64868555685257,4.7630000589438,6.53572519793919
"490",40,"UKENAN_AW_TP000115",6.042790269,5.49600801873567,4.63943453486369,6.35250665995909
"491",41,"UKENAN_AW_TP000115",NA,5.68937396474803,4.80222453173979,6.57801535819395
"492",42,"UKENAN_AW_TP000115",5.51752426,5.54742857786885,4.68921634991203,6.40521813173486
"493",43,"UKENAN_AW_TP000115",NA,5.65401421524241,4.77157206031322,6.53654011627263
"494",44,"UKENAN_AW_TP000115",5.380117869,5.40406942488385,4.54667466741008,6.26314961645148
"495",45,"UKENAN_AW_TP000115",NA,5.60928883280751,4.71012065710324,6.50764209149335
"721",1,"UKENAN_AW_TP000170",NA,4.5135279879211,3.62624466206561,5.40188778331153
"722",2,"UKENAN_AW_TP000170",5.390076894,4.54699453963742,3.69324285614493,5.40012322606771
"723",3,"UKENAN_AW_TP000170",NA,4.77167325895129,3.89667927747385,5.64814349990985
"724",4,"UKENAN_AW_TP000170",5.47712791,4.7610247943641,3.9075560388717,5.61345133428099
"725",5,"UKENAN_AW_TP000170",NA,4.90442031478929,4.02215772501626,5.78667660193166
"726",6,"UKENAN_AW_TP000170",6.105613815,5.07759185358558,4.21986505565236,5.92984777597052
"727",7,"UKENAN_AW_TP000170",NA,4.95433541927184,4.06661960500035,5.84245744311357
"728",8,"UKENAN_AW_TP000170",5.566236177,5.01990097037683,4.16550141829417,5.87250932878232
"729",9,"UKENAN_AW_TP000170",NA,5.29961258307786,4.41695402174388,6.1827242660155
"730",10,"UKENAN_AW_TP000170",3.901344237,5.32649702459603,4.47438357476605,6.18058342570449
"731",11,"UKENAN_AW_TP000170",NA,5.46906073015246,4.58866267212849,6.35046379708737
"732",12,"UKENAN_AW_TP000170",5.987528793,5.40350595954925,4.55112156671715,6.25716600584074
"733",13,"UKENAN_AW_TP000170",NA,5.38372234605847,4.50042013311112,6.26855480584739
"734",14,"UKENAN_AW_TP000170",5.628079069,5.55538625670219,4.69810547119375,6.40816585181691
"735",15,"UKENAN_AW_TP000170",NA,5.43076295959848,4.54890461254026,6.3137481682658
"736",16,"UKENAN_AW_TP000170",5.251451418,5.51958232447236,4.66640164060248,6.37126651789411
"737",17,"UKENAN_AW_TP000170",NA,5.38873775478195,4.50577425313727,6.27205764872732
"738",18,"UKENAN_AW_TP000170",5.425552399,5.33454472129709,4.48281851272606,6.1874031256087
"739",19,"UKENAN_AW_TP000170",NA,5.24408492901116,4.36073553219937,6.12723435877117
"740",20,"UKENAN_AW_TP000170",5.537665644,5.26921156926839,4.41664812051071,6.12044653328132
"741",21,"UKENAN_AW_TP000170",NA,5.31629617668222,4.43535147470505,6.1980609336823
"742",22,"UKENAN_AW_TP000170",5.397911628,5.22906584864116,4.37525528125853,6.0816949853708
"743",23,"UKENAN_AW_TP000170",NA,5.35071231007442,4.47372469296639,6.22860551566537
"744",24,"UKENAN_AW_TP000170",5.020471184,5.31553161772725,4.46359164230296,6.16751844280136
"745",25,"UKENAN_AW_TP000170",NA,5.3445281396539,4.46876932395471,6.22096087115479
"746",26,"UKENAN_AW_TP000170",5.947523616,5.37526440100948,4.52043727145387,6.23102014996197
"747",27,"UKENAN_AW_TP000170",NA,5.25923660767523,4.3790454854837,6.13973469537208
"748",28,"UKENAN_AW_TP000170",5.739076475,5.36765951377648,4.5135805809106,6.22079566701252
"749",29,"UKENAN_AW_TP000170",NA,5.32858571794976,4.45021394183931,6.20766313140528
"750",30,"UKENAN_AW_TP000170",5.154960444,5.31837578880441,4.46511543125048,6.17136285587847
"751",31,"UKENAN_AW_TP000170",NA,5.1240163060693,4.20528057179519,6.04154930851718
"752",32,"UKENAN_AW_TP000170",6.034919536,5.01787508875568,4.15870691521757,5.88396691042804
"753",33,"UKENAN_AW_TP000170",NA,5.11697596096955,4.24830418274407,5.98637350121757
"754",34,"UKENAN_AW_TP000170",5.185877714,5.01687946779597,4.16407594972291,5.87041581553522
"755",35,"UKENAN_AW_TP000170",NA,4.97497983719252,4.09205027881843,5.85686847065924
"756",36,"UKENAN_AW_TP000170",6.290440071,5.0540753201512,4.2000038395954,5.90601177135297
"757",37,"UKENAN_AW_TP000170",NA,5.39314380872215,4.51147670924387,6.27569992171237
"758",38,"UKENAN_AW_TP000170",6.435970107,5.36221233627642,4.50934455915544,6.21459063030785
"759",39,"UKENAN_AW_TP000170",NA,5.67229128780156,4.79071322863676,6.55292663497492
"760",40,"UKENAN_AW_TP000170",5.993112368,5.49363958937921,4.64067558625602,6.34606509771924
"761",41,"UKENAN_AW_TP000170",NA,5.69378399746828,4.8093126141457,6.57881401619883
"762",42,"UKENAN_AW_TP000170",5.542926346,5.55949143222723,4.7052123643877,6.41150514461169
"763",43,"UKENAN_AW_TP000170",NA,5.66502558426484,4.78444205287013,6.54412031561664
"764",44,"UKENAN_AW_TP000170",6.189224512,5.41162748428826,4.55868101893747,6.26523982097415
"765",45,"UKENAN_AW_TP000170",NA,5.62033864145777,4.7241841529361,6.51413112708621
"766",1,"UKENAN_AW_TP000200",NA,4.44001069010876,3.56363611398536,5.31813551752082
"767",2,"UKENAN_AW_TP000200",3.919519976,4.48862920028468,3.64993877633376,5.32754410186068
"768",3,"UKENAN_AW_TP000200",NA,4.70781156635959,3.84409246669285,5.57367966440297
"769",4,"UKENAN_AW_TP000200",4.269539177,4.70263344142898,3.86447024624152,5.54015097297505
"770",5,"UKENAN_AW_TP000200",NA,4.84424685858724,3.97301534775139,5.71603806688465
"771",6,"UKENAN_AW_TP000200",4.805747454,5.04165474965568,4.2012968691777,5.87882057151479
"772",7,"UKENAN_AW_TP000200",NA,4.89681974317872,4.0212975276663,5.77310047966035
"773",8,"UKENAN_AW_TP000200",4.542739254,4.97840376509495,4.13981884574897,5.8160731835604
"774",9,"UKENAN_AW_TP000200",NA,5.24553222154401,4.37421819711981,6.11756126865877
"775",10,"UKENAN_AW_TP000200",4.900920721,5.26908864182021,4.43237791766835,6.10770941635055
"776",11,"UKENAN_AW_TP000200",NA,5.4098460977593,4.54045497998267,6.28071011911475
"777",12,"UKENAN_AW_TP000200",5.349402531,5.3137830330087,4.47607573356854,6.15221755721785
"778",13,"UKENAN_AW_TP000200",NA,5.3060732446623,4.43453467133649,6.17970300240083
"779",14,"UKENAN_AW_TP000200",4.739364091,5.51046936925176,4.66896779539576,6.34826526117947
"780",15,"UKENAN_AW_TP000200",NA,5.36600440628281,4.49478095106854,6.238957777909
"781",16,"UKENAN_AW_TP000200",5.700019416,5.4724579924824,4.63468817718524,6.30965255107613
"782",17,"UKENAN_AW_TP000200",NA,5.34805278362551,4.47809234904569,6.21890969163552
"783",18,"UKENAN_AW_TP000200",5.152933828,5.27094015191354,4.43432758686805,6.10939739612793
"784",19,"UKENAN_AW_TP000200",NA,5.18286327772778,4.31007414713322,6.05587554341995
"785",20,"UKENAN_AW_TP000200",4.009880877,5.19788965857254,4.36086298110069,6.03471761283991
"786",21,"UKENAN_AW_TP000200",NA,5.25055138821665,4.38094383130741,6.12129739151163
"787",22,"UKENAN_AW_TP000200",4.566344272,5.15502525857567,4.31660480157084,5.99269773846515
"788",23,"UKENAN_AW_TP000200",NA,5.29205843391233,4.42595697447959,6.15921060873935
"789",24,"UKENAN_AW_TP000200",4.717463616,5.24856560358312,4.41150898122307,6.08595300000462
"790",25,"UKENAN_AW_TP000200",NA,5.26434439853755,4.39765395670812,6.13171555050071
"791",26,"UKENAN_AW_TP000200",2.953951049,5.31325361399427,4.47376596462699,6.15431464644303
"792",27,"UKENAN_AW_TP000200",NA,5.20425385046014,4.33377026443368,6.07481038562227
"793",28,"UKENAN_AW_TP000200",4.851463057,5.30720787140235,4.46538096074166,6.14827495723762
"794",29,"UKENAN_AW_TP000200",NA,5.26857938685626,4.39996209921684,6.13797788730714
"795",30,"UKENAN_AW_TP000200",5.033818049,5.25543821308313,4.41741102857901,6.0942421468533
"796",31,"UKENAN_AW_TP000200",NA,5.06193368341773,4.15145257968427,5.9714194564533
"797",32,"UKENAN_AW_TP000200",4.942337697,4.93652895210062,4.09363782319329,5.78515568358124
"798",33,"UKENAN_AW_TP000200",NA,5.05829203278397,4.20179249755663,5.91556980981014
"799",34,"UKENAN_AW_TP000200",5.019181188,4.9686927115635,4.13059871637812,5.80744731457341
"800",35,"UKENAN_AW_TP000200",NA,4.91662920451417,4.04420659078469,5.78811348923528
"801",36,"UKENAN_AW_TP000200",3.785755351,4.98907799132962,4.15066829202953,5.82590806967207
"802",37,"UKENAN_AW_TP000200",NA,5.35037287258631,4.47939838581788,6.2224636985796
"803",38,"UKENAN_AW_TP000200",4.957020001,5.31314417831081,4.47546241259903,6.15085623330975
"804",39,"UKENAN_AW_TP000200",NA,5.60875378027612,4.7378558569621,6.47959724344286
"805",40,"UKENAN_AW_TP000200",5.236847993,5.45300024928201,4.61416230746306,6.28956830758324
"806",41,"UKENAN_AW_TP000200",NA,5.64701958557548,4.77205737018033,6.52237031046102
"807",42,"UKENAN_AW_TP000200",4.954407753,5.49244279394016,4.65268565491384,6.32976480899599
"808",43,"UKENAN_AW_TP000200",NA,5.59977847283179,4.72939268037416,6.46863337601219
"809",44,"UKENAN_AW_TP000200",5.12579676,5.33375262572846,4.4954046102991,6.17128797708423
"810",45,"UKENAN_AW_TP000200",NA,5.57175788953671,4.68632432602655,6.45470414368005
"5221",1,"UKENSW_SWS_TP000051",NA,4.62014620968245,3.73547125760188,5.501685068852
"5222",2,"UKENSW_SWS_TP000051",3.636127704,4.53371106804386,3.67682502625514,5.38839157903833
"5223",3,"UKENSW_SWS_TP000051",NA,4.912310275635,4.03963413579716,5.78503117958492
"5224",4,"UKENSW_SWS_TP000051",3.468061682,4.82911225914219,3.97092094449969,5.68730847678837
"5225",5,"UKENSW_SWS_TP000051",NA,4.98696129439981,4.11252940119838,5.86327104485062
"5226",6,"UKENSW_SWS_TP000051",5.210035138,5.07747318384286,4.21827728578177,5.93684664095142
"5227",7,"UKENSW_SWS_TP000051",NA,5.08075113882436,4.1998309895884,5.96442517731617
"5228",8,"UKENSW_SWS_TP000051",4.608506582,5.10417178682208,4.24875709917489,5.96039638371445
"5229",9,"UKENSW_SWS_TP000051",NA,5.35094808678635,4.47347170126192,6.2281695196338
"5230",10,"UKENSW_SWS_TP000051",5.713080298,5.51227488011217,4.65740611810437,6.36763134699633
"5231",11,"UKENSW_SWS_TP000051",NA,5.5728111091085,4.69647589727014,6.45244263757032
"5232",12,"UKENSW_SWS_TP000051",6.100068985,5.53133637547404,4.67676993686999,6.38637997599563
"5233",13,"UKENSW_SWS_TP000051",NA,5.4663886551758,4.58654669939866,6.34718465102506
"5234",14,"UKENSW_SWS_TP000051",5.07197101,5.46702401349769,4.60759804572399,6.32716792037817
"5235",15,"UKENSW_SWS_TP000051",NA,5.47433608284928,4.59715341167969,6.35418169024427
"5236",16,"UKENSW_SWS_TP000051",5.500828132,5.59689241251294,4.74201575578431,6.45224736029005
"5237",17,"UKENSW_SWS_TP000051",NA,5.48092645735379,4.60063378815687,6.36330390906865
"5238",18,"UKENSW_SWS_TP000051",5.725947634,5.40192119808829,4.54688219363435,6.25627275482498
"5239",19,"UKENSW_SWS_TP000051",NA,5.19787892490974,4.31743108771119,6.07616518595593
"5240",20,"UKENSW_SWS_TP000051",5.186006003,5.3275470086577,4.47183599211095,6.18278767089205
"5241",21,"UKENSW_SWS_TP000051",NA,5.33538321608229,4.45601928715324,6.21402198931855
"5242",22,"UKENSW_SWS_TP000051",5.721117731,5.2620295258967,4.40624957714804,6.11731791268568
"5243",23,"UKENSW_SWS_TP000051",NA,5.41038103480571,4.53717918292086,6.2839024171188
"5244",24,"UKENSW_SWS_TP000051",6.049642633,5.4643888678645,4.60761135227187,6.32111247589592
"5245",25,"UKENSW_SWS_TP000051",NA,5.39372226342374,4.51233245787731,6.27605010405739
"5246",26,"UKENSW_SWS_TP000051",5.892265942,5.3383750993325,4.47121593854071,6.20455101438385
"5247",27,"UKENSW_SWS_TP000051",NA,5.28831647552449,4.40931814059797,6.16566238074494
"5248",28,"UKENSW_SWS_TP000051",6.442252982,5.45571644198043,4.60013968948143,6.31136544032922
"5249",29,"UKENSW_SWS_TP000051",NA,5.41769716491901,4.54359569389725,6.29219333024038
"5250",30,"UKENSW_SWS_TP000051",5.986072026,5.36131414367391,4.50478820455587,6.21734973655446
"5251",31,"UKENSW_SWS_TP000051",5.392742099,5.21369833233268,4.29709173086345,6.12996781427943
"5252",32,"UKENSW_SWS_TP000051",NA,5.37464381937085,4.50946245344433,6.23998472085556
"5253",33,"UKENSW_SWS_TP000051",NA,5.3089502932497,4.45086834149299,6.16836594211947
"5254",34,"UKENSW_SWS_TP000051",5.62486606,5.13488891134456,4.26999210377685,5.99930331172945
"5255",35,"UKENSW_SWS_TP000051",NA,5.00893305543288,4.13101224471282,5.88582921838982
"5256",36,"UKENSW_SWS_TP000051",4.738657863,5.09929206231097,4.24388060785849,5.95408389274119
"5257",37,"UKENSW_SWS_TP000051",NA,5.42854746608359,4.55230346859317,6.30374010238314
"5258",38,"UKENSW_SWS_TP000051",5.826490556,5.50211259853574,4.64680852013444,6.35744334260014
"5259",39,"UKENSW_SWS_TP000051",NA,5.68493750551836,4.80705433249217,6.56456369723779
"5260",40,"UKENSW_SWS_TP000051",5.894137853,5.5870715580093,4.73067148189228,6.44334609632101
"5261",41,"UKENSW_SWS_TP000051",NA,5.74663040390296,4.87153829752181,6.62346718640438
"5262",42,"UKENSW_SWS_TP000051",5.767251679,5.52848554462174,4.66698541860021,6.38880517926405
"5263",43,"UKENSW_SWS_TP000051",NA,5.69087062353657,4.81122399077273,6.57243768671531
"5264",44,"UKENSW_SWS_TP000051",5.185364744,5.55377659627081,4.701256043671,6.40574571862599
"5265",45,"UKENSW_SWS_TP000051",NA,5.616253616262,4.71875842175903,6.51434159877655
"5446",1,"UKENSW_SWS_TP000075",NA,4.67312807164241,3.77722891531939,5.56527006128936
"5447",2,"UKENSW_SWS_TP000075",4.753369133,4.60939492160005,3.73828420186443,5.47797993015048
"5448",3,"UKENSW_SWS_TP000075",NA,4.95673678469509,4.07098636199922,5.84121239058319
"5449",4,"UKENSW_SWS_TP000075",4.025197619,4.9000393701041,4.02765375891568,5.77289551996605
"5450",5,"UKENSW_SWS_TP000075",4.877361765,5.05577270555464,4.16988208310443,5.94354249541141
"5451",6,"UKENSW_SWS_TP000075",NA,5.13873305151929,4.26465719134565,6.01314410438905
"5452",7,"UKENSW_SWS_TP000075",NA,5.13939495354852,4.24595996177941,6.03518360744827
"5453",8,"UKENSW_SWS_TP000075",4.845202971,5.15509395649258,4.28482192374028,6.0258688824085
"5454",9,"UKENSW_SWS_TP000075",NA,5.40343562547661,4.51409979048602,6.2917135106745
"5455",10,"UKENSW_SWS_TP000075",5.369717979,5.56081117440012,4.69033352669007,6.43079482260402
"5456",11,"UKENSW_SWS_TP000075",NA,5.62068730036422,4.73241483937752,6.51119985552481
"5457",12,"UKENSW_SWS_TP000075",5.717370949,5.59162036277212,4.72130514685268,6.46147278850174
"5458",13,"UKENSW_SWS_TP000075",NA,5.5321155346048,4.64148292042857,6.42310736261706
"5459",14,"UKENSW_SWS_TP000075",5.35760533,5.53459905365652,4.66134251923099,6.40924544039498
"5460",15,"UKENSW_SWS_TP000075",NA,5.53334979678429,4.64542778193099,6.42341329229346
"5461",16,"UKENSW_SWS_TP000075",5.754172546,5.6465203438292,4.77581033505619,6.51669419067388
"5462",17,"UKENSW_SWS_TP000075",NA,5.54224532561003,4.65061142378743,6.43580238771256
"5463",18,"UKENSW_SWS_TP000075",5.529268375,5.46342005807024,4.59243867369106,6.33237177949152
"5464",19,"UKENSW_SWS_TP000075",NA,5.26213469450635,4.36853125856669,6.1529989588251
"5465",20,"UKENSW_SWS_TP000075",5.880492365,5.39064293937468,4.52029496661591,6.25983315627005
"5466",21,"UKENSW_SWS_TP000075",NA,5.37021531430964,4.47722300718936,6.2609048526849
"5467",22,"UKENSW_SWS_TP000075",5.261724021,5.3169342825257,4.44563525065244,6.18673041909577
"5468",23,"UKENSW_SWS_TP000075",NA,5.48192446036156,4.59773125453107,6.36608408327377
"5469",24,"UKENSW_SWS_TP000075",5.573911225,5.51906503284422,4.64707762369031,6.38972980401716
"5470",25,"UKENSW_SWS_TP000075",NA,5.45756289827731,4.56733183292934,6.34846954707568
"5471",26,"UKENSW_SWS_TP000075",5.703961848,5.39574279527517,4.5181751404185,6.27138432740367
"5472",27,"UKENSW_SWS_TP000075",NA,5.34253995803253,4.45240983406293,6.23044407974052
"5473",28,"UKENSW_SWS_TP000075",5.942389035,5.50937401753076,4.6388250302968,6.37908022152629
"5474",29,"UKENSW_SWS_TP000075",NA,5.46657499396301,4.58149052557139,6.3516006252751
"5475",30,"UKENSW_SWS_TP000075",6.070500281,5.42343894140315,4.55214605988481,6.29352304646124
"5476",31,"UKENSW_SWS_TP000075",NA,5.2725577313499,4.34577114334197,6.19869146854289
"5477",32,"UKENSW_SWS_TP000075",3.156068192,5.42888628496883,4.55377180767496,6.30335517061097
"5478",33,"UKENSW_SWS_TP000075",NA,5.34934404151798,4.47608284130231,6.2232368932113
"5479",34,"UKENSW_SWS_TP000075",5.323803251,5.19056840232491,4.3155481217228,6.06453653440851
"5480",35,"UKENSW_SWS_TP000075",NA,5.08419986405386,4.19554797713436,5.97204763569585
"5481",36,"UKENSW_SWS_TP000075",5.321451242,5.17375045395335,4.3045509798234,6.04257837531332
"5482",37,"UKENSW_SWS_TP000075",NA,5.49386989709816,4.60664268555148,6.38000337983495
"5483",38,"UKENSW_SWS_TP000075",6.102512509,5.55572372339287,4.6864955721937,6.42445713686527
"5484",39,"UKENSW_SWS_TP000075",NA,5.77057069419064,4.88169694072369,6.66197239335984
"5485",40,"UKENSW_SWS_TP000075",5.856436067,5.6519822906596,4.78149988565605,6.52224681601315
"5486",41,"UKENSW_SWS_TP000075",NA,5.79245279351346,4.90455688128412,6.68125383888627
"5487",42,"UKENSW_SWS_TP000075",6.096722557,5.62104582299553,4.7444072991321,6.49827570345269
"5488",43,"UKENSW_SWS_TP000075",NA,5.75481627019252,4.86756138315056,6.64387242696774
"5489",44,"UKENSW_SWS_TP000075",5.878440242,5.62066156857018,4.75301259923961,6.48770762301587
"5490",45,"UKENSW_SWS_TP000075",NA,5.68790239151248,4.78251898044814,6.59383809239099
"1441",1,"UKENMI_ST_TP000120",NA,4.3070831847357,3.41403347551011,5.1970022181709
"1442",2,"UKENMI_ST_TP000120",4.727233616,4.41508700930417,3.53585864775314,5.29145040528603
"1443",3,"UKENMI_ST_TP000120",NA,4.67960754119034,3.7996307867797,5.56187196681032
"1444",4,"UKENMI_ST_TP000120",3.876808037,4.67123997735422,3.79172864418287,5.54612267622847
"1445",5,"UKENMI_ST_TP000120",NA,4.79255855064895,3.9074014163754,5.68054347175598
"1446",6,"UKENMI_ST_TP000120",5.605985804,4.92197201474985,4.04575391505621,5.79621022393646
"1447",7,"UKENMI_ST_TP000120",NA,4.90661710786382,4.01756160782707,5.79862438224443
"1448",8,"UKENMI_ST_TP000120",6.049389899,4.87053831316457,3.99690648910027,5.74480149798155
"1449",9,"UKENMI_ST_TP000120",NA,5.13124281122058,4.24465185646679,6.0197734670392
"1450",10,"UKENMI_ST_TP000120",5.716050438,5.33698935099103,4.45718358368954,6.21248843981926
"1451",11,"UKENMI_ST_TP000120",NA,5.29484254768654,4.40892189576638,6.18351412268007
"1452",12,"UKENMI_ST_TP000120",6.084077009,5.29277492610422,4.41603332235248,6.16839237612964
"1453",13,"UKENMI_ST_TP000120",NA,5.34586645395407,4.46272906722625,6.23215477805155
"1454",14,"UKENMI_ST_TP000120",4.510285674,5.30125006107795,4.42581681948715,6.17719979081012
"1455",15,"UKENMI_ST_TP000120",NA,5.23703999371338,4.35052874252942,6.12573032874614
"1456",16,"UKENMI_ST_TP000120",6.210219467,5.37491474268883,4.49878190404788,6.24940636267805
"1457",17,"UKENMI_ST_TP000120",NA,5.19144072684615,4.30499545337542,6.07723471587736
"1458",18,"UKENMI_ST_TP000120",6.216496072,5.15625737912325,4.28242062316,6.03099845292706
"1459",19,"UKENMI_ST_TP000120",NA,4.98857520283985,4.10088544712777,5.87463870050343
"1460",20,"UKENMI_ST_TP000120",5.197735473,4.97506441949991,4.09989633855856,5.85409906095566
"1461",21,"UKENMI_ST_TP000120",NA,5.00449196069283,4.10128096956731,5.9079464279475
"1462",22,"UKENMI_ST_TP000120",5.855404605,4.74286340303806,3.86564050335487,5.61143433677779
"1463",23,"UKENMI_ST_TP000120",NA,5.20878616531777,4.32918085570585,6.09047916232604
"1464",24,"UKENMI_ST_TP000120",5.82870473,5.20315742828736,4.32786711225827,6.07680268912699
"1465",25,"UKENMI_ST_TP000120",NA,5.18113994299378,4.29497480678297,6.06884254414311
"1466",26,"UKENMI_ST_TP000120",5.901741999,5.03452002569067,4.16068647514957,5.90937407886686
"1467",27,"UKENMI_ST_TP000120",NA,5.08454360048037,4.19628884309453,5.97237249090918
"1468",28,"UKENMI_ST_TP000120",5.991749876,5.16158105091289,4.28788702951675,6.03604753234054
"1469",29,"UKENMI_ST_TP000120",NA,5.0347937950632,4.14774192081907,5.91957175994655
"1470",30,"UKENMI_ST_TP000120",5.091737815,5.04615979470185,4.17206241983951,5.92161400345781
"1471",31,"UKENMI_ST_TP000120",NA,4.98859946776574,4.05225879229256,5.92448929823251
"1472",32,"UKENMI_ST_TP000120",5.934591578,5.28471551640883,4.41788756887856,6.15404658727928
"1473",33,"UKENMI_ST_TP000120",NA,4.96742556933178,4.09324564646255,5.84042213432071
"1474",34,"UKENMI_ST_TP000120",5.066388249,4.70853690261698,3.83142629422474,5.58879385894744
"1475",35,"UKENMI_ST_TP000120",NA,4.76865855386784,3.87854872033758,5.65570581724674
"1476",36,"UKENMI_ST_TP000120",4.768943702,4.87527818585144,4.0015434935932,5.74979055932653
"1477",37,"UKENMI_ST_TP000120",NA,5.28906120468056,4.40171399936679,6.17791147232934
"1478",38,"UKENMI_ST_TP000120",4.803913058,5.23383703805389,4.35947642921421,6.10787827642394
"1479",39,"UKENMI_ST_TP000120",NA,5.57748278307415,4.69183112433915,6.46534002623271
"1480",40,"UKENMI_ST_TP000120",6.149139613,5.50910784832067,4.6350909872111,6.38334438376996
"1481",41,"UKENMI_ST_TP000120",NA,5.4932384112257,4.60770550921473,6.38032601789052
"1482",42,"UKENMI_ST_TP000120",5.765887331,5.47003940960634,4.59616617955856,6.34396743795367
"1483",43,"UKENMI_ST_TP000120",NA,5.54768071755702,4.66612952442838,6.43060720418033
"1484",44,"UKENMI_ST_TP000120",5.027570669,5.31988357856119,4.44511258592444,6.19481854987183
"1485",45,"UKENMI_ST_TP000120",NA,5.45495655985037,4.54126828292187,6.36676425767547
"1891",1,"UKENMI_ST_TP000199",NA,4.26501365773807,3.37434117333291,5.15400176906294
"1892",2,"UKENMI_ST_TP000199",4.827162894,4.3160424733322,3.45599245160493,5.17502722929851
"1893",3,"UKENMI_ST_TP000199",NA,4.57796113486865,3.70236119852607,5.45381017460755
"1894",4,"UKENMI_ST_TP000199",5.404378225,4.63810147986624,3.77752333129776,5.49658335907378
"1895",5,"UKENMI_ST_TP000199",NA,4.72680287939839,3.84380305404315,5.61362344038356
"1896",6,"UKENMI_ST_TP000199",5.686851787,4.88584333224967,4.02679232968313,5.74395162049583
"1897",7,"UKENMI_ST_TP000199",NA,4.85070400195282,3.96475014755973,5.73853342625677
"1898",8,"UKENMI_ST_TP000199",5.697297635,4.85323012606343,3.99672628608878,5.7111307767204
"1899",9,"UKENMI_ST_TP000199",NA,5.02620710641797,4.14152186525236,5.91096955037773
"1900",10,"UKENMI_ST_TP000199",NA,5.33521582091284,4.4738883467888,6.19466833359103
"1901",11,"UKENMI_ST_TP000199",6.967589664,5.23213114087697,4.34776337133718,6.11974142819689
"1902",12,"UKENMI_ST_TP000199",5.945215297,5.25531994579317,4.39667439492919,6.11319705966747
"1903",13,"UKENMI_ST_TP000199",NA,5.24882921878471,4.36476382234486,6.13498701932162
"1904",14,"UKENMI_ST_TP000199",5.349157698,5.27174973266363,4.41492543133787,6.13006332379406
"1905",15,"UKENMI_ST_TP000199",NA,5.17654410301714,4.29115785462382,6.06444687483222
"1906",16,"UKENMI_ST_TP000199",NA,5.35132320442398,4.49205915965523,6.20916553617196
"1907",17,"UKENMI_ST_TP000199",5.55774521,5.18219881086767,4.29931500846855,6.06754759274748
"1908",18,"UKENMI_ST_TP000199",3.980220034,5.08845577862121,4.23178180518084,5.94707787184538
"1909",19,"UKENMI_ST_TP000199",NA,4.94320440560081,4.05711527694124,5.82817459293219
"1910",20,"UKENMI_ST_TP000199",NA,4.81534211641087,3.95596757820921,5.67471795826013
"1911",21,"UKENMI_ST_TP000199",5.258019943,4.94130170846418,4.05115377359374,5.83121803951935
"1912",22,"UKENMI_ST_TP000199",4.796224592,4.8450246510208,3.98963087563372,5.70193943017271
"1913",23,"UKENMI_ST_TP000199",NA,5.15700207694582,4.27753930283887,6.03851843355035
"1914",24,"UKENMI_ST_TP000199",5.738850396,5.16149064646291,4.30313949256467,6.01875292938281
"1915",25,"UKENMI_ST_TP000199",NA,5.11699627135475,4.23331916080529,6.00227928491143
"1916",26,"UKENMI_ST_TP000199",6.089588396,4.97773639434598,4.12072192015418,5.83606050730477
"1917",27,"UKENMI_ST_TP000199",NA,5.03491376766673,4.14879550090047,5.92072050973925
"1918",28,"UKENMI_ST_TP000199",5.824954026,5.09491758463823,4.23715733798957,5.95310738826131
"1919",29,"UKENMI_ST_TP000199",NA,5.04507585186072,4.16412745306276,5.92757881099
"1920",30,"UKENMI_ST_TP000199",5.142164301,4.98135821971617,4.12405455464964,5.84040333361024
"1921",31,"UKENMI_ST_TP000199",NA,4.9182771278491,3.99163991559747,5.8439951427125
"1922",32,"UKENMI_ST_TP000199",5.804402393,5.1488799088864,4.29311495550083,6.00594199085636
"1923",33,"UKENMI_ST_TP000199",NA,4.94113222139994,4.06847983626836,5.81484218065202
"1924",34,"UKENMI_ST_TP000199",5.2337795,4.64646035201387,3.78691523706177,5.50945215209479
"1925",35,"UKENMI_ST_TP000199",NA,4.75863576943902,3.87383591320093,5.64292113939064
"1926",36,"UKENMI_ST_TP000199",4.821228363,4.83445085859988,3.97806158509784,5.69340767194697
"1927",37,"UKENMI_ST_TP000199",NA,5.17225421957282,4.28669219258557,6.05748994305464
"1928",38,"UKENMI_ST_TP000199",NA,5.17095254017346,4.31340814223321,6.02967603689635
"1929",39,"UKENMI_ST_TP000199",6.100608727,5.51771474129981,4.63505352788613,6.40277044216684
"1930",40,"UKENMI_ST_TP000199",5.13040465,5.42830717913763,4.5710616205151,6.28665648829705
"1931",41,"UKENMI_ST_TP000199",NA,5.45489427954462,4.57227775086908,6.34052998169278
"1932",42,"UKENMI_ST_TP000199",5.84263115,5.39911859066533,4.54183566507007,6.2568136766649
"1933",43,"UKENMI_ST_TP000199",NA,5.48727420979401,4.6078132737483,6.36731478491525
"1934",44,"UKENMI_ST_TP000199",5.902695181,5.17520708124601,4.31343419488828,6.03316291814577
"1935",45,"UKENMI_ST_TP000199",NA,5.4053915255501,4.50378345943961,6.30585447941296
"2116",1,"UKENMI_ST_TP000241",4.270533488,4.24825001895547,3.35902912455097,5.13479446611954
"2117",2,"UKENMI_ST_TP000241",NA,4.34219314853048,3.48172552305038,5.20120449021262
"2118",3,"UKENMI_ST_TP000241",4.770375839,4.56498948208427,3.69027827141732,5.44019103031049
"2119",4,"UKENMI_ST_TP000241",NA,4.62107132740244,3.75789940535954,5.48110922959683
"2120",5,"UKENMI_ST_TP000241",5.001663752,4.69599498948972,3.8138132721986,5.5810828653031
"2121",6,"UKENMI_ST_TP000241",NA,4.83293781821201,3.97208691187895,5.6917746655843
"2122",7,"UKENMI_ST_TP000241",5.239768174,4.8008696425664,3.91434782472651,5.68907103896328
"2123",8,"UKENMI_ST_TP000241",NA,4.78348594225588,3.92480386268467,5.64237886564966
"2124",9,"UKENMI_ST_TP000241",NA,5.02473913463792,4.14258261605427,5.90732083092129
"2125",10,"UKENMI_ST_TP000241",5.167331999,5.25012271984791,4.38563381226303,6.11033265299117
"2126",11,"UKENMI_ST_TP000241",6.04371795,5.20339209937266,4.32173089000151,6.08770063987642
"2127",12,"UKENMI_ST_TP000241",NA,5.28750181560224,4.42799889505622,6.14777498530485
"2128",13,"UKENMI_ST_TP000241",5.876634618,5.20033387402402,4.31776896550849,6.08323842474885
"2129",14,"UKENMI_ST_TP000241",NA,5.21330299779005,4.3541214506968,6.07326697705064
"2130",15,"UKENMI_ST_TP000241",5.722883847,5.15717147652881,4.2750771052678,6.04153089567681
"2131",16,"UKENMI_ST_TP000241",NA,5.30638201774928,4.44421762784784,6.16561540076246
"2132",17,"UKENMI_ST_TP000241",5.03576285,5.14377931611234,4.2620526677066,6.02683635215983
"2133",18,"UKENMI_ST_TP000241",NA,4.99391492596768,4.13462505172797,5.85263145538011
"2134",19,"UKENMI_ST_TP000241",5.608285687,4.91977822230177,4.03587112510074,5.80195377943881
"2135",20,"UKENMI_ST_TP000241",NA,4.94440880421452,4.08491934955057,5.80730003002003
"2136",21,"UKENMI_ST_TP000241",5.947261878,4.93799362269519,4.04894276485712,5.82675959409955
"2137",22,"UKENMI_ST_TP000241",NA,4.79700802559913,3.93827980583901,5.65406669641183
"2138",23,"UKENMI_ST_TP000241",5.643823487,5.11162087296094,4.2345700220956,5.98936190614696
"2139",24,"UKENMI_ST_TP000241",NA,5.11139481399413,4.24933508667333,5.96995038077267
"2140",25,"UKENMI_ST_TP000241",5.440296414,5.09573434022441,4.2122550022223,5.9799056380759
"2141",26,"UKENMI_ST_TP000241",NA,4.95659243737522,4.09699606475907,5.81739269408564
"2142",27,"UKENMI_ST_TP000241",4.965135465,5.00257271903372,4.11601404600047,5.88754650437205
"2143",28,"UKENMI_ST_TP000241",NA,5.04575413365176,4.18556266073339,5.90503785933215
"2144",29,"UKENMI_ST_TP000241",4.966457581,5.01878088481717,4.13718138061282,5.90060550124028
"2145",30,"UKENMI_ST_TP000241",NA,4.91275740688815,4.05100600462391,5.77337256263894
"2146",31,"UKENMI_ST_TP000241",5.834170573,4.90560314191015,3.98383963696515,5.82697724467997
"2147",32,"UKENMI_ST_TP000241",NA,5.12478077649925,4.26644839763601,5.98269865408441
"2148",33,"UKENMI_ST_TP000241",5.305637096,4.89155183651065,4.02251181144984,5.76096108990095
"2149",34,"UKENMI_ST_TP000241",NA,4.69679393056587,3.83531921513691,5.56191682763097
"2150",35,"UKENMI_ST_TP000241",4.196230515,4.72252702956217,3.83761399093618,5.60581341402902
"2151",36,"UKENMI_ST_TP000241",NA,4.78570848763579,3.92669550962031,5.64624658340207
"2152",37,"UKENMI_ST_TP000241",5.453756041,5.17527338822841,4.29180881216653,6.05842784902169
"2153",38,"UKENMI_ST_TP000241",NA,5.16001172836059,4.30081240845391,6.01981682691676
"2154",39,"UKENMI_ST_TP000241",4.887163387,5.47843683954435,4.59610527269294,6.3622764119929
"2155",40,"UKENMI_ST_TP000241",NA,5.41107448180635,4.55202560318671,6.26990675867813
"2156",41,"UKENMI_ST_TP000241",5.572906538,5.42423877031247,4.54303744692627,6.30759485110671
"2157",42,"UKENMI_ST_TP000241",NA,5.33027046595681,4.47048449258257,6.18930459513897
"2158",43,"UKENMI_ST_TP000241",6.055430416,5.46790729485504,4.59233662434641,6.34416674941188
"2159",44,"UKENMI_ST_TP000241",NA,5.23310420598381,4.37254271692663,6.09377059261259
"2160",45,"UKENMI_ST_TP000241",NA,5.36749477661687,4.46887107841371,6.26469852093308
"46",1,"UKENAN_AW_TP000023",NA,4.48288583924559,3.57127187601011,5.39066625871601
"47",2,"UKENAN_AW_TP000023",5.88127531,4.49497750274872,3.60842259041386,5.37968400784327
"48",3,"UKENAN_AW_TP000023",NA,4.75757492828559,3.85882888275675,5.65576885224628
"49",4,"UKENAN_AW_TP000023",6.001939518,4.74431318636503,3.85553091380982,5.63327056759649
"50",5,"UKENAN_AW_TP000023",NA,4.90338369442682,3.99695337031904,5.81151663446834
"51",6,"UKENAN_AW_TP000023",5.162744574,4.97481696118744,4.08893025517027,5.86068811729117
"52",7,"UKENAN_AW_TP000023",NA,4.96107971398868,4.05083606992459,5.87342392551023
"53",8,"UKENAN_AW_TP000023",6.455993529,5.00842761200616,4.12083327684672,5.89446470249806
"54",9,"UKENAN_AW_TP000023",NA,5.22151411023042,4.3180853229634,6.12350282766347
"55",10,"UKENAN_AW_TP000023",5.844756531,5.32823953887509,4.44609432628339,6.21012425594111
"56",11,"UKENAN_AW_TP000023",NA,5.40247679770955,4.50135920145716,6.30551412066866
"57",12,"UKENAN_AW_TP000023",5.778775472,5.4083261279657,4.52543489543622,6.28995153191856
"58",13,"UKENAN_AW_TP000023",NA,5.35414866412837,4.45424871746391,6.25646301110383
"59",14,"UKENAN_AW_TP000023",5.743155964,5.47565145252174,4.59136965741622,6.3569700177804
"60",15,"UKENAN_AW_TP000023",NA,5.37059732145362,4.47123188833877,6.27144823225579
"61",16,"UKENAN_AW_TP000023",6.162741652,5.47757354199619,4.59250097952973,6.36069032855852
"62",17,"UKENAN_AW_TP000023",NA,5.37627291626175,4.47391892113145,6.27999837365893
"63",18,"UKENAN_AW_TP000023",4.978255793,5.24518942079052,4.36172561047229,6.12835656018051
"64",19,"UKENAN_AW_TP000023",NA,5.12704411368033,4.22381634399775,6.02855068496055
"65",20,"UKENAN_AW_TP000023",3.742155302,5.20560896518109,4.32181520055621,6.08839152279058
"66",21,"UKENAN_AW_TP000023",NA,5.17473436014335,4.27176947779326,6.07672914647681
"67",22,"UKENAN_AW_TP000023",6.441904097,5.12766340066944,4.24375706158978,6.00863117137099
"68",23,"UKENAN_AW_TP000023",NA,5.29477038618522,4.39990602396649,6.19013484029933
"69",24,"UKENAN_AW_TP000023",6.124963615,5.27885016323073,4.39735399224872,6.15961222826637
"70",25,"UKENAN_AW_TP000023",NA,5.27112867110995,4.36837333108516,6.17422332243657
"71",26,"UKENAN_AW_TP000023",5.947744336,5.16647858802241,4.28344927136903,6.05023138873591
"72",27,"UKENAN_AW_TP000023",NA,5.20812991291661,4.30517325822846,6.10927570267068
"73",28,"UKENAN_AW_TP000023",5.75179617,5.28122644032211,4.39747997545895,6.16328227746329
"74",29,"UKENAN_AW_TP000023",NA,5.28177773140907,4.38052818669683,6.18313827857189
"75",30,"UKENAN_AW_TP000023",4.033924161,5.24828583951621,4.35912151550136,6.13522339712074
"76",31,"UKENAN_AW_TP000023",NA,5.09135966789971,4.14445562612232,6.03679436409361
"77",32,"UKENAN_AW_TP000023",5.237842473,5.261123569735,4.38160626146783,6.14197763716358
"78",33,"UKENAN_AW_TP000023",NA,5.1393250978355,4.2485955574946,6.030012763552
"79",34,"UKENAN_AW_TP000023",5.352689476,4.97998031476463,4.09268133867833,5.86746357403751
"80",35,"UKENAN_AW_TP000023",NA,4.96190732969065,4.0536175599556,5.86814845989636
"81",36,"UKENAN_AW_TP000023",4.034168371,4.99958122943484,4.1137010126389,5.88588850808156
"82",37,"UKENAN_AW_TP000023",NA,5.3584927165857,4.45543277957718,6.26114568237453
"83",38,"UKENAN_AW_TP000023",5.359680266,5.35224732170742,4.4682630805941,6.23442032695407
"84",39,"UKENAN_AW_TP000023",NA,5.65788265806762,4.75947817367785,6.55807017922805
"85",40,"UKENAN_AW_TP000023",5.761843077,5.53846866351438,4.65216244413583,6.42451874960382
"86",41,"UKENAN_AW_TP000023",NA,5.6786050301148,4.77259478222227,6.58799876322739
"87",42,"UKENAN_AW_TP000023",6.0664253,5.56324446240436,4.67704742180359,6.45068108005061
"88",43,"UKENAN_AW_TP000023",NA,5.60246478354808,4.69868940988278,6.50480204109239
"89",44,"UKENAN_AW_TP000023",5.944262703,5.46080858646412,4.57423697007697,6.34651507554407
"90",45,"UKENAN_AW_TP000023",NA,5.56594451518751,4.65098784702715,6.48069536247727
"676",1,"UKENAN_AW_TP000161",NA,4.46501592054893,3.56011222827638,5.36849076417832
"677",2,"UKENAN_AW_TP000161",4.680363573,4.48121471291868,3.60587222824235,5.35635094842728
"678",3,"UKENAN_AW_TP000161",NA,4.73841105876143,3.85038001508415,5.62726480854084
"679",4,"UKENAN_AW_TP000161",3.389697376,4.6982688171918,3.82165520957533,5.57643478790893
"680",5,"UKENAN_AW_TP000161",NA,4.91887540344113,4.02206126476967,5.81759471521657
"681",6,"UKENAN_AW_TP000161",3.222336298,4.94352745186753,4.06779689216045,5.82095306143558
"682",7,"UKENAN_AW_TP000161",NA,4.94179054278472,4.04157242503455,5.84430937877177
"683",8,"UKENAN_AW_TP000161",4.554467533,4.99956925798835,4.12413866091979,5.87508099793533
"684",9,"UKENAN_AW_TP000161",NA,5.22396994784564,4.32791926904058,6.11973465051782
"685",10,"UKENAN_AW_TP000161",3.964090461,5.3703496491431,4.49572800373775,6.24501262148645
"686",11,"UKENAN_AW_TP000161",NA,5.4073684052315,4.51186070870911,6.30416739879703
"687",12,"UKENAN_AW_TP000161",4.666241682,5.43005024054325,4.55429468649365,6.3044593891051
"688",13,"UKENAN_AW_TP000161",NA,5.32726120548206,4.43074652506574,6.22642420969358
"689",14,"UKENAN_AW_TP000161",4.95131098,5.50478453552939,4.62813024389877,6.37896085591016
"690",15,"UKENAN_AW_TP000161",NA,5.3818566313401,4.4867119074548,6.2788913553996
"691",16,"UKENAN_AW_TP000161",5.029293769,5.48274793767925,4.60715038538973,6.35800303906336
"692",17,"UKENAN_AW_TP000161",NA,5.3912008630851,4.49640029890508,6.287635048491
"693",18,"UKENAN_AW_TP000161",5.332500903,5.18738203391905,4.31317457748102,6.06448137991683
"694",19,"UKENAN_AW_TP000161",NA,5.11298041553908,4.21702780712848,6.00879919702116
"695",20,"UKENAN_AW_TP000161",5.242349543,5.19497659144701,4.32071336692417,6.06983785976552
"696",21,"UKENAN_AW_TP000161",NA,5.16389210056797,4.26588195736215,6.06194267664473
"697",22,"UKENAN_AW_TP000161",5.139634927,5.15942528627359,4.28304305246537,6.03328656412078
"698",23,"UKENAN_AW_TP000161",NA,5.28534482609727,4.39480622647915,6.17733507859117
"699",24,"UKENAN_AW_TP000161",4.501481657,5.27399864291656,4.399270302741,6.14881023527821
"700",25,"UKENAN_AW_TP000161",NA,5.22462390018717,4.3264546686792,6.12320275864956
"701",26,"UKENAN_AW_TP000161",5.671181423,5.14177466260722,4.26684019988129,6.01948911883602
"702",27,"UKENAN_AW_TP000161",NA,5.21294158427821,4.31407769493912,6.11044272656513
"703",28,"UKENAN_AW_TP000161",4.765726736,5.26894342735021,4.39410136723166,6.14289092508492
"704",29,"UKENAN_AW_TP000161",NA,5.26113687611188,4.36797311372586,6.15570085026754
"705",30,"UKENAN_AW_TP000161",4.835020443,5.31228556140242,4.4305500600769,6.18912112301134
"706",31,"UKENAN_AW_TP000161",NA,5.09596810085506,4.16345411816861,6.02748447864476
"707",32,"UKENAN_AW_TP000161",4.67999374,5.27071257826883,4.39674364816154,6.14549028913887
"708",33,"UKENAN_AW_TP000161",4.761299096,5.14627173012318,4.26362387456866,6.03042388077292
"709",34,"UKENAN_AW_TP000161",NA,4.94190598550834,4.06601228349274,5.82008160109093
"710",35,"UKENAN_AW_TP000161",NA,4.9581598048455,4.05815055327199,5.85691509310845
"711",36,"UKENAN_AW_TP000161",4.757112006,4.96910228438734,4.09440854484125,5.848172788044
"712",37,"UKENAN_AW_TP000161",NA,5.32720466454622,4.42911522098297,6.22683536167603
"713",38,"UKENAN_AW_TP000161",5.416199022,5.3338793370545,4.45968708404757,6.20820522983098
"714",39,"UKENAN_AW_TP000161",NA,5.65601240085128,4.75954083543151,6.5541061028859
"715",40,"UKENAN_AW_TP000161",5.586538892,5.52259265118717,4.64698623249825,6.39947461035104
"716",41,"UKENAN_AW_TP000161",NA,5.66611345648468,4.76990049575557,6.56528115768023
"717",42,"UKENAN_AW_TP000161",5.299244861,5.52821553906076,4.65212395665406,6.40704406809519
"718",43,"UKENAN_AW_TP000161",NA,5.6346914515313,4.74093298466518,6.52745369842476
"719",44,"UKENAN_AW_TP000161",5.624762044,5.48138824537576,4.60486816261859,6.3566060175635
"720",45,"UKENAN_AW_TP000161",NA,5.55558962496242,4.64323367202693,6.46753827620909
"361",1,"UKENAN_AW_TP000082",NA,4.6497770708785,3.73868272806358,5.55724714924987
"362",2,"UKENAN_AW_TP000082",5.269604345,4.67361774190296,3.79118430154511,5.55424573636202
"363",3,"UKENAN_AW_TP000082",NA,4.91786048830599,4.01993427955172,5.81558179895128
"364",4,"UKENAN_AW_TP000082",4.162644162,4.92459731496867,4.03992009644548,5.80899133316157
"365",5,"UKENAN_AW_TP000082",NA,5.06283126738959,4.15605157884609,5.97153571737566
"366",6,"UKENAN_AW_TP000082",7.065255184,5.16258062692591,4.27675707297255,6.0470629352272
"367",7,"UKENAN_AW_TP000082",NA,5.13077772945223,4.22027278562745,6.04360907893486
"368",8,"UKENAN_AW_TP000082",5.280653574,5.18048608837018,4.29497312981337,6.06434617039338
"369",9,"UKENAN_AW_TP000082",NA,5.38410440883193,4.47961983569298,6.28760618563651
"370",10,"UKENAN_AW_TP000082",5.033643758,5.45580269403476,4.57318592628284,6.33912780959903
"371",11,"UKENAN_AW_TP000082",NA,5.55813594809108,4.65577583707824,6.46284036259395
"372",12,"UKENAN_AW_TP000082",5.681749886,5.55827005327221,4.67606024016831,6.43999555294412
"373",13,"UKENAN_AW_TP000082",NA,5.51623999595308,4.61375490445693,6.42089020498556
"374",14,"UKENAN_AW_TP000082",5.86529696,5.65632244540546,4.77276939032269,6.53851446634165
"375",15,"UKENAN_AW_TP000082",NA,5.53144022201263,4.62995827634428,6.4350786438839
"376",16,"UKENAN_AW_TP000082",6.070635481,5.64272886766093,4.75887669841273,6.52592519142145
"377",17,"UKENAN_AW_TP000082",NA,5.53198934787782,4.62770391537065,6.43788862085424
"378",18,"UKENAN_AW_TP000082",5.797547638,5.41862211302597,4.53558442611824,6.30099163709962
"379",19,"UKENAN_AW_TP000082",NA,5.29060551845531,4.38432530304482,6.19511047595471
"380",20,"UKENAN_AW_TP000082",5.417633936,5.37409738839746,4.49238737304555,6.25504152740082
"381",21,"UKENAN_AW_TP000082",NA,5.34593464823491,4.44183780960782,6.2494483805861
"382",22,"UKENAN_AW_TP000082",4.958892049,5.27621431042018,4.39365059941589,6.15735860726903
"383",23,"UKENAN_AW_TP000082",NA,5.46406205138709,4.56599995762591,6.36261816659186
"384",24,"UKENAN_AW_TP000082",5.539170377,5.43613690231727,4.55494990995592,6.31750165796854
"385",25,"UKENAN_AW_TP000082",NA,5.44537494700413,4.54177447948329,6.3491836296449
"386",26,"UKENAN_AW_TP000082",6.451178134,5.3122161986359,4.43059653568279,6.19377345204129
"387",27,"UKENAN_AW_TP000082",NA,5.36362351419336,4.4611760746267,6.2651847785418
"388",28,"UKENAN_AW_TP000082",6.369792406,5.45436736897714,4.57226640906629,6.33517899671868
"389",29,"UKENAN_AW_TP000082",NA,5.44596773783739,4.54470323578542,6.34714616291855
"390",30,"UKENAN_AW_TP000082",6.031130644,5.39223091695137,4.50818601887779,6.27622036738292
"391",31,"UKENAN_AW_TP000082",NA,5.23246750713266,4.28723745307556,6.17523745145684
"392",32,"UKENAN_AW_TP000082",5.407539707,5.41339320686539,4.53488665908314,6.29491773750255
"393",33,"UKENAN_AW_TP000082",NA,5.30451616875456,4.41413777946858,6.19532075521373
"394",34,"UKENAN_AW_TP000082",4.921528286,5.17869311878775,4.29551862609272,6.06118022573172
"395",35,"UKENAN_AW_TP000082",NA,5.12339536581411,4.21811323468687,6.02705342656778
"396",36,"UKENAN_AW_TP000082",4.968330215,5.1693088229537,4.28668746341089,6.05099805796454
"397",37,"UKENAN_AW_TP000082",NA,5.52829835236274,4.62536821520245,6.43042445960307
"398",38,"UKENAN_AW_TP000082",5.937610744,5.52960943796802,4.64738542206849,6.40924117116843
"399",39,"UKENAN_AW_TP000082",NA,5.82455949026714,4.92466864422456,6.72657904485797
"400",40,"UKENAN_AW_TP000082",4.764448172,5.70902474686111,4.82540319800037,6.59121543344626
"401",41,"UKENAN_AW_TP000082",NA,5.8435520787118,4.93789774293137,6.75235784617477
"402",42,"UKENAN_AW_TP000082",5.536677672,5.73605444655275,4.85334857324136,6.61907043855596
"403",43,"UKENAN_AW_TP000082",NA,5.75706537598678,4.8534868114411,6.65991322562301
"404",44,"UKENAN_AW_TP000082",5.175784272,5.55419477339483,4.66952119735342,6.43775919816765
"405",45,"UKENAN_AW_TP000082",NA,5.73550649566506,4.82074246975566,6.65032431298784
"631",1,"UKENAN_AW_TP000154",NA,4.50104005924646,3.56968945306874,5.428775186346
"632",2,"UKENAN_AW_TP000154",4.752157927,4.5199523739736,3.61482055064536,5.42296381768606
"633",3,"UKENAN_AW_TP000154",NA,4.76944936069793,3.85179851063431,5.68686208972318
"634",4,"UKENAN_AW_TP000154",5.141024555,4.77217300273259,3.86570790152332,5.67891105963216
"635",5,"UKENAN_AW_TP000154",NA,4.91435481129897,3.98847217817527,5.84246810910236
"636",6,"UKENAN_AW_TP000154",5.715715619,5.00603327569822,4.09864237654258,5.91277683030867
"637",7,"UKENAN_AW_TP000154",NA,4.977153650561,4.04628954374162,5.91028486425939
"638",8,"UKENAN_AW_TP000154",6.191147408,5.02399477385662,4.11585608080574,5.92977887706486
"639",9,"UKENAN_AW_TP000154",NA,5.23370088047731,4.30856106408675,6.15749854584245
"640",10,"UKENAN_AW_TP000154",5.310815147,5.32184938060271,4.41809694957787,6.22809643098807
"641",11,"UKENAN_AW_TP000154",NA,5.40901177321828,4.48659758693531,6.33365626838522
"642",12,"UKENAN_AW_TP000154",4.235337016,5.41773002862857,4.51288022680315,6.32163664493534
"643",13,"UKENAN_AW_TP000154",NA,5.37083033379045,4.44837935964794,6.29594728104762
"644",14,"UKENAN_AW_TP000154",6.663339287,5.49244251616769,4.58634591959486,6.39598440559772
"645",15,"UKENAN_AW_TP000154",NA,5.38260348562861,4.46093311763452,6.30626183865783
"646",16,"UKENAN_AW_TP000154",5.49252328,5.48846089745715,4.58210729462366,6.39297319516522
"647",17,"UKENAN_AW_TP000154",NA,5.38492134509104,4.4612205411725,6.31022750868816
"648",18,"UKENAN_AW_TP000154",5.808316431,5.27017523928248,4.36501074181942,6.17443897208769
"649",19,"UKENAN_AW_TP000154",NA,5.14095417119973,4.21516021016003,6.06453705753208
"650",20,"UKENAN_AW_TP000154",5.289373214,5.21932116784749,4.31502096126198,6.12238766000348
"651",21,"UKENAN_AW_TP000154",NA,5.19582626401755,4.27150391268418,6.11928300341565
"652",22,"UKENAN_AW_TP000154",5.263507926,5.13250733401235,4.22684546380072,6.03566967224911
"653",23,"UKENAN_AW_TP000154",NA,5.31348941060817,4.39503897447496,6.2324274664756
"654",24,"UKENAN_AW_TP000154",5.214036631,5.28773302300936,4.384286461065,6.19142020266225
"655",25,"UKENAN_AW_TP000154",NA,5.29483426517111,4.37058407489934,6.2193951748909
"656",26,"UKENAN_AW_TP000154",5.755675243,5.16718251140885,4.26381187865163,6.07212040753085
"657",27,"UKENAN_AW_TP000154",NA,5.21819846042655,4.29478910825056,6.14018913063947
"658",28,"UKENAN_AW_TP000154",5.326386877,5.3003073558169,4.39542115855705,6.20329880127736
"659",29,"UKENAN_AW_TP000154",NA,5.29830229618717,4.37672293417139,6.21989295361538
"660",30,"UKENAN_AW_TP000154",6.069726609,5.24713952684617,4.34059953412221,6.1534260554204
"661",31,"UKENAN_AW_TP000154",NA,5.08751751016775,4.12392326744389,6.04828816939363
"662",32,"UKENAN_AW_TP000154",4.841009819,5.26989689002852,4.36902001886936,6.17401956165629
"663",33,"UKENAN_AW_TP000154",NA,5.15187938770286,4.24096381467147,6.06349694882145
"664",34,"UKENAN_AW_TP000154",5.734189865,5.01640435987028,4.11108611539734,5.92099933264199
"665",35,"UKENAN_AW_TP000154",NA,4.97459974533457,4.04936073812144,5.89831235530307
"666",36,"UKENAN_AW_TP000154",6.484460331,5.01812471861902,4.11389356542723,5.92271406929138
"667",37,"UKENAN_AW_TP000154",NA,5.37683065394637,4.4541804534139,6.29913806175813
"668",38,"UKENAN_AW_TP000154",6.069521716,5.3739867514791,4.46941693718048,6.27561412596419
"669",39,"UKENAN_AW_TP000154",NA,5.67429346661915,4.75408016126629,6.59692182338203
"670",40,"UKENAN_AW_TP000154",5.924584352,5.56127154552596,4.65597117804377,6.46556338877484
"671",41,"UKENAN_AW_TP000154",NA,5.69491699907305,4.76978268700611,6.62385058520229
"672",42,"UKENAN_AW_TP000154",5.56550038,5.58446603354865,4.68019413912729,6.49106575385488
"673",43,"UKENAN_AW_TP000154",NA,5.60717797452453,4.68321968821476,6.52978905245232
"674",44,"UKENAN_AW_TP000154",5.891278605,5.44167773286827,4.53657793252812,6.34731583445184
"675",45,"UKENAN_AW_TP000154",NA,5.58483295424558,4.64951450698456,6.52025722277333
"811",1,"UKENAN_AW_TP000210",NA,4.28469342421843,3.38371281370205,5.18283035938648
"812",2,"UKENAN_AW_TP000210",3.005367047,4.27677927608621,3.40793709220308,5.14561804261492
"813",3,"UKENAN_AW_TP000210",NA,4.56540987833983,3.68098094059802,5.45022021792344
"814",4,"UKENAN_AW_TP000210",3.920771742,4.5781067913686,3.70917466427859,5.44799733773297
"815",5,"UKENAN_AW_TP000210",NA,4.70232314891076,3.80879671729253,5.59825434905965
"816",6,"UKENAN_AW_TP000210",5.069886616,4.8236694839459,3.9536917741997,5.69199843645112
"817",7,"UKENAN_AW_TP000210",NA,4.78031874787862,3.88280150866316,5.67980295277272
"818",8,"UKENAN_AW_TP000210",4.606270029,4.82562296576274,3.95564140371713,5.69423554756748
"819",9,"UKENAN_AW_TP000210",NA,5.02356639058233,4.12993868631402,5.91674209604443
"820",10,"UKENAN_AW_TP000210",4.998253445,5.12380086467044,4.25562082839153,5.99164774279089
"821",11,"UKENAN_AW_TP000210",NA,5.20339540133652,4.31088576285333,6.0987047589467
"822",12,"UKENAN_AW_TP000210",4.253769477,5.18114115408046,4.31322377926458,6.0495677554933
"823",13,"UKENAN_AW_TP000210",NA,5.1570126350213,4.26388311049014,6.05285269539645
"824",14,"UKENAN_AW_TP000210",5.552313735,5.33535243436833,4.4638879849327,6.20505149493547
"825",15,"UKENAN_AW_TP000210",NA,5.17513062994559,4.2816996525743,6.07097362440933
"826",16,"UKENAN_AW_TP000210",4.908008485,5.31184977523353,4.44172070881525,6.18097977423626
"827",17,"UKENAN_AW_TP000210",NA,5.17969196553625,4.28738113595965,6.0740187790775
"828",18,"UKENAN_AW_TP000210",5.120481308,5.03510009364874,4.16748116123621,5.90359132353678
"829",19,"UKENAN_AW_TP000210",NA,4.92150918149801,4.02488314840434,5.81630352786013
"830",20,"UKENAN_AW_TP000210",4.096096643,5.00832189274841,4.14070669833992,5.87708780720137
"831",21,"UKENAN_AW_TP000210",NA,4.98238914625551,4.08863810420762,5.87600263201902
"832",22,"UKENAN_AW_TP000210",3.72487719,4.89940466333908,4.03119000717719,5.7674448857731
"833",23,"UKENAN_AW_TP000210",NA,5.10430914671027,4.21586360590674,5.99340266713987
"834",24,"UKENAN_AW_TP000210",3.815978477,5.08820913296414,4.22007390306666,5.95628312219036
"835",25,"UKENAN_AW_TP000210",NA,5.09058569152261,4.19766824191516,5.98476053668694
"836",26,"UKENAN_AW_TP000210",3.463261862,4.95490655229746,4.08661526979455,5.82438350835865
"837",27,"UKENAN_AW_TP000210",NA,5.00365544882267,4.10994401945829,5.89681050163371
"838",28,"UKENAN_AW_TP000210",4.806664444,5.09297838810911,4.22421371107498,5.9609612938844
"839",29,"UKENAN_AW_TP000210",NA,5.08426787973151,4.19364502948747,5.97551042920555
"840",30,"UKENAN_AW_TP000210",3.948030693,5.02409461945803,4.15548590147714,5.89314802847073
"841",31,"UKENAN_AW_TP000210",NA,4.87575558274852,3.94189839189176,5.80701600714795
"842",32,"UKENAN_AW_TP000210",3.185499296,5.03733442219546,4.16939680790366,5.90823782845537
"843",33,"UKENAN_AW_TP000210",3.619624133,4.94921807802229,4.06782063393246,5.83105874063961
"844",34,"UKENAN_AW_TP000210",NA,4.76567492513445,3.89734968922563,5.63526988140202
"845",35,"UKENAN_AW_TP000210",NA,4.76481087345173,3.87068827277332,5.65787637756976
"846",36,"UKENAN_AW_TP000210",3.46216354,4.80040434722032,3.93232794447704,5.66900349421162
"847",37,"UKENAN_AW_TP000210",NA,5.16192009370121,4.26799526122363,6.055745597341
"848",38,"UKENAN_AW_TP000210",3.16787207,5.18792852003308,4.3184801983627,6.05545163040014
"849",39,"UKENAN_AW_TP000210",NA,5.46664702562391,4.57407493462911,6.36146379575777
"850",40,"UKENAN_AW_TP000210",5.077726306,5.34620740711506,4.47748464429329,6.21478742679082
"851",41,"UKENAN_AW_TP000210",NA,5.47573808892713,4.58226931778819,6.37256147374863
"852",42,"UKENAN_AW_TP000210",4.284984551,5.36462425200342,4.49545983350762,6.23440986846726
"853",43,"UKENAN_AW_TP000210",NA,5.39878864312148,4.50559922036295,6.29107913376528
"854",44,"UKENAN_AW_TP000210",4.620586611,5.20940223704198,4.33924484823465,6.08103527641545
"855",45,"UKENAN_AW_TP000210",NA,5.37136738767717,4.46781806985754,6.27450126620042
"856",1,"UKENAN_AW_TP000293",NA,4.57043839297474,3.64058107249318,5.49746138152134
"857",2,"UKENAN_AW_TP000293",3.609022286,4.58410613432899,3.68162947384422,5.48604656827268
"858",3,"UKENAN_AW_TP000293",NA,4.84160674428702,3.92729388464411,5.75644152452797
"859",4,"UKENAN_AW_TP000293",5.118938908,4.84402346200011,3.94173161464229,5.74728686939856
"860",5,"UKENAN_AW_TP000293",NA,4.9849952988875,4.06286616182224,5.90978832239363
"861",6,"UKENAN_AW_TP000293",4.757660005,5.08003886554418,4.17763181544126,5.98206878540622
"862",7,"UKENAN_AW_TP000293",NA,5.05153907266512,4.12487358872758,5.98082203390836
"863",8,"UKENAN_AW_TP000293",3.688971716,5.09782161049882,4.19455266323292,5.99987724600182
"864",9,"UKENAN_AW_TP000293",NA,5.30566687404148,4.38292388003828,6.22792601935802
"865",10,"UKENAN_AW_TP000293",6.302033676,5.39504452182758,4.49385960048628,6.29792337904334
"866",11,"UKENAN_AW_TP000293",NA,5.48272110890514,4.56144517287538,6.40688266502691
"867",12,"UKENAN_AW_TP000293",4.337591647,5.48051034649637,4.57903974549721,6.38236293306812
"868",13,"UKENAN_AW_TP000293",NA,5.44079507850351,4.5186949668262,6.36598109984633
"869",14,"UKENAN_AW_TP000293",4.380722236,5.57693200765153,4.67311278156426,6.47900080998334
"870",15,"UKENAN_AW_TP000293",NA,5.45521652598513,4.53303822764161,6.37995688843145
"871",16,"UKENAN_AW_TP000293",5.396249102,5.56583386770932,4.66306286634659,6.4677141776801
"872",17,"UKENAN_AW_TP000293",NA,5.45720895702388,4.53648640196501,6.38015972898693
"873",18,"UKENAN_AW_TP000293",4.483426233,5.33207102196212,4.43095815398986,6.23374470419194
"874",19,"UKENAN_AW_TP000293",NA,5.20753996048469,4.28349477597245,6.13014423542885
"875",20,"UKENAN_AW_TP000293",5.964936302,5.29146341633916,4.39003109559142,6.193072573064
"876",21,"UKENAN_AW_TP000293",NA,5.26566401085721,4.34306683549189,6.18824175136246
"877",22,"UKENAN_AW_TP000293",5.143044436,5.19611143061482,4.29393084479949,6.09733842333692
"878",23,"UKENAN_AW_TP000293",NA,5.38460266264612,4.46693140081614,6.30330714221548
"879",24,"UKENAN_AW_TP000293",5.618672583,5.36390269634898,4.46270361396428,6.26572524853556
"880",25,"UKENAN_AW_TP000293",NA,5.36938170663449,4.44772330265105,6.29223859207747
"881",26,"UKENAN_AW_TP000293",5.051130913,5.24050701299586,4.33876421029177,6.14403588717138
"882",27,"UKENAN_AW_TP000293",NA,5.28712401893054,4.36478298769212,6.20897555666394
"883",28,"UKENAN_AW_TP000293",4.997086407,5.37503915901551,4.47290948342909,6.27653920096715
"884",29,"UKENAN_AW_TP000293",NA,5.36718098738162,4.44748528496732,6.28759183503879
"885",30,"UKENAN_AW_TP000293",5.730557293,5.3173683143667,4.4151476717697,6.2200011124888
"886",31,"UKENAN_AW_TP000293",NA,5.16037871669226,4.20101340531157,6.11729592759338
"887",32,"UKENAN_AW_TP000293",3.625659774,5.33790328499258,4.4358656964961,6.24351573430644
"888",33,"UKENAN_AW_TP000293",NA,5.22648983747605,4.31551904947005,6.13843336848248
"889",34,"UKENAN_AW_TP000293",4.155994011,5.08183321828392,4.18033894245484,5.9840066706998
"890",35,"UKENAN_AW_TP000293",NA,5.04655593586666,4.12383092779052,5.96830919334773
"891",36,"UKENAN_AW_TP000293",4.359327965,5.08919782485823,4.1879439475141,5.99135885556719
"892",37,"UKENAN_AW_TP000293",NA,5.44798334024358,4.5260546671942,6.37005587551882
"893",38,"UKENAN_AW_TP000293",5.173375723,5.44835006437866,4.5456589326669,6.34910329924919
"894",39,"UKENAN_AW_TP000293",NA,5.74748981193241,4.8263169395084,6.67136871159203
"895",40,"UKENAN_AW_TP000293",4.474597107,5.6301362262574,4.72832900280405,6.53166311205844
"896",41,"UKENAN_AW_TP000293",NA,5.7632125111703,4.84062006628231,6.6897027998799
"897",42,"UKENAN_AW_TP000293",4.346491158,5.65498107214691,4.75299950723106,6.55901056619065
"898",43,"UKENAN_AW_TP000293",NA,5.67472727466444,4.75285728514911,6.59580644106208
"899",44,"UKENAN_AW_TP000293",3.608553527,5.49988996957453,4.59732416368073,6.40361071951931
"900",45,"UKENAN_AW_TP000293",NA,5.65373037966911,4.72076266270884,6.58691161108946
"4636",1,"UKENSO_SW_TP000022",NA,4.45968924438831,3.54640716721536,5.36893916871935
"4637",2,"UKENSO_SW_TP000022",4.041991261,4.5067771188389,3.61821694003792,5.39121293900011
"4638",3,"UKENSO_SW_TP000022",NA,4.70969340722319,3.81251231883654,5.60736927377638
"4639",4,"UKENSO_SW_TP000022",4.456547982,4.6931555416296,3.8063638043924,5.58155948293932
"4640",5,"UKENSO_SW_TP000022",NA,4.8703197692411,3.9641122738893,5.77847532458135
"4641",6,"UKENSO_SW_TP000022",5.647572774,4.96599782649723,4.07883334462099,5.85208999578735
"4642",7,"UKENSO_SW_TP000022",NA,4.91688321270786,4.00514640414013,5.83116233962747
"4643",8,"UKENSO_SW_TP000022",4.880123887,4.99180100269212,4.10415887351885,5.87758861003
"4644",9,"UKENSO_SW_TP000022",NA,5.19138482353969,4.28458260014315,6.0972596428375
"4645",10,"UKENSO_SW_TP000022",5.388491543,5.22786072988491,4.33932089138168,6.11713875129824
"4646",11,"UKENSO_SW_TP000022",NA,5.36642408138776,4.46204758053006,6.274164379552
"4647",12,"UKENSO_SW_TP000022",5.797687704,5.41190357419368,4.52565043194356,6.29690520691564
"4648",13,"UKENSO_SW_TP000022",NA,5.31239945473598,4.40840159524021,6.21907642530497
"4649",14,"UKENSO_SW_TP000022",5.89332731,5.4144154764762,4.52957110685244,6.29909158837501
"4650",15,"UKENSO_SW_TP000022",NA,5.33284708784154,4.42855949085433,6.23978078430698
"4651",16,"UKENSO_SW_TP000022",6.120674109,5.39735957337603,4.51159663694354,6.28524787256007
"4652",17,"UKENSO_SW_TP000022",NA,5.31864675953248,4.4140034012358,6.2249909363295
"4653",18,"UKENSO_SW_TP000022",5.687088813,5.2328093137278,4.34670139321691,6.11748064775295
"4654",19,"UKENSO_SW_TP000022",NA,5.09745987598183,4.18797992373945,6.00363214534458
"4655",20,"UKENSO_SW_TP000022",6.320940884,5.17964896682139,4.292847359842,6.06367364765589
"4656",21,"UKENSO_SW_TP000022",NA,5.12407691925655,4.21891447454138,6.02892442707943
"4657",22,"UKENSO_SW_TP000022",6.416860847,5.07387029354138,4.18846261406293,5.95843522120734
"4658",23,"UKENSO_SW_TP000022",NA,5.26826041318482,4.36759007831299,6.16950566722343
"4659",24,"UKENSO_SW_TP000022",5.878676556,5.2363090168802,4.35196624608662,6.12214567281784
"4660",25,"UKENSO_SW_TP000022",NA,5.27754066762716,4.37254711364007,6.1838528655134
"4661",26,"UKENSO_SW_TP000022",5.732650775,5.19407549018322,4.30528552860443,6.07901008560607
"4662",27,"UKENSO_SW_TP000022",NA,5.16129624109575,4.25703959936286,6.0656521571861
"4663",28,"UKENSO_SW_TP000022",5.872363918,5.27927025860362,4.39328727153168,6.16369605762544
"4664",29,"UKENSO_SW_TP000022",NA,5.22871904945813,4.32461820115186,6.13183188365689
"4665",30,"UKENSO_SW_TP000022",5.781402329,5.20851511352299,4.32326298172462,6.09414128927087
"4666",31,"UKENSO_SW_TP000022",NA,5.06243869546045,4.12397487600215,5.99923252024793
"4667",32,"UKENSO_SW_TP000022",5.791549827,5.15696163686043,4.26966869419457,6.05194261915357
"4668",33,"UKENSO_SW_TP000022",NA,5.10863790235865,4.21642147165527,6.00118460284775
"4669",34,"UKENSO_SW_TP000022",3.961851096,4.98698692741155,4.09824514387232,5.87317366892356
"4670",35,"UKENSO_SW_TP000022",NA,4.91720095037142,4.01049179224107,5.82284131012648
"4671",36,"UKENSO_SW_TP000022",5.115662438,4.98093414196828,4.09465436060147,5.86557069801843
"4672",37,"UKENSO_SW_TP000022",NA,5.31554479702412,4.40887547289232,6.22008088508391
"4673",38,"UKENSO_SW_TP000022",5.523394809,5.29024302041703,4.40504026339395,6.1753297874834
"4674",39,"UKENSO_SW_TP000022",NA,5.63065140412996,4.72715624621696,6.53690104104761
"4675",40,"UKENSO_SW_TP000022",5.361248486,5.48604485850154,4.59890913093517,6.37128016608124
"4676",41,"UKENSO_SW_TP000022",NA,5.63631919802588,4.73078458624924,6.54546746452525
"4677",42,"UKENSO_SW_TP000022",5.754835444,5.54947108727956,4.66422297822771,6.43480078211686
"4678",43,"UKENSO_SW_TP000022",NA,5.58509552380544,4.68352792303336,6.48757266649331
"4679",44,"UKENSO_SW_TP000022",5.230814855,5.44178056589029,4.55506957092048,6.3258566552702
"4680",45,"UKENSO_SW_TP000022",NA,5.53283412222124,4.61557577486693,6.44999064654519
"4726",1,"UKENSO_SW_TP000026",NA,4.31728876462125,3.42679548422513,5.2048717785982
"4727",2,"UKENSO_SW_TP000026",5.379070519,4.35909734005373,3.49642231402315,5.21955341826338
"4728",3,"UKENSO_SW_TP000026",NA,4.54880992914838,3.67661480400541,5.42182438365756
"4729",4,"UKENSO_SW_TP000026",5.164510424,4.51136702168991,3.64855721682103,5.37483167692555
"4730",5,"UKENSO_SW_TP000026",NA,4.72734238759477,3.84412661837957,5.61297537477999
"4731",6,"UKENSO_SW_TP000026",5.485207946,4.8370404465915,3.97640221773384,5.69708410041147
"4732",7,"UKENSO_SW_TP000026",NA,4.76308995228707,3.87521487483464,5.65351092427048
"4733",8,"UKENSO_SW_TP000026",4.516552543,4.8642794144039,4.00377868093356,5.72479833450571
"4734",9,"UKENSO_SW_TP000026",NA,5.04467873153386,4.15964913576137,5.92920499147636
"4735",10,"UKENSO_SW_TP000026",6.039952177,5.09848980137474,4.23727282462572,5.9599705039613
"4736",11,"UKENSO_SW_TP000026",NA,5.21199256312264,4.3294035596117,6.09796251329726
"4737",12,"UKENSO_SW_TP000026",6.149869857,5.26070804432251,4.40114346190848,6.12129923029804
"4738",13,"UKENSO_SW_TP000026",NA,5.15453202701941,4.27209190727432,6.03955933668707
"4739",14,"UKENSO_SW_TP000026",5.145081404,5.25274294396843,4.39294169261384,6.11249650414984
"4740",15,"UKENSO_SW_TP000026",NA,5.18473073007663,4.30166196945475,6.07053762770066
"4741",16,"UKENSO_SW_TP000026",5.930412621,5.20401016337473,4.34378936994889,6.06539994469744
"4742",17,"UKENSO_SW_TP000026",NA,5.16973476290036,4.28778322646918,6.05370283582531
"4743",18,"UKENSO_SW_TP000026",5.078904704,5.06843465416141,4.20881497809138,5.92816933603557
"4744",19,"UKENSO_SW_TP000026",NA,4.97495531466251,4.08765940066895,5.86055542356814
"4745",20,"UKENSO_SW_TP000026",6.14275683,5.06524402972034,4.20368143117556,5.92514660242747
"4746",21,"UKENSO_SW_TP000026",NA,4.94957428136747,4.06635328935484,5.83264805155122
"4747",22,"UKENSO_SW_TP000026",6.083726731,4.91544019824228,4.05568928484735,5.7755307854145
"4748",23,"UKENSO_SW_TP000026",NA,5.11816687010801,4.23889094608491,5.9985439477963
"4749",24,"UKENSO_SW_TP000026",6.06735847,5.11389085598653,4.25446696053975,5.97516240089101
"4750",25,"UKENSO_SW_TP000026",NA,5.1240135551044,4.24037314017187,6.00918347024868
"4751",26,"UKENSO_SW_TP000026",5.319516807,5.03424390182612,4.17235756241806,5.89426996390916
"4752",27,"UKENSO_SW_TP000026",NA,5.0088892582111,4.12580281668884,5.89221022037014
"4753",28,"UKENSO_SW_TP000026",5.653975043,5.12960851521095,4.26950438203439,5.98967390608411
"4754",29,"UKENSO_SW_TP000026",NA,5.07533050586816,4.19226243893145,5.95764355348978
"4755",30,"UKENSO_SW_TP000026",5.856518499,5.05325919369768,4.19387597072044,5.91382514196247
"4756",31,"UKENSO_SW_TP000026",NA,4.90520010892414,3.98404609780887,5.82437039745868
"4757",32,"UKENSO_SW_TP000026",5.056185028,4.98817892959054,4.12567570735492,5.85639754824216
"4758",33,"UKENSO_SW_TP000026",NA,4.97277168165447,4.10743128369665,5.83905027779887
"4759",34,"UKENSO_SW_TP000026",4.648627627,4.84429770742763,3.97776009069645,5.70882163400859
"4760",35,"UKENSO_SW_TP000026",NA,4.75786774793781,3.87382626688733,5.64094055644909
"4761",36,"UKENSO_SW_TP000026",5.529472507,4.81936311071786,3.95915121603367,5.67863393641796
"4762",37,"UKENSO_SW_TP000026",NA,5.17928054127348,4.29497598383151,6.06278094881847
"4763",38,"UKENSO_SW_TP000026",5.220025359,5.13393458858143,4.27368093282014,5.9935917207227
"4764",39,"UKENSO_SW_TP000026",NA,5.48151086745235,4.59876428121504,6.36700779866361
"4765",40,"UKENSO_SW_TP000026",5.418227164,5.33578282413046,4.47518209023701,6.19617485465613
"4766",41,"UKENSO_SW_TP000026",NA,5.47192042559518,4.58915511338305,6.35792636778481
"4767",42,"UKENSO_SW_TP000026",5.706720922,5.4216996439213,4.56145436967568,6.28169676432911
"4768",43,"UKENSO_SW_TP000026",NA,5.43643809351624,4.55618185524256,6.3176628144439
"4769",44,"UKENSO_SW_TP000026",4.870893425,5.30080763743647,4.43875312443812,6.16056079315024
"4770",45,"UKENSO_SW_TP000026",NA,5.3846090112973,4.48706132424956,6.28178653993232
"4771",1,"UKENSO_SW_TP000028",NA,4.42539217066719,3.50454646167847,5.34209527930157
"4772",2,"UKENSO_SW_TP000028",3.825901346,4.45929177533729,3.56021784869773,5.35510733541763
"4773",3,"UKENSO_SW_TP000028",NA,4.67097880138511,3.76602180027184,5.5760486035569
"4774",4,"UKENSO_SW_TP000028",5.003132691,4.65712374428925,3.75938217400121,5.55561296729893
"4775",5,"UKENSO_SW_TP000028",NA,4.83127600334717,3.91834649129923,5.74592447742911
"4776",6,"UKENSO_SW_TP000028",5.447675584,4.92378175685926,4.02648824970634,5.8202531384405
"4777",7,"UKENSO_SW_TP000028",NA,4.87231805398763,3.95360934822087,5.79286667524731
"4778",8,"UKENSO_SW_TP000028",4.289523169,4.943832304637,4.04623816125342,5.84017961454994
"4779",9,"UKENSO_SW_TP000028",NA,5.15207143198923,4.23839203906829,6.06471811290923
"4780",10,"UKENSO_SW_TP000028",5.364265109,5.20890948092029,4.3103573717254,6.10741038724016
"4781",11,"UKENSO_SW_TP000028",NA,5.32716196493377,4.41560553668488,6.24162090357184
"4782",12,"UKENSO_SW_TP000028",5.738509477,5.36394216518371,4.46734450756769,6.25980432408197
"4783",13,"UKENSO_SW_TP000028",NA,5.27384957894684,4.36264980952721,6.187008344789
"4784",14,"UKENSO_SW_TP000028",5.343827869,5.36393793708434,4.46841697299314,6.25959261159437
"4785",15,"UKENSO_SW_TP000028",NA,5.29635085861917,4.38489353170579,6.21001237290639
"4786",16,"UKENSO_SW_TP000028",5.5321194,5.35027182830305,4.45396750929691,6.24811785491744
"4787",17,"UKENSO_SW_TP000028",NA,5.2791072083062,4.36715569629935,6.1923751471234
"4788",18,"UKENSO_SW_TP000028",5.2260185,5.18561926037712,4.28909873162635,6.08106708664249
"4789",19,"UKENSO_SW_TP000028",NA,5.06786770509228,4.15165804375324,5.98103231429135
"4790",20,"UKENSO_SW_TP000028",6.034126175,5.14176438147892,4.24372183870111,6.03711972309271
"4791",21,"UKENSO_SW_TP000028",NA,5.07574391716314,4.16351969644686,5.98762872427734
"4792",22,"UKENSO_SW_TP000028",4.967457625,5.03573708344126,4.13950938265855,5.93100949869843
"4793",23,"UKENSO_SW_TP000028",NA,5.22633642382421,4.3182396171653,6.13499516609134
"4794",24,"UKENSO_SW_TP000028",6.437397017,5.20646585146174,4.31077693361367,6.10234150161383
"4795",25,"UKENSO_SW_TP000028",NA,5.23675354693639,4.32463239887843,6.1499139679364
"4796",26,"UKENSO_SW_TP000028",5.623709919,5.13915619716503,4.24037590132883,6.03503626430841
"4797",27,"UKENSO_SW_TP000028",NA,5.12934957254865,4.21747077769885,6.04071146526876
"4798",28,"UKENSO_SW_TP000028",5.42567977,5.23577490652658,4.3391461660949,6.13124390286303
"4799",29,"UKENSO_SW_TP000028",NA,5.1846831168055,4.27283879463171,6.09536554623493
"4800",30,"UKENSO_SW_TP000028",5.720877958,5.1628317823525,4.26660388751269,6.05900883319548
"4801",31,"UKENSO_SW_TP000028",NA,5.01741378347242,4.06900473334893,5.96358414233247
"4802",32,"UKENSO_SW_TP000028",5.431117913,5.13538193372816,4.23826078313753,6.03768622659953
"4803",33,"UKENSO_SW_TP000028",NA,5.07097865949153,4.17068317179102,5.97129078242481
"4804",34,"UKENSO_SW_TP000028",3.540097578,4.94424993816969,4.04479249930783,5.84143110862705
"4805",35,"UKENSO_SW_TP000028",NA,4.87737970620868,3.96375150644454,5.7895697326439
"4806",36,"UKENSO_SW_TP000028",5.564574036,4.93729454043625,4.04053437941662,5.8325979192125
"4807",37,"UKENSO_SW_TP000028",NA,5.27599978047949,4.36168738448904,6.18817255252541
"4808",38,"UKENSO_SW_TP000028",6.101452451,5.25415445989857,4.35814585356536,6.14953945110721
"4809",39,"UKENSO_SW_TP000028",NA,5.58933314959909,4.67832034968362,6.50292299341279
"4810",40,"UKENSO_SW_TP000028",4.901093247,5.44526103223758,4.54777555042553,6.34129336698772
"4811",41,"UKENSO_SW_TP000028",NA,5.58724728729249,4.67562807420683,6.50203210687119
"4812",42,"UKENSO_SW_TP000028",5.930622022,5.51728116364771,4.6211390008177,6.41306034085859
"4813",43,"UKENSO_SW_TP000028",NA,5.54649172708907,4.63789567420099,6.45593571028155
"4814",44,"UKENSO_SW_TP000028",5.173384804,5.40414857561583,4.5063053774973,6.2994442616351
"4815",45,"UKENSO_SW_TP000028",NA,5.49164119981194,4.56611551500538,6.41677287166396
"4861",1,"UKENSO_SW_TP000033",NA,4.28202361445173,3.39212032968319,5.16843310661042
"4862",2,"UKENSO_SW_TP000033",3.951674737,4.33913255824948,3.47844963858579,5.19687472627752
"4863",3,"UKENSO_SW_TP000033",NA,4.52680078766152,3.65459581209111,5.39960807956633
"4864",4,"UKENSO_SW_TP000033",5.698332003,4.48723138401484,3.62771748793329,5.34740428154656
"4865",5,"UKENSO_SW_TP000033",NA,4.69668538072429,3.81446642989719,5.58097910473511
"4866",6,"UKENSO_SW_TP000033",5.781214605,4.80208691578887,3.94369957721497,5.65957699767529
"4867",7,"UKENSO_SW_TP000033",NA,4.74007636627329,3.85322090556971,5.62952170750853
"4868",8,"UKENSO_SW_TP000033",4.310292572,4.83659663088912,3.97766040397916,5.69471539312826
"4869",9,"UKENSO_SW_TP000033",NA,5.01600219618822,4.1321723530596,5.8990666555045
"4870",10,"UKENSO_SW_TP000033",4.659071649,5.0398434365298,4.17865686550327,5.90049875243416
"4871",11,"UKENSO_SW_TP000033",NA,5.18720893956101,4.30609255156898,6.07154902017648
"4872",12,"UKENSO_SW_TP000033",6.026918932,5.24253226691061,4.38503922060283,6.10037860508347
"4873",13,"UKENSO_SW_TP000033",NA,5.12562069025197,4.24442520030748,6.00940580625084
"4874",14,"UKENSO_SW_TP000033",5.071730273,5.23529784415205,4.37791040581161,6.09258705332017
"4875",15,"UKENSO_SW_TP000033",NA,5.1536809722261,4.27213566874972,6.03787452611554
"4876",16,"UKENSO_SW_TP000033",5.833731998,5.20754635347314,4.35045732318408,6.06666750972718
"4877",17,"UKENSO_SW_TP000033",NA,5.14311917037683,4.26233014193233,6.02582249074139
"4878",18,"UKENSO_SW_TP000033",5.101699288,5.05786380049426,4.20049406040251,5.9149727565011
"4879",19,"UKENSO_SW_TP000033",NA,4.92604645985131,4.03940130286797,5.81040714335211
"4880",20,"UKENSO_SW_TP000033",5.572197045,5.02330771907619,4.16453788274196,5.88033854921597
"4881",21,"UKENSO_SW_TP000033",NA,4.94207536310015,4.06033276901311,5.82373935115607
"4882",22,"UKENSO_SW_TP000033",5.838681384,4.88710513556207,4.02975874868717,5.74420131420421
"4883",23,"UKENSO_SW_TP000033",NA,5.09329775768921,4.21564262679863,5.97183797372941
"4884",24,"UKENSO_SW_TP000033",5.178676644,5.0675959653326,4.21082757241153,5.92620449381619
"4885",25,"UKENSO_SW_TP000033",NA,5.09948854037496,4.21754298202872,5.98285072275201
"4886",26,"UKENSO_SW_TP000033",5.228367958,5.02055141433747,4.16006479976207,5.878454479555
"4887",27,"UKENSO_SW_TP000033",NA,4.97699992862891,4.09542566428075,5.85844994496907
"4888",28,"UKENSO_SW_TP000033",5.371284224,5.10598040016086,4.24805273591628,5.96314584665968
"4889",29,"UKENSO_SW_TP000033",NA,5.0549644166592,4.17330868184075,5.93581471672634
"4890",30,"UKENSO_SW_TP000033",5.608938926,5.03623818351711,4.17892651653275,5.89452334045878
"4891",31,"UKENSO_SW_TP000033",NA,4.88239709860273,3.96587357263613,5.79716879830253
"4892",32,"UKENSO_SW_TP000033",4.872364371,4.95861584201437,4.09691609182524,5.82634481671446
"4893",33,"UKENSO_SW_TP000033",NA,4.93728128952296,4.07145153839612,5.80350757845999
"4894",34,"UKENSO_SW_TP000033",4.632608915,4.8130928544029,3.95057802656704,5.67351344651822
"4895",35,"UKENSO_SW_TP000033",NA,4.7349927258178,3.85212231374006,5.61683182419936
"4896",36,"UKENSO_SW_TP000033",5.419527896,4.79852744470458,3.94061156571309,5.65518246311773
"4897",37,"UKENSO_SW_TP000033",NA,5.14754844627413,4.26430223984773,6.02940085985462
"4898",38,"UKENSO_SW_TP000033",5.221967775,5.09804458887035,4.23996025701835,5.9549491690551
"4899",39,"UKENSO_SW_TP000033",NA,5.45532406117739,4.57421321758598,6.33911218044087
"4900",40,"UKENSO_SW_TP000033",6.234145733,5.30990490304657,4.4508507692988,6.16758556049336
"4901",41,"UKENSO_SW_TP000033",NA,5.45843976722703,4.57663629966298,6.3436578375932
"4902",42,"UKENSO_SW_TP000033",5.845493328,5.38175026821309,4.52427230884153,6.23898928794418
"4903",43,"UKENSO_SW_TP000033",NA,5.40223329885552,4.52344301491198,6.28169910310511
"4904",44,"UKENSO_SW_TP000033",4.755546388,5.26977694482116,4.4104235035035,6.1266958950872
"4905",45,"UKENSO_SW_TP000033",NA,5.35874332903125,4.46404962361833,6.25316714885287
"3646",1,"UKENNW_UU_TP000038",3.517387493,4.36964492142422,3.48350667866831,5.25668177736496
"3647",2,"UKENNW_UU_TP000038",NA,4.48200274687758,3.62123962903471,5.34368478503573
"3648",3,"UKENNW_UU_TP000038",4.546097953,4.63442109558507,3.76040599218746,5.50913272095696
"3649",4,"UKENNW_UU_TP000038",NA,4.65391257203841,3.79340279709174,5.51518318481739
"3650",5,"UKENNW_UU_TP000038",4.536069896,4.79363506303395,3.91104770706082,5.67771353815209
"3651",6,"UKENNW_UU_TP000038",NA,4.94676429893415,4.08819836487962,5.80603081959672
"3652",7,"UKENNW_UU_TP000038",NA,4.85694285824574,3.9699824403723,5.74522950302069
"3653",8,"UKENNW_UU_TP000038",5.478229013,4.80809665820704,3.94817688630806,5.66769079061775
"3654",9,"UKENNW_UU_TP000038",5.496945077,5.09518856875188,4.21180783005888,5.97961596396554
"3655",10,"UKENNW_UU_TP000038",NA,5.21937682584363,4.36225466232571,6.07739691712974
"3656",11,"UKENNW_UU_TP000038",5.577704468,5.34167661553932,4.46017668470541,6.22469644584944
"3657",12,"UKENNW_UU_TP000038",NA,5.26907881698107,4.41007335072346,6.12889634682007
"3658",13,"UKENNW_UU_TP000038",5.183799771,5.24972368827014,4.36534288024989,6.1353737570499
"3659",14,"UKENNW_UU_TP000038",NA,5.27500833742387,4.41734152428832,6.13435864750542
"3660",15,"UKENNW_UU_TP000038",5.610777716,5.20507890951403,4.32411899546949,6.08757372916407
"3661",16,"UKENNW_UU_TP000038",NA,5.25034887165655,4.38898833728186,6.11229193511495
"3662",17,"UKENNW_UU_TP000038",5.369091834,5.1801746541921,4.30478884462282,6.05608371829279
"3663",18,"UKENNW_UU_TP000038",NA,5.07159537452003,4.21314028721321,5.93083091363487
"3664",19,"UKENNW_UU_TP000038",6.117143876,4.8576703795098,3.97314973920258,5.74173109559167
"3665",20,"UKENNW_UU_TP000038",NA,5.08498196625439,4.22654683908673,5.94435753906478
"3666",21,"UKENNW_UU_TP000038",4.901995562,4.95814838582366,4.07518462051251,5.84063431116947
"3667",22,"UKENNW_UU_TP000038",NA,4.91532992140502,4.05522912137392,5.77657064824725
"3668",23,"UKENNW_UU_TP000038",5.915088245,5.12776265946506,4.25166646224151,6.0052170587918
"3669",24,"UKENNW_UU_TP000038",NA,5.13080936104759,4.27195800269017,5.98941690014638
"3670",25,"UKENNW_UU_TP000038",5.074304826,5.14739445037748,4.26313558866453,6.03231262790611
"3671",26,"UKENNW_UU_TP000038",NA,4.97809144546174,4.11956268260978,5.83706768610517
"3672",27,"UKENNW_UU_TP000038",5.026691292,5.01003202528781,4.12755326435534,5.89305787441239
"3673",28,"UKENNW_UU_TP000038",NA,5.10227241003899,4.24314323278059,5.96123903295092
"3674",29,"UKENNW_UU_TP000038",5.265005863,5.0858195530119,4.20562043112316,5.96717032385592
"3675",30,"UKENNW_UU_TP000038",NA,4.97292973611126,4.11228354642937,5.83248686009659
"3676",31,"UKENNW_UU_TP000038",NA,5.01152040572358,4.1053537136911,5.91797781307372
"3677",32,"UKENNW_UU_TP000038",5.395559046,5.19931590021357,4.32964487125525,6.06891406189887
"3678",33,"UKENNW_UU_TP000038",4.704684399,5.00287518448226,4.14152442933415,5.86479471516017
"3679",34,"UKENNW_UU_TP000038",NA,4.66233431398276,3.80139396353224,5.52225600149226
"3680",35,"UKENNW_UU_TP000038",NA,4.77382423136575,3.89171459099873,5.65563399654058
"3681",36,"UKENNW_UU_TP000038",3.621433394,4.9182346014286,4.06127477295555,5.77546683708431
"3682",37,"UKENNW_UU_TP000038",5.705521515,5.25374533003068,4.37453683816913,6.13392532993202
"3683",38,"UKENNW_UU_TP000038",NA,5.33424980086916,4.47529039751404,6.19332071847555
"3684",39,"UKENNW_UU_TP000038",NA,5.49917180674586,4.62183145721396,6.37660436188505
"3685",40,"UKENNW_UU_TP000038",6.676019086,5.39664188081846,4.53477382247917,6.25713821951461
"3686",41,"UKENNW_UU_TP000038",5.513707596,5.48254389715845,4.6047940268806,6.36089136428537
"3687",42,"UKENNW_UU_TP000038",NA,5.5235086445725,4.66438592693187,6.38262505932366
"3688",43,"UKENNW_UU_TP000038",5.214547763,5.46054999122747,4.58703447875004,6.33422970224519
"3689",44,"UKENNW_UU_TP000038",NA,5.31166133435794,4.45245895866643,6.17093506015466
"3690",45,"UKENNW_UU_TP000038",NA,5.47569424260403,4.58875483006244,6.36222514425032
"3691",1,"UKENNW_UU_TP000047",NA,4.38345833937563,3.50387170874736,5.26345840494731
"3692",2,"UKENNW_UU_TP000047",NA,4.49041093548493,3.63494985104485,5.3463967372349
"3693",3,"UKENNW_UU_TP000047",NA,4.63381807728733,3.770679780912,5.49719532839222
"3694",4,"UKENNW_UU_TP000047",NA,4.67995358825155,3.81944770834026,5.54111594119941
"3695",5,"UKENNW_UU_TP000047",NA,4.83151655176779,3.95602706220684,5.70887384203335
"3696",6,"UKENNW_UU_TP000047",NA,4.93741320271639,4.0836282141306,5.79155959947051
"3697",7,"UKENNW_UU_TP000047",NA,4.86953079488357,3.97822957164558,5.76209230391592
"3698",8,"UKENNW_UU_TP000047",NA,4.86565575391335,4.01063469578971,5.72105501606927
"3699",9,"UKENNW_UU_TP000047",5.020936153,5.12721248604627,4.25238697900168,6.00321014031086
"3700",10,"UKENNW_UU_TP000047",5.37041574,5.20208598978341,4.34841324017431,6.05648900440633
"3701",11,"UKENNW_UU_TP000047",NA,5.34229114554012,4.46697079459663,6.21920609057609
"3702",12,"UKENNW_UU_TP000047",NA,5.28876742586021,4.43488448298414,6.14355993065983
"3703",13,"UKENNW_UU_TP000047",5.628974958,5.28225705448183,4.40588661401165,6.16032421050901
"3704",14,"UKENNW_UU_TP000047",6.153849286,5.29736411469612,4.44327772616643,6.15263784246656
"3705",15,"UKENNW_UU_TP000047",NA,5.24536747419416,4.37085513143871,6.12168709806901
"3706",16,"UKENNW_UU_TP000047",5.751506173,5.25396700776153,4.39807361062869,6.11019035046739
"3707",17,"UKENNW_UU_TP000047",NA,5.24031299853611,4.37029614791965,6.11189295428794
"3708",18,"UKENNW_UU_TP000047",6.097648224,5.09308771100161,4.23960299270418,5.94713787000031
"3709",19,"UKENNW_UU_TP000047",NA,4.80725346555486,3.92833867765304,5.68489206875929
"3710",20,"UKENNW_UU_TP000047",5.730880698,5.15099782488952,4.29751464050349,6.00555410139082
"3711",21,"UKENNW_UU_TP000047",NA,4.95942327825584,4.08365117775953,5.8347548760228
"3712",22,"UKENNW_UU_TP000047",5.450004257,4.95671731555176,4.10185837996653,5.81250385176065
"3713",23,"UKENNW_UU_TP000047",NA,5.14563729892905,4.27407645309682,6.01856369444418
"3714",24,"UKENNW_UU_TP000047",5.049301785,5.1103191827803,4.25587215116186,5.96401583859785
"3715",25,"UKENNW_UU_TP000047",NA,5.16466423089595,4.28659833435472,6.04336735870167
"3716",26,"UKENNW_UU_TP000047",5.390594306,5.01986193939185,4.16612098360173,5.87361842376698
"3717",27,"UKENNW_UU_TP000047",NA,5.01723521510071,4.14075345884816,5.89415734739212
"3718",28,"UKENNW_UU_TP000047",NA,4.98254230147252,4.12399616839471,5.83838594684777
"3719",29,"UKENNW_UU_TP000047",6.263781001,5.05699752032875,4.18241250381159,5.93161477881405
"3720",30,"UKENNW_UU_TP000047",5.696395833,4.95620087699402,4.09961284011412,5.81132017489779
"3721",31,"UKENNW_UU_TP000047",NA,5.03333652383583,4.1483420613641,5.91814954582959
"3722",32,"UKENNW_UU_TP000047",NA,5.23560363178499,4.37726672832954,6.09528861217423
"3723",33,"UKENNW_UU_TP000047",5.633835085,5.0062261730973,4.16310831262432,5.84936166120376
"3724",34,"UKENNW_UU_TP000047",5.346022465,4.68900134420789,3.83492517012258,5.54175686909437
"3725",35,"UKENNW_UU_TP000047",NA,4.80299363137148,3.94214799574465,5.66326250869665
"3726",36,"UKENNW_UU_TP000047",5.877122572,4.84534798741133,3.98970483587961,5.69896727593556
"3727",37,"UKENNW_UU_TP000047",NA,5.29681954075215,4.43740615076028,6.15668430108195
"3728",38,"UKENNW_UU_TP000047",6.299775535,5.40483088383709,4.55227583671196,6.2583551610131
"3729",39,"UKENNW_UU_TP000047",NA,5.55682954621586,4.69901704495913,6.4150441461295
"3730",40,"UKENNW_UU_TP000047",6.502062035,5.49428365175114,4.64168618044942,6.34740267024857
"3731",41,"UKENNW_UU_TP000047",NA,5.50284143553848,4.64366876517176,6.36223608933314
"3732",42,"UKENNW_UU_TP000047",6.399324394,5.60180555787948,4.74901694064136,6.45539902824292
"3733",43,"UKENNW_UU_TP000047",NA,5.47707717263252,4.62277953813126,6.33127230892715
"3734",44,"UKENNW_UU_TP000047",6.792277294,5.40353864075781,4.54937164405706,6.25889152587431
"3735",45,"UKENNW_UU_TP000047",NA,5.54306829128208,4.67271924174859,6.41296902498093
"5716",1,"UKENSW_WXW_TP000101",NA,4.61043426190861,3.69235523731955,5.52773233652047
"5717",2,"UKENSW_WXW_TP000101",4.929792937,4.58981784438981,3.6960593648961,5.48508591302643
"5718",3,"UKENSW_WXW_TP000101",NA,4.90577093229235,3.99948551413719,5.81172478003266
"5719",4,"UKENSW_WXW_TP000101",4.612899367,4.76500782953702,3.8707309931407,5.66053312721168
"5720",5,"UKENSW_WXW_TP000101",NA,4.96829953027856,4.05615188689626,5.88239511604654
"5721",6,"UKENSW_WXW_TP000101",4.941248365,5.1281234922561,4.23443459655788,6.02216764127167
"5722",7,"UKENSW_WXW_TP000101",NA,5.06216652768967,4.14616236507367,5.9794224830495
"5723",8,"UKENSW_WXW_TP000101",5.495414767,5.05858770905633,4.16549050808016,5.95249602720312
"5724",9,"UKENSW_WXW_TP000101",NA,5.3667309075267,4.45357014207301,6.27996265665888
"5725",10,"UKENSW_WXW_TP000101",5.828897656,5.46359944170844,4.56975566315938,6.35698336750963
"5726",11,"UKENSW_WXW_TP000101",NA,5.57115249557419,4.65877993192648,6.48565029506738
"5727",12,"UKENSW_WXW_TP000101",5.832862569,5.51418574947964,4.6203193289249,6.40765379043931
"5728",13,"UKENSW_WXW_TP000101",NA,5.44515257903397,4.52695961271144,6.36382639385087
"5729",14,"UKENSW_WXW_TP000101",5.844773009,5.45527621621652,4.56167960838652,6.35101058650342
"5730",15,"UKENSW_WXW_TP000101",NA,5.45004750927137,4.53746690430122,6.36411199650405
"5731",16,"UKENSW_WXW_TP000101",5.683826217,5.54816047558503,4.65536541226688,6.44110914761561
"5732",17,"UKENSW_WXW_TP000101",NA,5.42196129866081,4.51115367504839,6.33432883774154
"5733",18,"UKENSW_WXW_TP000101",6.005029456,5.31671379269502,4.42360318208813,6.20970233567573
"5734",19,"UKENSW_WXW_TP000101",NA,5.16919932870855,4.25433048125622,6.08365993227857
"5735",20,"UKENSW_WXW_TP000101",5.697148027,5.32950705376955,4.43578445981338,6.22283363027155
"5736",21,"UKENSW_WXW_TP000101",NA,5.30125768512896,4.38963173851076,6.21272627610457
"5737",22,"UKENSW_WXW_TP000101",5.551496877,5.24294358721682,4.34801432074967,6.13700157286594
"5738",23,"UKENSW_WXW_TP000101",NA,5.37804836809891,4.46957505769794,6.28714550428337
"5739",24,"UKENSW_WXW_TP000101",5.948370851,5.39199590301031,4.49810918868501,6.2856491026697
"5740",25,"UKENSW_WXW_TP000101",NA,5.37212868805244,4.45947744372077,6.28576079729624
"5741",26,"UKENSW_WXW_TP000101",5.993823871,5.28960552281498,4.39497434435968,6.18397034167286
"5742",27,"UKENSW_WXW_TP000101",NA,5.28074333511499,4.36675186455036,6.19484466622544
"5743",28,"UKENSW_WXW_TP000101",5.93280799,5.40167664464205,4.50689553396088,6.29683401940302
"5744",29,"UKENSW_WXW_TP000101",NA,5.35287135089201,4.442664963837,6.26418066623849
"5745",30,"UKENSW_WXW_TP000101",5.142533939,5.32652868186493,4.43318891215424,6.22019559695375
"5746",31,"UKENSW_WXW_TP000101",NA,5.20751677892118,4.25973112239802,6.15458927051515
"5747",32,"UKENSW_WXW_TP000101",4.777570505,5.25640928585688,4.35991654252987,6.15385132127414
"5748",33,"UKENSW_WXW_TP000101",NA,5.2024477059658,4.3008661058074,6.10534288125278
"5749",34,"UKENSW_WXW_TP000101",4.182167205,5.0583309053387,4.16360738827177,5.95273473506769
"5750",35,"UKENSW_WXW_TP000101",NA,4.99362314044138,4.08175598685421,5.90566481284727
"5751",36,"UKENSW_WXW_TP000101",4.547756214,5.05877677622131,4.16560427931678,5.95313789543648
"5752",37,"UKENSW_WXW_TP000101",NA,5.42316936145404,4.51101943952193,6.33619086556055
"5753",38,"UKENSW_WXW_TP000101",5.132743272,5.46159656455413,4.56781488004272,6.35546797542854
"5754",39,"UKENSW_WXW_TP000101",NA,5.69010195290002,4.77896069355714,6.60297096987387
"5755",40,"UKENSW_WXW_TP000101",5.752937494,5.56708041926342,4.67230600697077,6.46261449909952
"5756",41,"UKENSW_WXW_TP000101",NA,5.72897115079949,4.81740248381043,6.64161792073047
"5757",42,"UKENSW_WXW_TP000101",5.159653104,5.60070928208151,4.7059435077299,6.49685710541584
"5758",43,"UKENSW_WXW_TP000101",NA,5.68255213867166,4.77051039135984,6.59665863244029
"5759",44,"UKENSW_WXW_TP000101",5.693217854,5.49092675969423,4.59775247287398,6.38463030812952
"5760",45,"UKENSW_WXW_TP000101",NA,5.66304051561392,4.7368285477918,6.59014642021467
"1081",1,"UKENMI_ST_TP000036",NA,4.30794563832395,3.41266472773858,5.20265366620869
"1082",2,"UKENMI_ST_TP000036",5.60796606,4.41025782754706,3.54726992724466,5.27278966774534
"1083",3,"UKENMI_ST_TP000036",NA,4.61048331016248,3.72709238228235,5.49356839307725
"1084",4,"UKENMI_ST_TP000036",6.009245757,4.568885370021,3.70799118042897,5.42820417493119
"1085",5,"UKENMI_ST_TP000036",5.261092646,4.75344148341024,3.86098662728711,5.64641539724354
"1086",6,"UKENMI_ST_TP000036",NA,4.89704086329878,4.03692580663384,5.75533064469373
"1087",7,"UKENMI_ST_TP000036",NA,4.83905124382386,3.94519133747828,5.73343692839718
"1088",8,"UKENMI_ST_TP000036",5.603922486,4.80568743293374,3.94629153941037,5.66370673135036
"1089",9,"UKENMI_ST_TP000036",NA,5.07009199178064,4.17864461743647,5.96187365327717
"1090",10,"UKENMI_ST_TP000036",5.97554878,5.22960245252836,4.36964654552076,6.08769099253242
"1091",11,"UKENMI_ST_TP000036",NA,5.32393457082061,4.43372385840947,6.21463122403976
"1092",12,"UKENMI_ST_TP000036",4.697175954,5.25115966271809,4.38899245920367,6.11167496268043
"1093",13,"UKENMI_ST_TP000036",NA,5.26783523047871,4.37984367656139,6.15678630667889
"1094",14,"UKENMI_ST_TP000036",5.739287456,5.22931447774109,4.36856171623001,6.08980828884319
"1095",15,"UKENMI_ST_TP000036",NA,5.1768111754719,4.28644603430243,6.06776353581674
"1096",16,"UKENMI_ST_TP000036",5.823519646,5.26843894213514,4.40588020858856,6.12932430095463
"1097",17,"UKENMI_ST_TP000036",NA,5.17262172257718,4.28631046639566,6.05918670025927
"1098",18,"UKENMI_ST_TP000036",NA,5.10115688170631,4.24109502640232,5.96123805186259
"1099",19,"UKENMI_ST_TP000036",5.336030717,4.91037555947001,4.01690705218661,5.80361086536544
"1100",20,"UKENMI_ST_TP000036",4.968632522,4.91077118106036,4.048825102029,5.77137878037405
"1101",21,"UKENMI_ST_TP000036",NA,4.96402916445197,4.06921608745777,5.85814194634059
"1102",22,"UKENMI_ST_TP000036",5.005522804,4.838263343904,3.97573196534518,5.69998042598151
"1103",23,"UKENMI_ST_TP000036",NA,5.11200044567362,4.23056957566623,5.99348456964955
"1104",24,"UKENMI_ST_TP000036",5.72910528,5.164071965547,4.30425562181554,6.02319106471704
"1105",25,"UKENMI_ST_TP000036",NA,5.10740249886533,4.21492218133986,5.99985911519798
"1106",26,"UKENMI_ST_TP000036",5.967631239,4.93427326982883,4.07411457532935,5.79302353260147
"1107",27,"UKENMI_ST_TP000036",NA,5.01565886999068,4.12323921756265,5.90836027331329
"1108",28,"UKENMI_ST_TP000036",5.272134159,5.17869183365477,4.31952960277834,6.0376809647475
"1109",29,"UKENMI_ST_TP000036",NA,5.03906412655331,4.14813354421892,5.9302223355474
"1110",30,"UKENMI_ST_TP000036",6.11103518,5.04790479705269,4.1876705024849,5.90780059048449
"1111",31,"UKENMI_ST_TP000036",NA,4.97988708028214,4.05547696242875,5.90413855843285
"1112",32,"UKENMI_ST_TP000036",NA,5.19708658727543,4.33219230212813,6.06189555540686
"1113",33,"UKENMI_ST_TP000036",5.858323354,4.9712734037424,4.1005351039617,5.84222572892315
"1114",34,"UKENMI_ST_TP000036",5.728211861,4.5564468339057,3.69266262263426,5.41826935497065
"1115",35,"UKENMI_ST_TP000036",NA,4.72718086488576,3.83259709755752,5.62085612323675
"1116",36,"UKENMI_ST_TP000036",5.844832673,4.81463995159418,3.9549017778982,5.67335304620228
"1117",37,"UKENMI_ST_TP000036",NA,5.1696171520787,4.27634066463365,6.0623017308157
"1118",38,"UKENMI_ST_TP000036",5.441306324,5.20856795232162,4.34892969549072,6.06727703042841
"1119",39,"UKENMI_ST_TP000036",NA,5.48264446229122,4.59155685803837,6.37375028846011
"1120",40,"UKENMI_ST_TP000036",6.88762251,5.37410028382678,4.51501651201866,6.23249681166359
"1121",41,"UKENMI_ST_TP000036",NA,5.44762555513254,4.55630024529979,6.33916542147636
"1122",42,"UKENMI_ST_TP000036",6.22394683,5.43306876410804,4.57287878431119,6.29171759883473
"1123",43,"UKENMI_ST_TP000036",NA,5.45445884482108,4.56496211672237,6.34343388157962
"1124",44,"UKENMI_ST_TP000036",5.737415585,5.21402431610236,4.35426678549799,6.07239385899912
"1125",45,"UKENMI_ST_TP000036",NA,5.44565248263066,4.54094894002699,6.34963221356858
"1936",1,"UKENMI_ST_TP000207",NA,4.28608728051629,3.39052340727649,5.18185311325234
"1937",2,"UKENMI_ST_TP000207",3.67016313,4.38517941828407,3.51597183116164,5.25390544026242
"1938",3,"UKENMI_ST_TP000207",NA,4.56925429962614,3.68538164182002,5.45324234364452
"1939",4,"UKENMI_ST_TP000207",4.246345039,4.56183627316571,3.6943938026957,5.42879460701854
"1940",5,"UKENMI_ST_TP000207",NA,4.71679009153873,3.82463258805938,5.60952585373555
"1941",6,"UKENMI_ST_TP000207",4.105064247,4.86385690027261,3.99708231205913,5.72979133065957
"1942",7,"UKENMI_ST_TP000207",NA,4.7898335660082,3.89500787278765,5.68535541654584
"1943",8,"UKENMI_ST_TP000207",4.586624234,4.73247749970341,3.86514257215149,5.59846681763464
"1944",9,"UKENMI_ST_TP000207",NA,5.03294036420486,4.14064034486083,5.92607984979469
"1945",10,"UKENMI_ST_TP000207",4.255656494,5.17106940160285,4.30521635837616,6.03620525468764
"1946",11,"UKENMI_ST_TP000207",NA,5.27794042042189,4.38696119766705,6.16943796793044
"1947",12,"UKENMI_ST_TP000207",3.147229912,5.2198642284916,4.35247835169797,6.087074800473
"1948",13,"UKENMI_ST_TP000207",NA,5.19589721536673,4.30533532051521,6.08716186277066
"1949",14,"UKENMI_ST_TP000207",4.903281359,5.20285890858218,4.33676291307903,6.07001263200818
"1950",15,"UKENMI_ST_TP000207",NA,5.13586082921848,4.24567283016781,6.02729376925326
"1951",16,"UKENMI_ST_TP000207",4.022941256,5.19811347767448,4.32928124764366,6.06669580326629
"1952",17,"UKENMI_ST_TP000207",NA,5.12502214494367,4.24044678554811,6.0102063456659
"1953",18,"UKENMI_ST_TP000207",4.946269502,5.01836944626648,4.15242374172368,5.88475641435949
"1954",19,"UKENMI_ST_TP000207",NA,4.84059798357547,3.94835612054466,5.73328041269743
"1955",20,"UKENMI_ST_TP000207",3.390709141,4.94172691942638,4.07502397215445,5.80920556578765
"1956",21,"UKENMI_ST_TP000207",NA,4.91367550386197,4.02110265100903,5.80640544197639
"1957",22,"UKENMI_ST_TP000207",4.860200492,4.81673976999125,3.94899225701788,5.68545359111694
"1958",23,"UKENMI_ST_TP000207",NA,5.06290751808004,4.17982511059304,5.94676389082608
"1959",24,"UKENMI_ST_TP000207",4.544578448,5.09636275193769,4.22992929920463,5.96262589109322
"1960",25,"UKENMI_ST_TP000207",NA,5.06781733791813,4.17562742340647,5.96032397602651
"1961",26,"UKENMI_ST_TP000207",5.089003732,4.90717889471046,4.04051040386633,5.77449353574694
"1962",27,"UKENMI_ST_TP000207",NA,4.9604449968931,4.06837634812829,5.85308981971141
"1963",28,"UKENMI_ST_TP000207",4.884056367,5.09488851508097,4.22909409433477,5.96069550360154
"1964",29,"UKENMI_ST_TP000207",NA,5.01224689029948,4.12266955363885,5.90308906993245
"1965",30,"UKENMI_ST_TP000207",4.832267701,4.98408753835081,4.11741979527996,5.85074168690182
"1966",31,"UKENMI_ST_TP000207",NA,4.94014131948703,4.01977747308015,5.86049082087452
"1967",32,"UKENMI_ST_TP000207",5.372254395,5.12793343759742,4.25054759152261,6.00335111462029
"1968",33,"UKENMI_ST_TP000207",NA,4.93727133084269,4.06483210131619,5.81003047842005
"1969",34,"UKENMI_ST_TP000207",4.667304857,4.58185673166025,3.71220023491946,5.45146655606489
"1970",35,"UKENMI_ST_TP000207",NA,4.69575724134584,3.80281147740582,5.58829886518483
"1971",36,"UKENMI_ST_TP000207",4.56159372,4.80773897570471,3.94226230478569,5.67288892174699
"1972",37,"UKENMI_ST_TP000207",NA,5.14864127336383,4.25711307097126,6.04041495810759
"1973",38,"UKENMI_ST_TP000207",5.014250283,5.20391382232819,4.3378791058055,6.06939617727271
"1974",39,"UKENMI_ST_TP000207",NA,5.43172622129628,4.54245845547876,6.32094306915377
"1975",40,"UKENMI_ST_TP000207",4.504066877,5.30549311907196,4.43728834526843,6.17176979999351
"1976",41,"UKENMI_ST_TP000207",NA,5.40887761064311,4.51962063862916,6.29877914582319
"1977",42,"UKENMI_ST_TP000207",5.390868906,5.40491850614116,4.53808639118823,6.27056009368968
"1978",43,"UKENMI_ST_TP000207",NA,5.40291647758688,4.51588826369154,6.28965512693072
"1979",44,"UKENMI_ST_TP000207",5.449692108,5.18914212555906,4.3222952516816,6.05478707799115
"1980",45,"UKENMI_ST_TP000207",NA,5.4041943354574,4.5027959986274,6.30486915001936
"3961",1,"UKENNW_UU_TP000084",NA,4.41455230414216,3.52217394962991,5.30893040996463
"3962",2,"UKENNW_UU_TP000084",3.599970392,4.51313933219849,3.64470868793584,5.38166960965351
"3963",3,"UKENNW_UU_TP000084",NA,4.65784612621215,3.77669076790169,5.53978890673959
"3964",4,"UKENNW_UU_TP000084",NA,4.70524355516273,3.83719874417466,5.5741023118137
"3965",5,"UKENNW_UU_TP000084",NA,4.85457999075198,3.96582038107288,5.74512301017227
"3966",6,"UKENNW_UU_TP000084",4.526939335,4.97729935596407,4.11067552114647,5.84495715309281
"3967",7,"UKENNW_UU_TP000084",NA,4.90232326927318,4.01042892904774,5.7959044060561
"3968",8,"UKENNW_UU_TP000084",4.326593086,4.82213586668807,3.95290336230546,5.69003923712483
"3969",9,"UKENNW_UU_TP000084",NA,5.10446384554059,4.20606001981769,6.00387463735612
"3970",10,"UKENNW_UU_TP000084",5.279725609,5.2114796938665,4.35140728019052,6.07299773138488
"3971",11,"UKENNW_UU_TP000084",NA,5.40037145035366,4.51194146988635,6.29050736903112
"3972",12,"UKENNW_UU_TP000084",5.435690092,5.24434981979401,4.37671413556934,6.11188545989106
"3973",13,"UKENNW_UU_TP000084",NA,5.26258775760745,4.3609105891963,6.16520494851047
"3974",14,"UKENNW_UU_TP000084",5.721441179,5.31182267497551,4.4508396843614,6.17516906329714
"3975",15,"UKENNW_UU_TP000084",NA,5.21607661628707,4.32866434600201,6.10441994285687
"3976",16,"UKENNW_UU_TP000084",5.31509159,5.23395806455473,4.36417526672123,6.10537269268823
"3977",17,"UKENNW_UU_TP000084",NA,5.16070576087745,4.27487490536615,6.04497584521739
"3978",18,"UKENNW_UU_TP000084",5.58337177,5.05011868664814,4.18303467967408,5.91866230963474
"3979",19,"UKENNW_UU_TP000084",NA,4.82227682690991,3.93086645329878,5.71185888698078
"3980",20,"UKENNW_UU_TP000084",4.56015389,5.1341236515923,4.2664516782543,6.00418070122239
"3981",21,"UKENNW_UU_TP000084",NA,4.91381532064782,4.02144232514422,5.80352189316203
"3982",22,"UKENNW_UU_TP000084",5.016765905,4.93138631325786,4.06387301532882,5.80107063941461
"3983",23,"UKENNW_UU_TP000084",NA,5.15841126439252,4.27534651256566,6.04310190539231
"3984",24,"UKENNW_UU_TP000084",4.949393032,5.15599620945595,4.28923608708112,6.02346080917674
"3985",25,"UKENNW_UU_TP000084",NA,5.17467122893241,4.27349693343839,6.07631470835979
"3986",26,"UKENNW_UU_TP000084",4.333447025,5.00018933088735,4.1380304920023,5.86497214026393
"3987",27,"UKENNW_UU_TP000084",NA,4.99864901883249,4.11008510759377,5.88685656518103
"3988",28,"UKENNW_UU_TP000084",4.917772421,5.1946305851017,4.32783407496374,6.0630349949063
"3989",29,"UKENNW_UU_TP000084",NA,5.12882173264483,4.24314900975082,6.01620226850567
"3990",30,"UKENNW_UU_TP000084",6.268933166,5.08768498553419,4.22085051129298,5.95485346068847
"3991",31,"UKENNW_UU_TP000084",NA,5.04479439738458,4.11751770985939,5.97246249881261
"3992",32,"UKENNW_UU_TP000084",NA,5.34099253840764,4.47404085940042,6.20851290191635
"3993",33,"UKENNW_UU_TP000084",5.859402521,5.04847002537069,4.17783251792609,5.91968276594652
"3994",34,"UKENNW_UU_TP000084",4.795180299,4.81973971258296,3.95285815079824,5.68716892610252
"3995",35,"UKENNW_UU_TP000084",NA,4.82204356366854,3.92115369519961,5.72275787876711
"3996",36,"UKENNW_UU_TP000084",5.684524627,5.07249988352459,4.21190237202674,5.93563945047222
"3997",37,"UKENNW_UU_TP000084",NA,5.30161634618996,4.41307437623198,6.19265837978808
"3998",38,"UKENNW_UU_TP000084",5.416346331,5.37268774199573,4.50369970775287,6.24003398652644
"3999",39,"UKENNW_UU_TP000084",NA,5.52501217610853,4.63769712677282,6.41143303487475
"4000",40,"UKENNW_UU_TP000084",4.798173524,5.40032440820546,4.523297692181,6.27208377994762
"4001",41,"UKENNW_UU_TP000084",NA,5.51074374134829,4.62424627860268,6.39721946877934
"4002",42,"UKENNW_UU_TP000084",5.400869219,5.56699012118875,4.70050136361746,6.43364141380022
"4003",43,"UKENNW_UU_TP000084",6.172672164,5.4973488889032,4.61506180131954,6.37980341019563
"4004",44,"UKENNW_UU_TP000084",NA,5.30316117673264,4.43279191426531,6.1708803830473
"4005",45,"UKENNW_UU_TP000084",NA,5.48714137171795,4.57603460744193,6.39722601015224
"2206",1,"UKENNE_NU_TP000012",NA,4.31004592782086,3.37660713419007,5.24309864798175
"2207",2,"UKENNE_NU_TP000012",3.504627784,4.34905295339891,3.4395277202846,5.25806847318044
"2208",3,"UKENNE_NU_TP000012",4.384472018,4.59911933265031,3.68131230049684,5.51666284124247
"2209",4,"UKENNE_NU_TP000012",NA,4.54604050820254,3.63278594622982,5.45846371479633
"2210",5,"UKENNE_NU_TP000012",NA,4.70550356046279,3.7757982229393,5.63574879211478
"2211",6,"UKENNE_NU_TP000012",5.084801029,4.8677793576872,3.9590432928629,5.77674207450053
"2212",7,"UKENNE_NU_TP000012",NA,4.7796248926099,3.84517199179973,5.71470922639967
"2213",8,"UKENNE_NU_TP000012",5.023518873,4.78022687831653,3.87084887134061,5.68891551697479
"2214",9,"UKENNE_NU_TP000012",NA,5.05979583631168,4.12941616345797,5.99094790787737
"2215",10,"UKENNE_NU_TP000012",5.048911064,5.12829911944115,4.22049657942456,6.03564101638199
"2216",11,"UKENNE_NU_TP000012",NA,5.27464815739637,4.34610521658869,6.20425906258986
"2217",12,"UKENNE_NU_TP000012",5.677315536,5.24397115644712,4.33593139280709,6.15196456962132
"2218",13,"UKENNE_NU_TP000012",NA,5.18080651460555,4.25051916297245,6.11220228188749
"2219",14,"UKENNE_NU_TP000012",5.13552313,5.26171651236122,4.35463776094298,6.16929401607281
"2220",15,"UKENNE_NU_TP000012",NA,5.14940875679109,4.22077670374912,6.07895538440846
"2221",16,"UKENNE_NU_TP000012",5.54375177,5.27368167292368,4.36585798711688,6.1812893911431
"2222",17,"UKENNE_NU_TP000012",NA,5.14816087003251,4.22051571917499,6.07646675579242
"2223",18,"UKENNE_NU_TP000012",5.736090051,5.02117743786054,4.11363467219414,5.92847975537808
"2224",19,"UKENNE_NU_TP000012",NA,4.9001570823322,3.96969431485114,5.83036273240186
"2225",20,"UKENNE_NU_TP000012",5.730521419,5.06879389361231,4.16133164229772,5.9761735540722
"2226",21,"UKENNE_NU_TP000012",NA,5.00772856141662,4.07987714183521,5.93567256916149
"2227",22,"UKENNE_NU_TP000012",5.123316371,4.97314076930574,4.06497226584212,5.88123335012741
"2228",23,"UKENNE_NU_TP000012",NA,5.09434873534881,4.17005568620975,6.01949221773314
"2229",24,"UKENNE_NU_TP000012",5.242419451,5.10132416953314,4.19353608451334,6.00904381879144
"2230",25,"UKENNE_NU_TP000012",NA,5.09314630036404,4.16331453378911,6.02275838138261
"2231",26,"UKENNE_NU_TP000012",5.428378326,4.97548112054145,4.06709928801847,5.88348772208672
"2232",27,"UKENNE_NU_TP000012",NA,5.00475568255002,4.07580890582226,5.93363897462104
"2233",28,"UKENNE_NU_TP000012",5.690193074,5.06104975952972,4.15064316311377,5.97030076177091
"2234",29,"UKENNE_NU_TP000012",NA,5.07939524793796,4.1524523940147,6.00668880083914
"2235",30,"UKENNE_NU_TP000012",4.194208063,5.0431904910751,4.13361068635665,5.95139180685857
"2236",31,"UKENNE_NU_TP000012",NA,4.96071133139945,4.00682062212018,5.91519323091102
"2237",32,"UKENNE_NU_TP000012",3.408595936,5.03326776137849,4.12560521093574,5.94061605938642
"2238",33,"UKENNE_NU_TP000012",NA,4.92160399344649,4.00339781862545,5.840166002178
"2239",34,"UKENNE_NU_TP000012",5.316077539,4.8102807410574,3.90200899547241,5.71855595254424
"2240",35,"UKENNE_NU_TP000012",NA,4.72365505201647,3.79409609492843,5.65239299703185
"2241",36,"UKENNE_NU_TP000012",4.932919506,4.83685550236561,3.92893010201428,5.74421927741316
"2242",37,"UKENNE_NU_TP000012",NA,5.14366300103723,4.21437651913464,6.07289985941397
"2243",38,"UKENNE_NU_TP000012",2.996223554,5.04606566697314,4.13208075639964,5.95641554564042
"2244",39,"UKENNE_NU_TP000012",NA,5.44553201694143,4.51740861505393,6.37341530519309
"2245",40,"UKENNE_NU_TP000012",6.185098415,5.30746388540884,4.39794887115147,6.21576312000166
"2246",41,"UKENNE_NU_TP000012",NA,5.45504526830286,4.52674611835599,6.38373803109512
"2247",42,"UKENNE_NU_TP000012",5.704371259,5.3882378067661,4.47956958426373,6.29574091927823
"2248",43,"UKENNE_NU_TP000012",NA,5.42008165434692,4.49373105019465,6.34636087470106
"2249",44,"UKENNE_NU_TP000012",6.245439999,5.20234428921008,4.29307538823179,6.10990803906415
"2250",45,"UKENNE_NU_TP000012",NA,5.39317688683819,4.45016573667573,6.33537811929387
"2251",1,"UKENNE_NU_TP000028",NA,4.44306874426314,3.53572470020933,5.35062432218045
"2252",2,"UKENNE_NU_TP000028",NA,4.46360604661494,3.57916042583138,5.34845982212564
"2253",3,"UKENNE_NU_TP000028",NA,4.72717138263255,3.83351978475366,5.62161126313861
"2254",4,"UKENNE_NU_TP000028",NA,4.66824872581001,3.78272844680559,5.55398335202203
"2255",5,"UKENNE_NU_TP000028",4.976490082,4.83023867656659,3.92819704345221,5.73386013573336
"2256",6,"UKENNE_NU_TP000028",NA,4.98100958988066,4.09730742121462,5.86572766916975
"2257",7,"UKENNE_NU_TP000028",4.477889051,4.9038342958365,3.99736657972607,5.81201794086971
"2258",8,"UKENNE_NU_TP000028",NA,4.90477770122633,4.01982282464002,5.79041777079816
"2259",9,"UKENNE_NU_TP000028",3.766460705,5.19212325787265,4.28835829550483,6.09724001041698
"2260",10,"UKENNE_NU_TP000028",NA,5.26772677170479,4.38415609544695,6.1521124172572
"2261",11,"UKENNE_NU_TP000028",4.242766358,5.39726594628174,4.4948531077662,6.3018302856663
"2262",12,"UKENNE_NU_TP000028",NA,5.36544815416479,4.48191068604003,6.24976866242571
"2263",13,"UKENNE_NU_TP000028",5.303297427,5.30860656782452,4.40429708532305,6.21478443119174
"2264",14,"UKENNE_NU_TP000028",NA,5.36558979320158,4.48332622199258,6.24880447979625
"2265",15,"UKENNE_NU_TP000028",5.349799075,5.27582278459136,4.37303597801003,6.18037098238218
"2266",16,"UKENNE_NU_TP000028",NA,5.39232321978886,4.50956021986064,6.2759844614998
"2267",17,"UKENNE_NU_TP000028",5.666552072,5.27085996897127,4.36967973436209,6.1736698458199
"2268",18,"UKENNE_NU_TP000028",NA,5.14930192502839,4.26653440718367,6.03278442059775
"2269",19,"UKENNE_NU_TP000028",5.52924106,5.02714449415753,4.12213466668463,5.93250994476035
"2270",20,"UKENNE_NU_TP000028",NA,5.18819338016899,4.30514015274481,6.07201544671896
"2271",21,"UKENNE_NU_TP000028",4.64042086,5.13250388323135,4.2307204000865,6.03525641646814
"2272",22,"UKENNE_NU_TP000028",NA,5.08014043524377,4.19723905151374,5.96373959540615
"2273",23,"UKENNE_NU_TP000028",4.700641171,5.22036552432887,4.32239941688631,6.11984876053312
"2274",24,"UKENNE_NU_TP000028",NA,5.23298383949945,4.35008332133929,6.11673335868366
"2275",25,"UKENNE_NU_TP000028",5.448164524,5.21699444211006,4.31457913992781,6.12007173098024
"2276",26,"UKENNE_NU_TP000028",NA,5.12218380699154,4.23922271440591,6.00576463766825
"2277",27,"UKENNE_NU_TP000028",4.749408765,5.12692067100353,4.22514751436779,6.02961030596902
"2278",28,"UKENNE_NU_TP000028",NA,5.20950476395898,4.32388883278624,6.09556552873667
"2279",29,"UKENNE_NU_TP000028",4.113084575,5.20419620681757,4.30442255773577,6.10525832288551
"2280",30,"UKENNE_NU_TP000028",NA,5.16636956837337,4.28375143533113,6.04907017067883
"2281",31,"UKENNE_NU_TP000028",4.947672301,5.08816119166889,4.16230216830891,6.0154957889178
"2282",32,"UKENNE_NU_TP000028",NA,5.15198812839438,4.26865286241699,6.03589602405722
"2283",33,"UKENNE_NU_TP000028",5.432372797,5.05435964956309,4.16234542736778,5.94755777695782
"2284",34,"UKENNE_NU_TP000028",NA,4.91974297791911,4.03590812675518,5.80399565687949
"2285",35,"UKENNE_NU_TP000028",5.090647459,4.85115343838905,3.94920419067675,5.75312461491434
"2286",36,"UKENNE_NU_TP000028",NA,4.95553596187191,4.07284186812069,5.83834317465583
"2287",37,"UKENNE_NU_TP000028",4.455233572,5.27957759135417,4.37706270125678,6.18295427423314
"2288",38,"UKENNE_NU_TP000028",NA,5.22757195922339,4.33844184119831,6.11541026603176
"2289",39,"UKENNE_NU_TP000028",5.275809054,5.56494949281129,4.66448425653226,6.46634580353214
"2290",40,"UKENNE_NU_TP000028",NA,5.43534809296503,4.55039845540479,6.32017476507627
"2291",41,"UKENNE_NU_TP000028",5.795579758,5.57478057189244,4.67423333160332,6.47675081948615
"2292",42,"UKENNE_NU_TP000028",NA,5.50569197362602,4.62307438092949,6.38811486299117
"2293",43,"UKENNE_NU_TP000028",5.858576618,5.54178423579951,4.6436573126372,6.44092845368452
"2294",44,"UKENNE_NU_TP000028",NA,5.32506565793219,4.44215808279238,6.20784107649541
"2295",45,"UKENNE_NU_TP000028",4.212916741,5.51955503895615,4.60558983909332,6.4338150796429
"2296",1,"UKENNE_NU_TP000030",NA,4.51704842570117,3.61345099723343,5.4204152162696
"2297",2,"UKENNE_NU_TP000030",3.50831687,4.5480768401727,3.66908238171666,5.42770767100867
"2298",3,"UKENNE_NU_TP000030",4.205182086,4.80186693217684,3.91354000041356,5.69049190792336
"2299",4,"UKENNE_NU_TP000030",NA,4.74749921280925,3.86498338090775,5.62982718591285
"2300",5,"UKENNE_NU_TP000030",NA,4.907600075134,4.00823977411261,5.80779512168604
"2301",6,"UKENNE_NU_TP000030",4.785042564,5.06777929889474,4.18872216296583,5.94692911926121
"2302",7,"UKENNE_NU_TP000030",NA,4.98101213701346,4.07767551754855,5.88544359066328
"2303",8,"UKENNE_NU_TP000030",4.535813744,4.98015887440938,4.09990106546249,5.86000413438541
"2304",9,"UKENNE_NU_TP000030",NA,5.26826422641144,4.36856625811466,6.16891280286091
"2305",10,"UKENNE_NU_TP000030",5.118918801,5.33327344788922,4.45472513669581,6.21145696820115
"2306",11,"UKENNE_NU_TP000030",NA,5.47495870860189,4.57633648796468,6.37527993905882
"2307",12,"UKENNE_NU_TP000030",5.670830932,5.44467102806723,4.56602209193549,6.32375741752705
"2308",13,"UKENNE_NU_TP000030",NA,5.38259470328873,4.48169599379208,6.28500516576327
"2309",14,"UKENNE_NU_TP000030",5.999008611,5.45605470433174,4.57877842321142,6.33404103504003
"2310",15,"UKENNE_NU_TP000030",NA,5.35277255458874,4.45426147046312,6.25276660998803
"2311",16,"UKENNE_NU_TP000030",6.366517224,5.47270997551497,4.59464891832733,6.3508600562646
"2312",17,"UKENNE_NU_TP000030",NA,5.34907125447784,4.45097816676953,6.2482564747087
"2313",18,"UKENNE_NU_TP000030",5.958005148,5.225114826025,4.34728789883498,6.10316998254167
"2314",19,"UKENNE_NU_TP000030",NA,5.10290657291837,4.20206631706889,6.00396191881822
"2315",20,"UKENNE_NU_TP000030",3.377710814,5.27381070038886,4.39620764985228,6.15197817672087
"2316",21,"UKENNE_NU_TP000030",NA,5.20989564739871,4.31176376377024,6.10871922942566
"2317",22,"UKENNE_NU_TP000030",5.875964944,5.16803835251705,4.29032775037139,6.04652857582724
"2318",23,"UKENNE_NU_TP000030",NA,5.2960709819199,4.40140162402654,6.19188948907059
"2319",24,"UKENNE_NU_TP000030",5.462397535,5.30729865523875,4.42919395765929,6.18538732113482
"2320",25,"UKENNE_NU_TP000030",NA,5.29476937062235,4.39588075605138,6.19398140094266
"2321",26,"UKENNE_NU_TP000030",6.217315413,5.18999633022493,4.31148666419384,6.06821966550913
"2322",27,"UKENNE_NU_TP000030",NA,5.20529652668361,4.3069075855648,6.10425316449315
"2323",28,"UKENNE_NU_TP000030",5.612556123,5.26845273865491,4.38746280140468,6.14866646810277
"2324",29,"UKENNE_NU_TP000030",NA,5.28211326237412,4.38562227268631,6.17944951256921
"2325",30,"UKENNE_NU_TP000030",5.095187745,5.24173519329573,4.3634791472238,6.11963171558678
"2326",31,"UKENNE_NU_TP000030",NA,5.16353683560212,4.24009899681853,6.08811551514739
"2327",32,"UKENNE_NU_TP000030",5.989936651,5.23366468565734,4.35447905828855,6.11423301425381
"2328",33,"UKENNE_NU_TP000030",NA,5.12814557466093,4.2388325672378,6.0182752810344
"2329",34,"UKENNE_NU_TP000030",5.423789046,5.01146947196369,4.13321121476139,5.89047759686154
"2330",35,"UKENNE_NU_TP000030",NA,4.92777848492923,4.02907139180283,5.82610845867637
"2331",36,"UKENNE_NU_TP000030",5.122897853,5.04307816796813,4.16552229432031,5.92069510720917
"2332",37,"UKENNE_NU_TP000030",NA,5.35361799754624,4.45503685569345,6.25245456141191
"2333",38,"UKENNE_NU_TP000030",5.555020671,5.26019972944632,4.37652295215675,6.14084446761707
"2334",39,"UKENNE_NU_TP000030",NA,5.64494432608664,4.74747618229797,6.5429389903341
"2335",40,"UKENNE_NU_TP000030",6.289501711,5.50973904289507,4.62923970396627,6.38993477066156
"2336",41,"UKENNE_NU_TP000030",NA,5.65349449386814,4.75609998042855,6.55173196937711
"2337",42,"UKENNE_NU_TP000030",6.260894743,5.59003394066415,4.71230132670866,6.46729128992633
"2338",43,"UKENNE_NU_TP000030",NA,5.61956086387417,4.72409695744626,6.51533664170827
"2339",44,"UKENNE_NU_TP000030",6.270124047,5.39763657952318,4.5191906964059,6.27533305048356
"2340",45,"UKENNE_NU_TP000030",NA,5.59568301342444,4.6838282231947,6.50749294316112
"2341",1,"UKENNE_NU_TP000031",NA,4.41861678827393,3.52258171567483,5.31497826609126
"2342",2,"UKENNE_NU_TP000031",3.65000043,4.43295292129786,3.56059394468809,5.30581863373492
"2343",3,"UKENNE_NU_TP000031",4.178379186,4.70301573899234,3.82034587075975,5.58652400550978
"2344",4,"UKENNE_NU_TP000031",NA,4.64286456752359,3.77010926881417,5.51595170080019
"2345",5,"UKENNE_NU_TP000031",NA,4.80521172546797,3.91479402711148,5.6971547586399
"2346",6,"UKENNE_NU_TP000031",3.877867468,4.95024641604211,4.0781567797067,5.82294358978403
"2347",7,"UKENNE_NU_TP000031",NA,4.87963247933296,3.98541467151537,5.77549150690224
"2348",8,"UKENNE_NU_TP000031",3.393269098,4.87941463501288,4.00730168757475,5.75182872223502
"2349",9,"UKENNE_NU_TP000031",NA,5.16815636215475,4.27704975651695,6.06040193089046
"2350",10,"UKENNE_NU_TP000031",4.76261932,5.25069111888367,4.37965082656538,6.1220896218334
"2351",11,"UKENNE_NU_TP000031",NA,5.37124273535803,4.48083494140002,6.26356161518408
"2352",12,"UKENNE_NU_TP000031",5.203777066,5.33613636045977,4.46459837315646,6.20846857685174
"2353",13,"UKENNE_NU_TP000031",NA,5.28076168954616,4.38819590641889,6.17528621835831
"2354",14,"UKENNE_NU_TP000031",5.058078574,5.32865736293595,4.45824614242612,6.19985825131036
"2355",15,"UKENNE_NU_TP000031",NA,5.25098370667673,4.35987467460131,6.1438499972895
"2356",16,"UKENNE_NU_TP000031",4.736936203,5.36626956769741,4.49492830195832,6.23840690208157
"2357",17,"UKENNE_NU_TP000031",NA,5.24418209085765,4.35446505204755,6.13555548590405
"2358",18,"UKENNE_NU_TP000031",4.912173281,5.12415522923866,4.25307309932222,5.99600255351385
"2359",19,"UKENNE_NU_TP000031",NA,5.00238405243178,4.1085503726473,5.89664043574064
"2360",20,"UKENNE_NU_TP000031",4.809241398,5.15980000503817,4.28917305026125,6.03106462675452
"2361",21,"UKENNE_NU_TP000031",NA,5.10673076917226,4.21670634372691,5.99776345927594
"2362",22,"UKENNE_NU_TP000031",4.473358724,5.05034583427137,4.17954027541372,5.92195719166254
"2363",23,"UKENNE_NU_TP000031",NA,5.19563036119011,4.30936519953268,6.08334389453517
"2364",24,"UKENNE_NU_TP000031",4.287164541,5.20861572460557,4.33790475381557,6.07982651699774
"2365",25,"UKENNE_NU_TP000031",NA,5.19290599657288,4.30253054579359,6.08389377375779
"2366",26,"UKENNE_NU_TP000031",4.948552378,5.10159665278557,4.23093544645241,5.97259405943992
"2367",27,"UKENNE_NU_TP000031",NA,5.10293892035805,4.21348946816696,5.99315107629638
"2368",28,"UKENNE_NU_TP000031",5.092442863,5.19258670109109,4.32066694241957,6.0644699510756
"2369",29,"UKENNE_NU_TP000031",NA,5.18060725454839,4.29279400985541,6.06955549285579
"2370",30,"UKENNE_NU_TP000031",4.881957234,5.14117401124128,4.27051263740087,6.01183368555911
"2371",31,"UKENNE_NU_TP000031",NA,5.06302687577721,4.14915215379391,5.97835848424023
"2372",32,"UKENNE_NU_TP000031",5.324692797,5.12273421570312,4.2512703320653,5.99487977769513
"2373",33,"UKENNE_NU_TP000031",NA,5.02986802019285,4.15018382118036,5.91055109466822
"2374",34,"UKENNE_NU_TP000031",5.03591662,4.88781666129124,4.01598160288242,5.7602938337607
"2375",35,"UKENNE_NU_TP000031",NA,4.82687903685333,3.93668692255993,5.71700357956466
"2376",36,"UKENNE_NU_TP000031",4.767265716,4.92677490626625,4.05595819329943,5.7976710151937
"2377",37,"UKENNE_NU_TP000031",NA,5.25554552275995,4.36460717153961,6.14714574681435
"2378",38,"UKENNE_NU_TP000031",2.408315622,5.22369517823232,4.34565800537223,6.10048090385659
"2379",39,"UKENNE_NU_TP000031",NA,5.53866764327322,4.64965622750759,6.42857176086271
"2380",40,"UKENNE_NU_TP000031",5.263928033,5.41167986045988,4.53835312762152,6.28500375832306
"2381",41,"UKENNE_NU_TP000031",NA,5.54484571746742,4.655869020975,6.43502676011238
"2382",42,"UKENNE_NU_TP000031",5.03854104,5.47791876333529,4.60702696399044,6.34851770656653
"2383",43,"UKENNE_NU_TP000031",NA,5.51667495034919,4.63003138930878,6.40418192402983
"2384",44,"UKENNE_NU_TP000031",5.263848675,5.30139725632304,4.43052372292724,6.17197183106312
"2385",45,"UKENNE_NU_TP000031",NA,5.49373058395551,4.59207142582504,6.3956391020818
"2386",1,"UKENNE_NU_TP000039",NA,4.54561945749803,3.6110223613968,5.48039274165878
"2387",2,"UKENNE_NU_TP000039",NA,4.57781497044375,3.66491004403981,5.48999461951386
"2388",3,"UKENNE_NU_TP000039",NA,4.83567150410031,3.91538544320172,5.75617821991864
"2389",4,"UKENNE_NU_TP000039",NA,4.77977508368096,3.86593350702408,5.69313393786944
"2390",5,"UKENNE_NU_TP000039",NA,4.94037072156679,4.0100497189372,5.87192295603599
"2391",6,"UKENNE_NU_TP000039",NA,5.0967337258625,4.18646316200008,6.00819851115491
"2392",7,"UKENNE_NU_TP000039",NA,5.01400033985577,4.07926269565296,5.95004846322229
"2393",8,"UKENNE_NU_TP000039",NA,5.01763212459136,4.10641427077241,5.92908124746384
"2394",9,"UKENNE_NU_TP000039",NA,5.29214569077789,4.35944436467541,6.22586522089101
"2395",10,"UKENNE_NU_TP000039",NA,5.36894237420467,4.45909964250869,6.27955047596332
"2396",11,"UKENNE_NU_TP000039",NA,5.50920167592689,4.57889732344481,6.44085829246286
"2397",12,"UKENNE_NU_TP000039",NA,5.4768010180492,4.5666901105142,6.38720566389503
"2398",13,"UKENNE_NU_TP000039",NA,5.41756008063957,4.48520678125009,6.35161565600423
"2399",14,"UKENNE_NU_TP000039",NA,5.49005338335303,4.58064529716881,6.40012158344013
"2400",15,"UKENNE_NU_TP000039",NA,5.38259411319382,4.45140289636548,6.31497052860743
"2401",16,"UKENNE_NU_TP000039",NA,5.50834276288234,4.59808459946212,6.41868234219769
"2402",17,"UKENNE_NU_TP000039",NA,5.38338214813838,4.45441735122498,6.31338932968592
"2403",18,"UKENNE_NU_TP000039",NA,5.25778473299287,4.34796122848597,6.16765223392918
"2404",19,"UKENNE_NU_TP000039",NA,5.13616525481871,4.2035916252801,6.06852306179297
"2405",20,"UKENNE_NU_TP000039",NA,5.29889351348737,4.38873599382605,6.20875354186378
"2406",21,"UKENNE_NU_TP000039",NA,5.24363528116508,4.31409158463713,6.17336659800375
"2407",22,"UKENNE_NU_TP000039",NA,5.20502507574496,4.29415246431241,6.11538099710919
"2408",23,"UKENNE_NU_TP000039",NA,5.330634666652,4.40476969106291,6.25776264553113
"2409",24,"UKENNE_NU_TP000039",NA,5.33588910491814,4.42620471780764,6.24649943409974
"2410",25,"UKENNE_NU_TP000039",NA,5.32730608380076,4.39664190907158,6.25807744654497
"2411",26,"UKENNE_NU_TP000039",NA,5.21037545184289,4.30046859270198,6.12126335966024
"2412",27,"UKENNE_NU_TP000039",5.697291888,5.23792985850986,4.30831122196379,6.16787991023372
"2413",28,"UKENNE_NU_TP000039",NA,5.30350695350209,4.39136960382549,6.21610493144105
"2414",29,"UKENNE_NU_TP000039",5.947811375,5.31148459221418,4.3836838313503,6.2402679511402
"2415",30,"UKENNE_NU_TP000039",NA,5.27792754020515,4.36742966761678,6.18766626305735
"2416",31,"UKENNE_NU_TP000039",NA,5.19405967781902,4.24046835563548,6.14875541252461
"2417",32,"UKENNE_NU_TP000039",6.008263766,5.25887788136711,4.34884541287654,6.16872570534487
"2418",33,"UKENNE_NU_TP000039",4.595877293,5.15299154075532,4.23345365940631,6.07364637021058
"2419",34,"UKENNE_NU_TP000039",NA,5.03554315538537,4.12453495363702,5.946231338548
"2420",35,"UKENNE_NU_TP000039",5.113797697,4.95847440371264,4.02771257956417,5.888726424438
"2421",36,"UKENNE_NU_TP000039",NA,5.06176044868258,4.15143205118482,5.97166448348185
"2422",37,"UKENNE_NU_TP000039",5.917503544,5.37594950971822,4.44393777643714,6.30842947287563
"2423",38,"UKENNE_NU_TP000039",NA,5.30494571932869,4.38927466199631,6.21892562540584
"2424",39,"UKENNE_NU_TP000039",6.10161421,5.67832910155921,4.74937341791184,6.60730513239942
"2425",40,"UKENNE_NU_TP000039",NA,5.54152816960984,4.63026980233728,6.45202004935413
"2426",41,"UKENNE_NU_TP000039",5.495386707,5.68974586867443,4.7605245733818,6.61995521125781
"2427",42,"UKENNE_NU_TP000039",NA,5.615308295953,4.70449087177379,6.52537982783476
"2428",43,"UKENNE_NU_TP000039",5.655415572,5.65454838987934,4.72790059127902,6.58186936820205
"2429",44,"UKENNE_NU_TP000039",NA,5.44121275446261,4.53068204246416,6.35064266879033
"2430",45,"UKENNE_NU_TP000039",NA,5.62553669479864,4.68314603891873,6.56767632953023
"2431",1,"UKENNE_NU_TP000046",NA,4.51187835391521,3.60475347073026,5.41848144050222
"2432",2,"UKENNE_NU_TP000046",5.097258986,4.55179168217278,3.67042112320926,5.43300124028702
"2433",3,"UKENNE_NU_TP000046",NA,4.79853160039264,3.90815004691347,5.68881688448091
"2434",4,"UKENNE_NU_TP000046",5.356729404,4.74530143957579,3.859478338807,5.63066573064582
"2435",5,"UKENNE_NU_TP000046",NA,4.90504571607348,4.00194358070152,5.80885315455919
"2436",6,"UKENNE_NU_TP000046",3.857857366,5.06994706220578,4.18905511711445,5.9511179102592
"2437",7,"UKENNE_NU_TP000046",NA,4.97917367785675,4.07182967395314,5.88731035540412
"2438",8,"UKENNE_NU_TP000046",5.350609139,4.97761107262206,4.09577310209719,5.85893683948559
"2439",9,"UKENNE_NU_TP000046",NA,5.26170210465841,4.35849959962334,6.16570032912805
"2440",10,"UKENNE_NU_TP000046",3.346877663,5.32572426545447,4.44541747360478,6.20526028686435
"2441",11,"UKENNE_NU_TP000046",NA,5.47423163851609,4.57218591969289,6.37757862843895
"2442",12,"UKENNE_NU_TP000046",5.96467228,5.44461390293212,4.56420109173905,6.32522222898262
"2443",13,"UKENNE_NU_TP000046",NA,5.38236346687228,4.4778898452429,6.28795754643671
"2444",14,"UKENNE_NU_TP000046",5.916166551,5.46530554644534,4.58585993809673,6.34537609347705
"2445",15,"UKENNE_NU_TP000046",NA,5.34935904649507,4.44726052214918,6.25254690983049
"2446",16,"UKENNE_NU_TP000046",6.005491908,5.47328314712246,4.59312552637349,6.35332686862122
"2447",17,"UKENNE_NU_TP000046",NA,5.34793508360023,4.44637726363646,6.25031573506245
"2448",18,"UKENNE_NU_TP000046",5.328153092,5.22219930441362,4.34212174762581,6.10203714955367
"2449",19,"UKENNE_NU_TP000046",NA,5.10035430039614,4.19586578850271,6.00467560815135
"2450",20,"UKENNE_NU_TP000046",4.975107978,5.27374113559882,4.3938974553527,6.15365455787165
"2451",21,"UKENNE_NU_TP000046",NA,5.20977116458345,4.30768983359892,6.1119328524689
"2452",22,"UKENNE_NU_TP000046",5.852577355,5.17535595492812,4.29467116714352,6.05612342310404
"2453",23,"UKENNE_NU_TP000046",NA,5.2956919275522,4.39765214739375,6.19439795383282
"2454",24,"UKENNE_NU_TP000046",5.435251511,5.30363589966094,4.42300519811516,6.18395015409504
"2455",25,"UKENNE_NU_TP000046",NA,5.29383811618972,4.39018237002378,6.19728567675339
"2456",26,"UKENNE_NU_TP000046",NA,5.17811578751182,4.29735113290047,6.05833446100123
"2457",27,"UKENNE_NU_TP000046",NA,5.20378814395215,4.3018256046776,6.10596015102518
"2458",28,"UKENNE_NU_TP000046",5.950269133,5.25563021382612,4.37292234709241,6.1372806339189
"2459",29,"UKENNE_NU_TP000046",NA,5.27921081619425,4.37901542809554,6.17999220440699
"2460",30,"UKENNE_NU_TP000046",5.204212839,5.24052011481006,4.35965847040124,6.12051211635553
"2461",31,"UKENNE_NU_TP000046",NA,5.15995625640049,4.23308716379242,6.08780910089384
"2462",32,"UKENNE_NU_TP000046",5.640903476,5.23425396256546,4.35443064748802,6.11476638487323
"2463",33,"UKENNE_NU_TP000046",NA,5.12115505449606,4.22957739650861,6.01343926022217
"2464",34,"UKENNE_NU_TP000046",5.24957683,5.01503332906248,4.1346453816313,5.89583419340155
"2465",35,"UKENNE_NU_TP000046",NA,4.92354030319565,4.02099032752919,5.82550435694302
"2466",36,"UKENNE_NU_TP000046",5.386565162,5.04233699008964,4.162183314054,5.92216008502853
"2467",37,"UKENNE_NU_TP000046",NA,5.34610796395749,4.44366286233364,6.24855296658613
"2468",38,"UKENNE_NU_TP000046",4.838510814,5.23414738894772,4.34748255552491,6.1169026719767
"2469",39,"UKENNE_NU_TP000046",NA,5.64453478364295,4.74333928426457,6.54585816037898
"2470",40,"UKENNE_NU_TP000046",5.99878627,5.50663327142782,4.62473260351717,6.38757299855236
"2471",41,"UKENNE_NU_TP000046",NA,5.65437893677063,4.75271489657131,6.55661211357337
"2472",42,"UKENNE_NU_TP000046",6.09952239,5.59062561627683,4.70967268880959,6.47060463903273
"2473",43,"UKENNE_NU_TP000046",NA,5.61958804985526,4.71987990983648,6.51937099153539
"2474",44,"UKENNE_NU_TP000046",6.087335372,5.39732558649125,4.51636520937364,6.27695084095131
"2475",45,"UKENNE_NU_TP000046",NA,5.59303770078836,4.67742016659827,6.50819651382703
"2476",1,"UKENNE_NU_TP000048",NA,4.54715053338415,3.63084676961029,5.46369344422913
"2477",2,"UKENNE_NU_TP000048",NA,4.56947404276851,3.67660835771091,5.46265236207871
"2478",3,"UKENNE_NU_TP000048",NA,4.83176701010997,3.9293757967176,5.73487651667313
"2479",4,"UKENNE_NU_TP000048",NA,4.77519806009625,3.88073175673291,5.66972038250063
"2480",5,"UKENNE_NU_TP000048",NA,4.93550710718339,4.02408633988809,5.84853457489297
"2481",6,"UKENNE_NU_TP000048",NA,5.08811216846538,4.19615716707968,5.98137537781415
"2482",7,"UKENNE_NU_TP000048",NA,5.00912248934406,4.09383671829307,5.92614746637149
"2483",8,"UKENNE_NU_TP000048",NA,5.00726957673922,4.11420847255035,5.90106863966779
"2484",9,"UKENNE_NU_TP000048",NA,5.29619663773409,4.38337712118085,6.21039360062008
"2485",10,"UKENNE_NU_TP000048",NA,5.36828397504309,4.47636502091794,6.26110334813631
"2486",11,"UKENNE_NU_TP000048",NA,5.50213007324163,4.59028215465223,6.41608844174066
"2487",12,"UKENNE_NU_TP000048",NA,5.47084060885552,4.57895581127971,6.36352513032424
"2488",13,"UKENNE_NU_TP000048",NA,5.41254972782778,4.49901357942412,6.32798745003214
"2489",14,"UKENNE_NU_TP000048",NA,5.47527580146931,4.58476169558109,6.36694884303756
"2490",15,"UKENNE_NU_TP000048",NA,5.38091234968845,4.46888733265581,6.29469073872932
"2491",16,"UKENNE_NU_TP000048",NA,5.49780498497306,4.60657449247485,6.39005593165473
"2492",17,"UKENNE_NU_TP000048",NA,5.37617028391486,4.4653906043033,6.28859571062891
"2493",18,"UKENNE_NU_TP000048",NA,5.25398715957159,4.36272664089182,6.14590811289949
"2494",19,"UKENNE_NU_TP000048",NA,5.13137203540868,4.21679929013296,6.04622359801456
"2495",20,"UKENNE_NU_TP000048",NA,5.29635161641865,4.40499009860814,6.18841740458869
"2496",21,"UKENNE_NU_TP000048",NA,5.23720188692033,4.32602375802103,6.14927685513927
"2497",22,"UKENNE_NU_TP000048",NA,5.18753373225278,4.29630359914186,6.07942156735175
"2498",23,"UKENNE_NU_TP000048",NA,5.32448732074543,4.41703699163439,6.23352705250648
"2499",24,"UKENNE_NU_TP000048",5.438003391,5.3364293813145,4.44523903175171,6.22858256490604
"2500",25,"UKENNE_NU_TP000048",NA,5.32236265362471,4.41094928871115,6.23434598634403
"2501",26,"UKENNE_NU_TP000048",5.163405064,5.22455964681092,4.33336045449306,6.11641731855908
"2502",27,"UKENNE_NU_TP000048",NA,5.23156853533998,4.32076817955939,6.14326232770667
"2503",28,"UKENNE_NU_TP000048",6.004713298,5.30773737940793,4.41396138224318,6.20192269037047
"2504",29,"UKENNE_NU_TP000048",NA,5.30954534436967,4.40054601558536,6.2197913425413
"2505",30,"UKENNE_NU_TP000048",5.568908067,5.27008012883983,4.37908774203964,6.16112272286769
"2506",31,"UKENNE_NU_TP000048",NA,5.19281151157933,4.25825877657486,6.12893853396698
"2507",32,"UKENNE_NU_TP000048",NA,5.26064010884219,4.36867456328561,6.15314225333013
"2508",33,"UKENNE_NU_TP000048",5.21225001,5.15934251591336,4.25797280868297,6.06197559832481
"2509",34,"UKENNE_NU_TP000048",4.972508375,5.03185934828198,4.13952670482333,5.92443243910144
"2510",35,"UKENNE_NU_TP000048",NA,4.95610981895116,4.04500640338681,5.86721283459028
"2511",36,"UKENNE_NU_TP000048",6.055738384,5.06667082741306,4.17548355559295,5.95787459536743
"2512",37,"UKENNE_NU_TP000048",NA,5.38359342688254,4.47172558090577,6.29634319838412
"2513",38,"UKENNE_NU_TP000048",5.336016999,5.31566364197771,4.4178964013246,6.21192411768439
"2514",39,"UKENNE_NU_TP000048",NA,5.67106755778576,4.76110220681293,6.58193037346856
"2515",40,"UKENNE_NU_TP000048",5.789724613,5.54059952214359,4.64703515875098,6.43394243740376
"2516",41,"UKENNE_NU_TP000048",NA,5.67948546395056,4.76962345789158,6.59071644054261
"2517",42,"UKENNE_NU_TP000048",6.48980743,5.61522604576251,4.72407528617706,6.50606540281684
"2518",43,"UKENNE_NU_TP000048",NA,5.64645057950676,4.73896298338176,6.55501227915331
"2519",44,"UKENNE_NU_TP000048",6.254942817,5.42556022432013,4.53425934100899,6.31674413399058
"2520",45,"UKENNE_NU_TP000048",NA,5.62442089745785,4.70153516590171,6.5476375821406
"2566",1,"UKENNE_NU_TP000055",NA,4.39081309850404,3.47120155270963,5.31038137480157
"2567",2,"UKENNE_NU_TP000055",4.509759811,4.41004065653057,3.51397365845124,5.30617019498151
"2568",3,"UKENNE_NU_TP000055",4.202738614,4.67503450794764,3.76917103872554,5.58138273139631
"2569",4,"UKENNE_NU_TP000055",NA,4.61709096629314,3.71965667922252,5.51437841517033
"2570",5,"UKENNE_NU_TP000055",NA,4.7781650394337,3.86342982895566,5.69423445894404
"2571",6,"UKENNE_NU_TP000055",5.31301811,4.92815055231635,4.03290515825561,5.82419890658667
"2572",7,"UKENNE_NU_TP000055",NA,4.85181490042276,3.93295362036301,5.77213726862611
"2573",8,"UKENNE_NU_TP000055",5.186134367,4.85108785198745,3.95503896089281,5.74754663807738
"2574",9,"UKENNE_NU_TP000055",NA,5.13930797237001,4.22358857113245,6.05614840219085
"2575",10,"UKENNE_NU_TP000055",5.7271343,5.2148224784587,4.32000649544071,6.1102217547065
"2576",11,"UKENNE_NU_TP000055",NA,5.34469626522309,4.43011363025367,6.2611587232343
"2577",12,"UKENNE_NU_TP000055",5.750652061,5.31273874241105,4.4174883234974,6.20846098107985
"2578",13,"UKENNE_NU_TP000055",NA,5.25576651500453,4.33926205781524,6.17390399669199
"2579",14,"UKENNE_NU_TP000055",6.065852159,5.31355710432488,4.41945264093944,6.20834841968718
"2580",15,"UKENNE_NU_TP000055",NA,5.22362123111078,4.30855615776275,6.14018482410135
"2581",16,"UKENNE_NU_TP000055",5.930739115,5.34006663564503,4.44546150044536,6.23530506934507
"2582",17,"UKENNE_NU_TP000055",NA,5.21858756850113,4.304942919694,6.13360702601758
"2583",18,"UKENNE_NU_TP000055",6.266238968,5.0969430810458,4.20243339058557,5.99184406924711
"2584",19,"UKENNE_NU_TP000055",NA,4.97463439790048,4.05692985096255,5.89241777144402
"2585",20,"UKENNE_NU_TP000055",5.74675284,5.13683981871724,4.24226226979066,6.03183251930721
"2586",21,"UKENNE_NU_TP000055",NA,5.08002525149931,4.16569121974864,5.99504090609207
"2587",22,"UKENNE_NU_TP000055",5.837912694,5.02777594758068,4.13304443060157,5.92287337745671
"2588",23,"UKENNE_NU_TP000055",NA,5.16775945557331,4.25739706370075,6.07939837754666
"2589",24,"UKENNE_NU_TP000055",5.569325027,5.18019469817088,4.2856689877325,6.07529814230141
"2590",25,"UKENNE_NU_TP000055",NA,5.16494965674909,4.24945760510104,6.08080854619447
"2591",26,"UKENNE_NU_TP000055",5.983664375,5.06954291516924,4.17489827134955,5.96450867805251
"2592",27,"UKENNE_NU_TP000055",NA,5.07440174070976,4.1599354458719,5.98952205257895
"2593",28,"UKENNE_NU_TP000055",5.577346924,5.15573611702167,4.25919532873957,6.05243620691059
"2594",29,"UKENNE_NU_TP000055",NA,5.15218313569567,4.23962508364321,6.06574675427946
"2595",30,"UKENNE_NU_TP000055",5.565207643,5.11338071891559,4.21852070280317,6.00801362219696
"2596",31,"UKENNE_NU_TP000055",NA,5.03582429637394,4.09766865523967,5.97530947355561
"2597",32,"UKENNE_NU_TP000055",6.203374198,5.10067170200208,4.20547354147369,5.9961185157639
"2598",33,"UKENNE_NU_TP000055",NA,5.00225426899649,4.09827899678028,5.90716581368047
"2599",34,"UKENNE_NU_TP000055",5.497542092,4.86969538541824,3.97398831864812,5.76542126920228
"2600",35,"UKENNE_NU_TP000055",NA,4.79899824912186,3.88383475648685,5.71390858054539
"2601",36,"UKENNE_NU_TP000055",5.118808417,4.90560083060443,4.01080197064861,5.80013302936373
"2602",37,"UKENNE_NU_TP000055",NA,5.22714913247106,4.31197867778319,6.14291012736096
"2603",38,"UKENNE_NU_TP000055",5.363742637,5.17200232817322,4.27014127679916,6.07228882861887
"2604",39,"UKENNE_NU_TP000055",NA,5.51292832009011,4.59926264919291,6.42726647122022
"2605",40,"UKENNE_NU_TP000055",5.921762199,5.38371424007646,4.48715314315857,6.27981882037568
"2606",41,"UKENNE_NU_TP000055",NA,5.52179158391747,4.60821511866715,6.43648435989252
"2607",42,"UKENNE_NU_TP000055",6.304193684,5.45520503249578,4.560341256923,6.34949474398936
"2608",43,"UKENNE_NU_TP000055",NA,5.48925058694229,4.57817311189419,6.40110214654411
"2609",44,"UKENNE_NU_TP000055",5.901108414,5.27058345384236,4.37560569627181,6.16515971745299
"2610",45,"UKENNE_NU_TP000055",NA,5.46724546145904,4.54091175093648,6.39366710217759
"5131",1,"UKENSW_SWS_TP000024",NA,4.70729820797214,3.69888956304851,5.71609510523784
"5132",2,"UKENSW_SWS_TP000024",4.798677486,4.67184864336466,3.70388617017425,5.63866499242075
"5133",3,"UKENSW_SWS_TP000024",NA,4.98193446871201,3.98688977687863,5.97696910240872
"5134",4,"UKENSW_SWS_TP000024",5.325857016,4.79444633186106,3.82414957519909,5.76255057700606
"5135",5,"UKENSW_SWS_TP000024",NA,5.16175851833312,4.17296297616627,6.15105721810728
"5136",6,"UKENSW_SWS_TP000024",5.520982373,5.27169857224533,4.29720780687956,6.24608432178213
"5137",7,"UKENSW_SWS_TP000024",NA,5.22319958190421,4.21926524854289,6.22795761642416
"5138",8,"UKENSW_SWS_TP000024",5.873492594,5.18107776640896,4.21328781227856,6.14798912636143
"5139",9,"UKENSW_SWS_TP000024",NA,5.45129920082488,4.44935089184513,6.45278515592391
"5140",10,"UKENSW_SWS_TP000024",6.29932299,5.67452757085489,4.70710550674926,6.64104219339233
"5141",11,"UKENSW_SWS_TP000024",NA,5.74210433081323,4.74188527117306,6.7433841985241
"5142",12,"UKENSW_SWS_TP000024",5.961592768,5.77275144469933,4.80572692136957,6.73976119343301
"5143",13,"UKENSW_SWS_TP000024",NA,5.56450253417612,4.55748644114048,6.57169365065406
"5144",14,"UKENSW_SWS_TP000024",6.16433052,5.57932771636925,4.61001896982102,6.54854302500219
"5145",15,"UKENSW_SWS_TP000024",NA,5.6216698713576,4.62139389302203,6.62332213003129
"5146",16,"UKENSW_SWS_TP000024",6.208792308,5.78101071232798,4.81353648432809,6.74741435008417
"5147",17,"UKENSW_SWS_TP000024",NA,5.66972365402183,4.66582185352628,6.67426535595281
"5148",18,"UKENSW_SWS_TP000024",5.760491683,5.63288736506918,4.6661199523886,6.59929268386506
"5149",19,"UKENSW_SWS_TP000024",NA,5.41578334018989,4.41302112909439,6.41846423441883
"5150",20,"UKENSW_SWS_TP000024",5.683702087,5.53864692503185,4.57115433646625,6.50562478811119
"5151",21,"UKENSW_SWS_TP000024",NA,5.43334072508949,4.4343342534283,6.43220029611237
"5152",22,"UKENSW_SWS_TP000024",5.786690976,5.49223233752062,4.52497085669865,6.45955549379861
"5153",23,"UKENSW_SWS_TP000024",NA,5.5979786120816,4.60288597531343,6.5942865691713
"5154",24,"UKENSW_SWS_TP000024",5.958929025,5.73368641190719,4.76417321900476,6.7027972525306
"5155",25,"UKENSW_SWS_TP000024",NA,5.55901442431412,4.56336935424458,6.55531559625695
"5156",26,"UKENSW_SWS_TP000024",NA,5.61571009471751,4.64810803955885,6.58361548121256
"5157",27,"UKENSW_SWS_TP000024",NA,5.41828271593108,4.4175074252268,6.41894499505359
"5158",28,"UKENSW_SWS_TP000024",6.051514903,5.76499425185183,4.79822657474142,6.73276548105532
"5159",29,"UKENSW_SWS_TP000024",NA,5.57399588968032,4.57889039712059,6.56976783010104
"5160",30,"UKENSW_SWS_TP000024",5.539810764,5.67400984031951,4.70613222280099,6.64207494272448
"5161",31,"UKENSW_SWS_TP000024",NA,5.41838031182425,4.41219210016513,6.42461507621009
"5162",32,"UKENSW_SWS_TP000024",NA,5.28844959380422,4.31120300449225,6.26452133873102
"5163",33,"UKENSW_SWS_TP000024",6.376826442,5.42160335419126,4.43365206933027,6.41038227497932
"5164",34,"UKENSW_SWS_TP000024",NA,5.30619477248056,4.33927514679841,6.27296714309635
"5165",35,"UKENSW_SWS_TP000024",NA,5.16085464424594,4.16264070918189,6.15903064602348
"5166",36,"UKENSW_SWS_TP000024",5.328323768,5.25157477058381,4.28472621875207,6.21786565568735
"5167",37,"UKENSW_SWS_TP000024",NA,5.63079526364122,4.63401685650806,6.62821883740491
"5168",38,"UKENSW_SWS_TP000024",5.991446217,5.71907014837484,4.75235584374407,6.68658706636957
"5169",39,"UKENSW_SWS_TP000024",NA,5.90894815284535,4.91232359554977,6.90669384907373
"5170",40,"UKENSW_SWS_TP000024",6.053504586,5.77883379556937,4.81173161384247,6.74725132544438
"5171",41,"UKENSW_SWS_TP000024",NA,5.84111529021048,4.84503810202696,6.83821713156327
"5172",42,"UKENSW_SWS_TP000024",5.449181763,5.81524059736315,4.84664348501886,6.78475448769954
"5173",43,"UKENSW_SWS_TP000024",NA,5.87624245482136,4.88173043302253,6.87189176353084
"5174",44,"UKENSW_SWS_TP000024",6.195264965,5.69669985798293,4.72994207675489,6.66321340264777
"5175",45,"UKENSW_SWS_TP000024",NA,5.76510411774306,4.75428849072197,6.77587483220131
"5401",1,"UKENSW_SWS_TP000064",5.391310839,4.63548115663392,3.68147347387118,5.58939857311999
"5402",2,"UKENSW_SWS_TP000064",NA,4.63528239300223,3.72026215334874,5.54914073488125
"5403",3,"UKENSW_SWS_TP000064",6.037061282,4.90798145503115,3.96735758894937,5.84811139640445
"5404",4,"UKENSW_SWS_TP000064",NA,4.78364198885468,3.86507950186853,5.70013396663345
"5405",5,"UKENSW_SWS_TP000064",5.188897003,5.09440654477439,4.15464301045476,6.03428599275005
"5406",6,"UKENSW_SWS_TP000064",NA,5.19849781830506,4.27880189493802,6.11750113321553
"5407",7,"UKENSW_SWS_TP000064",5.794483997,5.15567647793229,4.20419434144266,6.10756594639121
"5408",8,"UKENSW_SWS_TP000064",NA,5.13925870247262,4.22342677164239,6.05411159239537
"5409",9,"UKENSW_SWS_TP000064",6.21643723,5.37772618371729,4.42831259864558,6.32620172702705
"5410",10,"UKENSW_SWS_TP000064",NA,5.60806263797461,4.69242368919636,6.5221264375711
"5411",11,"UKENSW_SWS_TP000064",6.827285018,5.67083049031287,4.72362428585272,6.6186324916352
"5412",12,"UKENSW_SWS_TP000064",NA,5.6863156126622,4.77091989522588,6.60090307789261
"5413",13,"UKENSW_SWS_TP000064",6.294237383,5.47823053397445,4.52180876415972,6.43433439352747
"5414",14,"UKENSW_SWS_TP000064",NA,5.54435456938325,4.62649776005317,6.46216587959495
"5415",15,"UKENSW_SWS_TP000064",6.120048384,5.55547427578324,4.60860659719599,6.50328081008634
"5416",16,"UKENSW_SWS_TP000064",NA,5.71104730934384,4.79532181267805,6.6250375088801
"5417",17,"UKENSW_SWS_TP000064",5.916678614,5.59889253220186,4.64852283845937,6.54947632178866
"5418",18,"UKENSW_SWS_TP000064",NA,5.54875386123829,4.63367505865881,6.46298626850506
"5419",19,"UKENSW_SWS_TP000064",5.307135046,5.3506459935523,4.4010852100684,6.29977717626029
"5420",20,"UKENSW_SWS_TP000064",NA,5.46001632224233,4.54498116156443,6.37387275500572
"5421",21,"UKENSW_SWS_TP000064",6.71896698,5.36003819204626,4.41378717214919,6.30572491231643
"5422",22,"UKENSW_SWS_TP000064",NA,5.4117077759128,4.49630361587871,6.3265081027336
"5423",23,"UKENSW_SWS_TP000064",5.326259469,5.51760898969039,4.57679945472431,6.45914373512482
"5424",24,"UKENSW_SWS_TP000064",NA,5.64674478766698,4.72851195874938,6.56371555379138
"5425",25,"UKENSW_SWS_TP000064",NA,5.49226009652778,4.54980578514941,6.43492414803214
"5426",26,"UKENSW_SWS_TP000064",NA,5.52173607208321,4.60680179688198,6.43632339552442
"5427",27,"UKENSW_SWS_TP000064",5.895964163,5.35463142177795,4.40728874865045,6.30154460065401
"5428",28,"UKENSW_SWS_TP000064",NA,5.65228327871555,4.73811935872019,6.56649229249694
"5429",29,"UKENSW_SWS_TP000064",6.158805681,5.50161087088505,4.55995789810766,6.44358087419843
"5430",30,"UKENSW_SWS_TP000064",NA,5.55991342106869,4.64434469329362,6.47469930194782
"5431",31,"UKENSW_SWS_TP000064",NA,5.33778971584077,4.37949278789372,6.29571017859464
"5432",32,"UKENSW_SWS_TP000064",NA,5.25836408214726,4.33852423428194,6.17719422149423
"5433",33,"UKENSW_SWS_TP000064",5.483096562,5.34759454804351,4.41514795314984,6.2802569229686
"5434",34,"UKENSW_SWS_TP000064",NA,5.20484607908312,4.29027948734415,6.11825772376746
"5435",35,"UKENSW_SWS_TP000064",5.090215149,5.09677121742693,4.1510698415981,6.04184496292755
"5436",36,"UKENSW_SWS_TP000064",NA,5.17771164864427,4.26325194231972,6.09114704938425
"5437",37,"UKENSW_SWS_TP000064",5.490514734,5.56448163998231,4.62083578506874,6.5082605417093
"5438",38,"UKENSW_SWS_TP000064",NA,5.61234865953678,4.69859477036323,6.52604214595172
"5439",39,"UKENSW_SWS_TP000064",5.139161269,5.84280107683385,4.89932817848235,6.78681549517963
"5440",40,"UKENSW_SWS_TP000064",NA,5.7072945925571,4.79403108999896,6.62128066099619
"5441",41,"UKENSW_SWS_TP000064",6.60206409,5.7777071037019,4.83482719164492,6.7211350608694
"5442",42,"UKENSW_SWS_TP000064",NA,5.74505740979966,4.82959657781843,6.66093783977635
"5443",43,"UKENSW_SWS_TP000064",NA,5.82146448755777,4.88062781783028,6.76276519379803
"5444",44,"UKENSW_SWS_TP000064",5.547092113,5.63659924004754,4.72286020942902,6.54966568067717
"5445",45,"UKENSW_SWS_TP000064",NA,5.70551323122159,4.74937358909152,6.66101256449166
"5626",1,"UKENSW_WXW_TP000086",NA,4.4837492307299,3.53667075231312,5.43089243936626
"5627",2,"UKENSW_WXW_TP000086",4.369170902,4.4775855559393,3.56939930717624,5.38687382294078
"5628",3,"UKENSW_WXW_TP000086",NA,4.7263699505143,3.79500020279405,5.65834244172447
"5629",4,"UKENSW_WXW_TP000086",3.535705079,4.72775564049881,3.8201044189246,5.6376096283721
"5630",5,"UKENSW_WXW_TP000086",NA,4.93912174799493,4.00462701593399,5.87603624214341
"5631",6,"UKENSW_WXW_TP000086",5.150657507,5.03845679043651,4.13041965691874,5.94800980479183
"5632",7,"UKENSW_WXW_TP000086",NA,4.99602605676801,4.05468263672095,5.93926858791756
"5633",8,"UKENSW_WXW_TP000086",5.092156521,4.98788317740698,4.08097532656994,5.89715484055064
"5634",9,"UKENSW_WXW_TP000086",NA,5.21283579788481,4.2725375959764,6.15321703755728
"5635",10,"UKENSW_WXW_TP000086",5.145130185,5.47621045345966,4.5671728983935,6.38401217735311
"5636",11,"UKENSW_WXW_TP000086",NA,5.5167409189077,4.57799087357511,6.45766912085836
"5637",12,"UKENSW_WXW_TP000086",5.454277103,5.49073918808416,4.58225503818991,6.39841622906877
"5638",13,"UKENSW_WXW_TP000086",NA,5.28968705782227,4.33669446706173,6.24263755863663
"5639",14,"UKENSW_WXW_TP000086",4.651739623,5.41521730624379,4.50644370612628,6.32888407675177
"5640",15,"UKENSW_WXW_TP000086",NA,5.39973992902225,4.46065343720653,6.34135032136444
"5641",16,"UKENSW_WXW_TP000086",5.493783,5.57372884395894,4.66549454882307,6.48129533667582
"5642",17,"UKENSW_WXW_TP000086",NA,5.43888193182207,4.50088562894543,6.37912965151702
"5643",18,"UKENSW_WXW_TP000086",5.521939087,5.35398909652796,4.44683645200427,6.26131001028331
"5644",19,"UKENSW_WXW_TP000086",NA,5.19893236191365,4.25819873911599,6.13945317668555
"5645",20,"UKENSW_WXW_TP000086",5.362778051,5.28798402581849,4.3796382572938,6.19499054298183
"5646",21,"UKENSW_WXW_TP000086",NA,5.19396344931063,4.25556220043724,6.13186629331325
"5647",22,"UKENSW_WXW_TP000086",5.224282138,5.24316724542601,4.33439379466844,6.15125494056868
"5648",23,"UKENSW_WXW_TP000086",NA,5.35280702918099,4.41877604867793,6.28736508957492
"5649",24,"UKENSW_WXW_TP000086",5.426166125,5.47290161743853,4.55963661393829,6.38318779205207
"5650",25,"UKENSW_WXW_TP000086",NA,5.32179776338271,4.38728265559457,6.25714719512597
"5651",26,"UKENSW_WXW_TP000086",5.802202832,5.30802949037846,4.40027920221884,6.21514315975829
"5652",27,"UKENSW_WXW_TP000086",NA,5.19471384856333,4.25359721783813,6.13518434952006
"5653",28,"UKENSW_WXW_TP000086",6.119987105,5.39414772614858,4.48672372921657,6.30051568348037
"5654",29,"UKENSW_WXW_TP000086",NA,5.35245044700368,4.41877560175537,6.28635818846044
"5655",30,"UKENSW_WXW_TP000086",5.641325929,5.34871483688822,4.44073267998559,6.25522483554348
"5656",31,"UKENSW_WXW_TP000086",NA,5.17082237746623,4.21289760308367,6.12826152433231
"5657",32,"UKENSW_WXW_TP000086",5.223383667,5.20844306173692,4.29951201269042,6.117811144078
"5658",33,"UKENSW_WXW_TP000086",NA,5.18688875737742,4.26305331748252,6.11178961871633
"5659",34,"UKENSW_WXW_TP000086",5.612551821,5.04824810426165,4.14059428309751,5.95458071163793
"5660",35,"UKENSW_WXW_TP000086",NA,4.95023394979241,4.01375128488229,5.88782783948215
"5661",36,"UKENSW_WXW_TP000086",4.608219874,5.01783544066767,4.11090506990588,5.92626774301766
"5662",37,"UKENSW_WXW_TP000086",NA,5.41224729806631,4.47642447568925,6.34901470801348
"5663",38,"UKENSW_WXW_TP000086",5.386649776,5.39713257077455,4.49015487373523,6.30436392099591
"5664",39,"UKENSW_WXW_TP000086",NA,5.69638113526116,4.76182708348452,6.63303207111553
"5665",40,"UKENSW_WXW_TP000086",5.440647813,5.56139815934091,4.65418458889847,6.47034448127004
"5666",41,"UKENSW_WXW_TP000086",NA,5.62442677391828,4.68989147400336,6.56062477833685
"5667",42,"UKENSW_WXW_TP000086",5.13651932,5.5920847445028,4.68470878935526,6.50273542631948
"5668",43,"UKENSW_WXW_TP000086",NA,5.67167015409588,4.7410652807621,6.60460705432134
"5669",44,"UKENSW_WXW_TP000086",6.110926983,5.47990449136162,4.5727287507883,6.38780982452018
"5670",45,"UKENSW_WXW_TP000086",NA,5.54918063849529,4.60323818370211,6.49680582968047
"3601",1,"UKENNW_UU_TP000027",NA,4.40549527887861,3.4780378023459,5.33341533147782
"3602",2,"UKENNW_UU_TP000027",3.247209071,4.48514320045815,3.58599328612966,5.38476377162863
"3603",3,"UKENNW_UU_TP000027",NA,4.66750371280127,3.75975192915825,5.57625471217439
"3604",4,"UKENNW_UU_TP000027",5.083587637,4.73682192691503,3.83546873239109,5.63855994665523
"3605",5,"UKENNW_UU_TP000027",NA,4.87482944173488,3.95869760459486,5.79224516672547
"3606",6,"UKENNW_UU_TP000027",3.936318398,4.95720402233646,4.05808515876717,5.85797312642257
"3607",7,"UKENNW_UU_TP000027",NA,4.89781749018285,3.97619942888958,5.82113127756157
"3608",8,"UKENNW_UU_TP000027",4.175769931,4.92940731994723,4.03086360815616,5.82944737280995
"3609",9,"UKENNW_UU_TP000027",NA,5.11521843483653,4.19545393733779,6.03704287156003
"3610",10,"UKENNW_UU_TP000027",5.531914677,5.27726209335359,4.37779689179317,6.17943606629863
"3611",11,"UKENNW_UU_TP000027",NA,5.38021663795274,4.46268154252714,6.30001170136709
"3612",12,"UKENNW_UU_TP000027",5.076427895,5.41567693911229,4.5170453338793,6.31483224893597
"3613",13,"UKENNW_UU_TP000027",NA,5.34874299961661,4.43175200671592,6.26746637980122
"3614",14,"UKENNW_UU_TP000027",5.35475796,5.39297800589932,4.49553920795977,6.29149515336765
"3615",15,"UKENNW_UU_TP000027",NA,5.30231573791847,4.38498958763823,6.22130114961017
"3616",16,"UKENNW_UU_TP000027",5.401560687,5.42821538278088,4.52992963091888,6.32784862526395
"3617",17,"UKENNW_UU_TP000027",NA,5.37286664472115,4.45550609995909,6.29198334003767
"3618",18,"UKENNW_UU_TP000027",4.951771304,5.26696406339554,4.36761470236216,6.16667692797228
"3619",19,"UKENNW_UU_TP000027",NA,5.14286620054776,4.22366152428476,6.06323694197067
"3620",20,"UKENNW_UU_TP000027",5.320384208,5.13773541972908,4.23868978066058,6.03729609806047
"3621",21,"UKENNW_UU_TP000027",NA,5.12551677537497,4.20804274288358,6.0439001534638
"3622",22,"UKENNW_UU_TP000027",4.920578153,5.1169802855474,4.21950969100554,6.01507028205967
"3623",23,"UKENNW_UU_TP000027",NA,5.23986141181275,4.32583896358077,6.15636068849642
"3624",24,"UKENNW_UU_TP000027",5.303169222,5.26455540187948,4.36697523164524,6.16393768017506
"3625",25,"UKENNW_UU_TP000027",NA,5.25036104792877,4.33350654533464,6.16770701590417
"3626",26,"UKENNW_UU_TP000027",4.785960134,5.26611828584832,4.3668853397003,6.16516626367247
"3627",27,"UKENNW_UU_TP000027",NA,5.150409989146,4.23328951009903,6.06895050026937
"3628",28,"UKENNW_UU_TP000027",5.188913875,5.37528957422371,4.47609198333378,6.27458773624211
"3629",29,"UKENNW_UU_TP000027",NA,5.2609132306476,4.34757385967592,6.17533784096318
"3630",30,"UKENNW_UU_TP000027",4.708291709,5.24966250586516,4.35216846704515,6.14710721379272
"3631",31,"UKENNW_UU_TP000027",NA,5.17920743624399,4.23996243187207,6.11973361191604
"3632",32,"UKENNW_UU_TP000027",5.270130447,5.23809324286177,4.33795207365354,6.13736557194881
"3633",33,"UKENNW_UU_TP000027",NA,5.11476008960541,4.21048722795274,6.01996026269909
"3634",34,"UKENNW_UU_TP000027",5.407865795,4.93464729337303,4.0341945245619,5.83412851686336
"3635",35,"UKENNW_UU_TP000027",NA,4.89724762113291,3.97830039979312,5.81540081270223
"3636",36,"UKENNW_UU_TP000027",5.569329766,5.0016985034214,4.10289542939675,5.89932202302965
"3637",37,"UKENNW_UU_TP000027",NA,5.2812892151399,4.36070380344277,6.20237256058598
"3638",38,"UKENNW_UU_TP000027",5.702077995,5.21114803655856,4.31065548596363,6.11365502064351
"3639",39,"UKENNW_UU_TP000027",NA,5.61182761259546,4.69533710058806,6.53006705737841
"3640",40,"UKENNW_UU_TP000027",5.677893065,5.55770037968552,4.65846296252845,6.45553601748302
"3641",41,"UKENNW_UU_TP000027",NA,5.35725997385243,4.38980630333301,6.32362381753553
"3642",42,"UKENNW_UU_TP000027",5.831553625,5.60113647049187,4.70104256346796,6.49976963849384
"3643",43,"UKENNW_UU_TP000027",NA,5.63271463464199,4.7200403232322,6.547062404273
"3644",44,"UKENNW_UU_TP000027",4.665606362,5.42554589105247,4.52710996799775,6.32341468973621
"3645",45,"UKENNW_UU_TP000027",NA,5.46690397454628,4.53912386923642,6.39465010192602
"4366",1,"UKENSO_SW_TP000001",NA,4.16879367333494,3.25955290352655,5.07909379444605
"4367",2,"UKENSO_SW_TP000001",NA,4.25373920828928,3.37690678477185,5.1322555526726
"4368",3,"UKENSO_SW_TP000001",4.977552098,4.44249242603517,3.55074154637974,5.33611215737565
"4369",4,"UKENSO_SW_TP000001",NA,4.51421436948519,3.63747294379502,5.39241139605801
"4370",5,"UKENSO_SW_TP000001",NA,4.64557973134692,3.74494260762817,5.5486990867132
"4371",6,"UKENSO_SW_TP000001",4.932833197,4.72822230157261,3.85155283218937,5.60592443423914
"4372",7,"UKENSO_SW_TP000001",4.784552631,4.68626172543271,3.78066527791076,5.59395557710293
"4373",8,"UKENSO_SW_TP000001",NA,4.69514441276177,3.81970644901359,5.57204940447569
"4374",9,"UKENSO_SW_TP000001",5.499620355,4.95627456160341,4.05185606596274,5.86209661546612
"4375",10,"UKENSO_SW_TP000001",NA,5.18401563704866,4.30640278209086,6.06195315299068
"4376",11,"UKENSO_SW_TP000001",5.724023869,5.22450885766411,4.32278054338776,6.12884008371513
"4377",12,"UKENSO_SW_TP000001",NA,5.15008044446603,4.27494828368411,6.02696232727208
"4378",13,"UKENSO_SW_TP000001",NA,5.08556257360676,4.18354292936351,5.98975639141103
"4379",14,"UKENSO_SW_TP000001",3.669032815,5.21077837810106,4.33620812126499,6.08716211031211
"4380",15,"UKENSO_SW_TP000001",5.538698277,5.1169889512758,4.2126101707119,6.02429819840047
"4381",16,"UKENSO_SW_TP000001",NA,5.27448932071272,4.39861674578554,6.15168283172178
"4382",17,"UKENSO_SW_TP000001",5.620239768,5.14269882627797,4.24123346524964,6.04686841026992
"4383",18,"UKENSO_SW_TP000001",NA,5.04315981770235,4.1680347897342,5.92125211493141
"4384",19,"UKENSO_SW_TP000001",4.325388896,4.91937703321468,4.01400088256412,5.82612022195893
"4385",20,"UKENSO_SW_TP000001",NA,4.98972567491892,4.11310274878651,5.86739379605283
"4386",21,"UKENSO_SW_TP000001",5.017613097,4.9059668705613,4.00449440884982,5.80893302361275
"4387",22,"UKENSO_SW_TP000001",NA,4.89074779632478,4.01494750295692,5.76807821887076
"4388",23,"UKENSO_SW_TP000001",5.93431163,5.03605351434162,4.14032232574698,5.93350674902427
"4389",24,"UKENSO_SW_TP000001",NA,5.13199516673846,4.25422306683868,6.00975593270766
"4390",25,"UKENSO_SW_TP000001",5.150799427,5.06569158295512,4.16902025763636,5.964035092329
"4391",26,"UKENSO_SW_TP000001",NA,4.98182672646551,4.10630185883914,5.85827478105888
"4392",27,"UKENSO_SW_TP000001",5.076046702,4.94962396269263,4.04583853329535,5.8545854089649
"4393",28,"UKENSO_SW_TP000001",NA,5.12277981345685,4.24850061085221,5.99768551736078
"4394",29,"UKENSO_SW_TP000001",4.27154913,5.06114377186402,4.16243505029794,5.9613088225013
"4395",30,"UKENSO_SW_TP000001",NA,4.98244702566138,4.10806903806274,5.85723458522738
"4396",31,"UKENSO_SW_TP000001",NA,4.67551600612101,3.69231997098902,5.65618927802367
"4397",32,"UKENSO_SW_TP000001",4.820299966,4.89028708639343,4.01047207617678,5.77176487038364
"4398",33,"UKENSO_SW_TP000001",4.775780192,4.90887075241287,4.02806808438649,5.79126042623532
"4399",34,"UKENSO_SW_TP000001",NA,4.74337839864765,3.8686503258833,5.61872596412416
"4400",35,"UKENSO_SW_TP000001",5.479287146,4.69167598340575,3.79059744313957,5.59356144736457
"4401",36,"UKENSO_SW_TP000001",NA,4.8356469351109,3.96098208765084,5.71130449687856
"4402",37,"UKENSO_SW_TP000001",6.08710977,5.07077031597243,4.1682878349148,5.97443699321772
"4403",38,"UKENSO_SW_TP000001",NA,4.99264060541997,4.11549640264751,5.86987293558641
"4404",39,"UKENSO_SW_TP000001",5.848149791,5.40811387133687,4.50930421170667,6.30848541754877
"4405",40,"UKENSO_SW_TP000001",NA,5.19792739584155,4.32133333289138,6.07541635174058
"4406",41,"UKENSO_SW_TP000001",6.047058965,5.34041794711662,4.44072687346453,6.24195266384959
"4407",42,"UKENSO_SW_TP000001",NA,5.37221897613253,4.49767534342796,6.24775014848234
"4408",43,"UKENSO_SW_TP000001",4.844459322,5.45198219890425,4.55987949249562,6.34543680480989
"4409",44,"UKENSO_SW_TP000001",NA,5.27060305214659,4.39440829988236,6.14778443084428
"4410",45,"UKENSO_SW_TP000001",NA,5.34711399298206,4.4417187636923,6.25269702009327
"4501",1,"UKENSO_SW_TP000011",NA,4.48715504668131,3.57522213548339,5.39813358869343
"4502",2,"UKENSO_SW_TP000011",3.53165267,4.56792610712513,3.68649445401544,5.44899021231718
"4503",3,"UKENSO_SW_TP000011",5.356683556,4.76068467370427,3.86353831019659,5.65735652579671
"4504",4,"UKENSO_SW_TP000011",NA,4.83327219014899,3.95110271667501,5.71421448470531
"4505",5,"UKENSO_SW_TP000011",NA,4.96542682747735,4.05875126092879,5.87221331654278
"4506",6,"UKENSO_SW_TP000011",5.442871894,5.04492742341406,4.16221623930985,5.92632586933917
"4507",7,"UKENSO_SW_TP000011",NA,5.00271565690504,4.09018279675916,5.91512549511219
"4508",8,"UKENSO_SW_TP000011",4.914712448,5.01069067214666,4.12883567847377,5.89147096546089
"4509",9,"UKENSO_SW_TP000011",NA,5.27278544242151,4.36401856636595,6.18080712117864
"4510",10,"UKENSO_SW_TP000011",5.93607877,5.50042527910122,4.61604655460853,6.38258252797803
"4511",11,"UKENSO_SW_TP000011",NA,5.54523956670875,4.63849261853533,6.45251750525098
"4512",12,"UKENSO_SW_TP000011",6.051960033,5.47054046885785,4.58914513906953,6.35091219663142
"4513",13,"UKENSO_SW_TP000011",NA,5.40923258155813,4.50249510249168,6.31590495739787
"4514",14,"UKENSO_SW_TP000011",5.762977505,5.52996857051152,4.64894525159435,6.41011102045989
"4515",15,"UKENSO_SW_TP000011",NA,5.43230372655234,4.52567833172586,6.33997041069129
"4516",16,"UKENSO_SW_TP000011",4.61614934,5.59188307104308,4.70994984776786,6.47227671905149
"4517",17,"UKENSO_SW_TP000011",NA,5.46232215946476,4.55475469280385,6.37017943974903
"4518",18,"UKENSO_SW_TP000011",4.898502717,5.36262774960113,4.48228405691484,6.24316877813428
"4519",19,"UKENSO_SW_TP000011",NA,5.23574455339994,4.32512637502286,6.14562707539043
"4520",20,"UKENSO_SW_TP000011",5.434447974,5.30674743305181,4.42524603642826,6.18677042617703
"4521",21,"UKENSO_SW_TP000011",NA,5.2242265309158,4.31740619761576,6.13031555372868
"4522",22,"UKENSO_SW_TP000011",4.823060363,5.21190945491556,4.3309632941957,6.09187178027723
"4523",23,"UKENSO_SW_TP000011",NA,5.3459758824964,4.44625896934277,6.24596187310369
"4524",24,"UKENSO_SW_TP000011",5.518165223,5.44531351460763,4.56178085497501,6.32692536982318
"4525",25,"UKENSO_SW_TP000011",NA,5.379492302378,4.47690817455314,6.28203955803826
"4526",26,"UKENSO_SW_TP000011",5.139237856,5.30343640599432,4.42222331001942,6.18377682072393
"4527",27,"UKENSO_SW_TP000011",NA,5.26094388324516,4.35229578748527,6.16928261136975
"4528",28,"UKENSO_SW_TP000011",5.165066893,5.43192593322501,4.55181056162907,6.31115378126153
"4529",29,"UKENSO_SW_TP000011",NA,5.37165814366118,4.46713610503772,6.27614925028729
"4530",30,"UKENSO_SW_TP000011",4.862883951,5.29449676291535,4.41337952415977,6.1742553573045
"4531",31,"UKENSO_SW_TP000011",NA,4.99290515576431,4.00305416194989,5.97960736466306
"4532",32,"UKENSO_SW_TP000011",4.886216175,5.19520844680213,4.3104258688979,6.08040963070783
"4533",33,"UKENSO_SW_TP000011",NA,5.22047389770563,4.33412602064206,6.10652961315669
"4534",34,"UKENSO_SW_TP000011",5.50158109,5.05546958727712,4.17381841973884,5.93552512635499
"4535",35,"UKENSO_SW_TP000011",NA,5.00532027815468,4.09671174069961,5.91294952393162
"4536",36,"UKENSO_SW_TP000011",4.870444941,5.14913750433491,4.2675482624425,6.02932167186608
"4537",37,"UKENSO_SW_TP000011",NA,5.38557556592552,4.47785583668635,6.29258165493498
"4538",38,"UKENSO_SW_TP000011",4.344283603,5.31121247652044,4.42813399521882,6.19231791762969
"4539",39,"UKENSO_SW_TP000011",NA,5.72179769347071,4.81626375111206,6.62710236927758
"4540",40,"UKENSO_SW_TP000011",4.981852846,5.50844133360082,4.62702725769136,6.38914665750352
"4541",41,"UKENSO_SW_TP000011",NA,5.64911187672476,4.743265633268,6.55500732621793
"4542",42,"UKENSO_SW_TP000011",5.707991111,5.68090287392966,4.80028219733232,6.56067124776598
"4543",43,"UKENSO_SW_TP000011",NA,5.76375796452872,4.86591685269051,6.66145030333202
"4544",44,"UKENSO_SW_TP000011",5.07196957,5.58126035749466,4.69883957773717,6.46275042292944
"4545",45,"UKENSO_SW_TP000011",NA,5.65897278667569,4.74841986706366,6.56806934535522
"4546",1,"UKENSO_SW_TP000013",NA,4.38183393105302,3.44261291924606,5.3204073575321
"4547",2,"UKENSO_SW_TP000013",4.422357225,4.45027877359648,3.54312990229759,5.35822350140911
"4548",3,"UKENSO_SW_TP000013",NA,4.65492807052887,3.73028241540599,5.58001920468535
"4549",4,"UKENSO_SW_TP000013",4.720711696,4.73852890416086,3.82970929331238,5.64550529282919
"4550",5,"UKENSO_SW_TP000013",NA,4.86342647107741,3.92813542156128,5.79968783485811
"4551",6,"UKENSO_SW_TP000013",5.638980688,4.93951239090963,4.03035513427048,5.84826892759501
"4552",7,"UKENSO_SW_TP000013",NA,4.90863622019872,3.96837906658458,5.84905164420534
"4553",8,"UKENSO_SW_TP000013",5.00012755,4.91023787071563,4.00369388204356,5.81702574309714
"4554",9,"UKENSO_SW_TP000013",NA,5.17580041282985,4.23897656831615,6.11141757830164
"4555",10,"UKENSO_SW_TP000013",4.887400722,5.40348385880308,4.49381974295418,6.30970520150051
"4556",11,"UKENSO_SW_TP000013",NA,5.43272855484707,4.49889979450847,6.36751130110121
"4557",12,"UKENSO_SW_TP000013",5.787362081,5.35290269325108,4.44715391320435,6.25918378776566
"4558",13,"UKENSO_SW_TP000013",NA,5.29134779583936,4.35677977405442,6.22619481930608
"4559",14,"UKENSO_SW_TP000013",5.626877128,5.43519868537751,4.52931766224398,6.34088121956673
"4560",15,"UKENSO_SW_TP000013",NA,5.33156864036376,4.39627043469718,6.26800588126116
"4561",16,"UKENSO_SW_TP000013",5.794886766,5.50224952935521,4.59395929541891,6.40843036789435
"4562",17,"UKENSO_SW_TP000013",NA,5.36287472740323,4.42711355606512,6.29959829154659
"4563",18,"UKENSO_SW_TP000013",4.904065612,5.25864234919777,4.35240019097909,6.1660286187667
"4564",19,"UKENSO_SW_TP000013",NA,5.14204960186504,4.20268333034775,6.07963282484811
"4565",20,"UKENSO_SW_TP000013",5.263257141,5.20926168861566,4.30122742431622,6.11511464882621
"4566",21,"UKENSO_SW_TP000013",NA,5.12270357110314,4.18753462859133,6.05696627262414
"4567",22,"UKENSO_SW_TP000013",5.977097574,5.09595660576166,4.18847362539961,6.00225550218611
"4568",23,"UKENSO_SW_TP000013",5.801385261,5.24291331143642,4.3151901485844,6.17080946736548
"4569",24,"UKENSO_SW_TP000013",NA,5.33478514425006,4.42411556840908,6.2417303964047
"4570",25,"UKENSO_SW_TP000013",NA,5.27665365155088,4.34589879017884,6.20730689468732
"4571",26,"UKENSO_SW_TP000013",5.261460423,5.18279394994755,4.27351756074329,6.0903648787098
"4572",27,"UKENSO_SW_TP000013",NA,5.16236057671568,4.22410501058634,6.09917916670267
"4573",28,"UKENSO_SW_TP000013",4.873484562,5.33275506649365,4.42587439845476,6.23827079310933
"4574",29,"UKENSO_SW_TP000013",NA,5.27325007248171,4.33886545490112,6.20682158789769
"4575",30,"UKENSO_SW_TP000013",4.317109626,5.18271770818766,4.27568874741735,6.0889898273528
"4576",31,"UKENSO_SW_TP000013",NA,4.88634003146673,3.86717411810997,5.90138945016369
"4577",32,"UKENSO_SW_TP000013",5.153982611,5.08537632501294,4.17296741035753,6.00018303464115
"4578",33,"UKENSO_SW_TP000013",NA,5.12096873591621,4.20972760381849,6.03253572884096
"4579",34,"UKENSO_SW_TP000013",3.6037577,4.96589758962874,4.05760941496657,5.87249981329171
"4580",35,"UKENSO_SW_TP000013",NA,4.90771696682792,3.96970294030071,5.84465629587632
"4581",36,"UKENSO_SW_TP000013",3.908390887,5.06964907779052,4.16129217633477,5.97601719775738
"4582",37,"UKENSO_SW_TP000013",NA,5.28292201531646,4.34604673250769,6.2198577921113
"4583",38,"UKENSO_SW_TP000013",6.18843869,5.18923017403051,4.27988815644335,6.09739475708648
"4584",39,"UKENSO_SW_TP000013",NA,5.62410051930332,4.68896193635427,6.55920185782161
"4585",40,"UKENSO_SW_TP000013",5.348463855,5.39389053215797,4.48637478513353,6.30187727723972
"4586",41,"UKENSO_SW_TP000013",NA,5.56000933063242,4.62449115866327,6.49590198933539
"4587",42,"UKENSO_SW_TP000013",5.479056971,5.60232622373501,4.6940691052077,6.509656853397
"4588",43,"UKENSO_SW_TP000013",NA,5.67213122783418,4.74497629869255,6.5978724201433
"4589",44,"UKENSO_SW_TP000013",4.5711645,5.48915988817206,4.57949367261202,6.39736859419812
"4590",45,"UKENSO_SW_TP000013",NA,5.57620328593637,4.6385698971969,6.51101067316212
"5581",1,"UKENSW_WXW_TP000038",NA,4.43258285293016,3.49658812782869,5.36868812742963
"5582",2,"UKENSW_WXW_TP000038",5.078979892,4.52471299410213,3.61911393353975,5.43174907754974
"5583",3,"UKENSW_WXW_TP000038",NA,4.69977227897398,3.77970038700038,5.62043005469621
"5584",4,"UKENSW_WXW_TP000038",4.635824214,4.742383817353,3.83645319948775,5.64842041828226
"5585",5,"UKENSW_WXW_TP000038",NA,4.90194488588382,3.97491671386516,5.83031421190122
"5586",6,"UKENSW_WXW_TP000038",5.069649036,4.98904793281588,4.08248959135909,5.89619469671529
"5587",7,"UKENSW_WXW_TP000038",NA,4.9274351586145,3.99381741948571,5.86183329293192
"5588",8,"UKENSW_WXW_TP000038",4.859663706,4.95651487386215,4.05089586716048,5.86266033434543
"5589",9,"UKENSW_WXW_TP000038",NA,5.19462454974364,4.26381284553556,6.12498369044704
"5590",10,"UKENSW_WXW_TP000038",5.407781386,5.41951153705384,4.51157472612222,6.32549004472817
"5591",11,"UKENSW_WXW_TP000038",NA,5.4869021053818,4.55759843160726,6.4175523080636
"5592",12,"UKENSW_WXW_TP000038",5.10880631,5.42740487174098,4.52253616216798,6.33235194928367
"5593",13,"UKENSW_WXW_TP000038",NA,5.34485235981367,4.41645800369341,6.27379411880337
"5594",14,"UKENSW_WXW_TP000038",5.478608073,5.44480241835419,4.54002051924676,6.35018259481183
"5595",15,"UKENSW_WXW_TP000038",NA,5.36486034597671,4.43587865003599,6.29543742726109
"5596",16,"UKENSW_WXW_TP000038",5.665301097,5.50222466886822,4.59613892339787,6.40721951991681
"5597",17,"UKENSW_WXW_TP000038",NA,5.39282374083485,4.46482372141564,6.32217679422723
"5598",18,"UKENSW_WXW_TP000038",5.348812251,5.31011528735416,4.40526302224959,6.21566963066934
"5599",19,"UKENSW_WXW_TP000038",NA,5.15703711623123,4.22480023827098,6.08867749297523
"5600",20,"UKENSW_WXW_TP000038",5.141566494,5.24297882159801,4.33701842198171,6.14801956817997
"5601",21,"UKENSW_WXW_TP000038",NA,5.1565326534381,4.2284632124508,6.08464598477391
"5602",22,"UKENSW_WXW_TP000038",5.598605537,5.1704449508704,4.26500833902937,6.07573010489683
"5603",23,"UKENSW_WXW_TP000038",NA,5.29404194141427,4.37032286549739,6.21852739364608
"5604",24,"UKENSW_WXW_TP000038",4.921295785,5.39606499352369,4.48779045970875,6.30258411931244
"5605",25,"UKENSW_WXW_TP000038",NA,5.31539753954086,4.39013974112009,6.24147777165268
"5606",26,"UKENSW_WXW_TP000038",4.713237832,5.27773685066004,4.37191362323741,6.18326897075747
"5607",27,"UKENSW_WXW_TP000038",NA,5.18523184364925,4.25433438419444,6.11585980683761
"5608",28,"UKENSW_WXW_TP000038",5.082333204,5.38103773049962,4.47553378567592,6.28603218615642
"5609",29,"UKENSW_WXW_TP000038",NA,5.30139396274194,4.37567608633828,6.22754684941525
"5610",30,"UKENSW_WXW_TP000038",5.416914881,5.24555653580418,4.34028835799191,6.15058186792485
"5611",31,"UKENSW_WXW_TP000038",NA,4.96108616490497,3.96687030118813,5.95246818466558
"5612",32,"UKENSW_WXW_TP000038",5.480322247,5.13132467421673,4.22412940671982,6.03988199714127
"5613",33,"UKENSW_WXW_TP000038",NA,5.14706456817533,4.23352874427931,6.06107096915714
"5614",34,"UKENSW_WXW_TP000038",4.954406383,4.95876955040493,4.05271797279209,5.86357607739285
"5615",35,"UKENSW_WXW_TP000038",NA,4.93314992565318,4.00429320835213,5.86196853564487
"5616",36,"UKENSW_WXW_TP000038",5.004366759,5.0300524381574,4.12486748977461,5.9345432220063
"5617",37,"UKENSW_WXW_TP000038",NA,5.33643599355852,4.40831813679641,6.26540313706188
"5618",38,"UKENSW_WXW_TP000038",5.002173571,5.28192460504068,4.37567031869346,6.18889259254304
"5619",39,"UKENSW_WXW_TP000038",NA,5.65553884480129,4.72909872154672,6.58303839186848
"5620",40,"UKENSW_WXW_TP000038",5.550707794,5.47857938950682,4.57277796478961,6.38522279670611
"5621",41,"UKENSW_WXW_TP000038",NA,5.57251006730327,4.64539109625124,6.50074271033882
"5622",42,"UKENSW_WXW_TP000038",4.831961656,5.58070276317039,4.67510177246986,6.4865060978172
"5623",43,"UKENSW_WXW_TP000038",NA,5.68988954678448,4.76712204028535,6.61335375845934
"5624",44,"UKENSW_WXW_TP000038",5.571641183,5.49988551694929,4.59358608209128,6.40609145275077
"5625",45,"UKENSW_WXW_TP000038",NA,5.56558032239773,4.62994984838353,6.50056280732565
"4411",1,"UKENSO_SW_TP000004",NA,4.3185214616652,3.40733427518809,5.22970662958547
"4412",2,"UKENSO_SW_TP000004",3.600289418,4.40894455683446,3.52391972460997,5.29510424040481
"4413",3,"UKENSO_SW_TP000004",NA,4.61818642116959,3.72088555281686,5.51697208095853
"4414",4,"UKENSO_SW_TP000004",3.992628578,4.69995264519404,3.81476526092915,5.585144730872
"4415",5,"UKENSO_SW_TP000004",NA,4.8224897889021,3.91673132505368,5.73019977544543
"4416",6,"UKENSO_SW_TP000004",4.348946801,4.90362514058752,4.01852366988128,5.78940916326391
"4417",7,"UKENSO_SW_TP000004",NA,4.82655209522827,3.91468278077696,5.73931089926249
"4418",8,"UKENSO_SW_TP000004",4.61831332,4.86493927654061,3.98077525417444,5.75018342062664
"4419",9,"UKENSO_SW_TP000004",NA,5.15018177880615,4.24076486007073,6.05970663629242
"4420",10,"UKENSO_SW_TP000004",5.217208996,5.33343378947197,4.44680736930818,6.21840726616642
"4421",11,"UKENSO_SW_TP000004",NA,5.40539446308747,4.49870168779975,6.31432292492559
"4422",12,"UKENSO_SW_TP000004",6.050740894,5.30415337747589,4.42007157075401,6.18960678106606
"4423",13,"UKENSO_SW_TP000004",NA,5.27891501441744,4.37281548479364,6.18678309915938
"4424",14,"UKENSO_SW_TP000004",5.279031743,5.39549956090542,4.51196267704338,6.27961002047888
"4425",15,"UKENSO_SW_TP000004",NA,5.2940647183977,4.38550952471117,6.2049037547159
"4426",16,"UKENSO_SW_TP000004",4.834795874,5.44362442963703,4.5595284060557,6.32758104675778
"4427",17,"UKENSO_SW_TP000004",NA,5.31489199234626,4.40840173292497,6.22342014389404
"4428",18,"UKENSO_SW_TP000004",5.261560524,5.19928027219573,4.31612084119985,6.08455104271348
"4429",19,"UKENSO_SW_TP000004",NA,5.09943090530296,4.18839594312916,6.01010225898749
"4430",20,"UKENSO_SW_TP000004",5.184202571,5.16661775602429,4.28081759888328,6.05155024252658
"4431",21,"UKENSO_SW_TP000004",NA,5.06521366173133,4.1585695622009,5.97240110992412
"4432",22,"UKENSO_SW_TP000004",5.19321303,5.06132268969585,4.17696614364544,5.9461894310057
"4433",23,"UKENSO_SW_TP000004",NA,5.17785565095484,4.27663595853619,6.07996570766939
"4434",24,"UKENSO_SW_TP000004",3.869722144,5.27225904014255,4.38556169029834,6.15711882263055
"4435",25,"UKENSO_SW_TP000004",NA,5.22633671236906,4.32223175442839,6.13134076932688
"4436",26,"UKENSO_SW_TP000004",5.278352289,5.13813178307327,4.25217480344644,6.02357741734998
"4437",27,"UKENSO_SW_TP000004",NA,5.14004306168828,4.2309211844309,6.04956543369037
"4438",28,"UKENSO_SW_TP000004",4.650708597,5.27762553739829,4.39341336925843,6.1612855224661
"4439",29,"UKENSO_SW_TP000004",NA,5.24265374569589,4.33720045121652,6.14874132001724
"4440",30,"UKENSO_SW_TP000004",5.112377127,5.17144834827726,4.28771915190161,6.05564571077091
"4441",31,"UKENSO_SW_TP000004",NA,4.85965768181199,3.87304231445605,5.84301128847392
"4442",32,"UKENSO_SW_TP000004",4.928744242,5.05236420192367,4.16463050922472,5.94250597586104
"4443",33,"UKENSO_SW_TP000004",NA,5.07277406428031,4.18641905150734,5.95987407847111
"4444",34,"UKENSO_SW_TP000004",3.499478946,4.91390076325692,4.02926123000996,5.79786649913852
"4445",35,"UKENSO_SW_TP000004",NA,4.87800590428415,3.97029587711706,5.7858916087214
"4446",36,"UKENSO_SW_TP000004",4.030300534,5.03391385029099,4.14890077228696,5.918017408202
"4447",37,"UKENSO_SW_TP000004",NA,5.19087408111295,4.28213958615528,6.10001159597887
"4448",38,"UKENSO_SW_TP000004",6.189771456,5.15674890662788,4.27132868246516,6.04240655741223
"4449",39,"UKENSO_SW_TP000004",NA,5.57394352280104,4.668906700129,6.48010383069632
"4450",40,"UKENSO_SW_TP000004",5.510915938,5.34495864942027,4.45840449508423,6.23336477107565
"4451",41,"UKENSO_SW_TP000004",NA,5.52170890651135,4.61592390523407,6.42912615381868
"4452",42,"UKENSO_SW_TP000004",5.23274251,5.55569980040421,4.67111840485459,6.44020069118422
"4453",43,"UKENSO_SW_TP000004",NA,5.60979391462825,4.71074164188211,6.50912502083069
"4454",44,"UKENSO_SW_TP000004",5.576266543,5.43513230961643,4.54901367979122,6.32084394316627
"4455",45,"UKENSO_SW_TP000004",NA,5.54356265209052,4.63139250614304,6.45425231327479
"4456",1,"UKENSO_SW_TP000008",NA,4.49953329281576,3.57910215184419,5.41913675906892
"4457",2,"UKENSO_SW_TP000008",4.308806434,4.58656427870891,3.69343506688949,5.47965844703457
"4458",3,"UKENSO_SW_TP000008",NA,4.78836288109489,3.88059184167514,5.69590054973669
"4459",4,"UKENSO_SW_TP000008",4.722835396,4.86178181965164,3.96736733141357,5.7550216713846
"4460",5,"UKENSO_SW_TP000008",NA,4.99303335871173,4.07669641996332,5.90977550183877
"4461",6,"UKENSO_SW_TP000008",5.068378273,5.074145732269,4.17911990362596,5.96816555520866
"4462",7,"UKENSO_SW_TP000008",NA,5.01360048950111,4.09179882171141,5.93536454958468
"4463",8,"UKENSO_SW_TP000008",4.819473219,5.0382430376684,4.14460903717076,5.93139205065477
"4464",9,"UKENSO_SW_TP000008",NA,5.31046240053153,4.39215770777448,6.22805404297392
"4465",10,"UKENSO_SW_TP000008",5.468812343,5.50665045415973,4.61140910416739,6.39968310864595
"4466",11,"UKENSO_SW_TP000008",NA,5.56810994717384,4.65256713297114,6.48468369279706
"4467",12,"UKENSO_SW_TP000008",5.705315739,5.48128071982085,4.58879361645777,6.3736458867427
"4468",13,"UKENSO_SW_TP000008",NA,5.43563254502549,4.52056037081891,6.35127932296584
"4469",14,"UKENSO_SW_TP000008",5.429472977,5.55405877688463,4.66201218009354,6.44580546989104
"4470",15,"UKENSO_SW_TP000008",NA,5.45761688393923,4.54161495252641,6.37500122991013
"4471",16,"UKENSO_SW_TP000008",4.410017522,5.61309082433086,4.71933694988104,6.50547192410786
"4472",17,"UKENSO_SW_TP000008",NA,5.4880157765311,4.57116615353727,6.40547686425564
"4473",18,"UKENSO_SW_TP000008",4.894487806,5.38091533257764,4.48811353019332,6.27394825024022
"4474",19,"UKENSO_SW_TP000008",NA,5.26654057003115,4.34630573630037,6.18576478174138
"4475",20,"UKENSO_SW_TP000008",5.745505861,5.33460314499931,4.4403709816835,6.22712419324656
"4476",21,"UKENSO_SW_TP000008",NA,5.24152187549557,4.325730363936,6.15675846348137
"4477",22,"UKENSO_SW_TP000008",5.741759917,5.2346793003019,4.34132081835618,6.12715071063134
"4478",23,"UKENSO_SW_TP000008",NA,5.35901949621896,4.44943544724692,6.26866135164926
"4479",24,"UKENSO_SW_TP000008",4.226158194,5.45138428541122,4.55608912244292,6.34432021655017
"4480",25,"UKENSO_SW_TP000008",NA,5.39929334771783,4.48623135420837,6.31232599560615
"4481",26,"UKENSO_SW_TP000008",4.980566788,5.31184228607398,4.41710087905221,6.20540892563937
"4482",27,"UKENSO_SW_TP000008",NA,5.2972443227626,4.37895487064539,6.21504740958931
"4483",28,"UKENSO_SW_TP000008",4.397201978,5.45764113025734,4.56430167718105,6.34961182031757
"4484",29,"UKENSO_SW_TP000008",NA,5.40450471390363,4.49002283484167,6.31882837698724
"4485",30,"UKENSO_SW_TP000008",4.064946015,5.3339521817494,4.44039719004354,6.22645174319821
"4486",31,"UKENSO_SW_TP000008",NA,5.00567486832812,4.00031693386572,6.00756434874047
"4487",32,"UKENSO_SW_TP000008",5.550564496,5.21444393706618,4.31851194320928,6.11197181887088
"4488",33,"UKENSO_SW_TP000008",NA,5.23871122603122,4.34253201851238,6.13489521760795
"4489",34,"UKENSO_SW_TP000008",3.742530069,5.08011531368366,4.18559212034339,5.97288964176641
"4490",35,"UKENSO_SW_TP000008",NA,5.04059431861227,4.12213766976331,5.95809846511546
"4491",36,"UKENSO_SW_TP000008",4.225282663,5.18915866549768,4.29414072866871,6.08233796346929
"4492",37,"UKENSO_SW_TP000008",NA,5.3925922414485,4.47468388897933,6.30963155925381
"4493",38,"UKENSO_SW_TP000008",5.689250537,5.3401868348919,4.44513172237724,6.23369793474635
"4494",39,"UKENSO_SW_TP000008",NA,5.74960767784835,4.83377247996905,6.66518053023495
"4495",40,"UKENSO_SW_TP000008",4.648670245,5.52871876427502,4.63448657395932,6.42278675305366
"4496",41,"UKENSO_SW_TP000008",NA,5.68413570412693,4.76855724146659,6.59989009015914
"4497",42,"UKENSO_SW_TP000008",5.500200218,5.71840433209128,4.82457815113121,6.61099340397913
"4498",43,"UKENSO_SW_TP000008",NA,5.78387023172612,4.87518894258432,6.69197069303292
"4499",44,"UKENSO_SW_TP000008",4.570680453,5.60348918775048,4.70902227773042,6.49688074171872
"4500",45,"UKENSO_SW_TP000008",NA,5.69601483315442,4.7751573376021,6.61513907502087
"4591",1,"UKENSO_SW_TP000016",4.555878257,4.55308074861265,3.62945500108983,5.47494984910067
"4592",2,"UKENSO_SW_TP000016",NA,4.65130789506399,3.75203539951773,5.54972059331397
"4593",3,"UKENSO_SW_TP000016",4.458379583,4.84476487035701,3.93221714871152,5.75608899039481
"4594",4,"UKENSO_SW_TP000016",NA,4.90487276215245,4.00215152025545,5.80547557381293
"4595",5,"UKENSO_SW_TP000016",4.461234587,5.05200201275441,4.13061759849237,5.97263219578813
"4596",6,"UKENSO_SW_TP000016",NA,5.14047203082604,4.23559100350333,6.04313412467503
"4597",7,"UKENSO_SW_TP000016",NA,5.05683492506116,4.12709121509992,5.98529453745891
"4598",8,"UKENSO_SW_TP000016",4.932348134,5.09613524440505,4.1909728906986,5.9991547412361
"4599",9,"UKENSO_SW_TP000016",5.236523701,5.36562438721075,4.44221934186434,6.28709256436404
"4600",10,"UKENSO_SW_TP000016",NA,5.54281911380033,4.63924627281583,6.44329886271388
"4601",11,"UKENSO_SW_TP000016",3.738757158,5.63249525709823,4.71277929791124,6.55244151176129
"4602",12,"UKENSO_SW_TP000016",NA,5.55117209168684,4.6493328254748,6.45142956233872
"4603",13,"UKENSO_SW_TP000016",4.740921451,5.51713492960577,4.59802964917565,6.43565886623768
"4604",14,"UKENSO_SW_TP000016",NA,5.6100007382332,4.70717478819262,6.51080874922887
"4605",15,"UKENSO_SW_TP000016",5.397926269,5.51962241430908,4.59925832899363,6.43973777254194
"4606",16,"UKENSO_SW_TP000016",NA,5.65696532189124,4.75295776919898,6.55832643485456
"4607",17,"UKENSO_SW_TP000016",4.166395336,5.54196834654492,4.62038962947238,6.4630097965593
"4608",18,"UKENSO_SW_TP000016",NA,5.43133677381836,4.53157771432878,6.33023393579328
"4609",19,"UKENSO_SW_TP000016",5.249979207,5.31055605765495,4.38697134927084,6.23217176110699
"4610",20,"UKENSO_SW_TP000016",NA,5.38009162630121,4.47892548264402,6.27876807435609
"4611",21,"UKENSO_SW_TP000016",4.539905297,5.28639551582848,4.36868870697526,6.20289709816011
"4612",22,"UKENSO_SW_TP000016",NA,5.2883176342449,4.3907930852351,6.18532226818808
"4613",23,"UKENSO_SW_TP000016",5.099023802,5.40632145396941,4.49422475245953,6.31797380609479
"4614",24,"UKENSO_SW_TP000016",NA,5.50295274992578,4.60123200125232,6.40190309178359
"4615",25,"UKENSO_SW_TP000016",4.913062348,5.4509997846855,4.53525236935787,6.36626025157829
"4616",26,"UKENSO_SW_TP000016",NA,5.37862524788456,4.47858946289592,6.27695586483389
"4617",27,"UKENSO_SW_TP000016",5.145825497,5.34925575671375,4.42955297865428,6.26794264567565
"4618",28,"UKENSO_SW_TP000016",NA,5.50821837809551,4.60871219537526,6.40592234891589
"4619",29,"UKENSO_SW_TP000016",5.255884125,5.45315459087743,4.53762227158251,6.36810566387797
"4620",30,"UKENSO_SW_TP000016",NA,5.39900800416601,4.49801777679517,6.29816424319353
"4621",31,"UKENSO_SW_TP000016",NA,5.05150444064383,4.03942975110455,6.05956040004301
"4622",32,"UKENSO_SW_TP000016",NA,5.2697706050081,4.37129641726296,6.16892616968729
"4623",33,"UKENSO_SW_TP000016",4.024859783,5.28651664240677,4.38372838113815,6.18827778559987
"4624",34,"UKENSO_SW_TP000016",NA,5.11862241170086,4.21772279738716,6.01729907184137
"4625",35,"UKENSO_SW_TP000016",4.394728495,5.0915072725435,4.17129556737191,6.0101819031161
"4626",36,"UKENSO_SW_TP000016",NA,5.216080299119,4.31514734944751,6.11459798201417
"4627",37,"UKENSO_SW_TP000016",3.967321496,5.44098822340968,4.52255608626566,6.35811028889612
"4628",38,"UKENSO_SW_TP000016",NA,5.41480144620213,4.51411068231226,6.31381482069137
"4629",39,"UKENSO_SW_TP000016",5.848721285,5.79866719898815,4.88124564735459,6.71548667738847
"4630",40,"UKENSO_SW_TP000016",NA,5.59356232698649,4.69424505164546,6.49237344597851
"4631",41,"UKENSO_SW_TP000016",5.380113942,5.72699198615074,4.81010537652976,6.64355314337095
"4632",42,"UKENSO_SW_TP000016",NA,5.75451363921038,4.8544184445672,6.65273236480694
"4633",43,"UKENSO_SW_TP000016",5.164925485,5.82838751059848,4.91543729797288,6.7403537503259
"4634",44,"UKENSO_SW_TP000016",NA,5.6429804114679,4.74297465885806,6.54133919797866
"4635",45,"UKENSO_SW_TP000016",NA,5.7288788398089,4.80204485704309,6.65356384002901
"4951",1,"UKENSO_SW_TP000090",NA,4.52920217505021,3.5975714702293,5.45829270517747
"4952",2,"UKENSO_SW_TP000090",3.385897225,4.67616301071772,3.75702048221443,5.59423676775628
"4953",3,"UKENSO_SW_TP000090",NA,4.89461346699048,3.97260460476816,5.81609312315774
"4954",4,"UKENSO_SW_TP000090",4.545502723,4.97541816945539,4.05371387354395,5.89563269904273
"4955",5,"UKENSO_SW_TP000090",NA,5.09305797722805,4.16338143535079,6.02233601099274
"4956",6,"UKENSO_SW_TP000090",5.027078549,5.18717674301718,4.26565829487667,6.10665022991207
"4957",7,"UKENSO_SW_TP000090",NA,5.06056901818046,4.12557188728283,5.99424460669623
"4958",8,"UKENSO_SW_TP000090",4.765822116,5.12118114959995,4.19956293703186,6.04134726526328
"4959",9,"UKENSO_SW_TP000090",NA,5.45488350203301,4.52387221074475,6.385445868065
"4960",10,"UKENSO_SW_TP000090",5.016371462,5.57425180299401,4.65313038818416,6.49287023859175
"4961",11,"UKENSO_SW_TP000090",NA,5.69053267320229,4.76183906240553,6.6201771692842
"4962",12,"UKENSO_SW_TP000090",5.511241655,5.55595525305415,4.63605411605358,6.47481277087549
"4963",13,"UKENSO_SW_TP000090",NA,5.57949346090239,4.6520826596886,6.5075551377055
"4964",14,"UKENSO_SW_TP000090",4.569344473,5.65881704544039,4.73930156450405,6.5770807670859
"4965",15,"UKENSO_SW_TP000090",NA,5.57442549355488,4.6460472609329,6.50362616770187
"4966",16,"UKENSO_SW_TP000090",5.158591098,5.68705778740534,4.76624675001,6.60612188084651
"4967",17,"UKENSO_SW_TP000090",NA,5.5754638077779,4.64534558841119,6.50528402004201
"4968",18,"UKENSO_SW_TP000090",4.430407033,5.43941996635284,4.52021506435195,6.35827523299921
"4969",19,"UKENSO_SW_TP000090",NA,5.3815982576616,4.45018165727016,6.3122961750547
"4970",20,"UKENSO_SW_TP000090",5.600347425,5.42820255441855,4.5069921582619,6.34690831364714
"4971",21,"UKENSO_SW_TP000090",NA,5.30351656005619,4.37524644863375,6.23048220296787
"4972",22,"UKENSO_SW_TP000090",3.954531199,5.33276499884176,4.4126759504291,6.25143458671984
"4973",23,"UKENSO_SW_TP000090",NA,5.37807725429,4.45387531082349,6.30065346022311
"4974",24,"UKENSO_SW_TP000090",4.883272093,5.52829522092248,4.60788441438281,6.44628937836209
"4975",25,"UKENSO_SW_TP000090",NA,5.4701330254895,4.54292672215933,6.39657353814738
"4976",26,"UKENSO_SW_TP000090",4.173356733,5.40562299460299,4.48610806708608,6.32337299260808
"4977",27,"UKENSO_SW_TP000090",NA,5.450562475687,4.52221405455505,6.37951054896082
"4978",28,"UKENSO_SW_TP000090",4.372145553,5.53188648392275,4.61231867365428,6.44981035505406
"4979",29,"UKENSO_SW_TP000090",NA,5.51913101245681,4.59226467749938,6.44594599815261
"4980",30,"UKENSO_SW_TP000090",5.552040946,5.46379008124097,4.54316471534364,6.3832695331417
"4981",31,"UKENSO_SW_TP000090",NA,5.19451750358195,4.19871125376378,6.18747640747946
"4982",32,"UKENSO_SW_TP000090",5.238413973,5.30769846601494,4.39723986850967,6.21837024245575
"4983",33,"UKENSO_SW_TP000090",NA,5.33590846669162,4.42430300617219,6.24699331412086
"4984",34,"UKENSO_SW_TP000090",6.334722255,5.17204923021789,4.25025839268156,6.09169076482243
"4985",35,"UKENSO_SW_TP000090",NA,5.17243886314768,4.24092597435651,6.10295322414258
"4986",36,"UKENSO_SW_TP000090",4.919276284,5.3021202671383,4.38090272884288,6.22147153278368
"4987",37,"UKENSO_SW_TP000090",NA,5.36894537600302,4.43734282354172,6.29763968947247
"4988",38,"UKENSO_SW_TP000090",4.090978056,5.43242282362115,4.51165416545763,6.35127332704539
"4989",39,"UKENSO_SW_TP000090",NA,5.83507631571846,4.90708526477964,6.76233317695694
"4990",40,"UKENSO_SW_TP000090",5.158574811,5.57970140147884,4.65815256372466,6.49968066390961
"4991",41,"UKENSO_SW_TP000090",NA,5.77560179616669,4.84762261444918,6.70313384005889
"4992",42,"UKENSO_SW_TP000090",5.714630804,5.81605659499604,4.89577318692186,6.73434918285263
"4993",43,"UKENSO_SW_TP000090",NA,5.85271765356897,4.9299719069284,6.77434185757698
"4994",44,"UKENSO_SW_TP000090",5.205961604,5.68857735959195,4.76803389879339,6.60739754875933
"4995",45,"UKENSO_SW_TP000090",NA,5.80711218109704,4.86111962973556,6.75108789509997
"5491",1,"UKENSW_WXW_TP000004",NA,4.36105717863069,3.53507413034094,5.18468328345613
"5492",2,"UKENSW_WXW_TP000004",3.7413082,4.40113560055539,3.6209941627082,5.18033291027618
"5493",3,"UKENSW_WXW_TP000004",NA,4.62768484269443,3.82244899281083,5.43287468820962
"5494",4,"UKENSW_WXW_TP000004",3.743686016,4.68386926296064,3.90454257231004,5.46488254527097
"5495",5,"UKENSW_WXW_TP000004",NA,4.81029428533381,3.99471081655237,5.62901154261921
"5496",6,"UKENSW_WXW_TP000004",4.56382528,4.90840806319166,4.13004039078472,5.68773518040667
"5497",7,"UKENSW_WXW_TP000004",NA,4.79038341370309,3.97030981964674,5.61273105882465
"5498",8,"UKENSW_WXW_TP000004",4.314193063,4.82007057075287,4.04158556023231,5.59935651282915
"5499",9,"UKENSW_WXW_TP000004",NA,5.08754031177667,4.26770230122215,5.90674868385952
"5500",10,"UKENSW_WXW_TP000004",4.972731845,5.3006571928597,4.52241411489264,6.07979150563357
"5501",11,"UKENSW_WXW_TP000004",NA,5.36403081716388,4.54920261095796,6.18119985410506
"5502",12,"UKENSW_WXW_TP000004",4.84303599,5.3549776276263,4.57518959458221,6.13415489877903
"5503",13,"UKENSW_WXW_TP000004",NA,5.1894061275194,4.36878087964897,6.01015220611262
"5504",14,"UKENSW_WXW_TP000004",3.783023381,5.18104056047709,4.40192348806905,5.96108846927268
"5505",15,"UKENSW_WXW_TP000004",NA,5.26454873392046,4.44925519605051,6.0819952215805
"5506",16,"UKENSW_WXW_TP000004",5.023324465,5.44568113341398,4.6667227340699,6.22568734184252
"5507",17,"UKENSW_WXW_TP000004",NA,5.25672297911369,4.44442265660951,6.07168917887125
"5508",18,"UKENSW_WXW_TP000004",4.310048554,5.08583287311676,4.30723289322359,5.86564097265987
"5509",19,"UKENSW_WXW_TP000004",NA,5.02774177993503,4.21238976338298,5.84251942703436
"5510",20,"UKENSW_WXW_TP000004",5.021300956,5.10339089495201,4.32449860784912,5.88152846622277
"5511",21,"UKENSW_WXW_TP000004",NA,5.08169610307404,4.26693015789122,5.89568162720006
"5512",22,"UKENSW_WXW_TP000004",4.631843993,5.05170387130297,4.27353840772075,5.82974030139812
"5513",23,"UKENSW_WXW_TP000004",NA,5.20969385788559,4.4004188014531,6.01963966234168
"5514",24,"UKENSW_WXW_TP000004",5.168561725,5.19113742958731,4.41155026531151,5.96936769329211
"5515",25,"UKENSW_WXW_TP000004",NA,5.15788999606807,4.34547690962263,5.97107567192756
"5516",26,"UKENSW_WXW_TP000004",3.98427441,5.03449906235656,4.25547261955466,5.81155274131784
"5517",27,"UKENSW_WXW_TP000004",NA,5.01119284728865,4.19382380050747,5.82709691581876
"5518",28,"UKENSW_WXW_TP000004",4.546089914,5.11449453549598,4.33539314987434,5.89166578772788
"5519",29,"UKENSW_WXW_TP000004",NA,5.14373632292611,4.3342321505633,5.95392793932753
"5520",30,"UKENSW_WXW_TP000004",4.820864184,5.08194728805828,4.30467788590358,5.86081880786453
"5521",31,"UKENSW_WXW_TP000004",NA,4.99444783924134,4.15567008238187,5.83378171442652
"5522",32,"UKENSW_WXW_TP000004",4.780727584,5.07271264062997,4.29066215693456,5.85441957833015
"5523",33,"UKENSW_WXW_TP000004",NA,4.94962848738601,4.15292031367626,5.74691079401113
"5524",34,"UKENSW_WXW_TP000004",4.653304996,4.86879938939989,4.09077121628254,5.64702380756512
"5525",35,"UKENSW_WXW_TP000004",NA,4.80983949378507,3.99552633536205,5.62414539274059
"5526",36,"UKENSW_WXW_TP000004",2.488326723,4.85949508114976,4.08165368518981,5.6382679976667
"5527",37,"UKENSW_WXW_TP000004",NA,5.2277844346008,4.41427127453363,6.04108872538324
"5528",38,"UKENSW_WXW_TP000004",4.392130102,5.18751074974768,4.40844769937682,5.96647869786842
"5529",39,"UKENSW_WXW_TP000004",NA,5.51660350103287,4.70415651814755,6.33166448216827
"5530",40,"UKENSW_WXW_TP000004",5.027968972,5.37830419050724,4.60011071036561,6.15698655658721
"5531",41,"UKENSW_WXW_TP000004",NA,5.49191578951332,4.68012948196811,6.30547499566944
"5532",42,"UKENSW_WXW_TP000004",4.093935978,5.40259470461561,4.62307325729076,6.18413651310403
"5533",43,"UKENSW_WXW_TP000004",NA,5.49575102091488,4.69030398403955,6.30287242438626
"5534",44,"UKENSW_WXW_TP000004",4.240399632,5.39255225737699,4.61387511669235,6.17192108020783
"5535",45,"UKENSW_WXW_TP000004",NA,5.40690136528276,4.58091519671378,6.23348727426954
"5671",1,"UKENSW_WXW_TP000100",NA,4.68816206233742,3.84196944837479,5.53180410336663
"5672",2,"UKENSW_WXW_TP000100",3.725560857,4.67988925792895,3.87004277591807,5.48920181389484
"5673",3,"UKENSW_WXW_TP000100",NA,4.95914816273496,4.13115784113671,5.78696015883719
"5674",4,"UKENSW_WXW_TP000100",4.747183838,4.88300674002892,4.0740233531708,5.69197035116057
"5675",5,"UKENSW_WXW_TP000100",NA,5.12454302834615,4.28904665806224,5.96325161900527
"5676",6,"UKENSW_WXW_TP000100",4.794776326,5.21380292845045,4.40621415630974,6.02232888232536
"5677",7,"UKENSW_WXW_TP000100",NA,5.11402229129717,4.2737891765058,5.95670742754334
"5678",8,"UKENSW_WXW_TP000100",5.206861298,5.14588154632636,4.33861667688831,5.95431966212675
"5679",9,"UKENSW_WXW_TP000100",NA,5.41145919112588,4.57170088633552,6.25055829835477
"5680",10,"UKENSW_WXW_TP000100",5.805198433,5.57514435593204,4.76617535680621,6.38376405044669
"5681",11,"UKENSW_WXW_TP000100",NA,5.68746546187431,4.85159572036917,6.52597434501491
"5682",12,"UKENSW_WXW_TP000100",5.277748391,5.64261459070352,4.83427622467272,6.45026925741927
"5683",13,"UKENSW_WXW_TP000100",NA,5.50546474981644,4.66450844546456,6.34653735922882
"5684",14,"UKENSW_WXW_TP000100",5.839593124,5.50314752868583,4.69363989240072,6.31479713251607
"5685",15,"UKENSW_WXW_TP000100",NA,5.58270873535823,4.74698966279198,6.42069727151875
"5686",16,"UKENSW_WXW_TP000100",5.707239078,5.7104131774623,4.90232613887459,6.51845820049142
"5687",17,"UKENSW_WXW_TP000100",NA,5.58087160060582,4.74788435862455,6.41634563372296
"5688",18,"UKENSW_WXW_TP000100",5.416633997,5.46609677818875,4.65910546001829,6.2740570391853
"5689",19,"UKENSW_WXW_TP000100",NA,5.33281020605919,4.49715564860523,6.16778940315061
"5690",20,"UKENSW_WXW_TP000100",5.033745431,5.42611241590122,4.61785139935668,6.2338208017031
"5691",21,"UKENSW_WXW_TP000100",NA,5.4081057172411,4.5723988980582,6.2426985057573
"5692",22,"UKENSW_WXW_TP000100",5.359488494,5.37634265656129,4.56749730863402,6.18437608812652
"5693",23,"UKENSW_WXW_TP000100",NA,5.52403663506745,4.69338461038288,6.3556819308784
"5694",24,"UKENSW_WXW_TP000100",5.918276429,5.50287195763831,4.69321026557129,6.3108465096492
"5695",25,"UKENSW_WXW_TP000100",NA,5.4775856665275,4.64388323468563,6.31228979808247
"5696",26,"UKENSW_WXW_TP000100",5.395056191,5.42997993725867,4.62204578198354,6.23784973147156
"5697",27,"UKENSW_WXW_TP000100",NA,5.32855090417336,4.49049668712485,6.16500668634236
"5698",28,"UKENSW_WXW_TP000100",5.039879919,5.50988202616692,4.7018536450195,6.31762604517359
"5699",29,"UKENSW_WXW_TP000100",NA,5.47892083536385,4.64855390894403,6.30974401868125
"5700",30,"UKENSW_WXW_TP000100",5.265547757,5.44331653359074,4.63651297156436,6.25117191742605
"5701",31,"UKENSW_WXW_TP000100",NA,5.31013013545432,4.45060484860293,6.1704027566684
"5702",32,"UKENSW_WXW_TP000100",5.59218832,5.38678107552639,4.57617218488364,6.1977808508206
"5703",33,"UKENSW_WXW_TP000100",NA,5.30227409971719,4.48119138746379,6.12471909745314
"5704",34,"UKENSW_WXW_TP000100",5.272980309,5.19652015527899,4.38823618855001,6.0051282580027
"5705",35,"UKENSW_WXW_TP000100",NA,5.12492253936111,4.29062067199068,5.95964267772372
"5706",36,"UKENSW_WXW_TP000100",5.256950415,5.1686241227159,4.36093048678065,5.97745898579621
"5707",37,"UKENSW_WXW_TP000100",NA,5.54095397163161,4.70734946889552,6.37463308295938
"5708",38,"UKENSW_WXW_TP000100",5.169249312,5.53359401371509,4.72487440326438,6.34251869813965
"5709",39,"UKENSW_WXW_TP000100",NA,5.82798474094606,4.99458764754239,6.66455833402719
"5710",40,"UKENSW_WXW_TP000100",5.991223677,5.67572306585499,4.86628625006043,6.48608358114575
"5711",41,"UKENSW_WXW_TP000100",NA,5.8144083432253,4.98217887771313,6.64844089866351
"5712",42,"UKENSW_WXW_TP000100",5.779229707,5.71823730824541,4.90835579663416,6.53059226094752
"5713",43,"UKENSW_WXW_TP000100",NA,5.79220746945966,4.96168682980061,6.62519632356349
"5714",44,"UKENSW_WXW_TP000100",5.227704298,5.70811278488272,4.90018276245384,6.51706080628995
"5715",45,"UKENSW_WXW_TP000100",NA,5.70891275310751,4.86115772697073,6.55806020273612
"5761",1,"UKENTH_TWU_TP000010",3.692810809,4.12014586873953,3.29208987855392,4.94596650733313
"5762",2,"UKENTH_TWU_TP000010",NA,4.07191719162516,3.28823976057337,4.85704028615482
"5763",3,"UKENTH_TWU_TP000010",4.525526926,4.39714973688402,3.58814403971685,5.20708415965302
"5764",4,"UKENTH_TWU_TP000010",NA,4.3680008791212,3.58387983012678,5.15058475374341
"5765",5,"UKENTH_TWU_TP000010",3.821737044,4.58890722006221,3.76758771904128,5.41232396245761
"5766",6,"UKENTH_TWU_TP000010",NA,4.67978141994933,3.89507945970982,5.46208561184731
"5767",7,"UKENTH_TWU_TP000010",5.843227089,4.57925642551206,3.75468421093164,5.40582137737198
"5768",8,"UKENTH_TWU_TP000010",NA,4.62845881763226,3.84538378494595,5.41033108582014
"5769",9,"UKENTH_TWU_TP000010",4.688065092,4.863782166399,4.03879146361927,5.68794564673307
"5770",10,"UKENTH_TWU_TP000010",NA,5.07092773826844,4.28358187243572,5.85479074009802
"5771",11,"UKENTH_TWU_TP000010",NA,5.12312820864046,4.30362702378816,5.94485862582193
"5772",12,"UKENTH_TWU_TP000010",NA,5.0398811389936,4.25826622477539,5.82311498000426
"5773",13,"UKENTH_TWU_TP000010",NA,4.98388509574813,4.16366930774553,5.80561738244662
"5774",14,"UKENTH_TWU_TP000010",NA,5.16226222222979,4.37766574961309,5.94555271632748
"5775",15,"UKENTH_TWU_TP000010",NA,5.02298995612436,4.20337953133142,5.8447632553289
"5776",16,"UKENTH_TWU_TP000010",4.666089603,5.19484280265554,4.40851023617787,5.97835895302621
"5777",17,"UKENTH_TWU_TP000010",NA,5.02457073519924,4.20714697893386,5.84394229594325
"5778",18,"UKENTH_TWU_TP000010",4.96872585,4.85269095637396,4.07077109274744,5.63601068875522
"5779",19,"UKENTH_TWU_TP000010",NA,4.78756641152342,3.96399181244818,5.60958985113988
"5780",20,"UKENTH_TWU_TP000010",5.079978076,4.82531754160258,4.04317389094847,5.60909178922955
"5781",21,"UKENTH_TWU_TP000010",5.577176862,4.86403890780739,4.04467505437345,5.68338043313616
"5782",22,"UKENTH_TWU_TP000010",NA,4.78581338428337,4.00361932026106,5.56845351080892
"5783",23,"UKENTH_TWU_TP000010",5.168635653,4.98846339820405,4.17461999236763,5.8021487400518
"5784",24,"UKENTH_TWU_TP000010",NA,4.90032118458212,4.11720594124661,5.68231976334421
"5785",25,"UKENTH_TWU_TP000010",NA,4.94169014160237,4.12427574070199,5.75978283477339
"5786",26,"UKENTH_TWU_TP000010",5.129964309,4.78775727346415,4.00522604350717,5.5697430058432
"5787",27,"UKENTH_TWU_TP000010",5.371034328,4.77079354550171,3.94879380428279,5.59217467644142
"5788",28,"UKENTH_TWU_TP000010",NA,4.90290272604132,4.12082084039137,5.68619278805514
"5789",29,"UKENTH_TWU_TP000010",NA,4.9091921690517,4.09324963780066,5.72524602051642
"5790",30,"UKENTH_TWU_TP000010",5.709554293,4.78180836502183,3.99842918924788,5.56951810895699
"5791",31,"UKENTH_TWU_TP000010",NA,4.66389175021706,3.79738933251811,5.5279625219254
"5792",32,"UKENTH_TWU_TP000010",4.665959556,4.74906193148036,3.96220543405976,5.53786603474916
"5793",33,"UKENTH_TWU_TP000010",5.693909526,4.75253725459003,3.95459388963502,5.55246268835608
"5794",34,"UKENTH_TWU_TP000010",NA,4.60290597525091,3.81990911089439,5.38533720739611
"5795",35,"UKENTH_TWU_TP000010",4.884533771,4.58568155907379,3.7635848690096,5.40698255015255
"5796",36,"UKENTH_TWU_TP000010",NA,4.67538163638708,3.89336822186055,5.45792607215808
"5797",37,"UKENTH_TWU_TP000010",NA,4.98369416437128,4.16302516029241,5.80385434758784
"5798",38,"UKENTH_TWU_TP000010",5.90403448,4.96194359835801,4.18021819639997,5.74598294015659
"5799",39,"UKENTH_TWU_TP000010",5.804706897,5.30171412542596,4.48318660113884,6.12139881696305
"5800",40,"UKENTH_TWU_TP000010",NA,5.07365036605913,4.29027499221848,5.85872024248493
"5801",41,"UKENTH_TWU_TP000010",NA,5.32597010962331,4.50655469869051,6.14801434785204
"5802",42,"UKENTH_TWU_TP000010",6.036033196,5.27609340745833,4.49290676833424,6.05797865276158
"5803",43,"UKENTH_TWU_TP000010",6.241339719,5.26328858037425,4.4535100022194,6.07231929662305
"5804",44,"UKENTH_TWU_TP000010",NA,5.14480994149063,4.36026835290228,5.93022720234643
"5805",45,"UKENTH_TWU_TP000010",NA,5.23248136233664,4.40770207828628,6.05514721362475
"6256",1,"UKENTH_TWU_TP000100",NA,3.98445406466924,3.14042886465377,4.82619706482927
"6257",2,"UKENTH_TWU_TP000100",4.11801768,3.94845775725946,3.1573687531946,4.74186482080918
"6258",3,"UKENTH_TWU_TP000100",4.260882957,4.23303480857266,3.40607499483189,5.05978621112626
"6259",4,"UKENTH_TWU_TP000100",NA,4.27569889914086,3.48277833320511,5.0680909743239
"6260",5,"UKENTH_TWU_TP000100",NA,4.46189332913943,3.61920480843304,5.30618757885797
"6261",6,"UKENTH_TWU_TP000100",5.155706771,4.51847691112364,3.72403532192279,5.30908513300294
"6262",7,"UKENTH_TWU_TP000100",NA,4.42737379940304,3.5808022452225,5.27588327861901
"6263",8,"UKENTH_TWU_TP000100",4.993400704,4.46744627782288,3.67539636141615,5.25880006986108
"6264",9,"UKENTH_TWU_TP000100",NA,4.74073411325198,3.89390397287984,5.58572367720837
"6265",10,"UKENTH_TWU_TP000100",5.457746045,4.94938584884733,4.15562342297728,5.74004326809484
"6266",11,"UKENTH_TWU_TP000100",NA,4.98307140006095,4.14326872468359,5.82499995603321
"6267",12,"UKENTH_TWU_TP000100",3.389568871,4.91007663445107,4.11986949478649,5.70372193947903
"6268",13,"UKENTH_TWU_TP000100",NA,4.8359490647439,3.99553782528401,5.6778169073753
"6269",14,"UKENTH_TWU_TP000100",5.595764655,5.05209665267115,4.2588579542814,5.84340783463559
"6270",15,"UKENTH_TWU_TP000100",NA,4.88917685483222,4.05007456479969,5.72989743233282
"6271",16,"UKENTH_TWU_TP000100",5.217953991,5.08188769211189,4.28940765464189,5.87516141792488
"6272",17,"UKENTH_TWU_TP000100",NA,4.89431506624893,4.05502077235519,5.73521778818903
"6273",18,"UKENTH_TWU_TP000100",4.800563153,4.63042044257001,3.83624532383614,5.42191319285173
"6274",19,"UKENTH_TWU_TP000100",NA,4.65988498968482,3.81385922218702,5.5036897693558
"6275",20,"UKENTH_TWU_TP000100",4.712510536,4.73454236625276,3.94093217269867,5.52728359259331
"6276",21,"UKENTH_TWU_TP000100",NA,4.7276012287917,3.88628535606481,5.56817275920152
"6277",22,"UKENTH_TWU_TP000100",4.984079027,4.63763848034493,3.84293648684989,5.42967507425007
"6278",23,"UKENTH_TWU_TP000100",NA,4.86541654502851,4.03584907811837,5.69403670557485
"6279",24,"UKENTH_TWU_TP000100",5.70754608,4.76056120951698,3.96820923335976,5.55198992932079
"6280",25,"UKENTH_TWU_TP000100",NA,4.82038434088141,3.98145630794551,5.65957521102812
"6281",26,"UKENTH_TWU_TP000100",5.427684252,4.60875659116724,3.81415975357501,5.39926272722942
"6282",27,"UKENTH_TWU_TP000100",NA,4.62270339326574,3.77951742127219,5.46476413901776
"6283",28,"UKENTH_TWU_TP000100",5.13330045,4.75764567140322,3.96596379716282,5.54924410969518
"6284",29,"UKENTH_TWU_TP000100",NA,4.78563517289983,3.94662114710856,5.62385332967188
"6285",30,"UKENTH_TWU_TP000100",6.006023716,4.6468961668505,3.85511793790056,5.44264990176925
"6286",31,"UKENTH_TWU_TP000100",NA,4.51683270945497,3.62385053057408,5.40647802557356
"6287",32,"UKENTH_TWU_TP000100",4.588082346,4.61312846919814,3.81133933369604,5.41804446902561
"6288",33,"UKENTH_TWU_TP000100",NA,4.59955119449559,3.79633689437445,5.40410453290941
"6289",34,"UKENTH_TWU_TP000100",5.402613308,4.47116285693699,3.67533483682726,5.26301142555417
"6290",35,"UKENTH_TWU_TP000100",NA,4.45495815045207,3.61103418698584,5.29746679953645
"6291",36,"UKENTH_TWU_TP000100",4.380643778,4.56303351728253,3.76973272788854,5.35413851167138
"6292",37,"UKENTH_TWU_TP000100",NA,4.85387090630231,4.01260897094247,5.69467076217577
"6293",38,"UKENTH_TWU_TP000100",5.481078862,4.80190552083986,4.01070622812738,5.59597985029199
"6294",39,"UKENTH_TWU_TP000100",NA,5.17750343599967,4.33739168535891,6.01812858071697
"6295",40,"UKENTH_TWU_TP000100",6.301595476,4.91278767506487,4.12087285888673,5.70751420533142
"6296",41,"UKENTH_TWU_TP000100",NA,5.20335391339967,4.36331529499772,6.04541335514203
"6297",42,"UKENTH_TWU_TP000100",5.582335312,5.19946185869577,4.40549277987964,5.99150466452737
"6298",43,"UKENTH_TWU_TP000100",NA,5.17567030254638,4.35138113906298,5.99948866740827
"6299",44,"UKENTH_TWU_TP000100",5.51081057,5.06986888851877,4.27326989002044,5.86664035683942
"6300",45,"UKENTH_TWU_TP000100",NA,5.14651719257425,4.31457588877405,5.97563003434683
"6346",1,"UKENTH_TWU_TP000103",NA,3.61636645959181,2.76603855204168,4.46311737267755
"6347",2,"UKENTH_TWU_TP000103",4.325357756,3.64747885147131,2.84928819458586,4.44682201234345
"6348",3,"UKENTH_TWU_TP000103",NA,3.88414939299193,3.05197344772751,4.71605215480938
"6349",4,"UKENTH_TWU_TP000103",5.364435515,3.80247334312602,3.00139709750251,4.60144663909545
"6350",5,"UKENTH_TWU_TP000103",NA,4.09805559093892,3.2533170645649,4.94396843286316
"6351",6,"UKENTH_TWU_TP000103",5.56056701,4.30784376110324,3.50718732805629,5.1093652278095
"6352",7,"UKENTH_TWU_TP000103",NA,4.05932905187081,3.20920131890212,4.91062959750085
"6353",8,"UKENTH_TWU_TP000103",5.255437581,4.17191343324786,3.37036468213128,4.97223007253007
"6354",9,"UKENTH_TWU_TP000103",NA,4.365843491934,3.51739644721788,5.21268061912391
"6355",10,"UKENTH_TWU_TP000103",5.690207667,4.46939160666638,3.66704478978373,5.26724762720466
"6356",11,"UKENTH_TWU_TP000103",NA,4.60879834353734,3.76825447472962,5.45111155992838
"6357",12,"UKENTH_TWU_TP000103",6.003075194,4.46370244445687,3.66473590622813,5.26204570076433
"6358",13,"UKENTH_TWU_TP000103",NA,4.46500382387234,3.62382913239276,5.30704903063067
"6359",14,"UKENTH_TWU_TP000103",6.375010694,4.66485160850995,3.8634712803232,5.46384076187227
"6360",15,"UKENTH_TWU_TP000103",NA,4.51192409407141,3.67179390042647,5.35331903195845
"6361",16,"UKENTH_TWU_TP000103",6.06910831,4.70112457631724,3.90128076155674,5.500284132443
"6362",17,"UKENTH_TWU_TP000103",NA,4.52384029285719,3.68409664208828,5.36460166314573
"6363",18,"UKENTH_TWU_TP000103",5.551214881,4.3324010825964,3.53338945015153,5.12962057441756
"6364",19,"UKENTH_TWU_TP000103",NA,4.2868281083474,3.43944429792629,5.13196448063014
"6365",20,"UKENTH_TWU_TP000103",5.804840432,4.27810289441419,3.47647536620778,5.07512699530373
"6366",21,"UKENTH_TWU_TP000103",NA,4.37268090370146,3.53180984337294,5.21287220538652
"6367",22,"UKENTH_TWU_TP000103",5.195998043,4.23662232461941,3.43710891511518,5.03334891493879
"6368",23,"UKENTH_TWU_TP000103",NA,4.49210783111693,3.65644853562667,5.3271659678775
"6369",24,"UKENTH_TWU_TP000103",6.182335714,4.33288435100042,3.53248053696697,5.13019183224553
"6370",25,"UKENTH_TWU_TP000103",NA,4.43905922171038,3.59605145376663,5.28196404553126
"6371",26,"UKENTH_TWU_TP000103",6.317669133,4.27209980760763,3.47304805372217,5.06911508654449
"6372",27,"UKENTH_TWU_TP000103",NA,4.23594723196041,3.39176905719277,5.07847284402039
"6373",28,"UKENTH_TWU_TP000103",6.000734369,4.30070373201553,3.4974304510438,5.09912520398479
"6374",29,"UKENTH_TWU_TP000103",NA,4.42115339022,3.58025817247584,5.26086558515616
"6375",30,"UKENTH_TWU_TP000103",6.313534879,4.25736304781131,3.45598395860826,5.05891845188164
"6376",31,"UKENTH_TWU_TP000103",NA,4.18874971844878,3.30566439395038,5.06950854050492
"6377",32,"UKENTH_TWU_TP000103",6.441846453,4.25495035013107,3.45451637240504,5.05852832875759
"6378",33,"UKENTH_TWU_TP000103",NA,4.23366642997316,3.41145798438249,5.05647200219814
"6379",34,"UKENTH_TWU_TP000103",6.138588328,4.16413699302637,3.36288733376419,4.96314625772029
"6380",35,"UKENTH_TWU_TP000103",NA,4.0765318436209,3.2318344399141,4.91945699418002
"6381",36,"UKENTH_TWU_TP000103",6.785324036,4.15459199620219,3.35662159626765,4.95319530859853
"6382",37,"UKENTH_TWU_TP000103",NA,4.50184518741757,3.66062173042578,5.34202623870456
"6383",38,"UKENTH_TWU_TP000103",6.110913349,4.49227225858776,3.69419544392777,5.29007053627434
"6384",39,"UKENTH_TWU_TP000103",NA,4.80892497263951,3.97073076371417,5.64808629056018
"6385",40,"UKENTH_TWU_TP000103",6.173138997,4.59786132447993,3.79729247136365,5.39755070982406
"6386",41,"UKENTH_TWU_TP000103",NA,4.83680068861003,3.99450034599103,5.68097794868194
"6387",42,"UKENTH_TWU_TP000103",6.705960576,4.83787942225501,4.04037618020625,5.63644119817513
"6388",43,"UKENTH_TWU_TP000103",NA,4.75531956886885,3.92952152907479,5.58044483007166
"6389",44,"UKENTH_TWU_TP000103",6.192744794,4.60720502450626,3.80050411479178,5.41283475975553
"6390",45,"UKENTH_TWU_TP000103",NA,4.72559362985866,3.87277163084796,5.57588900361235
"6391",1,"UKENTH_TWU_TP000106",NA,4.12571791513985,3.30559325545216,4.94377917094907
"6392",2,"UKENTH_TWU_TP000106",3.707546285,4.17086200007188,3.41212783804923,4.93391647365157
"6393",3,"UKENTH_TWU_TP000106",NA,4.36437541292403,3.56343150323489,5.16541471033355
"6394",4,"UKENTH_TWU_TP000106",4.334945783,4.3851550652328,3.62711466554016,5.14419489080816
"6395",5,"UKENTH_TWU_TP000106",NA,4.61640403830016,3.8001754948188,5.43530205330659
"6396",6,"UKENTH_TWU_TP000106",4.623904679,4.81863857867426,4.06177176871367,5.58051456267168
"6397",7,"UKENTH_TWU_TP000106",NA,4.56656716809598,3.74629166568003,5.38940991212536
"6398",8,"UKENTH_TWU_TP000106",NA,4.64230438883201,3.88614149058298,5.39968801868338
"6399",9,"UKENTH_TWU_TP000106",4.767724439,4.88729507450187,4.06363330369004,5.71050106209845
"6400",10,"UKENTH_TWU_TP000106",NA,5.02173823787157,4.26150884709445,5.77998313357528
"6401",11,"UKENTH_TWU_TP000106",4.449008199,5.12285209118891,4.30729447699626,5.94139441569024
"6402",12,"UKENTH_TWU_TP000106",NA,4.99091635321585,4.23391914795087,5.74901878549182
"6403",13,"UKENTH_TWU_TP000106",4.333125262,4.9637540182149,4.14705823081824,5.7820802533511
"6404",14,"UKENTH_TWU_TP000106",4.412976581,5.19257304461568,4.43514315991205,5.95073827235673
"6405",15,"UKENTH_TWU_TP000106",NA,5.02518631403351,4.20954053404944,5.84297986281807
"6406",16,"UKENTH_TWU_TP000106",5.020798839,5.21816596399428,4.46222680112547,5.97680920434223
"6407",17,"UKENTH_TWU_TP000106",NA,5.03948191821449,4.22639783328832,5.85485294634102
"6408",18,"UKENTH_TWU_TP000106",4.245717188,4.72519795736895,3.96371501298733,5.48315499851522
"6409",19,"UKENTH_TWU_TP000106",NA,4.81001901992536,3.98906853105437,5.63013685170349
"6410",20,"UKENTH_TWU_TP000106",4.542922285,4.7810596414223,4.01520608392203,5.54186789394123
"6411",21,"UKENTH_TWU_TP000106",NA,4.87785163666114,4.06310439684677,5.69291556666236
"6412",22,"UKENTH_TWU_TP000106",4.870503793,4.74781014733076,3.98790111748163,5.50550873780674
"6413",23,"UKENTH_TWU_TP000106",NA,5.01411190058992,4.20758063045804,5.82142882407734
"6414",24,"UKENTH_TWU_TP000106",4.836428679,4.85825948242108,4.09937624065962,5.61565958536522
"6415",25,"UKENTH_TWU_TP000106",NA,4.96534398444499,4.1498391062704,5.78206795232908
"6416",26,"UKENTH_TWU_TP000106",4.231697352,4.78725141702967,4.03048802645531,5.54438838085562
"6417",27,"UKENTH_TWU_TP000106",NA,4.74244868603074,3.92463374227058,5.55922769227723
"6418",28,"UKENTH_TWU_TP000106",4.663868389,4.83241746262711,4.07343819578783,5.58955292079015
"6419",29,"UKENTH_TWU_TP000106",NA,4.94199833909964,4.12933790724564,5.75503486088785
"6420",30,"UKENTH_TWU_TP000106",4.024400553,4.80518149106947,4.04762153574809,5.56626765349794
"6421",31,"UKENTH_TWU_TP000106",NA,4.6718753835802,3.80936002102783,5.53228450757573
"6422",32,"UKENTH_TWU_TP000106",5.044927265,4.75043194817444,3.98690282810775,5.51672372117432
"6423",33,"UKENTH_TWU_TP000106",NA,4.72504441918114,3.94101503462668,5.51019811590628
"6424",34,"UKENTH_TWU_TP000106",3.650894579,4.65623073792322,3.89584274009474,5.4156355494393
"6425",35,"UKENTH_TWU_TP000106",NA,4.58985233628766,3.7731806584177,5.40567425730624
"6426",36,"UKENTH_TWU_TP000106",4.487174861,4.67961748387589,3.9229807788647,5.43657089528727
"6427",37,"UKENTH_TWU_TP000106",NA,5.01011618353092,4.19449065988172,5.82611570295382
"6428",38,"UKENTH_TWU_TP000106",4.741579654,4.96899782756578,4.21274162229052,5.72662927793438
"6429",39,"UKENTH_TWU_TP000106",NA,5.32909020512743,4.51400483602525,6.14638208021969
"6430",40,"UKENTH_TWU_TP000106",4.683587658,5.06512736909827,4.3075871140226,5.82338998133978
"6431",41,"UKENTH_TWU_TP000106",NA,5.35727472523241,4.54269162035874,6.17494535866089
"6432",42,"UKENTH_TWU_TP000106",5.071427626,5.38888252880598,4.6318230159655,6.14859527547659
"6433",43,"UKENTH_TWU_TP000106",NA,5.32021496833382,4.53329161214251,6.10908899398807
"6434",44,"UKENTH_TWU_TP000106",4.724201459,5.2012220263887,4.43141602021523,5.97191116797547
"6435",45,"UKENTH_TWU_TP000106",NA,5.28422275594678,4.47086560840561,6.09666666277861
"6661",1,"UKENTH_TWU_TP000133",NA,3.4938279273029,2.64691492005083,4.33811238619821
"6662",2,"UKENTH_TWU_TP000133",4.510783462,3.45924470462455,2.6675998930515,4.25171907915243
"6663",3,"UKENTH_TWU_TP000133",NA,3.73095906466122,2.90010774836519,4.56070123527147
"6664",4,"UKENTH_TWU_TP000133",3.909977917,3.83166393088195,3.03947691727078,4.62619910027279
"6665",5,"UKENTH_TWU_TP000133",NA,3.97877382782062,3.13135693734792,4.82793418814819
"6666",6,"UKENTH_TWU_TP000133",4.77602232,4.0555174154555,3.26331452340732,4.84610480715627
"6667",7,"UKENTH_TWU_TP000133",NA,3.93056326203768,3.07818434040986,4.78474124357621
"6668",8,"UKENTH_TWU_TP000133",5.222741917,3.96474237368718,3.17229316347563,4.75543566704715
"6669",9,"UKENTH_TWU_TP000133",NA,4.26358281758707,3.40987963740008,5.11570126210368
"6670",10,"UKENTH_TWU_TP000133",5.461022864,4.44924544451523,3.65581100869878,5.24002591909626
"6671",11,"UKENTH_TWU_TP000133",NA,4.49489453943469,3.64921325231267,5.34289079856354
"6672",12,"UKENTH_TWU_TP000133",5.0058108,4.40802244981611,3.61730455293268,5.20023559150467
"6673",13,"UKENTH_TWU_TP000133",NA,4.34411690282802,3.49734169615873,5.19210813751366
"6674",14,"UKENTH_TWU_TP000133",5.097482857,4.55763972064236,3.76495337000364,5.34891018361502
"6675",15,"UKENTH_TWU_TP000133",NA,4.4024864047548,3.55683733610276,5.24956075690737
"6676",16,"UKENTH_TWU_TP000133",5.745200034,4.59250809573962,3.80208733341684,5.38487855348655
"6677",17,"UKENTH_TWU_TP000133",NA,4.40840027105259,3.56437514583278,5.25405170195939
"6678",18,"UKENTH_TWU_TP000133",5.217270977,4.1261538378314,3.33319369470093,4.9168940555594
"6679",19,"UKENTH_TWU_TP000133",NA,4.18119738835332,3.33072762160692,5.02990080177869
"6680",20,"UKENTH_TWU_TP000133",5.112230031,4.2448606758203,3.44932987449084,5.03826135161265
"6681",21,"UKENTH_TWU_TP000133",NA,4.23840076846988,3.39289516975211,5.08347539387911
"6682",22,"UKENTH_TWU_TP000133",2.94423992,4.16763816654349,3.37276333974602,4.96138999556222
"6683",23,"UKENTH_TWU_TP000133",NA,4.38220648573304,3.55098849050117,5.21316515069536
"6684",24,"UKENTH_TWU_TP000133",5.554572598,4.25457781923707,3.46229267859571,5.04545709876011
"6685",25,"UKENTH_TWU_TP000133",NA,4.33340487276923,3.48858386515973,5.17871720707546
"6686",26,"UKENTH_TWU_TP000133",5.721064103,4.14726311424711,3.35537645731956,4.93804589299295
"6687",27,"UKENTH_TWU_TP000133",NA,4.12888773250774,3.27993014635037,4.97646227727274
"6688",28,"UKENTH_TWU_TP000133",5.844048559,4.27251355542155,3.4814666917459,5.06366005544661
"6689",29,"UKENTH_TWU_TP000133",NA,4.30320733598475,3.45844474970945,5.14718262553261
"6690",30,"UKENTH_TWU_TP000133",5.544040315,4.17848286356692,3.38721564819255,4.97250551303722
"6691",31,"UKENTH_TWU_TP000133",NA,4.03460420541205,3.1374720534294,4.92849107779836
"6692",32,"UKENTH_TWU_TP000133",NA,4.13983346934435,3.33323392288679,4.9490670443012
"6693",33,"UKENTH_TWU_TP000133",5.258391779,4.09512180062362,3.29202511557341,4.89827279686752
"6694",34,"UKENTH_TWU_TP000133",5.080295497,3.96389557030019,3.16534083734321,4.75702185549089
"6695",35,"UKENTH_TWU_TP000133",NA,3.96921237479159,3.12142152596935,4.81559504152154
"6696",36,"UKENTH_TWU_TP000133",5.529510794,4.08567274043498,3.29430064944238,4.87630301029973
"6697",37,"UKENTH_TWU_TP000133",NA,4.37128998996819,3.52542487223228,5.21713734093912
"6698",38,"UKENTH_TWU_TP000133",5.673483617,4.30235520852423,3.51172974519448,5.09478436194859
"6699",39,"UKENTH_TWU_TP000133",NA,4.69449097343492,3.84952716600446,5.54025702695153
"6700",40,"UKENTH_TWU_TP000133",5.231230265,4.41217728035598,3.61755190836793,5.20874961802857
"6701",41,"UKENTH_TWU_TP000133",NA,4.72094603644076,3.87539816748687,5.56883531954076
"6702",42,"UKENTH_TWU_TP000133",4.882038627,4.72981080420611,3.93597141311117,5.52314573006201
"6703",43,"UKENTH_TWU_TP000133",NA,4.71637358189583,3.88997940398619,5.54438674235162
"6704",44,"UKENTH_TWU_TP000133",4.298488587,4.57744215033236,3.7794239500437,5.37469187816507
"6705",45,"UKENTH_TWU_TP000133",5.478801438,4.69433411675787,3.86625747276513,5.52196702186868
"1",1,"UKENAN_AW_TP000016",NA,4.2040996922215,3.36729304322537,5.03838794768774
"2",2,"UKENAN_AW_TP000016",3.166716595,4.1842118155901,3.39208841385481,4.97616794950053
"3",3,"UKENAN_AW_TP000016",NA,4.4914230136717,3.67345734989995,5.30996556420334
"4",4,"UKENAN_AW_TP000016",4.399067904,4.44141018744193,3.64926989309299,5.23404676228428
"5",5,"UKENAN_AW_TP000016",NA,4.67176275971821,3.84304827579524,5.50236108309556
"6",6,"UKENAN_AW_TP000016",4.798044081,4.83085618429659,4.03473506486629,5.62420723437778
"7",7,"UKENAN_AW_TP000016",NA,4.65826673900549,3.82593225112583,5.49241263289839
"8",8,"UKENAN_AW_TP000016",5.232496879,4.7647237085297,3.97074155990104,5.55667634349955
"9",9,"UKENAN_AW_TP000016",NA,4.94806882321341,4.11595151186268,5.77948127824813
"10",10,"UKENAN_AW_TP000016",4.194496483,5.09318785343486,4.29956909061388,5.88446961725986
"11",11,"UKENAN_AW_TP000016",NA,5.19908226657759,4.37179240162448,6.02885731279175
"12",12,"UKENAN_AW_TP000016",3.188630181,5.11019041288628,4.3189920948592,5.90441675294185
"13",13,"UKENAN_AW_TP000016",NA,5.06864081445032,4.24150650588344,5.89757362453873
"14",14,"UKENAN_AW_TP000016",6.306866468,5.23068717269095,4.4354061998323,6.0233862604538
"15",15,"UKENAN_AW_TP000016",NA,5.10424919085567,4.27683682020464,5.93397655871484
"16",16,"UKENAN_AW_TP000016",5.303425248,5.32444282513262,4.53113350766853,6.11787932412238
"17",17,"UKENAN_AW_TP000016",NA,5.10402297833275,4.27897021489694,5.93083556669943
"18",18,"UKENAN_AW_TP000016",4.390269909,4.98735021808669,4.19625797701092,5.77880013740513
"19",19,"UKENAN_AW_TP000016",NA,4.87022321167899,4.03925813802135,5.6997015713953
"20",20,"UKENAN_AW_TP000016",5.671741487,4.89136759423183,4.10024064405501,5.68335710550384
"21",21,"UKENAN_AW_TP000016",NA,4.95136847457491,4.12447669540613,5.77844243894896
"22",22,"UKENAN_AW_TP000016",3.953577011,4.85654463499436,4.06545014440124,5.64853415447365
"23",23,"UKENAN_AW_TP000016",NA,5.0639125682836,4.2413841889764,5.88665679816397
"24",24,"UKENAN_AW_TP000016",4.126032452,4.96733719906795,4.17553569257641,5.75867564978999
"25",25,"UKENAN_AW_TP000016",NA,5.02752571835339,4.20083659215582,5.85518452685855
"26",26,"UKENAN_AW_TP000016",4.096269631,4.89233330316325,4.10082434941363,5.68412462459018
"27",27,"UKENAN_AW_TP000016",NA,4.84705160047989,4.01806808690924,5.67543368635324
"28",28,"UKENAN_AW_TP000016",4.342471563,4.98122754991666,4.1890109103975,5.7726199012557
"29",29,"UKENAN_AW_TP000016",NA,4.99245285355756,4.16918278653751,5.81559373878074
"30",30,"UKENAN_AW_TP000016",3.660576284,4.88937508328052,4.09746287624294,5.68326396172017
"31",31,"UKENAN_AW_TP000016",NA,4.76852672417606,3.90226383870537,5.63309342008769
"32",32,"UKENAN_AW_TP000016",3.344399242,4.85887721453733,4.06523432806311,5.65710457539531
"33",33,"UKENAN_AW_TP000016",NA,4.82180146291905,4.01137059215028,5.63392216369004
"34",34,"UKENAN_AW_TP000016",3.84208184,4.68458351664891,3.89110553444431,5.47653229620392
"35",35,"UKENAN_AW_TP000016",NA,4.66762988075117,3.83873204180765,5.49571147113806
"36",36,"UKENAN_AW_TP000016",4.935562603,4.68357364881351,3.89199602709408,5.47599016079176
"37",37,"UKENAN_AW_TP000016",NA,5.07826580784124,4.25106864760737,5.90514722700128
"38",38,"UKENAN_AW_TP000016",5.473430513,5.07701110294769,4.28618189961275,5.86969571188749
"39",39,"UKENAN_AW_TP000016",NA,5.38011713026557,4.55428863719946,6.20754811006347
"40",40,"UKENAN_AW_TP000016",NA,5.18543499875314,4.39256843643526,5.97791473408524
"41",41,"UKENAN_AW_TP000016",NA,5.40868558818305,4.58162234658101,6.23844288023745
"42",42,"UKENAN_AW_TP000016",NA,5.30718352707108,4.51536951422422,6.09809158014622
"43",43,"UKENAN_AW_TP000016",NA,5.30461826036999,4.4828822344508,6.12596075870036
"44",44,"UKENAN_AW_TP000016",NA,5.11089665748272,4.31754640883895,5.90556506582915
"45",45,"UKENAN_AW_TP000016",NA,5.29111958662765,4.45367206035559,6.12753816715241
"91",1,"UKENAN_AW_TP000037",NA,4.4330778904252,3.59870985392469,5.26525726041011
"92",2,"UKENAN_AW_TP000037",3.903311068,4.37201866476628,3.58677849626283,5.15578019669271
"93",3,"UKENAN_AW_TP000037",NA,4.7358695334769,3.92207446833431,5.55038270396302
"94",4,"UKENAN_AW_TP000037",5.183000937,4.71331184073856,3.9293720916291,5.49805289174884
"95",5,"UKENAN_AW_TP000037",NA,4.89999782027761,4.07492274048039,5.72722145278042
"96",6,"UKENAN_AW_TP000037",4.947731398,5.06573668663463,4.27991107147842,5.85099016006524
"97",7,"UKENAN_AW_TP000037",NA,4.90337545787075,4.07641943418086,5.73223838445383
"98",8,"UKENAN_AW_TP000037",4.313605257,5.00043864465694,4.21495238907371,5.78427741094878
"99",9,"UKENAN_AW_TP000037",NA,5.17788675219589,4.34947499243718,6.00617483649279
"100",10,"UKENAN_AW_TP000037",5.384973196,5.40847602363662,4.62331516938163,6.19329117049371
"101",11,"UKENAN_AW_TP000037",NA,5.4304655597351,4.6059501692366,6.25736186908891
"102",12,"UKENAN_AW_TP000037",5.076687378,5.37170478143056,4.58897878252213,6.15766924021427
"103",13,"UKENAN_AW_TP000037",NA,5.31857609015059,4.4945609599397,6.14449406317015
"104",14,"UKENAN_AW_TP000037",5.630214491,5.44686329189853,4.66122340154791,6.23107457593455
"105",15,"UKENAN_AW_TP000037",NA,5.33452416548844,4.50998126904661,6.16134467065635
"106",16,"UKENAN_AW_TP000037",5.31335313,5.59423410020613,4.81015305086711,6.38024013979727
"107",17,"UKENAN_AW_TP000037",NA,5.33413008087012,4.51246031440618,6.15757592341589
"108",18,"UKENAN_AW_TP000037",4.963939863,5.22464841219504,4.44162611118715,6.00804290573825
"109",19,"UKENAN_AW_TP000037",NA,5.10241567650892,4.27517982567082,5.92851087360517
"110",20,"UKENAN_AW_TP000037",4.87561066,5.07387188605519,4.290476224972,5.85867454795371
"111",21,"UKENAN_AW_TP000037",NA,5.16819665777994,4.34430105104282,5.99260323433306
"112",22,"UKENAN_AW_TP000037",5.063259459,5.08312803465814,4.30035545702221,5.86724531401592
"113",23,"UKENAN_AW_TP000037",NA,5.28979255375175,4.47007763506871,6.11004619190951
"114",24,"UKENAN_AW_TP000037",5.001672052,5.22053947515625,4.43685452719552,6.00343847887825
"115",25,"UKENAN_AW_TP000037",NA,5.24222977943409,4.41921239250103,6.06648156873694
"116",26,"UKENAN_AW_TP000037",4.876278364,5.14719350439971,4.36433331574582,5.93137132697701
"117",27,"UKENAN_AW_TP000037",NA,5.08471644970734,4.25839905453148,5.9104775039385
"118",28,"UKENAN_AW_TP000037",4.923187599,5.22158779672608,4.43674737401853,6.005137459115
"119",29,"UKENAN_AW_TP000037",NA,5.22117571545632,4.40326525545601,6.03979280244486
"120",30,"UKENAN_AW_TP000037",5.154712338,5.13399373163052,4.35093321644815,5.91852740432012
"121",31,"UKENAN_AW_TP000037",NA,5.00920606213244,4.14820546957899,5.869020275646
"122",32,"UKENAN_AW_TP000037",4.734279882,5.09710927184532,4.31121878775489,5.88553078735823
"123",33,"UKENAN_AW_TP000037",NA,5.0476182991484,4.24084328287001,5.85595959648024
"124",34,"UKENAN_AW_TP000037",3.838015623,4.8303159134183,4.04375469383546,5.61454824258088
"125",35,"UKENAN_AW_TP000037",NA,4.90119237412154,4.07548734478739,5.72641263211583
"126",36,"UKENAN_AW_TP000037",4.45439103,4.87387569308103,4.08988682547211,5.65825810539267
"127",37,"UKENAN_AW_TP000037",NA,5.30021499473253,4.47546998113472,6.12507367074813
"128",38,"UKENAN_AW_TP000037",5.245269379,5.29070006083815,4.5071577467023,6.07787576172442
"129",39,"UKENAN_AW_TP000037",NA,5.60908474681266,4.78525422410961,6.4348876827444
"130",40,"UKENAN_AW_TP000037",5.147973496,5.43469966839033,4.65170576924133,6.21791793583594
"131",41,"UKENAN_AW_TP000037",NA,5.63110267262032,4.8075398118447,6.45781810938535
"132",42,"UKENAN_AW_TP000037",4.639684283,5.48793558714946,4.70356861168352,6.27085561818715
"133",43,"UKENAN_AW_TP000037",NA,5.49627628097262,4.67273108515727,6.31917179971902
"134",44,"UKENAN_AW_TP000037",6.105386941,5.37201647249004,4.58630513597831,6.16159227305615
"135",45,"UKENAN_AW_TP000037",NA,5.52132824091506,4.68838878472178,6.35369583095544
"181",1,"UKENAN_AW_TP000051",NA,3.67160763465335,2.81119079875005,4.52863114740722
"182",2,"UKENAN_AW_TP000051",4.796108887,3.67475292114297,2.85972815616899,4.4914028155995
"183",3,"UKENAN_AW_TP000051",NA,3.94851075978815,3.10622495806088,4.79087664217256
"184",4,"UKENAN_AW_TP000051",4.795404645,3.89078354344891,3.07360531223896,4.70693882390884
"185",5,"UKENAN_AW_TP000051",NA,4.14530906163679,3.29081156095747,5.00071944317436
"186",6,"UKENAN_AW_TP000051",5.587934523,4.3205882244238,3.50115357853913,5.13783297574439
"187",7,"UKENAN_AW_TP000051",NA,4.11993083246908,3.26067682117832,4.98009280085072
"188",8,"UKENAN_AW_TP000051",5.549685277,4.21432770086198,3.39485367486103,5.0308263815572
"189",9,"UKENAN_AW_TP000051",NA,4.41631634175921,3.55902936459854,5.27177818705213
"190",10,"UKENAN_AW_TP000051",5.430129731,4.55282004072234,3.73254176822363,5.36743782019771
"191",11,"UKENAN_AW_TP000051",NA,4.66674737460091,3.81611565317131,5.51891994168355
"192",12,"UKENAN_AW_TP000051",5.862402829,4.55654863435151,3.74155058959838,5.37300239022462
"193",13,"UKENAN_AW_TP000051",NA,4.53145718659319,3.68064667484519,5.38341487371719
"194",14,"UKENAN_AW_TP000051",5.779262099,4.70244583929802,3.8823302541053,5.51796782865274
"195",15,"UKENAN_AW_TP000051",NA,4.57017354878092,3.72007822376292,5.42173593910999
"196",16,"UKENAN_AW_TP000051",4.864241185,4.76835095617159,3.94990460765207,5.58451629246997
"197",17,"UKENAN_AW_TP000051",NA,4.5768475696002,3.72725944376467,5.42745917462364
"198",18,"UKENAN_AW_TP000051",4.906298551,4.40544950035947,3.58989387223233,5.22004826227029
"199",19,"UKENAN_AW_TP000051",NA,4.33915860272431,3.48278850095638,5.19278903307198
"200",20,"UKENAN_AW_TP000051",5.426653515,4.33619397546285,3.51971129966109,5.15019564888203
"201",21,"UKENAN_AW_TP000051",NA,4.42174404839359,3.5708995556927,5.27176420287908
"202",22,"UKENAN_AW_TP000051",5.41641016,4.30892895207209,3.49326635008257,5.12306530215614
"203",23,"UKENAN_AW_TP000051",NA,4.5397969982749,3.69358853502075,5.3848245872788
"204",24,"UKENAN_AW_TP000051",5.518475377,4.40761896911556,3.59064791555928,5.22183521185381
"205",25,"UKENAN_AW_TP000051",NA,4.49084410058913,3.63893958796654,5.34258563314633
"206",26,"UKENAN_AW_TP000051",5.795185548,4.34633295212411,3.5309799271508,5.16117626131844
"207",27,"UKENAN_AW_TP000051",NA,4.30598382961083,3.45234581515411,5.15851669116319
"208",28,"UKENAN_AW_TP000051",5.279331829,4.39993746601294,3.58206644038746,5.21529977708656
"209",29,"UKENAN_AW_TP000051",NA,4.46546390555476,3.61545610753841,5.31407439783021
"210",30,"UKENAN_AW_TP000051",5.369455119,4.33586585757983,3.5183407682107,5.15603593544691
"211",31,"UKENAN_AW_TP000051",NA,4.239771443609,3.346852207068,5.12987182376657
"212",32,"UKENAN_AW_TP000051",4.869042736,4.3211552644688,3.50469253229771,5.14208959488495
"213",33,"UKENAN_AW_TP000051",NA,4.29309266166949,3.459889742461,5.12754545684499
"214",34,"UKENAN_AW_TP000051",5.868759311,4.17506228363889,3.35686910683869,4.99007190177137
"215",35,"UKENAN_AW_TP000051",NA,4.13441983816834,3.28011171588407,4.98726096582217
"216",36,"UKENAN_AW_TP000051",5.760341207,4.19411611711378,3.37907514848725,5.00968203089691
"217",37,"UKENAN_AW_TP000051",NA,4.55002592794038,3.69880106264306,5.40014568451299
"218",38,"UKENAN_AW_TP000051",6.655031988,4.53869574537078,3.72376386979397,5.35388800588333
"219",39,"UKENAN_AW_TP000051",NA,4.85733528064817,4.00880863111003,5.70659859767931
"220",40,"UKENAN_AW_TP000051",6.47401441,4.64179571164005,3.8240469136998,5.45854796561725
"221",41,"UKENAN_AW_TP000051",NA,4.88329316676203,4.03106340763023,5.73732985634549
"222",42,"UKENAN_AW_TP000051",5.798553401,4.84242941875482,4.02690329858116,5.65673926079912
"223",43,"UKENAN_AW_TP000051",NA,4.80192774075433,3.96031840056466,5.6418715949484
"224",44,"UKENAN_AW_TP000051",3.358993107,4.64919282891749,3.82960194494337,5.46855302973888
"225",45,"UKENAN_AW_TP000051",NA,4.77289718875398,3.91052453106154,5.63206771337075
"316",1,"UKENAN_AW_TP000069",NA,4.07632667713187,3.22677607758148,4.92369526827479
"317",2,"UKENAN_AW_TP000069",2.780945214,4.03007505803373,3.22457897920407,4.83675060332806
"318",3,"UKENAN_AW_TP000069",NA,4.36383217427316,3.5333130671353,5.19511676763187
"319",4,"UKENAN_AW_TP000069",2.875723854,4.3349604888689,3.52941985752329,5.14060471910863
"320",5,"UKENAN_AW_TP000069",NA,4.54432585580186,3.70237091932755,5.38799759247857
"321",6,"UKENAN_AW_TP000069",5.208349592,4.6895062489185,3.88086267202634,5.49490105313511
"322",7,"UKENAN_AW_TP000069",NA,4.54594632144007,3.70109453730767,5.3921390519
"323",8,"UKENAN_AW_TP000069",3.050394259,4.62227863183754,3.81486657851229,5.42658588662356
"324",9,"UKENAN_AW_TP000069",NA,4.81778517814163,3.9723264192474,5.66227309296552
"325",10,"UKENAN_AW_TP000069",3.784867635,5.01984123556684,4.21001833756545,5.82498055818074
"326",11,"UKENAN_AW_TP000069",NA,5.08028283050861,4.23962929883031,5.92245995372573
"327",12,"UKENAN_AW_TP000069",4.57376694,5.01094808635887,4.20721990580574,5.81790406444939
"328",13,"UKENAN_AW_TP000069",NA,4.94267999869296,4.1018631615633,5.78466935276397
"329",14,"UKENAN_AW_TP000069",4.713552074,5.08988253694581,4.28058799830313,5.89468648944551
"330",15,"UKENAN_AW_TP000069",NA,4.97742230916186,4.13714345128254,5.81973475915577
"331",16,"UKENAN_AW_TP000069",4.587114908,5.19872524419354,4.39074240549245,6.00488442142614
"332",17,"UKENAN_AW_TP000069",NA,4.97993259977548,4.14171549198514,5.81985091321796
"333",18,"UKENAN_AW_TP000069",3.475336839,4.83577386915485,4.03152580703722,5.64073514684495
"334",19,"UKENAN_AW_TP000069",NA,4.74619790582751,3.90190383442633,5.58826964047586
"335",20,"UKENAN_AW_TP000069",3.136761124,4.73550579078796,3.9308705042072,5.54186864230005
"336",21,"UKENAN_AW_TP000069",NA,4.81980335482678,3.97963441863213,5.65991710948006
"337",22,"UKENAN_AW_TP000069",2.897817283,4.73820019353342,3.93407847164121,5.54384285351593
"338",23,"UKENAN_AW_TP000069",NA,4.93918368764316,4.10283213609471,5.7747059856621
"339",24,"UKENAN_AW_TP000069",4.685477241,4.85415372450771,4.04865063276262,5.65820221509635
"340",25,"UKENAN_AW_TP000069",NA,4.89993534304254,4.06009512171167,5.74052709657948
"341",26,"UKENAN_AW_TP000069",3.521932868,4.78072586755855,3.97656067174083,5.58643581389016
"342",27,"UKENAN_AW_TP000069",NA,4.72892078393032,3.88588090091453,5.57141510992264
"343",28,"UKENAN_AW_TP000069",5.083967893,4.84715642024496,4.04094793044057,5.65274450405828
"344",29,"UKENAN_AW_TP000069",NA,4.86442904112322,4.02816866573464,5.70054523912434
"345",30,"UKENAN_AW_TP000069",3.464791183,4.7578824587871,3.95294914226742,5.56736729440888
"346",31,"UKENAN_AW_TP000069",NA,4.62803324403715,3.74303655393071,5.51004529106871
"347",32,"UKENAN_AW_TP000069",3.304894256,4.7311350557952,3.92557637331539,5.54070919053457
"348",33,"UKENAN_AW_TP000069",NA,4.70188414870825,3.87842614157689,5.52743434623171
"349",34,"UKENAN_AW_TP000069",3.024636607,4.51568343477279,3.70903420646657,5.3199766932628
"350",35,"UKENAN_AW_TP000069",NA,4.54131874572022,3.69906373140214,5.38310837660776
"351",36,"UKENAN_AW_TP000069",3.423211066,4.57364964399818,3.76918650211775,5.37906398540732
"352",37,"UKENAN_AW_TP000069",NA,4.93919619266285,4.09805114631158,5.77996157472464
"353",38,"UKENAN_AW_TP000069",5.06197873,4.95504492309342,4.15132285323254,5.76263711493351
"354",39,"UKENAN_AW_TP000069",NA,5.25256738461136,4.41347524357198,6.09259338668697
"355",40,"UKENAN_AW_TP000069",4.384190703,5.04438249836121,4.23889819970357,5.84980113326928
"356",41,"UKENAN_AW_TP000069",NA,5.27983154491985,4.43948874834235,6.12298166092108
"357",42,"UKENAN_AW_TP000069",4.524430418,5.18584916676171,4.37962553353683,5.98956314518064
"358",43,"UKENAN_AW_TP000069",NA,5.19008589417833,4.35504478814547,6.02349595181096
"359",44,"UKENAN_AW_TP000069",4.47439468,5.04755222654601,4.24195696337023,5.85597589347082
"360",45,"UKENAN_AW_TP000069",NA,5.17530284643291,4.32577995417654,6.02241893535722
"2926",1,"UKENNE_YW_TP000095",3.547733582,4.47078156626833,3.62976154364335,5.3102906915345
"2927",2,"UKENNE_YW_TP000095",NA,4.440320394631,3.6395007893844,5.23888475979134
"2928",3,"UKENNE_YW_TP000095",3.859322886,4.75874522069468,3.93546942768784,5.58315732789264
"2929",4,"UKENNE_YW_TP000095",NA,4.59959689055818,3.79745874935993,5.39988212991206
"2930",5,"UKENNE_YW_TP000095",4.049664442,4.94273285938153,4.10972083874033,5.7776750279595
"2931",6,"UKENNE_YW_TP000095",NA,4.87250569733226,4.07067481797214,5.67613971617809
"2932",7,"UKENNE_YW_TP000095",4.141306656,4.88213971940937,4.04225551887461,5.72383044968714
"2933",8,"UKENNE_YW_TP000095",NA,5.00950720230995,4.21027446646145,5.80918387774536
"2934",9,"UKENNE_YW_TP000095",4.568814982,5.20129293828229,4.36674129556016,6.03571061234555
"2935",10,"UKENNE_YW_TP000095",NA,5.29446625940825,4.49620434256384,6.09380757922606
"2936",11,"UKENNE_YW_TP000095",4.930566355,5.45541724957011,4.62405216501514,6.28895107359808
"2937",12,"UKENNE_YW_TP000095",NA,5.41153432153015,4.61356709295882,6.21002125369856
"2938",13,"UKENNE_YW_TP000095",NA,5.37774832941545,4.54651682677468,6.21151841778805
"2939",14,"UKENNE_YW_TP000095",5.424955616,5.49110325854988,4.6930322370554,6.29000724747706
"2940",15,"UKENNE_YW_TP000095",4.768407066,5.3600071440107,4.52910336134995,6.1926441454512
"2941",16,"UKENNE_YW_TP000095",NA,5.55341617451293,4.755115592094,6.35309831600603
"2942",17,"UKENNE_YW_TP000095",4.528944127,5.3928016899859,4.56282258322208,6.22379672781653
"2943",18,"UKENNE_YW_TP000095",NA,5.30188902666539,4.50449278967489,6.10292006763675
"2944",19,"UKENNE_YW_TP000095",3.519786003,5.1579846090884,4.32553498744239,5.98900923577556
"2945",20,"UKENNE_YW_TP000095",NA,5.27643226024803,4.47814274537166,6.07590475301397
"2946",21,"UKENNE_YW_TP000095",4.371896744,5.2159005491345,4.38440731128146,6.04694342319576
"2947",22,"UKENNE_YW_TP000095",NA,5.29610686568244,4.49380960635764,6.09673821639514
"2948",23,"UKENNE_YW_TP000095",4.170685418,5.3304327886593,4.5038685188412,6.15805786599943
"2949",24,"UKENNE_YW_TP000095",NA,5.27936075357031,4.48127951280846,6.07821819062413
"2950",25,"UKENNE_YW_TP000095",4.463034986,5.24034978962875,4.40652690985376,6.07394573205417
"2951",26,"UKENNE_YW_TP000095",NA,5.23348637304063,4.43492683525474,6.03367535022027
"2952",27,"UKENNE_YW_TP000095",5.09171785,5.15898932706716,4.32674610163728,5.98999076880355
"2953",28,"UKENNE_YW_TP000095",NA,5.28215164891792,4.48303017694261,6.08076038282247
"2954",29,"UKENNE_YW_TP000095",4.908313041,5.25886252217499,4.43175049692585,6.08695098255194
"2955",30,"UKENNE_YW_TP000095",NA,5.30660902430665,4.50693800396339,6.10609259018523
"2956",31,"UKENNE_YW_TP000095",NA,5.14110439452261,4.28490680471092,5.99884109065701
"2957",32,"UKENNE_YW_TP000095",3.986050243,5.23390665602517,4.43486579860715,6.03556555704851
"2958",33,"UKENNE_YW_TP000095",3.875880952,5.09958952019047,4.28338356768703,5.91735956761146
"2959",34,"UKENNE_YW_TP000095",NA,4.88035499471275,4.08012759791584,5.67940672171858
"2960",35,"UKENNE_YW_TP000095",3.898227482,4.9529670512908,4.11932874723565,5.7849910718223
"2961",36,"UKENNE_YW_TP000095",NA,4.94507136800298,4.14622134339657,5.74670155537055
"2962",37,"UKENNE_YW_TP000095",4.219304823,5.32592378224996,4.4955527401596,6.1571279782109
"2963",38,"UKENNE_YW_TP000095",NA,5.28602982059311,4.48727114721896,6.08412816192174
"2964",39,"UKENNE_YW_TP000095",4.60982866,5.65963816968426,4.82881745668939,6.49083177602378
"2965",40,"UKENNE_YW_TP000095",NA,5.47258056333831,4.67249259987219,6.27104841595576
"2966",41,"UKENNE_YW_TP000095",5.179168325,5.68623158963842,4.85472306743618,6.52082563957962
"2967",42,"UKENNE_YW_TP000095",NA,5.51823183154305,4.71907432296832,6.31770225069292
"2968",43,"UKENNE_YW_TP000095",5.15962546,5.60081798801826,4.77389534418567,6.42782030169114
"2969",44,"UKENNE_YW_TP000095",NA,5.53683213660352,4.73637929367443,6.33570162371704
"2970",45,"UKENNE_YW_TP000095",NA,5.54232558934977,4.69657054100456,6.38852378288169
"4996",1,"UKENSO_SW_TP000091",5.076883779,4.52920873648048,3.65127468643196,5.40558407176026
"4997",2,"UKENSO_SW_TP000091",NA,4.57536304299748,3.72849414626371,5.42362501348901
"4998",3,"UKENSO_SW_TP000091",4.864055441,4.81433829376576,3.95472579999189,5.67498053447127
"4999",4,"UKENSO_SW_TP000091",NA,4.80826131058445,3.96066653847753,5.65539737915057
"5000",5,"UKENSO_SW_TP000091",5.053609274,5.00830069865787,4.13909227093744,5.87991732348504
"5001",6,"UKENSO_SW_TP000091",NA,5.11413582227506,4.2665376218647,5.95992539635675
"5002",7,"UKENSO_SW_TP000091",5.245378709,4.92345751983225,4.04711367930435,5.80218888340827
"5003",8,"UKENSO_SW_TP000091",NA,4.99771447846628,4.1517017842574,5.84577945686666
"5004",9,"UKENSO_SW_TP000091",5.193642309,5.32078223229739,4.44698933895422,6.19372264098502
"5005",10,"UKENSO_SW_TP000091",NA,5.41440412337401,4.56901963832556,6.26075346107622
"5006",11,"UKENSO_SW_TP000091",5.370743382,5.54091681363029,4.67162879260355,6.41371912719062
"5007",12,"UKENSO_SW_TP000091",NA,5.53584329933137,4.68967228461426,6.38187489018704
"5008",13,"UKENSO_SW_TP000091",5.726347341,5.43148265675804,4.5631620772142,6.30258443361997
"5009",14,"UKENSO_SW_TP000091",NA,5.44849280359943,4.60294036746784,6.29510612438591
"5010",15,"UKENSO_SW_TP000091",5.597402956,5.44679299237021,4.57807059820233,6.31784584949475
"5011",16,"UKENSO_SW_TP000091",NA,5.5087887918199,4.66339925560821,6.35616718365694
"5012",17,"UKENSO_SW_TP000091",5.349382548,5.41726226455443,4.55068439401342,6.28551150842542
"5013",18,"UKENSO_SW_TP000091",NA,5.2877541935321,4.44223740534715,6.13492664279147
"5014",19,"UKENSO_SW_TP000091",5.727181033,5.23191274671026,4.36085205948451,6.10161499704314
"5015",20,"UKENSO_SW_TP000091",NA,5.3639130244909,4.5116189261859,6.21196081139466
"5016",21,"UKENSO_SW_TP000091",4.286493962,5.27027866050697,4.40198752728754,6.13863075341312
"5017",22,"UKENSO_SW_TP000091",NA,5.25099193371863,4.40451780162734,6.09669100193946
"5018",23,"UKENSO_SW_TP000091",5.284649666,5.38018429101256,4.51521453999773,6.24663871389136
"5019",24,"UKENSO_SW_TP000091",NA,5.4041269121949,4.55622021780765,6.25070308835711
"5020",25,"UKENSO_SW_TP000091",5.348867565,5.37738119296656,4.50898341250589,6.24745976417615
"5021",26,"UKENSO_SW_TP000091",NA,5.28336073916351,4.43660205131191,6.12913084932118
"5022",27,"UKENSO_SW_TP000091",5.638341821,5.21953687220129,4.34954372743555,6.0892490878833
"5023",28,"UKENSO_SW_TP000091",NA,5.37700946420245,4.53090964732734,6.22304406608885
"5024",29,"UKENSO_SW_TP000091",4.976977978,5.32897148865304,4.46098383095464,6.19604603816205
"5025",30,"UKENSO_SW_TP000091",NA,5.34031703784797,4.49360234620223,6.18658689206742
"5026",31,"UKENSO_SW_TP000091",NA,5.13522922980501,4.23454960927325,6.03519364148295
"5027",32,"UKENSO_SW_TP000091",5.005597167,5.25220959818444,4.40567383682975,6.10252741586062
"5028",33,"UKENSO_SW_TP000091",5.455663592,5.18009981606116,4.32609818491279,6.03556047108707
"5029",34,"UKENSO_SW_TP000091",NA,5.00051125198799,4.15295104647565,5.84918163945792
"5030",35,"UKENSO_SW_TP000091",4.748376919,5.01953377310266,4.14971519214805,5.88849046861043
"5031",36,"UKENSO_SW_TP000091",NA,5.10039903618837,4.25324265252,5.94653290336548
"5032",37,"UKENSO_SW_TP000091",5.863471372,5.35282581805218,4.48274260949547,6.22361451337976
"5033",38,"UKENSO_SW_TP000091",NA,5.35638245011498,4.50826589969467,6.20351674084703
"5034",39,"UKENSO_SW_TP000091",5.561180587,5.73099057036826,4.86076323220181,6.60371086280924
"5035",40,"UKENSO_SW_TP000091",NA,5.4899305038593,4.64247547382111,6.33844750281531
"5036",41,"UKENSO_SW_TP000091",5.19615949,5.73305148451589,4.86598675054687,6.60295763160248
"5037",42,"UKENSO_SW_TP000091",NA,5.67470107111688,4.82749394266349,6.52092673811986
"5038",43,"UKENSO_SW_TP000091",5.626152086,5.67360455415905,4.80814929179494,6.54062792371161
"5039",44,"UKENSO_SW_TP000091",NA,5.48470673048407,4.63793025490561,6.3313312650283
"5040",45,"UKENSO_SW_TP000091",NA,5.61624015141297,4.73365523984228,6.4981482294872
"5176",1,"UKENSW_SWS_TP000025",NA,4.57162890125363,3.62595014692155,5.51677006753509
"5177",2,"UKENSW_SWS_TP000025",4.92367286,4.65136425041975,3.73190679771975,5.57167283157688
"5178",3,"UKENSW_SWS_TP000025",NA,4.81965654814937,3.88631168352405,5.75247055808073
"5179",4,"UKENSW_SWS_TP000025",4.369831794,4.75089403968469,3.83256910782078,5.67073396302004
"5180",5,"UKENSW_SWS_TP000025",NA,4.97353901279737,4.03733155003939,5.91192076180464
"5181",6,"UKENSW_SWS_TP000025",5.280104844,5.03822981058939,4.119779226693,5.95825577201788
"5182",7,"UKENSW_SWS_TP000025",NA,5.02895576068549,4.0868285157227,5.97303337131951
"5183",8,"UKENSW_SWS_TP000025",6.146437845,4.97562997996008,4.05799886596078,5.89581591253783
"5184",9,"UKENSW_SWS_TP000025",NA,5.29192796876854,4.35273527846799,6.23137101153327
"5185",10,"UKENSW_SWS_TP000025",6.553380114,5.4535258047157,4.53673748146795,6.37089302940562
"5186",11,"UKENSW_SWS_TP000025",NA,5.56115405097716,4.62270949048274,6.50163031096669
"5187",12,"UKENSW_SWS_TP000025",6.347702783,5.46120960337276,4.54287829994515,6.37835696160274
"5188",13,"UKENSW_SWS_TP000025",NA,5.41968811001175,4.48021918373522,6.35965489559288
"5189",14,"UKENSW_SWS_TP000025",5.765275567,5.41502458133017,4.49697435466714,6.33605384557578
"5190",15,"UKENSW_SWS_TP000025",NA,5.457617009414,4.51956564351271,6.39813482153484
"5191",16,"UKENSW_SWS_TP000025",6.053145857,5.58445869019424,4.66660915038246,6.50227683653614
"5192",17,"UKENSW_SWS_TP000025",NA,5.46880130112166,4.52995369468298,6.40948997097471
"5193",18,"UKENSW_SWS_TP000025",6.009335945,5.39684501497697,4.47857960252269,6.3140477471096
"5194",19,"UKENSW_SWS_TP000025",NA,5.20356885353164,4.26143570081338,6.14482594484207
"5195",20,"UKENSW_SWS_TP000025",5.759091481,5.30133768792041,4.38382951927238,6.2181940773495
"5196",21,"UKENSW_SWS_TP000025",NA,5.24974665535502,4.31051452411275,6.18824508385841
"5197",22,"UKENSW_SWS_TP000025",4.944469715,5.22503930862822,4.30736586163559,6.14167597911033
"5198",23,"UKENSW_SWS_TP000025",NA,5.38301013556634,4.44679710971144,6.31945441444644
"5199",24,"UKENSW_SWS_TP000025",6.481304174,5.39600451112055,4.47776458501039,6.31278639397677
"5200",25,"UKENSW_SWS_TP000025",NA,5.33543957002407,4.39508922996549,6.27638818188235
"5201",26,"UKENSW_SWS_TP000025",5.787018945,5.39806342916066,4.47802959332717,6.31654233209764
"5202",27,"UKENSW_SWS_TP000025",NA,5.20755253291145,4.26461104986297,6.15019078171498
"5203",28,"UKENSW_SWS_TP000025",5.237375523,5.52808657686876,4.6093494207913,6.44656798213347
"5204",29,"UKENSW_SWS_TP000025",NA,5.32046885519734,4.38390616808385,6.25805299041114
"5205",30,"UKENSW_SWS_TP000025",6.160412354,5.42532636187282,4.50711004859938,6.34299758147948
"5206",31,"UKENSW_SWS_TP000025",NA,5.2647410316571,4.3057613766292,6.22516922369763
"5207",32,"UKENSW_SWS_TP000025",6.255519914,5.12069154409652,4.19611519051434,6.04523082805303
"5208",33,"UKENSW_SWS_TP000025",NA,5.22247863870757,4.29363864286279,6.15260008269142
"5209",34,"UKENSW_SWS_TP000025",5.957748318,5.11735854136977,4.19853746571664,6.03520504306097
"5210",35,"UKENSW_SWS_TP000025",NA,5.07383282782576,4.13516297624049,6.01319533624695
"5211",36,"UKENSW_SWS_TP000025",5.248426199,5.15624497338162,4.2388293056162,6.07343354404797
"5212",37,"UKENSW_SWS_TP000025",NA,5.39924517564998,4.45988157091173,6.3396830524935
"5213",38,"UKENSW_SWS_TP000025",5.827136746,5.43105444654077,4.51254007994486,6.34927690136956
"5214",39,"UKENSW_SWS_TP000025",NA,5.7311027671705,4.79337735830534,6.67146754299194
"5215",40,"UKENSW_SWS_TP000025",5.948784634,5.47939746324241,4.55846553748574,6.40062699846121
"5216",41,"UKENSW_SWS_TP000025",NA,5.67669041139939,4.73792759457468,6.61703976436876
"5217",42,"UKENSW_SWS_TP000025",5.698965445,5.58999767896501,4.67190173640251,6.51075717965131
"5218",43,"UKENSW_SWS_TP000025",NA,5.72150577898028,4.78575911059189,6.65902691831799
"5219",44,"UKENSW_SWS_TP000025",6.505153977,5.49643894726713,4.57922765279892,6.41410721752674
"5220",45,"UKENSW_SWS_TP000025",NA,5.69247196102398,4.7387694889356,6.64659234525177
"5041",1,"UKENSW_SWS_TP000002",NA,4.52538870384084,3.59332874993558,5.45609305465779
"5042",2,"UKENSW_SWS_TP000002",4.396748123,4.47172310933059,3.56408596980577,5.37958653827739
"5043",3,"UKENSW_SWS_TP000002",NA,4.75541343853291,3.83253653847674,5.67651829600478
"5044",4,"UKENSW_SWS_TP000002",4.906555931,4.71750636894636,3.80918649191436,5.62821725067007
"5045",5,"UKENSW_SWS_TP000002",NA,4.91687953569514,3.9930448378189,5.84184237805227
"5046",6,"UKENSW_SWS_TP000002",5.451175455,5.01909101185138,4.11123057039616,5.92721188511803
"5047",7,"UKENSW_SWS_TP000002",NA,4.97417419791075,4.04353423221766,5.90525698014087
"5048",8,"UKENSW_SWS_TP000002",5.607547939,4.95126191121635,4.04325932776203,5.85999760589594
"5049",9,"UKENSW_SWS_TP000002",NA,5.22470765795866,4.29684374817662,6.15139199410676
"5050",10,"UKENSW_SWS_TP000002",5.911282592,5.38433012376288,4.47637840360849,6.2905762026472
"5051",11,"UKENSW_SWS_TP000002",NA,5.50912932701058,4.58365555210669,6.43493680653751
"5052",12,"UKENSW_SWS_TP000002",5.517787839,5.4135181131021,4.50494500056677,6.31997266129805
"5053",13,"UKENSW_SWS_TP000002",NA,5.32573608267046,4.39388171273477,6.25624475229898
"5054",14,"UKENSW_SWS_TP000002",5.070881611,5.3847448454028,4.47469802099491,6.29692101446646
"5055",15,"UKENSW_SWS_TP000002",NA,5.40210654265845,4.47748748231892,6.32787985249979
"5056",16,"UKENSW_SWS_TP000002",5.915088414,5.49591044996911,4.58821872148647,6.40217226315943
"5057",17,"UKENSW_SWS_TP000002",NA,5.40520544959667,4.47951086753183,6.33168326913698
"5058",18,"UKENSW_SWS_TP000002",5.931868181,5.32551453680093,4.41791716065582,6.23103717893486
"5059",19,"UKENSW_SWS_TP000002",NA,5.13538446749671,4.20472661222206,6.06464640716004
"5060",20,"UKENSW_SWS_TP000002",5.794263958,5.24278421130582,4.33643443071687,6.14799652406435
"5061",21,"UKENSW_SWS_TP000002",NA,5.2095680055504,4.28200874284454,6.1352036687073
"5062",22,"UKENSW_SWS_TP000002",6.011010316,5.22004223330153,4.31296692193329,6.12550705786985
"5063",23,"UKENSW_SWS_TP000002",NA,5.33305626057874,4.41137193220832,6.25512100325993
"5064",24,"UKENSW_SWS_TP000002",6.307274977,5.3411511346792,4.43187430906691,6.24726483647416
"5065",25,"UKENSW_SWS_TP000002",NA,5.27945921553097,4.35098504651864,6.20786800981042
"5066",26,"UKENSW_SWS_TP000002",5.515417246,5.30058448863386,4.39179232530053,6.20678077533252
"5067",27,"UKENSW_SWS_TP000002",NA,5.17641692873171,4.24901568856839,6.10323948691216
"5068",28,"UKENSW_SWS_TP000002",5.892270547,5.3905313591394,4.48256325776767,6.29601631874648
"5069",29,"UKENSW_SWS_TP000002",NA,5.29524070746067,4.37264261057824,6.21814353768793
"5070",30,"UKENSW_SWS_TP000002",6.698645188,5.31616981148177,4.40791646135204,6.22219497105228
"5071",31,"UKENSW_SWS_TP000002",NA,5.20531803159416,4.25939260467516,6.15150974597548
"5072",32,"UKENSW_SWS_TP000002",6.703543024,5.1492859064878,4.24130035262976,6.05827941187145
"5073",33,"UKENSW_SWS_TP000002",NA,5.16164771521907,4.24711867957547,6.07628339443503
"5074",34,"UKENSW_SWS_TP000002",5.065962965,5.0407636592825,4.13159323925792,5.94762968381804
"5075",35,"UKENSW_SWS_TP000002",NA,5.0129257387423,4.08603391275685,5.93962966432407
"5076",36,"UKENSW_SWS_TP000002",5.108230102,5.03728206434446,4.13078777469383,5.94350515179924
"5077",37,"UKENSW_SWS_TP000002",NA,5.33352088078555,4.40771081319343,6.2595728469198
"5078",38,"UKENSW_SWS_TP000002",6.503005469,5.36531698217739,4.45905889784812,6.27067321085676
"5079",39,"UKENSW_SWS_TP000002",NA,5.65938081508588,4.73466567010177,6.58601842839885
"5080",40,"UKENSW_SWS_TP000002",4.841602964,5.51910200575749,4.6127138897714,6.42545518371554
"5081",41,"UKENSW_SWS_TP000002",NA,5.59462960956729,4.66356585693616,6.52545265060583
"5082",42,"UKENSW_SWS_TP000002",5.789973575,5.5855495317312,4.6785518860494,6.49478019413696
"5083",43,"UKENSW_SWS_TP000002",NA,5.63088937985263,4.70522828006136,6.55669168950262
"5084",44,"UKENSW_SWS_TP000002",5.447991729,5.44860087826495,4.54337700241669,6.35383323468838
"5085",45,"UKENSW_SWS_TP000002",NA,5.61112308422402,4.66855981523994,6.55295429762134
"5086",1,"UKENSW_SWS_TP000016",NA,4.78683910963849,3.8367911376728,5.73626338151743
"5087",2,"UKENSW_SWS_TP000016",NA,4.74519091549403,3.81804116883043,5.67368308717513
"5088",3,"UKENSW_SWS_TP000016",NA,5.01680045103968,4.07650288881976,5.9562232028694
"5089",4,"UKENSW_SWS_TP000016",NA,4.98031473337342,4.05318232481197,5.91123419965893
"5090",5,"UKENSW_SWS_TP000016",NA,5.17787810446968,4.23706291945504,6.12086476208229
"5091",6,"UKENSW_SWS_TP000016",NA,5.28314870570818,4.35584416967428,6.21173840872712
"5092",7,"UKENSW_SWS_TP000016",NA,5.23489418018682,4.28815084811517,6.18311167619899
"5093",8,"UKENSW_SWS_TP000016",NA,5.21649734720836,4.29039265113818,6.14502729421748
"5094",9,"UKENSW_SWS_TP000016",NA,5.48399157799034,4.53915899599526,6.4285343543612
"5095",10,"UKENSW_SWS_TP000016",NA,5.64360011313813,4.71727147833916,6.56948002148548
"5096",11,"UKENSW_SWS_TP000016",NA,5.77004084762675,4.8267591551618,6.71471217792399
"5097",12,"UKENSW_SWS_TP000016",NA,5.680311370683,4.75307227098552,6.6064209769966
"5098",13,"UKENSW_SWS_TP000016",NA,5.5898916789487,4.64199916844905,6.53747938349086
"5099",14,"UKENSW_SWS_TP000016",NA,5.63631167528414,4.70790119922013,6.56831340488728
"5100",15,"UKENSW_SWS_TP000016",NA,5.658762634386,4.71592530897116,6.60365185677416
"5101",16,"UKENSW_SWS_TP000016",NA,5.7560132280815,4.82880914631594,6.68244350129683
"5102",17,"UKENSW_SWS_TP000016",NA,5.66938088330503,4.72590161208613,6.61453718549484
"5103",18,"UKENSW_SWS_TP000016",NA,5.58815779303654,4.66130756343392,6.51359387408789
"5104",19,"UKENSW_SWS_TP000016",NA,5.40422115147077,4.45776245512168,6.35027109063851
"5105",20,"UKENSW_SWS_TP000016",NA,5.50680055827374,4.58032468848435,6.43281668832819
"5106",21,"UKENSW_SWS_TP000016",5.592361135,5.46528422508359,4.5199728284027,6.40934674577605
"5107",22,"UKENSW_SWS_TP000016",NA,5.48363005832744,4.55670299819357,6.40957478309771
"5108",23,"UKENSW_SWS_TP000016",5.97648293,5.59890606021691,4.65800572280604,6.54092088963405
"5109",24,"UKENSW_SWS_TP000016",NA,5.60812480976988,4.67943280468692,6.53443544979622
"5110",25,"UKENSW_SWS_TP000016",5.358058121,5.53279782093089,4.58546627717135,6.48054453998689
"5111",26,"UKENSW_SWS_TP000016",NA,5.57044635506094,4.64054337220808,6.49811510025604
"5112",27,"UKENSW_SWS_TP000016",5.878648893,5.43132441244129,4.48494097383766,6.37790947246757
"5113",28,"UKENSW_SWS_TP000016",NA,5.66839367315672,4.74007420473503,6.5948562742816
"5114",29,"UKENSW_SWS_TP000016",6.658635402,5.55531716520394,4.6138393218067,6.49824825351816
"5115",30,"UKENSW_SWS_TP000016",NA,5.58541878607812,4.65739847330449,6.51165808418754
"5116",31,"UKENSW_SWS_TP000016",NA,5.46953433336586,4.50621473569735,6.43394979270785
"5117",32,"UKENSW_SWS_TP000016",5.8163882,5.40639780994093,4.47683082901453,6.33800918234605
"5118",33,"UKENSW_SWS_TP000016",5.705971553,5.4196309076058,4.48556918081843,6.35468200908625
"5119",34,"UKENSW_SWS_TP000016",NA,5.30463597192696,4.37547991305752,6.23211168896261
"5120",35,"UKENSW_SWS_TP000016",3.777684695,5.27628948693392,4.333030199547,6.22048400646648
"5121",36,"UKENSW_SWS_TP000016",NA,5.30585427423544,4.37988724452723,6.2323937928272
"5122",37,"UKENSW_SWS_TP000016",5.639577066,5.60068539910682,4.65658548019612,6.54613989559837
"5123",38,"UKENSW_SWS_TP000016",NA,5.64699091215112,4.72036742460832,6.57356227058647
"5124",39,"UKENSW_SWS_TP000016",5.542643884,5.92255585308432,4.97980558305966,6.86839416418471
"5125",40,"UKENSW_SWS_TP000016",NA,5.78197100059939,4.85394008669915,6.71124204982629
"5126",41,"UKENSW_SWS_TP000016",5.917819946,5.86512446368673,4.91850278643184,6.81253435400203
"5127",42,"UKENSW_SWS_TP000016",NA,5.84374571222971,4.91681613967861,6.77441253885973
"5128",43,"UKENSW_SWS_TP000016",4.18408935,5.89228399691206,4.94889100655037,6.83683670125467
"5129",44,"UKENSW_SWS_TP000016",NA,5.71059197306135,4.78438847058322,6.63776589782283
"5130",45,"UKENSW_SWS_TP000016",3.412911541,5.8760086494415,4.91504614815491,6.83699168100418
"1351",1,"UKENMI_ST_TP000099",NA,4.31930825771099,3.41675413008912,5.22254557841982
"1352",2,"UKENMI_ST_TP000099",4.720913345,4.3265552130247,3.44922515006316,5.20648872950197
"1353",3,"UKENMI_ST_TP000099",NA,4.57351108471456,3.68559440736014,5.46250657493267
"1354",4,"UKENMI_ST_TP000099",5.176699445,4.57299337694216,3.69361983110628,5.45370166550457
"1355",5,"UKENMI_ST_TP000099",NA,4.73732687140883,3.84015026979698,5.6373476461868
"1356",6,"UKENMI_ST_TP000099",4.955166006,4.89655115002306,4.01831656786703,5.77466068344476
"1357",7,"UKENMI_ST_TP000099",NA,4.82759236478782,3.92671921199126,5.72944656439295
"1358",8,"UKENMI_ST_TP000099",3.931687789,4.82210024265377,3.94491705988931,5.69901039336791
"1359",9,"UKENMI_ST_TP000099",NA,5.04148964294729,4.13775613079568,5.94651122330449
"1360",10,"UKENMI_ST_TP000099",5.406704958,5.25863702131955,4.3789091317792,6.1345099517484
"1361",11,"UKENMI_ST_TP000099",NA,5.37284760390531,4.47634364963033,6.26992274119872
"1362",12,"UKENMI_ST_TP000099",5.536471389,5.23580292278883,4.35883213368609,6.1131925089812
"1363",13,"UKENMI_ST_TP000099",NA,5.17544842639294,4.27394839593717,6.07741325585907
"1364",14,"UKENMI_ST_TP000099",4.809722973,5.21048147413607,4.33320449796746,6.09074337895977
"1365",15,"UKENMI_ST_TP000099",NA,5.25818629990359,4.3594426645413,6.15936127746281
"1366",16,"UKENMI_ST_TP000099",5.743742829,5.39245496671591,4.51349184838828,6.2706418955426
"1367",17,"UKENMI_ST_TP000099",NA,5.21891052080347,4.32358830461772,6.11611801268085
"1368",18,"UKENMI_ST_TP000099",2.859074012,5.12646662727939,4.2491839959909,6.00415216390592
"1369",19,"UKENMI_ST_TP000099",NA,5.01854062748742,4.11972135497755,5.91749651478045
"1370",20,"UKENMI_ST_TP000099",5.318963821,4.99207462859705,4.11434937871791,5.8745778407095
"1371",21,"UKENMI_ST_TP000099",NA,5.06135192747628,4.16561274589236,5.9578186801825
"1372",22,"UKENMI_ST_TP000099",4.698001251,5.0530366317163,4.17551182844432,5.93075664918449
"1373",23,"UKENMI_ST_TP000099",NA,5.18089848441215,4.28534891670821,6.07705325397624
"1374",24,"UKENMI_ST_TP000099",4.862479569,5.24882279473206,4.36660058792859,6.12809118707855
"1375",25,"UKENMI_ST_TP000099",NA,5.1435267955308,4.2465900435862,6.04160143497728
"1376",26,"UKENMI_ST_TP000099",5.432619791,5.11335114795876,4.23545014873859,5.99135350526134
"1377",27,"UKENMI_ST_TP000099",NA,5.02697824644505,4.12680658345905,5.92741729528439
"1378",28,"UKENMI_ST_TP000099",5.229524243,5.18623169991081,4.30891410183717,6.06351324167427
"1379",29,"UKENMI_ST_TP000099",NA,5.10247113432397,4.20722386079677,5.99919282536174
"1380",30,"UKENMI_ST_TP000099",5.016827181,5.09828091376479,4.22210573874023,5.97685117332214
"1381",31,"UKENMI_ST_TP000099",NA,5.03863088667892,4.12016925691608,5.95715852630939
"1382",32,"UKENMI_ST_TP000099",5.46685296,5.06971795137271,4.19141544757315,5.94740575288
"1383",33,"UKENMI_ST_TP000099",NA,5.01371362127983,4.12579892065523,5.90217738177502
"1384",34,"UKENMI_ST_TP000099",4.723753281,4.84394529673073,3.96762545374417,5.72220855565269
"1385",35,"UKENMI_ST_TP000099",NA,4.80658749669216,3.90901023472997,5.70446124019521
"1386",36,"UKENMI_ST_TP000099",5.060164665,4.83349253644254,3.95657894373141,5.71252970408598
"1387",37,"UKENMI_ST_TP000099",NA,5.18262731057257,4.28417607822156,6.08237637490293
"1388",38,"UKENMI_ST_TP000099",5.374284528,5.14678693172243,4.26730419575098,6.02970868697105
"1389",39,"UKENMI_ST_TP000099",NA,5.46550577346821,4.57064946487566,6.36132303038147
"1390",40,"UKENMI_ST_TP000099",5.426081749,5.39999162946069,4.52208789865519,6.27900690083682
"1391",41,"UKENMI_ST_TP000099",NA,5.47179634624874,4.57519139601708,6.36971342458576
"1392",42,"UKENMI_ST_TP000099",4.342402236,5.41553044648427,4.53808906329334,6.29438566690274
"1393",43,"UKENMI_ST_TP000099",5.906828347,5.53864698389236,4.64458385079775,6.43346593260598
"1394",44,"UKENMI_ST_TP000099",NA,5.27077721772385,4.39350953805088,6.15018684133614
"1395",45,"UKENMI_ST_TP000099",NA,5.49723792058055,4.57993495726962,6.41470810898556
"1981",1,"UKENMI_ST_TP000208",NA,4.47155932244979,3.53455429129748,5.40850710266821
"1982",2,"UKENMI_ST_TP000208",4.915911284,4.46792009024426,3.56110154379072,5.37757896422482
"1983",3,"UKENMI_ST_TP000208",NA,4.7166102257892,3.794954625377,5.63822290315736
"1984",4,"UKENMI_ST_TP000208",5.576511177,4.7266149906101,3.81672928116494,5.63757214731837
"1985",5,"UKENMI_ST_TP000208",NA,4.88154416275889,3.95014597320161,5.81524440342994
"1986",6,"UKENMI_ST_TP000208",5.066778577,5.03759901492462,4.12932867721929,5.94464801514463
"1987",7,"UKENMI_ST_TP000208",NA,4.96584473500241,4.03042068371128,5.90111154695847
"1988",8,"UKENMI_ST_TP000208",6.066233226,4.9336152235859,4.02561735772089,5.84031580940288
"1989",9,"UKENMI_ST_TP000208",NA,5.18771826761483,4.25310067209238,6.12279684115748
"1990",10,"UKENMI_ST_TP000208",5.147386908,5.41311345043278,4.50210038337837,6.31883018772377
"1991",11,"UKENMI_ST_TP000208",NA,5.49323087568067,4.56180992224195,6.42378785322066
"1992",12,"UKENMI_ST_TP000208",5.912582898,5.37224899855163,4.46459686437138,6.27915782874047
"1993",13,"UKENMI_ST_TP000208",NA,5.29538618696094,4.35823283415127,6.23158102694626
"1994",14,"UKENMI_ST_TP000208",5.660383944,5.33871043866044,4.43171731219188,6.24855615898974
"1995",15,"UKENMI_ST_TP000208",NA,5.39243146081689,4.46028039384083,6.32632238318968
"1996",16,"UKENMI_ST_TP000208",6.188044399,5.54329909417717,4.63405554190351,6.45061980036163
"1997",17,"UKENMI_ST_TP000208",NA,5.37007482831813,4.44012417049752,6.30195086274081
"1998",18,"UKENMI_ST_TP000208",4.806949918,5.27839280962911,4.37092123327094,6.18521156561245
"1999",19,"UKENMI_ST_TP000208",NA,5.15337633784061,4.21989747454394,6.08549831249835
"2000",20,"UKENMI_ST_TP000208",5.578316281,5.15700893104834,4.2504965711199,6.06733447940011
"2001",21,"UKENMI_ST_TP000208",NA,5.19244258393325,4.26100642145194,6.12253012326204
"2002",22,"UKENMI_ST_TP000208",5.057660086,5.2032775921288,4.29526007063712,6.11010476219583
"2003",23,"UKENMI_ST_TP000208",NA,5.31394577556156,4.38448013267292,6.24300475992163
"2004",24,"UKENMI_ST_TP000208",5.476297589,5.40241091324964,4.48959381630205,6.31049305138911
"2005",25,"UKENMI_ST_TP000208",NA,5.28839992710836,4.35708183230008,6.21990472966443
"2006",26,"UKENMI_ST_TP000208",3.264449799,5.24833699051469,4.34021692238495,6.15472606450244
"2007",27,"UKENMI_ST_TP000208",NA,5.17391780139744,4.24029428387297,6.1070497029875
"2008",28,"UKENMI_ST_TP000208",4.713342226,5.31770168981105,4.40993411431827,6.22417192550709
"2009",29,"UKENMI_ST_TP000208",NA,5.25466919975456,4.32560317606456,6.1849256594106
"2010",30,"UKENMI_ST_TP000208",5.514757657,5.25076634028901,4.34452003737587,6.15948692543362
"2011",31,"UKENMI_ST_TP000208",NA,5.15356634941943,4.19894839224745,6.10700790543779
"2012",32,"UKENMI_ST_TP000208",NA,5.18818641079264,4.27848285114125,6.0974287005345
"2013",33,"UKENMI_ST_TP000208",4.182980469,5.1492594766116,4.22740318685539,6.0712436800696
"2014",34,"UKENMI_ST_TP000208",5.000474306,5.00658106057526,4.09927463461383,5.91465563703666
"2015",35,"UKENMI_ST_TP000208",NA,4.96856536844159,4.03620442347318,5.90146572634817
"2016",36,"UKENMI_ST_TP000208",3.790386204,4.96868677486088,4.06173338228364,5.87753749634588
"2017",37,"UKENMI_ST_TP000208",NA,5.32500392057154,4.39227716436686,6.25829548209579
"2018",38,"UKENMI_ST_TP000208",5.295053712,5.28049728030822,4.37239577875939,6.19224451959741
"2019",39,"UKENMI_ST_TP000208",NA,5.62301618121116,4.69354947441188,6.554044576773
"2020",40,"UKENMI_ST_TP000208",5.610578928,5.52870862141266,4.62166988861693,6.43653069127514
"2021",41,"UKENMI_ST_TP000208",NA,5.61512782105687,4.68383771142505,6.54716807040549
"2022",42,"UKENMI_ST_TP000208",5.797572208,5.54560275086172,4.63851817579867,6.45370306019088
"2023",43,"UKENMI_ST_TP000208",NA,5.67304713155589,4.74486743506378,6.60103710977668
"2024",44,"UKENMI_ST_TP000208",5.477180611,5.4241969703264,4.51752344144604,6.33284086586251
"2025",45,"UKENMI_ST_TP000208",NA,5.63921452695186,4.6910999078334,6.58687667813183
"2161",1,"UKENMI_ST_TP000256",NA,4.37738567374839,3.47086706711635,5.28477571707912
"2162",2,"UKENMI_ST_TP000256",5.022753245,4.38485884967766,3.50130782778155,5.27140743759679
"2163",3,"UKENMI_ST_TP000256",NA,4.63211299293533,3.73899861054848,5.5268645727378
"2164",4,"UKENMI_ST_TP000256",5.100466404,4.63609500059862,3.75011678028498,5.52330369112628
"2165",5,"UKENMI_ST_TP000256",NA,4.79856733086524,3.89648604719652,5.70384401762034
"2166",6,"UKENMI_ST_TP000256",5.054719033,4.96632528138353,4.08158218751651,5.85048080961185
"2167",7,"UKENMI_ST_TP000256",NA,4.90281285396714,3.99773596393406,5.80876491236608
"2168",8,"UKENMI_ST_TP000256",5.065340753,4.8994024240286,4.01564109714368,5.78298033760789
"2169",9,"UKENMI_ST_TP000256",NA,5.10334609502605,4.19372376294998,6.01473163550009
"2170",10,"UKENMI_ST_TP000256",5.567731019,5.31915582922182,4.43260239118535,6.20119066998247
"2171",11,"UKENMI_ST_TP000256",NA,5.45370660358602,4.55306555561297,6.35525872737313
"2172",12,"UKENMI_ST_TP000256",6.815586989,5.29820728227844,4.4150188366391,6.18211200090223
"2173",13,"UKENMI_ST_TP000256",NA,5.24634731094554,4.3399322287162,6.15362062429401
"2174",14,"UKENMI_ST_TP000256",5.118588623,5.29400344595701,4.41078116409238,6.18038776014076
"2175",15,"UKENMI_ST_TP000256",NA,5.32261372635512,4.41923367022835,6.22863339632792
"2176",16,"UKENMI_ST_TP000256",5.331831085,5.45150967238298,4.56524758091131,6.33696281467843
"2177",17,"UKENMI_ST_TP000256",NA,5.27673860902774,4.37717127201135,6.17827734415277
"2178",18,"UKENMI_ST_TP000256",5.115394084,5.17859766492129,4.29504858607896,6.06258785397776
"2179",19,"UKENMI_ST_TP000256",NA,5.0844699036755,4.18044967677119,5.98872563049909
"2180",20,"UKENMI_ST_TP000256",5.763097172,5.02376355467163,4.13872181398444,5.91441581166455
"2181",21,"UKENMI_ST_TP000256",NA,5.12797476533011,4.22867964791663,6.02834106188064
"2182",22,"UKENMI_ST_TP000256",5.180337742,5.10324369112537,4.21937214035024,5.98801210897163
"2183",23,"UKENMI_ST_TP000256",NA,5.2471201233662,4.34656918727954,6.14841356360653
"2184",24,"UKENMI_ST_TP000256",5.107264914,5.31012338328165,4.42199611426,6.1953131066336
"2185",25,"UKENMI_ST_TP000256",NA,5.20815352040696,4.30662938729301,6.11100673402339
"2186",26,"UKENMI_ST_TP000256",5.279214247,5.18747635096846,4.30399573861913,6.07155075777767
"2187",27,"UKENMI_ST_TP000256",NA,5.08749131557512,4.18314805538525,5.99213319976253
"2188",28,"UKENMI_ST_TP000256",4.753063993,5.26738091474131,4.3840459538282,6.15096732131782
"2189",29,"UKENMI_ST_TP000256",NA,5.16381448298518,4.26402593392593,6.06511275243896
"2190",30,"UKENMI_ST_TP000256",3.402337687,5.15036091881991,4.26800927524274,6.03529071655819
"2191",31,"UKENMI_ST_TP000256",NA,5.09512484881473,4.1715339760886,6.01899179753981
"2192",32,"UKENMI_ST_TP000256",4.969277375,5.13207257419949,4.24757535073735,6.01635397775619
"2193",33,"UKENMI_ST_TP000256",NA,5.07879874505049,4.18563557179175,5.97269029633933
"2194",34,"UKENMI_ST_TP000256",5.130128847,4.88383933733209,4.00109781473677,5.76956378119709
"2195",35,"UKENMI_ST_TP000256",NA,4.85880723386151,3.9560157304048,5.76203845867311
"2196",36,"UKENMI_ST_TP000256",4.992771134,4.91089928594598,4.02772273424644,5.79664813825166
"2197",37,"UKENMI_ST_TP000256",NA,5.24133822100574,4.3375860374784,6.14674560555249
"2198",38,"UKENMI_ST_TP000256",5.498835259,5.21507001772256,4.32881131712901,6.10500124150547
"2199",39,"UKENMI_ST_TP000256",NA,5.52393434841867,4.62484368773292,6.42400539386939
"2200",40,"UKENMI_ST_TP000256",5.993684156,5.45045117697085,4.56575860406659,6.33658115774785
"2201",41,"UKENMI_ST_TP000256",NA,5.53515099258018,4.63322154407371,6.43892025596806
"2202",42,"UKENMI_ST_TP000256",4.963943171,5.49314352416021,4.60950145724986,6.37818424869578
"2203",43,"UKENMI_ST_TP000256",NA,5.60401945939041,4.70467586569065,6.50435596392681
"2204",44,"UKENMI_ST_TP000256",5.699526777,5.31804440076045,4.43358076378313,6.20515889093129
"2205",45,"UKENMI_ST_TP000256",NA,5.56299110572824,4.63974309292482,6.48656796143655
"1036",1,"UKENMI_ST_TP000018",NA,3.83949685772659,2.93989820223451,4.73958113684401
"1037",2,"UKENMI_ST_TP000018",NA,4.01893681596245,3.16014530485346,4.88087679970037
"1038",3,"UKENMI_ST_TP000018",NA,4.10355852474647,3.21524569299109,4.98999242505137
"1039",4,"UKENMI_ST_TP000018",4.57832679,4.14937521911331,3.28676482672622,5.00802555609589
"1040",5,"UKENMI_ST_TP000018",NA,4.30655178234208,3.41976802801761,5.19329225398553
"1041",6,"UKENMI_ST_TP000018",4.908290844,4.4540495445509,3.58974922683542,5.31632411049798
"1042",7,"UKENMI_ST_TP000018",NA,4.39382744294794,3.49302444670536,5.29396914042485
"1043",8,"UKENMI_ST_TP000018",5.215266794,4.48130065911178,3.61996745446295,5.33933263745765
"1044",9,"UKENMI_ST_TP000018",NA,4.54481190024281,3.64613152026903,5.44266271583507
"1045",10,"UKENMI_ST_TP000018",5.023153487,4.81091256856264,3.95164273153588,5.66915302687411
"1046",11,"UKENMI_ST_TP000018",NA,4.9285160667973,4.03441743428135,5.82117631922736
"1047",12,"UKENMI_ST_TP000018",5.461305879,4.63809997914402,3.77671582783376,5.49610845901431
"1048",13,"UKENMI_ST_TP000018",NA,4.79825708490752,3.90291569323152,5.69459925212533
"1049",14,"UKENMI_ST_TP000018",5.182321535,4.78765221483118,3.92872427577175,5.64677588669915
"1050",15,"UKENMI_ST_TP000018",NA,4.78472565503395,3.88941726246056,5.680054926054
"1051",16,"UKENMI_ST_TP000018",5.751232033,4.8553216818201,3.99530169079818,5.71417775429761
"1052",17,"UKENMI_ST_TP000018",NA,4.79448661383581,3.90281908696485,5.68720070200042
"1053",18,"UKENMI_ST_TP000018",5.643248262,4.74930688006655,3.88680021731693,5.61321032576347
"1054",19,"UKENMI_ST_TP000018",NA,4.55357605791213,3.66534626582592,5.44015050437585
"1055",20,"UKENMI_ST_TP000018",5.912919851,4.24578830961782,3.37908875806342,5.10739425075773
"1056",21,"UKENMI_ST_TP000018",NA,4.53028279590123,3.63757906733825,5.42229959489506
"1057",22,"UKENMI_ST_TP000018",5.432700132,4.5262706408147,3.66699912091204,5.38430719412484
"1058",23,"UKENMI_ST_TP000018",NA,4.76546866259763,3.87340190085805,5.6574072416794
"1059",24,"UKENMI_ST_TP000018",5.753566875,4.74251226890804,3.88373541463455,5.60147576054416
"1060",25,"UKENMI_ST_TP000018",NA,4.67466685764773,3.77849491080654,5.57103669324081
"1061",26,"UKENMI_ST_TP000018",5.696408465,4.5652353362277,3.7020509390786,5.42282785700867
"1062",27,"UKENMI_ST_TP000018",NA,4.58801381279103,3.69117505779411,5.48537939973392
"1063",28,"UKENMI_ST_TP000018",5.721264811,4.79903335844566,3.94025499600806,5.65866052423551
"1064",29,"UKENMI_ST_TP000018",NA,4.66352158352777,3.7707751649871,5.5569365769404
"1065",30,"UKENMI_ST_TP000018",5.620468937,4.72838262323383,3.86926996712418,5.58855286444185
"1066",31,"UKENMI_ST_TP000018",NA,4.58452417270135,3.65602899132185,5.51165385241039
"1067",32,"UKENMI_ST_TP000018",5.967047265,4.80904192904614,3.94759183386003,5.67241993434846
"1068",33,"UKENMI_ST_TP000018",NA,4.58538643002631,3.70756651140197,5.46292311631493
"1069",34,"UKENMI_ST_TP000018",4.512497964,4.20535506615712,3.34282260460669,5.06315403332526
"1070",35,"UKENMI_ST_TP000018",NA,4.39462135731915,3.49666075849661,5.2926374402842
"1071",36,"UKENMI_ST_TP000018",5.176289786,4.44575308388063,3.58756120709912,5.30679389559912
"1072",37,"UKENMI_ST_TP000018",NA,4.6832669099269,3.78602022473341,5.5783989190205
"1073",38,"UKENMI_ST_TP000018",5.10199741,4.75191116006759,3.89230160916605,5.61233649666013
"1074",39,"UKENMI_ST_TP000018",NA,5.05534859642911,4.16216833394271,5.94891209787638
"1075",40,"UKENMI_ST_TP000018",6.552474199,5.03677747513397,4.17899397350359,5.89769214226845
"1076",41,"UKENMI_ST_TP000018",NA,5.02047753516897,4.12606474835079,5.91537458036396
"1077",42,"UKENMI_ST_TP000018",5.814969377,5.03813148012228,4.17847743600621,5.89588711191534
"1078",43,"UKENMI_ST_TP000018",NA,5.07074639375637,4.1774480592803,5.96301669927751
"1079",44,"UKENMI_ST_TP000018",5.922320887,4.79205670183952,3.93150060153925,5.64980441191602
"1080",45,"UKENMI_ST_TP000018",NA,5.03814954188278,4.11612783638043,5.95843837691422
"1171",1,"UKENMI_ST_TP000060",NA,4.30055075882644,3.37807683546833,5.22252894234518
"1172",2,"UKENMI_ST_TP000060",3.669353962,4.41345470411124,3.52242676830566,5.30237938096058
"1173",3,"UKENMI_ST_TP000060",NA,4.57216104523076,3.66213595243895,5.48118606887837
"1174",4,"UKENMI_ST_TP000060",4.683211358,4.58532263256587,3.68865884172904,5.47661893587204
"1175",5,"UKENMI_ST_TP000060",NA,4.75244182709095,3.83823776443181,5.66569877124737
"1176",6,"UKENMI_ST_TP000060",5.702473328,4.89510176853572,3.99872112808385,5.78880346039779
"1177",7,"UKENMI_ST_TP000060",NA,4.8369991888392,3.91141524385606,5.76099256509968
"1178",8,"UKENMI_ST_TP000060",5.680554518,4.93053528154684,4.03543395047367,5.82212741425678
"1179",9,"UKENMI_ST_TP000060",NA,5.02942801180929,4.11097466132384,5.94780601619106
"1180",10,"UKENMI_ST_TP000060",6.317096447,5.21662410522455,4.32583583439087,6.10486430231568
"1181",11,"UKENMI_ST_TP000060",NA,5.36257530979847,4.4480036596946,6.27442647187988
"1182",12,"UKENMI_ST_TP000060",NA,5.12516858371286,4.23356421302708,6.01595563319793
"1183",13,"UKENMI_ST_TP000060",5.839366627,5.21483670934913,4.2982093459978,6.12989467515986
"1184",14,"UKENMI_ST_TP000060",NA,5.22208526326293,4.33029688963431,6.11276082281204
"1185",15,"UKENMI_ST_TP000060",NA,5.23920404107806,4.32559809320877,6.15271554635058
"1186",16,"UKENMI_ST_TP000060",5.983471424,5.31159305302206,4.4186620481871,6.2040124868839
"1187",17,"UKENMI_ST_TP000060",NA,5.22699962863664,4.31062435052973,6.14281026435067
"1188",18,"UKENMI_ST_TP000060",6.038999019,5.19121773441568,4.29571821648161,6.08565107441161
"1189",19,"UKENMI_ST_TP000060",NA,5.01976005895196,4.10460727819689,5.93212905691408
"1190",20,"UKENMI_ST_TP000060",5.532743789,4.85686099540733,3.96021971271239,5.75697781325166
"1191",21,"UKENMI_ST_TP000060",NA,5.01395104109207,4.09869951499531,5.92914948997981
"1192",22,"UKENMI_ST_TP000060",NA,5.02068341051534,4.12836980154658,5.91260660399519
"1193",23,"UKENMI_ST_TP000060",4.562158718,5.20559669197087,4.29114113830602,6.11788030160448
"1194",24,"UKENMI_ST_TP000060",5.441624379,5.1760774330674,4.28247315899429,6.06757709661303
"1195",25,"UKENMI_ST_TP000060",NA,5.14204311024351,4.22284068462602,6.06046810608467
"1196",26,"UKENMI_ST_TP000060",5.439443186,5.10043163911674,4.20652516011827,5.99364866837653
"1197",27,"UKENMI_ST_TP000060",NA,5.03482590043262,4.11536997266186,5.95347168764906
"1198",28,"UKENMI_ST_TP000060",5.236408312,5.2260650808064,4.33236079952957,6.11820140157625
"1199",29,"UKENMI_ST_TP000060",NA,5.11602430537179,4.20048019162428,6.03114643491851
"1200",30,"UKENMI_ST_TP000060",4.212262944,5.14024413196192,4.24524559292049,6.03336831550162
"1201",31,"UKENMI_ST_TP000060",NA,5.04515557372152,4.10039276014393,5.98823262236793
"1202",32,"UKENMI_ST_TP000060",NA,5.18738091320632,4.29433686679911,6.07701716364051
"1203",33,"UKENMI_ST_TP000060",5.211291922,5.01314168790405,4.11203720053235,5.91230884414277
"1204",34,"UKENMI_ST_TP000060",5.057619946,4.76365226512159,3.86942544596906,5.65876695955397
"1205",35,"UKENMI_ST_TP000060",NA,4.84002753497031,3.91758390157962,5.76127021991552
"1206",36,"UKENMI_ST_TP000060",4.202532683,4.86754917110424,3.97459913035046,5.75955586546683
"1207",37,"UKENMI_ST_TP000060",NA,5.17068901749344,4.2513272922221,6.0876423999766
"1208",38,"UKENMI_ST_TP000060",5.406175532,5.20054222369849,4.30529465626734,6.09245091809686
"1209",39,"UKENMI_ST_TP000060",NA,5.49760191483145,4.57904900237865,6.41494809236975
"1210",40,"UKENMI_ST_TP000060",6.070685403,5.49266613797482,4.60052337390881,6.38324957556475
"1211",41,"UKENMI_ST_TP000060",NA,5.46967011778455,4.55133605875705,6.38737123819784
"1212",42,"UKENMI_ST_TP000060",6.049763307,5.49056328909285,4.59555315694652,6.38163211123152
"1213",43,"UKENMI_ST_TP000060",NA,5.52287238825747,4.60590759190018,6.43767114568455
"1214",44,"UKENMI_ST_TP000060",5.699803861,5.27858918230385,4.38377541853789,6.16989887981033
"1215",45,"UKENMI_ST_TP000060",NA,5.48071176393344,4.53951878287805,6.4191367927744
"1711",1,"UKENMI_ST_TP000180",3.791614865,4.3168471064633,3.41859406900614,5.21590050571796
"1712",2,"UKENMI_ST_TP000180",NA,4.44312099765008,3.58365418209897,5.30415897559267
"1713",3,"UKENMI_ST_TP000180",4.988490604,4.58381687918776,3.69611621470967,5.4707911222673
"1714",4,"UKENMI_ST_TP000180",NA,4.53430058499621,3.66518917695656,5.39435084543148
"1715",5,"UKENMI_ST_TP000180",4.681757685,4.7832076810263,3.89232348551612,5.6754014957219
"1716",6,"UKENMI_ST_TP000180",NA,4.9770861931717,4.11656223587681,5.8384276459928
"1717",7,"UKENMI_ST_TP000180",5.034886411,4.87468065479412,3.97661672021739,5.77266579663432
"1718",8,"UKENMI_ST_TP000180",NA,5.00841265831776,4.14938318693354,5.86950046529401
"1719",9,"UKENMI_ST_TP000180",5.430542942,5.02338655461725,4.12186578752262,5.92492987885147
"1720",10,"UKENMI_ST_TP000180",NA,5.29824665937428,4.43871687195283,6.15651136295985
"1721",11,"UKENMI_ST_TP000180",5.167430604,5.44752796353973,4.55748980074831,6.33818044417627
"1722",12,"UKENMI_ST_TP000180",NA,5.23319339924873,4.37445571473385,6.09465964063674
"1723",13,"UKENMI_ST_TP000180",5.743462233,5.28716107522991,4.39265148467862,6.18343061132563
"1724",14,"UKENMI_ST_TP000180",NA,5.16755816084166,4.30358199971591,6.02569184430027
"1725",15,"UKENMI_ST_TP000180",5.013383862,5.26931645041762,4.37506501653589,6.16478557962037
"1726",16,"UKENMI_ST_TP000180",NA,5.40734761968063,4.54629755144257,6.27039435289254
"1727",17,"UKENMI_ST_TP000180",4.301478939,5.25672894021881,4.36781488064607,6.14657561488389
"1728",18,"UKENMI_ST_TP000180",NA,5.22202071890463,4.36225381145681,6.08451980290271
"1729",19,"UKENMI_ST_TP000180",4.646653987,5.04417325973423,4.15121263492812,5.93638446209169
"1730",20,"UKENMI_ST_TP000180",NA,4.80860344832541,3.94319217098074,5.67573911615701
"1731",21,"UKENMI_ST_TP000180",NA,5.04218866326814,4.1532736702114,5.93162542507221
"1732",22,"UKENMI_ST_TP000180",2.630518336,5.0542017592414,4.19551176150838,5.91505957569378
"1733",23,"UKENMI_ST_TP000180",5.421122258,5.23999620174137,4.34828377022972,6.13216342416485
"1734",24,"UKENMI_ST_TP000180",NA,5.24744616506358,4.38826737971499,6.1072707798022
"1735",25,"UKENMI_ST_TP000180",5.115907969,5.1581793476307,4.26373472701429,6.05346714272105
"1736",26,"UKENMI_ST_TP000180",NA,5.12778606860351,4.26868358139303,5.98740898644268
"1737",27,"UKENMI_ST_TP000180",4.874591832,5.05051457907128,4.15504949128233,5.94636010582422
"1738",28,"UKENMI_ST_TP000180",NA,5.30216049059914,4.44351376316064,6.16385449107317
"1739",29,"UKENMI_ST_TP000180",3.912328159,5.12740446292307,4.23571063080849,6.01987123011266
"1740",30,"UKENMI_ST_TP000180",NA,5.13128609428263,4.27076805423921,5.98987429678589
"1741",31,"UKENMI_ST_TP000180",NA,5.07595698556204,4.15424900075343,5.99752057466511
"1742",32,"UKENMI_ST_TP000180",5.59846624,5.24747154100078,4.38790933704784,6.10875509875123
"1743",33,"UKENMI_ST_TP000180",4.319314172,5.04892401651832,4.16577746122877,5.9319045473723
"1744",34,"UKENMI_ST_TP000180",NA,4.71386785680686,3.85303929411855,5.57347438445113
"1745",35,"UKENMI_ST_TP000180",3.935088254,4.83715557055336,3.94095528427098,5.73295622892291
"1746",36,"UKENMI_ST_TP000180",NA,4.86099117855659,4.00087683789162,5.71974313890249
"1747",37,"UKENMI_ST_TP000180",5.679089654,5.16672213972247,4.270931607769,6.06160561092233
"1748",38,"UKENMI_ST_TP000180",NA,5.15982337612683,4.29577947811304,6.02069639411744
"1749",39,"UKENMI_ST_TP000180",5.531291454,5.50572490655165,4.61600815497742,6.39537924332041
"1750",40,"UKENMI_ST_TP000180",NA,5.48215542787592,4.62360758059565,6.34249810436811
"1751",41,"UKENMI_ST_TP000180",5.143851967,5.50074430658918,4.60705721541064,6.39536011680106
"1752",42,"UKENMI_ST_TP000180",NA,5.49466591940509,4.63432003463371,6.35303464729961
"1753",43,"UKENMI_ST_TP000180",5.47909246,5.56679074564959,4.67460426646886,6.45886334992201
"1754",44,"UKENMI_ST_TP000180",NA,5.22151814856716,4.35905758744835,6.07980010127069
"1755",45,"UKENMI_ST_TP000180",NA,5.51812991674937,4.5955819698958,6.43946395508361
"1801",1,"UKENMI_ST_TP000184",NA,4.27581152316287,3.37550436481876,5.17451976491406
"1802",2,"UKENMI_ST_TP000184",5.563502456,4.38633950418428,3.51647647170559,5.25316246017809
"1803",3,"UKENMI_ST_TP000184",NA,4.55767434816908,3.67082565360266,5.4431228796638
"1804",4,"UKENMI_ST_TP000184",5.394037456,4.6001099387618,3.72476909789819,5.47177872987736
"1805",5,"UKENMI_ST_TP000184",NA,4.72841593524646,3.83623281055292,5.61888990808519
"1806",6,"UKENMI_ST_TP000184",5.541600202,4.85235308651532,3.97606137483333,5.7255401147024
"1807",7,"UKENMI_ST_TP000184",NA,4.81133605915326,3.90659595219828,5.71456660703132
"1808",8,"UKENMI_ST_TP000184",3.208206971,4.88789994827669,4.01358152513448,5.75845665142008
"1809",9,"UKENMI_ST_TP000184",NA,5.02016146197638,4.12660281188107,5.91319401629189
"1810",10,"UKENMI_ST_TP000184",6.256002548,5.16726800676966,4.29845240535546,6.03389376461655
"1811",11,"UKENMI_ST_TP000184",NA,5.32085945914325,4.43024788196082,6.20927765991631
"1812",12,"UKENMI_ST_TP000184",6.241204515,5.07598203182992,4.20434573402864,5.94501466417491
"1813",13,"UKENMI_ST_TP000184",NA,5.18097461517587,4.28834804835016,6.07181788282985
"1814",14,"UKENMI_ST_TP000184",5.734932436,5.23904204607793,4.3688472338112,6.1085765300408
"1815",15,"UKENMI_ST_TP000184",NA,5.21962955048454,4.33046795740411,6.10847848117657
"1816",16,"UKENMI_ST_TP000184",NA,5.25449507969051,4.38186750949243,6.12567266299057
"1817",17,"UKENMI_ST_TP000184",5.750316025,5.20612414280286,4.311060843018,6.1001139937631
"1818",18,"UKENMI_ST_TP000184",4.963383617,5.16028218198226,4.28458855282456,6.03378301305629
"1819",19,"UKENMI_ST_TP000184",NA,4.99952605732879,4.10692277833119,5.88985569621307
"1820",20,"UKENMI_ST_TP000184",4.824766716,4.87528960999414,4.00015655369761,5.75113362039405
"1821",21,"UKENMI_ST_TP000184",NA,4.98411672960878,4.09065316679181,5.87705777382706
"1822",22,"UKENMI_ST_TP000184",4.356993897,4.99518305652327,4.12311392268286,5.8659278779615
"1823",23,"UKENMI_ST_TP000184",NA,5.18559774168852,4.29478972241592,6.07451569280522
"1824",24,"UKENMI_ST_TP000184",5.49551272,5.12671759421722,4.25364024170892,5.9973897123241
"1825",25,"UKENMI_ST_TP000184",NA,5.12331401593009,4.22623947955694,6.01903114703283
"1826",26,"UKENMI_ST_TP000184",4.75025148,5.07919436282941,4.20557103770162,5.95211715745369
"1827",27,"UKENMI_ST_TP000184",NA,5.01478530721846,4.11806456174859,5.91033089018182
"1828",28,"UKENMI_ST_TP000184",4.833091189,5.17800490409265,4.30437071494011,6.04952464520671
"1829",29,"UKENMI_ST_TP000184",NA,5.10417448688992,4.21143438143737,5.99585816907406
"1830",30,"UKENMI_ST_TP000184",4.986272892,5.1257720652467,4.25070571947847,5.9989257564666
"1831",31,"UKENMI_ST_TP000184",NA,5.01613262686365,4.09272628513053,5.9378286846109
"1832",32,"UKENMI_ST_TP000184",NA,5.15083636272778,4.2806336925548,6.01736491607012
"1833",33,"UKENMI_ST_TP000184",5.380642627,4.98732660236501,4.11147950642528,5.860886126786
"1834",34,"UKENMI_ST_TP000184",3.246779095,4.77490038292292,3.90055664096161,5.64946836198424
"1835",35,"UKENMI_ST_TP000184",NA,4.82945927767843,3.92755554025656,5.72943816847642
"1836",36,"UKENMI_ST_TP000184",5.525633387,4.84757762367057,3.97505722795399,5.71794376618365
"1837",37,"UKENMI_ST_TP000184",NA,5.17216322045669,4.27505396001168,6.06645126934512
"1838",38,"UKENMI_ST_TP000184",5.545046641,5.21529618139348,4.34069074957069,6.08604444899046
"1839",39,"UKENMI_ST_TP000184",NA,5.48566588858345,4.58736702488174,6.38220185220387
"1840",40,"UKENMI_ST_TP000184",4.665209565,5.47900204430493,4.60708992825588,6.34766200922621
"1841",41,"UKENMI_ST_TP000184",NA,5.45240297405898,4.55627996221048,6.34724943600673
"1842",42,"UKENMI_ST_TP000184",5.712398577,5.48499192381011,4.60991294906442,6.35584718147117
"1843",43,"UKENMI_ST_TP000184",NA,5.48849035228795,4.59408157968049,6.38036597848529
"1844",44,"UKENMI_ST_TP000184",5.003213201,5.30419466903735,4.4295842936737,6.17532466926918
"1845",45,"UKENMI_ST_TP000184",6.131944775,5.46015667586691,4.5425591593054,6.374874445115
"991",1,"UKENAN_AW_TP000308",NA,4.20759920738712,3.28379088293231,5.13028592629762
"992",2,"UKENAN_AW_TP000308",4.407294191,4.39243852510068,3.51427850936795,5.27747515963941
"993",3,"UKENAN_AW_TP000308",NA,4.45882340581207,3.54735491461366,5.37237383175398
"994",4,"UKENAN_AW_TP000308",4.106128217,4.44220739982427,3.56137698239197,5.32172456324205
"995",5,"UKENAN_AW_TP000308",NA,4.70965724102381,3.79194004761724,5.63291506472867
"996",6,"UKENAN_AW_TP000308",5.01052449,4.85480979896017,3.9712507567085,5.73303306477404
"997",7,"UKENAN_AW_TP000308",NA,4.67560318087769,3.75186757064135,5.59902826152521
"998",8,"UKENAN_AW_TP000308",5.621184532,4.67449133434126,3.7936371533857,5.55369033767815
"999",9,"UKENAN_AW_TP000308",NA,4.97719772730589,4.04214232029713,5.91190932246382
"1000",10,"UKENAN_AW_TP000308",4.818510834,4.99587676273926,4.11982710954952,5.87274794052882
"1001",11,"UKENAN_AW_TP000308",NA,5.17766510273654,4.25861004914054,6.0992445605724
"1002",12,"UKENAN_AW_TP000308",5.260653026,5.04755416276368,4.16124131484556,5.92610588823915
"1003",13,"UKENAN_AW_TP000308",NA,4.95283094299243,4.0287956837003,5.87330533674559
"1004",14,"UKENAN_AW_TP000308",5.583964744,5.21996979695334,4.33974681550636,6.10034916534228
"1005",15,"UKENAN_AW_TP000308",NA,5.07639224431266,4.15338838212077,5.99893498011306
"1006",16,"UKENAN_AW_TP000308",6.012233013,5.25633262911069,4.37499353613813,6.13532458688042
"1007",17,"UKENAN_AW_TP000308",NA,5.12203007568288,4.20323738144362,6.04282352762803
"1008",18,"UKENAN_AW_TP000308",4.841688864,4.9887378760112,4.11034054035525,5.87005213594552
"1009",19,"UKENAN_AW_TP000308",NA,4.91164187040169,3.97358219712417,5.84764248115572
"1010",20,"UKENAN_AW_TP000308",4.539094202,5.12992921553857,4.25477508446811,6.00813819808751
"1011",21,"UKENAN_AW_TP000308",NA,4.95184403394622,4.03389426712862,5.87279587112711
"1012",22,"UKENAN_AW_TP000308",3.661698183,4.89519778097671,4.0117718146702,5.77504835581365
"1013",23,"UKENAN_AW_TP000308",NA,5.12102283851647,4.20519406019579,6.04163703948661
"1014",24,"UKENAN_AW_TP000308",5.00593502,4.95884678897904,4.07380069387749,5.84043471912999
"1015",25,"UKENAN_AW_TP000308",NA,5.07241907081262,4.13787824747317,6.00836696937654
"1016",26,"UKENAN_AW_TP000308",5.029463776,4.95968963135663,4.08257743833751,5.83483564385883
"1017",27,"UKENAN_AW_TP000308",NA,4.73940913228621,3.80944533710793,5.65978528092185
"1018",28,"UKENAN_AW_TP000308",4.974193923,5.10261149201888,4.22377188361299,5.98289863122907
"1019",29,"UKENAN_AW_TP000308",NA,5.05869833617985,4.13971294199955,5.98051432668832
"1020",30,"UKENAN_AW_TP000308",4.243044771,5.02314374175561,4.14227198015418,5.9022502458613
"1021",31,"UKENAN_AW_TP000308",NA,4.84601585786791,3.89854686074075,5.7928051933268
"1022",32,"UKENAN_AW_TP000308",3.772547139,4.78194957220348,3.90096554032201,5.66353632318512
"1023",33,"UKENAN_AW_TP000308",NA,4.85764262472658,3.95053218784049,5.76746509690448
"1024",34,"UKENAN_AW_TP000308",4.586040029,4.83666057107677,3.95807756255115,5.7220707316563
"1025",35,"UKENAN_AW_TP000308",NA,4.6736318023475,3.75169588877122,5.59256043218619
"1026",36,"UKENAN_AW_TP000308",4.550260043,4.78461663188059,3.90152025791217,5.66282979369814
"1027",37,"UKENAN_AW_TP000308",NA,5.13905844446643,4.21969839059991,6.06188235778181
"1028",38,"UKENAN_AW_TP000308",5.932570411,5.07941985226862,4.20003056991386,5.96002590938458
"1029",39,"UKENAN_AW_TP000308",NA,5.44271289931776,4.52383169033343,6.36587092093135
"1030",40,"UKENAN_AW_TP000308",5.759910233,5.24329674941638,4.36512058239591,6.12592440170536
"1031",41,"UKENAN_AW_TP000308",NA,5.48087057685746,4.56201064795913,6.40543821175971
"1032",42,"UKENAN_AW_TP000308",5.107133323,5.41990451482615,4.53964890861339,6.29978220448009
"1033",43,"UKENAN_AW_TP000308",NA,5.40883016254003,4.477765217246,6.3388694481865
"1034",44,"UKENAN_AW_TP000308",5.093228574,5.31934304324589,4.44086924088837,6.20828949509295
"1035",45,"UKENAN_AW_TP000308",NA,5.4280467599807,4.48052946317158,6.37378887631075
"4681",1,"UKENSO_SW_TP000025",NA,4.26045730818921,3.36396970638471,5.15688166648982
"4682",2,"UKENSO_SW_TP000025",4.318644228,4.38059729155646,3.52786187789174,5.23628243864942
"4683",3,"UKENSO_SW_TP000025",NA,4.51061766428508,3.62647934381744,5.39645827286792
"4684",4,"UKENSO_SW_TP000025",3.986108349,4.50433479488268,3.65022294969889,5.35744471308219
"4685",5,"UKENSO_SW_TP000025",NA,4.71121755430332,3.82032336773488,5.60423074783238
"4686",6,"UKENSO_SW_TP000025",5.221641282,4.88798420943797,4.03222225131191,5.74045179670724
"4687",7,"UKENSO_SW_TP000025",NA,4.7130335559985,3.81710927812584,5.60998380912326
"4688",8,"UKENSO_SW_TP000025",5.392361278,4.69679529519354,3.84373193929604,5.55175631873184
"4689",9,"UKENSO_SW_TP000025",NA,5.00086667509592,4.10275405931188,5.89886081409227
"4690",10,"UKENSO_SW_TP000025",5.029632869,4.98622945263214,4.13223222899767,5.83869657110012
"4691",11,"UKENSO_SW_TP000025",NA,5.22657772394874,4.33566490704657,6.12030290701429
"4692",12,"UKENSO_SW_TP000025",5.662902741,5.21935314524398,4.36629559690703,6.0733591318123
"4693",13,"UKENSO_SW_TP000025",NA,5.04516025723798,4.15290394640834,5.93851471552986
"4694",14,"UKENSO_SW_TP000025",5.304800985,5.20037006177103,4.34643643058443,6.05295641482467
"4695",15,"UKENSO_SW_TP000025",NA,5.14524059892998,4.25302688390708,6.03914859471906
"4696",16,"UKENSO_SW_TP000025",5.28602126,5.32840851858321,4.47554860351122,6.18184826935595
"4697",17,"UKENSO_SW_TP000025",NA,5.14812656152267,4.25780266930121,6.0400801040337
"4698",18,"UKENSO_SW_TP000025",5.520215198,5.0405715528231,4.18842179303584,5.89475011873553
"4699",19,"UKENSO_SW_TP000025",NA,4.94644786526864,4.04688909772096,5.84484733173698
"4700",20,"UKENSO_SW_TP000025",5.249777544,5.15566360995645,4.30100058368717,6.00874666726139
"4701",21,"UKENSO_SW_TP000025",NA,4.95911764798986,4.06881545171902,5.85092978033892
"4702",22,"UKENSO_SW_TP000025",5.462198011,4.97954568184866,4.12463795933645,5.83214177739108
"4703",23,"UKENSO_SW_TP000025",NA,5.1183700713829,4.22999697592919,6.0085516277017
"4704",24,"UKENSO_SW_TP000025",6.247539207,5.0362354413388,4.18183853189397,5.88996331557993
"4705",25,"UKENSO_SW_TP000025",NA,5.09810612012492,4.20131447338801,5.99599607529623
"4706",26,"UKENSO_SW_TP000025",5.329878957,5.00612203672318,4.15199722227463,5.85778467234223
"4707",27,"UKENSO_SW_TP000025",NA,4.87716369384506,3.98334515238125,5.76974203047299
"4708",28,"UKENSO_SW_TP000025",5.539825622,5.15133419996289,4.29829115547585,6.00455698849746
"4709",29,"UKENSO_SW_TP000025",NA,5.05256479788849,4.16048522323584,5.9449148685578
"4710",30,"UKENSO_SW_TP000025",5.66054026,5.12035236271936,4.26684473616293,5.97392357500229
"4711",31,"UKENSO_SW_TP000025",NA,4.87477594792394,3.95039577035926,5.79786378041266
"4712",32,"UKENSO_SW_TP000025",5.363856033,4.83522645389669,3.98174726877036,5.69140819335839
"4713",33,"UKENSO_SW_TP000025",4.925692451,4.90909100968131,4.02860492492881,5.79176776894598
"4714",34,"UKENSO_SW_TP000025",NA,4.73700897042802,3.88392552809445,5.59135744348486
"4715",35,"UKENSO_SW_TP000025",NA,4.74042657416896,3.84808247111703,5.6326271424717
"4716",36,"UKENSO_SW_TP000025",4.66643854,4.86845568277563,4.01454984714824,5.72085983497605
"4717",37,"UKENSO_SW_TP000025",NA,5.14256452446158,4.25042661586551,6.03558848731554
"4718",38,"UKENSO_SW_TP000025",4.874083354,5.04517231831298,4.18935443634479,5.89725799486515
"4719",39,"UKENSO_SW_TP000025",NA,5.45270456240298,4.56159359956536,6.34584072197414
"4720",40,"UKENSO_SW_TP000025",5.287433242,5.26484452461804,4.41215506660057,6.11980565761705
"4721",41,"UKENSO_SW_TP000025",NA,5.47655471327493,4.5850814747963,6.37052476266858
"4722",42,"UKENSO_SW_TP000025",5.490644916,5.4391676919553,4.58607727579071,6.29223016668769
"4723",43,"UKENSO_SW_TP000025",NA,5.42319524418634,4.52868703879075,6.31722411378926
"4724",44,"UKENSO_SW_TP000025",5.336908227,5.22981527248459,4.37696336055485,6.0841856389983
"4725",45,"UKENSO_SW_TP000025",NA,5.44739909375919,4.53444470771623,6.35936010015348
"4816",1,"UKENSO_SW_TP000030",NA,4.34419650427894,3.41157440936211,5.27444034521806
"4817",2,"UKENSO_SW_TP000030",5.229394425,4.45302474083361,3.55755396512872,5.34978254985217
"4818",3,"UKENSO_SW_TP000030",4.741367124,4.58672025331953,3.66660182486699,5.50691926197459
"4819",4,"UKENSO_SW_TP000030",NA,4.61504385274496,3.71606885810538,5.51186291197104
"4820",5,"UKENSO_SW_TP000030",NA,4.80314103174131,3.87361998398995,5.73340242865593
"4821",6,"UKENSO_SW_TP000030",5.376508119,4.96468247736516,4.06233480240088,5.86003127843331
"4822",7,"UKENSO_SW_TP000030",NA,4.79026409124384,3.85674074426099,5.72314403491746
"4823",8,"UKENSO_SW_TP000030",5.612874258,4.76347284115749,3.86543966419232,5.66092140028437
"4824",9,"UKENSO_SW_TP000030",NA,5.08865494766261,4.15512316061753,6.01976691197221
"4825",10,"UKENSO_SW_TP000030",5.879451596,5.12266726913897,4.2271195025281,6.01734651657682
"4826",11,"UKENSO_SW_TP000030",NA,5.30520167800748,4.38105699688112,6.23117496748036
"4827",12,"UKENSO_SW_TP000030",5.858546127,5.24537337794282,4.34775490336857,6.1390930328954
"4828",13,"UKENSO_SW_TP000030",NA,5.11982768724128,4.19397687208852,6.04472229509943
"4829",14,"UKENSO_SW_TP000030",5.571206214,5.27866187234515,4.38183154322016,6.17300938652161
"4830",15,"UKENSO_SW_TP000030",NA,5.22464746965655,4.29961745347126,6.14966070075923
"4831",16,"UKENSO_SW_TP000030",4.159921612,5.38120390997268,4.48178493631849,6.27674308951584
"4832",17,"UKENSO_SW_TP000030",NA,5.23100235563863,4.30246270168004,6.15951374769371
"4833",18,"UKENSO_SW_TP000030",5.080684447,5.08698786969824,4.18912000257435,5.98475316142757
"4834",19,"UKENSO_SW_TP000030",NA,5.04400773470214,4.10608444623685,5.97775267577233
"4835",20,"UKENSO_SW_TP000030",6.29782855,5.22866305115666,4.32675948626152,6.12440413453925
"4836",21,"UKENSO_SW_TP000030",NA,5.03635722038121,4.108514961276,5.96403366067823
"4837",22,"UKENSO_SW_TP000030",5.423252221,5.07104321643521,4.17084157114193,5.96716465214199
"4838",23,"UKENSO_SW_TP000030",NA,5.20243685180379,4.28015439859745,6.12502876096034
"4839",24,"UKENSO_SW_TP000030",5.351252226,5.16346294379283,4.26524114444578,6.06014349602098
"4840",25,"UKENSO_SW_TP000030",NA,5.18177167654602,4.24582656741736,6.11696166791982
"4841",26,"UKENSO_SW_TP000030",5.645032664,5.07515156008745,4.17602921609449,5.96911982575386
"4842",27,"UKENSO_SW_TP000030",NA,4.95596121598649,4.02465764752767,5.88280904950489
"4843",28,"UKENSO_SW_TP000030",5.655880598,5.23455597378608,4.33505931038685,6.13255024575647
"4844",29,"UKENSO_SW_TP000030",NA,5.14383789229823,4.21311169998857,6.07244463034608
"4845",30,"UKENSO_SW_TP000030",5.39012699,5.19180798953703,4.28983381756728,6.08977358428768
"4846",31,"UKENSO_SW_TP000030",NA,4.96474909360605,4.00106190691543,5.92553377175611
"4847",32,"UKENSO_SW_TP000030",5.071008085,4.92808403048453,4.03700830489081,5.82226504455676
"4848",33,"UKENSO_SW_TP000030",6.028402341,4.97883045307431,4.06598543265001,5.89268698628484
"4849",34,"UKENSO_SW_TP000030",NA,4.87406894907605,3.9735053630035,5.7756328154037
"4850",35,"UKENSO_SW_TP000030",NA,4.82155853601484,3.88746210579421,5.75316256780051
"4851",36,"UKENSO_SW_TP000030",5.297862681,4.93191535021346,4.02879261196045,5.82859577032258
"4852",37,"UKENSO_SW_TP000030",NA,5.22729384038174,4.29708904880306,6.15659170370195
"4853",38,"UKENSO_SW_TP000030",5.877446593,5.17008489618017,4.26988345016567,6.06682287875968
"4854",39,"UKENSO_SW_TP000030",NA,5.54248132868068,4.61845527046478,6.46688216412809
"4855",40,"UKENSO_SW_TP000030",6.314151259,5.30507117119689,4.40483087033404,6.20539525909339
"4856",41,"UKENSO_SW_TP000030",NA,5.55888852480527,4.6285701745892,6.49069075744471
"4857",42,"UKENSO_SW_TP000030",6.17232415,5.51659673484633,4.6156351018784,6.41282987459764
"4858",43,"UKENSO_SW_TP000030",NA,5.52054776340574,4.58653611183679,6.45168808777463
"4859",44,"UKENSO_SW_TP000030",5.858652333,5.33178387001891,4.4329907391106,6.2296278561506
"4860",45,"UKENSO_SW_TP000030",NA,5.53755609504124,4.58618781884134,6.48544776909249
"6301",1,"UKENTH_TWU_TP000102",NA,4.0565871798221,3.16393066320385,4.94834577638144
"6302",2,"UKENTH_TWU_TP000102",3.158053901,4.21695862217417,3.37061482157132,5.06643400727782
"6303",3,"UKENTH_TWU_TP000102",NA,4.30619415371464,3.42646430281587,5.18698415465457
"6304",4,"UKENTH_TWU_TP000102",3.822963103,4.3150970047109,3.46765115193709,5.16315621279731
"6305",5,"UKENTH_TWU_TP000102",NA,4.58547467912997,3.69772522186231,5.47895052784419
"6306",6,"UKENTH_TWU_TP000102",4.831558756,4.73117738161948,3.88167861707466,5.57773420572538
"6307",7,"UKENTH_TWU_TP000102",NA,4.52440673909054,3.63132351190371,5.4165391875587
"6308",8,"UKENTH_TWU_TP000102",4.228199704,4.52488875652687,3.67545536808029,5.37113391587184
"6309",9,"UKENTH_TWU_TP000102",NA,4.84811638592408,3.93836486437873,5.75777188719294
"6310",10,"UKENTH_TWU_TP000102",4.953883799,4.90877966088395,4.06890418526935,5.75003313387779
"6311",11,"UKENTH_TWU_TP000102",NA,5.03415929791942,4.14671709275465,5.92287315870174
"6312",12,"UKENTH_TWU_TP000102",4.807575675,4.83943483243094,3.9823036452424,5.68760613065588
"6313",13,"UKENTH_TWU_TP000102",NA,4.77770623116697,3.8830431064485,5.6669248438254
"6314",14,"UKENTH_TWU_TP000102",4.996455125,5.08936581908188,4.2423204914666,5.93630192816089
"6315",15,"UKENTH_TWU_TP000102",NA,4.93175268106876,4.03971626696468,5.82204035090418
"6316",16,"UKENTH_TWU_TP000102",3.347450464,5.09104419874384,4.24002724603774,5.9373085810405
"6317",17,"UKENTH_TWU_TP000102",NA,4.98870919000277,4.1005317144534,5.87837247598104
"6318",18,"UKENTH_TWU_TP000102",4.537488561,4.82702381191596,3.98112946253411,5.6753687567522
"6319",19,"UKENTH_TWU_TP000102",NA,4.78194056507047,3.86815254740372,5.69418633343778
"6320",20,"UKENTH_TWU_TP000102",4.628484662,5.00396917262611,4.16456016952867,5.84842555659602
"6321",21,"UKENTH_TWU_TP000102",NA,4.82576856816519,3.93862188719711,5.7155710419147
"6322",22,"UKENTH_TWU_TP000102",4.141781813,4.77318631378608,3.92584998079038,5.62006602490094
"6323",23,"UKENTH_TWU_TP000102",NA,5.00351279945774,4.11908323183071,5.89293838209667
"6324",24,"UKENTH_TWU_TP000102",4.403884507,4.85391464135566,3.99913283620535,5.70819622796403
"6325",25,"UKENTH_TWU_TP000102",NA,4.93146191149319,4.02091638213118,5.842922600961
"6326",26,"UKENTH_TWU_TP000102",4.681005642,4.8215240202316,3.98096518890237,5.66351164114403
"6327",27,"UKENTH_TWU_TP000102",NA,4.55678111782945,3.65060405200346,5.45197697615311
"6328",28,"UKENTH_TWU_TP000102",3.952198108,4.94994680605105,4.10386246813508,5.79770963964846
"6329",29,"UKENTH_TWU_TP000102",NA,4.94982881560574,4.06208398723444,5.84132978566134
"6330",30,"UKENTH_TWU_TP000102",3.203337417,4.84778900597372,3.99833083588033,5.69420186024133
"6331",31,"UKENTH_TWU_TP000102",NA,4.68364833421895,3.76094599775491,5.60580706510326
"6332",32,"UKENTH_TWU_TP000102",3.898794133,4.6242319430558,3.774671044251,5.47132046039365
"6333",33,"UKENTH_TWU_TP000102",NA,4.70767558881644,3.8343651269861,5.58212432886379
"6334",34,"UKENTH_TWU_TP000102",4.502969411,4.77955703661639,3.93014748489286,5.63870525357809
"6335",35,"UKENTH_TWU_TP000102",NA,4.51986292696592,3.62731795449132,5.40856297364103
"6336",36,"UKENTH_TWU_TP000102",3.941863862,4.59421315546758,3.73833368245585,5.44202094196563
"6337",37,"UKENTH_TWU_TP000102",NA,5.01137473807881,4.12239596890847,5.90420368971402
"6338",38,"UKENTH_TWU_TP000102",4.114496481,4.98462346183592,4.1386596441298,5.83316239728665
"6339",39,"UKENTH_TWU_TP000102",NA,5.31908303981934,4.4313681654677,6.21106944124254
"6340",40,"UKENTH_TWU_TP000102",4.642032476,5.09055609760456,4.24429253783899,5.93892463334605
"6341",41,"UKENTH_TWU_TP000102",NA,5.35503866363808,4.46647380732885,6.24876183126814
"6342",42,"UKENTH_TWU_TP000102",5.078287431,5.27640716119937,4.42720412173855,6.12307388281772
"6343",43,"UKENTH_TWU_TP000102",NA,5.29933823518373,4.39527312232051,6.20278720430433
"6344",44,"UKENTH_TWU_TP000102",4.63004442,5.21343623822572,4.36633860815421,6.06881400689004
"6345",45,"UKENTH_TWU_TP000102",NA,5.29778310468361,4.37669862112167,6.21701404194694
"3286",1,"UKENNW_UU_TP000012",NA,4.45111213128749,3.49235469130484,5.40909722194353
"3287",2,"UKENNW_UU_TP000012",4.925826852,4.34121981276158,3.40362430764857,5.2782970991849
"3288",3,"UKENNW_UU_TP000012",5.762935108,4.55760630002903,3.60936040180096,5.50602080340265
"3289",4,"UKENNW_UU_TP000012",NA,4.67957272068108,3.7425497905921,5.6152359312755
"3290",5,"UKENNW_UU_TP000012",NA,4.80930721153177,3.85706228061079,5.76248889447642
"3291",6,"UKENNW_UU_TP000012",5.348575626,4.91559778063275,3.98130685112182,5.8513814144204
"3292",7,"UKENNW_UU_TP000012",NA,4.82276651613526,3.86277377154649,5.78369271844559
"3293",8,"UKENNW_UU_TP000012",5.441088055,4.82119777493633,3.88611810113334,5.75842718949229
"3294",9,"UKENNW_UU_TP000012",NA,5.1773072177962,4.22486183930205,6.13188088767077
"3295",10,"UKENNW_UU_TP000012",5.220904333,5.28067022122018,4.3469992696604,6.2177910735343
"3296",11,"UKENNW_UU_TP000012",NA,5.30504854209043,4.3520753414689,6.25929247065108
"3297",12,"UKENNW_UU_TP000012",5.996235495,5.34589421440359,4.4124012875118,6.28139233893024
"3298",13,"UKENNW_UU_TP000012",NA,5.30864822543671,4.35516535073933,6.26396315510133
"3299",14,"UKENNW_UU_TP000012",4.77881928,5.23778889992286,4.30027222709519,6.17633649743904
"3300",15,"UKENNW_UU_TP000012",NA,5.33600259254255,4.38303560265622,6.29082613696277
"3301",16,"UKENNW_UU_TP000012",4.521161089,5.25321587228851,4.31582546244658,6.19409026528698
"3302",17,"UKENNW_UU_TP000012",NA,5.26314873163911,4.31229065732071,6.21489937499037
"3303",18,"UKENNW_UU_TP000012",4.95731477,5.14975035503026,4.21608245766359,6.08436730558854
"3304",19,"UKENNW_UU_TP000012",NA,5.01611229112962,4.06059590351861,5.97280071276372
"3305",20,"UKENNW_UU_TP000012",5.30253511,5.08260290383712,4.1392442991119,6.02283610038621
"3306",21,"UKENNW_UU_TP000012",NA,5.02642601038924,4.07280645437714,5.98119877223456
"3307",22,"UKENNW_UU_TP000012",4.976812306,5.11325083646006,4.17887212019061,6.04708792254455
"3308",23,"UKENNW_UU_TP000012",NA,5.32471044776947,4.37602339458406,6.27550567407856
"3309",24,"UKENNW_UU_TP000012",4.502868959,5.2763488195802,4.34261307622817,6.21045963796574
"3310",25,"UKENNW_UU_TP000012",NA,5.22575272980794,4.2730324540913,6.17886620026769
"3311",26,"UKENNW_UU_TP000012",6.306852716,5.18258749829275,4.24888428118544,6.11729917436555
"3312",27,"UKENNW_UU_TP000012",NA,5.2434905112463,4.29138681577061,6.19700841725234
"3313",28,"UKENNW_UU_TP000012",6.046605492,5.17561261020038,4.24186796585401,6.11219883109032
"3314",29,"UKENNW_UU_TP000012",NA,5.20427120130747,4.25497183199465,6.15538421244894
"3315",30,"UKENNW_UU_TP000012",6.477029124,5.08565689292363,4.15193492731212,6.02234831550214
"3316",31,"UKENNW_UU_TP000012",NA,5.1140456221785,4.14272111248899,6.08765059303761
"3317",32,"UKENNW_UU_TP000012",5.623631707,5.15602663951795,4.21852681737201,6.09125999295406
"3318",33,"UKENNW_UU_TP000012",5.494497171,4.97852937728559,4.03704737659291,5.92052512292873
"3319",34,"UKENNW_UU_TP000012",NA,4.79553780378494,3.85562221133743,5.73333852924768
"3320",35,"UKENNW_UU_TP000012",NA,4.84152171936048,3.88661920805249,5.79456175665821
"3321",36,"UKENNW_UU_TP000012",4.381968456,4.94309009651707,4.00464935849649,5.87701487945613
"3322",37,"UKENNW_UU_TP000012",NA,5.08460566135979,4.10681459630458,6.05887606024394
"3323",38,"UKENNW_UU_TP000012",5.029070277,5.14592271640189,4.19466338897493,6.09267338530628
"3324",39,"UKENNW_UU_TP000012",NA,5.48181916247081,4.53110459208957,6.43320047302445
"3325",40,"UKENNW_UU_TP000012",5.617581322,5.4536236601613,4.51326621878743,6.38826860562053
"3326",41,"UKENNW_UU_TP000012",NA,5.0428013631411,3.97636827386834,6.10373715919979
"3327",42,"UKENNW_UU_TP000012",6.261167329,5.50663520424303,4.57052467747194,6.43964411355824
"3328",43,"UKENNW_UU_TP000012",NA,5.58681217542833,4.6394159965665,6.53595023039037
"3329",44,"UKENNW_UU_TP000012",5.87312256,5.39257944382074,4.45574402955728,6.32625760327613
"3330",45,"UKENNW_UU_TP000012",NA,5.32448605732555,4.35226147732617,6.29319879284874
"3736",1,"UKENNW_UU_TP000050",4.096038701,4.50858560290914,3.5503038304149,5.46640965103168
"3737",2,"UKENNW_UU_TP000050",NA,4.46052382238046,3.52775073806535,5.39136383269276
"3738",3,"UKENNW_UU_TP000050",5.173743213,4.60183476437066,3.65611255322295,5.54653099631719
"3739",4,"UKENNW_UU_TP000050",NA,4.75925062746952,3.82153302397262,5.69463651134728
"3740",5,"UKENNW_UU_TP000050",5.274374177,4.89355373266679,3.9393989437244,5.84754368090161
"3741",6,"UKENNW_UU_TP000050",NA,5.00606991604779,4.07333727623296,5.93842403456138
"3742",7,"UKENNW_UU_TP000050",5.435471542,4.89066290221043,3.92549193890659,5.85531021006557
"3743",8,"UKENNW_UU_TP000050",NA,4.85259945169612,3.91539533013637,5.78886063960667
"3744",9,"UKENNW_UU_TP000050",4.704773561,5.22262782590162,4.26948062053001,6.17643029366823
"3745",10,"UKENNW_UU_TP000050",NA,5.31316882518334,4.38092573012987,6.24747936124849
"3746",11,"UKENNW_UU_TP000050",5.221406038,5.38931995536746,4.43469015494051,6.34389398127373
"3747",12,"UKENNW_UU_TP000050",NA,5.39794782930674,4.46589127945806,6.33107603700671
"3748",13,"UKENNW_UU_TP000050",5.332583786,5.36974488104498,4.41452565305057,6.32514929582571
"3749",14,"UKENNW_UU_TP000050",NA,5.31158953534139,4.37670892961947,6.2453695047956
"3750",15,"UKENNW_UU_TP000050",5.229470634,5.41473685717167,4.46038281923782,6.36957601968648
"3751",16,"UKENNW_UU_TP000050",NA,5.21012562196288,4.26928820145147,6.1513574038352
"3752",17,"UKENNW_UU_TP000050",5.103635189,5.32567743733298,4.37362225664773,6.27768019582066
"3753",18,"UKENNW_UU_TP000050",NA,5.21203998695246,4.28045866071348,6.14383045360584
"3754",19,"UKENNW_UU_TP000050",4.904426179,5.05435697232144,4.09754704799499,6.01153158093422
"3755",20,"UKENNW_UU_TP000050",NA,5.17667090691974,4.23571260221017,6.11377395085655
"3756",21,"UKENNW_UU_TP000050",4.755295184,5.07705496540559,4.1224071180158,6.03236146034864
"3757",22,"UKENNW_UU_TP000050",NA,5.18022852043105,4.24854930744734,6.11121835176534
"3758",23,"UKENNW_UU_TP000050",3.647695708,5.39699336764222,4.44691036038562,6.34752229249689
"3759",24,"UKENNW_UU_TP000050",NA,5.35331573379961,4.42184221165609,6.28493956742003
"3760",25,"UKENNW_UU_TP000050",5.489405968,5.26379371268219,4.30790090531402,6.21873550399683
"3761",26,"UKENNW_UU_TP000050",NA,5.26075084755453,4.32969968087819,6.1935754091477
"3762",27,"UKENNW_UU_TP000050",3.141164358,5.30102042083818,4.34815840316504,6.25461193919994
"3763",28,"UKENNW_UU_TP000050",NA,5.15498241612794,4.22095691564934,6.08992855486789
"3764",29,"UKENNW_UU_TP000050",5.322229166,5.25624001857767,4.30624997221746,6.20682292741665
"3765",30,"UKENNW_UU_TP000050",NA,5.13280486289374,4.20102140560782,6.06659834986028
"3766",31,"UKENNW_UU_TP000050",NA,5.18100730188494,4.20723764979806,6.15555511475513
"3767",32,"UKENNW_UU_TP000050",5.520950132,5.27919113930134,4.34404523633618,6.21037585750836
"3768",33,"UKENNW_UU_TP000050",4.909201439,4.99328013542479,4.04871167051619,5.93633478212376
"3769",34,"UKENNW_UU_TP000050",NA,4.87933910474651,3.94599801871224,5.81085748803632
"3770",35,"UKENNW_UU_TP000050",5.319603685,4.92021589792078,3.96638415508484,5.87217961863651
"3771",36,"UKENNW_UU_TP000050",NA,5.0498783631786,4.11496079231904,5.9807084568107
"3772",37,"UKENNW_UU_TP000050",5.718114028,5.2530958767741,4.29446367151373,6.20898452793571
"3773",38,"UKENNW_UU_TP000050",NA,5.31245459392564,4.37226886303919,6.24765239094399
"3774",39,"UKENNW_UU_TP000050",5.109946764,5.56814836064854,4.61890939416537,6.51768808681888
"3775",40,"UKENNW_UU_TP000050",NA,5.57374184543689,4.63455358789762,6.50689606066521
"3776",41,"UKENNW_UU_TP000050",6.16852821,5.33609452180674,4.35435950525789,6.31506995191057
"3777",42,"UKENNW_UU_TP000050",NA,5.61698343865994,4.68344599018728,6.54678212386385
"3778",43,"UKENNW_UU_TP000050",5.159633705,5.64313497548778,4.69653993635158,6.59017650722792
"3779",44,"UKENNW_UU_TP000050",NA,5.50307416289758,4.56745357589211,6.43403216990219
"3780",45,"UKENNW_UU_TP000050",NA,5.41371039586189,4.4416366996085,6.38144461994838
"3871",1,"UKENNW_UU_TP000076",NA,4.36829268145896,3.41747180316804,5.31955720288371
"3872",2,"UKENNW_UU_TP000076",4.800775006,4.28395071368097,3.35811069144726,5.20938935129961
"3873",3,"UKENNW_UU_TP000076",NA,4.4660140372235,3.52982416079856,5.40332101445814
"3874",4,"UKENNW_UU_TP000076",5.086225657,4.60523619653853,3.67688065643313,5.53281013642909
"3875",5,"UKENNW_UU_TP000076",NA,4.73977896102901,3.79466046374184,5.68628075264602
"3876",6,"UKENNW_UU_TP000076",5.138122075,4.85748157314743,3.93501403556077,5.78199095333154
"3877",7,"UKENNW_UU_TP000076",NA,4.78030939020917,3.82962666465206,5.73295855468244
"3878",8,"UKENNW_UU_TP000076",5.05260354,4.75037490588426,3.82719769260472,5.67543277581528
"3879",9,"UKENNW_UU_TP000076",NA,5.09972710498423,4.15496251269608,6.04726115849254
"3880",10,"UKENNW_UU_TP000076",5.380638556,5.16816737837249,4.24552996128729,6.09522229043307
"3881",11,"UKENNW_UU_TP000076",NA,5.24050611556059,4.29532499269,6.18734694559738
"3882",12,"UKENNW_UU_TP000076",5.901847093,5.24920591822649,4.32729324138989,6.17416631005228
"3883",13,"UKENNW_UU_TP000076",NA,5.23126368776516,4.28463029865359,6.17998446192675
"3884",14,"UKENNW_UU_TP000076",6.014292357,5.1652102194602,4.24102594956462,6.09058010717489
"3885",15,"UKENNW_UU_TP000076",NA,5.2629702850485,4.31694740254168,6.21124612644734
"3886",16,"UKENNW_UU_TP000076",5.641515977,5.10358284814079,4.1772009924855,6.03293419421762
"3887",17,"UKENNW_UU_TP000076",NA,5.19634270236487,4.25358805800953,6.14114213488591
"3888",18,"UKENNW_UU_TP000076",5.991916645,5.05980891379434,4.13723945591879,5.98492041250439
"3889",19,"UKENNW_UU_TP000076",NA,4.9346591291942,3.98687238992871,5.88484564901399
"3890",20,"UKENNW_UU_TP000076",5.495521411,5.05083562649012,4.12239776926089,5.97726912255126
"3891",21,"UKENNW_UU_TP000076",NA,4.94293160490615,3.99693592427352,5.89157877659527
"3892",22,"UKENNW_UU_TP000076",4.871091816,5.03265467635237,4.10943067062245,5.95671178900928
"3893",23,"UKENNW_UU_TP000076",NA,5.24631765318572,4.30419912489847,6.19112651173858
"3894",24,"UKENNW_UU_TP000076",4.520462087,5.22114047360972,4.29831620620372,6.14596676857362
"3895",25,"UKENNW_UU_TP000076",NA,5.10630487883098,4.15866490781926,6.0543038732485
"3896",26,"UKENNW_UU_TP000076",5.87916147,5.10594762861919,4.18387279041273,6.03142419396829
"3897",27,"UKENNW_UU_TP000076",NA,5.16298328221007,4.21823839539917,6.10989103352443
"3898",28,"UKENNW_UU_TP000076",5.974011316,5.10853392225255,4.18621332070226,6.03494535452602
"3899",29,"UKENNW_UU_TP000076",NA,5.12967847821605,4.18760415861365,6.07421981566714
"3900",30,"UKENNW_UU_TP000076",5.809412677,5.00871939529028,4.08637176766868,5.93575524356381
"3901",31,"UKENNW_UU_TP000076",NA,5.03779476424654,4.07363692944469,6.00440112078814
"3902",32,"UKENNW_UU_TP000076",5.736683325,5.14889082180979,4.22162997285177,6.07299039010288
"3903",33,"UKENNW_UU_TP000076",NA,4.88012961203083,3.94614061539194,5.81479558546836
"3904",34,"UKENNW_UU_TP000076",4.631499944,4.75528631271342,3.82951781566776,5.67959955880152
"3905",35,"UKENNW_UU_TP000076",NA,4.77717870331543,3.83069265188905,5.72263298491523
"3906",36,"UKENNW_UU_TP000076",5.383858792,4.90875646706344,3.98071742976032,5.83271490440715
"3907",37,"UKENNW_UU_TP000076",NA,5.0667051803078,4.10925330198299,6.0226983496757
"3908",38,"UKENNW_UU_TP000076",5.041661919,5.14915193688384,4.21886744328645,6.07674553506725
"3909",39,"UKENNW_UU_TP000076",NA,5.42659985360809,4.48147307958884,6.37386941778126
"3910",40,"UKENNW_UU_TP000076",5.450431546,5.44506453571496,4.51693119167113,6.36857649586194
"3911",41,"UKENNW_UU_TP000076",NA,5.15482482778066,4.17217579521407,6.13547569463001
"3912",42,"UKENNW_UU_TP000076",6.546954107,5.45218064109897,4.52645067919306,6.37530491176419
"3913",43,"UKENNW_UU_TP000076",NA,5.50631726526779,4.56672736737367,6.44804419288594
"3914",44,"UKENNW_UU_TP000076",3.485578646,5.34492118054367,4.41786611400737,6.26878634803277
"3915",45,"UKENNW_UU_TP000076",NA,5.26751132728916,4.30560260091057,6.22699669107236
"4051",1,"UKENNW_UU_TP000102",NA,4.28577440914295,3.36716641695055,5.20324327266866
"4052",2,"UKENNW_UU_TP000102",4.884091133,4.23986786373615,3.365820863277,5.10993584106218
"4053",3,"UKENNW_UU_TP000102",NA,4.35942228878842,3.46622034085669,5.24917896196017
"4054",4,"UKENNW_UU_TP000102",4.549385182,4.56812298223179,3.68343687439593,5.4510122607332
"4055",5,"UKENNW_UU_TP000102",NA,4.68736662416633,3.77283961174606,5.6014959662669
"4056",6,"UKENNW_UU_TP000102",2.741016752,4.82463136501714,3.95240412689097,5.69614115959031
"4057",7,"UKENNW_UU_TP000102",NA,4.68560662164128,3.75788107619529,5.61244110980175
"4058",8,"UKENNW_UU_TP000102",4.885688796,4.65326767340607,3.77728119606726,5.52667694200175
"4059",9,"UKENNW_UU_TP000102",NA,4.987236683543,4.07755443500418,5.89697344897543
"4060",10,"UKENNW_UU_TP000102",2.998087838,5.0217355398624,4.14992002121629,5.89187530619459
"4061",11,"UKENNW_UU_TP000102",NA,5.17282009559804,4.25818303937372,6.08699712695349
"4062",12,"UKENNW_UU_TP000102",4.052804513,5.12834623730872,4.25689492791331,6.0000150124773
"4063",13,"UKENNW_UU_TP000102",NA,5.14440840192078,4.22930550196348,6.05964977508376
"4064",14,"UKENNW_UU_TP000102",4.407943832,5.0551624075296,4.18099142926368,5.92550139376941
"4065",15,"UKENNW_UU_TP000102",NA,5.19371383202727,4.27995070311367,6.10790762729201
"4066",16,"UKENNW_UU_TP000102",5.459259546,4.85837294548978,3.97715922837166,5.73239040873122
"4067",17,"UKENNW_UU_TP000102",NA,5.09943589408794,4.1904036174516,6.0083232206447
"4068",18,"UKENNW_UU_TP000102",5.484507623,4.96378449639379,4.09277273831876,5.83450319756467
"4069",19,"UKENNW_UU_TP000102",NA,4.80664217441851,3.8893162283787,5.72321303402282
"4070",20,"UKENNW_UU_TP000102",4.679094295,5.02037933953686,4.14525111532129,5.89437326253158
"4071",21,"UKENNW_UU_TP000102",NA,4.81034765138123,3.89480655466693,5.72601874448753
"4072",22,"UKENNW_UU_TP000102",3.321354558,4.94700997013744,4.07610179652434,5.81751331939124
"4073",23,"UKENNW_UU_TP000102",NA,5.17236644562766,4.26294282717898,6.08192270554882
"4074",24,"UKENNW_UU_TP000102",5.314874955,5.1463466014403,4.27574312508165,6.01835649501592
"4075",25,"UKENNW_UU_TP000102",NA,5.02796548966415,4.10938419885683,5.94512988790041
"4076",26,"UKENNW_UU_TP000102",5.010333611,5.04006659807746,4.16784831253931,5.91590985669653
"4077",27,"UKENNW_UU_TP000102",NA,5.06385495866667,4.14989965383462,5.97748951450687
"4078",28,"UKENNW_UU_TP000102",5.183615897,4.875187196785,4.00019087090568,5.74700767680305
"4079",29,"UKENNW_UU_TP000102",NA,5.02119650659574,4.11031835603878,5.93107728561463
"4080",30,"UKENNW_UU_TP000102",4.701463875,4.83443250677566,3.96047115577247,5.70566055053637
"4081",31,"UKENNW_UU_TP000102",NA,4.94988826574656,4.01475121573862,5.8847993827835
"4082",32,"UKENNW_UU_TP000102",5.53862837,5.15719860978635,4.28426235488968,6.0284426990969
"4083",33,"UKENNW_UU_TP000102",NA,4.78558960877027,3.88639906901889,5.68246901022835
"4084",34,"UKENNW_UU_TP000102",4.397402911,4.64680420100174,3.77374073797214,5.51628813577275
"4085",35,"UKENNW_UU_TP000102",NA,4.70895272766854,3.79361641425308,5.62154871627872
"4086",36,"UKENNW_UU_TP000102",4.688541554,4.93466396831106,4.06258922980297,5.80658820778302
"4087",37,"UKENNW_UU_TP000102",NA,5.0787962353013,4.16230673073694,5.99172163470782
"4088",38,"UKENNW_UU_TP000102",5.089757407,5.21640656058378,4.34086422622067,6.08835818922673
"4089",39,"UKENNW_UU_TP000102",NA,5.3773252143375,4.46953367145294,6.28478861484935
"4090",40,"UKENNW_UU_TP000102",5.252414034,5.4925966192011,4.61781789901867,6.36579361048215
"4091",41,"UKENNW_UU_TP000102",NA,5.17858236122522,4.24784711724574,6.10641458572043
"4092",42,"UKENNW_UU_TP000102",5.913020585,5.46532554118564,4.59285185754872,6.33510896303733
"4093",43,"UKENNW_UU_TP000102",NA,5.41800864979402,4.51357278411507,6.32095351861439
"4094",44,"UKENNW_UU_TP000102",5.383032284,5.3622939495606,4.48771439821291,6.23379735590829
"4095",45,"UKENNW_UU_TP000102",NA,5.24751462134351,4.31927343487297,6.17113758747473
"2791",1,"UKENNE_YW_TP000082",2.987183824,3.73966501744381,2.79080907716554,4.68562358990138
"2792",2,"UKENNE_YW_TP000082",NA,3.82307262608623,2.8877124789528,4.75753060709722
"2793",3,"UKENNE_YW_TP000082",4.579476349,4.03377716002181,3.08487413151942,4.98369824954331
"2794",4,"UKENNE_YW_TP000082",NA,4.03122713327356,3.10375297928494,4.9543439454619
"2795",5,"UKENNE_YW_TP000082",3.923898586,4.24527014804991,3.28788400461431,5.20261367811176
"2796",6,"UKENNE_YW_TP000082",NA,4.23594536407656,3.31039889120917,5.15847515321929
"2797",7,"UKENNE_YW_TP000082",NA,4.28102195940822,3.3192854330719,5.24322125411945
"2798",8,"UKENNE_YW_TP000082",4.607304458,4.39274183883371,3.47064260005219,5.32012768678402
"2799",9,"UKENNE_YW_TP000082",NA,4.59393439449987,3.63649001111346,5.55240788032953
"2800",10,"UKENNE_YW_TP000082",3.849646237,4.6546758177907,3.73207513040154,5.58149249172107
"2801",11,"UKENNE_YW_TP000082",5.159508718,4.75003395815401,3.79337720996702,5.70749839314576
"2802",12,"UKENNE_YW_TP000082",NA,4.67807850398607,3.75517234025992,5.60095554874071
"2803",13,"UKENNE_YW_TP000082",4.991108327,4.71877298055567,3.75923718735525,5.6799202456981
"2804",14,"UKENNE_YW_TP000082",NA,4.72149230656028,3.79826324286738,5.64377676429652
"2805",15,"UKENNE_YW_TP000082",4.864541747,4.73933509389171,3.78158728073808,5.69801938598077
"2806",16,"UKENNE_YW_TP000082",NA,4.82297743394171,3.90102632361534,5.74995710398918
"2807",17,"UKENNE_YW_TP000082",4.855532568,4.69676854696757,3.75617997158723,5.63895730193174
"2808",18,"UKENNE_YW_TP000082",NA,4.46096945634458,3.52735172763334,5.39813918453431
"2809",19,"UKENNE_YW_TP000082",4.886101991,4.43652212207452,3.49311160008704,5.38120628461734
"2810",20,"UKENNE_YW_TP000082",NA,4.58585554134518,3.65198999355691,5.5177731644842
"2811",21,"UKENNE_YW_TP000082",4.68891903,4.41591203165643,3.47296592748716,5.36054300411629
"2812",22,"UKENNE_YW_TP000082",NA,4.54196615469572,3.60708827580712,5.47393864224374
"2813",23,"UKENNE_YW_TP000082",4.82920761,4.74912237278212,3.81050385670526,5.69025941779322
"2814",24,"UKENNE_YW_TP000082",NA,4.67933367223194,3.74692657899705,5.6116274887809
"2815",25,"UKENNE_YW_TP000082",4.192268105,4.68576245576575,3.74232690010669,5.631536751588
"2816",26,"UKENNE_YW_TP000082",NA,4.49906240195775,3.56702820965976,5.43403052726109
"2817",27,"UKENNE_YW_TP000082",4.618863241,4.71031256009273,3.76932114565258,5.65391740031412
"2818",28,"UKENNE_YW_TP000082",NA,4.68143134988801,3.74923255854099,5.61414984705269
"2819",29,"UKENNE_YW_TP000082",5.064342654,4.61355858493381,3.67367244982131,5.55385239591564
"2820",30,"UKENNE_YW_TP000082",NA,4.57127403521499,3.63810607276675,5.50324680033188
"2821",31,"UKENNE_YW_TP000082",NA,4.48236979875874,3.5034223305332,5.46142810788082
"2822",32,"UKENNE_YW_TP000082",4.160002757,4.69488419479237,3.76956549209116,5.61899331737242
"2823",33,"UKENNE_YW_TP000082",4.564991095,4.22170377734608,3.28501795841297,5.15326725159421
"2824",34,"UKENNE_YW_TP000082",NA,4.3140633968277,3.38011056921997,5.24679209377093
"2825",35,"UKENNE_YW_TP000082",2.794091433,4.3563411203884,3.4121838826694,5.30140273497397
"2826",36,"UKENNE_YW_TP000082",NA,4.35956335899107,3.42350738798485,5.2910430750709
"2827",37,"UKENNE_YW_TP000082",4.549278318,4.55995478141601,3.61380262895186,5.5027419983
"2828",38,"UKENNE_YW_TP000082",NA,4.64283929147969,3.70955922437627,5.57602494361448
"2829",39,"UKENNE_YW_TP000082",6.521716393,4.93424882414823,3.99310125629886,5.87611103548199
"2830",40,"UKENNE_YW_TP000082",NA,4.89894798774649,3.96504961129991,5.8310207296743
"2831",41,"UKENNE_YW_TP000082",5.347074068,4.85961536453203,3.91818189977633,5.8015504994004
"2832",42,"UKENNE_YW_TP000082",NA,4.92999746500924,3.99564891665745,5.86157364566889
"2833",43,"UKENNE_YW_TP000082",4.768053949,5.06710257790772,4.12948671735586,6.0067623568059
"2834",44,"UKENNE_YW_TP000082",NA,4.86346109090575,3.92694801549076,5.79592550091727
"2835",45,"UKENNE_YW_TP000082",NA,4.83847726143819,3.87009729943488,5.80547720404356
"2971",1,"UKENNE_YW_TP000096",NA,4.10725458408371,3.1659971607112,5.04854100818297
"2972",2,"UKENNE_YW_TP000096",5.326451148,4.13678328934321,3.21606646081172,5.05706599051652
"2973",3,"UKENNE_YW_TP000096",NA,4.3283623108036,3.39295499709073,5.26523209112759
"2974",4,"UKENNE_YW_TP000096",5.360041031,4.37822472175745,3.46086200251318,5.29289455452088
"2975",5,"UKENNE_YW_TP000096",NA,4.56233301738213,3.61820388846998,5.50692167273221
"2976",6,"UKENNE_YW_TP000096",5.467778227,4.61437272982478,3.70018418387799,5.53005968027581
"2977",7,"UKENNE_YW_TP000096",NA,4.59782268214271,3.64972178162746,5.5469144637877
"2978",8,"UKENNE_YW_TP000096",5.376042446,4.64527528502852,3.7325972275723,5.56079459380935
"2979",9,"UKENNE_YW_TP000096",NA,4.9041249537662,3.96042832496249,5.84960373142313
"2980",10,"UKENNE_YW_TP000096",5.753946778,4.93879149477174,4.02517781665259,5.85654043005342
"2981",11,"UKENNE_YW_TP000096",NA,5.06223726609993,4.11847626701244,6.00730946547658
"2982",12,"UKENNE_YW_TP000096",5.682774244,4.97760873458044,4.06382958234849,5.89287798674945
"2983",13,"UKENNE_YW_TP000096",NA,5.02765522293346,4.08099413115968,5.97619647899212
"2984",14,"UKENNE_YW_TP000096",5.566660413,5.00194500208208,4.08705068981021,5.91561410898971
"2985",15,"UKENNE_YW_TP000096",NA,5.05772197053174,4.11302843321496,6.00386713092449
"2986",16,"UKENNE_YW_TP000096",5.206701789,5.0532803048508,4.13989053524699,5.97014278486071
"2987",17,"UKENNE_YW_TP000096",NA,5.0025637086199,4.06816870545146,5.93886487765557
"2988",18,"UKENNE_YW_TP000096",5.724461136,4.78522992481886,3.86654702871536,5.70745127496111
"2989",19,"UKENNE_YW_TP000096",NA,4.74632717065953,3.80824168142624,5.68649077072708
"2990",20,"UKENNE_YW_TP000096",3.396676314,4.86903364804094,3.94837651663691,5.78747090359134
"2991",21,"UKENNE_YW_TP000096",NA,4.71982082585558,3.78225137730426,5.65989324605892
"2992",22,"UKENNE_YW_TP000096",4.363830487,4.82061916597798,3.89997125627527,5.73791189970449
"2993",23,"UKENNE_YW_TP000096",NA,5.06059115144361,4.12751707494363,5.9960318368831
"2994",24,"UKENNE_YW_TP000096",4.393346463,5.01441915098332,4.09707192495563,5.93293754363869
"2995",25,"UKENNE_YW_TP000096",NA,4.95269768735817,4.0128533139348,5.8931794894015
"2996",26,"UKENNE_YW_TP000096",3.749629399,4.82066726617092,3.90370423169519,5.74169053182774
"2997",27,"UKENNE_YW_TP000096",NA,5.00028454401225,4.06522475136598,5.93711535165635
"2998",28,"UKENNE_YW_TP000096",4.810508501,4.98929646991938,4.07186307865507,5.90825382140988
"2999",29,"UKENNE_YW_TP000096",NA,4.93460351917713,4.00149830390265,5.86920525648076
"3000",30,"UKENNE_YW_TP000096",4.246815889,4.85294729351735,3.93506004893513,5.77049209920849
"3001",31,"UKENNE_YW_TP000096",NA,4.81327518442244,3.84836576677093,5.77910174059204
"3002",32,"UKENNE_YW_TP000096",4.697234447,5.01545873664228,4.09602807079829,5.9315062460537
"3003",33,"UKENNE_YW_TP000096",NA,4.60745337517679,3.68216445961149,5.53271705909766
"3004",34,"UKENNE_YW_TP000096",4.899136743,4.65822811011011,3.73959281434065,5.57729953206618
"3005",35,"UKENNE_YW_TP000096",NA,4.64286214040311,3.70350374889433,5.58156146641169
"3006",36,"UKENNE_YW_TP000096",5.008097799,4.72328434438961,3.80152916327865,5.64100032140659
"3007",37,"UKENNE_YW_TP000096",NA,4.91068318330887,3.9713906074359,5.84897047992983
"3008",38,"UKENNE_YW_TP000096",5.792041952,4.97917103990131,4.06034871305981,5.89870047367745
"3009",39,"UKENNE_YW_TP000096",NA,5.25492479818461,4.32004695139907,6.19084853319387
"3010",40,"UKENNE_YW_TP000096",4.617208349,5.25653944140713,4.33746757804225,6.17512367021788
"3011",41,"UKENNE_YW_TP000096",NA,5.13168650684281,4.1932599526384,6.07064863617122
"3012",42,"UKENNE_YW_TP000096",5.28704466,5.25163888168723,4.33133748479453,6.16884441103873
"3013",43,"UKENNE_YW_TP000096",NA,5.34930519970048,4.41789995932421,6.28157988529207
"3014",44,"UKENNE_YW_TP000096",4.580100659,5.19504461120597,4.27377347927097,6.113209068751
"3015",45,"UKENNE_YW_TP000096",NA,5.15389344899673,4.19894903664324,6.10772613685706
"3511",1,"UKENNW_UU_TP000024",NA,3.97322049643255,3.01748783289131,4.92790977434092
"3512",2,"UKENNW_UU_TP000024",4.925980906,3.95878562774044,3.04112381318406,4.87379606017494
"3513",3,"UKENNW_UU_TP000024",5.312347155,4.09052837456128,3.15029976533794,5.0281063575542
"3514",4,"UKENNW_UU_TP000024",NA,4.23161434374919,3.30802121541321,5.15123580728483
"3515",5,"UKENNW_UU_TP000024",NA,4.38139863637679,3.42678360271535,5.33471860496476
"3516",6,"UKENNW_UU_TP000024",4.953244875,4.50273524335502,3.58750847383967,5.41837927257979
"3517",7,"UKENNW_UU_TP000024",NA,4.42458821672817,3.46441662835849,5.38407724538857
"3518",8,"UKENNW_UU_TP000024",4.80801705,4.38359971232844,3.46676254925262,5.29828769187632
"3519",9,"UKENNW_UU_TP000024",NA,4.70213614882386,3.75082328505916,5.65315365940514
"3520",10,"UKENNW_UU_TP000024",4.899737982,4.68278768217133,3.76680530130965,5.59720022660425
"3521",11,"UKENNW_UU_TP000024",NA,4.87989849772732,3.92642716154138,5.83273866190984
"3522",12,"UKENNW_UU_TP000024",5.143124195,4.74353121267658,3.8265045988516,5.65889058559369
"3523",13,"UKENNW_UU_TP000024",NA,4.83708218833667,3.87855136475343,5.79482699199269
"3524",14,"UKENNW_UU_TP000024",4.502961774,4.7453331535812,3.82435664658265,5.66033274674288
"3525",15,"UKENNW_UU_TP000024",NA,4.88141772033843,3.92762287101964,5.83449473231964
"3526",16,"UKENNW_UU_TP000024",4.904747338,4.64151345677863,3.71905500218914,5.5583209947379
"3527",17,"UKENNW_UU_TP000024",NA,4.79102326579691,3.84203633696676,5.73902756560776
"3528",18,"UKENNW_UU_TP000024",4.957219962,4.56583437496506,3.6474680226413,5.48126229892699
"3529",19,"UKENNW_UU_TP000024",NA,4.53884329706746,3.58387552285963,5.4934482766579
"3530",20,"UKENNW_UU_TP000024",4.719599258,4.66032151345074,3.73656409893503,5.57911049537879
"3531",21,"UKENNW_UU_TP000024",NA,4.50528647109316,3.55054148841398,5.45993552329994
"3532",22,"UKENNW_UU_TP000024",3.825102312,4.59248187932235,3.67407605865966,5.50613691998304
"3533",23,"UKENNW_UU_TP000024",NA,4.87384628889687,3.92643896528798,5.82084964330525
"3534",24,"UKENNW_UU_TP000024",4.047169849,4.88350883358503,3.96732716331351,5.80050905515122
"3535",25,"UKENNW_UU_TP000024",NA,4.70257259100456,3.73967237131328,5.66255426531183
"3536",26,"UKENNW_UU_TP000024",5.294207418,4.64098962994081,3.72528031233965,5.55769313305152
"3537",27,"UKENNW_UU_TP000024",NA,4.78071514685681,3.82883579469616,5.73148435850034
"3538",28,"UKENNW_UU_TP000024",5.438766619,4.79948137449075,3.88344126754213,5.71718349033768
"3539",29,"UKENNW_UU_TP000024",NA,4.75412206601508,3.80467466430737,5.70296280260173
"3540",30,"UKENNW_UU_TP000024",6.030569678,4.62636020948077,3.7082456887193,5.54383239943545
"3541",31,"UKENNW_UU_TP000024",NA,4.64115334790675,3.66393995934801,5.61801119137756
"3542",32,"UKENNW_UU_TP000024",NA,4.90546141477836,3.98666182593612,5.82170575737791
"3543",33,"UKENNW_UU_TP000024",5.83280684,4.49395432312041,3.56204886559762,5.42614640117257
"3544",34,"UKENNW_UU_TP000024",5.818196734,4.48695112866878,3.5700775214759,5.40371854577601
"3545",35,"UKENNW_UU_TP000024",NA,4.42514923493772,3.46766186076443,5.37908362015579
"3546",36,"UKENNW_UU_TP000024",4.968304996,4.65340731385963,3.73183627183644,5.57043617359828
"3547",37,"UKENNW_UU_TP000024",NA,4.77534036998137,3.82027744615936,5.72757968133952
"3548",38,"UKENNW_UU_TP000024",5.184223743,4.88834862352013,3.96851008160253,5.80497985496355
"3549",39,"UKENNW_UU_TP000024",NA,5.06439788698439,4.1166387069932,6.01162098854897
"3550",40,"UKENNW_UU_TP000024",6.44981798,5.17756305645372,4.25822883855088,6.09553927297674
"3551",41,"UKENNW_UU_TP000024",NA,4.90819552658645,3.94577354732999,5.86786483167965
"3552",42,"UKENNW_UU_TP000024",6.116344913,5.09310351850171,4.17255794806231,6.00733388911732
"3553",43,"UKENNW_UU_TP000024",NA,5.12629730497778,4.17985551196051,6.07058839539678
"3554",44,"UKENNW_UU_TP000024",5.619040979,5.04560804094163,4.1261328635153,5.96064845974065
"3555",45,"UKENNW_UU_TP000024",NA,4.96600299260593,3.99863410549245,5.92932020790606
"3826",1,"UKENNW_UU_TP000068",NA,4.33724945802461,3.39209678123959,5.28335868004721
"3827",2,"UKENNW_UU_TP000068",NA,4.32425639142217,3.42328685758855,5.22449169378315
"3828",3,"UKENNW_UU_TP000068",NA,4.42706709776656,3.50399744899086,5.34794694969592
"3829",4,"UKENNW_UU_TP000068",NA,4.6016661803859,3.6899614061945,5.51149454211219
"3830",5,"UKENNW_UU_TP000068",NA,4.73971488132177,3.79699483155186,5.68286987066959
"3831",6,"UKENNW_UU_TP000068",NA,4.87643592135823,3.97803990758483,5.77698781686983
"3832",7,"UKENNW_UU_TP000068",NA,4.7790464884931,3.83023554389654,5.72849327809922
"3833",8,"UKENNW_UU_TP000068",NA,4.71804668550013,3.81708786225966,5.61737500690426
"3834",9,"UKENNW_UU_TP000068",NA,5.05174904508284,4.11169284074145,5.9932626038808
"3835",10,"UKENNW_UU_TP000068",NA,5.02148228148869,4.12117755564015,5.92034821791593
"3836",11,"UKENNW_UU_TP000068",NA,5.2380230994572,4.29545136810519,6.18142131182494
"3837",12,"UKENNW_UU_TP000068",NA,5.09958789284983,4.19996946391839,5.99953309043152
"3838",13,"UKENNW_UU_TP000068",5.088868844,5.19128493131421,4.24503388008557,6.13841790438004
"3839",14,"UKENNW_UU_TP000068",NA,5.07808829094844,4.17449765487053,5.97659581164543
"3840",15,"UKENNW_UU_TP000068",5.295557207,5.24076061195419,4.29808361796325,6.18443306920175
"3841",16,"UKENNW_UU_TP000068",NA,4.907280012231,3.99690544028617,5.80892203785225
"3842",17,"UKENNW_UU_TP000068",5.494959209,5.13651025903665,4.19955192118862,6.07378549161141
"3843",18,"UKENNW_UU_TP000068",NA,4.92628660265476,4.0249658976938,5.82544475505674
"3844",19,"UKENNW_UU_TP000068",4.11756468,4.8909334614778,3.94695041800739,5.83594140904748
"3845",20,"UKENNW_UU_TP000068",NA,5.03621574116841,4.13166512919734,5.93878923320521
"3846",21,"UKENNW_UU_TP000068",5.489168073,4.85835609542674,3.91478411997851,5.80349431220573
"3847",22,"UKENNW_UU_TP000068",NA,4.9553035942283,4.05505683913355,5.85370448071111
"3848",23,"UKENNW_UU_TP000068",4.560550131,5.23099782312013,4.29335275262248,6.16968619037948
"3849",24,"UKENNW_UU_TP000068",NA,5.25548969527541,4.35714594277142,6.15796489088058
"3850",25,"UKENNW_UU_TP000068",5.730244739,5.05777850347055,4.10696895751541,6.00714596276221
"3851",26,"UKENNW_UU_TP000068",NA,5.01947049620309,4.12076119946521,5.92170066244015
"3852",27,"UKENNW_UU_TP000068",5.270593927,5.13003152655007,4.18945366368076,6.07098451158343
"3853",28,"UKENNW_UU_TP000068",NA,5.13913596528355,4.24009001152529,6.04273202581567
"3854",29,"UKENNW_UU_TP000068",5.90358198,5.10912516533104,4.17130313463342,6.04793220962639
"3855",30,"UKENNW_UU_TP000068",NA,4.97254612643025,4.07300627260366,5.87408161953691
"3856",31,"UKENNW_UU_TP000068",NA,5.00066880826978,4.03580325117923,5.96626330284178
"3857",32,"UKENNW_UU_TP000068",5.348830751,5.28441040369588,4.38099148347225,6.18863570959607
"3858",33,"UKENNW_UU_TP000068",5.77653662,4.85973101412297,3.93702965473526,5.78415084777264
"3859",34,"UKENNW_UU_TP000068",NA,4.83021077401124,3.93065260657254,5.73079202969176
"3860",35,"UKENNW_UU_TP000068",5.110257659,4.77826826588796,3.83207260582226,5.72210481635211
"3861",36,"UKENNW_UU_TP000068",NA,5.04412833750528,4.141779007021,5.94557339833202
"3862",37,"UKENNW_UU_TP000068",5.487985378,5.15074783833014,4.20684880993466,6.0930754128025
"3863",38,"UKENNW_UU_TP000068",NA,5.27927284227426,4.37778436056981,6.17936616617592
"3864",39,"UKENNW_UU_TP000068",5.757981371,5.42452657787298,4.4858304353765,6.36403596199708
"3865",40,"UKENNW_UU_TP000068",NA,5.56600950518946,4.66519162023331,6.46814156112347
"3866",41,"UKENNW_UU_TP000068",5.502629408,5.26714380488332,4.31661008141787,6.21615220572135
"3867",42,"UKENNW_UU_TP000068",NA,5.46578737699297,4.56325377029552,6.36404155513995
"3868",43,"UKENNW_UU_TP000068",4.884389627,5.47603042362889,4.54165808626784,6.40961408106436
"3869",44,"UKENNW_UU_TP000068",NA,5.41334193379517,4.51184725511783,6.31257538648118
"3870",45,"UKENNW_UU_TP000068",NA,5.31922303313688,4.36405899449879,6.2714700352592
"6706",1,"UKENTH_TWU_TP000139",NA,4.24787781004949,3.32425458286633,5.17174403440684
"6707",2,"UKENTH_TWU_TP000139",4.960279318,4.24084547560493,3.34886268570596,5.1342882191673
"6708",3,"UKENTH_TWU_TP000139",4.471821002,4.46574882547387,3.5538992095737,5.37715949045918
"6709",4,"UKENTH_TWU_TP000139",NA,4.56178656695788,3.66812374585758,5.45341905124526
"6710",5,"UKENTH_TWU_TP000139",NA,4.61179031545464,3.69260033830033,5.53303149968781
"6711",6,"UKENTH_TWU_TP000139",5.047517835,4.77498605217223,3.88390917592504,5.66517749347883
"6712",7,"UKENTH_TWU_TP000139",NA,4.73807429419896,3.81543238154009,5.66079126765294
"6713",8,"UKENTH_TWU_TP000139",4.183225059,4.7210660386369,3.83001459114667,5.61121290734387
"6714",9,"UKENTH_TWU_TP000139",NA,5.03256730781611,4.11335001504276,5.95199635191588
"6715",10,"UKENTH_TWU_TP000139",5.291786809,5.21562367756663,4.32052731659279,6.10682360503512
"6716",11,"UKENTH_TWU_TP000139",NA,5.2107799949299,4.29287974518884,6.12938497963587
"6717",12,"UKENTH_TWU_TP000139",4.890683964,5.24872520564313,4.355191822496,6.13978413231023
"6718",13,"UKENTH_TWU_TP000139",NA,5.05619542641072,4.13286108576938,5.97973057580788
"6719",14,"UKENTH_TWU_TP000139",5.54201606,5.12402713767782,4.23424349122693,6.01585129697846
"6720",15,"UKENTH_TWU_TP000139",NA,5.1887287228957,4.26865515007514,6.11071099103675
"6721",16,"UKENTH_TWU_TP000139",6.077295796,5.29919952874169,4.4067329308011,6.18935868144755
"6722",17,"UKENTH_TWU_TP000139",NA,5.11774208143009,4.20051758500879,6.03673785604476
"6723",18,"UKENTH_TWU_TP000139",5.620641829,4.89280949674657,4.00237657546419,5.7870672213784
"6724",19,"UKENTH_TWU_TP000139",NA,4.89407729788173,3.97358499363865,5.81443412883377
"6725",20,"UKENTH_TWU_TP000139",4.634203592,5.0099040496435,4.11955110376646,5.90021111311761
"6726",21,"UKENTH_TWU_TP000139",NA,4.91787686450927,3.9991968713449,5.83574908321529
"6727",22,"UKENTH_TWU_TP000139",5.327323889,4.8871028925952,3.99725699694046,5.77871153705002
"6728",23,"UKENTH_TWU_TP000139",NA,5.14931811020906,4.23587253533838,6.06347473166124
"6729",24,"UKENTH_TWU_TP000139",6.6538712,5.09421213682473,4.20182337429123,5.98633996980911
"6730",25,"UKENTH_TWU_TP000139",NA,5.05224910232223,4.13722180693581,5.96768956369936
"6731",26,"UKENTH_TWU_TP000139",5.754400341,4.90242301918522,4.01205419621653,5.79406318171833
"6732",27,"UKENTH_TWU_TP000139",NA,5.04295045037004,4.12397354237901,5.96255415914175
"6733",28,"UKENTH_TWU_TP000139",5.28235115,5.01290227698754,4.12283312677403,5.90395968176822
"6734",29,"UKENTH_TWU_TP000139",NA,5.03247188867701,4.11617836993698,5.95017693538581
"6735",30,"UKENTH_TWU_TP000139",5.607754065,4.85588578341341,3.96428411136787,5.75072051229648
"6736",31,"UKENTH_TWU_TP000139",NA,4.76677589118354,3.81338829792273,5.71783164136147
"6737",32,"UKENTH_TWU_TP000139",5.53732801,4.92031242382041,4.02492885474775,5.81528312380501
"6738",33,"UKENTH_TWU_TP000139",NA,4.81804464500692,3.91789562820168,5.71879968278858
"6739",34,"UKENTH_TWU_TP000139",5.110472427,4.71977779058294,3.8291743335471,5.6108161642107
"6740",35,"UKENTH_TWU_TP000139",NA,4.67141173376571,3.75245515975117,5.59040396487204
"6741",36,"UKENTH_TWU_TP000139",5.352053142,4.72649408278656,3.83652498279167,5.61876475965219
"6742",37,"UKENTH_TWU_TP000139",NA,5.08573613100247,4.16585978382318,6.00569199101086
"6743",38,"UKENTH_TWU_TP000139",4.629453578,5.06897369217436,4.1779678864925,5.96168188878078
"6744",39,"UKENTH_TWU_TP000139",NA,5.34975722077119,4.43341752823678,6.26679374202564
"6745",40,"UKENTH_TWU_TP000139",5.253582891,5.2112876571838,4.32038030584824,6.10219810271746
"6746",41,"UKENTH_TWU_TP000139",NA,5.31997981182731,4.40206912542981,6.23855269844177
"6747",42,"UKENTH_TWU_TP000139",5.365269308,5.2864033528344,4.39635201237514,6.17814775644381
"6748",43,"UKENTH_TWU_TP000139",NA,5.44367259176921,4.53532978838452,6.35191010322578
"6749",44,"UKENTH_TWU_TP000139",5.50443488,5.20986852859272,4.3171257782329,6.10428856971159
"6750",45,"UKENTH_TWU_TP000139",NA,5.30713255116605,4.37970512717306,6.23337215589467
"6796",1,"UKENTH_TWU_TP000159",NA,4.04457330575094,3.09693626341989,4.9923678161142
"6797",2,"UKENTH_TWU_TP000159",2.996654663,4.02692043419799,3.10563418015058,4.9519110634048
"6798",3,"UKENTH_TWU_TP000159",NA,4.29574037490342,3.36192987031152,5.22984041917248
"6799",4,"UKENTH_TWU_TP000159",3.691115546,4.35566969624074,3.4313689431503,5.27612188501595
"6800",5,"UKENTH_TWU_TP000159",NA,4.40184660674287,3.45764204924242,5.34700722178437
"6801",6,"UKENTH_TWU_TP000159",4.224396559,4.63230555104579,3.70938344670998,5.55103974526083
"6802",7,"UKENTH_TWU_TP000159",NA,4.66996521442977,3.72344495264129,5.61798904282592
"6803",8,"UKENTH_TWU_TP000159",4.262417848,4.58984028373084,3.66844949401119,5.50964927771548
"6804",9,"UKENTH_TWU_TP000159",NA,4.84925757821205,3.90614959236928,5.79236069072097
"6805",10,"UKENTH_TWU_TP000159",5.39272607,5.06895804662005,4.14445825090585,5.9891239226736
"6806",11,"UKENTH_TWU_TP000159",NA,5.05456309109993,4.10550023949143,6.0047987275271
"6807",12,"UKENTH_TWU_TP000159",4.428726334,5.00572249190527,4.08524493500458,5.92631042079506
"6808",13,"UKENTH_TWU_TP000159",NA,4.92163371945085,3.96917855686186,5.87583685803602
"6809",14,"UKENTH_TWU_TP000159",5.732579766,5.08939342923137,4.16788235490279,6.01040637662456
"6810",15,"UKENTH_TWU_TP000159",NA,5.03850035340208,4.08454547766257,5.9954825947255
"6811",16,"UKENTH_TWU_TP000159",4.29166581,5.1088393805282,4.18816643654562,6.02477792076677
"6812",17,"UKENTH_TWU_TP000159",NA,4.96914883098206,4.01871652313851,5.92215428285372
"6813",18,"UKENTH_TWU_TP000159",5.050697857,4.74274154298451,3.82725175709033,5.66519764506665
"6814",19,"UKENTH_TWU_TP000159",NA,4.74934544307452,3.79418390767861,5.70426936620349
"6815",20,"UKENTH_TWU_TP000159",5.034025639,4.8013911934572,3.88613419622839,5.72036529015639
"6816",21,"UKENTH_TWU_TP000159",NA,4.81758958197655,3.87399201476159,5.76142367394131
"6817",22,"UKENTH_TWU_TP000159",5.243437949,4.65731730429527,3.73793568458094,5.5829836770998
"6818",23,"UKENTH_TWU_TP000159",NA,4.9927360863188,4.05435269506842,5.93100814434549
"6819",24,"UKENTH_TWU_TP000159",4.584029342,4.99768866607193,4.07545270315399,5.92036722757173
"6820",25,"UKENTH_TWU_TP000159",NA,4.93660023206002,3.9900203742383,5.88362458740981
"6821",26,"UKENTH_TWU_TP000159",4.599447444,4.78067184959031,3.86491139390963,5.69639699908491
"6822",27,"UKENTH_TWU_TP000159",NA,4.90881980543826,3.96500331581344,5.85344542413135
"6823",28,"UKENTH_TWU_TP000159",5.108408339,4.93571773867799,4.01635010115842,5.85611493796815
"6824",29,"UKENTH_TWU_TP000159",NA,4.89762192049083,3.94832848130304,5.84803081645933
"6825",30,"UKENTH_TWU_TP000159",4.498472843,4.76475668927544,3.84975777397345,5.68657444204016
"6826",31,"UKENTH_TWU_TP000159",NA,4.55928834993593,3.56509123607685,5.55039953340886
"6827",32,"UKENTH_TWU_TP000159",3.39075652,4.72412780306122,3.80232792882296,5.64670816764374
"6828",33,"UKENTH_TWU_TP000159",NA,4.76573020296003,3.84214676768478,5.69112413072637
"6829",34,"UKENTH_TWU_TP000159",4.7003734,4.5619425907477,3.64291320915304,5.48366447875666
"6830",35,"UKENTH_TWU_TP000159",NA,4.52924965883337,3.58526413342614,5.47319837585745
"6831",36,"UKENTH_TWU_TP000159",4.771741273,4.66283920900059,3.74279260513157,5.58251328255728
"6832",37,"UKENTH_TWU_TP000159",NA,4.93165870115853,3.97822810255549,5.88505360575675
"6833",38,"UKENTH_TWU_TP000159",4.849150581,5.00761079926898,4.09141457974701,5.92389328171575
"6834",39,"UKENTH_TWU_TP000159",NA,5.23179799535665,4.28988718879487,6.1738061784635
"6835",40,"UKENTH_TWU_TP000159",5.061502396,5.06944593073185,4.14925752028904,5.98968017831044
"6836",41,"UKENTH_TWU_TP000159",NA,5.20972074881645,4.25839582118762,6.16173792355693
"6837",42,"UKENTH_TWU_TP000159",5.074976807,5.24211871987053,4.3259294821821,6.15786063574961
"6838",43,"UKENTH_TWU_TP000159",NA,5.34478557057302,4.41005984457017,6.27830495970784
"6839",44,"UKENTH_TWU_TP000159",5.271638435,5.04583849149936,4.12415993876351,5.97106521936264
"6840",45,"UKENTH_TWU_TP000159",NA,5.19380649889472,4.24099197830607,6.14324085331472
"2656",1,"UKENNE_YW_TP000054",NA,4.26165612226132,3.31379907704619,5.21024489067464
"2657",2,"UKENNE_YW_TP000054",NA,4.27783830832547,3.36448445485939,5.18953945201089
"2658",3,"UKENNE_YW_TP000054",NA,4.52261377705831,3.58552061828015,5.45959865231104
"2659",4,"UKENNE_YW_TP000054",NA,4.49717750316047,3.58709152816273,5.40777689966087
"2660",5,"UKENNE_YW_TP000054",NA,4.74962788626445,3.80697795372443,5.69250531408923
"2661",6,"UKENNE_YW_TP000054",NA,4.80223715660515,3.89209862340474,5.71817033305025
"2662",7,"UKENNE_YW_TP000054",NA,4.76218911081982,3.81521529174271,5.70955011917486
"2663",8,"UKENNE_YW_TP000054",NA,4.77157839554416,3.86097835144121,5.68081057519512
"2664",9,"UKENNE_YW_TP000054",NA,5.10876006446528,4.16555786572151,6.05350807308847
"2665",10,"UKENNE_YW_TP000054",NA,5.12883401277963,4.22011284468878,6.03927503351706
"2666",11,"UKENNE_YW_TP000054",NA,5.23991518315212,4.29806804211595,6.18242853710162
"2667",12,"UKENNE_YW_TP000054",NA,5.28092183345478,4.37252679339969,6.19407467244806
"2668",13,"UKENNE_YW_TP000054",NA,5.14365616466258,4.19836290472642,6.09018878682678
"2669",14,"UKENNE_YW_TP000054",NA,5.26282742920222,4.35371602821042,6.17200984728664
"2670",15,"UKENNE_YW_TP000054",NA,5.26095179087939,4.31836147015675,6.20494556446116
"2671",16,"UKENNE_YW_TP000054",NA,5.26108096951271,4.35127542673167,6.17078291927524
"2672",17,"UKENNE_YW_TP000054",NA,5.19129197132953,4.25506066190453,6.1289763014927
"2673",18,"UKENNE_YW_TP000054",NA,4.740914267902,3.82266006364636,5.65508311534763
"2674",19,"UKENNE_YW_TP000054",NA,4.93072280217604,3.99288797048467,5.87041182860523
"2675",20,"UKENNE_YW_TP000054",NA,5.08571213954298,4.17497353692399,5.99868225890476
"2676",21,"UKENNE_YW_TP000054",NA,4.91991023421809,3.97688054110969,5.86531628743694
"2677",22,"UKENNE_YW_TP000054",NA,5.04280080304012,4.1321118121047,5.95192187909272
"2678",23,"UKENNE_YW_TP000054",NA,5.19494464345837,4.26153758039961,6.12994223706702
"2679",24,"UKENNE_YW_TP000054",NA,5.13327613673329,4.22222080841139,6.04513012884093
"2680",25,"UKENNE_YW_TP000054",NA,5.03049135948592,4.08877042413952,5.97152942027854
"2681",26,"UKENNE_YW_TP000054",NA,5.03988052213704,4.1292982195936,5.95530304950462
"2682",27,"UKENNE_YW_TP000054",NA,5.14289815714398,4.19963948167443,6.08645644477828
"2683",28,"UKENNE_YW_TP000054",NA,5.12320207039078,4.21429766497136,6.03285429315284
"2684",29,"UKENNE_YW_TP000054",NA,5.05049445712655,4.11482969164713,5.98660312474799
"2685",30,"UKENNE_YW_TP000054",NA,5.20917710766342,4.29564483438625,6.12295132789347
"2686",31,"UKENNE_YW_TP000054",NA,4.93789966423103,3.96625851163486,5.90960410939589
"2687",32,"UKENNE_YW_TP000054",NA,5.15104490021119,4.2397496728503,6.06022299980168
"2688",33,"UKENNE_YW_TP000054",NA,4.82591899967617,3.90591004704229,5.74608043981542
"2689",34,"UKENNE_YW_TP000054",4.056894132,4.696508874772,3.7777802730834,5.61454409330013
"2690",35,"UKENNE_YW_TP000054",NA,4.77953781361232,3.83250583879897,5.7251982437802
"2691",36,"UKENNE_YW_TP000054",3.185133108,4.78053788650104,3.86823642552908,5.68845919260861
"2692",37,"UKENNE_YW_TP000054",NA,5.10404578892894,4.16018811651098,6.04757691695957
"2693",38,"UKENNE_YW_TP000054",5.836379289,5.16140636278745,4.25177172474141,6.07063421525457
"2694",39,"UKENNE_YW_TP000054",NA,5.38890466396485,4.44680713898783,6.33156818873947
"2695",40,"UKENNE_YW_TP000054",6.158582395,5.27440398303558,4.36352717132514,6.1847032795837
"2696",41,"UKENNE_YW_TP000054",NA,5.37962274246176,4.44300961439261,6.31757094968827
"2697",42,"UKENNE_YW_TP000054",4.858032634,5.40085678248138,4.48971520997198,6.31234077961885
"2698",43,"UKENNE_YW_TP000054",NA,5.51434219150284,4.57975961441623,6.44827479245474
"2699",44,"UKENNE_YW_TP000054",4.479727447,5.2591772455516,4.34406210006427,6.16978254814699
"2700",45,"UKENNE_YW_TP000054",NA,5.31072795513065,4.34961514971255,6.26988450356218
"2701",1,"UKENNE_YW_TP000057",NA,4.15946099657097,3.22603273271297,5.09447733588182
"2702",2,"UKENNE_YW_TP000057",3.340205111,4.17892144401667,3.2831730209415,5.07296144397695
"2703",3,"UKENNE_YW_TP000057",3.712219899,4.41565104451035,3.4942035832067,5.33774565542689
"2704",4,"UKENNE_YW_TP000057",NA,4.39754265598668,3.50518323737984,5.28978513492374
"2705",5,"UKENNE_YW_TP000057",NA,4.64922581168915,3.72235625506292,5.57725203965652
"2706",6,"UKENNE_YW_TP000057",4.012211352,4.71117389016509,3.81971569612722,5.60922179463593
"2707",7,"UKENNE_YW_TP000057",NA,4.65873614424951,3.72804892088222,5.59041900701714
"2708",8,"UKENNE_YW_TP000057",4.523617498,4.61563135730894,3.72099911041966,5.50614165193063
"2709",9,"UKENNE_YW_TP000057",NA,5.00812888084614,4.07998171468849,5.93822959516118
"2710",10,"UKENNE_YW_TP000057",4.557626451,5.00513778413298,4.11378450280074,5.89659125886184
"2711",11,"UKENNE_YW_TP000057",NA,5.13985610602973,4.21301774110069,6.06752110153518
"2712",12,"UKENNE_YW_TP000057",4.712316747,5.20714424005188,4.31620979657976,6.10678901671839
"2713",13,"UKENNE_YW_TP000057",NA,5.03619147264586,4.10564935493714,5.96826202292047
"2714",14,"UKENNE_YW_TP000057",4.223190057,5.13598884464764,4.24449618348523,6.02734471396395
"2715",15,"UKENNE_YW_TP000057",NA,5.16148506942253,4.23378319907791,6.09110436636461
"2716",16,"UKENNE_YW_TP000057",3.763943182,5.12358648352985,4.23200636699707,6.01540505100941
"2717",17,"UKENNE_YW_TP000057",NA,5.08014957163304,4.15958295964221,6.00307922531112
"2718",18,"UKENNE_YW_TP000057",3.798885089,4.64861324635114,3.74956455005187,5.5446865484963
"2719",19,"UKENNE_YW_TP000057",NA,4.82137447128968,3.89861221053619,5.74665919507926
"2720",20,"UKENNE_YW_TP000057",3.584599468,4.98705156972029,4.09520148130125,5.8836983891181
"2721",21,"UKENNE_YW_TP000057",NA,4.8019110264435,3.87350149740483,5.73341718402996
"2722",22,"UKENNE_YW_TP000057",4.501631611,4.91064725578989,4.01867306257922,5.80155125908733
"2723",23,"UKENNE_YW_TP000057",NA,5.09544050480961,4.17736223266969,6.01530175387193
"2724",24,"UKENNE_YW_TP000057",4.824145691,5.01723976627559,4.12391711474297,5.91064445767474
"2725",25,"UKENNE_YW_TP000057",NA,4.92494005362866,3.99907565699874,5.85057032544895
"2726",26,"UKENNE_YW_TP000057",4.872454266,4.90938937472083,4.01736328682221,5.80484530316025
"2727",27,"UKENNE_YW_TP000057",NA,5.03474330654821,4.10670328043596,5.96354614120462
"2728",28,"UKENNE_YW_TP000057",4.71316851,4.99681138738663,4.10549072347808,5.8884795324538
"2729",29,"UKENNE_YW_TP000057",NA,4.95404322013851,4.03386708128136,5.87504000651163
"2730",30,"UKENNE_YW_TP000057",5.009220097,5.1319458298063,4.23867315466314,6.02896203062382
"2731",31,"UKENNE_YW_TP000057",NA,4.83198348491274,3.87583776663927,5.78862708490358
"2732",32,"UKENNE_YW_TP000057",4.944613054,5.06491300472953,4.17112510641289,5.95599771270908
"2733",33,"UKENNE_YW_TP000057",NA,4.7177142434558,3.81761273357345,5.61629095026682
"2734",34,"UKENNE_YW_TP000057",5.164125101,4.61744420035475,3.71276923394295,5.5230714585031
"2735",35,"UKENNE_YW_TP000057",NA,4.67504239762673,3.7429264239793,5.60645094279241
"2736",36,"UKENNE_YW_TP000057",5.30568897,4.74583682044569,3.8554429966344,5.63743420487976
"2737",37,"UKENNE_YW_TP000057",NA,5.00057251988733,4.07117804267439,5.93007359790795
"2738",38,"UKENNE_YW_TP000057",5.355037353,5.06208744632214,4.17095885343146,5.95331587557478
"2739",39,"UKENNE_YW_TP000057",NA,5.27945938209497,4.35179975047161,6.20894187832812
"2740",40,"UKENNE_YW_TP000057",NA,5.15947568580594,4.26583605377977,6.050741443487
"2741",41,"UKENNE_YW_TP000057",NA,5.26005619717321,4.33873634276347,6.18256641704685
"2742",42,"UKENNE_YW_TP000057",4.440240979,5.30407318968773,4.41124404154448,6.19711933285044
"2743",43,"UKENNE_YW_TP000057",NA,5.40202938094021,4.48318542880992,6.32043915605171
"2744",44,"UKENNE_YW_TP000057",NA,5.16261451920933,4.26698114670309,6.05534207768726
"2745",45,"UKENNE_YW_TP000057",NA,5.2121387641928,4.26647863795285,6.15604342648685
"2746",1,"UKENNE_YW_TP000063",NA,4.16209850981021,3.24578873666702,5.07331082602832
"2747",2,"UKENNE_YW_TP000063",3.427502064,4.28809632054753,3.38217876587135,5.19276267075328
"2748",3,"UKENNE_YW_TP000063",NA,4.5139173826823,3.58949360687473,5.43897280980081
"2749",4,"UKENNE_YW_TP000063",4.003934354,4.46779847053267,3.57754592560586,5.35282406110699
"2750",5,"UKENNE_YW_TP000063",NA,4.72226827932349,3.79052417103913,5.6536530332366
"2751",6,"UKENNE_YW_TP000063",4.685677962,4.66106106307038,3.77048143918617,5.54600929211977
"2752",7,"UKENNE_YW_TP000063",NA,4.75826098007298,3.8227082526471,5.6946523096895
"2753",8,"UKENNE_YW_TP000063",5.046887731,4.90033192810973,4.0148626515503,5.794137804943
"2754",9,"UKENNE_YW_TP000063",3.453726754,5.08284518866714,4.15090326829052,6.01535256328049
"2755",10,"UKENNE_YW_TP000063",5.152719417,5.15459135964178,4.26984522037338,6.04317143354729
"2756",11,"UKENNE_YW_TP000063",NA,5.23198698192313,4.30132252616422,6.16317506070193
"2757",12,"UKENNE_YW_TP000063",5.536538948,5.16672597106607,4.28083086528863,6.0515614513545
"2758",13,"UKENNE_YW_TP000063",NA,5.1825653134236,4.24860970372002,6.11849730747955
"2759",14,"UKENNE_YW_TP000063",3.875241512,5.23589595352057,4.35022440596903,6.12061113244435
"2760",15,"UKENNE_YW_TP000063",NA,5.22210904380319,4.29048398362051,6.15439993748438
"2761",16,"UKENNE_YW_TP000063",4.560756905,5.34179974086958,4.45702562441881,6.23322319813766
"2762",17,"UKENNE_YW_TP000063",NA,5.17101508541671,4.26575932363663,6.07790754349931
"2763",18,"UKENNE_YW_TP000063",4.839230554,4.83979210965579,3.93424517608386,5.74802772560727
"2764",19,"UKENNE_YW_TP000063",NA,4.91048655893662,4.00311613642796,5.81916035703362
"2765",20,"UKENNE_YW_TP000063",4.918627585,5.07114739663916,4.16769150386263,5.97323844557195
"2766",21,"UKENNE_YW_TP000063",NA,4.89960325847699,3.99192695335457,5.80903402293563
"2767",22,"UKENNE_YW_TP000063",4.119672986,5.05113960507145,4.14658210466447,5.95299227441514
"2768",23,"UKENNE_YW_TP000063",NA,5.22823090416237,4.32535159759907,6.13432589758454
"2769",24,"UKENNE_YW_TP000063",4.898673344,5.14617427527538,4.24402938084639,6.0486812455192
"2770",25,"UKENNE_YW_TP000063",NA,5.16041731925492,4.25225235926499,6.07291732947519
"2771",26,"UKENNE_YW_TP000063",3.868591844,4.97831743146471,4.07664707883448,5.88387044334281
"2772",27,"UKENNE_YW_TP000063",NA,5.20449938450826,4.29815988372563,6.11482204048613
"2773",28,"UKENNE_YW_TP000063",4.003859121,5.16645374523721,4.2646619710239,6.06915768395035
"2774",29,"UKENNE_YW_TP000063",NA,5.06871517604165,4.16378478196255,5.97355589590214
"2775",30,"UKENNE_YW_TP000063",4.711192546,5.11101682811548,4.20600738745773,6.01360874088698
"2776",31,"UKENNE_YW_TP000063",NA,4.95243503966053,3.99673534471854,5.90832876700184
"2777",32,"UKENNE_YW_TP000063",NA,5.19203793027698,4.30688878862479,6.07941233541907
"2778",33,"UKENNE_YW_TP000063",5.735082259,4.62789942369928,3.7196494986327,5.52629924329418
"2779",34,"UKENNE_YW_TP000063",4.660709285,4.73421020029685,3.82989893522262,5.63747820551972
"2780",35,"UKENNE_YW_TP000063",NA,4.84999024049866,3.94064836055214,5.76216442438913
"2781",36,"UKENNE_YW_TP000063",4.710595308,4.75693052429016,3.85010663653546,5.65776835056819
"2782",37,"UKENNE_YW_TP000063",NA,5.00271029229548,4.08922441123347,5.91073221910757
"2783",38,"UKENNE_YW_TP000063",4.802738652,5.13696381685737,4.23405243012535,6.03909704549275
"2784",39,"UKENNE_YW_TP000063",NA,5.39686992587962,4.49039992619984,6.30439840530112
"2785",40,"UKENNE_YW_TP000063",6.198528415,5.32149634541285,4.41851356461325,6.22337019950712
"2786",41,"UKENNE_YW_TP000063",NA,5.35325114814225,4.44767815917908,6.25951138871431
"2787",42,"UKENNE_YW_TP000063",6.118856532,5.40392501454983,4.50088776507334,6.30568371674744
"2788",43,"UKENNE_YW_TP000063",NA,5.56739177998622,4.6652186741461,6.47303724465251
"2789",44,"UKENNE_YW_TP000063",6.067039023,5.30781505528832,4.40120302836508,6.20958268972684
"2790",45,"UKENNE_YW_TP000063",NA,5.30249809008902,4.35791505629413,6.24532290653902
"2836",1,"UKENNE_YW_TP000086",NA,4.17291619283845,3.24393926718568,5.10161038119052
"2837",2,"UKENNE_YW_TP000086",NA,4.21989468716486,3.31638092388505,5.12257706490765
"2838",3,"UKENNE_YW_TP000086",NA,4.40504822894757,3.4810645695666,5.32970866183977
"2839",4,"UKENNE_YW_TP000086",NA,4.44116448836206,3.54010820416962,5.33919619365963
"2840",5,"UKENNE_YW_TP000086",NA,4.63816829001842,3.70613754927738,5.57009765041244
"2841",6,"UKENNE_YW_TP000086",NA,4.69573425480371,3.79759045055124,5.59520448252191
"2842",7,"UKENNE_YW_TP000086",NA,4.67228221052347,3.7359160631026,5.60923367774183
"2843",8,"UKENNE_YW_TP000086",NA,4.69722898099304,3.79961863616755,5.59572281890053
"2844",9,"UKENNE_YW_TP000086",NA,4.96797869517493,4.03520135868265,5.90146308357391
"2845",10,"UKENNE_YW_TP000086",NA,4.98461159740961,4.08725824118914,5.88415010096508
"2846",11,"UKENNE_YW_TP000086",NA,5.13646373674337,4.20511786828369,6.06853646490292
"2847",12,"UKENNE_YW_TP000086",NA,5.0294726021187,4.13173982903982,5.92843093261893
"2848",13,"UKENNE_YW_TP000086",NA,5.09015788951486,4.15411283333079,6.02765378791329
"2849",14,"UKENNE_YW_TP000086",NA,5.06601028061677,4.16752760390859,5.96282158540178
"2850",15,"UKENNE_YW_TP000086",NA,5.1177165275166,4.18569955632772,6.05046028841056
"2851",16,"UKENNE_YW_TP000086",NA,5.10115037863735,4.20363111072084,6.00192536299924
"2852",17,"UKENNE_YW_TP000086",NA,5.05164324798099,4.12956472459236,5.97451586754106
"2853",18,"UKENNE_YW_TP000086",NA,4.81079445180775,3.90724618253511,5.71800023808957
"2854",19,"UKENNE_YW_TP000086",NA,4.78908919240674,3.8634047275031,5.71592003565996
"2855",20,"UKENNE_YW_TP000086",NA,4.95889428123465,4.05582872342482,5.86046510850127
"2856",21,"UKENNE_YW_TP000086",NA,4.75295578678615,3.82700905693731,5.68055482875866
"2857",22,"UKENNE_YW_TP000086",NA,4.84975006905169,3.94535608382176,5.75012957961224
"2858",23,"UKENNE_YW_TP000086",NA,5.12068131178723,4.20039886603781,6.04249273649195
"2859",24,"UKENNE_YW_TP000086",NA,5.0751456010785,4.17392229640127,5.97740913409833
"2860",25,"UKENNE_YW_TP000086",NA,5.02090432636619,4.09211246732379,5.95013616643835
"2861",26,"UKENNE_YW_TP000086",NA,4.88230260822972,3.98166032096191,5.78741537128082
"2862",27,"UKENNE_YW_TP000086",NA,5.04625193359598,4.12301503429077,5.97041411477581
"2863",28,"UKENNE_YW_TP000086",NA,5.0629101751281,4.16202348779552,5.96528342685531
"2864",29,"UKENNE_YW_TP000086",NA,4.99879098935756,4.07778017958625,5.92093071763412
"2865",30,"UKENNE_YW_TP000086",NA,4.9470377072921,4.04399952331669,5.84835414126004
"2866",31,"UKENNE_YW_TP000086",NA,4.86254930411284,3.90638563472325,5.81911052828723
"2867",32,"UKENNE_YW_TP000086",NA,5.12713872993642,4.22249973070549,6.02911334514367
"2868",33,"UKENNE_YW_TP000086",NA,4.6906093941378,3.78047085244455,5.60053549507808
"2869",34,"UKENNE_YW_TP000086",5.552148342,4.72766137612899,3.8252810580948,5.63132557110203
"2870",35,"UKENNE_YW_TP000086",NA,4.70935763365123,3.77934682126674,5.6382827990117
"2871",36,"UKENNE_YW_TP000086",5.370465877,4.83470638292009,3.92994595014535,5.73582448355389
"2872",37,"UKENNE_YW_TP000086",NA,4.99644844815327,4.06984919865133,5.92188653779103
"2873",38,"UKENNE_YW_TP000086",6.083062014,5.08937867645597,4.18564836226184,5.9915392083048
"2874",39,"UKENNE_YW_TP000086",NA,5.30920280377304,4.38569947847137,6.23294266224858
"2875",40,"UKENNE_YW_TP000086",6.194675843,5.29105493664397,4.3885470434161,6.19216656873558
"2876",41,"UKENNE_YW_TP000086",NA,5.2210920610721,4.29720753744008,6.14541982695137
"2877",42,"UKENNE_YW_TP000086",5.82755588,5.32962073806263,4.42584831930452,6.23040226260279
"2878",43,"UKENNE_YW_TP000086",NA,5.42311709119923,4.50429585682385,6.3419519253769
"2879",44,"UKENNE_YW_TP000086",4.294273814,5.23491359512273,4.32905435085728,6.1363146809967
"2880",45,"UKENNE_YW_TP000086",NA,5.2224148374254,4.27701431572098,6.16579933401701
"2881",1,"UKENNE_YW_TP000094",NA,4.16873427336816,3.23403570974064,5.10091071862313
"2882",2,"UKENNE_YW_TP000094",3.31819103,4.26200841778766,3.34453659239783,5.17775913669955
"2883",3,"UKENNE_YW_TP000094",NA,4.45142277699841,3.51429197899344,5.38840777574117
"2884",4,"UKENNE_YW_TP000094",3.996702707,4.45539073060603,3.5435248989672,5.36193300829685
"2885",5,"UKENNE_YW_TP000094",NA,4.67943598811403,3.73472152137894,5.62306840111732
"2886",6,"UKENNE_YW_TP000094",4.24607952,4.68322932682101,3.77315437319768,5.59041151382796
"2887",7,"UKENNE_YW_TP000094",NA,4.71923973000592,3.77100109371497,5.66745890919836
"2888",8,"UKENNE_YW_TP000094",5.315390207,4.78197212635218,3.87474197550302,5.69234192779067
"2889",9,"UKENNE_YW_TP000094",NA,5.02229773085625,4.07780087157268,5.96687365478627
"2890",10,"UKENNE_YW_TP000094",5.473442863,5.05529073550028,4.14843101516574,5.96484280030023
"2891",11,"UKENNE_YW_TP000094",NA,5.18089496660577,4.23798652908749,6.12380326775668
"2892",12,"UKENNE_YW_TP000094",5.255923252,5.07938693244311,4.17177750530662,5.98677710136094
"2893",13,"UKENNE_YW_TP000094",NA,5.13027658130049,4.18325593974603,6.07844220195696
"2894",14,"UKENNE_YW_TP000094",5.16124394,5.13583114437723,4.22786639599928,6.04178258108409
"2895",15,"UKENNE_YW_TP000094",NA,5.1640089669957,4.22091636483164,6.10714043297325
"2896",16,"UKENNE_YW_TP000094",5.451275711,5.18698308625451,4.27979041071149,6.09884425465875
"2897",17,"UKENNE_YW_TP000094",NA,5.09252037748484,4.16415140829325,6.02138396453972
"2898",18,"UKENNE_YW_TP000094",4.739561057,4.8471508020365,3.92894473305965,5.76950829057992
"2899",19,"UKENNE_YW_TP000094",NA,4.84719829440886,3.9158864058338,5.77908971481602
"2900",20,"UKENNE_YW_TP000094",4.77627306,5.01217743414201,4.09478936132855,5.92743336150118
"2901",21,"UKENNE_YW_TP000094",NA,4.81594532634942,3.88482357673069,5.74829252806455
"2902",22,"UKENNE_YW_TP000094",4.770647202,4.92566642831334,4.007090261475,5.83964925951057
"2903",23,"UKENNE_YW_TP000094",NA,5.17141715312482,4.24580268932721,6.09876359100132
"2904",24,"UKENNE_YW_TP000094",4.11584659,5.10487637049314,4.18933389233997,6.02024611518883
"2905",25,"UKENNE_YW_TP000094",NA,5.08041660235318,4.14710170666469,6.01510806257713
"2906",26,"UKENNE_YW_TP000094",4.787633313,4.92142770910672,4.00666518197052,5.84017365142861
"2907",27,"UKENNE_YW_TP000094",NA,5.11105154006507,4.18277824297196,6.04101048255165
"2908",28,"UKENNE_YW_TP000094",5.154325156,5.09712119708324,4.18208703113944,6.01237662276847
"2909",29,"UKENNE_YW_TP000094",NA,5.03398315237885,4.10698026480468,5.96113553497303
"2910",30,"UKENNE_YW_TP000094",5.698117009,5.01618843717445,4.09799648079639,5.93150208057632
"2911",31,"UKENNE_YW_TP000094",NA,4.90252496526611,3.9346285854033,5.870325299464
"2912",32,"UKENNE_YW_TP000094",6.045629604,5.17381695381035,4.26292780832049,6.08334153879559
"2913",33,"UKENNE_YW_TP000094",NA,4.66506865576963,3.74427156065035,5.58066690053702
"2914",34,"UKENNE_YW_TP000094",5.403643122,4.74696763639292,3.82988666589435,5.66364311874814
"2915",35,"UKENNE_YW_TP000094",NA,4.77296830333751,3.83815517777888,5.7074773893766
"2916",36,"UKENNE_YW_TP000094",6.069204952,4.82870478649805,3.9091821009689,5.74295032453185
"2917",37,"UKENNE_YW_TP000094",NA,5.00651999843367,4.072557213504,5.93646178072381
"2918",38,"UKENNE_YW_TP000094",4.8857509,5.1260541321413,4.20854351119808,6.04098788597874
"2919",39,"UKENNE_YW_TP000094",NA,5.34820413541871,4.41810832674274,6.2779899246449
"2920",40,"UKENNE_YW_TP000094",5.840899801,5.30546772904519,4.38824700566957,6.21949547338752
"2921",41,"UKENNE_YW_TP000094",NA,5.28099598755103,4.3515506975619,6.21022498582492
"2922",42,"UKENNE_YW_TP000094",5.081015411,5.37235732966785,4.45449038566284,6.28682769534837
"2923",43,"UKENNE_YW_TP000094",NA,5.48069241932027,4.55535802198317,6.4065748797782
"2924",44,"UKENNE_YW_TP000094",5.643323272,5.26100168707421,4.34010178077538,6.17569231556459
"2925",45,"UKENNE_YW_TP000094",NA,5.25556250859309,4.29853342064605,6.20995481824589
"3061",1,"UKENNE_YW_TP000102",NA,4.30763160929622,3.36817818741563,5.24594803867494
"3062",2,"UKENNE_YW_TP000102",5.14873374,4.36327046544869,3.44846328896203,5.27657145971401
"3063",3,"UKENNE_YW_TP000102",NA,4.59698065451476,3.66113333241723,5.53336086509792
"3064",4,"UKENNE_YW_TP000102",5.057519333,4.57979314952463,3.67176515285694,5.48676984004779
"3065",5,"UKENNE_YW_TP000102",NA,4.81378351925782,3.87156789087127,5.75591949933535
"3066",6,"UKENNE_YW_TP000102",5.661750126,4.83634805333166,3.92926691495848,5.74561925898265
"3067",7,"UKENNE_YW_TP000102",NA,4.84210620886532,3.89592831843939,5.78929729134294
"3068",8,"UKENNE_YW_TP000102",5.588575464,4.89573449535252,3.99002832186343,5.80423730436415
"3069",9,"UKENNE_YW_TP000102",NA,5.17025642807858,4.22746530614933,6.11447126366435
"3070",10,"UKENNE_YW_TP000102",5.564141072,5.21706615084446,4.31161529518222,6.12585326664455
"3071",11,"UKENNE_YW_TP000102",NA,5.31601212948204,4.37467467680179,6.25793099808905
"3072",12,"UKENNE_YW_TP000102",5.510399878,5.30834904545064,4.40254210563142,6.21665741950815
"3073",13,"UKENNE_YW_TP000102",NA,5.2446480519233,4.29979104012193,6.19119049517099
"3074",14,"UKENNE_YW_TP000102",6.16801252,5.32459362507966,4.41798753520038,6.23092888874548
"3075",15,"UKENNE_YW_TP000102",NA,5.3186341556982,4.37641680811805,6.26175706478893
"3076",16,"UKENNE_YW_TP000102",5.558141913,5.36234747472043,4.4563752655422,6.27106019577418
"3077",17,"UKENNE_YW_TP000102",NA,5.25238626684074,4.32292056309653,6.18364449903779
"3078",18,"UKENNE_YW_TP000102",5.151098954,4.8673741145781,3.95044840809645,5.78434676064244
"3079",19,"UKENNE_YW_TP000102",NA,4.99832885657182,4.06669179705023,5.93197829563436
"3080",20,"UKENNE_YW_TP000102",5.345978945,5.1568669470862,4.24473543819638,6.06985069546897
"3081",21,"UKENNE_YW_TP000102",NA,4.98684981448678,4.05302944745208,5.92324272550649
"3082",22,"UKENNE_YW_TP000102",5.020304142,5.12307309468309,4.21015976651242,6.03454812777989
"3083",23,"UKENNE_YW_TP000102",NA,5.28900955428326,4.3616289751176,6.21881724039267
"3084",24,"UKENNE_YW_TP000102",4.948887417,5.21915315043068,4.3073090733191,6.13186581176883
"3085",25,"UKENNE_YW_TP000102",NA,5.16596147105695,4.231441724707,6.10220101326563
"3086",26,"UKENNE_YW_TP000102",5.395723945,5.08528067563311,4.17382932409796,6.00131343541552
"3087",27,"UKENNE_YW_TP000102",NA,5.24346836337891,4.31017264617823,6.17863221083986
"3088",28,"UKENNE_YW_TP000102",4.989526097,5.22422676918813,4.31347902771487,6.13689961131251
"3089",29,"UKENNE_YW_TP000102",NA,5.14020732268498,4.21103776788945,6.07040772554833
"3090",30,"UKENNE_YW_TP000102",6.162195192,5.24226704496764,4.32815067539873,6.15597369302391
"3091",31,"UKENNE_YW_TP000102",NA,5.02432086559496,4.05630810795191,5.99257492022634
"3092",32,"UKENNE_YW_TP000102",5.670834596,5.25581512112913,4.3469330888372,6.16317537580038
"3093",33,"UKENNE_YW_TP000102",NA,4.82292577180887,3.90249148044301,5.74035126412424
"3094",34,"UKENNE_YW_TP000102",4.321095751,4.79383256411274,3.87774495307673,5.70959439156663
"3095",35,"UKENNE_YW_TP000102",NA,4.88650426863195,3.94945114703713,5.82381404775266
"3096",36,"UKENNE_YW_TP000102",4.252279877,4.853845766325,3.93893920246618,5.76404172948531
"3097",37,"UKENNE_YW_TP000102",NA,5.14813833257757,4.21249159580722,6.08207345629529
"3098",38,"UKENNE_YW_TP000102",6.080100666,5.23530983890113,4.32310241021043,6.14674864297129
"3099",39,"UKENNE_YW_TP000102",NA,5.47301042834552,4.5402457076456,6.40675651542187
"3100",40,"UKENNE_YW_TP000102",4.554142671,5.37482151022158,4.46201109200163,6.28681509901089
"3101",41,"UKENNE_YW_TP000102",NA,5.44928595483527,4.51909724365107,6.38087800072407
"3102",42,"UKENNE_YW_TP000102",5.446575163,5.48670719053321,4.57449947382988,6.39877920295199
"3103",43,"UKENNE_YW_TP000102",NA,5.61056162568577,4.68357110513248,6.53864362503233
"3104",44,"UKENNE_YW_TP000102",5.65302477,5.35823791674822,4.44233998411753,6.27018538815464
"3105",45,"UKENNE_YW_TP000102",NA,5.38191529133684,4.42476156668942,6.33760383843378
"3106",1,"UKENNE_YW_TP000107",3.151602837,4.03928733610733,3.11230461831948,4.96247728915918
"3107",2,"UKENNE_YW_TP000107",NA,4.13983832807426,3.22724026045675,5.05034770666192
"3108",3,"UKENNE_YW_TP000107",2.864522012,4.35104885848264,3.42015320417857,5.28181167411041
"3109",4,"UKENNE_YW_TP000107",NA,4.32935482415175,3.42557972318297,5.22750012834268
"3110",5,"UKENNE_YW_TP000107",4.196275745,4.56878696734215,3.63015064819713,5.50622433033485
"3111",6,"UKENNE_YW_TP000107",NA,4.54943599157092,3.64690876404087,5.44806185223832
"3112",7,"UKENNE_YW_TP000107",3.628697472,4.60397538343758,3.6612483819177,5.54661614194728
"3113",8,"UKENNE_YW_TP000107",NA,4.70362682255348,3.80488194887337,5.60744767404699
"3114",9,"UKENNE_YW_TP000107",4.646883621,4.92054858199072,3.98221467061305,5.85888054979667
"3115",10,"UKENNE_YW_TP000107",NA,4.97060248918453,4.07215039335025,5.87235075469629
"3116",11,"UKENNE_YW_TP000107",5.093136961,5.07258163362928,4.13572898415938,6.00932308581355
"3117",12,"UKENNE_YW_TP000107",NA,5.0011066080548,4.10193136617735,5.8998585709936
"3118",13,"UKENNE_YW_TP000107",4.219373272,5.02443305992865,4.08428979071827,5.96598357542356
"3119",14,"UKENNE_YW_TP000107",NA,5.05239794038962,4.1528156779123,5.95014943151108
"3120",15,"UKENNE_YW_TP000107",3.469890863,5.06076154452697,4.12351903811376,5.99803816847451
"3121",16,"UKENNE_YW_TP000107",NA,5.12882399431893,4.23056637123053,6.03223451479504
"3122",17,"UKENNE_YW_TP000107",5.079220277,5.00317760641236,4.08437967444458,5.92288870142094
"3123",18,"UKENNE_YW_TP000107",NA,4.70962278609804,3.79652602279802,5.62645731227636
"3124",19,"UKENNE_YW_TP000107",4.11522379,4.74833451734551,3.82704250549506,5.67056061498511
"3125",20,"UKENNE_YW_TP000107",NA,4.91054468811422,3.99864004749734,5.82015266398851
"3126",21,"UKENNE_YW_TP000107",4.993432229,4.72541348451262,3.80395312259674,5.64839964430544
"3127",22,"UKENNE_YW_TP000107",NA,4.85280815850794,3.93991486622053,5.76149338638689
"3128",23,"UKENNE_YW_TP000107",3.962467253,5.06533093741577,4.14946894983654,5.98337563440317
"3129",24,"UKENNE_YW_TP000107",NA,4.99352062316847,4.08340838219647,5.90328230781175
"3130",25,"UKENNE_YW_TP000107",4.212071917,4.9874576036411,4.06503157543689,5.91216985107572
"3131",26,"UKENNE_YW_TP000107",NA,4.82484669531884,3.91545192532786,5.73822645265244
"3132",27,"UKENNE_YW_TP000107",3.293783519,5.02319985388247,4.10367268665477,5.94509031182288
"3133",28,"UKENNE_YW_TP000107",NA,4.99921023808739,4.08970584717278,5.90884410536045
"3134",29,"UKENNE_YW_TP000107",3.104608162,4.92095946030086,4.00293511296385,5.83888308289595
"3135",30,"UKENNE_YW_TP000107",NA,4.93339388288407,4.02015224594903,5.84338650392421
"3136",31,"UKENNE_YW_TP000107",NA,4.79505259474226,3.83296947134506,5.75701052996094
"3137",32,"UKENNE_YW_TP000107",5.006478428,5.04041323555739,4.1393772453894,5.94035797799641
"3138",33,"UKENNE_YW_TP000107",3.654196641,4.52224095628163,3.60759415554897,5.42960834745274
"3139",34,"UKENNE_YW_TP000107",NA,4.60840518748543,3.69621788779411,5.51937136028038
"3140",35,"UKENNE_YW_TP000107",4.710047959,4.67542010212038,3.75101364059828,5.60026272957867
"3141",36,"UKENNE_YW_TP000107",NA,4.66345279926336,3.74910741764228,5.57168981417233
"3142",37,"UKENNE_YW_TP000107",3.108071611,4.8746367832198,3.94930160793386,5.79507438873445
"3143",38,"UKENNE_YW_TP000107",NA,4.99495758077452,4.08310952620888,5.90450390903695
"3144",39,"UKENNE_YW_TP000107",5.363305665,5.24186209325961,4.32120137757126,6.16260026941816
"3145",40,"UKENNE_YW_TP000107",NA,5.17856301312056,4.26764723049359,6.08713339139744
"3146",41,"UKENNE_YW_TP000107",5.727606947,5.18101626855176,4.26140316157827,6.10061965630977
"3147",42,"UKENNE_YW_TP000107",NA,5.25279500175979,4.34084039622439,6.16174874294305
"3148",43,"UKENNE_YW_TP000107",5.294263682,5.38941112553138,4.47340419242355,6.3066841872202
"3149",44,"UKENNE_YW_TP000107",NA,5.15019418577533,4.23519726663581,6.05919872978876
"3150",45,"UKENNE_YW_TP000107",NA,5.14792703805855,4.19689620885953,6.09649265470106
"3241",1,"UKENNE_YW_TP000141",NA,4.45222186001719,3.52654053043819,5.37957426422253
"3242",2,"UKENNE_YW_TP000141",4.888523228,4.45859629237892,3.5782402721131,5.33780074198684
"3243",3,"UKENNE_YW_TP000141",NA,4.7022556567865,3.79236951323489,5.61270957749894
"3244",4,"UKENNE_YW_TP000141",4.922790146,4.67265206103972,3.79469117576119,5.55068635190556
"3245",5,"UKENNE_YW_TP000141",NA,4.94163718712754,4.02677812363446,5.85821648035943
"3246",6,"UKENNE_YW_TP000141",4.994291379,5.00703407689375,4.12821343521591,5.89196942573194
"3247",7,"UKENNE_YW_TP000141",NA,4.93992510481548,4.02110650268261,5.85970203775377
"3248",8,"UKENNE_YW_TP000141",2.99990461,4.87038339201994,3.98783608884075,5.74792940168713
"3249",9,"UKENNE_YW_TP000141",NA,5.30112883976515,4.38506998579144,6.21949201652839
"3250",10,"UKENNE_YW_TP000141",5.145913222,5.27827906362129,4.40053502287385,6.15518042924915
"3251",11,"UKENNE_YW_TP000141",NA,5.426747384847,4.51184968039267,6.3428331187801
"3252",12,"UKENNE_YW_TP000141",4.931312388,5.52897203190197,4.64938646551689,6.41730416040787
"3253",13,"UKENNE_YW_TP000141",NA,5.3097454079676,4.39090449842366,6.22966982558653
"3254",14,"UKENNE_YW_TP000141",6.085007043,5.42714671815264,4.55009170496431,6.30428272673003
"3255",15,"UKENNE_YW_TP000141",NA,5.45828991052081,4.54265003429741,6.3765126882386
"3256",16,"UKENNE_YW_TP000141",5.066793381,5.40276188907912,4.5250702178284,6.27996154608921
"3257",17,"UKENNE_YW_TP000141",NA,5.37517534193529,4.46484777268569,6.28804245287912
"3258",18,"UKENNE_YW_TP000141",5.453805406,4.91043382942116,4.0253018493753,5.79124530542474
"3259",19,"UKENNE_YW_TP000141",NA,5.11123294215775,4.19882902921923,6.02595469714915
"3260",20,"UKENNE_YW_TP000141",5.062914722,5.27633063328196,4.398696889997,6.15910410437633
"3261",21,"UKENNE_YW_TP000141",NA,5.09315006196193,4.17221186668247,6.01677744232879
"3262",22,"UKENNE_YW_TP000141",4.039137099,5.19017167990753,4.31475103923255,6.0649986622615
"3263",23,"UKENNE_YW_TP000141",NA,5.37127505797324,4.46383493926005,6.28040954929545
"3264",24,"UKENNE_YW_TP000141",4.495052103,5.29092077812108,4.41238287408304,6.16942774542383
"3265",25,"UKENNE_YW_TP000141",NA,5.18195880413923,4.26652775130825,6.09663195347648
"3266",26,"UKENNE_YW_TP000141",3.07906741,5.19254847671243,4.31519944785403,6.07209658814795
"3267",27,"UKENNE_YW_TP000141",NA,5.31042843175474,4.39006626773412,6.23155453936881
"3268",28,"UKENNE_YW_TP000141",5.536364506,5.26309046902792,4.38783619697829,6.1383355457556
"3269",29,"UKENNE_YW_TP000141",NA,5.22714807537157,4.31721643437304,6.13764984516383
"3270",30,"UKENNE_YW_TP000141",5.346463093,5.44452414234864,4.56607870585772,6.32792670858682
"3271",31,"UKENNE_YW_TP000141",NA,5.11187450320294,4.16485207670873,6.05942422094613
"3272",32,"UKENNE_YW_TP000141",4.007838024,5.33389163195057,4.45663290634366,6.21000176653657
"3273",33,"UKENNE_YW_TP000141",NA,5.02894214755735,4.14524122178672,5.91197438978357
"3274",34,"UKENNE_YW_TP000141",5.143068137,4.89503891902419,4.00024896779484,5.79109685402653
"3275",35,"UKENNE_YW_TP000141",NA,4.94761456590084,4.02345635847143,5.87125110374289
"3276",36,"UKENNE_YW_TP000141",2.999253691,5.04587766392503,4.1719921050177,5.92271198707596
"3277",37,"UKENNE_YW_TP000141",NA,5.2946869678332,4.37328685772122,6.21660338549991
"3278",38,"UKENNE_YW_TP000141",3.975954624,5.34392484304037,4.46942347428079,6.21913154328211
"3279",39,"UKENNE_YW_TP000141",NA,5.56030477257009,4.64058124210401,6.48165095136019
"3280",40,"UKENNE_YW_TP000141",5.799763149,5.42755497675096,4.55012106900655,6.30300141389836
"3281",41,"UKENNE_YW_TP000141",NA,5.55111908574305,4.63985629273609,6.46356548378406
"3282",42,"UKENNE_YW_TP000141",4.753918619,5.57984091319025,4.7022742020794,6.45806582483246
"3283",43,"UKENNE_YW_TP000141",NA,5.68004772285539,4.77173214285155,6.58827058932239
"3284",44,"UKENNE_YW_TP000141",5.426168785,5.44249828005768,4.56289877280852,6.32057422444705
"3285",45,"UKENNE_YW_TP000141",NA,5.5004173142316,4.5643578904416,6.43511115427945
"5806",1,"UKENTH_TWU_TP000013",NA,4.31704556761114,3.48285767502589,5.15032396877828
"5807",2,"UKENTH_TWU_TP000013",4.114532034,4.17141218096928,3.38187433055214,4.95912304652545
"5808",3,"UKENTH_TWU_TP000013",NA,4.55796024025858,3.74247913379849,5.37243390539119
"5809",4,"UKENTH_TWU_TP000013",4.106888982,4.63947909705882,3.84773777750335,5.43224289407842
"5810",5,"UKENTH_TWU_TP000013",NA,4.61977345402628,3.77958029180498,5.46077198652562
"5811",6,"UKENTH_TWU_TP000013",4.883894227,4.92612979562563,4.13558705089193,5.71351453894867
"5812",7,"UKENTH_TWU_TP000013",NA,4.8408921225022,4.00034570389884,5.68152970849138
"5813",8,"UKENTH_TWU_TP000013",4.882352086,4.7724976060795,3.98374855027285,5.55981147819565
"5814",9,"UKENTH_TWU_TP000013",NA,5.11844601741217,4.28675212969157,5.94922533237731
"5815",10,"UKENTH_TWU_TP000013",5.567715746,5.26937156319807,4.47900924148008,6.05779867516435
"5816",11,"UKENTH_TWU_TP000013",NA,5.27296333650953,4.44094766357696,6.1057218218819
"5817",12,"UKENTH_TWU_TP000013",5.268859498,5.18366492242953,4.39051684706251,5.97269997552903
"5818",13,"UKENTH_TWU_TP000013",NA,5.23852108426885,4.39997527109802,6.07703074436359
"5819",14,"UKENTH_TWU_TP000013",5.69956858,5.28634781302238,4.49954451498258,6.07453743881433
"5820",15,"UKENTH_TWU_TP000013",NA,5.26300694616182,4.42440324240198,6.10251016512069
"5821",16,"UKENTH_TWU_TP000013",5.934674752,5.27025001231189,4.48191691172759,6.05784392905406
"5822",17,"UKENTH_TWU_TP000013",NA,5.16829391824226,4.3304177192714,6.00795846429005
"5823",18,"UKENTH_TWU_TP000013",5.659771593,4.98531613270274,4.19622541504964,5.77753933236126
"5824",19,"UKENTH_TWU_TP000013",NA,5.00458732371124,4.16420573483085,5.84350170408148
"5825",20,"UKENTH_TWU_TP000013",5.272365903,5.08153886511679,4.2897291061465,5.87248100905292
"5826",21,"UKENTH_TWU_TP000013",NA,5.01851241873666,4.18476477236473,5.85216532406623
"5827",22,"UKENTH_TWU_TP000013",4.992916636,5.00017059165218,4.2078227639488,5.79194888890732
"5828",23,"UKENTH_TWU_TP000013",NA,5.18765811685024,4.37038404463072,6.0050646072271
"5829",24,"UKENTH_TWU_TP000013",5.077525983,5.12042629792166,4.32905971820501,5.90963591296142
"5830",25,"UKENTH_TWU_TP000013",NA,5.14505307207977,4.30642486708066,5.98403259132145
"5831",26,"UKENTH_TWU_TP000013",5.692449561,5.08076441504387,4.29196959013181,5.86959511316858
"5832",27,"UKENTH_TWU_TP000013",NA,5.1502547120432,4.31052754581927,5.98795254847053
"5833",28,"UKENTH_TWU_TP000013",5.300740321,5.12054998909741,4.33235397434772,5.90874570117117
"5834",29,"UKENTH_TWU_TP000013",NA,5.09504448087347,4.25729245367933,5.93248763121993
"5835",30,"UKENTH_TWU_TP000013",5.087875446,5.03678948196544,4.24800686828443,5.82468124783071
"5836",31,"UKENTH_TWU_TP000013",NA,4.90917921173223,3.98811486813647,5.82714638182416
"5837",32,"UKENTH_TWU_TP000013",NA,4.94644863555918,4.15192827408882,5.74218842595988
"5838",33,"UKENTH_TWU_TP000013",5.150162887,4.91892907635808,4.11616201062881,5.72303141436192
"5839",34,"UKENTH_TWU_TP000013",5.430036509,4.6819030698167,3.89183480325477,5.47037537684779
"5840",35,"UKENTH_TWU_TP000013",NA,4.81595952179144,3.97977306920245,5.65185077471182
"5841",36,"UKENTH_TWU_TP000013",4.910255568,4.847482668348,4.05924457767544,5.63696851942925
"5842",37,"UKENTH_TWU_TP000013",NA,5.14191491301356,4.30231002812398,5.98198641382845
"5843",38,"UKENTH_TWU_TP000013",3.827658878,5.2234798980673,4.43563938848071,6.0112025197476
"5844",39,"UKENTH_TWU_TP000013",NA,5.48935161443552,4.65559005886121,6.32393193429169
"5845",40,"UKENTH_TWU_TP000013",5.337143545,5.27478378457555,4.48339986447501,6.06718098726031
"5846",41,"UKENTH_TWU_TP000013",NA,5.47576022930746,4.63713386029101,6.31612118146886
"5847",42,"UKENTH_TWU_TP000013",6.026846834,5.43340631167146,4.64440831465974,6.22313555777718
"5848",43,"UKENTH_TWU_TP000013",NA,5.4990895310562,4.67346382948618,6.32521762733828
"5849",44,"UKENTH_TWU_TP000013",5.939952261,5.19417024657965,4.40186720659018,5.9858278689519
"5850",45,"UKENTH_TWU_TP000013",NA,5.50715697061609,4.68155933828479,6.33248127584878
"6481",1,"UKENTH_TWU_TP000116",NA,4.41092730676997,3.57277675611333,5.24829177831815
"6482",2,"UKENTH_TWU_TP000116",NA,4.29032867198876,3.49620905434968,5.08405517673734
"6483",3,"UKENTH_TWU_TP000116",NA,4.65612322623021,3.84034585883039,5.47119201782569
"6484",4,"UKENTH_TWU_TP000116",5.508242628,4.70805689376021,3.90965048743343,5.50645915634124
"6485",5,"UKENTH_TWU_TP000116",NA,4.70830005938833,3.86812528340406,5.54896516464364
"6486",6,"UKENTH_TWU_TP000116",5.019210621,5.01979392443973,4.22406347817594,5.81306290473748
"6487",7,"UKENTH_TWU_TP000116",NA,4.95427542016029,4.11442075460574,5.79491391803272
"6488",8,"UKENTH_TWU_TP000116",5.004803385,4.85531090288227,4.06019429691832,5.64850174156161
"6489",9,"UKENTH_TWU_TP000116",NA,5.19446496525195,4.36060416895237,6.0277098954106
"6490",10,"UKENTH_TWU_TP000116",6.35563578,5.37967320412976,4.58386817414632,6.17411270219177
"6491",11,"UKENTH_TWU_TP000116",NA,5.38719471372091,4.55328817452117,6.22212104130716
"6492",12,"UKENTH_TWU_TP000116",5.539023967,5.28523197117018,4.48788666603226,6.07954288586223
"6493",13,"UKENTH_TWU_TP000116",NA,5.33798112386856,4.49701463323072,6.17928310471474
"6494",14,"UKENTH_TWU_TP000116",5.959989231,5.37282149785435,4.58046491096943,6.16685617029135
"6495",15,"UKENTH_TWU_TP000116",NA,5.34897069371585,4.5090798009476,6.19019610339191
"6496",16,"UKENTH_TWU_TP000116",5.469105036,5.3846398249823,4.59049781132475,6.17746187550329
"6497",17,"UKENTH_TWU_TP000116",NA,5.26256486201188,4.42398152763113,6.10277541261042
"6498",18,"UKENTH_TWU_TP000116",5.813502078,5.09137332047198,4.2964370146609,5.88938962748415
"6499",19,"UKENTH_TWU_TP000116",NA,5.08959017962802,4.24828351477083,5.93015803272296
"6500",20,"UKENTH_TWU_TP000116",5.159730944,5.14588058284512,4.35103076439466,5.94027926309018
"6501",21,"UKENTH_TWU_TP000116",NA,5.13043475199842,4.29617351444876,5.96486007140137
"6502",22,"UKENTH_TWU_TP000116",4.988890637,5.10440283303784,4.30932577882194,5.9002697699615
"6503",23,"UKENTH_TWU_TP000116",NA,5.28616265035086,4.46340092819084,6.10952135934499
"6504",24,"UKENTH_TWU_TP000116",NA,5.27152734141226,4.47664026077279,6.06632524508206
"6505",25,"UKENTH_TWU_TP000116",5.616449301,5.24501876099701,4.4050149509016,6.08561601048644
"6506",26,"UKENTH_TWU_TP000116",5.725400772,5.1794592278167,4.38679137528539,5.97289407836105
"6507",27,"UKENTH_TWU_TP000116",NA,5.22911142720463,4.39059005526731,6.06674552130963
"6508",28,"UKENTH_TWU_TP000116",6.003776416,5.2168549830157,4.42354873601831,6.01069659727715
"6509",29,"UKENTH_TWU_TP000116",NA,5.18062220106352,4.34278857365997,6.01831061335378
"6510",30,"UKENTH_TWU_TP000116",4.333470483,5.1197172561654,4.32664199308693,5.91301456374979
"6511",31,"UKENTH_TWU_TP000116",NA,5.01381928284629,4.10152000442143,5.92385732773498
"6512",32,"UKENTH_TWU_TP000116",NA,5.03193230791533,4.23521166882167,5.82839596025675
"6513",33,"UKENTH_TWU_TP000116",5.884998517,5.01556811639727,4.20385031917099,5.82857943452452
"6514",34,"UKENTH_TWU_TP000116",5.727596419,4.80400868052693,4.00994231746034,5.59834935202617
"6515",35,"UKENTH_TWU_TP000116",NA,4.89301253143103,4.05645035518688,5.72948429925227
"6516",36,"UKENTH_TWU_TP000116",6.360407816,4.91069494577752,4.11693834573018,5.70573700529526
"6517",37,"UKENTH_TWU_TP000116",NA,5.25603953569192,4.41493676440859,6.09770186943541
"6518",38,"UKENTH_TWU_TP000116",4.453393755,5.3095932799735,4.51659277241536,6.10235615424609
"6519",39,"UKENTH_TWU_TP000116",NA,5.57648633839357,4.74298532777164,6.41105120489256
"6520",40,"UKENTH_TWU_TP000116",4.271747838,5.40052455733692,4.60548739994262,6.19638406553677
"6521",41,"UKENTH_TWU_TP000116",NA,5.5708500565417,4.73082185360597,6.41238728914009
"6522",42,"UKENTH_TWU_TP000116",6.259981309,5.48714288119997,4.69401221084962,6.28088815088664
"6523",43,"UKENTH_TWU_TP000116",6.250085461,5.58802900285573,4.76017909715763,6.41662069202849
"6524",44,"UKENTH_TWU_TP000116",NA,5.29760610675146,4.5020044274201,6.0936367158274
"6525",45,"UKENTH_TWU_TP000116",NA,5.56712576686853,4.73139919566709,6.40243186877445
"6526",1,"UKENTH_TWU_TP000122",NA,4.13583349048178,3.30222708777738,4.96888354633477
"6527",2,"UKENTH_TWU_TP000122",3.758866213,4.00585851765313,3.22180365111885,4.78901728556278
"6528",3,"UKENTH_TWU_TP000122",NA,4.35901209230096,3.54675586271385,5.17026507809672
"6529",4,"UKENTH_TWU_TP000122",4.156985863,4.46112049621842,3.67360577230985,5.24964940734779
"6530",5,"UKENTH_TWU_TP000122",NA,4.437214916051,3.59919389807065,5.27610525150987
"6531",6,"UKENTH_TWU_TP000122",2.929892182,4.76966998299241,3.98349033149925,5.55364374687816
"6532",7,"UKENTH_TWU_TP000122",NA,4.70036666306762,3.86265907064081,5.53933231372102
"6533",8,"UKENTH_TWU_TP000122",4.785241565,4.60876052218046,3.82463040237062,5.39200267493268
"6534",9,"UKENTH_TWU_TP000122",NA,4.9282304295642,4.09811395525127,5.75769256353417
"6535",10,"UKENTH_TWU_TP000122",5.557723523,5.11154772536733,4.32710041236844,5.89559438681868
"6536",11,"UKENTH_TWU_TP000122",NA,5.11239320857738,4.28063441712478,5.94506582998506
"6537",12,"UKENTH_TWU_TP000122",5.783646442,4.95518218017701,4.16068522593871,5.74443053600841
"6538",13,"UKENTH_TWU_TP000122",NA,5.06822433780044,4.23087619780941,5.90582072455401
"6539",14,"UKENTH_TWU_TP000122",5.239990137,5.15081754895004,4.369331634555,5.93420324031629
"6540",15,"UKENTH_TWU_TP000122",NA,5.08646642660227,4.24468665899547,5.92962030123116
"6541",16,"UKENTH_TWU_TP000122",5.972693106,5.11929266874447,4.33720245593274,5.90166064199549
"6542",17,"UKENTH_TWU_TP000122",NA,5.00167296792346,4.16281594032079,5.84296895906145
"6543",18,"UKENTH_TWU_TP000122",3.804103256,4.80081652411488,4.01786247682334,5.58702977565914
"6544",19,"UKENTH_TWU_TP000122",NA,4.83903380580882,3.99696895346623,5.68044088226986
"6545",20,"UKENTH_TWU_TP000122",5.795769127,4.87707385192441,4.09191850521988,5.66197230545102
"6546",21,"UKENTH_TWU_TP000122",NA,4.86558385098789,4.03363533684372,5.69859454027825
"6547",22,"UKENTH_TWU_TP000122",3.979956442,4.78681178986031,4.00016171164874,5.57273552780671
"6548",23,"UKENTH_TWU_TP000122",NA,5.00815467504281,4.18970295789059,5.82715678143875
"6549",24,"UKENTH_TWU_TP000122",5.215220879,4.99572566946142,4.21274793510376,5.77936766124372
"6550",25,"UKENTH_TWU_TP000122",NA,4.98206380001875,4.1428648756773,5.82233462847155
"6551",26,"UKENTH_TWU_TP000122",2.660969155,4.93398086332638,4.15271762242762,5.71703579961716
"6552",27,"UKENTH_TWU_TP000122",NA,4.97997860455027,4.14221560002302,5.81662984322297
"6553",28,"UKENTH_TWU_TP000122",4.434237722,4.98699412759636,4.20500138070182,5.77051179963154
"6554",29,"UKENTH_TWU_TP000122",NA,4.93000452758915,4.09225281328697,5.76840035507257
"6555",30,"UKENTH_TWU_TP000122",4.291241056,4.89576492162488,4.11434993811267,5.67902202837076
"6556",31,"UKENTH_TWU_TP000122",NA,4.75607296952667,3.84986005496285,5.65982640891763
"6557",32,"UKENTH_TWU_TP000122",NA,4.74181017406825,3.95124285256669,5.53222970096688
"6558",33,"UKENTH_TWU_TP000122",4.564232595,4.76619778745263,3.96738926898998,5.56699520018991
"6559",34,"UKENTH_TWU_TP000122",4.154166118,4.5417098824769,3.75857774906264,5.32598847588427
"6560",35,"UKENTH_TWU_TP000122",NA,4.63587914380106,3.80155069711623,5.47035251183716
"6561",36,"UKENTH_TWU_TP000122",4.460528468,4.70868006683388,3.92635979406671,5.49361869885893
"6562",37,"UKENTH_TWU_TP000122",NA,4.9826451186197,4.14156652033435,5.82467277549699
"6563",38,"UKENTH_TWU_TP000122",5.263926107,5.07844762101848,4.296943474209,5.86121911508588
"6564",39,"UKENTH_TWU_TP000122",NA,5.31717280526189,4.48506925064421,6.15057937563377
"6565",40,"UKENTH_TWU_TP000122",5.18281967,5.13864705226507,4.35222154611544,5.92748311623757
"6566",41,"UKENTH_TWU_TP000122",NA,5.30345331908996,4.46323009549303,6.14586229047836
"6567",42,"UKENTH_TWU_TP000122",5.056034843,5.2679048374754,4.48557687014329,6.05144916570985
"6568",43,"UKENTH_TWU_TP000122",NA,5.35888230224115,4.53494265661309,6.18458379294471
"6569",44,"UKENTH_TWU_TP000122",5.611459785,5.02633861067548,4.24010218963013,5.81272981376894
"6570",45,"UKENTH_TWU_TP000122",5.121418245,5.34375982289014,4.52288317141719,6.16508800745414
"1306",1,"UKENMI_ST_TP000074",NA,4.20451257984721,3.37466481100153,5.03674078004787
"1307",2,"UKENMI_ST_TP000074",4.511804133,4.26370395043752,3.47949902657076,5.04897571313528
"1308",3,"UKENMI_ST_TP000074",NA,4.5170974267149,3.71110421881945,5.32584444456226
"1309",4,"UKENMI_ST_TP000074",4.364833791,4.61532228733659,3.82748971273096,5.40625248995685
"1310",5,"UKENMI_ST_TP000074",NA,4.61271128785265,3.79158797173391,5.43533219374258
"1311",6,"UKENMI_ST_TP000074",4.702038124,4.73617608463256,3.94642913340559,5.52240264154197
"1312",7,"UKENMI_ST_TP000074",NA,4.79270699477718,3.96357622653348,5.62253575327068
"1313",8,"UKENMI_ST_TP000074",4.468293307,4.79534861186586,4.01246493898365,5.57822480573893
"1314",9,"UKENMI_ST_TP000074",NA,4.90612674609405,4.08048198244609,5.73302042985583
"1315",10,"UKENMI_ST_TP000074",5.07954174,5.11372382281975,4.32816097705337,5.89733202951929
"1316",11,"UKENMI_ST_TP000074",NA,5.27594590651408,4.44892953057077,6.10303136769612
"1317",12,"UKENMI_ST_TP000074",5.344319682,5.01319523947455,4.22964195364637,5.79744154380784
"1318",13,"UKENMI_ST_TP000074",NA,5.23571870113372,4.40955015267681,6.06377312185161
"1319",14,"UKENMI_ST_TP000074",4.381582998,5.27361039421956,4.49139522216054,6.05716714729258
"1320",15,"UKENMI_ST_TP000074",NA,5.10206413906434,4.27573448340426,5.93020061162557
"1321",16,"UKENMI_ST_TP000074",4.985030507,5.15728983090931,4.37164879537143,5.94107541733433
"1322",17,"UKENMI_ST_TP000074",NA,5.1040806162111,4.28272400632481,5.92733199326781
"1323",18,"UKENMI_ST_TP000074",4.798450354,5.01146525529186,4.22857319861451,5.79715476554768
"1324",19,"UKENMI_ST_TP000074",NA,4.8681892913604,4.04627200772793,5.69177367016258
"1325",20,"UKENMI_ST_TP000074",5.079563031,4.772260945132,3.9880288220901,5.55849703109536
"1326",21,"UKENMI_ST_TP000074",NA,4.88312940212091,4.0579625232559,5.70890622910983
"1327",22,"UKENMI_ST_TP000074",4.725797491,4.75379115877825,3.97088970167164,5.53731756922655
"1328",23,"UKENMI_ST_TP000074",5.093282976,5.05600181319943,4.23460611096195,5.87966931311164
"1329",24,"UKENMI_ST_TP000074",NA,4.97736237985534,4.19432237724299,5.76022498553077
"1330",25,"UKENMI_ST_TP000074",NA,5.05593720074183,4.22797976933301,5.88450827624787
"1331",26,"UKENMI_ST_TP000074",5.230676438,4.9242730682155,4.14187664783705,5.70835320540862
"1332",27,"UKENMI_ST_TP000074",NA,4.97012757397502,4.14539589199313,5.79687228482099
"1333",28,"UKENMI_ST_TP000074",5.284542232,5.11004264407927,4.327662763105,5.89493946969224
"1334",29,"UKENMI_ST_TP000074",NA,4.99739070232565,4.17655686634721,5.81986962619481
"1335",30,"UKENMI_ST_TP000074",5.304290873,5.03515943315157,4.25322499560843,5.81963329421044
"1336",31,"UKENMI_ST_TP000074",NA,4.91630650995799,4.05213892150325,5.77937351514141
"1337",32,"UKENMI_ST_TP000074",5.397854729,5.07146885914521,4.28256091028807,5.86061064110428
"1338",33,"UKENMI_ST_TP000074",NA,4.94486585964018,4.14548199267201,5.74682147868171
"1339",34,"UKENMI_ST_TP000074",5.369821558,4.56799158273866,3.78386887623386,5.35539691015685
"1340",35,"UKENMI_ST_TP000074",NA,4.68292935620106,3.85535521756978,5.51131413861809
"1341",36,"UKENMI_ST_TP000074",4.050864484,4.59962772614372,3.81505839469927,5.38224643689556
"1342",37,"UKENMI_ST_TP000074",NA,5.09105972423394,4.26499579365011,5.91681010224729
"1343",38,"UKENMI_ST_TP000074",5.133835089,5.14609107730349,4.36252495903429,5.92867521433734
"1344",39,"UKENMI_ST_TP000074",NA,5.43392123079129,4.60927715120038,6.25831665742736
"1345",40,"UKENMI_ST_TP000074",4.907100273,5.33830200393858,4.55379266642891,6.1218504041851
"1346",41,"UKENMI_ST_TP000074",NA,5.40357028938504,4.57830845433747,6.22989090140373
"1347",42,"UKENMI_ST_TP000074",5.170826623,5.33444829150237,4.55239328807772,6.1168079276321
"1348",43,"UKENMI_ST_TP000074",NA,5.39555555987561,4.57196885032833,6.21809003665349
"1349",44,"UKENMI_ST_TP000074",5.212602332,5.16982053736412,4.38531914395255,5.95354765408785
"1350",45,"UKENMI_ST_TP000074",NA,5.35203981799793,4.50864897273202,6.19332478955594
"1486",1,"UKENMI_ST_TP000137",NA,4.26394862018679,3.42425827497903,5.10588085834299
"1487",2,"UKENMI_ST_TP000137",5.106031025,4.2723584994259,3.4816701364785,5.06331667501626
"1488",3,"UKENMI_ST_TP000137",NA,4.59601789298984,3.78458987058727,5.41079558716891
"1489",4,"UKENMI_ST_TP000137",4.348827722,4.64979646817606,3.85227201381023,5.44945744277943
"1490",5,"UKENMI_ST_TP000137",NA,4.65266617671683,3.82050190876025,5.48640642164266
"1491",6,"UKENMI_ST_TP000137",6.465506456,4.8090385779113,4.01208432831826,5.60197322767202
"1492",7,"UKENMI_ST_TP000137",NA,4.85739534730538,4.02148119351796,5.69414333368318
"1493",8,"UKENMI_ST_TP000137",5.975207498,4.8535386190555,4.06286443679299,5.64432199673966
"1494",9,"UKENMI_ST_TP000137",NA,4.96405448460696,4.1276324130804,5.80176108216575
"1495",10,"UKENMI_ST_TP000137",6.036730052,5.21835473530627,4.42930815419525,6.0072807735057
"1496",11,"UKENMI_ST_TP000137",NA,5.32643370889294,4.49038463518175,6.16220148918708
"1497",12,"UKENMI_ST_TP000137",5.936700929,5.09632563032844,4.30730514444365,5.88676963241561
"1498",13,"UKENMI_ST_TP000137",NA,5.29304471487315,4.45655915747566,6.13163022616333
"1499",14,"UKENMI_ST_TP000137",5.597865602,5.33920391924298,4.55003740317003,6.12823629672122
"1500",15,"UKENMI_ST_TP000137",NA,5.16078436972165,4.32465133871924,5.99836417648532
"1501",16,"UKENMI_ST_TP000137",6.125528717,5.29250701619874,4.50401779970255,6.08161894836615
"1502",17,"UKENMI_ST_TP000137",NA,5.15914981856253,4.32709126214584,5.99330815611176
"1503",18,"UKENMI_ST_TP000137",6.086365586,5.06832205664361,4.27983050784289,5.85961388856156
"1504",19,"UKENMI_ST_TP000137",NA,4.93788299594755,4.10438280197343,5.77283287720905
"1505",20,"UKENMI_ST_TP000137",4.275877592,4.86057697494973,4.06872689301019,5.65671387464893
"1506",21,"UKENMI_ST_TP000137",NA,4.95208148953789,4.11766830111265,5.7871295836259
"1507",22,"UKENMI_ST_TP000137",5.541081523,4.8106106012778,4.01939356810347,5.60279730834112
"1508",23,"UKENMI_ST_TP000137",NA,5.11288308756993,4.28138923687658,5.94601347892643
"1509",24,"UKENMI_ST_TP000137",7.193350277,5.03239566016182,4.24312488175771,5.82071387140011
"1510",25,"UKENMI_ST_TP000137",NA,5.11570627343099,4.27820652865061,5.95409541872305
"1511",26,"UKENMI_ST_TP000137",4.46188863,5.01037792290545,4.22213900407242,5.80075074822324
"1512",27,"UKENMI_ST_TP000137",NA,5.04376692694434,4.20887043245205,5.88038793201235
"1513",28,"UKENMI_ST_TP000137",5.96775422,5.15621303834616,4.36679460056337,5.94714134148846
"1514",29,"UKENMI_ST_TP000137",NA,5.05488302631783,4.22526849672594,5.88615397959179
"1515",30,"UKENMI_ST_TP000137",5.773731184,5.04789306199179,4.25975767925945,5.8371164327693
"1516",31,"UKENMI_ST_TP000137",NA,4.95613924497381,4.0807513285077,5.83030214882994
"1517",32,"UKENMI_ST_TP000137",5.664167542,5.06005634494893,4.26892792081978,5.85306286595381
"1518",33,"UKENMI_ST_TP000137",NA,4.96989435495481,4.15777965981193,5.78389529130347
"1519",34,"UKENMI_ST_TP000137",4.02685225,4.58100386247349,3.79070802908044,5.37246643300345
"1520",35,"UKENMI_ST_TP000137",NA,4.73651668871623,3.89948185468454,5.57429270003546
"1521",36,"UKENMI_ST_TP000137",5.541030384,4.61619168919369,3.82306732383443,5.40637532350585
"1522",37,"UKENMI_ST_TP000137",NA,5.13789976318782,4.3008343176249,5.97473951140608
"1523",38,"UKENMI_ST_TP000137",3.540661321,5.16205142055667,4.36938755490389,5.95200278837401
"1524",39,"UKENMI_ST_TP000137",NA,5.47496739271468,4.64017488980105,6.3102433770156
"1525",40,"UKENMI_ST_TP000137",5.11597311,5.37170050954384,4.58273885252802,6.160175521836
"1526",41,"UKENMI_ST_TP000137",NA,5.45543613984788,4.61883741380701,6.29319183875218
"1527",42,"UKENMI_ST_TP000137",5.319851066,5.37237127693453,4.58439336651094,6.16138410587455
"1528",43,"UKENMI_ST_TP000137",NA,5.44426170599955,4.60733475174508,6.27978260762425
"1529",44,"UKENMI_ST_TP000137",5.571647412,5.21402017346751,4.42398639036569,6.0041755113222
"1530",45,"UKENMI_ST_TP000137",NA,5.41036726448485,4.56108896831826,6.25785216601983
"1531",1,"UKENMI_ST_TP000143",NA,4.44987424563876,3.59414022019485,5.30622131690714
"1532",2,"UKENMI_ST_TP000143",NA,4.51531124977977,3.7060681377582,5.32490125974876
"1533",3,"UKENMI_ST_TP000143",4.806718357,4.72098856968192,3.88669308322442,5.55540241678614
"1534",4,"UKENMI_ST_TP000143",NA,4.78500866045793,3.97024065185126,5.59907017721968
"1535",5,"UKENMI_ST_TP000143",5.786178574,4.85278610049928,4.00415585440905,5.70158637886728
"1536",6,"UKENMI_ST_TP000143",NA,4.95651028557288,4.14336974719002,5.76670536457325
"1537",7,"UKENMI_ST_TP000143",5.036503439,4.99549202850772,4.1387662800152,5.85181364147597
"1538",8,"UKENMI_ST_TP000143",NA,4.98697755389928,4.17203624911587,5.79746572400474
"1539",9,"UKENMI_ST_TP000143",6.083054162,5.13393165354268,4.28345731597802,5.98462276050605
"1540",10,"UKENMI_ST_TP000143",NA,5.32184542763231,4.51028389234351,6.13216306955683
"1541",11,"UKENMI_ST_TP000143",5.750895178,5.50611311393078,4.65632856733276,6.3557329624889
"1542",12,"UKENMI_ST_TP000143",NA,5.28656559773336,4.47672413133349,6.0975239095043
"1543",13,"UKENMI_ST_TP000143",4.85216068,5.44089332730765,4.5904223084688,6.29205984875381
"1544",14,"UKENMI_ST_TP000143",NA,5.53858304713321,4.72986206504755,6.34741306960156
"1545",15,"UKENMI_ST_TP000143",6.358289703,5.32667482068121,4.47860573307527,6.17538805134186
"1546",16,"UKENMI_ST_TP000143",NA,5.39137630153694,4.58087975869914,6.2000516300656
"1547",17,"UKENMI_ST_TP000143",6.117393636,5.35166866201371,4.50486844979555,6.19905477982326
"1548",18,"UKENMI_ST_TP000143",NA,5.19688899521911,4.38710782460374,6.00599285570024
"1549",19,"UKENMI_ST_TP000143",5.544311172,5.08570618493375,4.23758096663935,5.93413495605905
"1550",20,"UKENMI_ST_TP000143",NA,5.0997005013368,4.28895388757845,5.91291627168405
"1551",21,"UKENMI_ST_TP000143",NA,5.1492675233941,4.30009512866836,5.99874728543579
"1552",22,"UKENMI_ST_TP000143",5.272685394,5.06777349482779,4.26070245236587,5.87605359036104
"1553",23,"UKENMI_ST_TP000143",5.473391231,5.26308219178059,4.41737468930537,6.10977103195916
"1554",24,"UKENMI_ST_TP000143",NA,5.21541348186834,4.40511758643052,6.02545080172642
"1555",25,"UKENMI_ST_TP000143",4.470565133,5.28813843870106,4.43386713591433,6.14172064709762
"1556",26,"UKENMI_ST_TP000143",NA,5.15932824170468,4.34980654236019,5.96877874855472
"1557",27,"UKENMI_ST_TP000143",NA,5.19776171347689,4.34806015213858,6.04781793782461
"1558",28,"UKENMI_ST_TP000143",4.473540623,5.34955639925306,4.53964159226694,6.16064225971104
"1559",29,"UKENMI_ST_TP000143",4.974099001,5.24305799101159,4.39544387997419,6.09056493582521
"1560",30,"UKENMI_ST_TP000143",NA,5.33753598647308,4.52623959895112,6.15071237036
"1561",31,"UKENMI_ST_TP000143",NA,5.14771702662534,4.25711448456049,6.03676219885491
"1562",32,"UKENMI_ST_TP000143",5.522592567,5.26595130256568,4.45544472607478,6.07505644362663
"1563",33,"UKENMI_ST_TP000143",6.40378945,5.17403107183378,4.34762843366026,6.000953425954
"1564",34,"UKENMI_ST_TP000143",NA,4.87303169654047,4.06211641783188,5.68554695401893
"1565",35,"UKENMI_ST_TP000143",NA,4.92495208179919,4.07054722031494,5.77861314997785
"1566",36,"UKENMI_ST_TP000143",5.188475583,4.79742559042972,3.98361945372968,5.60651701494557
"1567",37,"UKENMI_ST_TP000143",NA,5.31249179505927,4.46214987796758,6.16139412791487
"1568",38,"UKENMI_ST_TP000143",5.497787922,5.40328246469889,4.59485842029614,6.2102476183515
"1569",39,"UKENMI_ST_TP000143",NA,5.67981446723473,4.8319607501029,6.52689634292372
"1570",40,"UKENMI_ST_TP000143",5.78534556,5.60772883353285,4.79657267729836,6.41809755985692
"1571",41,"UKENMI_ST_TP000143",5.532669689,5.67476023349165,4.82336997069767,6.52660082620154
"1572",42,"UKENMI_ST_TP000143",NA,5.5204611901599,4.71097572411592,6.32739529887152
"1573",43,"UKENMI_ST_TP000143",6.028567894,5.63354547258236,4.78578573517918,6.47989476028115
"1574",44,"UKENMI_ST_TP000143",NA,5.44700551185656,4.63674456026613,6.2560323755399
"1575",45,"UKENMI_ST_TP000143",NA,5.56804729794973,4.69850227716855,6.4350078347124
"1621",1,"UKENMI_ST_TP000163",NA,4.20652550139663,3.36920760423002,5.0461714987683
"1622",2,"UKENMI_ST_TP000163",4.129505003,4.23904710889344,3.44687026902168,5.03286016179363
"1623",3,"UKENMI_ST_TP000163",NA,4.49849150367742,3.68484192217297,5.31515812337035
"1624",4,"UKENMI_ST_TP000163",4.407145152,4.53908005185754,3.74217150713792,5.33679458818479
"1625",5,"UKENMI_ST_TP000163",NA,4.5882775088032,3.75792889014834,5.42019954704809
"1626",6,"UKENMI_ST_TP000163",3.692491087,4.71205584140313,3.9141818423953,5.50610839970608
"1627",7,"UKENMI_ST_TP000163",NA,4.75905740252488,3.92341620361371,5.59542647048339
"1628",8,"UKENMI_ST_TP000163",4.879146766,4.7651399061733,3.97024652915008,5.55766390419202
"1629",9,"UKENMI_ST_TP000163",NA,4.89776390964193,4.0656959565728,5.73128383988788
"1630",10,"UKENMI_ST_TP000163",5.700346113,5.10025518824399,4.30818324941361,5.89167982706916
"1631",11,"UKENMI_ST_TP000163",NA,5.24587978564259,4.41261267279544,6.07940079935496
"1632",12,"UKENMI_ST_TP000163",5.239501563,5.02437686272058,4.23214871186923,5.81943246149818
"1633",13,"UKENMI_ST_TP000163",NA,5.1993612312469,4.36454359962559,6.03597633510321
"1634",14,"UKENMI_ST_TP000163",5.121295017,5.28678876329596,4.493441957806,6.07998146867634
"1635",15,"UKENMI_ST_TP000163",NA,5.08676786596109,4.25358963859516,5.92182850296147
"1636",16,"UKENMI_ST_TP000163",4.900787562,5.19600613222713,4.40375351722552,5.98826732384171
"1637",17,"UKENMI_ST_TP000163",NA,5.095122574394,4.26521378286883,5.92690327892379
"1638",18,"UKENMI_ST_TP000163",3.596342697,4.98048042499377,4.18933415537103,5.77414427895732
"1639",19,"UKENMI_ST_TP000163",NA,4.85366869113326,4.02260200872614,5.68615542619655
"1640",20,"UKENMI_ST_TP000163",3.506143822,4.84266507488762,4.04969696871983,5.64121334394233
"1641",21,"UKENMI_ST_TP000163",NA,4.89880101774927,4.06761525579547,5.73122079340533
"1642",22,"UKENMI_ST_TP000163",4.395796662,4.81127353600753,4.01923079916059,5.60562637937591
"1643",23,"UKENMI_ST_TP000163",NA,5.02593434250544,4.19701992292726,5.85673614293971
"1644",24,"UKENMI_ST_TP000163",4.029805609,4.96810347311089,4.17673168658895,5.75989391124865
"1645",25,"UKENMI_ST_TP000163",NA,5.04128685782909,4.20686337220127,5.87609519612833
"1646",26,"UKENMI_ST_TP000163",4.022717311,4.95077876416164,4.15986884518375,5.74414018879442
"1647",27,"UKENMI_ST_TP000163",NA,4.97074961508188,4.1393676559702,5.80345305890577
"1648",28,"UKENMI_ST_TP000163",4.63803201,5.09701678695602,4.3058637792487,5.8897065715116
"1649",29,"UKENMI_ST_TP000163",NA,4.99749579676055,4.16935649055905,5.82689891953014
"1650",30,"UKENMI_ST_TP000163",4.439774527,5.02405536028691,4.23298024814979,5.8165352164243
"1651",31,"UKENMI_ST_TP000163",NA,4.89318251119814,4.02557544748204,5.75990214593689
"1652",32,"UKENMI_ST_TP000163",NA,4.96267771954941,4.16953195977085,5.75608028724795
"1653",33,"UKENMI_ST_TP000163",4.452110028,4.89886610961303,4.08902146937991,5.70985711915701
"1654",34,"UKENMI_ST_TP000163",4.745416509,4.57426733959001,3.78047644302478,5.37112498628125
"1655",35,"UKENMI_ST_TP000163",NA,4.67407316153219,3.84051362489512,5.50804959061528
"1656",36,"UKENMI_ST_TP000163",5.037780134,4.54418617014628,3.74862737129829,5.33684398622945
"1657",37,"UKENMI_ST_TP000163",NA,5.0662833600666,4.23328362106634,5.89916646634374
"1658",38,"UKENMI_ST_TP000163",4.951428468,5.11795653344491,4.32503885633002,5.90880519001965
"1659",39,"UKENMI_ST_TP000163",NA,5.40945826367504,4.57694592636487,6.24195342677549
"1660",40,"UKENMI_ST_TP000163",4.990373642,5.32304073002762,4.531359939125,6.11514818232508
"1661",41,"UKENMI_ST_TP000163",NA,5.4039445854618,4.57097287131327,6.23805897127439
"1662",42,"UKENMI_ST_TP000163",5.117076958,5.26848965382914,4.47731873439928,6.05953044131664
"1663",43,"UKENMI_ST_TP000163",NA,5.37774277989801,4.54658480859693,6.20761843511695
"1664",44,"UKENMI_ST_TP000163",4.633702354,5.17940295869605,4.38750907022661,5.97156957134639
"1665",45,"UKENMI_ST_TP000163",NA,5.32426054966994,4.47578585577199,6.17051976407991
"3151",1,"UKENNE_YW_TP000112",NA,4.41599746618476,3.58892053951132,5.2448444108416
"3152",2,"UKENNE_YW_TP000112",4.04181964,4.50728502672515,3.72841577071403,5.28736268217489
"3153",3,"UKENNE_YW_TP000112",NA,4.67436153935366,3.86986723212458,5.47917996685913
"3154",4,"UKENNE_YW_TP000112",4.232915857,4.79625757326217,4.01205877012578,5.58225795007472
"3155",5,"UKENNE_YW_TP000112",NA,4.84414884536194,4.02388490693767,5.66574595363845
"3156",6,"UKENNE_YW_TP000112",5.180507289,4.96205532717281,4.18247896230511,5.74216880263603
"3157",7,"UKENNE_YW_TP000112",NA,4.9649337457791,4.13577112025439,5.79467894999803
"3158",8,"UKENNE_YW_TP000112",3.635503016,4.93123462242338,4.14495793094122,5.71400847847269
"3159",9,"UKENNE_YW_TP000112",NA,5.09270250290483,4.27137041917326,5.91555605699584
"3160",10,"UKENNE_YW_TP000112",4.524014678,5.28936545103708,4.5117211976753,6.06863622577987
"3161",11,"UKENNE_YW_TP000112",NA,5.49280983444183,4.67035637132657,6.31650808172394
"3162",12,"UKENNE_YW_TP000112",6.405036415,5.26350349377854,4.48390726100419,6.04471719375773
"3163",13,"UKENNE_YW_TP000112",NA,5.40839193308723,4.58365978673329,6.23432022753524
"3164",14,"UKENNE_YW_TP000112",5.01641415,5.49845057358767,4.72056984918024,6.27856378146032
"3165",15,"UKENNE_YW_TP000112",NA,5.29025672342824,4.46853460612001,6.11323412700795
"3166",16,"UKENNE_YW_TP000112",4.818638338,5.30518649593999,4.524612308133,6.08471982217298
"3167",17,"UKENNE_YW_TP000112",NA,5.32796740497097,4.50938769560674,6.14791777655968
"3168",18,"UKENNE_YW_TP000112",4.007582486,5.15299379201899,4.37348823268342,5.93255701177566
"3169",19,"UKENNE_YW_TP000112",NA,5.04256618336835,4.22201845179701,5.86433252950526
"3170",20,"UKENNE_YW_TP000112",5.527291165,5.05622373364867,4.27687764411821,5.83725545871954
"3171",21,"UKENNE_YW_TP000112",NA,5.11262161007839,4.29152746878992,5.93515790769662
"3172",22,"UKENNE_YW_TP000112",4.808205949,5.00492350809713,4.22616928306691,5.78423661604216
"3173",23,"UKENNE_YW_TP000112",NA,5.22999694232925,4.41122520017147,6.0509850661464
"3174",24,"UKENNE_YW_TP000112",4.803002497,5.17606042654908,4.39735967934936,5.9557113239583
"3175",25,"UKENNE_YW_TP000112",NA,5.25969407136281,4.43404251295353,6.08543388309961
"3176",26,"UKENNE_YW_TP000112",4.654452084,5.06982323593935,4.29005855582389,5.84883590102233
"3177",27,"UKENNE_YW_TP000112",NA,5.140726221907,4.31989377084992,5.96275772338851
"3178",28,"UKENNE_YW_TP000112",4.899498647,5.31926058490664,4.54036517444115,6.10077057886299
"3179",29,"UKENNE_YW_TP000112",NA,5.21029040776135,4.3919393457066,6.02921897923484
"3180",30,"UKENNE_YW_TP000112",6.124395428,5.35070595135477,4.56951336621139,6.13607682582267
"3181",31,"UKENNE_YW_TP000112",NA,5.13069335964442,4.26758537123516,5.9929253964888
"3182",32,"UKENNE_YW_TP000112",5.138488646,5.30859637873018,4.52489883403264,6.0918277936406
"3183",33,"UKENNE_YW_TP000112",4.338561669,5.18053097019001,4.37983917552294,5.98336927518799
"3184",34,"UKENNE_YW_TP000112",NA,4.90186964581655,4.12361277034306,5.68361726106424
"3185",35,"UKENNE_YW_TP000112",NA,4.90289770687274,4.07758506403101,5.72876500663433
"3186",36,"UKENNE_YW_TP000112",5.769177584,4.80953361793068,4.02585338571633,5.58975713187936
"3187",37,"UKENNE_YW_TP000112",NA,5.28908042465797,4.46704919219339,6.11027725682036
"3188",38,"UKENNE_YW_TP000112",5.12892045,5.41284695132791,4.63678058123515,6.1895523436545
"3189",39,"UKENNE_YW_TP000112",NA,5.68198235548719,4.86001380878762,6.50378057012421
"3190",40,"UKENNE_YW_TP000112",4.749782988,5.6216002333117,4.84258959033029,6.40161668333852
"3191",41,"UKENNE_YW_TP000112",NA,5.66108922326993,4.84060983885689,6.48311748543196
"3192",42,"UKENNE_YW_TP000112",5.364180616,5.51655167768161,4.73701648945101,6.29432913319603
"3193",43,"UKENNE_YW_TP000112",NA,5.61604363359793,4.8004824413972,6.43207451438438
"3194",44,"UKENNE_YW_TP000112",5.303019445,5.43055853159194,4.65034094706377,6.21072498630383
"3195",45,"UKENNE_YW_TP000112",NA,5.54115945287705,4.69599976668318,6.38444180730444
"2611",1,"UKENNE_YW_TP000029",NA,4.40130296127109,3.56588578040438,5.23699071174122
"2612",2,"UKENNE_YW_TP000029",NA,4.43175814528551,3.62992748102411,5.23358743891365
"2613",3,"UKENNE_YW_TP000029",NA,4.64279754593466,3.82665415608422,5.46121233920764
"2614",4,"UKENNE_YW_TP000029",5.264336663,4.67950075473815,3.87287178272937,5.48559591332007
"2615",5,"UKENNE_YW_TP000029",NA,4.81889335356507,3.98989854155684,5.64934975943551
"2616",6,"UKENNE_YW_TP000029",4.323300171,4.92091861240513,4.11816631517571,5.72797212075096
"2617",7,"UKENNE_YW_TP000029",NA,4.90325426078103,4.06549064416248,5.7426801250772
"2618",8,"UKENNE_YW_TP000029",4.292530365,4.99095153379648,4.1922106688559,5.79261486323606
"2619",9,"UKENNE_YW_TP000029",NA,5.067006429356,4.23833742617093,5.89723700551435
"2620",10,"UKENNE_YW_TP000029",5.239737955,5.19502144872248,4.39363324238656,6.00104430540223
"2621",11,"UKENNE_YW_TP000029",NA,5.44811134054162,4.62040866965116,6.27890320072288
"2622",12,"UKENNE_YW_TP000029",5.011528902,5.39460309811199,4.59428229074677,6.19843991752206
"2623",13,"UKENNE_YW_TP000029",NA,5.37642067962527,4.5434636072597,6.21173249518276
"2624",14,"UKENNE_YW_TP000029",5.000376582,5.45196006920808,4.65053412414863,6.25307426637797
"2625",15,"UKENNE_YW_TP000029",NA,5.27832931904148,4.44995529317411,6.10862202678989
"2626",16,"UKENNE_YW_TP000029",5.438212957,5.38452544888819,4.58328053124164,6.18840492810557
"2627",17,"UKENNE_YW_TP000029",NA,5.34799865507606,4.52049624710574,6.17816015011754
"2628",18,"UKENNE_YW_TP000029",4.624841012,5.15272348875574,4.34936673816073,5.95491363540333
"2629",19,"UKENNE_YW_TP000029",NA,5.05342713221659,4.22478408246318,5.88418853241116
"2630",20,"UKENNE_YW_TP000029",4.647936244,5.13694590805535,4.33648296411604,5.94028707443353
"2631",21,"UKENNE_YW_TP000029",NA,5.16628245566733,4.33904551408764,5.99648329628495
"2632",22,"UKENNE_YW_TP000029",5.644633702,5.11964439547075,4.31905204568806,5.92145010899082
"2633",23,"UKENNE_YW_TP000029",NA,5.17835045400252,4.35159964138939,6.00769061020385
"2634",24,"UKENNE_YW_TP000029",4.462428547,5.18062370780777,4.38041917988289,5.98327112707767
"2635",25,"UKENNE_YW_TP000029",NA,5.24754454080271,4.41781612947361,6.07725707003136
"2636",26,"UKENNE_YW_TP000029",3.033032453,5.15345312815384,4.35284615298221,5.95460038860184
"2637",27,"UKENNE_YW_TP000029",NA,5.16237295577758,4.33761654614324,5.98888527217724
"2638",28,"UKENNE_YW_TP000029",4.896125322,5.27267780258647,4.47160874170796,6.07302414337585
"2639",29,"UKENNE_YW_TP000029",NA,5.2309728136323,4.40759909916017,6.055567873193
"2640",30,"UKENNE_YW_TP000029",4.847775814,5.27412653142936,4.4738705920449,6.07653165359803
"2641",31,"UKENNE_YW_TP000029",NA,5.11818648072483,4.25240334289927,5.98449799728957
"2642",32,"UKENNE_YW_TP000029",4.00097251,5.25045317963335,4.45009733977403,6.04967655085475
"2643",33,"UKENNE_YW_TP000029",NA,5.12196668280208,4.31011619585553,5.93460214693947
"2644",34,"UKENNE_YW_TP000029",4.277473194,4.94454687976048,4.14123871563202,5.74613949061842
"2645",35,"UKENNE_YW_TP000029",NA,4.86347018528628,4.03628353310165,5.68978173674164
"2646",36,"UKENNE_YW_TP000029",3.544725736,4.93109337328293,4.12915419783575,5.73118671850493
"2647",37,"UKENNE_YW_TP000029",NA,5.24167911226431,4.41454579594747,6.06834615455378
"2648",38,"UKENNE_YW_TP000029",4.590483307,5.23822810740134,4.43756336228649,6.04140736976244
"2649",39,"UKENNE_YW_TP000029",NA,5.70088950473288,4.87623407695183,6.52784245701508
"2650",40,"UKENNE_YW_TP000029",5.10493131,5.58075056166806,4.77767495521899,6.38259596453719
"2651",41,"UKENNE_YW_TP000029",NA,5.68046000520711,4.85532442720761,6.5083168730325
"2652",42,"UKENNE_YW_TP000029",5.129465227,5.56620354097494,4.76552687913756,6.36578746195045
"2653",43,"UKENNE_YW_TP000029",NA,5.58816426658266,4.76578923290926,6.41171032931155
"2654",44,"UKENNE_YW_TP000029",5.998165445,5.46727928966334,4.66553685860539,6.26812237637405
"2655",45,"UKENNE_YW_TP000029",NA,5.47515658394463,4.62033770179873,6.32933859855989
"3016",1,"UKENNE_YW_TP000098",2.462898439,4.16202996323915,3.33965647648687,4.98407950542262
"3017",2,"UKENNE_YW_TP000098",NA,4.26328726897023,3.47679250320742,5.04919139481135
"3018",3,"UKENNE_YW_TP000098",NA,4.45253961778775,3.650005366145,5.25629836521878
"3019",4,"UKENNE_YW_TP000098",2.945785667,4.53400172407665,3.74413647673958,5.3238445524765
"3020",5,"UKENNE_YW_TP000098",NA,4.64236493955852,3.8264972236855,5.45988951822789
"3021",6,"UKENNE_YW_TP000098",2.717565376,4.77681905882066,3.99161169356037,5.56601923444314
"3022",7,"UKENNE_YW_TP000098",NA,4.71083417474734,3.87931098130748,5.54316174879897
"3023",8,"UKENNE_YW_TP000098",4.949211095,4.83795951393602,4.05631945602175,5.62351637991929
"3024",9,"UKENNE_YW_TP000098",NA,4.83473969444262,4.01927163224825,5.65069351230762
"3025",10,"UKENNE_YW_TP000098",4.440866405,5.0207277800222,4.23918009670258,5.80602836968344
"3026",11,"UKENNE_YW_TP000098",NA,5.2993129041522,4.48415436205262,6.11820951736634
"3027",12,"UKENNE_YW_TP000098",4.01206831,5.18956348218881,4.40421657777494,5.97929046560656
"3028",13,"UKENNE_YW_TP000098",NA,5.1826747102253,4.36475073525721,6.00266834795211
"3029",14,"UKENNE_YW_TP000098",4.340065144,5.19052097757012,4.40231776428609,5.97708026531174
"3030",15,"UKENNE_YW_TP000098",NA,5.05349127598301,4.23723262491018,5.87061222281879
"3031",16,"UKENNE_YW_TP000098",5.185790288,5.11132042712548,4.32644739881209,5.89786652481158
"3032",17,"UKENNE_YW_TP000098",4.435157778,5.17536829213142,4.36297052660263,5.99106748077785
"3033",18,"UKENNE_YW_TP000098",NA,4.93145589274839,4.14513447581917,5.71732128652541
"3034",19,"UKENNE_YW_TP000098",4.045234505,4.84202042102502,4.02696937964358,5.6593475771161
"3035",20,"UKENNE_YW_TP000098",NA,4.87664454474657,4.0922058080746,5.66150594781247
"3036",21,"UKENNE_YW_TP000098",4.061618431,4.97601096880847,4.16108450710009,5.79453729416694
"3037",22,"UKENNE_YW_TP000098",NA,4.80026951414689,4.01409825427802,5.58554259326005
"3038",23,"UKENNE_YW_TP000098",4.647172825,4.97399964831709,4.16104276398062,5.78918130029095
"3039",24,"UKENNE_YW_TP000098",NA,4.92140309831202,4.13700328777617,5.70589668875519
"3040",25,"UKENNE_YW_TP000098",4.944262015,5.0469357027542,4.23039547285891,5.86352071835
"3041",26,"UKENNE_YW_TP000098",NA,4.85295247801976,4.06585025768093,5.63815611359121
"3042",27,"UKENNE_YW_TP000098",4.916461056,4.89557607560976,4.08290815389699,5.70882496511014
"3043",28,"UKENNE_YW_TP000098",NA,5.04545412773106,4.25874167694059,5.83077343067243
"3044",29,"UKENNE_YW_TP000098",4.108645918,5.00534337210356,4.19340882206007,5.81732933000734
"3045",30,"UKENNE_YW_TP000098",NA,5.10032110831501,4.31690617925852,5.88593129315154
"3046",31,"UKENNE_YW_TP000098",NA,4.92709154043854,4.06030768040871,5.79368897217826
"3047",32,"UKENNE_YW_TP000098",4.983310427,5.14480841460537,4.36344170650185,5.92640790689643
"3048",33,"UKENNE_YW_TP000098",2.346099083,4.99178017034229,4.19864311795515,5.78695962708762
"3049",34,"UKENNE_YW_TP000098",NA,4.80119280718432,4.0199711113055,5.58361226156057
"3050",35,"UKENNE_YW_TP000098",4.616988962,4.65837039735527,3.84266741365171,5.47307959920856
"3051",36,"UKENNE_YW_TP000098",NA,4.796525759302,4.01562618637896,5.57778904091808
"3052",37,"UKENNE_YW_TP000098",3.363673694,5.01668536974031,4.19847982972254,5.83262281611913
"3053",38,"UKENNE_YW_TP000098",NA,5.15977170376197,4.37841733939733,5.9439200758849
"3054",39,"UKENNE_YW_TP000098",4.62955415,5.58837023830778,4.7753327934978,6.40604937576341
"3055",40,"UKENNE_YW_TP000098",NA,5.44791933515061,4.66517289011265,6.23122862270351
"3056",41,"UKENNE_YW_TP000098",4.449337503,5.52425931741203,4.71242981598203,6.34000081780966
"3057",42,"UKENNE_YW_TP000098",NA,5.40975806906246,4.62821609706709,6.1912541873664
"3058",43,"UKENNE_YW_TP000098",5.279447185,5.40404570733638,4.59554855892435,6.21435621457091
"3059",44,"UKENNE_YW_TP000098",NA,5.25335926701354,4.47082284819554,6.03565124524879
"3060",45,"UKENNE_YW_TP000098",NA,5.30075926200572,4.44634293759218,6.15381219489544
"5851",1,"UKENTH_TWU_TP000014",NA,3.9201703855452,3.064462137102,4.77564752578821
"5852",2,"UKENTH_TWU_TP000014",3.372705821,3.93274649812928,3.14688659028366,4.72061178237054
"5853",3,"UKENTH_TWU_TP000014",NA,4.06760645034818,3.2363380417414,4.89836681774401
"5854",4,"UKENTH_TWU_TP000014",3.919093827,4.14149060120496,3.35116384229345,4.93195612969449
"5855",5,"UKENTH_TWU_TP000014",NA,4.21290294635479,3.35814228705724,5.06928969439254
"5856",6,"UKENTH_TWU_TP000014",3.993905784,4.6244697291802,3.83819337129316,5.41180856201702
"5857",7,"UKENTH_TWU_TP000014",NA,4.42091202453396,3.56376721591695,5.27973271021103
"5858",8,"UKENTH_TWU_TP000014",3.740024228,4.45052142063512,3.66406570361712,5.23846891803126
"5859",9,"UKENTH_TWU_TP000014",NA,4.67037000421602,3.82113358954192,5.51994740414946
"5860",10,"UKENTH_TWU_TP000014",4.004731453,4.76025144767575,3.97431623475162,5.54686344017577
"5861",11,"UKENTH_TWU_TP000014",NA,4.84344535168488,3.99485273222446,5.69379083358791
"5862",12,"UKENTH_TWU_TP000014",3.967141529,4.87203780688927,4.0864732660616,5.65856198403347
"5863",13,"UKENTH_TWU_TP000014",NA,4.82439710372768,3.97452037522471,5.67567761904287
"5864",14,"UKENTH_TWU_TP000014",4.465498942,4.93722331222987,4.15233093497835,5.72270517675844
"5865",15,"UKENTH_TWU_TP000014",NA,4.82232042820354,3.96443838155272,5.68202418757534
"5866",16,"UKENTH_TWU_TP000014",3.975362232,4.83340104351805,4.04578665234226,5.62100824540364
"5867",17,"UKENTH_TWU_TP000014",NA,4.75071042964871,3.89557670570403,5.60789339064324
"5868",18,"UKENTH_TWU_TP000014",4.422067806,4.51331266283511,3.7268547753994,5.29983427414292
"5869",19,"UKENTH_TWU_TP000014",NA,4.61091659611943,3.75192722055382,5.47019059402786
"5870",20,"UKENTH_TWU_TP000014",5.011757266,4.66628804635063,3.8801300648933,5.45250567547814
"5871",21,"UKENTH_TWU_TP000014",NA,4.5857075456614,3.73417953772481,5.43814925189282
"5872",22,"UKENTH_TWU_TP000014",4.318907098,4.48476218619623,3.69775959019195,5.27121383186787
"5873",23,"UKENTH_TWU_TP000014",NA,4.70153931321266,3.85509285075511,5.54818732737496
"5874",24,"UKENTH_TWU_TP000014",NA,4.69169703701815,3.90694625913756,5.47656263379659
"5875",25,"UKENTH_TWU_TP000014",NA,4.73754587084618,3.88442107565567,5.59186433467934
"5876",26,"UKENTH_TWU_TP000014",4.690651191,4.68920141802624,3.90417293240493,5.4742646644097
"5877",27,"UKENTH_TWU_TP000014",NA,4.73881778404693,3.88189016164347,5.59550467604787
"5878",28,"UKENTH_TWU_TP000014",4.41199186,4.7614908836631,3.97583634679443,5.54710328973622
"5879",29,"UKENTH_TWU_TP000014",NA,4.69377563158053,3.83924233632194,5.54895428829376
"5880",30,"UKENTH_TWU_TP000014",3.690253433,4.62737192720249,3.83527958134925,5.41791384703198
"5881",31,"UKENTH_TWU_TP000014",NA,4.51939307622698,3.61587269951784,5.42178992796212
"5882",32,"UKENTH_TWU_TP000014",3.453162545,4.40877221962949,3.6226925357522,5.19527134558175
"5883",33,"UKENTH_TWU_TP000014",NA,4.50961866689936,3.69659029995272,5.32302088920842
"5884",34,"UKENTH_TWU_TP000014",4.544197123,4.31512531615562,3.5220157293138,5.1107420422472
"5885",35,"UKENTH_TWU_TP000014",NA,4.38269057369963,3.52861550240577,5.23634484959026
"5886",36,"UKENTH_TWU_TP000014",3.323060366,4.48046244760605,3.69255935966544,5.26808844650173
"5887",37,"UKENTH_TWU_TP000014",NA,4.74481076492996,3.88757966880928,5.60268510953552
"5888",38,"UKENTH_TWU_TP000014",4.159152179,4.77819226152946,3.99280385392699,5.56373978537608
"5889",39,"UKENTH_TWU_TP000014",NA,5.04188114597924,4.18840345891406,5.89674162431861
"5890",40,"UKENTH_TWU_TP000014",3.973991899,4.88238984033889,4.09744716667497,5.66814788370319
"5891",41,"UKENTH_TWU_TP000014",NA,5.02757342692235,4.16933756207479,5.8877255817057
"5892",42,"UKENTH_TWU_TP000014",4.250696242,5.07832994045489,4.29272712823923,5.86532506376286
"5893",43,"UKENTH_TWU_TP000014",NA,5.0787572073329,4.23231455333152,5.92625945152596
"5894",44,"UKENTH_TWU_TP000014",4.690615041,4.85446058052118,4.06835299713961,5.64231557075834
"5895",45,"UKENTH_TWU_TP000014",NA,5.05924599619338,4.20663293516905,5.91111000998048
"5941",1,"UKENTH_TWU_TP000021",NA,4.68307598336619,3.57407868496883,5.79095620256124
"5942",2,"UKENTH_TWU_TP000021",4.072517563,4.61544319411812,3.55534861549752,5.67549221299734
"5943",3,"UKENTH_TWU_TP000021",NA,4.86833200034233,3.77744713154037,5.95909427601685
"5944",4,"UKENTH_TWU_TP000021",3.658742309,4.97623219030579,3.91351453463416,6.03898238645759
"5945",5,"UKENTH_TWU_TP000021",NA,4.97838394677161,3.87039432500731,6.08677427177859
"5946",6,"UKENTH_TWU_TP000021",5.300252869,5.41457442570076,4.35331677885668,6.47635969492718
"5947",7,"UKENTH_TWU_TP000021",NA,5.26309741604521,4.15197504023746,6.37590307091339
"5948",8,"UKENTH_TWU_TP000021",4.131682786,5.21281872597493,4.14826106872755,6.27729197292938
"5949",9,"UKENTH_TWU_TP000021",NA,5.45222183696084,4.35239322253071,6.55281704668367
"5950",10,"UKENTH_TWU_TP000021",3.775208016,5.5906170087574,4.52570537215,6.65540337830303
"5951",11,"UKENTH_TWU_TP000021",NA,5.63841111114494,4.53717389728139,6.74189859221424
"5952",12,"UKENTH_TWU_TP000021",3.744444775,5.53440808366569,4.46978610274411,6.59860501371196
"5953",13,"UKENTH_TWU_TP000021",NA,5.6011398173014,4.4972557293616,6.70708199814898
"5954",14,"UKENTH_TWU_TP000021",4.795964852,5.7602622906831,4.69894729448735,6.82230868597239
"5955",15,"UKENTH_TWU_TP000021",NA,5.61805810961279,4.50270538794869,6.73541683018869
"5956",16,"UKENTH_TWU_TP000021",4.703574014,5.68302369987333,4.62385941677393,6.74223207312508
"5957",17,"UKENTH_TWU_TP000021",NA,5.55266111978812,4.44028397728893,6.66656433974787
"5958",18,"UKENTH_TWU_TP000021",3.214566771,5.27874821231671,4.2187443516178,6.33846768617724
"5959",19,"UKENTH_TWU_TP000021",NA,5.39472945574762,4.27659238067229,6.51346407126278
"5960",20,"UKENTH_TWU_TP000021",2.87235703,5.40179331670942,4.34204852768774,6.46128522792386
"5961",21,"UKENTH_TWU_TP000021",NA,5.41698286975943,4.30930569173097,6.52543637850049
"5962",22,"UKENTH_TWU_TP000021",3.173387026,5.25839355417389,4.1975577691824,6.31867823278198
"5963",23,"UKENTH_TWU_TP000021",NA,5.51563706255625,4.41264747280485,6.6193473854735
"5964",24,"UKENTH_TWU_TP000021",3.427115977,5.52950652865613,4.46825016988688,6.59040081365507
"5965",25,"UKENTH_TWU_TP000021",NA,5.53379514094572,4.41931977560922,6.64916437996268
"5966",26,"UKENTH_TWU_TP000021",4.021705005,5.50011623452584,4.44030926189683,6.55988063950231
"5967",27,"UKENTH_TWU_TP000021",NA,5.52888294155562,4.41612044187912,6.64211500410329
"5968",28,"UKENTH_TWU_TP000021",3.357064324,5.57802541845268,4.51765472247815,6.63859567094113
"5969",29,"UKENTH_TWU_TP000021",NA,5.48940735320631,4.37557900645147,6.60370176360343
"5970",30,"UKENTH_TWU_TP000021",4.024052914,5.46245927692525,4.40277739800776,6.52230347695574
"5971",31,"UKENTH_TWU_TP000021",NA,5.31873229378226,4.16005500663009,6.47607222254239
"5972",32,"UKENTH_TWU_TP000021",3.817606111,5.24907681783028,4.18232020418349,6.31564700895615
"5973",33,"UKENTH_TWU_TP000021",NA,5.31787163838782,4.23670990822732,6.39976318611289
"5974",34,"UKENTH_TWU_TP000021",3.63851122,5.12177995558,4.05851291167083,6.18523505404026
"5975",35,"UKENTH_TWU_TP000021",NA,5.17539755299212,4.06512937103902,6.28545666162993
"5976",36,"UKENTH_TWU_TP000021",4.162292522,5.31980986623203,4.25917318849872,6.38072392335982
"5977",37,"UKENTH_TWU_TP000021",NA,5.5431406861147,4.42708671386591,6.65945613665296
"5978",38,"UKENTH_TWU_TP000021",4.062665801,5.68312060652972,4.62280679405713,6.74368849111333
"5979",39,"UKENTH_TWU_TP000021",NA,5.85310164854452,4.74425641828254,6.96374109916886
"5980",40,"UKENTH_TWU_TP000021",4.112327426,5.71239362800915,4.65089425204714,6.77372011497928
"5981",41,"UKENTH_TWU_TP000021",NA,5.84103190228515,4.72633132593125,6.95715877267121
"5982",42,"UKENTH_TWU_TP000021",5.211970551,5.85347181897358,4.79266388892765,6.91432487997393
"5983",43,"UKENTH_TWU_TP000021",4.562680715,5.91710577991126,4.81324270998339,7.02235604747023
"5984",44,"UKENTH_TWU_TP000021",NA,5.57526960030407,4.51431234698921,6.63621579691175
"5985",45,"UKENTH_TWU_TP000021",NA,5.86892159358864,4.76528070121493,6.97252198279556
"6076",1,"UKENTH_TWU_TP000052",2.97614197,3.99999599014481,3.14608409501213,4.85366075667703
"6077",2,"UKENTH_TWU_TP000052",NA,4.01680224048947,3.23390729982008,4.80178650372384
"6078",3,"UKENTH_TWU_TP000052",3.432535746,4.1471504127025,3.31787862037855,4.97562432851478
"6079",4,"UKENTH_TWU_TP000052",NA,4.20870311461528,3.42128560102447,4.99554478117123
"6080",5,"UKENTH_TWU_TP000052",4.256411491,4.29143534757516,3.43860426767174,5.14595961498201
"6081",6,"UKENTH_TWU_TP000052",NA,4.70241281055214,3.91958594416944,5.48602813905963
"6082",7,"UKENTH_TWU_TP000052",3.424788399,4.49144084290527,3.63606071519351,5.34804342200511
"6083",8,"UKENTH_TWU_TP000052",NA,4.53776512280617,3.75446790969305,5.32283273341882
"6084",9,"UKENTH_TWU_TP000052",NA,4.74688851855899,3.89950757324992,5.59405045380811
"6085",10,"UKENTH_TWU_TP000052",4.435834235,4.83473350655034,4.05201425563915,5.61817410821874
"6086",11,"UKENTH_TWU_TP000052",3.994158706,4.92030433888929,4.07295150949669,5.76934867812574
"6087",12,"UKENTH_TWU_TP000052",NA,4.96150777453731,4.17902623681429,5.74501800287593
"6088",13,"UKENTH_TWU_TP000052",2.955008199,4.90182042520634,4.05331860869549,5.75150692595141
"6089",14,"UKENTH_TWU_TP000052",NA,5.01389239109519,4.23192943417631,5.79636355858628
"6090",15,"UKENTH_TWU_TP000052",3.588387889,4.89839350791758,4.04237976067586,5.75592615092128
"6091",16,"UKENTH_TWU_TP000052",NA,4.90226418930613,4.11706125466029,5.68652923575769
"6092",17,"UKENTH_TWU_TP000052",4.12041037,4.82712752172726,3.97413899251665,5.6820257588741
"6093",18,"UKENTH_TWU_TP000052",NA,4.60408529671099,3.82141803577769,5.386669255719
"6094",19,"UKENTH_TWU_TP000052",NA,4.69005212904205,3.83320907137854,5.54661105976332
"6095",20,"UKENTH_TWU_TP000052",4.193629299,4.75208402783208,3.96917774436637,5.53467466729349
"6096",21,"UKENTH_TWU_TP000052",4.215805831,4.65837902238348,3.80860523827527,5.50893653303095
"6097",22,"UKENTH_TWU_TP000052",NA,4.55607991721053,3.77112044518522,5.33966926667829
"6098",23,"UKENTH_TWU_TP000052",4.673348939,4.77670817159407,3.93133369799461,5.6220704321173
"6099",24,"UKENTH_TWU_TP000052",NA,4.76559646389139,3.98357405835859,5.5474472716691
"6100",25,"UKENTH_TWU_TP000052",NA,4.81216167245528,3.96106224582229,5.66429993977712
"6101",26,"UKENTH_TWU_TP000052",4.288852076,4.76203119669207,3.97934704715868,5.54430285598001
"6102",27,"UKENTH_TWU_TP000052",2.193900494,4.81553468862081,3.9596950164943,5.67052422065938
"6103",28,"UKENTH_TWU_TP000052",NA,4.83412462690826,4.05069339290379,5.61695986689291
"6104",29,"UKENTH_TWU_TP000052",4.60319709,4.76964499472095,3.91670126134693,5.6231323944542
"6105",30,"UKENTH_TWU_TP000052",NA,4.69394655151049,3.90165327183372,5.48306494223498
"6106",31,"UKENTH_TWU_TP000052",3.989851703,4.58964977695307,3.68392840185973,5.49375129115146
"6107",32,"UKENTH_TWU_TP000052",NA,4.47149761354776,3.68828878649827,5.25504913327222
"6108",33,"UKENTH_TWU_TP000052",3.829729018,4.59043237761509,3.77821091123933,5.40315938679904
"6109",34,"UKENTH_TWU_TP000052",NA,4.38812779884204,3.5980127992549,5.18095617138226
"6110",35,"UKENTH_TWU_TP000052",3.088058227,4.45827616683229,3.60550325405542,5.31025099795144
"6111",36,"UKENTH_TWU_TP000052",NA,4.55645679612136,3.77135607838099,5.34067667404172
"6112",37,"UKENTH_TWU_TP000052",4.555481275,4.82064104314233,3.96553215021009,5.6764261586208
"6113",38,"UKENTH_TWU_TP000052",NA,4.84961696785351,4.06714743342848,5.63196948382636
"6114",39,"UKENTH_TWU_TP000052",4.85099212,5.11539224979054,4.26365948070306,5.96828866095642
"6115",40,"UKENTH_TWU_TP000052",NA,4.96229904649658,4.1801478374352,5.74529272066368
"6116",41,"UKENTH_TWU_TP000052",4.967069514,5.10167293314226,4.24566535482122,5.95955892929394
"6117",42,"UKENTH_TWU_TP000052",NA,5.15591120931666,4.37330978298577,5.93983649514147
"6118",43,"UKENTH_TWU_TP000052",NA,5.15165692994092,4.30630197055273,5.99758202122876
"6119",44,"UKENTH_TWU_TP000052",NA,4.93249766335545,4.14927976508823,5.7176525763356
"6120",45,"UKENTH_TWU_TP000052",NA,5.12935671373541,4.27647083421206,5.98075113703681
"6121",1,"UKENTH_TWU_TP000054",NA,4.00720029644108,3.1473101569166,4.86686425091211
"6122",2,"UKENTH_TWU_TP000054",3.857142316,4.00396209237615,3.20790898384132,4.80353107745393
"6123",3,"UKENTH_TWU_TP000054",NA,4.16242006110703,3.32385433432701,4.99939205314917
"6124",4,"UKENTH_TWU_TP000054",3.276497623,4.25937708110994,3.45900299490666,5.05917599388373
"6125",5,"UKENTH_TWU_TP000054",NA,4.30069439069703,3.44048793284778,5.16272097015725
"6126",6,"UKENTH_TWU_TP000054",4.524515727,4.72257611766217,3.92383017804991,5.5203107558875
"6127",7,"UKENTH_TWU_TP000054",NA,4.53211729515711,3.66941409161978,5.39567805367593
"6128",8,"UKENTH_TWU_TP000054",4.954555814,4.53031402020661,3.731318474358,5.32866060450096
"6129",9,"UKENTH_TWU_TP000054",NA,4.76218807206935,3.90979682634458,5.61392208900518
"6130",10,"UKENTH_TWU_TP000054",4.549804199,4.8628723027001,4.06460188950568,5.66150577089664
"6131",11,"UKENTH_TWU_TP000054",NA,4.9400315984443,4.0858551719137,5.79540974568846
"6132",12,"UKENTH_TWU_TP000054",4.226346829,4.92664718891005,4.1285987098628,5.72668333133069
"6133",13,"UKENTH_TWU_TP000054",NA,4.91306369867852,4.05702174665533,5.76957702983898
"6134",14,"UKENTH_TWU_TP000054",4.813184644,5.05010679554205,4.25125983270123,5.84764416387001
"6135",15,"UKENTH_TWU_TP000054",NA,4.91736042452511,4.05192753269761,5.78378361214777
"6136",16,"UKENTH_TWU_TP000054",4.799150764,4.96365889776881,4.16562341157464,5.76115580392672
"6137",17,"UKENTH_TWU_TP000054",NA,4.84981560419972,3.98759743924525,5.71435577562049
"6138",18,"UKENTH_TWU_TP000054",5.058662091,4.58757151489182,3.78733557646956,5.38527146318396
"6139",19,"UKENTH_TWU_TP000054",NA,4.70175161500584,3.83505091765315,5.56731470342263
"6140",20,"UKENTH_TWU_TP000054",4.325040317,4.72991928654206,3.93174507031991,5.52662433016534
"6141",21,"UKENTH_TWU_TP000054",NA,4.69706415457038,3.83973690917449,5.55605186696279
"6142",22,"UKENTH_TWU_TP000054",4.626576259,4.57964313895865,3.7818240089613,5.37726803158117
"6143",23,"UKENTH_TWU_TP000054",NA,4.80403054175786,3.95102996531756,5.6567823364286
"6144",24,"UKENTH_TWU_TP000054",5.017950943,4.78219787038967,3.98537782352043,5.57924711325161
"6145",25,"UKENTH_TWU_TP000054",NA,4.83529678963311,3.97492133075553,5.69694416350595
"6146",26,"UKENTH_TWU_TP000054",4.813372644,4.79118457954363,3.99413751737045,5.58809268434983
"6147",27,"UKENTH_TWU_TP000054",NA,4.8301620154816,3.96659433499317,5.69166068158628
"6148",28,"UKENTH_TWU_TP000054",4.713521542,4.86934738942643,4.07177309364574,5.66632599318112
"6149",29,"UKENTH_TWU_TP000054",NA,4.79196307030209,3.9307391286332,5.65411003737537
"6150",30,"UKENTH_TWU_TP000054",4.895071006,4.7472859275236,3.94856314744779,5.54431431146327
"6151",31,"UKENTH_TWU_TP000054",NA,4.61770034751188,3.70807665154544,5.52503674188271
"6152",32,"UKENTH_TWU_TP000054",4.721506259,4.52334030546854,3.72401897969989,5.32819870198742
"6153",33,"UKENTH_TWU_TP000054",NA,4.59779343046313,3.77449743646258,5.42092990233646
"6154",34,"UKENTH_TWU_TP000054",5.261926693,4.41852756085351,3.61649953736276,5.22597202313381
"6155",35,"UKENTH_TWU_TP000054",NA,4.47829659071301,3.61796713695831,5.33742612748962
"6156",36,"UKENTH_TWU_TP000054",4.419607547,4.59275540218624,3.79391399526667,5.390183123165
"6157",37,"UKENTH_TWU_TP000054",NA,4.84396921577101,3.97982519187236,5.709393714349
"6158",38,"UKENTH_TWU_TP000054",4.987435523,4.90829919881646,4.1111276550671,5.70509011271666
"6159",39,"UKENTH_TWU_TP000054",NA,5.14343939234523,4.28343511637981,6.00451349151842
"6160",40,"UKENTH_TWU_TP000054",5.257712105,4.98496038314736,4.18810324289364,5.78291114639442
"6161",41,"UKENTH_TWU_TP000054",NA,5.13151079859636,4.26657995486048,5.99907401306522
"6162",42,"UKENTH_TWU_TP000054",5.154620179,5.16603352829308,4.36906638587747,5.96555492425083
"6163",43,"UKENTH_TWU_TP000054",NA,5.18948748019204,4.33667503711481,6.04260085688274
"6164",44,"UKENTH_TWU_TP000054",5.173341971,4.93637536000106,4.13941005413742,5.73702466268182
"6165",45,"UKENTH_TWU_TP000054",NA,5.16077332657432,4.30261249312647,6.0163896124265
"6571",1,"UKENTH_TWU_TP000125",NA,4.10390231610649,3.2545966352184,4.95268315657372
"6572",2,"UKENTH_TWU_TP000125",3.704249776,4.12781789018394,3.34801404912146,4.90958783490921
"6573",3,"UKENTH_TWU_TP000125",NA,4.25208627971984,3.42576909558597,5.07739131844408
"6574",4,"UKENTH_TWU_TP000125",3.753827831,4.30459993013283,3.52097242505411,5.08695918541866
"6575",5,"UKENTH_TWU_TP000125",NA,4.39569962335346,3.54622134774608,5.24651713397033
"6576",6,"UKENTH_TWU_TP000125",4.11310554,4.80567432682472,4.02641993565423,5.58520718805925
"6577",7,"UKENTH_TWU_TP000125",NA,4.59629383114471,3.74363719151413,5.44993811888672
"6578",8,"UKENTH_TWU_TP000125",3.268786576,4.64767450383883,3.86758939120218,5.4292067599944
"6579",9,"UKENTH_TWU_TP000125",NA,4.84775765501512,4.00341083212789,5.69168866349128
"6580",10,"UKENTH_TWU_TP000125",4.250119168,4.9210390601926,4.14113337856068,5.70117455126993
"6581",11,"UKENTH_TWU_TP000125",NA,5.02247794098909,4.17777003785932,5.86884099414408
"6582",12,"UKENTH_TWU_TP000125",2.932020403,5.069756626523,4.29022215645261,5.85037428751604
"6583",13,"UKENTH_TWU_TP000125",NA,5.00768156875779,4.16182038715075,5.85488058793389
"6584",14,"UKENTH_TWU_TP000125",4.545987757,5.12170994535164,4.34253081665212,5.90155313554052
"6585",15,"UKENTH_TWU_TP000125",NA,4.99753022738616,4.1452245171972,5.85124580575448
"6586",16,"UKENTH_TWU_TP000125",4.205955211,5.00484370835541,4.22326776608765,5.78519066180369
"6587",17,"UKENTH_TWU_TP000125",NA,4.92830443588087,4.07852543134783,5.77976847532136
"6588",18,"UKENTH_TWU_TP000125",3.99379909,4.71771538907418,3.9384924743918,5.49680774809345
"6589",19,"UKENTH_TWU_TP000125",NA,4.78863339787281,3.93486148919727,5.64200882583935
"6590",20,"UKENTH_TWU_TP000125",4.96308072,4.8561855345634,4.07656908647983,5.63528211468973
"6591",21,"UKENTH_TWU_TP000125",NA,4.76125942016806,3.91437730702755,5.60881615530244
"6592",22,"UKENTH_TWU_TP000125",3.821092645,4.65510916245137,3.87299422448107,5.43546604382276
"6593",23,"UKENTH_TWU_TP000125",NA,4.87687255439568,4.03400118636273,5.71983292104414
"6594",24,"UKENTH_TWU_TP000125",4.203727641,4.85675495363779,4.07747092110651,5.6355424117936
"6595",25,"UKENTH_TWU_TP000125",NA,4.91717836286587,4.06901822652745,5.76637502405713
"6596",26,"UKENTH_TWU_TP000125",4.04988352,4.87244367555233,4.09321051661077,5.65138077249472
"6597",27,"UKENTH_TWU_TP000125",NA,4.91376030490962,4.06154717850721,5.7650957598101
"6598",28,"UKENTH_TWU_TP000125",4.317919754,4.9369452458777,4.15647136010557,5.71671477819715
"6599",29,"UKENTH_TWU_TP000125",NA,4.86726689671407,4.01727862099,5.71758310351551
"6600",30,"UKENTH_TWU_TP000125",4.174254431,4.79440468975436,4.00565658723909,5.57932903952573
"6601",31,"UKENTH_TWU_TP000125",NA,4.7028150726324,3.80785693168457,5.59643816750555
"6602",32,"UKENTH_TWU_TP000125",3.601862376,4.57213985590577,3.79145019565205,5.35334594159485
"6603",33,"UKENTH_TWU_TP000125",NA,4.69580981661596,3.8853986541048,5.5068201600781
"6604",34,"UKENTH_TWU_TP000125",5.067303267,4.48622542001677,3.70006307480228,5.27441093690935
"6605",35,"UKENTH_TWU_TP000125",NA,4.56044784690253,3.71071789265706,5.4090982483446
"6606",36,"UKENTH_TWU_TP000125",3.465481338,4.66153124144996,3.88024888655061,5.44164040538505
"6607",37,"UKENTH_TWU_TP000125",NA,4.9257576735364,4.07418091754626,5.77778556795507
"6608",38,"UKENTH_TWU_TP000125",5.139668665,4.94876067125086,4.16960020832058,5.72740245505199
"6609",39,"UKENTH_TWU_TP000125",NA,5.21665424920143,4.3683556536481,6.06598094301067
"6610",40,"UKENTH_TWU_TP000125",5.04584258,5.07078907585026,4.29138939652081,5.8509880841593
"6611",41,"UKENTH_TWU_TP000125",NA,5.20535502320757,4.35194599134152,6.06046170658577
"6612",42,"UKENTH_TWU_TP000125",4.566628903,5.25571855874391,4.47627530737629,6.03629692305363
"6613",43,"UKENTH_TWU_TP000125",NA,5.24359319334254,4.4002065200437,6.08709747311945
"6614",44,"UKENTH_TWU_TP000125",5.205024447,5.03418564576742,4.25382559298133,5.8162342267792
"6615",45,"UKENTH_TWU_TP000125",NA,5.23028368531891,4.37928270389169,6.07967365398124
"6616",1,"UKENTH_TWU_TP000126",NA,4.39608287134822,3.55282269111733,5.23853342023574
"6617",2,"UKENTH_TWU_TP000126",2.798675769,4.3826208109298,3.59973907783895,5.16713344754928
"6618",3,"UKENTH_TWU_TP000126",NA,4.57044374158496,3.74622395720995,5.39403737681184
"6619",4,"UKENTH_TWU_TP000126",2.612029596,4.63441746019908,3.8484690110141,5.41849939370354
"6620",5,"UKENTH_TWU_TP000126",NA,4.6866728923127,3.84351371028751,5.53050195310173
"6621",6,"UKENTH_TWU_TP000126",4.343336517,5.11789089766715,4.33146116572227,5.90229813757256
"6622",7,"UKENTH_TWU_TP000126",NA,4.92694274928166,4.08151454579743,5.77354141033784
"6623",8,"UKENTH_TWU_TP000126",4.50889228,4.94378195496816,4.15892017608081,5.72825013303178
"6624",9,"UKENTH_TWU_TP000126",NA,5.13931941621282,4.30383552655209,5.97442274351896
"6625",10,"UKENTH_TWU_TP000126",4.807082461,5.21470789925465,4.42769780573758,5.99985239307777
"6626",11,"UKENTH_TWU_TP000126",NA,5.33277016980611,4.495400803913,6.17107370664346
"6627",12,"UKENTH_TWU_TP000126",4.14114856,5.30373977794732,4.51962619266834,6.08859748334443
"6628",13,"UKENTH_TWU_TP000126",NA,5.30424295063704,4.46519535644198,6.14390919281066
"6629",14,"UKENTH_TWU_TP000126",4.905365145,5.47879931674321,4.69422091003226,6.26289326392812
"6630",15,"UKENTH_TWU_TP000126",NA,5.29740794879099,4.45071450893215,6.14543319093572
"6631",16,"UKENTH_TWU_TP000126",4.793452722,5.37061438558262,4.58699205083089,6.15314754843839
"6632",17,"UKENTH_TWU_TP000126",NA,5.23886354365697,4.39391724409743,6.08536458088333
"6633",18,"UKENTH_TWU_TP000126",5.312142057,5.02713774121261,4.24381198341234,5.80986464883798
"6634",19,"UKENTH_TWU_TP000126",NA,5.08201859996792,4.23295866190004,5.93061686713442
"6635",20,"UKENTH_TWU_TP000126",5.104411568,5.11052988485042,4.32733238330137,5.89318120885983
"6636",21,"UKENTH_TWU_TP000126",NA,5.09471639453815,4.2544214116851,5.93606708249627
"6637",22,"UKENTH_TWU_TP000126",4.674739188,4.94264449401993,4.15765825617487,5.7256260967988
"6638",23,"UKENTH_TWU_TP000126",NA,5.19222439036471,4.35608511874449,6.0283181946163
"6639",24,"UKENTH_TWU_TP000126",4.388953619,5.12995452796436,4.34493831365882,5.91297340025975
"6640",25,"UKENTH_TWU_TP000126",NA,5.22460156149274,4.38137761120295,6.06864674501824
"6641",26,"UKENTH_TWU_TP000126",2.910101873,5.19649396635299,4.4133055680601,5.97966374285721
"6642",27,"UKENTH_TWU_TP000126",NA,5.20544729286838,4.3603033435733,6.04950765888294
"6643",28,"UKENTH_TWU_TP000126",2.765747654,5.25968625608671,4.47536725021575,6.0426257632629
"6644",29,"UKENTH_TWU_TP000126",NA,5.1764136612257,4.33175832037211,6.02147352787429
"6645",30,"UKENTH_TWU_TP000126",2.624982349,5.13305049678008,4.34927374856467,5.9155213254652
"6646",31,"UKENTH_TWU_TP000126",NA,5.01443778576658,4.12562872842515,5.90168724003151
"6647",32,"UKENTH_TWU_TP000126",4.179651914,4.88675878854413,4.09812884794416,5.68080998994122
"6648",33,"UKENTH_TWU_TP000126",NA,5.0019841987821,4.18956900807665,5.81526640107913
"6649",34,"UKENTH_TWU_TP000126",4.856640389,4.79434040812732,4.00811161843619,5.58365604426001
"6650",35,"UKENTH_TWU_TP000126",NA,4.86153746261622,4.01793180671687,5.70404833346745
"6651",36,"UKENTH_TWU_TP000126",4.469483984,5.00694229831554,4.22360947542821,5.79161485236917
"6652",37,"UKENTH_TWU_TP000126",NA,5.24116676521909,4.39397641697404,6.08870591157997
"6653",38,"UKENTH_TWU_TP000126",5.095867904,5.32665394480234,4.54349273724107,6.11018360561527
"6654",39,"UKENTH_TWU_TP000126",NA,5.52841193244681,4.68780997264032,6.36988104977566
"6655",40,"UKENTH_TWU_TP000126",5.261691685,5.41081086315421,4.62660522241279,6.19661743453528
"6656",41,"UKENTH_TWU_TP000126",NA,5.52234314876515,4.67371189530343,6.37251011662909
"6657",42,"UKENTH_TWU_TP000126",5.538322311,5.53029341517833,4.74655617584437,6.31571768960248
"6658",43,"UKENTH_TWU_TP000126",NA,5.55825786560081,4.71908066424514,6.39722675346724
"6659",44,"UKENTH_TWU_TP000126",4.550962273,5.30055821899411,4.51645683762951,6.08552268610241
"6660",45,"UKENTH_TWU_TP000126",NA,5.53031331704707,4.68546788264837,6.37285163083836
"136",1,"UKENAN_AW_TP000050",NA,4.31515297093891,3.46046371667458,5.17015404953853
"137",2,"UKENAN_AW_TP000050",4.897693102,4.26380432871552,3.46476222054763,5.06261363346879
"138",3,"UKENAN_AW_TP000050",NA,4.52488628959343,3.68724119837797,5.36399917611492
"139",4,"UKENAN_AW_TP000050",4.832915852,4.57069820049374,3.7715560279905,5.36981149971054
"140",5,"UKENAN_AW_TP000050",NA,4.60878220226937,3.75890406696795,5.45981511230602
"141",6,"UKENAN_AW_TP000050",4.721391894,5.05842731998985,4.25760683061923,5.86014861838486
"142",7,"UKENAN_AW_TP000050",NA,4.82653370710225,3.97488226408434,5.68002547302956
"143",8,"UKENAN_AW_TP000050",5.292221938,4.87820306177566,4.07819536095742,5.67786776292953
"144",9,"UKENAN_AW_TP000050",NA,5.02762578161494,4.18121683142904,5.87427665553769
"145",10,"UKENAN_AW_TP000050",4.155512852,5.12978472042784,4.33081435784747,5.92872215670224
"146",11,"UKENAN_AW_TP000050",NA,5.25776995243465,4.41022526975095,6.10676148207863
"147",12,"UKENAN_AW_TP000050",5.065095524,5.12145470830214,4.32236057734826,5.92015160956057
"148",13,"UKENAN_AW_TP000050",NA,5.22593170365162,4.37655864114381,6.07699480983264
"149",14,"UKENAN_AW_TP000050",5.88115928,5.43253198931931,4.6322440895443,6.23383268246182
"150",15,"UKENAN_AW_TP000050",NA,5.19092860906674,4.33810137968337,6.04584164747947
"151",16,"UKENAN_AW_TP000050",5.696996406,5.33701249465352,4.53845910252414,6.13692955977525
"152",17,"UKENAN_AW_TP000050",NA,5.1475169405812,4.29692454503214,6.00015225372666
"153",18,"UKENAN_AW_TP000050",5.196838841,5.04320734184497,4.24518031553896,5.84405252038979
"154",19,"UKENAN_AW_TP000050",NA,4.96704539993502,4.11249256195515,5.82209892686384
"155",20,"UKENAN_AW_TP000050",5.769608556,5.00621593557072,4.20855102474869,5.80712810980117
"156",21,"UKENAN_AW_TP000050",NA,5.01333874588402,4.16558581648548,5.8626111808277
"157",22,"UKENAN_AW_TP000050",5.108007771,4.87008621444064,4.07137110673406,5.66857993263512
"158",23,"UKENAN_AW_TP000050",NA,5.10005312666415,4.25526759887535,5.94578933866504
"159",24,"UKENAN_AW_TP000050",5.832983137,5.01162088888858,4.21289225843013,5.8097462200571
"160",25,"UKENAN_AW_TP000050",NA,5.12884884372523,4.28186121627117,5.97677988959504
"161",26,"UKENAN_AW_TP000050",4.816893515,5.09622463173849,4.29759048662099,5.89478325008287
"162",27,"UKENAN_AW_TP000050",NA,5.09881488065873,4.24857255703453,5.94892638299889
"163",28,"UKENAN_AW_TP000050",5.920946011,5.17837771274274,4.37885003800915,5.97711601285911
"164",29,"UKENAN_AW_TP000050",NA,5.08804933321372,4.23942746160942,5.93730868611639
"165",30,"UKENAN_AW_TP000050",5.516945447,5.04090749938119,4.24279344341651,5.83994389311506
"166",31,"UKENAN_AW_TP000050",NA,4.92901175189739,4.04387105997445,5.81361760053477
"167",32,"UKENAN_AW_TP000050",6.064806948,4.71726375369191,3.91392523472461,5.5224362196553
"168",33,"UKENAN_AW_TP000050",NA,4.90126364677854,4.07331539695098,5.72986639184106
"169",34,"UKENAN_AW_TP000050",6.077370959,4.65683684362476,3.85687603809234,5.45791005167386
"170",35,"UKENAN_AW_TP000050",NA,4.76095803199526,3.91132084358552,5.61025003608213
"171",36,"UKENAN_AW_TP000050",4.730940126,4.8256495546703,4.02787198134355,5.62414107019282
"172",37,"UKENAN_AW_TP000050",NA,5.15894789736239,4.30667763324529,6.01164070974693
"173",38,"UKENAN_AW_TP000050",5.528363757,5.22970449289842,4.43111946402852,6.02818398751055
"174",39,"UKENAN_AW_TP000050",NA,5.43649176413884,4.58837380763399,6.28558921390911
"175",40,"UKENAN_AW_TP000050",5.792439746,5.28352787726508,4.48204869093803,6.08457835810417
"176",41,"UKENAN_AW_TP000050",NA,5.44312650375311,4.58856788912797,6.29917062509998
"177",42,"UKENAN_AW_TP000050",5.651528593,5.30236827019579,4.5021107251682,6.10206676330397
"178",43,"UKENAN_AW_TP000050",NA,5.43627376354162,4.58664460233542,6.28544742042919
"179",44,"UKENAN_AW_TP000050",3.053906262,5.18265067141035,4.38250710393317,5.98254125522021
"180",45,"UKENAN_AW_TP000050",NA,5.40192736690478,4.54503526885881,6.25738137819815
"5536",1,"UKENSW_WXW_TP000005",NA,4.45978027300556,3.54260352420162,5.37783015681062
"5537",2,"UKENSW_WXW_TP000005",4.729654876,4.40990753317512,3.53900765576678,5.28280903066627
"5538",3,"UKENSW_WXW_TP000005",NA,4.70981666238409,3.80999007260694,5.6096302519565
"5539",4,"UKENSW_WXW_TP000005",5.462411531,4.64162032742766,3.7694043526205,5.51616483393282
"5540",5,"UKENSW_WXW_TP000005",NA,4.80222708161189,3.89244015084527,5.71440165233574
"5541",6,"UKENSW_WXW_TP000005",5.485437434,4.95408482834947,4.08391470386194,5.82511878734957
"5542",7,"UKENSW_WXW_TP000005",NA,4.91636300085839,4.00404192530033,5.82960779651352
"5543",8,"UKENSW_WXW_TP000005",4.921169482,4.91338998592206,4.04318279435757,5.78468294058396
"5544",9,"UKENSW_WXW_TP000005",NA,5.15573491593474,4.24268103005104,6.06918015589026
"5545",10,"UKENSW_WXW_TP000005",6.417367418,5.36892584726469,4.49642536112052,6.24108781300218
"5546",11,"UKENSW_WXW_TP000005",NA,5.40043823334009,4.49127545865148,6.31104776842758
"5547",12,"UKENSW_WXW_TP000005",5.911387071,5.39976859127499,4.52727094919021,6.27241060817427
"5548",13,"UKENSW_WXW_TP000005",NA,5.2784232297166,4.36126761552559,6.19618583434174
"5549",14,"UKENSW_WXW_TP000005",5.073329736,5.23328103417323,4.36213986976125,6.10562374525517
"5550",15,"UKENSW_WXW_TP000005",NA,5.31682572941848,4.40558275283395,6.23044743411487
"5551",16,"UKENSW_WXW_TP000005",6.166123028,5.49067625556026,4.61963817924528,6.36351662491417
"5552",17,"UKENSW_WXW_TP000005",NA,5.2815562799468,4.37332028190117,6.19253603752712
"5553",18,"UKENSW_WXW_TP000005",5.694308398,5.11366263917662,4.24295553952331,5.98569717137226
"5554",19,"UKENSW_WXW_TP000005",NA,5.08438042469243,4.17350195278532,5.99605011025828
"5555",20,"UKENSW_WXW_TP000005",5.264436408,5.21799917738821,4.34791037763649,6.089923228376
"5556",21,"UKENSW_WXW_TP000005",NA,5.16608090094546,4.25675231839881,6.07568055498395
"5557",22,"UKENSW_WXW_TP000005",5.684147528,5.11016671630655,4.23990254913698,5.9820891306459
"5558",23,"UKENSW_WXW_TP000005",NA,5.29609209816305,4.39007106577394,6.20237414408702
"5559",24,"UKENSW_WXW_TP000005",5.685741999,5.39259048408972,4.5218106470552,6.26445336506499
"5560",25,"UKENSW_WXW_TP000005",NA,5.24138555125677,4.33408035674035,6.14925810057088
"5561",26,"UKENSW_WXW_TP000005",5.4262334,5.09259805550747,4.22068841752824,5.96232783550716
"5562",27,"UKENSW_WXW_TP000005",NA,5.1265452947158,4.21679296230488,6.03601588351571
"5563",28,"UKENSW_WXW_TP000005",5.178558337,5.22137007023783,4.35034887930007,6.09113559539945
"5564",29,"UKENSW_WXW_TP000005",NA,5.19857480209299,4.29263378407222,6.10468030935523
"5565",30,"UKENSW_WXW_TP000005",5.362323562,5.15287765543454,4.28309000191404,6.02440619389582
"5566",31,"UKENSW_WXW_TP000005",NA,5.07431223385874,4.1408664160227,6.00741945911323
"5567",32,"UKENSW_WXW_TP000005",5.355891138,5.18909499236923,4.31558024157994,6.0645072581592
"5568",33,"UKENSW_WXW_TP000005",NA,5.02359993327008,4.1297642683751,5.91727664993389
"5569",34,"UKENSW_WXW_TP000005",5.490448921,4.95567458758691,4.08586665644271,5.82759868137178
"5570",35,"UKENSW_WXW_TP000005",NA,4.83822038546742,3.93005334314868,5.74741870526715
"5571",36,"UKENSW_WXW_TP000005",5.641982682,4.71844228705861,3.8451874369828,5.58958320539326
"5572",37,"UKENSW_WXW_TP000005",NA,5.34448893330197,4.4355656636014,6.2544025336987
"5573",38,"UKENSW_WXW_TP000005",5.292398221,5.23934544203748,4.36806192059528,6.11080745485268
"5574",39,"UKENSW_WXW_TP000005",NA,5.55070636347122,4.64426801711643,6.45854131148357
"5575",40,"UKENSW_WXW_TP000005",5.838942358,5.46748569199127,4.5972911687257,6.33975278941199
"5576",41,"UKENSW_WXW_TP000005",NA,5.57878276491657,4.6706815647626,6.48771290492242
"5577",42,"UKENSW_WXW_TP000005",5.777003046,5.37546436515396,4.50455290407642,6.2465785006038
"5578",43,"UKENSW_WXW_TP000005",NA,5.55969157631729,4.65929264571915,6.46141371122326
"5579",44,"UKENSW_WXW_TP000005",6.179185601,5.3362627487496,4.46543144216664,6.20699465193695
"5580",45,"UKENSW_WXW_TP000005",NA,5.40952436519159,4.48746502823312,6.33123021861565
"2521",1,"UKENNE_NU_TP000051",NA,4.43811310430553,3.53925330494094,5.33746671379342
"2522",2,"UKENNE_NU_TP000051",4.912985273,4.34913333793785,3.486990146731,5.21140491043177
"2523",3,"UKENNE_NU_TP000051",4.705288235,4.64112004278631,3.76984929391215,5.51313174795559
"2524",4,"UKENNE_NU_TP000051",NA,4.75017138623632,3.87846264319228,5.62291766934023
"2525",5,"UKENNE_NU_TP000051",NA,4.86775578656311,3.97884723344009,5.75807124093473
"2526",6,"UKENNE_NU_TP000051",5.538569139,4.80962866544856,3.94674156124439,5.67424020760279
"2527",7,"UKENNE_NU_TP000051",NA,4.89330956007797,3.99873428952326,5.78954684367465
"2528",8,"UKENNE_NU_TP000051",4.727429466,4.91262874167322,4.05293853602338,5.7739606469765
"2529",9,"UKENNE_NU_TP000051",NA,5.06376355568955,4.17152370522961,5.9574915673566
"2530",10,"UKENNE_NU_TP000051",4.813834236,5.13188575449607,4.27095990438876,5.99365494670574
"2531",11,"UKENNE_NU_TP000051",NA,5.34132919763137,4.45191051292422,6.23221526858218
"2532",12,"UKENNE_NU_TP000051",5.611156238,5.43719413033581,4.57784670385589,6.29803816464381
"2533",13,"UKENNE_NU_TP000051",NA,5.32465518098789,4.43593324606457,6.21529299770737
"2534",14,"UKENNE_NU_TP000051",6.208434329,5.39913777085314,4.54053218902895,6.25864535900378
"2535",15,"UKENNE_NU_TP000051",NA,5.31512591097111,4.42712941965623,6.20507476298185
"2536",16,"UKENNE_NU_TP000051",5.585677846,5.471764117634,4.61237417822699,6.3330274505579
"2537",17,"UKENNE_NU_TP000051",NA,5.3670200123255,4.47976752809527,6.25585292673987
"2538",18,"UKENNE_NU_TP000051",5.193000839,5.30436439790561,4.4442901133474,6.16612899040449
"2539",19,"UKENNE_NU_TP000051",NA,5.12463608834258,4.23595462712247,6.01523681709508
"2540",20,"UKENNE_NU_TP000051",5.693474379,5.09120054293722,4.23117308328625,5.95153195189835
"2541",21,"UKENNE_NU_TP000051",NA,5.15579906957364,4.26898886377967,6.04407309502346
"2542",22,"UKENNE_NU_TP000051",5.603358274,5.16799318259661,4.30858774714055,6.02874724615044
"2543",23,"UKENNE_NU_TP000051",NA,5.23568413869762,4.34950316875913,6.12428512704016
"2544",24,"UKENNE_NU_TP000051",5.345498623,5.20000762192363,4.34113729740079,6.06050248473894
"2545",25,"UKENNE_NU_TP000051",NA,5.28150895689629,4.39378561998627,6.17021591128423
"2546",26,"UKENNE_NU_TP000051",5.017589204,5.19479534493224,4.33458331164273,6.05602994960347
"2547",27,"UKENNE_NU_TP000051",NA,5.14789075768144,4.26742676899918,6.02970732831295
"2548",28,"UKENNE_NU_TP000051",4.483677445,5.37486315852439,4.51668256386877,6.23369192564825
"2549",29,"UKENNE_NU_TP000051",NA,5.21900838888677,4.34030712291954,6.09890187401067
"2550",30,"UKENNE_NU_TP000051",5.148772699,5.13630688326519,4.27752356594035,5.99367062912881
"2551",31,"UKENNE_NU_TP000051",NA,5.1211139376061,4.2114358324066,6.03165270810498
"2552",32,"UKENNE_NU_TP000051",5.65711866,5.22458516759683,4.3653289981485,6.08293111159307
"2553",33,"UKENNE_NU_TP000051",NA,5.05263316008784,4.18110490062317,5.92459996080916
"2554",34,"UKENNE_NU_TP000051",5.675064481,5.01224292860247,4.15295878605073,5.87102752815721
"2555",35,"UKENNE_NU_TP000051",NA,4.90535361004314,4.02311788717875,5.78713138134713
"2556",36,"UKENNE_NU_TP000051",5.581010738,5.0074533941341,4.14842155065535,5.86560424092485
"2557",37,"UKENNE_NU_TP000051",NA,5.30696900255843,4.42495365408505,6.19030886849112
"2558",38,"UKENNE_NU_TP000051",3.203879475,5.08614688711963,4.22351850352011,5.94792281734179
"2559",39,"UKENNE_NU_TP000051",NA,5.64481179366335,4.76408651102329,6.52620520532254
"2560",40,"UKENNE_NU_TP000051",5.396058301,5.63589255074574,4.77608404001593,6.49569809914524
"2561",41,"UKENNE_NU_TP000051",NA,5.61382860792146,4.73336498088523,6.49480062825693
"2562",42,"UKENNE_NU_TP000051",5.900587622,5.65836514743122,4.79828536942872,6.51780353526675
"2563",43,"UKENNE_NU_TP000051",NA,5.57877518256282,4.70034562682047,6.45784263709422
"2564",44,"UKENNE_NU_TP000051",5.08712781,5.55544480667894,4.69631264359476,6.41500659017921
"2565",45,"UKENNE_NU_TP000051",NA,5.38162782203775,4.4771207684265,6.28507796477348
"5896",1,"UKENTH_TWU_TP000015",NA,3.99484985993987,3.08405060643825,4.90578789033635
"5897",2,"UKENTH_TWU_TP000015",4.533701796,3.91501490793755,3.05009379854724,4.78243271590343
"5898",3,"UKENTH_TWU_TP000015",NA,4.22417781973642,3.33145752617693,5.11742642450239
"5899",4,"UKENTH_TWU_TP000015",4.920774112,4.10472560870215,3.23823751226239,4.97208718614298
"5900",5,"UKENTH_TWU_TP000015",NA,4.39623465287997,3.49138035920211,5.30329026356938
"5901",6,"UKENTH_TWU_TP000015",5.291188143,4.60704184104536,3.74141993190969,5.47274609951369
"5902",7,"UKENTH_TWU_TP000015",NA,4.45491299228319,3.54683422843626,5.36385750024897
"5903",8,"UKENTH_TWU_TP000015",4.54535395,4.52411567628714,3.65886395289855,5.39053709152089
"5904",9,"UKENTH_TWU_TP000015",NA,4.72017057876843,3.81195203750507,5.62931564981086
"5905",10,"UKENTH_TWU_TP000015",5.207189816,4.8624997045086,3.99845321464752,5.72732191612772
"5906",11,"UKENTH_TWU_TP000015",NA,4.86861616072896,3.9681914128373,5.77095389207554
"5907",12,"UKENTH_TWU_TP000015",5.074133979,4.76126455718579,3.89303988755622,5.62880479815565
"5908",13,"UKENTH_TWU_TP000015",NA,4.72285703850254,3.82019745797877,5.6262002663675
"5909",14,"UKENTH_TWU_TP000015",5.275729652,4.96752936749566,4.10237334245968,5.83298523761868
"5910",15,"UKENTH_TWU_TP000015",NA,4.82608854819741,3.91844088545488,5.73527015037209
"5911",16,"UKENTH_TWU_TP000015",5.063791443,4.87351188146784,4.00904680842782,5.73846834627441
"5912",17,"UKENTH_TWU_TP000015",NA,4.83786738353877,3.93285787447567,5.74473773259954
"5913",18,"UKENTH_TWU_TP000015",4.069552244,4.69896351567296,3.8352935519203,5.56418841874052
"5914",19,"UKENTH_TWU_TP000015",NA,4.672832340989,3.75455086861797,5.59175665796603
"5915",20,"UKENTH_TWU_TP000015",4.74909116,4.8431107009651,3.97894382954052,5.70722472435069
"5916",21,"UKENTH_TWU_TP000015",NA,4.70378333731707,3.80108856429676,5.60780735454001
"5917",22,"UKENTH_TWU_TP000015",5.427977514,4.50275229218225,3.63750772250833,5.36806107543149
"5918",23,"UKENTH_TWU_TP000015",NA,4.88764729986109,3.98614789425311,5.79082846527883
"5919",24,"UKENTH_TWU_TP000015",5.538265927,4.83540918166661,3.9682905649137,5.70281761823598
"5920",25,"UKENTH_TWU_TP000015",NA,4.80428735551605,3.8918410919228,5.71784463825498
"5921",26,"UKENTH_TWU_TP000015",4.413028395,4.71194728178072,3.84866232034198,5.57646441776018
"5922",27,"UKENTH_TWU_TP000015",NA,4.54506710650068,3.63734367142686,5.4516761645331
"5923",28,"UKENTH_TWU_TP000015",5.514537317,4.72911963464294,3.86508153647256,5.59431951649915
"5924",29,"UKENTH_TWU_TP000015",NA,4.78148058392685,3.87686941514628,5.6879475923801
"5925",30,"UKENTH_TWU_TP000015",4.779730197,4.59799878913004,3.73367214932175,5.46352419456025
"5926",31,"UKENTH_TWU_TP000015",NA,4.59061549138236,3.64494915369421,5.53563649055413
"5927",32,"UKENTH_TWU_TP000015",5.011385329,4.53419341892684,3.66743372812997,5.4026951249271
"5928",33,"UKENTH_TWU_TP000015",4.27179876,4.67304012274327,3.78767226903757,5.55972878384838
"5929",34,"UKENTH_TWU_TP000015",NA,4.61411441321081,3.74689658160788,5.4843419125703
"5930",35,"UKENTH_TWU_TP000015",NA,4.36617969024149,3.46110924018179,5.27109122262755
"5931",36,"UKENTH_TWU_TP000015",4.471137275,4.47000370325612,3.60471642577917,5.33531241547352
"5932",37,"UKENTH_TWU_TP000015",NA,4.94020077810423,4.03334782218203,5.84875185112279
"5933",38,"UKENTH_TWU_TP000015",4.669684964,4.92710219743104,4.06228893983096,5.79244621449068
"5934",39,"UKENTH_TWU_TP000015",NA,5.16685427098359,4.26233450833054,6.07392041659573
"5935",40,"UKENTH_TWU_TP000015",4.682050968,5.05191850183263,4.18764292125625,5.91718244049813
"5936",41,"UKENTH_TWU_TP000015",NA,5.17938914071978,4.27379437207666,6.0872244934513
"5937",42,"UKENTH_TWU_TP000015",5.464174453,5.13339677117448,4.26833793906351,5.9989854478906
"5938",43,"UKENTH_TWU_TP000015",NA,5.11493696406947,4.21085889034019,6.02006538102699
"5939",44,"UKENTH_TWU_TP000015",5.085423721,4.92881244300683,4.06313858193423,5.79704848356609
"5940",45,"UKENTH_TWU_TP000015",NA,4.99279657059023,4.07231260476088,5.91295085494693
"5986",1,"UKENTH_TWU_TP000033",NA,4.29231156264636,3.3780554564531,5.20608968806531
"5987",2,"UKENTH_TWU_TP000033",3.377917795,4.16403624256428,3.30326015796567,5.02654880893931
"5988",3,"UKENTH_TWU_TP000033",NA,4.53300270265158,3.64089280524291,5.42487289365012
"5989",4,"UKENTH_TWU_TP000033",5.209623851,4.4123544789383,3.55019077683262,5.27424602345515
"5990",5,"UKENTH_TWU_TP000033",NA,4.6428203723688,3.73405417243714,5.55306863245392
"5991",6,"UKENTH_TWU_TP000033",4.744120977,4.76723174578041,3.89981803724939,5.62959423635316
"5992",7,"UKENTH_TWU_TP000033",NA,4.77731591163006,3.8661978824465,5.68885618287139
"5993",8,"UKENTH_TWU_TP000033",4.391652521,4.80867235575062,3.94907180926494,5.66919956477826
"5994",9,"UKENTH_TWU_TP000033",NA,5.01871143785752,4.11430470770427,5.92312897978481
"5995",10,"UKENTH_TWU_TP000033",5.13722822,5.2710351657671,4.41119538679935,6.13225833034177
"5996",11,"UKENTH_TWU_TP000033",NA,5.1773943506077,4.27450198837877,6.08191816956566
"5997",12,"UKENTH_TWU_TP000033",4.563494575,5.14993298506837,4.28953551348662,6.01040984722545
"5998",13,"UKENTH_TWU_TP000033",NA,5.06861930480577,4.16240723924868,5.97597309158774
"5999",14,"UKENTH_TWU_TP000033",5.684627108,5.27153405253683,4.4126714789989,6.13083528579555
"6000",15,"UKENTH_TWU_TP000033",NA,5.15776272976968,4.24787844244488,6.06903310536377
"6001",16,"UKENTH_TWU_TP000033",5.453979942,5.30402007636284,4.44441531464014,6.16795516365568
"6002",17,"UKENTH_TWU_TP000033",NA,5.13349263872396,4.22524386817601,6.04375427680887
"6003",18,"UKENTH_TWU_TP000033",5.047208762,4.96841665983643,4.10998771987889,5.82796319613807
"6004",19,"UKENTH_TWU_TP000033",NA,4.949166550542,4.03488492406026,5.86275083505998
"6005",20,"UKENTH_TWU_TP000033",NA,5.11604821686659,4.25715454077724,5.97516024111456
"6006",21,"UKENTH_TWU_TP000033",NA,4.99769022751839,4.09230749070161,5.90378666942483
"6007",22,"UKENTH_TWU_TP000033",NA,4.75004689433851,3.88660170090632,5.61026603722236
"6008",23,"UKENTH_TWU_TP000033",5.147266715,5.17731194277642,4.27355863414947,6.08057463982185
"6009",24,"UKENTH_TWU_TP000033",4.886714995,5.1390898409878,4.27820549187533,6.00100203147573
"6010",25,"UKENTH_TWU_TP000033",NA,5.09295196799695,4.18828270483849,5.99830591309647
"6011",26,"UKENTH_TWU_TP000033",4.52152913,4.9431412277087,4.08171541960413,5.80336912698039
"6012",27,"UKENTH_TWU_TP000033",NA,4.9250731980001,4.01719231337795,5.83314853762994
"6013",28,"UKENTH_TWU_TP000033",4.882467458,5.06212168374043,4.2032974194118,5.92364730066769
"6014",29,"UKENTH_TWU_TP000033",NA,5.03895625599189,4.13152104867548,5.94749374810929
"6015",30,"UKENTH_TWU_TP000033",4.167668933,4.9293581857491,4.07046098193684,5.791248537476
"6016",31,"UKENTH_TWU_TP000033",NA,4.87757717572943,3.92033723006037,5.83267503380328
"6017",32,"UKENTH_TWU_TP000033",NA,4.89604944487659,4.02244412475469,5.77312317388204
"6018",33,"UKENTH_TWU_TP000033",5.156295505,4.96724263187268,4.09571716552483,5.83990877824881
"6019",34,"UKENTH_TWU_TP000033",3.728524495,4.83681060283846,3.97744421903897,5.6973668143432
"6020",35,"UKENTH_TWU_TP000033",NA,4.70197219993155,3.79512065834321,5.60924720275779
"6021",36,"UKENTH_TWU_TP000033",4.800259251,4.80764652015083,3.94891033001063,5.66806329706448
"6022",37,"UKENTH_TWU_TP000033",NA,5.20932612159664,4.29890385039858,6.12036789453659
"6023",38,"UKENTH_TWU_TP000033",5.535982984,5.11783195191618,4.25634784471952,5.9768045751099
"6024",39,"UKENTH_TWU_TP000033",NA,5.45655795086926,4.55109455548301,6.36276681033202
"6025",40,"UKENTH_TWU_TP000033",NA,5.28342222346563,4.42445986097497,6.14270634784683
"6026",41,"UKENTH_TWU_TP000033",NA,5.4634490786085,4.55418796226325,6.37397885765578
"6027",42,"UKENTH_TWU_TP000033",5.78563861,5.42636718642996,4.56723859431043,6.28560918468808
"6028",43,"UKENTH_TWU_TP000033",NA,5.42438238264845,4.52789924610589,6.32152579896127
"6029",44,"UKENTH_TWU_TP000033",NA,5.23515341843137,4.37413424148529,6.0990098111346
"6030",45,"UKENTH_TWU_TP000033",5.542301291,5.30100852180127,4.39759433580621,6.20423527328235
"6031",1,"UKENTH_TWU_TP000050",NA,4.25013251523908,3.35471770073393,5.14504413751634
"6032",2,"UKENTH_TWU_TP000050",4.138199744,4.13231080574929,3.273983773629,4.99260436500808
"6033",3,"UKENTH_TWU_TP000050",NA,4.46208091410486,3.58439914611886,5.3397359653486
"6034",4,"UKENTH_TWU_TP000050",4.747094043,4.36208593495718,3.50238872234294,5.22272210172742
"6035",5,"UKENTH_TWU_TP000050",NA,4.61096055018122,3.72125221020795,5.50231332340247
"6036",6,"UKENTH_TWU_TP000050",4.79456197,4.78199676237108,3.92205587290115,5.64032762123496
"6037",7,"UKENTH_TWU_TP000050",NA,4.67392696219098,3.78021859323249,5.56807954577815
"6038",8,"UKENTH_TWU_TP000050",4.723244815,4.71742638510227,3.85952652131826,5.57574660850054
"6039",9,"UKENTH_TWU_TP000050",NA,4.94744961698829,4.05613387489928,5.83875718784279
"6040",10,"UKENTH_TWU_TP000050",5.064254974,5.10248879605343,4.24473365846087,5.96019435898587
"6041",11,"UKENTH_TWU_TP000050",NA,5.09265507568731,4.20573160027505,5.98121346227892
"6042",12,"UKENTH_TWU_TP000050",4.45059162,5.10088592728245,4.24257647407616,5.95904311009755
"6043",13,"UKENTH_TWU_TP000050",NA,4.99323871444788,4.10528916869384,5.88205964081587
"6044",14,"UKENTH_TWU_TP000050",5.463779994,5.13383888932571,4.2756467163722,5.99125813342874
"6045",15,"UKENTH_TWU_TP000050",NA,5.0711125507186,4.1811777492839,5.96231376816371
"6046",16,"UKENTH_TWU_TP000050",5.37261611,5.0954121671825,4.23722029889047,5.95373987117447
"6047",17,"UKENTH_TWU_TP000050",NA,5.05358184628777,4.1649572510704,5.94346539422673
"6048",18,"UKENTH_TWU_TP000050",4.908452854,4.91846335919164,4.06085661115356,5.77665989499577
"6049",19,"UKENTH_TWU_TP000050",NA,4.90198113424812,4.00539421209623,5.7986204959328
"6050",20,"UKENTH_TWU_TP000050",4.733577254,5.0919599078102,4.23091725487716,5.95133887761677
"6051",21,"UKENTH_TWU_TP000050",NA,4.89647564550617,4.00903505409759,5.78424192014156
"6052",22,"UKENTH_TWU_TP000050",4.449332637,4.76558877980876,3.90674183280398,5.62319192543704
"6053",23,"UKENTH_TWU_TP000050",NA,5.09631206850603,4.21038661824179,5.98271057602587
"6054",24,"UKENTH_TWU_TP000050",5.594355055,5.04038512380611,4.18100892490536,5.89899729989753
"6055",25,"UKENTH_TWU_TP000050",NA,5.02163449319926,4.12976411687812,5.91404749475852
"6056",26,"UKENTH_TWU_TP000050",4.319669205,4.92418617228954,4.06653228919155,5.78175210342643
"6057",27,"UKENTH_TWU_TP000050",NA,4.82769371279923,3.93789326957625,5.71692949695834
"6058",28,"UKENTH_TWU_TP000050",5.276039635,4.95759308323056,4.09962045692567,5.81650483915115
"6059",29,"UKENTH_TWU_TP000050",NA,4.98010847413178,4.09191692461715,5.86905625839181
"6060",30,"UKENTH_TWU_TP000050",5.748334236,4.87591252692711,4.01808092416745,5.73528098460472
"6061",31,"UKENTH_TWU_TP000050",NA,4.8157350213774,3.88455316564917,5.74543491557432
"6062",32,"UKENTH_TWU_TP000050",5.255090245,4.80813223735009,3.94831729869836,5.67026979126484
"6063",33,"UKENTH_TWU_TP000050",NA,4.88468654498244,4.01397034517899,5.75584258177232
"6064",34,"UKENTH_TWU_TP000050",5.012902681,4.78426204980244,3.92418676147628,5.64603680355188
"6065",35,"UKENTH_TWU_TP000050",NA,4.60812781070062,3.71849410167813,5.49695692409591
"6066",36,"UKENTH_TWU_TP000050",5.378319617,4.68622279682788,3.8279783997637,5.54369462100256
"6067",37,"UKENTH_TWU_TP000050",NA,5.14894945464943,4.25894720451436,6.0396378028662
"6068",38,"UKENTH_TWU_TP000050",5.580995122,5.09023613357753,4.23103805196635,5.9481007649464
"6069",39,"UKENTH_TWU_TP000050",NA,5.38191115931417,4.49435841885912,6.2700641271538
"6070",40,"UKENTH_TWU_TP000050",3.447094187,5.24431524651306,4.38647052907225,6.10318884997591
"6071",41,"UKENTH_TWU_TP000050",NA,5.37602223223385,4.4869588133252,6.26637310905681
"6072",42,"UKENTH_TWU_TP000050",5.434722278,5.34015796130112,4.4815976530364,6.19826069358939
"6073",43,"UKENTH_TWU_TP000050",NA,5.32019799973846,4.43303263650902,6.20782105058841
"6074",44,"UKENTH_TWU_TP000050",5.615590988,5.1466863138026,4.2887528746451,6.00666974899399
"6075",45,"UKENTH_TWU_TP000050",NA,5.2074736635654,4.3030040481863,6.11111758158617
"6166",1,"UKENTH_TWU_TP000073",4.29831765,4.2744261526991,3.36838674096653,5.18057194226929
"6167",2,"UKENTH_TWU_TP000073",3.610817236,4.14931972080388,3.28985881306974,5.01000134068228
"6168",3,"UKENTH_TWU_TP000073",NA,4.51215405483396,3.62658425345095,5.39749651062152
"6169",4,"UKENTH_TWU_TP000073",4.929519288,4.39286963331698,3.53222917527582,5.25335502793294
"6170",5,"UKENTH_TWU_TP000073",NA,4.63602390498167,3.73535928728398,5.537613423025
"6171",6,"UKENTH_TWU_TP000073",4.232178755,4.78713986180748,3.92498709703687,5.64685928392841
"6172",7,"UKENTH_TWU_TP000073",NA,4.73991554579437,3.8363542951835,5.64386264871253
"6173",8,"UKENTH_TWU_TP000073",5.047347249,4.78090588651604,3.92203002839954,5.6403857231807
"6174",9,"UKENTH_TWU_TP000073",NA,4.99668997072144,4.09935753268594,5.89460251175853
"6175",10,"UKENTH_TWU_TP000073",5.061132436,5.1995891165602,4.34052736001275,6.0591292851884
"6176",11,"UKENTH_TWU_TP000073",NA,5.14276492233001,4.2478226967239,6.03905825512748
"6177",12,"UKENTH_TWU_TP000073",4.374784095,5.1280024564822,4.26839262174903,5.98775771800269
"6178",13,"UKENTH_TWU_TP000073",NA,5.03856624868225,4.14120806947215,5.93679047037688
"6179",14,"UKENTH_TWU_TP000073",5.355109107,5.21481251116801,4.35627930336046,6.07323110275684
"6180",15,"UKENTH_TWU_TP000073",NA,5.12689232423705,4.22621923984057,6.02903664297922
"6181",16,"UKENTH_TWU_TP000073",4.607343715,5.22337884098289,4.36502447793274,6.08397316103124
"6182",17,"UKENTH_TWU_TP000073",NA,5.10297702649892,4.20361882471491,6.00384643795199
"6183",18,"UKENTH_TWU_TP000073",5.532816965,4.95128694920824,4.09325400728045,5.81021024070415
"6184",19,"UKENTH_TWU_TP000073",NA,4.93242357647607,4.02641520849259,5.83847896075287
"6185",20,"UKENTH_TWU_TP000073",5.250868991,5.10444423837036,4.24506889514169,5.96350997767962
"6186",21,"UKENTH_TWU_TP000073",NA,4.9651800623197,4.0679263161658,5.86304041534038
"6187",22,"UKENTH_TWU_TP000073",5.670279373,4.75180449417527,3.89093423625637,5.61063147197323
"6188",23,"UKENTH_TWU_TP000073",NA,5.15375520054912,4.25874870767096,6.04921898600792
"6189",24,"UKENTH_TWU_TP000073",4.314899141,5.09333479948705,4.23297433104381,5.95318593395477
"6190",25,"UKENTH_TWU_TP000073",NA,5.0732601096458,4.1729746389888,5.97350549816913
"6191",26,"UKENTH_TWU_TP000073",5.853000604,4.94742652051601,4.0864499961278,5.80704976472011
"6192",27,"UKENTH_TWU_TP000073",NA,4.89236785935328,3.99168373041658,5.7920424066239
"6193",28,"UKENTH_TWU_TP000073",5.453998076,5.01922279145461,4.15986574895972,5.87910635006033
"6194",29,"UKENTH_TWU_TP000073",NA,5.02759283580541,4.1275496055507,5.92776726398679
"6195",30,"UKENTH_TWU_TP000073",5.530246708,4.91867080923968,4.05950758747872,5.77956254285815
"6196",31,"UKENTH_TWU_TP000073",NA,4.85695436486787,3.91331035368657,5.79934935388474
"6197",32,"UKENTH_TWU_TP000073",NA,4.87428083519986,4.00740277087464,5.74380204338619
"6198",33,"UKENTH_TWU_TP000073",5.112510431,4.93367171912817,4.06132619165522,5.80659023321276
"6199",34,"UKENTH_TWU_TP000073",5.638787837,4.82701466333496,3.96765683086639,5.68743520052834
"6200",35,"UKENTH_TWU_TP000073",NA,4.67077070355051,3.77136562664934,5.56984138639656
"6201",36,"UKENTH_TWU_TP000073",6.292970794,4.75797379367075,3.89979729534259,5.61659571678862
"6202",37,"UKENTH_TWU_TP000073",NA,5.18839425386039,4.28716290957674,6.09023695631662
"6203",38,"UKENTH_TWU_TP000073",3.269047342,5.12013080335149,4.26054005634209,5.97841757843277
"6204",39,"UKENTH_TWU_TP000073",NA,5.43110920503892,4.5338032817934,6.32988442188989
"6205",40,"UKENTH_TWU_TP000073",5.170552264,5.27624775497257,4.41763831126662,6.13481212451497
"6206",41,"UKENTH_TWU_TP000073",NA,5.4395884384384,4.5388054531647,6.34127245682677
"6207",42,"UKENTH_TWU_TP000073",5.418448041,5.39961419245201,4.54049173386261,6.25813490261295
"6208",43,"UKENTH_TWU_TP000073",NA,5.39050781913274,4.49764549477078,6.2832429486689
"6209",44,"UKENTH_TWU_TP000073",5.314904821,5.20464588552446,4.3440917129185,6.06581926709746
"6210",45,"UKENTH_TWU_TP000073",5.992845646,5.27187915602524,4.36822300673585,6.17448503861029
"6211",1,"UKENTH_TWU_TP000084",NA,4.19020485339016,3.27350806524916,5.1070720313736
"6212",2,"UKENTH_TWU_TP000084",4.421613524,4.10700860178205,3.23923858665434,4.9784116937421
"6213",3,"UKENTH_TWU_TP000084",3.260843892,4.42610142947915,3.52889122039305,5.32402200262982
"6214",4,"UKENTH_TWU_TP000084",NA,4.30183416080616,3.43199283274079,5.17280309563393
"6215",5,"UKENTH_TWU_TP000084",NA,4.5843557653844,3.67454845685822,5.49697220156825
"6216",6,"UKENTH_TWU_TP000084",4.869693589,4.79532121204366,3.92595231799863,5.66423344189091
"6217",7,"UKENTH_TWU_TP000084",NA,4.66600634952516,3.75314926332129,5.57976996335537
"6218",8,"UKENTH_TWU_TP000084",3.672312835,4.73164953807194,3.86270203630726,5.60221346998155
"6219",9,"UKENTH_TWU_TP000084",NA,4.92106380307861,4.01068090871186,5.83257355346826
"6220",10,"UKENTH_TWU_TP000084",5.090004239,5.07845193998494,4.20979212162147,5.94768854651109
"6221",11,"UKENTH_TWU_TP000084",NA,5.06954312606232,4.16517042812935,5.97617850869521
"6222",12,"UKENTH_TWU_TP000084",5.626981159,4.95253945046162,4.07956051148287,5.82416596153009
"6223",13,"UKENTH_TWU_TP000084",NA,4.93058086626915,4.0239601541792,5.83791728966182
"6224",14,"UKENTH_TWU_TP000084",4.481871984,5.17436303670274,4.30542836366804,6.04295016825109
"6225",15,"UKENTH_TWU_TP000084",NA,5.03445817617326,4.12119017198845,5.94919803841543
"6226",16,"UKENTH_TWU_TP000084",5.11451675,5.1121214060322,4.24533212219745,5.98085806891308
"6227",17,"UKENTH_TWU_TP000084",NA,5.04009825528104,4.12973668451893,5.95285603471425
"6228",18,"UKENTH_TWU_TP000084",3.484497842,4.8903521866047,4.02385667647336,5.75912876126406
"6229",19,"UKENTH_TWU_TP000084",NA,4.87023230470356,3.94793808761407,5.79281536570626
"6230",20,"UKENTH_TWU_TP000084",4.777146722,5.02000193875398,4.15181583201582,5.88726245708369
"6231",21,"UKENTH_TWU_TP000084",NA,4.9102128194729,4.00263410220998,5.81949004370108
"6232",22,"UKENTH_TWU_TP000084",5.047306553,4.67769517733602,3.80871158864725,5.54622682371529
"6233",23,"UKENTH_TWU_TP000084",NA,5.08720731225724,4.18032293409199,5.99539538321187
"6234",24,"UKENTH_TWU_TP000084",5.125437895,5.03939448071834,4.16999222124194,5.90953611455943
"6235",25,"UKENTH_TWU_TP000084",NA,5.00576405965504,4.0900405766907,5.92290268896277
"6236",26,"UKENTH_TWU_TP000084",4.536544134,4.90393499587968,4.03750153462708,5.77203921739424
"6237",27,"UKENTH_TWU_TP000084",NA,4.76341780906197,3.85137933826131,5.67412519317934
"6238",28,"UKENTH_TWU_TP000084",4.728760083,4.93507937756197,4.06833471708239,5.80394260269108
"6239",29,"UKENTH_TWU_TP000084",NA,4.97906173511087,4.06945079531189,5.89092264142148
"6240",30,"UKENTH_TWU_TP000084",5.11875535,4.81586627945524,3.94873933720822,5.68598228839832
"6241",31,"UKENTH_TWU_TP000084",NA,4.79129387173758,3.84048646157509,5.74125217012293
"6242",32,"UKENTH_TWU_TP000084",4.109576888,4.75821794283613,3.88708002923782,5.63294209360688
"6243",33,"UKENTH_TWU_TP000084",4.218063571,4.87634086162381,3.98831951297929,5.76577589966512
"6244",34,"UKENTH_TWU_TP000084",NA,4.81082520309386,3.94161534272945,5.68330972090204
"6245",35,"UKENTH_TWU_TP000084",NA,4.57612822142551,3.66633121601547,5.48594538627474
"6246",36,"UKENTH_TWU_TP000084",4.008045721,4.69275790022161,3.82528298125325,5.56077290187448
"6247",37,"UKENTH_TWU_TP000084",NA,5.1370488163507,4.22461829822443,6.05107536272603
"6248",38,"UKENTH_TWU_TP000084",4.908403155,5.12550179308397,4.25777359674595,5.99377398919348
"6249",39,"UKENTH_TWU_TP000084",NA,5.36899429497764,4.45940969488525,6.28102876977447
"6250",40,"UKENTH_TWU_TP000084",5.030651018,5.24849147006861,4.38165952127189,6.11654021974546
"6251",41,"UKENTH_TWU_TP000084",NA,5.38221421297079,4.47128218551779,6.29569985784278
"6252",42,"UKENTH_TWU_TP000084",5.357662783,5.3393517117708,4.4712474785616,6.20763438719759
"6253",43,"UKENTH_TWU_TP000084",NA,5.32587802665099,4.42005992903006,6.23278914009378
"6254",44,"UKENTH_TWU_TP000084",5.32433097,5.12370566035881,4.25552147671955,5.99492576262077
"6255",45,"UKENTH_TWU_TP000084",NA,5.19796061435704,4.27800509528072,6.11772152242226
"6436",1,"UKENTH_TWU_TP000113",NA,3.86802475158018,2.95255807598816,4.78285184777934
"6437",2,"UKENTH_TWU_TP000113",3.326971186,3.7931114722641,2.92966272405284,4.65838071251329
"6438",3,"UKENTH_TWU_TP000113",NA,4.1081698719955,3.21278448817648,5.00304387568097
"6439",4,"UKENTH_TWU_TP000113",3.709173625,3.98403512940654,3.11834913683292,4.84946925367239
"6440",5,"UKENTH_TWU_TP000113",NA,4.26109033586478,3.35120262959458,5.17234143078716
"6441",6,"UKENTH_TWU_TP000113",4.170151604,4.4909765123722,3.6268007485443,5.35413007885852
"6442",7,"UKENTH_TWU_TP000113",NA,4.3653514876121,3.45208155783368,5.27876769745826
"6443",8,"UKENTH_TWU_TP000113",3.899681029,4.42679058791746,3.56167606386671,5.29233107291123
"6444",9,"UKENTH_TWU_TP000113",NA,4.60461340592665,3.69710027809769,5.51227538975773
"6445",10,"UKENTH_TWU_TP000113",4.51482626,4.77087792798231,3.90634486187361,5.63492047196582
"6446",11,"UKENTH_TWU_TP000113",NA,4.75759214303508,3.85531598866005,5.66075487829715
"6447",12,"UKENTH_TWU_TP000113",4.496975401,4.61098164132765,3.74109646996528,5.47817648949904
"6448",13,"UKENTH_TWU_TP000113",NA,4.615412001783,3.71077512108829,5.51983018618665
"6449",14,"UKENTH_TWU_TP000113",4.3671804,4.87783112699293,4.01350868023978,5.74097898177598
"6450",15,"UKENTH_TWU_TP000113",NA,4.72156520544122,3.80831965852138,5.63545207057949
"6451",16,"UKENTH_TWU_TP000113",4.635090128,4.81511831784832,3.95281527979929,5.67832685184041
"6452",17,"UKENTH_TWU_TP000113",NA,4.72753138570232,3.81635077498612,5.64009566763456
"6453",18,"UKENTH_TWU_TP000113",3.280216469,4.56339232883634,3.70113279338935,5.42629288830597
"6454",19,"UKENTH_TWU_TP000113",NA,4.55291519189794,3.63014945543625,5.47541886670503
"6455",20,"UKENTH_TWU_TP000113",3.787171405,4.68192605223998,3.81824415474033,5.54411211662412
"6456",21,"UKENTH_TWU_TP000113",NA,4.60269604878505,3.69499925068471,5.51131482813319
"6457",22,"UKENTH_TWU_TP000113",4.319773248,4.33933683357927,3.47383265369794,5.20305432243354
"6458",23,"UKENTH_TWU_TP000113",NA,4.77200847365055,3.86546745844556,5.67879195486558
"6459",24,"UKENTH_TWU_TP000113",4.137991965,4.73816363074275,3.87329643355412,5.60295936854587
"6460",25,"UKENTH_TWU_TP000113",NA,4.69353102657009,3.77685599288393,5.61072375744577
"6461",26,"UKENTH_TWU_TP000113",4.653158372,4.59523845748519,3.73347691915106,5.45768708987956
"6462",27,"UKENTH_TWU_TP000113",NA,4.4553572856958,3.5434449386871,5.36547480381454
"6463",28,"UKENTH_TWU_TP000113",4.366813432,4.62881214623672,3.76586939733369,5.49253147768208
"6464",29,"UKENTH_TWU_TP000113",NA,4.66571749219943,3.75459523421391,5.57796649538742
"6465",30,"UKENTH_TWU_TP000113",4.562233333,4.51325670032648,3.6502612226638,5.37781906157253
"6466",31,"UKENTH_TWU_TP000113",NA,4.48115950171946,3.53013360556787,5.43068138592896
"6467",32,"UKENTH_TWU_TP000113",4.108384819,4.44446444683189,3.57558230044172,5.31500494605727
"6468",33,"UKENTH_TWU_TP000113",NA,4.56954572815928,3.68414692399089,5.45538791750584
"6469",34,"UKENTH_TWU_TP000113",4.441716389,4.49378620764401,3.62912584320586,5.35997875912453
"6470",35,"UKENTH_TWU_TP000113",NA,4.26322256246436,3.35323268527549,5.17242487472619
"6471",36,"UKENTH_TWU_TP000113",3.131982698,4.3988243511353,3.53602202466519,5.2617129026733
"6472",37,"UKENTH_TWU_TP000113",NA,4.82260353452185,3.9097466513502,5.73622821657551
"6473",38,"UKENTH_TWU_TP000113",4.253415273,4.82837969580562,3.96572133311801,5.69098256375943
"6474",39,"UKENTH_TWU_TP000113",NA,5.05687883375723,4.1487529670851,5.9664036615741
"6475",40,"UKENTH_TWU_TP000113",3.943379172,4.9447078061939,4.0817208782098,5.80776953571905
"6476",41,"UKENTH_TWU_TP000113",NA,5.0693376580287,4.15674963063996,5.98349844971729
"6477",42,"UKENTH_TWU_TP000113",4.626749567,5.02877390848543,4.16514412111329,5.89177023574089
"6478",43,"UKENTH_TWU_TP000113",NA,5.02217211757809,4.11724791462804,5.92733203955732
"6479",44,"UKENTH_TWU_TP000113",4.891591387,4.79713589923738,3.93263823719995,5.66239577430953
"6480",45,"UKENTH_TWU_TP000113",NA,4.888524748354,3.97191830525679,5.80407254455933
"6751",1,"UKENTH_TWU_TP000155",NA,4.18524616296678,3.27437644662998,5.09600791867268
"6752",2,"UKENTH_TWU_TP000155",4.709406204,4.07229267980327,3.20895397108275,4.93785637406474
"6753",3,"UKENTH_TWU_TP000155",NA,4.41942914673293,3.52917936682288,5.30983962710118
"6754",4,"UKENTH_TWU_TP000155",5.409032445,4.29989874952362,3.43524597217515,5.16487757967151
"6755",5,"UKENTH_TWU_TP000155",NA,4.55105018179148,3.64623818925089,5.45744939833098
"6756",6,"UKENTH_TWU_TP000155",5.130314044,4.711716922684,3.84535568700158,5.57544258451988
"6757",7,"UKENTH_TWU_TP000155",NA,4.65796240427848,3.74993694081365,5.56642099495624
"6758",8,"UKENTH_TWU_TP000155",4.633804772,4.70261371012092,3.83954928860715,5.56657368997328
"6759",9,"UKENTH_TWU_TP000155",NA,4.90887315395221,4.00639778345895,5.81191208024382
"6760",10,"UKENTH_TWU_TP000155",5.31829893,5.11190880611587,4.24878010856638,5.97571695648158
"6761",11,"UKENTH_TWU_TP000155",NA,5.05890032772973,4.15961219529215,5.95986723262666
"6762",12,"UKENTH_TWU_TP000155",5.436101639,5.01366614381861,4.14936871952223,5.87747308274287
"6763",13,"UKENTH_TWU_TP000155",NA,4.94396370891328,4.04207145922989,5.84674913808255
"6764",14,"UKENTH_TWU_TP000155",5.490921983,5.14268388920914,4.27990979978329,6.00500024862823
"6765",15,"UKENTH_TWU_TP000155",NA,5.0378118233739,4.13165298960327,5.94530226533532
"6766",16,"UKENTH_TWU_TP000155",5.904786651,5.14155589335377,4.27957467908664,6.00586010815932
"6767",17,"UKENTH_TWU_TP000155",NA,5.02201358931114,4.11748930210537,5.92829558387986
"6768",18,"UKENTH_TWU_TP000155",4.964145107,4.86734439972241,4.00559360875002,5.730209832502
"6769",19,"UKENTH_TWU_TP000155",NA,4.84977866191552,3.93749764946022,5.76193573570077
"6770",20,"UKENTH_TWU_TP000155",5.027403101,5.01323522670271,4.14994635114324,5.87573613064078
"6771",21,"UKENTH_TWU_TP000155",NA,4.88427205657589,3.98199983117908,5.78740184196843
"6772",22,"UKENTH_TWU_TP000155",4.892993891,4.65386066425282,3.78874790984807,5.51691922927361
"6773",23,"UKENTH_TWU_TP000155",NA,5.06632103030402,4.16548689168407,5.96785943204946
"6774",24,"UKENTH_TWU_TP000155",4.857625012,5.02059700620433,4.15695742057536,5.88461583369236
"6775",25,"UKENTH_TWU_TP000155",NA,4.98563557228368,4.08033246916666,5.89158397355238
"6776",26,"UKENTH_TWU_TP000155",5.307972088,4.86245930451899,3.9989188495332,5.7260372031514
"6777",27,"UKENTH_TWU_TP000155",NA,4.78999722773086,3.8846393860858,5.69499497165349
"6778",28,"UKENTH_TWU_TP000155",5.082885941,4.93764307731497,4.07544398551936,5.80194454518709
"6779",29,"UKENTH_TWU_TP000155",NA,4.94378021976062,4.03975738725592,5.84902623082506
"6780",30,"UKENTH_TWU_TP000155",5.10070697,4.82597610164065,3.96353528341115,5.69123303357311
"6781",31,"UKENTH_TWU_TP000155",NA,4.77059476028499,3.82124789683015,5.71867368705541
"6782",32,"UKENTH_TWU_TP000155",NA,4.77650293832444,3.90580422172679,5.6502240133473
"6783",33,"UKENTH_TWU_TP000155",4.076814673,4.85468175950138,3.9776782363248,5.73281607283391
"6784",34,"UKENTH_TWU_TP000155",3.402047802,4.75119419362516,3.88778955024989,5.61630716618746
"6785",35,"UKENTH_TWU_TP000155",NA,4.57907774132161,3.67503231272752,5.48316157637399
"6786",36,"UKENTH_TWU_TP000155",5.649797125,4.68054069521125,3.81851326184572,5.54349402913979
"6787",37,"UKENTH_TWU_TP000155",NA,5.10562054272005,4.19863621867243,6.01379109448536
"6788",38,"UKENTH_TWU_TP000155",5.622208238,5.05042913236177,4.18709412547595,5.9128651047308
"6789",39,"UKENTH_TWU_TP000155",NA,5.34481679007955,4.44143492053145,6.25010244437673
"6790",40,"UKENTH_TWU_TP000155",5.029360293,5.20117457169127,4.33911102095435,6.06370186951909
"6791",41,"UKENTH_TWU_TP000155",NA,5.3551865311805,4.44974913456127,6.26216268624077
"6792",42,"UKENTH_TWU_TP000155",NA,5.31415492759604,4.45114301234141,6.176780089494
"6793",43,"UKENTH_TWU_TP000155",6.535414976,5.30657284646565,4.40967528276451,6.20417783031044
"6794",44,"UKENTH_TWU_TP000155",4.90173357,5.11404663819607,4.25058677431403,5.97947285477837
"6795",45,"UKENTH_TWU_TP000155",6.489925534,5.18479707598127,4.27744003203151,6.09186890921771
"4906",1,"UKENSO_SW_TP000083",3.520087358,4.58970495839643,3.6712151289125,5.50925978496957
"4907",2,"UKENSO_SW_TP000083",NA,4.40693406407659,3.52106282713927,5.29391116843517
"4908",3,"UKENSO_SW_TP000083",4.962526326,4.80097136961411,3.89790788035627,5.70566223670636
"4909",4,"UKENSO_SW_TP000083",NA,4.70860009499208,3.822918100429,5.59637400633106
"4910",5,"UKENSO_SW_TP000083",4.924509499,4.91275302405749,4.0010709092502,5.82679951580998
"4911",6,"UKENSO_SW_TP000083",NA,5.06737842103897,4.18252164612759,5.95324366687341
"4912",7,"UKENSO_SW_TP000083",4.521152384,4.978744287146,4.06156720339341,5.89757101925881
"4913",8,"UKENSO_SW_TP000083",NA,5.00456326584531,4.12093971926549,5.89008843357828
"4914",9,"UKENSO_SW_TP000083",5.816504472,5.26964291904048,4.3571080640806,6.18382805669262
"4915",10,"UKENSO_SW_TP000083",NA,5.41112493681106,4.52590658225069,6.29787109083908
"4916",11,"UKENSO_SW_TP000083",5.876989895,5.39837539462403,4.48713763191371,6.31195816597203
"4917",12,"UKENSO_SW_TP000083",NA,5.51223897806015,4.62774064218295,6.39915940290601
"4918",13,"UKENSO_SW_TP000083",5.747931953,5.34829248350054,4.4363327879086,6.26272245283373
"4919",14,"UKENSO_SW_TP000083",NA,5.39677061339527,4.51210722207784,6.28226115985297
"4920",15,"UKENSO_SW_TP000083",5.649787917,5.41133456117085,4.49960039051657,6.32594106437716
"4921",16,"UKENSO_SW_TP000083",NA,5.4259085496258,4.54147839400544,6.31197539313311
"4922",17,"UKENSO_SW_TP000083",5.43796502,5.35325964645492,4.44334682285056,6.26529458685453
"4923",18,"UKENSO_SW_TP000083",NA,5.22745944273686,4.34335908961195,6.11280796727114
"4924",19,"UKENSO_SW_TP000083",5.380980011,5.21169107397608,4.29685314645949,6.12815960591965
"4925",20,"UKENSO_SW_TP000083",NA,5.40889392544499,4.52159214069151,6.29768959934794
"4926",21,"UKENSO_SW_TP000083",4.843536588,5.19656419324709,4.28699834897345,6.10750497866363
"4927",22,"UKENSO_SW_TP000083",NA,5.1075998610066,4.22145431506621,5.99402371361201
"4928",23,"UKENSO_SW_TP000083",4.321886969,5.40322354109582,4.49533474215185,6.31304612520257
"4929",24,"UKENSO_SW_TP000083",NA,5.30023774228016,4.41428365730589,6.18687067015802
"4930",25,"UKENSO_SW_TP000083",5.104755112,5.33434543240808,4.42454198207416,6.24595573135952
"4931",26,"UKENSO_SW_TP000083",NA,5.20251541622033,4.31679665554182,6.08872893936781
"4932",27,"UKENSO_SW_TP000083",6.057462086,5.20053210438957,4.28956461308542,6.11345926305161
"4933",28,"UKENSO_SW_TP000083",NA,5.23850075716117,4.35356942435517,6.12430884108436
"4934",29,"UKENSO_SW_TP000083",5.758984712,5.28191161352456,4.37343151549567,6.19221310072182
"4935",30,"UKENSO_SW_TP000083",NA,5.24126392395471,4.35599932040221,6.12943464893141
"4936",31,"UKENSO_SW_TP000083",NA,5.12030382228318,4.16413800487129,6.07581842465192
"4937",32,"UKENSO_SW_TP000083",4.948222774,5.20774934442215,4.32252713270885,6.09596933387114
"4938",33,"UKENSO_SW_TP000083",5.355819854,5.16206358561429,4.26371569408846,6.06162439116813
"4939",34,"UKENSO_SW_TP000083",NA,5.08567265117808,4.19950079092584,5.9753695276058
"4940",35,"UKENSO_SW_TP000083",5.507061918,4.94238468933952,4.0322629197756,5.85332543247196
"4941",36,"UKENSO_SW_TP000083",NA,4.98834137242423,4.10406261868602,5.87393890575112
"4942",37,"UKENSO_SW_TP000083",3.841895515,5.43071254404934,4.51915432078268,6.3436023716377
"4943",38,"UKENSO_SW_TP000083",NA,5.35261248179416,4.46521050701198,6.24004279855527
"4944",39,"UKENSO_SW_TP000083",5.617812117,5.69190616765467,4.78305329031947,6.60279303508667
"4945",40,"UKENSO_SW_TP000083",NA,5.52886943575149,4.64297387555354,6.41693904260746
"4946",41,"UKENSO_SW_TP000083",5.415395056,5.6754107812944,4.7652801742841,6.58785673950551
"4947",42,"UKENSO_SW_TP000083",NA,5.64785228914456,4.76275453333739,6.53518574708342
"4948",43,"UKENSO_SW_TP000083",5.402218894,5.6182466167151,4.70992390784544,6.52858404233155
"4949",44,"UKENSO_SW_TP000083",NA,5.45724931080479,4.57173530823808,6.34538785038976
"4950",45,"UKENSO_SW_TP000083",NA,5.51186788146319,4.5823229172572,6.44189164409079
"226",1,"UKENAN_AW_TP000055",NA,4.38629209622341,3.48052655273482,5.29206744459727
"227",2,"UKENAN_AW_TP000055",5.540512309,4.30017720521882,3.44052299259115,5.16081028850864
"228",3,"UKENAN_AW_TP000055",NA,4.61766656511514,3.72725667113433,5.50867120974287
"229",4,"UKENAN_AW_TP000055",4.985310684,4.49739118692769,3.63570375948497,5.35813499024878
"230",5,"UKENAN_AW_TP000055",NA,4.78763872290706,3.88739737789072,5.68953359078483
"231",6,"UKENAN_AW_TP000055",5.619124489,4.99563471107579,4.1319507643799,5.85717583751507
"232",7,"UKENAN_AW_TP000055",NA,4.83745708462691,3.93328555373803,5.74222756156314
"233",8,"UKENAN_AW_TP000055",5.902979332,4.92218590272594,4.06253950024193,5.78248663274648
"234",9,"UKENAN_AW_TP000055",NA,5.09172073286773,4.18616405550194,5.99788741350243
"235",10,"UKENAN_AW_TP000055",5.753202799,5.16775877947967,4.30866623952581,6.02764060557429
"236",11,"UKENAN_AW_TP000055",NA,5.27371535972224,4.37519212762899,6.17389177045116
"237",12,"UKENAN_AW_TP000055",6.138007862,5.17284285974493,4.3129245614447,6.0331888354626
"238",13,"UKENAN_AW_TP000055",NA,5.13755650876957,4.23766246018418,6.03788868828992
"239",14,"UKENAN_AW_TP000055",6.105286922,5.39433381866065,4.53400210721344,6.25471286429506
"240",15,"UKENAN_AW_TP000055",NA,5.21123278542337,4.30981065896319,6.11375516580504
"241",16,"UKENAN_AW_TP000055",5.927706237,5.2715158834234,4.4115821068338,6.13152264253605
"242",17,"UKENAN_AW_TP000055",NA,5.22860121943347,4.32877611783918,6.12955942659127
"243",18,"UKENAN_AW_TP000055",5.595401442,5.15394961349405,4.29484112132168,6.01488079680066
"244",19,"UKENAN_AW_TP000055",NA,5.04650871111954,4.13507136434002,5.95820432005368
"245",20,"UKENAN_AW_TP000055",5.24006301,5.23995599811479,4.3799921080813,6.09998098048535
"246",21,"UKENAN_AW_TP000055",NA,5.09781037233849,4.19913376756836,5.99761651176767
"247",22,"UKENAN_AW_TP000055",4.840594142,4.98908251712363,4.12985761695201,5.8488564218796
"248",23,"UKENAN_AW_TP000055",NA,5.24917315961508,4.35222032958558,6.14790042978871
"249",24,"UKENAN_AW_TP000055",4.191441981,5.24461871590139,4.38367283734019,6.10538161817239
"250",25,"UKENAN_AW_TP000055",NA,5.19335105507969,4.29025731333499,6.09728443715255
"251",26,"UKENAN_AW_TP000055",5.400553665,5.07030308465059,4.21009617136399,5.93004746503675
"252",27,"UKENAN_AW_TP000055",NA,4.94873678515516,4.04733185616706,5.84881400080696
"253",28,"UKENAN_AW_TP000055",5.53131295,5.11160575520714,4.25117356738122,5.97112169910094
"254",29,"UKENAN_AW_TP000055",NA,5.16508210616636,4.26537497056356,6.06604043913048
"255",30,"UKENAN_AW_TP000055",5.337972361,4.95895492769454,4.09801834806954,5.81894874207789
"256",31,"UKENAN_AW_TP000055",NA,4.99553068771086,4.06883919734818,5.92171091515417
"257",32,"UKENAN_AW_TP000055",5.504637152,4.9199249420929,4.05776536199363,5.7846686010805
"258",33,"UKENAN_AW_TP000055",NA,5.03181880234148,4.14850729705775,5.91560451335297
"259",34,"UKENAN_AW_TP000055",4.301491864,4.95453168987496,4.09224302333223,5.81890330660916
"260",35,"UKENAN_AW_TP000055",NA,4.76262631211569,3.86134645590319,5.66298513203021
"261",36,"UKENAN_AW_TP000055",5.481517276,4.8621763276287,4.00133144797907,5.72174044847001
"262",37,"UKENAN_AW_TP000055",NA,5.32144708950848,4.42042187945754,6.22343453981426
"263",38,"UKENAN_AW_TP000055",5.996806222,5.35539512510237,4.49459553511652,6.21586572561819
"264",39,"UKENAN_AW_TP000055",NA,5.53672982083424,4.6378801614818,6.43734442960814
"265",40,"UKENAN_AW_TP000055",5.70725031,5.45613702622131,4.59672609819791,6.31665174521822
"266",41,"UKENAN_AW_TP000055",NA,5.56227310235982,4.66064006751323,6.46557379324837
"267",42,"UKENAN_AW_TP000055",5.749413122,5.48500902437894,4.62567320814446,6.34494094302843
"268",43,"UKENAN_AW_TP000055",NA,5.47481540408653,4.57194714947245,6.37768926914808
"269",44,"UKENAN_AW_TP000055",5.962374237,5.25216416515611,4.3912285281273,6.11512649243889
"270",45,"UKENAN_AW_TP000055",NA,5.37140103288449,4.45302975690929,6.28888515131442
"271",1,"UKENAN_AW_TP000063",NA,4.41888977465442,3.50466346022081,5.33346573599438
"272",2,"UKENAN_AW_TP000063",4.732276406,4.33177092909498,3.45843450136341,5.20604940772695
"273",3,"UKENAN_AW_TP000063",NA,4.64571564160075,3.74577762642784,5.54720778095867
"274",4,"UKENAN_AW_TP000063",4.351264677,4.58049034105341,3.70756209504157,5.45417587442106
"275",5,"UKENAN_AW_TP000063",NA,4.7869019007389,3.87958547227331,5.69631325806502
"276",6,"UKENAN_AW_TP000063",5.884596895,4.93853972812259,4.05730649579283,5.81502970698286
"277",7,"UKENAN_AW_TP000063",NA,4.84780634741154,3.9363370505462,5.7609587126691
"278",8,"UKENAN_AW_TP000063",4.452948572,4.93506964153856,4.06295876948946,5.80903091988652
"279",9,"UKENAN_AW_TP000063",NA,5.10063382425216,4.18924912995598,6.01292769391876
"280",10,"UKENAN_AW_TP000063",4.864112628,5.19154049693363,4.31928551592311,6.0677895299314
"281",11,"UKENAN_AW_TP000063",NA,5.3007040909137,4.3937493879822,6.21030968788236
"282",12,"UKENAN_AW_TP000063",5.396537063,5.25709295891601,4.38520480361875,6.13175749083192
"283",13,"UKENAN_AW_TP000063",NA,5.19695537960091,4.28857257446252,6.1079403906173
"284",14,"UKENAN_AW_TP000063",5.320283,5.38992654315652,4.51705166422277,6.26396950149514
"285",15,"UKENAN_AW_TP000063",NA,5.24375628739839,4.33471663350566,6.15514067508022
"286",16,"UKENAN_AW_TP000063",5.623831682,5.30327752448939,4.43112221102648,6.17653772131725
"287",17,"UKENAN_AW_TP000063",NA,5.23696138171086,4.33046503964239,6.14536811226297
"288",18,"UKENAN_AW_TP000063",5.343431727,5.18325047142084,4.31157956702042,6.0575327149298
"289",19,"UKENAN_AW_TP000063",NA,5.05076149616065,4.1352438574522,5.96647696704326
"290",20,"UKENAN_AW_TP000063",4.509596201,5.21878604684809,4.34364934578524,6.09261986608686
"291",21,"UKENAN_AW_TP000063",NA,5.10852141011237,4.20189916471846,6.01675830365987
"292",22,"UKENAN_AW_TP000063",5.71706844,5.05890102997469,4.18705710299983,5.93237805245513
"293",23,"UKENAN_AW_TP000063",NA,5.24282576774646,4.33747436800625,6.14973858641611
"294",24,"UKENAN_AW_TP000063",3.815986809,5.26340086650355,4.39074840559111,6.13705684373324
"295",25,"UKENAN_AW_TP000063",NA,5.20541982652243,4.30694384607379,6.10531795807515
"296",26,"UKENAN_AW_TP000063",6.08338466,5.09325409597377,4.21493915649302,5.97219904245765
"297",27,"UKENAN_AW_TP000063",NA,5.02524128476956,4.11793174287239,5.93347065649265
"298",28,"UKENAN_AW_TP000063",5.614009396,5.16900757141574,4.29652140791668,6.04164590766614
"299",29,"UKENAN_AW_TP000063",NA,5.16748134118773,4.26166949884762,6.07451210132971
"300",30,"UKENAN_AW_TP000063",5.764542265,5.04231675393511,4.17018579004187,5.91590128207031
"301",31,"UKENAN_AW_TP000063",NA,5.00464132411319,4.07058347086258,5.93834222274991
"302",32,"UKENAN_AW_TP000063",3.349461938,4.98362639691173,4.10913831472942,5.86183749986516
"303",33,"UKENAN_AW_TP000063",NA,5.03481462412224,4.14009307620233,5.93041932608843
"304",34,"UKENAN_AW_TP000063",4.757292417,4.86914218238886,3.99602885500558,5.74293541484395
"305",35,"UKENAN_AW_TP000063",NA,4.80049090203929,3.89284541775148,5.70822549576157
"306",36,"UKENAN_AW_TP000063",4.663980974,4.90835947406443,4.03591429449059,5.78076742779356
"307",37,"UKENAN_AW_TP000063",NA,5.31834966849823,4.41026006474585,6.22724681534212
"308",38,"UKENAN_AW_TP000063",4.313849885,5.34801717168388,4.47347834133022,6.22150357046628
"309",39,"UKENAN_AW_TP000063",NA,5.53298378738637,4.62549765849936,6.44228670357547
"310",40,"UKENAN_AW_TP000063",6.07427022,5.41239474908516,4.54018527984893,6.28475809158269
"311",41,"UKENAN_AW_TP000063",NA,5.5614841335586,4.65287126476201,6.4721858907793
"312",42,"UKENAN_AW_TP000063",5.801063577,5.43993048619982,4.56762785911704,6.31280407089186
"313",43,"UKENAN_AW_TP000063",NA,5.47740206668546,4.56952523263886,6.38563444079615
"314",44,"UKENAN_AW_TP000063",5.10965731,5.27663442058311,4.40404350260425,6.15310579702191
"315",45,"UKENAN_AW_TP000063",NA,5.38255238816399,4.45968006680677,6.30495181966741
"586",1,"UKENAN_AW_TP000148",NA,4.58154261375442,3.64549139914058,5.51836537194824
"587",2,"UKENAN_AW_TP000148",5.180301605,4.48129473810342,3.58008966215107,5.38349420808873
"588",3,"UKENAN_AW_TP000148",NA,4.80384208761979,3.88067417618619,5.72812240506147
"589",4,"UKENAN_AW_TP000148",5.8186772,4.74963336119616,3.85034631473327,5.64973741236632
"590",5,"UKENAN_AW_TP000148",NA,4.94467879833489,4.01498103759703,5.87591444589121
"591",6,"UKENAN_AW_TP000148",5.3353372,5.0980226881783,4.19406397704834,6.00098505445533
"592",7,"UKENAN_AW_TP000148",NA,5.00166164562661,4.06677531469892,5.93760970520787
"593",8,"UKENAN_AW_TP000148",5.650181095,5.06315470293181,4.16405534326368,5.96351880586541
"594",9,"UKENAN_AW_TP000148",NA,5.25216433604426,4.31875547342083,6.1866963802849
"595",10,"UKENAN_AW_TP000148",5.398564786,5.34938302175841,4.44946750928495,6.25147247862541
"596",11,"UKENAN_AW_TP000148",NA,5.45894560810386,4.52895067202436,6.39078363246611
"597",12,"UKENAN_AW_TP000148",6.492433844,5.44817257666283,4.54974853309298,6.34841665069165
"598",13,"UKENAN_AW_TP000148",NA,5.36552862915834,4.43498684299639,6.29738906212297
"599",14,"UKENAN_AW_TP000148",6.566738285,5.52249316257449,4.62440191657396,6.42165197754949
"600",15,"UKENAN_AW_TP000148",NA,5.40408245319751,4.472883619103,6.3372229120921
"601",16,"UKENAN_AW_TP000148",5.980446697,5.46615550479807,4.5675657435897,6.36546217976736
"602",17,"UKENAN_AW_TP000148",NA,5.39076070468117,4.4629665347391,6.31977453917399
"603",18,"UKENAN_AW_TP000148",5.782893311,5.33651629173549,4.43878161121323,6.23564855345535
"604",19,"UKENAN_AW_TP000148",NA,5.20634851556235,4.27133613333345,6.14218778577745
"605",20,"UKENAN_AW_TP000148",5.592834044,5.38889366208609,4.48815842420073,6.29009383874251
"606",21,"UKENAN_AW_TP000148",NA,5.26355101980432,4.33493935485126,6.19370667118631
"607",22,"UKENAN_AW_TP000148",5.462188182,5.24607877452849,4.347517376116,6.14647370928449
"608",23,"UKENAN_AW_TP000148",NA,5.39786509729155,4.47017103407207,6.32768898658545
"609",24,"UKENAN_AW_TP000148",5.844976799,5.43079893357864,4.5317212240274,6.33138714625992
"610",25,"UKENAN_AW_TP000148",NA,5.36197511971254,4.43969027802672,6.28577848626976
"611",26,"UKENAN_AW_TP000148",6.584593487,5.26615543431033,4.36170689651812,6.17180474093841
"612",27,"UKENAN_AW_TP000148",NA,5.18796119922077,4.2571985469242,6.11988386659728
"613",28,"UKENAN_AW_TP000148",6.305743678,5.33557112311299,4.435962109143,6.23638586339106
"614",29,"UKENAN_AW_TP000148",NA,5.31902307022089,4.39111127364741,6.24882978147732
"615",30,"UKENAN_AW_TP000148",6.123546146,5.22484480410396,4.32546704436912,6.12546427361713
"616",31,"UKENAN_AW_TP000148",NA,5.15966357877456,4.20409702224067,6.11501638875203
"617",32,"UKENAN_AW_TP000148",5.239455735,5.15383537077372,4.25083159627183,6.05908178311038
"618",33,"UKENAN_AW_TP000148",NA,5.19172315222735,4.27304917623563,6.11152581462252
"619",34,"UKENAN_AW_TP000148",6.330146717,4.97734723393958,4.07701429108324,5.87799764609384
"620",35,"UKENAN_AW_TP000148",NA,4.95868713743369,4.02942694873286,5.88797998278322
"621",36,"UKENAN_AW_TP000148",6.009705256,5.07034186046048,4.17151724564416,5.96985971039572
"622",37,"UKENAN_AW_TP000148",NA,5.4700903098336,4.54125050119612,6.40027125272468
"623",38,"UKENAN_AW_TP000148",5.972001797,5.48890971187804,4.58877894618754,6.389429112044
"624",39,"UKENAN_AW_TP000148",NA,5.68626065215502,4.75622911395653,6.61839503525616
"625",40,"UKENAN_AW_TP000148",5.95819655,5.55847923393108,4.65977390216757,6.4576009690976
"626",41,"UKENAN_AW_TP000148",NA,5.71366265638371,4.78230156094533,6.64681671665234
"627",42,"UKENAN_AW_TP000148",5.464590736,5.59691697576845,4.69721982347478,6.49755687329364
"628",43,"UKENAN_AW_TP000148",NA,5.63061643443903,4.70119781488807,6.56103173946773
"629",44,"UKENAN_AW_TP000148",5.599685083,5.43489438970802,4.53402095148208,6.3379844800372
"630",45,"UKENAN_AW_TP000148",NA,5.53726742894104,4.59046507030838,6.4840562976648
"901",1,"UKENAN_AW_TP000303",NA,4.33638171877941,3.44229310662269,5.23028986240894
"902",2,"UKENAN_AW_TP000303",5.812266377,4.25507914072728,3.41132272433738,5.10032928588594
"903",3,"UKENAN_AW_TP000303",NA,4.55885256231568,3.68250302136508,5.4353714932212
"904",4,"UKENAN_AW_TP000303",4.440931475,4.43586366390274,3.58940528806807,5.28155682817306
"905",5,"UKENAN_AW_TP000303",NA,4.74401067563877,3.85546162729136,5.63434709819589
"906",6,"UKENAN_AW_TP000303",5.130376299,4.96423692834759,4.11924382302369,5.80872704258289
"907",7,"UKENAN_AW_TP000303",NA,4.77845170767964,3.88532689390591,5.67208358471478
"908",8,"UKENAN_AW_TP000303",5.199834823,4.86306542306974,4.01969104777759,5.70776522297206
"909",9,"UKENAN_AW_TP000303",NA,5.03962859890962,4.1433141226489,5.93653826445732
"910",10,"UKENAN_AW_TP000303",5.343497967,5.12081558306846,4.27841326536393,5.96387098495692
"911",11,"UKENAN_AW_TP000303",NA,5.21714916680851,4.32988025313973,6.10610587256545
"912",12,"UKENAN_AW_TP000303",5.625978256,5.15317793652646,4.30963668665758,5.9975489610111
"913",13,"UKENAN_AW_TP000303",NA,5.07250116727303,4.18387832430326,5.96152513254126
"914",14,"UKENAN_AW_TP000303",5.632566769,5.31997262459738,4.47626976898725,6.16425441361887
"915",15,"UKENAN_AW_TP000303",NA,5.14775443689935,4.2568238843069,6.04037203040291
"916",16,"UKENAN_AW_TP000303",6.021630255,5.18928722823704,4.34527405757645,6.03309032650405
"917",17,"UKENAN_AW_TP000303",NA,5.17330867082584,4.28561077332532,6.06240192519708
"918",18,"UKENAN_AW_TP000303",5.452838223,5.08262489885757,4.23969061609238,5.92718725004032
"919",19,"UKENAN_AW_TP000303",NA,4.99860534740578,4.09781792635838,5.89964861469143
"920",20,"UKENAN_AW_TP000303",5.544692427,5.21216506727302,4.36845539848538,6.0557863017201
"921",21,"UKENAN_AW_TP000303",NA,5.03943412765954,4.15261029569513,5.92731025563916
"922",22,"UKENAN_AW_TP000303",5.125400728,4.93328381244889,4.08981653995528,5.77675783232661
"923",23,"UKENAN_AW_TP000303",NA,5.20531726889005,4.32017001495064,6.0920866715027
"924",24,"UKENAN_AW_TP000303",4.625124595,5.2091924423357,4.36455731719111,6.05415908173421
"925",25,"UKENAN_AW_TP000303",NA,5.14076498568823,4.24593104814812,6.03653135357049
"926",26,"UKENAN_AW_TP000303",4.876719113,5.04618616277742,4.20376185666227,5.88914551616692
"927",27,"UKENAN_AW_TP000303",NA,4.8750292411688,3.9840301612855,5.76447800675458
"928",28,"UKENAN_AW_TP000303",5.565296283,5.07212769850284,4.22845751668886,5.91570969395708
"929",29,"UKENAN_AW_TP000303",NA,5.1152125440417,4.22714966588127,6.0046222875069
"930",30,"UKENAN_AW_TP000303",5.545472352,4.91039147811787,4.06558303455,5.75450317851808
"931",31,"UKENAN_AW_TP000303",NA,4.94148223059597,4.02576097596259,5.85670362474425
"932",32,"UKENAN_AW_TP000303",5.232906908,4.83445241877836,3.98842342989986,5.68220854869333
"933",33,"UKENAN_AW_TP000303",NA,4.98533888505214,4.11807168951634,5.85365655833768
"934",34,"UKENAN_AW_TP000303",4.770060012,4.88387473764601,4.03539167062841,5.73436078849037
"935",35,"UKENAN_AW_TP000303",NA,4.69954364745915,3.8103479640815,5.58790389409655
"936",36,"UKENAN_AW_TP000303",6.060337374,4.78879326096528,3.94359779756943,5.63285958682564
"937",37,"UKENAN_AW_TP000303",NA,5.27478125412575,4.38619335675018,6.16451490862134
"938",38,"UKENAN_AW_TP000303",5.174020856,5.28862187984072,4.44479261053179,6.13256184700299
"939",39,"UKENAN_AW_TP000303",NA,5.4889545973553,4.60173685893493,6.37815456471439
"940",40,"UKENAN_AW_TP000303",5.723262332,5.4102906750836,4.56707608490794,6.25477661888686
"941",41,"UKENAN_AW_TP000303",NA,5.51102011902499,4.6213927980281,6.40257143420366
"942",42,"UKENAN_AW_TP000303",6.434190051,5.43648249469996,4.59319207320545,6.28049880960869
"943",43,"UKENAN_AW_TP000303",NA,5.42174426015974,4.52921047648638,6.31444501603016
"944",44,"UKENAN_AW_TP000303",6.405937603,5.21359183326979,4.36899418452377,6.06026422379246
"945",45,"UKENAN_AW_TP000303",NA,5.31722973288203,4.40730558463873,6.2263765618418
"946",1,"UKENAN_AW_TP000307",NA,4.44559771223912,3.54881653607714,5.34282266595168
"947",2,"UKENAN_AW_TP000307",4.281559694,4.35561326682629,3.50717191237129,5.20608958466025
"948",3,"UKENAN_AW_TP000307",NA,4.65897592009079,3.78020078600242,5.53891509600579
"949",4,"UKENAN_AW_TP000307",3.835059895,4.56537290842399,3.7148799640684,5.41659958465651
"950",5,"UKENAN_AW_TP000307",NA,4.83447547621887,3.94469441916058,5.72680245343007
"951",6,"UKENAN_AW_TP000307",4.652592936,5.05069790684119,4.20112750961499,5.90045574396986
"952",7,"UKENAN_AW_TP000307",NA,4.87121498330579,3.97689505015582,5.76676186745371
"953",8,"UKENAN_AW_TP000307",5.172190684,4.93180377136764,4.08439422695895,5.78110875023791
"954",9,"UKENAN_AW_TP000307",NA,5.13006222552288,4.23259162822744,6.02864816554803
"955",10,"UKENAN_AW_TP000307",4.07973722,5.20963096185972,4.36204169498006,6.05868889351602
"956",11,"UKENAN_AW_TP000307",NA,5.31993159478764,4.43013770088233,6.21218674817801
"957",12,"UKENAN_AW_TP000307",5.642774134,5.3090695941878,4.46148142576305,6.15915663326224
"958",13,"UKENAN_AW_TP000307",NA,5.193199717105,4.30214708578436,6.08576347444113
"959",14,"UKENAN_AW_TP000307",4.974525631,5.38346769466281,4.53541750895964,6.23227795234993
"960",15,"UKENAN_AW_TP000307",NA,5.2587403640646,4.36678515334749,6.15267925090867
"961",16,"UKENAN_AW_TP000307",5.52662724,5.30104356608289,4.45366895513514,6.14934064916524
"962",17,"UKENAN_AW_TP000307",NA,5.26674404681017,4.37787346356014,6.15742190612212
"963",18,"UKENAN_AW_TP000307",5.394069028,5.17731267684947,4.33042405373877,6.02582678881016
"964",19,"UKENAN_AW_TP000307",NA,5.09021634876251,4.18855501939591,5.99269308817056
"965",20,"UKENAN_AW_TP000307",5.245796686,5.31462103464153,4.46438739612412,6.16487885572027
"966",21,"UKENAN_AW_TP000307",NA,5.1302623462429,4.24138524117751,6.02090265636714
"967",22,"UKENAN_AW_TP000307",4.429330599,5.07892450380008,4.23122019551976,5.92798846146508
"968",23,"UKENAN_AW_TP000307",NA,5.29289504710809,4.40526741869833,6.18269201879874
"969",24,"UKENAN_AW_TP000307",5.079309534,5.32964418129405,4.4814968939447,6.17914767513126
"970",25,"UKENAN_AW_TP000307",NA,5.23917867370101,4.34627710758038,6.13357889706983
"971",26,"UKENAN_AW_TP000307",5.159023032,5.15994100297527,4.3124830063458,6.00877403932904
"972",27,"UKENAN_AW_TP000307",NA,5.00472346839218,4.11316921732142,5.89603914988531
"973",28,"UKENAN_AW_TP000307",5.063319717,5.2046938459911,4.35730424798485,6.05353973495275
"974",29,"UKENAN_AW_TP000307",NA,5.20372799080179,4.31427359433263,6.09498796754153
"975",30,"UKENAN_AW_TP000307",5.312357592,5.06673463675184,4.21914589178564,5.91536565513074
"976",31,"UKENAN_AW_TP000307",NA,5.03209511821472,4.11123246223988,5.95262650290562
"977",32,"UKENAN_AW_TP000307",4.477155709,4.964272355702,4.11507708508714,5.81538936716153
"978",33,"UKENAN_AW_TP000307",NA,5.08159895347574,4.21322142474819,5.95114483660611
"979",34,"UKENAN_AW_TP000307",4.772987739,4.90021200394759,4.0469801845995,5.75488254328379
"980",35,"UKENAN_AW_TP000307",NA,4.8067358170449,3.91629316349102,5.69705558690742
"981",36,"UKENAN_AW_TP000307",4.522078411,4.90116650691383,4.05235062343664,5.74944596736893
"982",37,"UKENAN_AW_TP000307",NA,5.36353536303934,4.47309711497028,6.25534534435918
"983",38,"UKENAN_AW_TP000307",3.989561588,5.35958622776666,4.51057037603742,6.20835819676314
"984",39,"UKENAN_AW_TP000307",NA,5.5775419272733,4.68730169543031,6.47027405246543
"985",40,"UKENAN_AW_TP000307",5.199317207,5.48281654032689,4.63564365296666,6.33139712440244
"986",41,"UKENAN_AW_TP000307",NA,5.60023218779696,4.70964736012531,6.49301311452184
"987",42,"UKENAN_AW_TP000307",5.412165335,5.518245741684,4.67063172769237,6.36674745032238
"988",43,"UKENAN_AW_TP000307",NA,5.50790386862549,4.61420120951484,6.4023565334212
"989",44,"UKENAN_AW_TP000307",5.205152084,5.2899784584072,4.4416526653304,6.14042786875314
"990",45,"UKENAN_AW_TP000307",NA,5.41349715933943,4.50331578132915,6.3233538254426
