"","date_index","site_code","Log10_NoV_norm","mean","q0.025","q0.975"
"5266",1,"UKENSW_SWS_TP000055",NA,4.59904800346779,3.65170831062689,5.5443238725608
"5267",2,"UKENSW_SWS_TP000055",6.302882441,4.60024533857971,3.6840645392724,5.51645734353351
"5268",3,"UKENSW_SWS_TP000055",NA,4.82839985548541,3.89516509544382,5.76108907488113
"5269",4,"UKENSW_SWS_TP000055",3.993671977,4.77208245723467,3.85551813148698,5.68980813517513
"5270",5,"UKENSW_SWS_TP000055",NA,4.99725701544019,4.06010203659052,5.93678402371772
"5271",6,"UKENSW_SWS_TP000055",4.596036099,5.12531138108901,4.2100008953785,6.04181833069057
"5272",7,"UKENSW_SWS_TP000055",NA,5.04241239711197,4.10016244714919,5.98698210089391
"5273",8,"UKENSW_SWS_TP000055",4.335708011,5.12184023938812,4.2074416854443,6.03738996832394
"5274",9,"UKENSW_SWS_TP000055",NA,5.31970081498336,4.3806249828103,6.25841875002452
"5275",10,"UKENSW_SWS_TP000055",6.036983024,5.48582120511752,4.57097566486635,6.40097089453509
"5276",11,"UKENSW_SWS_TP000055",NA,5.57825074810164,4.64042009282527,6.51888247530884
"5277",12,"UKENSW_SWS_TP000055",5.759966273,5.51696369922424,4.59983503675986,6.43357149599397
"5278",13,"UKENSW_SWS_TP000055",NA,5.40826933787051,4.46513719504504,6.35175766841521
"5279",14,"UKENSW_SWS_TP000055",4.996416455,5.48715073382125,4.57115095190473,6.40430733135213
"5280",15,"UKENSW_SWS_TP000055",NA,5.5008357435103,4.56287188355087,6.44117095975082
"5281",16,"UKENSW_SWS_TP000055",6.379669199,5.54941993579738,4.63406058728931,6.46493231511716
"5282",17,"UKENSW_SWS_TP000055",NA,5.46795537394022,4.53248753530291,6.40510081925042
"5283",18,"UKENSW_SWS_TP000055",5.902954292,5.37741012923397,4.46175251783686,6.29252096264051
"5284",19,"UKENSW_SWS_TP000055",NA,5.27352873137275,4.33212816453076,6.2142623127297
"5285",20,"UKENSW_SWS_TP000055",5.638119998,5.34546867251966,4.43033293765651,6.26019477980904
"5286",21,"UKENSW_SWS_TP000055",NA,5.30243505428283,4.36429182066621,6.23995482902974
"5287",22,"UKENSW_SWS_TP000055",4.759565967,5.21995030987038,4.30442185751684,6.13462211696055
"5288",23,"UKENSW_SWS_TP000055",NA,5.39353967840675,4.46006686114546,6.32783102383032
"5289",24,"UKENSW_SWS_TP000055",5.774240153,5.44310740528532,4.52705364580244,6.35841842528494
"5290",25,"UKENSW_SWS_TP000055",NA,5.3673724574459,4.42507665673677,6.30994734055065
"5291",26,"UKENSW_SWS_TP000055",6.50559217,5.31513324296406,4.39891806802764,6.23046209230356
"5292",27,"UKENSW_SWS_TP000055",NA,5.29424906601073,4.35319540234802,6.23415492137627
"5293",28,"UKENSW_SWS_TP000055",6.691075742,5.42261469622139,4.507225780941,6.33772313127914
"5294",29,"UKENSW_SWS_TP000055",NA,5.42599152875101,4.49069435447731,6.36186352848484
"5295",30,"UKENSW_SWS_TP000055",6.62335036,5.37915189140246,4.46377395803028,6.29436827813961
"5296",31,"UKENSW_SWS_TP000055",NA,5.27162542981941,4.31034499225311,6.2354868780513
"5297",32,"UKENSW_SWS_TP000055",4.42858317,5.26593397649569,4.34244324606881,6.18970588649048
"5298",33,"UKENSW_SWS_TP000055",NA,5.24940819533919,4.32356447046363,6.17602918568147
"5299",34,"UKENSW_SWS_TP000055",5.800434787,5.10550027513244,4.18950630849927,6.02103038450704
"5300",35,"UKENSW_SWS_TP000055",NA,5.05130394726149,4.112783523515,5.99019655258477
"5301",36,"UKENSW_SWS_TP000055",5.849451015,5.10406176252311,4.18917667817854,6.01943327976282
"5302",37,"UKENSW_SWS_TP000055",NA,5.4627914790612,4.52403639651912,6.40193187264281
"5303",38,"UKENSW_SWS_TP000055",5.27554939,5.47406221472758,4.55765642222845,6.38995780521399
"5304",39,"UKENSW_SWS_TP000055",NA,5.75655210778789,4.81974493091179,6.69652313774336
"5305",40,"UKENSW_SWS_TP000055",4.616319314,5.58155408102981,4.66156568680618,6.50135833893106
"5306",41,"UKENSW_SWS_TP000055",NA,5.72079692724948,4.78122731684005,6.6619151879139
"5307",42,"UKENSW_SWS_TP000055",4.845053739,5.68571746186049,4.77057409425361,6.60175571628572
"5308",43,"UKENSW_SWS_TP000055",NA,5.69087319684488,4.756519283642,6.62751606289609
"5309",44,"UKENSW_SWS_TP000055",5.442695811,5.59506872309054,4.67984622810217,6.5106309092306
"5310",45,"UKENSW_SWS_TP000055",NA,5.53328730356967,4.58089468899866,6.48559107979127
"5311",1,"UKENSW_SWS_TP000058",4.491545363,4.56856287941793,3.63155421990147,5.50273163061596
"5312",2,"UKENSW_SWS_TP000058",NA,4.54181431592255,3.63413905005655,5.45008354713025
"5313",3,"UKENSW_SWS_TP000058",5.165389497,4.79892512282036,3.87477209481481,5.72165939585951
"5314",4,"UKENSW_SWS_TP000058",NA,4.71498617965279,3.80560538615762,5.62661879455758
"5315",5,"UKENSW_SWS_TP000058",5.084754903,4.95413994889658,4.02941824367486,5.88084668025979
"5316",6,"UKENSW_SWS_TP000058",NA,5.10653439678385,4.19760117991305,6.01630762051661
"5317",7,"UKENSW_SWS_TP000058",5.055299516,5.0078636887257,4.07504178951196,5.94233306352008
"5318",8,"UKENSW_SWS_TP000058",NA,5.03797768165306,4.13131459451457,5.94504820875563
"5319",9,"UKENSW_SWS_TP000058",5.220751025,5.28475157744588,4.35533568013811,6.21334165285671
"5320",10,"UKENSW_SWS_TP000058",NA,5.41901697010046,4.51165466837097,6.3256407041025
"5321",11,"UKENSW_SWS_TP000058",5.71127096,5.54424603368438,4.61610803711532,6.47469985932036
"5322",12,"UKENSW_SWS_TP000058",NA,5.48407276988373,4.57588140262363,6.39126025863381
"5323",13,"UKENSW_SWS_TP000058",5.788407324,5.37102092410535,4.43746706194928,6.30444509530972
"5324",14,"UKENSW_SWS_TP000058",NA,5.44887366985924,4.54202592604886,6.35765184092763
"5325",15,"UKENSW_SWS_TP000058",5.049799296,5.46879798370894,4.54018282462159,6.3998062624753
"5326",16,"UKENSW_SWS_TP000058",NA,5.51855690253435,4.6117237021939,6.42529552392464
"5327",17,"UKENSW_SWS_TP000058",NA,5.43143265985874,4.50556153795274,6.3585243232498
"5328",18,"UKENSW_SWS_TP000058",5.445691242,5.34366449914203,4.43577401331129,6.25006770477746
"5329",19,"UKENSW_SWS_TP000058",5.174078389,5.22399779206838,4.29150883854663,6.15530139873675
"5330",20,"UKENSW_SWS_TP000058",NA,5.32796949625464,4.42073538554008,6.23457859172803
"5331",21,"UKENSW_SWS_TP000058",5.426587176,5.27010859206682,4.34082222315434,6.19755765179968
"5332",22,"UKENSW_SWS_TP000058",NA,5.2361159934133,4.32860008236846,6.14238755920777
"5333",23,"UKENSW_SWS_TP000058",6.11379283,5.36163775923744,4.43859015368652,6.28523426182722
"5334",24,"UKENSW_SWS_TP000058",NA,5.39955656022443,4.49075494893644,6.30591636087583
"5335",25,"UKENSW_SWS_TP000058",5.292357374,5.3583607761712,4.4283143259931,6.28821823067358
"5336",26,"UKENSW_SWS_TP000058",NA,5.30603898535847,4.39651159106365,6.21303274742923
"5337",27,"UKENSW_SWS_TP000058",4.892029221,5.27214915416296,4.34182526759892,6.20030909191316
"5338",28,"UKENSW_SWS_TP000058",NA,5.46780023281918,4.55976585781304,6.37437067466271
"5339",29,"UKENSW_SWS_TP000058",5.099368742,5.41413343479214,4.48843714194572,6.33939634433622
"5340",30,"UKENSW_SWS_TP000058",NA,5.36481682316549,4.45580423571235,6.2719362516786
"5341",31,"UKENSW_SWS_TP000058",NA,5.22490614897854,4.27516206497698,6.17625274799246
"5342",32,"UKENSW_SWS_TP000058",5.935948818,5.13966368808981,4.22539401728323,6.05405525376492
"5343",33,"UKENSW_SWS_TP000058",5.175937817,5.22457848703676,4.30872988440451,6.14070215502151
"5344",34,"UKENSW_SWS_TP000058",NA,5.06737472374677,4.15856438458536,5.97442929860336
"5345",35,"UKENSW_SWS_TP000058",4.644855652,5.01222789253048,4.0832005066792,5.9412582820097
"5346",36,"UKENSW_SWS_TP000058",NA,5.07483445637245,4.16820333558818,5.98198280123551
"5347",37,"UKENSW_SWS_TP000058",5.058011071,5.43164463645737,4.5040480872063,6.35914812580161
"5348",38,"UKENSW_SWS_TP000058",NA,5.47376638266373,4.56545176295263,6.38055663410547
"5349",39,"UKENSW_SWS_TP000058",5.344267484,5.71300712452806,4.78576653628122,6.64310696769513
"5350",40,"UKENSW_SWS_TP000058",NA,5.56749266413239,4.65780782389688,6.47623507835456
"5351",41,"UKENSW_SWS_TP000058",5.354512104,5.68835355463248,4.75810097725634,6.61908208989424
"5352",42,"UKENSW_SWS_TP000058",NA,5.67669621555802,4.77000805969909,6.58446999901187
"5353",43,"UKENSW_SWS_TP000058",5.444866173,5.65835681889226,4.73328415514959,6.5851217603107
"5354",44,"UKENSW_SWS_TP000058",NA,5.53489719439196,4.62789137286604,6.44100131154921
"5355",45,"UKENSW_SWS_TP000058",NA,5.49991007906359,4.55688268758263,6.44271544291936
"5356",1,"UKENSW_SWS_TP000059",NA,4.59031430838576,3.64669605844956,5.53097971388083
"5357",2,"UKENSW_SWS_TP000059",3.379757398,4.55729725943479,3.64455036106465,5.47055087658411
"5358",3,"UKENSW_SWS_TP000059",NA,4.82122392270669,3.89013664317305,5.75079621007087
"5359",4,"UKENSW_SWS_TP000059",4.97248547,4.72415052271615,3.80963100533595,5.64065374716388
"5360",5,"UKENSW_SWS_TP000059",4.885067397,4.97356572295462,4.04339018853395,5.90565549277076
"5361",6,"UKENSW_SWS_TP000059",NA,5.12769731983991,4.21315630762527,6.04306722158379
"5362",7,"UKENSW_SWS_TP000059",NA,5.02967529606051,4.0901738352986,5.97077627723453
"5363",8,"UKENSW_SWS_TP000059",4.603386154,5.05417108020881,4.14232125002872,5.96622413868373
"5364",9,"UKENSW_SWS_TP000059",NA,5.3066611717698,4.37078153414527,6.24163033173149
"5365",10,"UKENSW_SWS_TP000059",5.512680761,5.44066845560347,4.52835171285828,6.35214148370297
"5366",11,"UKENSW_SWS_TP000059",NA,5.56719917646561,4.63299018262151,6.50365980941385
"5367",12,"UKENSW_SWS_TP000059",5.726312118,5.50785101804673,4.59432722639089,6.42036314723972
"5368",13,"UKENSW_SWS_TP000059",NA,5.39519943768915,4.45519782177245,6.33503668265349
"5369",14,"UKENSW_SWS_TP000059",4.430097705,5.46678469669127,4.55481494171652,6.38060828786998
"5370",15,"UKENSW_SWS_TP000059",NA,5.49048100843807,4.55589593932195,6.42741976960414
"5371",16,"UKENSW_SWS_TP000059",5.88318205,5.53970128987859,4.62759639873781,6.45162048374425
"5372",17,"UKENSW_SWS_TP000059",NA,5.45208160261216,4.51976581175834,6.38557699136952
"5373",18,"UKENSW_SWS_TP000059",5.876488178,5.3667742801328,4.45368782634161,6.27830966436102
"5374",19,"UKENSW_SWS_TP000059",NA,5.24253544547535,4.30264334961592,6.18116046149
"5375",20,"UKENSW_SWS_TP000059",5.369022143,5.35039089163621,4.43824314458467,6.26188898003162
"5376",21,"UKENSW_SWS_TP000059",NA,5.29326390468757,4.35685422109659,6.22770424930081
"5377",22,"UKENSW_SWS_TP000059",5.6393231,5.26039759929802,4.34760333984458,6.17185589199556
"5378",23,"UKENSW_SWS_TP000059",NA,5.38237368956828,4.4529588188935,6.31230602562436
"5379",24,"UKENSW_SWS_TP000059",6.286730881,5.42414154028748,4.5100198556545,6.33577588829174
"5380",25,"UKENSW_SWS_TP000059",NA,5.38028206673629,4.4431516569644,6.31722533461251
"5381",26,"UKENSW_SWS_TP000059",5.654773292,5.33250492420487,4.41743813356328,6.24508316618964
"5382",27,"UKENSW_SWS_TP000059",NA,5.29437612200768,4.35703175506337,6.22949461413533
"5383",28,"UKENSW_SWS_TP000059",5.437481618,5.49814297461022,4.58484656448533,6.4100634426752
"5384",29,"UKENSW_SWS_TP000059",NA,5.43644414049839,4.50400205624214,6.36837092003752
"5385",30,"UKENSW_SWS_TP000059",5.843389932,5.39199400262259,4.47769497882352,6.30451342630016
"5386",31,"UKENSW_SWS_TP000059",NA,5.24601833795464,4.29082063461063,6.20273466506327
"5387",32,"UKENSW_SWS_TP000059",5.6248965,5.14608917763428,4.22575052650625,6.06596663436141
"5388",33,"UKENSW_SWS_TP000059",NA,5.24757017186091,4.3259104422794,6.16944299048738
"5389",34,"UKENSW_SWS_TP000059",5.557304666,5.0909586249833,4.17674064402321,6.00346457914539
"5390",35,"UKENSW_SWS_TP000059",NA,5.03152395726318,4.09583646235298,5.96726205869906
"5391",36,"UKENSW_SWS_TP000059",5.406741963,5.09356387723981,4.18179128065374,6.00586197786488
"5392",37,"UKENSW_SWS_TP000059",NA,5.45181976426571,4.51761558810941,6.38589537914611
"5393",38,"UKENSW_SWS_TP000059",5.977726061,5.50018363175188,4.58699877775242,6.41190390419706
"5394",39,"UKENSW_SWS_TP000059",NA,5.73203051428767,4.79855202529374,6.6684429397071
"5395",40,"UKENSW_SWS_TP000059",5.436722849,5.58846721393805,4.67305449849601,6.50295693298653
"5396",41,"UKENSW_SWS_TP000059",NA,5.70856181821527,4.77086494386023,6.64662946852404
"5397",42,"UKENSW_SWS_TP000059",4.385050336,5.69810739037253,4.78642261868617,6.61102190701751
"5398",43,"UKENSW_SWS_TP000059",NA,5.6782596000354,4.74659835504645,6.61168069291742
"5399",44,"UKENSW_SWS_TP000059",5.126924023,5.55410897348689,4.64192709142875,6.4653876050025
"5400",45,"UKENSW_SWS_TP000059",NA,5.51912741498875,4.56988591027742,6.46820444434678
"3331",1,"UKENNW_UU_TP000017",NA,4.42699604383716,3.49978571525372,5.35361549478873
"3332",2,"UKENNW_UU_TP000017",NA,4.56702579618254,3.67051605703568,5.46247603089535
"3333",3,"UKENNW_UU_TP000017",NA,4.69454946805963,3.78092470627709,5.60716427171088
"3334",4,"UKENNW_UU_TP000017",NA,4.78991247195599,3.89378523727537,5.6851705439109
"3335",5,"UKENNW_UU_TP000017",NA,4.87155704649577,3.95195169864196,5.79272217752364
"3336",6,"UKENNW_UU_TP000017",NA,4.99734921816329,4.10388016532118,5.89357666945277
"3337",7,"UKENNW_UU_TP000017",NA,4.9131649647496,3.98590126680507,5.84174977827762
"3338",8,"UKENNW_UU_TP000017",NA,4.97100375744039,4.07660537791237,5.86717460595746
"3339",9,"UKENNW_UU_TP000017",NA,5.05374499792391,4.14592392453214,5.96046841609528
"3340",10,"UKENNW_UU_TP000017",NA,5.18021447287412,4.29354797139385,6.06899118783739
"3341",11,"UKENNW_UU_TP000017",NA,5.41326896946284,4.49344649950589,6.33486338456008
"3342",12,"UKENNW_UU_TP000017",NA,5.30460084318822,4.4109991614807,6.20174825998124
"3343",13,"UKENNW_UU_TP000017",NA,5.2945968692587,4.38730305395292,6.20262055460598
"3344",14,"UKENNW_UU_TP000017",NA,5.37281796835583,4.48762727478614,6.26107312167051
"3345",15,"UKENNW_UU_TP000017",NA,5.34513405222309,4.42613261483373,6.26646136311344
"3346",16,"UKENNW_UU_TP000017",NA,5.30068479015124,4.41385584846497,6.19028346284363
"3347",17,"UKENNW_UU_TP000017",NA,5.25370191538296,4.33945198308923,6.1688628938137
"3348",18,"UKENNW_UU_TP000017",NA,5.28106238003823,4.39598273478915,6.16797593176387
"3349",19,"UKENNW_UU_TP000017",NA,5.14469076288974,4.22619674496732,6.06461040604472
"3350",20,"UKENNW_UU_TP000017",NA,5.20226417235325,4.31707333355992,6.08801317598672
"3351",21,"UKENNW_UU_TP000017",NA,5.12582721663225,4.20773273776545,6.04515858504741
"3352",22,"UKENNW_UU_TP000017",NA,5.05384277905315,4.168710269967,5.94111630228867
"3353",23,"UKENNW_UU_TP000017",NA,5.24003483515037,4.32453733932456,6.15842718013917
"3354",24,"UKENNW_UU_TP000017",NA,5.16397897038556,4.27706099634718,6.04931293647134
"3355",25,"UKENNW_UU_TP000017",NA,5.24984368491018,4.32681147625712,6.17257943278859
"3356",26,"UKENNW_UU_TP000017",NA,5.1192112877807,4.23346116772852,6.00498188364088
"3357",27,"UKENNW_UU_TP000017",NA,5.13603904923775,4.21661486172365,6.05789284593537
"3358",28,"UKENNW_UU_TP000017",NA,5.16549057866124,4.26818472052411,6.06029042856706
"3359",29,"UKENNW_UU_TP000017",NA,5.35089059510785,4.44697571210496,6.25696831361244
"3360",30,"UKENNW_UU_TP000017",NA,5.03371250259506,4.14588903453205,5.92073052696812
"3361",31,"UKENNW_UU_TP000017",5.215946613,5.14902488008779,4.19698227364782,6.10379390156802
"3362",32,"UKENNW_UU_TP000017",NA,5.25671773308007,4.35714692863049,6.15212486589648
"3363",33,"UKENNW_UU_TP000017",5.594070174,5.10858119158797,4.21472855790403,6.00152273911402
"3364",34,"UKENNW_UU_TP000017",NA,4.7955062840188,3.9110319638075,5.67958729716071
"3365",35,"UKENNW_UU_TP000017",5.253328663,4.9359188269127,4.01150392253427,5.85947131351408
"3366",36,"UKENNW_UU_TP000017",NA,5.08392715109411,4.19980966063664,5.96655708035719
"3367",37,"UKENNW_UU_TP000017",5.957910281,5.36730770138608,4.44649952416156,6.28752394202621
"3368",38,"UKENNW_UU_TP000017",NA,5.47229599801389,4.58748731416725,6.35606478910303
"3369",39,"UKENNW_UU_TP000017",6.595896989,5.60467264815974,4.68484621720708,6.52636616398437
"3370",40,"UKENNW_UU_TP000017",NA,5.64759173728621,4.76313023994385,6.53164636443552
"3371",41,"UKENNW_UU_TP000017",5.10918907,5.58726529756095,4.66660703003701,6.5088258197478
"3372",42,"UKENNW_UU_TP000017",NA,5.73258777149657,4.84813180548625,6.61635741244096
"3373",43,"UKENNW_UU_TP000017",5.961190632,5.54040823673042,4.63266247576523,6.44943944234209
"3374",44,"UKENNW_UU_TP000017",NA,5.59602163183498,4.70983170866276,6.48448776113226
"3375",45,"UKENNW_UU_TP000017",6.241937148,5.37560269364461,4.43819683673531,6.31021333222373
"3466",1,"UKENNW_UU_TP000023",NA,4.45698383133227,3.54266403355035,5.37048629297658
"3467",2,"UKENNW_UU_TP000023",NA,4.60898181605305,3.72527143112917,5.49220386677349
"3468",3,"UKENNW_UU_TP000023",NA,4.73435298553945,3.83366526920617,5.6343264257959
"3469",4,"UKENNW_UU_TP000023",NA,4.82550377930119,3.94156442203836,5.70861759227217
"3470",5,"UKENNW_UU_TP000023",NA,4.90379746271083,3.99679061129237,5.812327319727
"3471",6,"UKENNW_UU_TP000023",NA,5.04384724853318,4.16268982237266,5.92772314721121
"3472",7,"UKENNW_UU_TP000023",NA,4.9489868673135,4.03389431328134,5.86548636123626
"3473",8,"UKENNW_UU_TP000023",NA,5.01426066201356,4.13300752953298,5.89751608825228
"3474",9,"UKENNW_UU_TP000023",NA,5.08499346048578,4.19525739733423,5.97304553734303
"3475",10,"UKENNW_UU_TP000023",NA,5.2167216240612,4.3470226173511,6.08734348625414
"3476",11,"UKENNW_UU_TP000023",NA,5.45109550309124,4.54396640499061,6.3600216373623
"3477",12,"UKENNW_UU_TP000023",NA,5.34412138754411,4.4626663264344,6.22911850214159
"3478",13,"UKENNW_UU_TP000023",NA,5.32358501352198,4.43428880567642,6.21321352967256
"3479",14,"UKENNW_UU_TP000023",NA,5.42598064785345,4.55753692992448,6.29739133666095
"3480",15,"UKENNW_UU_TP000023",NA,5.38308970348001,4.47674578731985,6.29175487676246
"3481",16,"UKENNW_UU_TP000023",NA,5.34629345624899,4.47662941160753,6.2180965426217
"3482",17,"UKENNW_UU_TP000023",NA,5.29760319983779,4.39608508866041,6.20021611333309
"3483",18,"UKENNW_UU_TP000023",NA,5.32549891659121,4.45710809424343,6.19591411391498
"3484",19,"UKENNW_UU_TP000023",NA,5.19262216168534,4.2866208781003,6.10019644553183
"3485",20,"UKENNW_UU_TP000023",NA,5.24004803554291,4.37167796788867,6.10900630873205
"3486",21,"UKENNW_UU_TP000023",NA,5.16140222038906,4.25570975975757,6.06829312310477
"3487",22,"UKENNW_UU_TP000023",NA,5.08905316458282,4.22046634754919,5.95900204221242
"3488",23,"UKENNW_UU_TP000023",NA,5.28484939072368,4.38231332024939,6.19016094703511
"3489",24,"UKENNW_UU_TP000023",NA,5.17806038254252,4.3069792685899,6.04638130252658
"3490",25,"UKENNW_UU_TP000023",NA,5.28288098491382,4.37221021067323,6.19329386173512
"3491",26,"UKENNW_UU_TP000023",NA,5.14092747872022,4.27177443024435,6.00960266400933
"3492",27,"UKENNW_UU_TP000023",NA,5.17564758617064,4.26903941402639,6.08439147819582
"3493",28,"UKENNW_UU_TP000023",NA,5.21445349929072,4.33029171951028,6.09690496080465
"3494",29,"UKENNW_UU_TP000023",NA,5.39474190275462,4.50895727868233,6.28304227198213
"3495",30,"UKENNW_UU_TP000023",NA,5.07548915277304,4.20474618667918,5.94581732574874
"3496",31,"UKENNW_UU_TP000023",5.858047802,5.18228045175409,4.24253579735,6.12470634913252
"3497",32,"UKENNW_UU_TP000023",NA,5.29358475543773,4.4055355053443,6.17779675714752
"3498",33,"UKENNW_UU_TP000023",5.215060164,5.1506662115788,4.27554746958569,6.02523911167277
"3499",34,"UKENNW_UU_TP000023",NA,4.82838724348509,3.96019811612906,5.69622707875021
"3500",35,"UKENNW_UU_TP000023",5.237177117,4.97060984734588,4.05795660664175,5.88248422790165
"3501",36,"UKENNW_UU_TP000023",NA,5.11636759320876,4.24922977255421,5.98244373570329
"3502",37,"UKENNW_UU_TP000023",6.529515053,5.40641936100602,4.49812040185134,6.31429735446307
"3503",38,"UKENNW_UU_TP000023",NA,5.52006574954387,4.6519555559165,6.38783412593693
"3504",39,"UKENNW_UU_TP000023",5.969476278,5.64287928817804,4.73471630877878,6.55291738612277
"3505",40,"UKENNW_UU_TP000023",NA,5.69571131836674,4.82851666416313,6.56326686233314
"3506",41,"UKENNW_UU_TP000023",6.508717172,5.62517592046132,4.71748512023659,6.53395065093949
"3507",42,"UKENNW_UU_TP000023",NA,5.76757568262292,4.89962371518333,6.63514790676589
"3508",43,"UKENNW_UU_TP000023",6.080319225,5.57354783515989,4.67732760324601,6.4708680527598
"3509",44,"UKENNW_UU_TP000023",NA,5.65024619220291,4.78092573703906,6.52255257989318
"3510",45,"UKENNW_UU_TP000023",6.761839323,5.41613240737599,4.4929925359714,6.33663948792534
"4006",1,"UKENNW_UU_TP000095",NA,4.43933461977601,3.49557599663179,5.38217492261891
"4007",2,"UKENNW_UU_TP000095",4.575183615,4.5506333519578,3.63435953380991,5.46439378302787
"4008",3,"UKENNW_UU_TP000095",4.948828409,4.69935303324144,3.76793614446505,5.62928646726993
"4009",4,"UKENNW_UU_TP000095",NA,4.77733556917754,3.86126769452231,5.69168929704819
"4010",5,"UKENNW_UU_TP000095",NA,4.87579938848751,3.93862868065011,5.81426298117634
"4011",6,"UKENNW_UU_TP000095",5.045462244,4.99128497720797,4.07811925350172,5.90624427318201
"4012",7,"UKENNW_UU_TP000095",NA,4.91433452206396,3.9707531119187,5.85886692791382
"4013",8,"UKENNW_UU_TP000095",5.136088522,4.96165982975166,4.04706402572221,5.87682869780128
"4014",9,"UKENNW_UU_TP000095",NA,5.08241450893966,4.15265135759203,6.01217383409762
"4015",10,"UKENNW_UU_TP000095",5.621257634,5.20259506279183,4.29290180110845,6.11512944233506
"4016",11,"UKENNW_UU_TP000095",NA,5.41067347048004,4.47370240054464,6.34908675956031
"4017",12,"UKENNW_UU_TP000095",5.952872338,5.32046747446861,4.40748265226889,6.23610793474913
"4018",13,"UKENNW_UU_TP000095",NA,5.30567306686875,4.37598957230114,6.23622842926886
"4019",14,"UKENNW_UU_TP000095",5.981031724,5.36562042929714,4.45631136943578,6.27706284263717
"4020",15,"UKENNW_UU_TP000095",NA,5.34625414986012,4.41014956125827,6.28421808791867
"4021",16,"UKENNW_UU_TP000095",5.505842067,5.32153606354567,4.41020952423725,6.23564894352889
"4022",17,"UKENNW_UU_TP000095",NA,5.26313869428105,4.32922861254197,6.19771374184203
"4023",18,"UKENNW_UU_TP000095",5.19005681,5.27210853549294,4.36246028273384,6.18201897398315
"4024",19,"UKENNW_UU_TP000095",NA,5.14736812432141,4.21055196554049,6.08490452747223
"4025",20,"UKENNW_UU_TP000095",5.760708259,5.20614787043333,4.29635158912572,6.11558033655007
"4026",21,"UKENNW_UU_TP000095",NA,5.14101992759063,4.2051029704005,6.07783424909706
"4027",22,"UKENNW_UU_TP000095",5.340654066,5.06803411890191,4.15896374100966,5.97906566338071
"4028",23,"UKENNW_UU_TP000095",NA,5.23874321856176,4.3063271421348,6.17354987168171
"4029",24,"UKENNW_UU_TP000095",4.943719182,5.19949901653007,4.28995096747778,6.10897478967258
"4030",25,"UKENNW_UU_TP000095",NA,5.25088042608657,4.30941873048995,6.19159482706262
"4031",26,"UKENNW_UU_TP000095",5.509848977,5.15546352382704,4.24629057808767,6.06504605535807
"4032",27,"UKENNW_UU_TP000095",NA,5.14560292828348,4.20892892962193,6.08435904980025
"4033",28,"UKENNW_UU_TP000095",3.744620203,5.18162423124144,4.2645110241794,6.0961664697795
"4034",29,"UKENNW_UU_TP000095",NA,5.33851517144603,4.41099724347627,6.26681295484837
"4035",30,"UKENNW_UU_TP000095",5.665138463,5.07285172320773,4.1619430796146,5.98393707081668
"4036",31,"UKENNW_UU_TP000095",NA,5.15341550698233,4.18606916430944,6.12342761926876
"4037",32,"UKENNW_UU_TP000095",NA,5.24144072601122,4.32344328085297,6.15507457697973
"4038",33,"UKENNW_UU_TP000095",5.613482042,5.10596184362277,4.18797821627446,6.02259500505939
"4039",34,"UKENNW_UU_TP000095",5.171593572,4.82969725472013,3.92112055915206,5.73881042736893
"4040",35,"UKENNW_UU_TP000095",NA,4.93918811391688,3.99781383193292,5.87927852104246
"4041",36,"UKENNW_UU_TP000095",3.464074923,5.06695673007221,4.15712066640068,5.97414754188494
"4042",37,"UKENNW_UU_TP000095",NA,5.36310055354118,4.42444517132952,6.30057387105171
"4043",38,"UKENNW_UU_TP000095",6.015231333,5.43611679154698,4.52549498199702,6.34369220541706
"4044",39,"UKENNW_UU_TP000095",NA,5.60755921281423,4.67030291444183,6.54643987466448
"4045",40,"UKENNW_UU_TP000095",6.320451311,5.61956881145733,4.70973258692778,6.52714800403248
"4046",41,"UKENNW_UU_TP000095",NA,5.59238561704972,4.65318336679421,6.53211789081973
"4047",42,"UKENNW_UU_TP000095",6.243847441,5.70672236720047,4.79648519778962,6.61449429673958
"4048",43,"UKENNW_UU_TP000095",NA,5.54715571357673,4.61896290250602,6.4765484792159
"4049",44,"UKENNW_UU_TP000095",6.052441799,5.5534193057724,4.64231209362818,6.46392502439196
"4050",45,"UKENNW_UU_TP000095",NA,5.37637219306554,4.41948559674322,6.33012094349476
"4141",1,"UKENNW_UU_TP000110",3.761105446,4.24190872252628,3.30647045706576,5.1771398069218
"4142",2,"UKENNW_UU_TP000110",NA,4.37989196418978,3.47853563217765,5.28012698893748
"4143",3,"UKENNW_UU_TP000110",3.687353013,4.50438007797147,3.58343810379926,5.42433373241638
"4144",4,"UKENNW_UU_TP000110",NA,4.60507112962283,3.70379579024779,5.50608594294148
"4145",5,"UKENNW_UU_TP000110",4.597990899,4.68625402783268,3.75918033171115,5.61512372455577
"4146",6,"UKENNW_UU_TP000110",NA,4.8035149932672,3.90486830634046,5.70536211555028
"4147",7,"UKENNW_UU_TP000110",NA,4.72631833341432,3.79167758620187,5.6623969672664
"4148",8,"UKENNW_UU_TP000110",NA,4.78241229435205,3.8822708765082,5.68464749440829
"4149",9,"UKENNW_UU_TP000110",4.940220886,4.86897183112784,3.95075409587394,5.78662593933069
"4150",10,"UKENNW_UU_TP000110",NA,4.99088330805972,4.0964809983877,5.88846167083175
"4151",11,"UKENNW_UU_TP000110",4.689830094,5.22711697326987,4.30004066714952,6.15601424613126
"4152",12,"UKENNW_UU_TP000110",NA,5.10742504456479,4.2089561159053,6.00940779765661
"4153",13,"UKENNW_UU_TP000110",5.00530478,5.11030979595449,4.19168150654439,6.03022434752322
"4154",14,"UKENNW_UU_TP000110",NA,5.17199492430747,4.27883695582843,6.06836976637847
"4155",15,"UKENNW_UU_TP000110",4.935478151,5.1564272576355,4.22999017352775,6.08526377043826
"4156",16,"UKENNW_UU_TP000110",NA,5.09972145486076,4.20436111022853,5.99865833571202
"4157",17,"UKENNW_UU_TP000110",5.312246448,5.05510208993864,4.13362260038173,5.97756863464309
"4158",18,"UKENNW_UU_TP000110",NA,5.08112599722176,4.18769077782377,5.97652820248535
"4159",19,"UKENNW_UU_TP000110",3.169222323,4.94260763570029,4.0161244929358,5.87070096038636
"4160",20,"UKENNW_UU_TP000110",NA,5.01395777978232,4.12032630093879,5.90884020324568
"4161",21,"UKENNW_UU_TP000110",3.830698742,4.93273347343006,4.00669653578673,5.86029935386223
"4162",22,"UKENNW_UU_TP000110",NA,4.86202234359579,3.96844222408194,5.75891990304309
"4163",23,"UKENNW_UU_TP000110",4.698357396,5.04537489624559,4.12230897285284,5.97146866856114
"4164",24,"UKENNW_UU_TP000110",NA,4.99247393840351,4.09835683043274,5.88626296439633
"4165",25,"UKENNW_UU_TP000110",4.579585658,5.06895651259613,4.13889697975649,5.99891600912877
"4166",26,"UKENNW_UU_TP000110",NA,4.93151807443586,4.03786090163605,5.82549501442674
"4167",27,"UKENNW_UU_TP000110",4.35774699,4.94384488330416,4.01675649595713,5.87361670539614
"4168",28,"UKENNW_UU_TP000110",NA,4.96840942481563,4.06581663536821,5.8677111651275
"4169",29,"UKENNW_UU_TP000110",3.680872939,5.15822743301783,4.24330519987828,6.07476288793218
"4170",30,"UKENNW_UU_TP000110",NA,4.82740429802428,3.93098491632605,5.72163627347642
"4171",31,"UKENNW_UU_TP000110",NA,4.96280577920511,4.00399196143646,5.92421543242625
"4172",32,"UKENNW_UU_TP000110",5.33558922,5.07830482290746,4.17503509698008,5.97703239405551
"4173",33,"UKENNW_UU_TP000110",4.109511829,4.92161687572248,4.01801311110747,5.82415038951963
"4174",34,"UKENNW_UU_TP000110",NA,4.60129676571347,3.70945864780064,5.49209234299143
"4175",35,"UKENNW_UU_TP000110",4.398140481,4.74907426257005,3.81762708531809,5.67968408713117
"4176",36,"UKENNW_UU_TP000110",NA,4.9071666845175,4.01573678214333,5.79721221996806
"4177",37,"UKENNW_UU_TP000110",4.150197977,5.17833581649776,4.2499837621503,6.10620639619416
"4178",38,"UKENNW_UU_TP000110",NA,5.28507792198188,4.39298346041274,6.17635968527995
"4179",39,"UKENNW_UU_TP000110",5.085804737,5.41333410505034,4.48632599295905,6.34256300249949
"4180",40,"UKENNW_UU_TP000110",NA,5.46045747275599,4.56907106836033,6.35097715456037
"4181",41,"UKENNW_UU_TP000110",5.303138113,5.399253249194,4.47111477447586,6.32827797935672
"4182",42,"UKENNW_UU_TP000110",NA,5.55261465841619,4.66158272261514,6.44345293446751
"4183",43,"UKENNW_UU_TP000110",5.059915186,5.35216089546326,4.4391699095975,6.26652780312561
"4184",44,"UKENNW_UU_TP000110",NA,5.40133626878776,4.50718587074331,6.29737343705198
"4185",45,"UKENNW_UU_TP000110",NA,5.18817544704784,4.24407292200168,6.12951653473888
"406",1,"UKENAN_AW_TP000107",NA,4.31761575123163,3.40851158626636,5.22578481305641
"407",2,"UKENAN_AW_TP000107",3.551756597,4.26433884005816,3.40166427333414,5.12611918018282
"408",3,"UKENAN_AW_TP000107",NA,4.58999891210367,3.69571710251416,5.48551355782676
"409",4,"UKENAN_AW_TP000107",4.566287062,4.64178088739471,3.78087832693034,5.50515853112711
"410",5,"UKENAN_AW_TP000107",NA,4.72467067788741,3.82207129662111,5.62966901268007
"411",6,"UKENAN_AW_TP000107",5.068436406,5.07873921366922,4.21719529922828,5.94152665063847
"412",7,"UKENAN_AW_TP000107",NA,4.84733926965519,3.94087154828624,5.75585534483214
"413",8,"UKENAN_AW_TP000107",4.816589536,4.83033252946081,3.96650516276411,5.69147195489658
"414",9,"UKENAN_AW_TP000107",NA,5.05468299074645,4.15148851036341,5.95831302690324
"415",10,"UKENAN_AW_TP000107",5.643958124,5.20379925269582,4.34260174579981,6.06525770984099
"416",11,"UKENAN_AW_TP000107",NA,5.32550840944235,4.42209012019463,6.23158778810715
"417",12,"UKENAN_AW_TP000107",5.309839904,5.20658232044506,4.34608787685643,6.07009479308731
"418",13,"UKENAN_AW_TP000107",NA,5.19631712350464,4.29177412378027,6.10254205140809
"419",14,"UKENAN_AW_TP000107",5.111161561,5.47636012362915,4.61477504665592,6.33968534595975
"420",15,"UKENAN_AW_TP000107",NA,5.25283856306205,4.34709015005188,6.16151121630105
"421",16,"UKENAN_AW_TP000107",6.213365056,5.37716110089691,4.51656400368568,6.23906479631063
"422",17,"UKENAN_AW_TP000107",NA,5.21924829550161,4.31756039371157,6.12290470919149
"423",18,"UKENAN_AW_TP000107",4.816618554,5.04694737435733,4.18645414278146,5.90835049450954
"424",19,"UKENAN_AW_TP000107",NA,5.04549467741076,4.13951957810468,5.95165371263987
"425",20,"UKENAN_AW_TP000107",4.306249197,5.04216426021035,4.18147821095635,5.90368605548207
"426",21,"UKENAN_AW_TP000107",NA,5.08057879837277,4.17940871480357,5.98264802988824
"427",22,"UKENAN_AW_TP000107",4.999254955,4.92003628634864,4.05909371611537,5.78236251550673
"428",23,"UKENAN_AW_TP000107",NA,5.15687445677045,4.2586455971094,6.05595265035006
"429",24,"UKENAN_AW_TP000107",4.831114235,5.17848700171902,4.31778622716393,6.03991275837905
"430",25,"UKENAN_AW_TP000107",NA,5.17030082703948,4.2658493267822,6.07620956609628
"431",26,"UKENAN_AW_TP000107",5.016731889,4.99478824442358,4.13415775510958,5.85606605740344
"432",27,"UKENAN_AW_TP000107",NA,5.07490655299786,4.17271564001045,5.97734847675185
"433",28,"UKENAN_AW_TP000107",4.580941849,5.24750795199151,4.38698864201658,6.10850744814338
"434",29,"UKENAN_AW_TP000107",NA,5.17819732342756,4.27656260325683,6.08141075098514
"435",30,"UKENAN_AW_TP000107",4.750088964,5.0400847849929,4.18017583103248,5.90106511553131
"436",31,"UKENAN_AW_TP000107",NA,4.94625544682307,4.0037724409286,5.8879948720912
"437",32,"UKENAN_AW_TP000107",4.483302645,4.90290189749195,4.0410040087575,5.76640328066602
"438",33,"UKENAN_AW_TP000107",NA,5.00418325594317,4.11546943759752,5.89430351067091
"439",34,"UKENAN_AW_TP000107",3.726779543,4.66144868539554,3.79708723672964,5.52321880491795
"440",35,"UKENAN_AW_TP000107",NA,4.81152245549481,3.90843842729379,5.71486292816418
"441",36,"UKENAN_AW_TP000107",4.274516404,4.86200994749807,4.00004919055672,5.72317371316684
"442",37,"UKENAN_AW_TP000107",NA,5.20972341800914,4.303172128852,6.11733326439051
"443",38,"UKENAN_AW_TP000107",5.634900504,5.33066243006227,4.4695821620696,6.19438625160804
"444",39,"UKENAN_AW_TP000107",NA,5.50457803604514,4.60173596402878,6.4101827535641
"445",40,"UKENAN_AW_TP000107",4.84136247,5.39466464337049,4.53204486026586,6.25809788305454
"446",41,"UKENAN_AW_TP000107",NA,5.53555896663437,4.63071901223675,6.44384844152365
"447",42,"UKENAN_AW_TP000107",4.664392204,5.39764425619616,4.53358549398422,6.26101462159415
"448",43,"UKENAN_AW_TP000107",NA,5.47840692754006,4.57783757000547,6.37923353283621
"449",44,"UKENAN_AW_TP000107",5.410674671,5.35393019577816,4.48990988864215,6.22378179369823
"450",45,"UKENAN_AW_TP000107",NA,5.33923888679459,4.41869033494713,6.25871304811002
"1261",1,"UKENMI_ST_TP000068",NA,4.04965038302865,3.11784104296034,4.98163858874764
"1262",2,"UKENMI_ST_TP000068",3.331671957,4.16997781951571,3.26506674375505,5.07509324278987
"1263",3,"UKENMI_ST_TP000068",NA,4.33500047330821,3.42178345800661,5.24927837469258
"1264",4,"UKENMI_ST_TP000068",4.580757335,4.36354533643414,3.45857305626217,5.26872169117066
"1265",5,"UKENMI_ST_TP000068",NA,4.504268720063,3.57955685065474,5.43250743446178
"1266",6,"UKENMI_ST_TP000068",4.877575276,4.74135244668523,3.84058704042128,5.64152570836354
"1267",7,"UKENMI_ST_TP000068",NA,4.5899475144758,3.66018062731649,5.52127414478904
"1268",8,"UKENMI_ST_TP000068",5.0017039,4.66694029254547,3.7669573026115,5.56733472843941
"1269",9,"UKENMI_ST_TP000068",NA,4.76760419356877,3.83826843331791,5.6958510809387
"1270",10,"UKENMI_ST_TP000068",5.336994622,5.03963746622173,4.1366957332113,5.94323736715492
"1271",11,"UKENMI_ST_TP000068",NA,5.1461582048383,4.22426244071075,6.07014310037402
"1272",12,"UKENMI_ST_TP000068",5.846044623,4.98292626703254,4.08324407692506,5.88257253884809
"1273",13,"UKENMI_ST_TP000068",NA,5.02316564298217,4.0962078896496,5.95174915042408
"1274",14,"UKENMI_ST_TP000068",4.786244627,4.99186097256133,4.09124157604985,5.89130826107836
"1275",15,"UKENMI_ST_TP000068",NA,4.98321502761631,4.05538059231077,5.91317454539889
"1276",16,"UKENMI_ST_TP000068",5.537171096,5.14433244596038,4.24140917309961,6.05003556455298
"1277",17,"UKENMI_ST_TP000068",NA,4.97033275390517,4.05119571677486,5.89310516423777
"1278",18,"UKENMI_ST_TP000068",5.208791754,4.82967776162723,3.92995325168932,5.7318550339375
"1279",19,"UKENMI_ST_TP000068",NA,4.79122101376497,3.86345227044353,5.71938116862773
"1280",20,"UKENMI_ST_TP000068",2.748579374,4.74203387827751,3.83961807929776,5.64912294543334
"1281",21,"UKENMI_ST_TP000068",NA,4.75590570973773,3.83296403857024,5.67796647584723
"1282",22,"UKENMI_ST_TP000068",4.725492137,4.69462779058713,3.79609106518188,5.59761783788412
"1283",23,"UKENMI_ST_TP000068",NA,4.94090379441556,4.01935611633632,5.86398386076426
"1284",24,"UKENMI_ST_TP000068",5.068118434,4.89340423482779,3.99019042043863,5.79250762140401
"1285",25,"UKENMI_ST_TP000068",NA,4.90625045042355,3.98002851352178,5.8341609601744
"1286",26,"UKENMI_ST_TP000068",4.961353715,4.78964992619258,3.89115611285083,5.69012464363511
"1287",27,"UKENMI_ST_TP000068",NA,4.82015517253013,3.89382967185852,5.74696158194578
"1288",28,"UKENMI_ST_TP000068",3.774596892,5.00737995584911,4.10648464540376,5.90702017298398
"1289",29,"UKENMI_ST_TP000068",NA,4.89539387913893,3.9719890535874,5.82265644307869
"1290",30,"UKENMI_ST_TP000068",5.115611411,4.80957199975397,3.91086490225734,5.70969887513407
"1291",31,"UKENMI_ST_TP000068",NA,4.73253392235037,3.76881103986514,5.69598055954682
"1292",32,"UKENMI_ST_TP000068",5.072224037,4.80310152775814,3.90545724708322,5.69951123655676
"1293",33,"UKENMI_ST_TP000068",NA,4.75539453895617,3.84134350261812,5.67107018357134
"1294",34,"UKENMI_ST_TP000068",4.417241895,4.3654171253074,3.46343344872969,5.26748845885127
"1295",35,"UKENMI_ST_TP000068",NA,4.54875554672962,3.62301254004843,5.47677110648282
"1296",36,"UKENMI_ST_TP000068",4.490097959,4.59309724372069,3.69391515916111,5.49294612766275
"1297",37,"UKENMI_ST_TP000068",NA,4.91832380046629,3.98961207096919,5.8460967241216
"1298",38,"UKENMI_ST_TP000068",4.297444873,4.92398668058735,4.02038804559035,5.82769657320007
"1299",39,"UKENMI_ST_TP000068",NA,5.27884534024691,4.35973613255726,6.2013542240733
"1300",40,"UKENMI_ST_TP000068",5.555637278,5.0582909181052,4.15551631274785,5.95827970409343
"1301",41,"UKENMI_ST_TP000068",NA,5.25688582896144,4.33187493572058,6.18565287383588
"1302",42,"UKENMI_ST_TP000068",5.360972728,5.20177666472222,4.30314231360981,6.10306143933131
"1303",43,"UKENMI_ST_TP000068",NA,5.25070145684276,4.32759576614927,6.1733340802522
"1304",44,"UKENMI_ST_TP000068",5.404135609,5.08195282587236,4.18285728635144,5.98258875578079
"1305",45,"UKENMI_ST_TP000068",NA,5.08470799775893,4.13266857784449,6.03512092547731
"1756",1,"UKENMI_ST_TP000182",NA,4.28421040419068,3.35611030613104,5.21142024741758
"1757",2,"UKENMI_ST_TP000182",4.344655137,4.35642822591734,3.45631798768276,5.2558889093044
"1758",3,"UKENMI_ST_TP000182",NA,4.57139962247442,3.66271019917473,5.48128012255987
"1759",4,"UKENMI_ST_TP000182",5.229375503,4.58003699857265,3.67921142496929,5.47972979073463
"1760",5,"UKENMI_ST_TP000182",NA,4.71674364049763,3.79527833022797,5.64047025588554
"1761",6,"UKENMI_ST_TP000182",NA,4.96534218667545,4.06746555554216,5.86060037580133
"1762",7,"UKENMI_ST_TP000182",5.910063537,4.80801054705081,3.88147502376675,5.73519917704096
"1763",8,"UKENMI_ST_TP000182",5.412323376,4.87315726564169,3.9769552003455,5.7679136513472
"1764",9,"UKENMI_ST_TP000182",NA,5.0056613580094,4.0829417114925,5.92793854348166
"1765",10,"UKENMI_ST_TP000182",6.085661936,5.23758249528054,4.33999771928861,6.13376933261028
"1766",11,"UKENMI_ST_TP000182",NA,5.32225556809896,4.40155760086991,6.24358177965157
"1767",12,"UKENMI_ST_TP000182",5.863077208,5.21474093835795,4.32034760490469,6.11081229732089
"1768",13,"UKENMI_ST_TP000182",NA,5.20674903555634,4.28416862405472,6.12971672044281
"1769",14,"UKENMI_ST_TP000182",5.821166509,5.25980948911396,4.36322194065924,6.15400327872672
"1770",15,"UKENMI_ST_TP000182",NA,5.21210590849048,4.28975484792506,6.13638883028142
"1771",16,"UKENMI_ST_TP000182",5.349148701,5.37438395137702,4.47869696561001,6.27170749399131
"1772",17,"UKENMI_ST_TP000182",NA,5.1942175443907,4.27583753327468,6.11413074272869
"1773",18,"UKENMI_ST_TP000182",5.151365864,5.08572502335164,4.1917087443134,5.98254420739079
"1774",19,"UKENMI_ST_TP000182",NA,5.01474133745756,4.09109336566527,5.93769830243304
"1775",20,"UKENMI_ST_TP000182",6.020334407,4.97169023650282,4.07603847723583,5.87097093139841
"1776",21,"UKENMI_ST_TP000182",NA,5.00617551545433,4.08588677620476,5.92605992810547
"1777",22,"UKENMI_ST_TP000182",4.670733292,4.94641777124748,4.05207560784714,5.84420472055888
"1778",23,"UKENMI_ST_TP000182",NA,5.14464104688162,4.22733994627229,6.06172663470014
"1779",24,"UKENMI_ST_TP000182",5.632390743,5.12307624976253,4.22478364335301,6.01713964765788
"1780",25,"UKENMI_ST_TP000182",NA,5.13430122077799,4.21105979079377,6.0583671356223
"1781",26,"UKENMI_ST_TP000182",5.788043302,4.98253037713863,4.08734903550232,5.87811576242541
"1782",27,"UKENMI_ST_TP000182",NA,5.0413716117764,4.11801645480344,5.96378179858699
"1783",28,"UKENMI_ST_TP000182",NA,5.22132673744089,4.32273585565777,6.11655780809539
"1784",29,"UKENMI_ST_TP000182",5.472846266,5.13446888983537,4.21338934792823,6.0577447172824
"1785",30,"UKENMI_ST_TP000182",5.170620422,5.03304311877108,4.13657605053941,5.92839964712282
"1786",31,"UKENMI_ST_TP000182",NA,4.93617161946044,3.97416550390057,5.89710246807215
"1787",32,"UKENMI_ST_TP000182",5.645415967,4.99020225196163,4.09570340931355,5.88625773735418
"1788",33,"UKENMI_ST_TP000182",NA,4.97685557710112,4.06773865121791,5.8867486644123
"1789",34,"UKENMI_ST_TP000182",5.446615127,4.60184147145125,3.70347464829286,5.50060846374099
"1790",35,"UKENMI_ST_TP000182",NA,4.78070759900037,3.85672236842538,5.70494600753679
"1791",36,"UKENMI_ST_TP000182",5.005593048,4.82942749834355,3.9336616342744,5.72482442865637
"1792",37,"UKENMI_ST_TP000182",NA,5.15808447497976,4.23378271270708,6.08205677742998
"1793",38,"UKENMI_ST_TP000182",5.619273843,5.14671555631033,4.24941899333117,6.04223921071891
"1794",39,"UKENMI_ST_TP000182",NA,5.49215760772991,4.57273931695951,6.41295522589712
"1795",40,"UKENMI_ST_TP000182",5.122754834,5.29772479614517,4.40133833427422,6.19333914585034
"1796",41,"UKENMI_ST_TP000182",NA,5.493158304613,4.57079249616197,6.41853607033341
"1797",42,"UKENMI_ST_TP000182",6.630172259,5.41195607746865,4.51718622353167,6.30797223142731
"1798",43,"UKENMI_ST_TP000182",NA,5.45027915356705,4.52906323407365,6.36982434351331
"1799",44,"UKENMI_ST_TP000182",NA,5.31005372821445,4.41500448530754,6.20620803013992
"1800",45,"UKENMI_ST_TP000182",6.268867226,5.30652357818479,4.36412348824441,6.24713191388504
"2071",1,"UKENMI_ST_TP000225",NA,4.23618244108432,3.32353658608865,5.1487548040085
"2072",2,"UKENMI_ST_TP000225",4.062915794,4.34825158905834,3.46571403580705,5.23034622795505
"2073",3,"UKENMI_ST_TP000225",NA,4.52281328053826,3.62521929185045,5.42087387378381
"2074",4,"UKENMI_ST_TP000225",4.950056179,4.56056234028105,3.67839780979416,5.44331090002869
"2075",5,"UKENMI_ST_TP000225",NA,4.68858966643249,3.78267048500126,5.59744673798962
"2076",6,"UKENMI_ST_TP000225",5.105160338,4.92824145309491,4.04735227658995,5.80886940195513
"2077",7,"UKENMI_ST_TP000225",NA,4.78597206359694,3.87560285486274,5.69788922688321
"2078",8,"UKENMI_ST_TP000225",5.240696498,4.85649961316327,3.97675753151009,5.7369201277525
"2079",9,"UKENMI_ST_TP000225",NA,4.97697993580336,4.0674812052399,5.88617582729688
"2080",10,"UKENMI_ST_TP000225",6.032735871,5.19948514549806,4.31140521370527,6.08581976302354
"2081",11,"UKENMI_ST_TP000225",NA,5.38697250146365,4.49089732048049,6.28730077639413
"2082",12,"UKENMI_ST_TP000225",5.149123329,5.2154933500173,4.33579244176459,6.09561984181086
"2083",13,"UKENMI_ST_TP000225",NA,5.20427377803729,4.2965652987825,6.1126313730005
"2084",14,"UKENMI_ST_TP000225",5.858231726,5.17540189648214,4.29489316267715,6.05502786128647
"2085",15,"UKENMI_ST_TP000225",NA,5.18163992731432,4.27428240601698,6.0912922938086
"2086",16,"UKENMI_ST_TP000225",5.759239082,5.31093494618865,4.42278407374329,6.19853674554138
"2087",17,"UKENMI_ST_TP000225",NA,5.14500985860778,4.25016579073297,6.04202658701543
"2088",18,"UKENMI_ST_TP000225",5.359975077,4.93428255252875,4.05212948551632,5.81359610159376
"2089",19,"UKENMI_ST_TP000225",NA,4.98232822228078,4.07384599206194,5.89072186612826
"2090",20,"UKENMI_ST_TP000225",3.720201328,4.96592488636455,4.07939333862887,5.8550994427138
"2091",21,"UKENMI_ST_TP000225",NA,4.96629763016026,4.0685537646343,5.86355051493671
"2092",22,"UKENMI_ST_TP000225",5.519570387,4.85417668990691,3.97443664644434,5.73515645090588
"2093",23,"UKENMI_ST_TP000225",NA,5.12655618038523,4.22415291169726,6.02998010618031
"2094",24,"UKENMI_ST_TP000225",5.653752477,5.11331838788217,4.23205758398297,5.99285333400665
"2095",25,"UKENMI_ST_TP000225",NA,5.10668449101793,4.200012009052,6.01440309173477
"2096",26,"UKENMI_ST_TP000225",4.945888134,5.02529551887633,4.14647925839154,5.90668427015832
"2097",27,"UKENMI_ST_TP000225",NA,5.01074435589135,4.10368284149782,5.91745486511805
"2098",28,"UKENMI_ST_TP000225",5.465382402,5.19365721669414,4.31219110554566,6.07360337524372
"2099",29,"UKENMI_ST_TP000225",NA,5.08157093504897,4.17626765488666,5.98889662456495
"2100",30,"UKENMI_ST_TP000225",4.608254604,4.97076480142605,4.09111496952695,5.85129011833726
"2101",31,"UKENMI_ST_TP000225",NA,4.92674937264796,3.98379735921193,5.86969270468217
"2102",32,"UKENMI_ST_TP000225",5.676716886,5.00965350614977,4.13113275778701,5.8890487321061
"2103",33,"UKENMI_ST_TP000225",NA,4.93762944975967,4.04270354022841,5.83370063142045
"2104",34,"UKENMI_ST_TP000225",4.34063103,4.63278780564252,3.75158638592604,5.51608585646807
"2105",35,"UKENMI_ST_TP000225",NA,4.72217793477624,3.81464425567402,5.6302857943286
"2106",36,"UKENMI_ST_TP000225",5.161507354,4.77134434223863,3.89089105218032,5.65066885493003
"2107",37,"UKENMI_ST_TP000225",NA,5.13091158965589,4.22262229579316,6.03879468388722
"2108",38,"UKENMI_ST_TP000225",5.396804477,5.1360509845128,4.24861803309807,6.02331271017168
"2109",39,"UKENMI_ST_TP000225",NA,5.46449954787032,4.5692129936254,6.36185549948487
"2110",40,"UKENMI_ST_TP000225",6.013500138,5.26198397861208,4.37970899571149,6.14118869555596
"2111",41,"UKENMI_ST_TP000225",NA,5.44738085211815,4.54137958824422,6.35619532916951
"2112",42,"UKENMI_ST_TP000225",5.331099164,5.38512091594015,4.50578092106938,6.26548459036054
"2113",43,"UKENMI_ST_TP000225",NA,5.45887494831289,4.55562275217152,6.36160372190034
"2114",44,"UKENMI_ST_TP000225",3.393472251,5.27349543643642,4.39362548019779,6.15409281598119
"2115",45,"UKENMI_ST_TP000225",NA,5.27598220970065,4.34484794316842,6.20565709790037
"2026",1,"UKENMI_ST_TP000222",NA,3.89585046061569,2.96608534773096,4.82414671817453
"2027",2,"UKENMI_ST_TP000222",3.759873952,4.01935073613856,3.13479856098179,4.90362808034387
"2028",3,"UKENMI_ST_TP000222",4.811519856,4.1741077915512,3.26271807496758,5.08579742865893
"2029",4,"UKENMI_ST_TP000222",NA,4.1514654600252,3.26395531528336,5.03475404147129
"2030",5,"UKENMI_ST_TP000222",NA,4.34169648602329,3.41961752379795,5.26447959595389
"2031",6,"UKENMI_ST_TP000222",3.855882448,4.60011131953901,3.71798373489666,5.48589881674156
"2032",7,"UKENMI_ST_TP000222",NA,4.3842200717372,3.45685717692388,5.3120573233986
"2033",8,"UKENMI_ST_TP000222",4.161415458,4.55389432479941,3.67250439976147,5.43780496007764
"2034",9,"UKENMI_ST_TP000222",NA,4.62834710563573,3.70567318890004,5.55059740633596
"2035",10,"UKENMI_ST_TP000222",5.045185477,4.87806685279831,3.99529022524293,5.76113190592908
"2036",11,"UKENMI_ST_TP000222",NA,4.90067412478113,3.97883130586901,5.82277803934781
"2037",12,"UKENMI_ST_TP000222",4.619774562,4.87168717621285,3.98958841548787,5.75596308455942
"2038",13,"UKENMI_ST_TP000222",NA,4.7942592975962,3.87250354320024,5.71640039104617
"2039",14,"UKENMI_ST_TP000222",5.067319162,4.87621756793882,3.99145929299866,5.75803059089939
"2040",15,"UKENMI_ST_TP000222",NA,4.83801470510384,3.91548380521271,5.7613076652973
"2041",16,"UKENMI_ST_TP000222",5.254053371,4.97036093041384,4.08796769874903,5.85446752262067
"2042",17,"UKENMI_ST_TP000222",NA,4.80778525467343,3.88799050295489,5.72788481814205
"2043",18,"UKENMI_ST_TP000222",4.722757105,4.72515222778909,3.84326724441052,5.60980268545648
"2044",19,"UKENMI_ST_TP000222",NA,4.61620504422787,3.69358247267585,5.53782415580639
"2045",20,"UKENMI_ST_TP000222",5.087229045,4.4367633795546,3.55157122152379,5.31920584288041
"2046",21,"UKENMI_ST_TP000222",NA,4.61332969039931,3.69107988419229,5.53566358155661
"2047",22,"UKENMI_ST_TP000222",3.894758605,4.56487167663438,3.68382644089609,5.44801520049571
"2048",23,"UKENMI_ST_TP000222",NA,4.7413680821005,3.82726025233575,5.65451861149675
"2049",24,"UKENMI_ST_TP000222",4.490356705,4.85481570012337,3.97003236812748,5.74555017284521
"2050",25,"UKENMI_ST_TP000222",NA,4.70349165754153,3.78086483124599,5.626782725515
"2051",26,"UKENMI_ST_TP000222",4.861228327,4.48457644395308,3.59911991083882,5.36581884391126
"2052",27,"UKENMI_ST_TP000222",NA,4.64594503491706,3.72131409044849,5.56934357221323
"2053",28,"UKENMI_ST_TP000222",4.815174201,4.82831834090761,3.94451120033366,5.71124270308182
"2054",29,"UKENMI_ST_TP000222",NA,4.73202539679791,3.81063684330175,5.65454805901615
"2055",30,"UKENMI_ST_TP000222",4.593096212,4.70485416967008,3.82121273790299,5.58737757932168
"2056",31,"UKENMI_ST_TP000222",NA,4.5332094913774,3.57098310875206,5.49438867403351
"2057",32,"UKENMI_ST_TP000222",5.128485741,4.66400103632747,3.77972945431225,5.54963833900813
"2058",33,"UKENMI_ST_TP000222",NA,4.59123159774806,3.68739943723814,5.49478830561967
"2059",34,"UKENMI_ST_TP000222",4.124971,4.21018824758734,3.32388725641212,5.09258865184956
"2060",35,"UKENMI_ST_TP000222",NA,4.38835635937433,3.46224124013893,5.31340508175133
"2061",36,"UKENMI_ST_TP000222",3.38856173,4.4560401241519,3.57410550909149,5.33937934327929
"2062",37,"UKENMI_ST_TP000222",NA,4.77146325749944,3.84694021198889,5.69591415371094
"2063",38,"UKENMI_ST_TP000222",4.165151417,4.56902460692942,3.67419606500799,5.45352165989001
"2064",39,"UKENMI_ST_TP000222",NA,5.0781796635541,4.15644909517066,6.00097074124718
"2065",40,"UKENMI_ST_TP000222",5.384246614,4.86107787664617,3.97541507954121,5.74294975026426
"2066",41,"UKENMI_ST_TP000222",NA,5.09692631489761,4.17386248056948,6.02209503533602
"2067",42,"UKENMI_ST_TP000222",5.055711409,4.96197378397206,4.07857709645129,5.84372002858438
"2068",43,"UKENMI_ST_TP000222",NA,5.0308805709881,4.107513369972,5.95246071041129
"2069",44,"UKENMI_ST_TP000222",4.64071985,4.87985183070727,3.99689985750421,5.76173957015414
"2070",45,"UKENMI_ST_TP000222",NA,4.90554237914499,3.96310422299146,5.8457239447541
"541",1,"UKENAN_AW_TP000144",NA,4.33610450093739,3.41006175122005,5.26014643430488
"542",2,"UKENAN_AW_TP000144",3.894018201,4.42741739167905,3.53847160088434,5.31442116277592
"543",3,"UKENAN_AW_TP000144",NA,4.5904975874703,3.67990391740746,5.50150524904462
"544",4,"UKENAN_AW_TP000144",4.565652353,4.59958969174538,3.71232322592894,5.48717605991691
"545",5,"UKENAN_AW_TP000144",NA,4.74215228311434,3.82426051408628,5.66186848097602
"546",6,"UKENAN_AW_TP000144",3.976508289,4.97600111186065,4.08676582903673,5.86309035624256
"547",7,"UKENAN_AW_TP000144",NA,4.78736818495145,3.86443025846029,5.7124336304697
"548",8,"UKENAN_AW_TP000144",5.295213159,4.84504498557002,3.95690715510405,5.73207069638853
"549",9,"UKENAN_AW_TP000144",NA,5.04789562354354,4.12750056316145,5.96774835079042
"550",10,"UKENAN_AW_TP000144",5.612534619,5.06593325867021,4.17821310778278,5.95609472975832
"551",11,"UKENAN_AW_TP000144",NA,5.3026593329419,4.38565678390183,6.22248668999978
"552",12,"UKENAN_AW_TP000144",5.155523051,5.30688719956923,4.41926918600396,6.1939483709205
"553",13,"UKENAN_AW_TP000144",NA,5.20009528587961,4.28263379791824,6.11974517527845
"554",14,"UKENAN_AW_TP000144",5.798863048,5.3280471910144,4.44129804258537,6.21493319781475
"555",15,"UKENAN_AW_TP000144",NA,5.24606181871519,4.32784928074613,6.16703415221233
"556",16,"UKENAN_AW_TP000144",4.809772982,5.34812558343119,4.46072270086834,6.23532492835146
"557",17,"UKENAN_AW_TP000144",NA,5.18080188289669,4.26508845632373,6.09742305346477
"558",18,"UKENAN_AW_TP000144",5.312256804,5.12560619791146,4.23779579591468,6.01207936194301
"559",19,"UKENAN_AW_TP000144",NA,5.01925802383544,4.09822096563707,5.93934511990563
"560",20,"UKENAN_AW_TP000144",5.013127507,5.03625135268658,4.14801281701551,5.92215966758064
"561",21,"UKENAN_AW_TP000144",NA,5.07351875221204,4.15644184729413,5.9909171392415
"562",22,"UKENAN_AW_TP000144",5.079906383,5.02238026275375,4.13551020958428,5.90952654465143
"563",23,"UKENAN_AW_TP000144",NA,5.14505412839405,4.2314690332596,6.05945110146001
"564",24,"UKENAN_AW_TP000144",5.28947715,5.02790338543039,4.13989857976742,5.91621382867387
"565",25,"UKENAN_AW_TP000144",5.05955423,5.16820830077284,4.24917204212651,6.08816888267407
"566",26,"UKENAN_AW_TP000144",NA,5.168156731586,4.28054361489987,6.05631246142943
"567",27,"UKENAN_AW_TP000144",NA,5.06266217244892,4.14601711585921,5.97983815663029
"568",28,"UKENAN_AW_TP000144",4.796538581,5.21344724775912,4.32300588066055,6.10248450372555
"569",29,"UKENAN_AW_TP000144",NA,5.1606530519931,4.24488536264911,6.07683574568013
"570",30,"UKENAN_AW_TP000144",4.683304413,5.14953957747785,4.26233534942205,6.03727205452781
"571",31,"UKENAN_AW_TP000144",NA,4.92907104504108,3.97298478703641,5.8841776587363
"572",32,"UKENAN_AW_TP000144",4.232048694,4.91483495542282,4.02517295876687,5.80562205464486
"573",33,"UKENAN_AW_TP000144",NA,4.99184468024968,4.0861256515837,5.89896559417434
"574",34,"UKENAN_AW_TP000144",4.440888748,4.86410688643401,3.97677846657279,5.75144400382689
"575",35,"UKENAN_AW_TP000144",NA,4.80045437691054,3.88087460372525,5.71944633160859
"576",36,"UKENAN_AW_TP000144",5.068310527,4.89111529627827,4.00379409573413,5.77736385653175
"577",37,"UKENAN_AW_TP000144",NA,5.21557428532543,4.29706903998015,6.13401013265537
"578",38,"UKENAN_AW_TP000144",5.387087409,5.14008239356691,4.25166429072773,6.02616058866923
"579",39,"UKENAN_AW_TP000144",NA,5.50057485617637,4.58353762032398,6.41950028169333
"580",40,"UKENAN_AW_TP000144",4.839288028,5.40348572522306,4.51521061580121,6.29110343390755
"581",41,"UKENAN_AW_TP000144",NA,5.54443791265394,4.62483707361845,6.46717048729437
"582",42,"UKENAN_AW_TP000144",4.960596012,5.42795855293744,4.54090310113199,6.31554379790897
"583",43,"UKENAN_AW_TP000144",NA,5.44503339720482,4.52921041750499,6.36134500622407
"584",44,"UKENAN_AW_TP000144",5.710266297,5.24617912839876,4.35885254449659,6.1343542405516
"585",45,"UKENAN_AW_TP000144",NA,5.33897565703505,4.40520152729165,6.27178549396019
"3376",1,"UKENNW_UU_TP000018",NA,3.76174950777744,2.88620760983177,4.63644445929403
"3377",2,"UKENNW_UU_TP000018",4.312214638,3.98123128523793,3.13363227701934,4.82874234254945
"3378",3,"UKENNW_UU_TP000018",3.947006945,4.21348437442882,3.35644092532945,5.07106560156597
"3379",4,"UKENNW_UU_TP000018",NA,4.2287661591716,3.37228119127446,5.08439074678453
"3380",5,"UKENNW_UU_TP000018",NA,4.34566323793988,3.47509890015086,5.21707256651021
"3381",6,"UKENNW_UU_TP000018",4.893892536,4.23434857228328,3.386243425682,5.08035549472776
"3382",7,"UKENNW_UU_TP000018",NA,4.36293342950091,3.47606960992666,5.25040130166741
"3383",8,"UKENNW_UU_TP000018",4.290805018,4.40287371631159,3.55518200257638,5.24931441235807
"3384",9,"UKENNW_UU_TP000018",NA,4.61485795141474,3.74484710146606,5.48488936153339
"3385",10,"UKENNW_UU_TP000018",4.505933599,4.59742863205201,3.7497641845874,5.44206916326276
"3386",11,"UKENNW_UU_TP000018",NA,4.8878920117505,4.01610396306742,5.75987088291475
"3387",12,"UKENNW_UU_TP000018",5.180972658,4.83691065541351,3.9882113592295,5.68308682844179
"3388",13,"UKENNW_UU_TP000018",NA,4.77612923575657,3.9133109685223,5.63839541185919
"3389",14,"UKENNW_UU_TP000018",4.500416417,4.77436088332981,3.92690420228419,5.61918156410354
"3390",15,"UKENNW_UU_TP000018",NA,4.81275802444778,3.94854956684996,5.67721097717351
"3391",16,"UKENNW_UU_TP000018",3.010348054,4.81626704988511,3.96710425090124,5.66298882771336
"3392",17,"UKENNW_UU_TP000018",NA,4.88486204756623,4.02057957656654,5.74883628008
"3393",18,"UKENNW_UU_TP000018",4.859100907,4.76609238715304,3.91927823851272,5.61171514800017
"3394",19,"UKENNW_UU_TP000018",NA,4.49694432479203,3.63070914358233,5.36097196630117
"3395",20,"UKENNW_UU_TP000018",5.390067061,4.48387174822639,3.63447492170214,5.33149066299441
"3396",21,"UKENNW_UU_TP000018",NA,4.63943437064072,3.77424928181621,5.50377491195068
"3397",22,"UKENNW_UU_TP000018",5.166777576,4.32589704500629,3.47510288178304,5.17278184768488
"3398",23,"UKENNW_UU_TP000018",NA,4.58973214474192,3.72757292616194,5.451014487245
"3399",24,"UKENNW_UU_TP000018",5.731162391,4.47374565107098,3.62484643539976,5.32017957306138
"3400",25,"UKENNW_UU_TP000018",NA,4.73879181610915,3.87238892682844,5.6051734033303
"3401",26,"UKENNW_UU_TP000018",5.577699294,4.6190017897354,3.77255057478697,5.46460611657425
"3402",27,"UKENNW_UU_TP000018",NA,4.50555134202805,3.64084833370434,5.36897254987224
"3403",28,"UKENNW_UU_TP000018",5.813548254,4.68459933066325,3.83668675508114,5.53135194325645
"3404",29,"UKENNW_UU_TP000018",NA,4.69060915316662,3.83066520072696,5.55111487479793
"3405",30,"UKENNW_UU_TP000018",5.315860096,4.82127966223527,3.97463605871636,5.66752570252938
"3406",31,"UKENNW_UU_TP000018",NA,4.5874792203118,3.68616158778064,5.48784485532559
"3407",32,"UKENNW_UU_TP000018",5.807457848,4.84552346560385,4.00115778469374,5.69022720616154
"3408",33,"UKENNW_UU_TP000018",NA,4.57639604662726,3.72908968735836,5.42376220528438
"3409",34,"UKENNW_UU_TP000018",4.536759153,4.46594852237276,3.61968761778219,5.31061130112611
"3410",35,"UKENNW_UU_TP000018",NA,4.39254768142357,3.53175651343196,5.25239834558471
"3411",36,"UKENNW_UU_TP000018",5.537892707,4.38335441306897,3.53883181682837,5.22636168356261
"3412",37,"UKENNW_UU_TP000018",NA,4.77298855389409,3.9120928389636,5.63332256873309
"3413",38,"UKENNW_UU_TP000018",5.394201483,4.73653036317133,3.89133132781031,5.58125796918286
"3414",39,"UKENNW_UU_TP000018",NA,5.13837205697928,4.27899820593662,5.99863288247278
"3415",40,"UKENNW_UU_TP000018",5.880505655,5.07896501422564,4.23257489012156,5.92325309391718
"3416",41,"UKENNW_UU_TP000018",NA,5.07638584359854,4.20857838330513,5.94338596101571
"3417",42,"UKENNW_UU_TP000018",5.436435618,5.19772855309749,4.35253688248356,6.04263119889209
"3418",43,"UKENNW_UU_TP000018",NA,5.02000927147849,4.16282174685295,5.87572992810355
"3419",44,"UKENNW_UU_TP000018",5.351061463,4.83302775176148,3.98586553286279,5.67737900268489
"3420",45,"UKENNW_UU_TP000018",NA,4.99812094408445,4.10343349619129,5.89180699872606
"3421",1,"UKENNW_UU_TP000019",NA,3.93985498784333,3.09082926960642,4.78869437362418
"3422",2,"UKENNW_UU_TP000019",4.321526907,4.15604262996229,3.33601961401697,4.97555583560771
"3423",3,"UKENNW_UU_TP000019",NA,4.38438214955093,3.55386750885425,5.21545249837527
"3424",4,"UKENNW_UU_TP000019",4.138596996,4.42191217089108,3.59287197869847,5.25005063385788
"3425",5,"UKENNW_UU_TP000019",NA,4.54272928838301,3.69969954697732,5.38671134092313
"3426",6,"UKENNW_UU_TP000019",4.199258499,4.47911804810348,3.65935861406456,5.297772256625
"3427",7,"UKENNW_UU_TP000019",NA,4.56375570645465,3.70380242659129,5.42471419996452
"3428",8,"UKENNW_UU_TP000019",4.785174375,4.60475531499503,3.78755937611826,5.42123685756233
"3429",9,"UKENNW_UU_TP000019",NA,4.84054513026574,3.99880590099426,5.68270085541652
"3430",10,"UKENNW_UU_TP000019",4.284024,4.86665313328321,4.04900461650311,5.68255593626618
"3431",11,"UKENNW_UU_TP000019",NA,5.12106296307746,4.27686126248447,5.96619886591354
"3432",12,"UKENNW_UU_TP000019",3.671908922,5.03756632066485,4.21798075757771,5.85569277627221
"3433",13,"UKENNW_UU_TP000019",NA,4.97754176097467,4.14188862507254,5.81322069412551
"3434",14,"UKENNW_UU_TP000019",4.325915034,5.00171463846301,4.18395892350626,5.81823186872551
"3435",15,"UKENNW_UU_TP000019",NA,5.01937735492043,4.18077330396341,5.85917360460102
"3436",16,"UKENNW_UU_TP000019",4.013695776,5.0074952409897,4.18698335873614,5.8263136878495
"3437",17,"UKENNW_UU_TP000019",NA,5.08410512389471,4.2473860068209,5.92155438901742
"3438",18,"UKENNW_UU_TP000019",4.219561634,4.9413107906842,4.12372362608337,5.75890338658951
"3439",19,"UKENNW_UU_TP000019",NA,4.72355370834871,3.88631679671661,5.56012876203808
"3440",20,"UKENNW_UU_TP000019",4.57189445,4.65439350646395,3.83492273145953,5.47276683068904
"3441",21,"UKENNW_UU_TP000019",NA,4.85648716756474,4.01750267137242,5.69550693083748
"3442",22,"UKENNW_UU_TP000019",4.115143425,4.55395336253932,3.73382522808935,5.37181628848094
"3443",23,"UKENNW_UU_TP000019",NA,4.8453470599063,4.01112087238449,5.68037329766237
"3444",24,"UKENNW_UU_TP000019",4.638963718,4.7023416726218,3.88185720901482,5.52113145075198
"3445",25,"UKENNW_UU_TP000019",NA,4.92996459259635,4.09254597872421,5.76792454762144
"3446",26,"UKENNW_UU_TP000019",3.613664255,4.75594822947774,3.93780078143105,5.57280651211876
"3447",27,"UKENNW_UU_TP000019",NA,4.74765339537368,3.90886676837842,5.58644723553357
"3448",28,"UKENNW_UU_TP000019",4.810958697,4.85214828845295,4.03248818968358,5.67060474552804
"3449",29,"UKENNW_UU_TP000019",NA,4.87346174961423,4.04050822120474,5.70742468426728
"3450",30,"UKENNW_UU_TP000019",4.907437331,5.05100090558277,4.23194468675728,5.87093758355713
"3451",31,"UKENNW_UU_TP000019",NA,4.79877640804001,3.92278315808637,5.67401790102248
"3452",32,"UKENNW_UU_TP000019",5.473418359,5.05124117739263,4.23027306986055,5.87226784489946
"3453",33,"UKENNW_UU_TP000019",NA,4.78580560452493,3.96819776765514,5.60445837434015
"3454",34,"UKENNW_UU_TP000019",4.906550554,4.66554968335307,3.84866385593804,5.48198023469054
"3455",35,"UKENNW_UU_TP000019",NA,4.58021949279265,3.74370321938252,5.4160938860999
"3456",36,"UKENNW_UU_TP000019",4.706351351,4.58947743109432,3.7737990090325,5.40525542850048
"3457",37,"UKENNW_UU_TP000019",NA,4.96910825602142,4.13498431800835,5.80304515580691
"3458",38,"UKENNW_UU_TP000019",4.415462461,4.98713396488485,4.17022019843144,5.80544852216948
"3459",39,"UKENNW_UU_TP000019",NA,5.36451293612093,4.52941832273258,6.20115494462247
"3460",40,"UKENNW_UU_TP000019",5.897643121,5.29537959986586,4.47837689787466,6.11081107375558
"3461",41,"UKENNW_UU_TP000019",NA,5.29140303344377,4.45558581327965,6.12698886661524
"3462",42,"UKENNW_UU_TP000019",4.244083024,5.34754268515398,4.5308889994402,6.16360352309764
"3463",43,"UKENNW_UU_TP000019",NA,5.26898768226338,4.44149640855476,6.09601056951324
"3464",44,"UKENNW_UU_TP000019",4.674903164,5.08532679849309,4.26655331802392,5.90287562907373
"3465",45,"UKENNW_UU_TP000019",NA,5.2294025730172,4.36204695151532,6.09621057317502
"3556",1,"UKENNW_UU_TP000026",NA,4.08162527455875,3.23749801550406,4.92533596604897
"3557",2,"UKENNW_UU_TP000026",4.316908332,4.29399716672067,3.47979687234282,5.10802530245866
"3558",3,"UKENNW_UU_TP000026",NA,4.52120921155884,3.69582301028193,5.34757563430213
"3559",4,"UKENNW_UU_TP000026",4.887295259,4.55984039359262,3.73661998804605,5.38237196262329
"3560",5,"UKENNW_UU_TP000026",NA,4.68109391015194,3.84296531609763,5.520353183965
"3561",6,"UKENNW_UU_TP000026",5.106185015,4.61920845138357,3.80551623843619,5.43234917615197
"3562",7,"UKENNW_UU_TP000026",NA,4.69935223325008,3.8451889647846,5.55481585583201
"3563",8,"UKENNW_UU_TP000026",4.735320946,4.74828891091538,3.93735057735298,5.55915404464761
"3564",9,"UKENNW_UU_TP000026",NA,4.97327411653715,4.13646316340191,5.81105203526883
"3565",10,"UKENNW_UU_TP000026",4.745675831,5.00282682973449,4.1914252262372,5.81333370634293
"3566",11,"UKENNW_UU_TP000026",NA,5.25714791322425,4.41814003082428,6.09774299182646
"3567",12,"UKENNW_UU_TP000026",4.441588562,5.17897152077558,4.36551547921795,5.99149626247377
"3568",13,"UKENNW_UU_TP000026",NA,5.11177207969174,4.28118069551755,5.9428358864913
"3569",14,"UKENNW_UU_TP000026",5.018213666,5.13769998229898,4.32568047948933,5.9487368858272
"3570",15,"UKENNW_UU_TP000026",NA,5.15623039475341,4.32285304521487,5.99083138732997
"3571",16,"UKENNW_UU_TP000026",4.992415664,5.14833620429005,4.33327802047485,5.96181703374353
"3572",17,"UKENNW_UU_TP000026",NA,5.22545651764644,4.39444524111375,6.05758169916142
"3573",18,"UKENNW_UU_TP000026",2.712566164,5.07666768367026,4.26487301103364,5.88875020428998
"3574",19,"UKENNW_UU_TP000026",NA,4.85975629052952,4.0278299763961,5.69125635077557
"3575",20,"UKENNW_UU_TP000026",4.226611371,4.78508896765228,3.97097404803893,5.59829383586964
"3576",21,"UKENNW_UU_TP000026",NA,4.99942199999519,4.16598050183116,5.83342792732385
"3577",22,"UKENNW_UU_TP000026",4.879666445,4.69090222834836,3.87638084062526,5.50328793611305
"3578",23,"UKENNW_UU_TP000026",NA,4.98117932876998,4.15230208450362,5.81119344163232
"3579",24,"UKENNW_UU_TP000026",5.19561093,4.83242991088017,4.01738629012874,5.64588742901913
"3580",25,"UKENNW_UU_TP000026",NA,5.06881046636921,4.2369015540351,5.90153090492985
"3581",26,"UKENNW_UU_TP000026",3.449758588,4.88363864635114,4.07109592089518,5.69508311091914
"3582",27,"UKENNW_UU_TP000026",NA,4.88894611724705,4.05610371820958,5.72222399890208
"3583",28,"UKENNW_UU_TP000026",5.114130354,4.9938851843688,4.18043627777251,5.80670667665445
"3584",29,"UKENNW_UU_TP000026",NA,5.01194534595872,4.18470597930485,5.84078097948192
"3585",30,"UKENNW_UU_TP000026",4.891535621,5.18694217120355,4.37406290725581,6.00144693195252
"3586",31,"UKENNW_UU_TP000026",NA,4.93161916830409,4.06085906866217,5.80218746577259
"3587",32,"UKENNW_UU_TP000026",NA,5.18301216830788,4.36813626951379,5.99838843944936
"3588",33,"UKENNW_UU_TP000026",5.331022896,4.92422167262699,4.1115543853645,5.7384995408547
"3589",34,"UKENNW_UU_TP000026",5.60155112,4.81306944293356,4.00213632897054,5.62430560897322
"3590",35,"UKENNW_UU_TP000026",NA,4.71628646100505,3.88551013763258,5.54688636722707
"3591",36,"UKENNW_UU_TP000026",5.340910013,4.73438731736678,3.92449415067526,5.54525719937314
"3592",37,"UKENNW_UU_TP000026",NA,5.09524123144865,4.26600185717861,5.9245937533563
"3593",38,"UKENNW_UU_TP000026",5.745598229,5.12119875353316,4.31009393765768,5.93440341608701
"3594",39,"UKENNW_UU_TP000026",NA,5.51239630974349,4.68261492968899,6.34400659572078
"3595",40,"UKENNW_UU_TP000026",6.076463241,5.4318700130612,4.62114397553698,6.2417227871053
"3596",41,"UKENNW_UU_TP000026",NA,5.43005260989494,4.59940303821076,6.26100035790549
"3597",42,"UKENNW_UU_TP000026",5.726684024,5.48286735629583,4.6721853679955,6.29334702485818
"3598",43,"UKENNW_UU_TP000026",NA,5.40610531768974,4.58394552039457,6.22819025295839
"3599",44,"UKENNW_UU_TP000026",6.187110224,5.21716753590299,4.40411253472913,6.02920211197712
"3600",45,"UKENNW_UU_TP000026",NA,5.36318311685299,4.50011408935446,6.22586369983181
"3781",1,"UKENNW_UU_TP000067",NA,4.1106434233377,3.25622167214908,4.96591600033083
"3782",2,"UKENNW_UU_TP000067",4.778652748,4.32375992380334,3.50006112895383,5.14705446363063
"3783",3,"UKENNW_UU_TP000067",NA,4.55516210297027,3.72005999299127,5.39082663905669
"3784",4,"UKENNW_UU_TP000067",5.101711922,4.60195976584569,3.77223220925979,5.43130746195056
"3785",5,"UKENNW_UU_TP000067",NA,4.73201783181855,3.88574014355387,5.57993911600936
"3786",6,"UKENNW_UU_TP000067",5.108803611,4.70256738071744,3.88180774110623,5.52364949731948
"3787",7,"UKENNW_UU_TP000067",NA,4.75081944640447,3.88876534641559,5.61431730024743
"3788",8,"UKENNW_UU_TP000067",4.276106571,4.79565216562867,3.97745606137639,5.61383024058789
"3789",9,"UKENNW_UU_TP000067",NA,5.03708521961471,4.19211377042997,5.88340872505779
"3790",10,"UKENNW_UU_TP000067",5.23519345,5.10281663804652,4.28463633943899,5.92111212099037
"3791",11,"UKENNW_UU_TP000067",NA,5.32844561296436,4.48104243997083,6.17775943817199
"3792",12,"UKENNW_UU_TP000067",5.160775605,5.2378140823416,4.4177949901543,6.05792673691354
"3793",13,"UKENNW_UU_TP000067",NA,5.16082683199695,4.31937481334147,6.00315502705446
"3794",14,"UKENNW_UU_TP000067",5.612839503,5.21013146230774,4.39126593489248,6.02911560490879
"3795",15,"UKENNW_UU_TP000067",NA,5.21104539623895,4.36663057546308,6.05707011465765
"3796",16,"UKENNW_UU_TP000067",5.47097824,5.20142277360912,4.37943330325678,6.02212402557565
"3797",17,"UKENNW_UU_TP000067",NA,5.28141241686515,4.44120125859099,6.12341042835848
"3798",18,"UKENNW_UU_TP000067",5.536220639,5.10346871789507,4.28401148352434,5.9232572817939
"3799",19,"UKENNW_UU_TP000067",NA,4.94219890198078,4.10141976943639,5.78405062354849
"3800",20,"UKENNW_UU_TP000067",5.74842806,4.83133718417737,4.01071983517578,5.65191241434727
"3801",21,"UKENNW_UU_TP000067",NA,5.06222036856015,4.2182985731151,5.90738717821125
"3802",22,"UKENNW_UU_TP000067",5.022771965,4.77136980529685,3.95068779122685,5.59170927511687
"3803",23,"UKENNW_UU_TP000067",NA,5.06399668636245,4.22547441175803,5.90471828347747
"3804",24,"UKENNW_UU_TP000067",5.138830011,4.91211704276029,4.09023792748551,5.73339240883462
"3805",25,"UKENNW_UU_TP000067",NA,5.10477245185304,4.26316836679424,5.94742870848397
"3806",26,"UKENNW_UU_TP000067",5.223280738,4.89750369047929,4.0762581751734,5.71775655296787
"3807",27,"UKENNW_UU_TP000067",NA,4.95901643063097,4.11507117630215,5.80413087469711
"3808",28,"UKENNW_UU_TP000067",5.644057893,5.03306996563224,4.21244749568048,5.85344043652294
"3809",29,"UKENNW_UU_TP000067",NA,5.04112411089516,4.20317856646768,5.88041816043171
"3810",30,"UKENNW_UU_TP000067",5.439735298,5.25616782921328,4.43471479179583,6.08027192660039
"3811",31,"UKENNW_UU_TP000067",NA,4.98485902740205,4.1037522042041,5.86588528585548
"3812",32,"UKENNW_UU_TP000067",5.89925025,5.22710669424599,4.40421967929787,6.05149354487707
"3813",33,"UKENNW_UU_TP000067",NA,4.97248981215231,4.15181448978854,5.79495799510987
"3814",34,"UKENNW_UU_TP000067",4.691845882,4.85679947313327,4.03857063480827,5.67572611569746
"3815",35,"UKENNW_UU_TP000067",NA,4.76514505850514,3.92248045085988,5.6081511616396
"3816",36,"UKENNW_UU_TP000067",5.447372625,4.78742933816859,3.97035690998278,5.60605078674037
"3817",37,"UKENNW_UU_TP000067",NA,5.13050676270888,4.28928788555502,5.97182227074178
"3818",38,"UKENNW_UU_TP000067",4.972686192,5.18684826207206,4.36818610973943,6.00793658106961
"3819",39,"UKENNW_UU_TP000067",NA,5.57356697013046,4.73173854940102,6.41719609968389
"3820",40,"UKENNW_UU_TP000067",3.775512731,5.48052349903177,4.66255436279173,6.29834664764013
"3821",41,"UKENNW_UU_TP000067",NA,5.49233599804527,4.65409722104151,6.33183357254033
"3822",42,"UKENNW_UU_TP000067",6.164219853,5.4879393744613,4.66925760336621,6.306420216043
"3823",43,"UKENNW_UU_TP000067",NA,5.48925927100037,4.65786199590974,6.32177720621157
"3824",44,"UKENNW_UU_TP000067",4.248613157,5.28921124588634,4.46805277878223,6.11071171059712
"3825",45,"UKENNW_UU_TP000067",NA,5.42135823318166,4.54898456496949,6.29369578452689
"3916",1,"UKENNW_UU_TP000078",NA,4.1663927440632,3.30803570473428,5.02496690036268
"3917",2,"UKENNW_UU_TP000078",4.455241689,4.37517833096819,3.54325386233475,5.20728819100725
"3918",3,"UKENNW_UU_TP000078",NA,4.60309504585328,3.76340033165799,5.44358304617647
"3919",4,"UKENNW_UU_TP000078",5.075106183,4.63473181972616,3.79380613642022,5.47536724338932
"3920",5,"UKENNW_UU_TP000078",NA,4.75497688918847,3.90362552270619,5.60809742183778
"3921",6,"UKENNW_UU_TP000078",4.976381193,4.68707849375436,3.85511932383219,5.51848491254292
"3922",7,"UKENNW_UU_TP000078",NA,4.77534295434562,3.90482996350776,5.64757312368396
"3923",8,"UKENNW_UU_TP000078",NA,4.80410842318707,3.97546091811243,5.63293565076356
"3924",9,"UKENNW_UU_TP000078",4.250415432,5.05177170188643,4.20226933006899,5.90262970563486
"3925",10,"UKENNW_UU_TP000078",5.561802966,5.07179447030544,4.24225856023956,5.90020048076414
"3926",11,"UKENNW_UU_TP000078",NA,5.32434752851448,4.47149305449847,6.17887567194124
"3927",12,"UKENNW_UU_TP000078",4.874192424,5.24271895504441,4.41117893250016,6.07333075669255
"3928",13,"UKENNW_UU_TP000078",NA,5.19457730319121,4.35086806359811,6.03921727283699
"3929",14,"UKENNW_UU_TP000078",5.321917157,5.21400808269661,4.3859925537399,6.04210928831611
"3930",15,"UKENNW_UU_TP000078",NA,5.2370030846893,4.38842020920186,6.08774119243398
"3931",16,"UKENNW_UU_TP000078",4.981667545,5.21835045493615,4.38735868629692,6.04852106276209
"3932",17,"UKENNW_UU_TP000078",4.77578699,5.28320688283466,4.4367454114412,6.13124508454411
"3933",18,"UKENNW_UU_TP000078",5.148763553,5.15736458736594,4.32925086960782,5.98665351769117
"3934",19,"UKENNW_UU_TP000078",NA,4.93138337899079,4.08432598111737,5.77855339636979
"3935",20,"UKENNW_UU_TP000078",5.744640264,4.89115975836815,4.06209619108869,5.72077800009888
"3936",21,"UKENNW_UU_TP000078",NA,5.05308101140149,4.2042828308913,5.90230226832654
"3937",22,"UKENNW_UU_TP000078",5.485675674,4.76754099352103,3.93694066854236,5.59727019409134
"3938",23,"UKENNW_UU_TP000078",NA,5.0623346592363,4.2177302341193,5.90864478863001
"3939",24,"UKENNW_UU_TP000078",5.357997638,4.92717266109787,4.09618627038054,5.75738172402888
"3940",25,"UKENNW_UU_TP000078",NA,5.14721336341132,4.30045566764644,5.99522911706585
"3941",26,"UKENNW_UU_TP000078",4.390365537,4.99321885236246,4.16477828001043,5.82177418536446
"3942",27,"UKENNW_UU_TP000078",NA,4.95156592495272,4.10213381016994,5.80176667515875
"3943",28,"UKENNW_UU_TP000078",5.37057103,5.04468779921408,4.21291591985971,5.87559864842241
"3944",29,"UKENNW_UU_TP000078",NA,5.0803041939637,4.23836354717817,5.92410154717229
"3945",30,"UKENNW_UU_TP000078",4.079808016,5.24792459881468,4.41922211190742,6.07813406559142
"3946",31,"UKENNW_UU_TP000078",NA,5.00790669038325,4.12765679030871,5.88793151466147
"3947",32,"UKENNW_UU_TP000078",NA,5.26676600281591,4.43350478422755,6.10083564813635
"3948",33,"UKENNW_UU_TP000078",4.849180962,4.99258259287304,4.16711273486856,5.81926756243319
"3949",34,"UKENNW_UU_TP000078",4.274636764,4.8569389499503,4.02897014113947,5.684800732834
"3950",35,"UKENNW_UU_TP000078",NA,4.79142243865473,3.94697937164041,5.63581082585677
"3951",36,"UKENNW_UU_TP000078",5.4402727,4.7757517900827,3.95009038010339,5.60142075793701
"3952",37,"UKENNW_UU_TP000078",NA,5.20672709023256,4.36554506680513,6.0487963577695
"3953",38,"UKENNW_UU_TP000078",6.713059818,5.21183598919855,4.38404086659696,6.04203748246748
"3954",39,"UKENNW_UU_TP000078",NA,5.57387076533354,4.73041815069096,6.41852655231764
"3955",40,"UKENNW_UU_TP000078",5.136461269,5.50435712176376,4.67759059600245,6.33102332148132
"3956",41,"UKENNW_UU_TP000078",NA,5.49650056035412,4.65488466426378,6.33877470052537
"3957",42,"UKENNW_UU_TP000078",6.116197797,5.56680829006977,4.73913312651214,6.39489310701036
"3958",43,"UKENNW_UU_TP000078",NA,5.47401200408348,4.63851788236007,6.30967799237013
"3959",44,"UKENNW_UU_TP000078",5.757989921,5.30768772127867,4.4784636843162,6.13733496466824
"3960",45,"UKENNW_UU_TP000078",NA,5.45142180102067,4.57862092043065,6.32447293430707
"4096",1,"UKENNW_UU_TP000103",NA,3.80602515406611,2.94528676606529,4.66480157670407
"4097",2,"UKENNW_UU_TP000103",4.10045696,4.02399245064608,3.19444522083275,4.85162086408831
"4098",3,"UKENNW_UU_TP000103",NA,4.2537310094424,3.41118611877094,5.09532093882273
"4099",4,"UKENNW_UU_TP000103",3.758156169,4.29553826974029,3.45551735470887,5.13246344839623
"4100",5,"UKENNW_UU_TP000103",NA,4.41801136916833,3.56161777404147,5.27360834722674
"4101",6,"UKENNW_UU_TP000103",4.782889669,4.36189438102307,3.53154310169511,5.190031268611
"4102",7,"UKENNW_UU_TP000103",NA,4.43103360151258,3.55961476258781,5.30193577186126
"4103",8,"UKENNW_UU_TP000103",3.955327256,4.49623060702435,3.66872845883126,5.32211274227979
"4104",9,"UKENNW_UU_TP000103",NA,4.70036497089575,3.84670236259312,5.5535161080098
"4105",10,"UKENNW_UU_TP000103",3.706409432,4.7401163636219,3.91400398339546,5.56411246797015
"4106",11,"UKENNW_UU_TP000103",NA,4.99623721440915,4.14030493308951,5.85222029587151
"4107",12,"UKENNW_UU_TP000103",4.338953055,4.9216815044104,4.09226244539598,5.74851315843427
"4108",13,"UKENNW_UU_TP000103",NA,4.84343814025865,3.9951615091812,5.69029165331852
"4109",14,"UKENNW_UU_TP000103",3.900147425,4.87283112052599,4.04309025567815,5.69923877641204
"4110",15,"UKENNW_UU_TP000103",NA,4.88157114855334,4.03229388126881,5.73014955244703
"4111",16,"UKENNW_UU_TP000103",4.183314396,4.88855151448957,4.05565300982984,5.71791443983113
"4112",17,"UKENNW_UU_TP000103",NA,4.97219373127669,4.12331295674027,5.82035701281372
"4113",18,"UKENNW_UU_TP000103",4.582059928,4.80401655806248,3.97409677556195,5.63164793084993
"4114",19,"UKENNW_UU_TP000103",NA,4.59974617381876,3.75028690356573,5.44680472438453
"4115",20,"UKENNW_UU_TP000103",4.632823649,4.51463055746158,3.6820842271665,5.34400061484531
"4116",21,"UKENNW_UU_TP000103",NA,4.7472782578544,3.89576531981678,5.59781321375507
"4117",22,"UKENNW_UU_TP000103",3.332432737,4.43059155912702,3.59778213016552,5.25882029586722
"4118",23,"UKENNW_UU_TP000103",NA,4.71450220785781,3.86998924816317,5.55834059105084
"4119",24,"UKENNW_UU_TP000103",5.175110174,4.5576469193433,3.72485145846265,5.38649891476647
"4120",25,"UKENNW_UU_TP000103",NA,4.80307169365445,3.95162302814185,5.65315796959159
"4121",26,"UKENNW_UU_TP000103",5.018576349,4.59748354998544,3.76646422897456,5.42492008806422
"4122",27,"UKENNW_UU_TP000103",NA,4.63353582641846,3.78324314299425,5.48232405906
"4123",28,"UKENNW_UU_TP000103",4.701202213,4.74081254339187,3.90946409296249,5.56943860517232
"4124",29,"UKENNW_UU_TP000103",NA,4.74982220401468,3.90374292614596,5.59528018329632
"4125",30,"UKENNW_UU_TP000103",3.821945665,4.93027871490399,4.09783597303384,5.76203048262974
"4126",31,"UKENNW_UU_TP000103",NA,4.66746892318891,3.77448714491811,5.55875114376295
"4127",32,"UKENNW_UU_TP000103",5.111384931,4.90699197554728,4.07884429718691,5.73399527809314
"4128",33,"UKENNW_UU_TP000103",NA,4.65931216448358,3.82954313842823,5.48891545838574
"4129",34,"UKENNW_UU_TP000103",5.162535278,4.56922302459471,3.74090379002137,5.39607677652519
"4130",35,"UKENNW_UU_TP000103",NA,4.45646634869022,3.60638475502997,5.30429221895743
"4131",36,"UKENNW_UU_TP000103",5.051257167,4.48784572437855,3.65991972510441,5.3149643449626
"4132",37,"UKENNW_UU_TP000103",NA,4.80847309925076,3.96016644540911,5.65436306241521
"4133",38,"UKENNW_UU_TP000103",5.467543884,4.85306611033689,4.02438852262009,5.68193859659034
"4134",39,"UKENNW_UU_TP000103",NA,5.26867425697705,4.41981127620322,6.11714364780138
"4135",40,"UKENNW_UU_TP000103",6.138832341,5.16645076503501,4.34070968264331,5.9900373767862
"4136",41,"UKENNW_UU_TP000103",NA,5.17360701420132,4.32504613046059,6.02106933593909
"4137",42,"UKENNW_UU_TP000103",4.8854642,5.21088548988833,4.38340033328512,6.035658446709
"4138",43,"UKENNW_UU_TP000103",NA,5.147578178589,4.30587237973782,5.98709457894241
"4139",44,"UKENNW_UU_TP000103",5.387286978,4.9484748023722,4.11897043263502,5.77439511539266
"4140",45,"UKENNW_UU_TP000103",NA,5.09224909627282,4.20831472606405,5.97396497324648
"4186",1,"UKENNW_UU_TP000115",NA,4.30701712459986,3.44575044353602,5.16918828565115
"4187",2,"UKENNW_UU_TP000115",NA,4.51082016989843,3.67312762000175,5.34976831996513
"4188",3,"UKENNW_UU_TP000115",NA,4.73172673750698,3.88905352285654,5.57623591863361
"4189",4,"UKENNW_UU_TP000115",NA,4.76242690493281,3.9156218728442,5.60994032105176
"4190",5,"UKENNW_UU_TP000115",NA,4.88500871666315,4.03059145091016,5.7421726596268
"4191",6,"UKENNW_UU_TP000115",NA,4.81555692414645,3.97793203968045,5.65326399377841
"4192",7,"UKENNW_UU_TP000115",NA,4.90382506867719,4.0290720649461,5.78106901113414
"4193",8,"UKENNW_UU_TP000115",NA,4.92541599231617,4.09124774867223,5.76073714723484
"4194",9,"UKENNW_UU_TP000115",NA,5.18378073254489,4.33238638982196,6.03686534866167
"4195",10,"UKENNW_UU_TP000115",NA,5.19761497402957,4.3625427561217,6.03221675528921
"4196",11,"UKENNW_UU_TP000115",NA,5.44586595623213,4.58995288872939,6.30413166340168
"4197",12,"UKENNW_UU_TP000115",NA,5.36957066798961,4.5322546699319,6.20705000988556
"4198",13,"UKENNW_UU_TP000115",NA,5.32747713619865,4.48075437713768,6.17629016337919
"4199",14,"UKENNW_UU_TP000115",NA,5.33889230056358,4.50571228101347,6.1736662062901
"4200",15,"UKENNW_UU_TP000115",NA,5.37057381804253,4.51803267018025,6.22605258002297
"4201",16,"UKENNW_UU_TP000115",NA,5.34801413994631,4.51289755111229,6.18344904614466
"4202",17,"UKENNW_UU_TP000115",NA,5.40434365432305,4.55402638383635,6.25722901935482
"4203",18,"UKENNW_UU_TP000115",NA,5.28861616916338,4.45545716938842,6.1238330043405
"4204",19,"UKENNW_UU_TP000115",NA,5.0521976439946,4.2001105664106,5.90498604412163
"4205",20,"UKENNW_UU_TP000115",NA,5.04773955889467,4.21328264868428,5.88429907576162
"4206",21,"UKENNW_UU_TP000115",NA,5.16533120131115,4.31176144351405,6.02010937399423
"4207",22,"UKENNW_UU_TP000115",NA,4.89928779610263,4.06326420931186,5.73571743129968
"4208",23,"UKENNW_UU_TP000115",NA,5.18859686878934,4.33833977609224,6.04153892189633
"4209",24,"UKENNW_UU_TP000115",NA,5.06020147167024,4.22404154920214,5.89665501538069
"4210",25,"UKENNW_UU_TP000115",NA,5.27155073409906,4.4205521960145,6.1248212688446
"4211",26,"UKENNW_UU_TP000115",NA,5.1466342031018,4.31289401522258,5.98192049957318
"4212",27,"UKENNW_UU_TP000115",NA,5.07030063674037,4.21578720281317,5.92641754256459
"4213",28,"UKENNW_UU_TP000115",NA,5.15491442773372,4.31665547646069,5.9927245196579
"4214",29,"UKENNW_UU_TP000115",NA,5.20555863733185,4.36006039038993,6.05344795806411
"4215",30,"UKENNW_UU_TP000115",NA,5.35588046553765,4.5227369760805,6.19100934029538
"4216",31,"UKENNW_UU_TP000115",NA,5.13887016655793,4.26055639433329,6.01751555782131
"4217",32,"UKENNW_UU_TP000115",5.145489754,5.39969063832711,4.56123936908803,6.23994338619176
"4218",33,"UKENNW_UU_TP000115",NA,5.11073564056338,4.28312275302843,5.9399156234373
"4219",34,"UKENNW_UU_TP000115",4.421541697,4.96591160921777,4.13207266024478,5.80044755686883
"4220",35,"UKENNW_UU_TP000115",NA,4.9152769800602,4.06995753930014,5.76161170372874
"4221",36,"UKENNW_UU_TP000115",5.144729065,4.87221600153814,4.04118024536215,5.70356713887738
"4222",37,"UKENNW_UU_TP000115",NA,5.35408729218087,4.51149566549475,6.1986007926914
"4223",38,"UKENNW_UU_TP000115",5.460825735,5.34683196185951,4.51291541448671,6.18398953766586
"4224",39,"UKENNW_UU_TP000115",NA,5.6793503612945,4.83284679059264,6.52880170998036
"4225",40,"UKENNW_UU_TP000115",5.82082957,5.63772796244856,4.80672597054779,6.46964876404718
"4226",41,"UKENNW_UU_TP000115",NA,5.61988039684002,4.77765785995918,6.46352061290167
"4227",42,"UKENNW_UU_TP000115",6.04908686,5.70033987745042,4.86701563124686,6.53562368602733
"4228",43,"UKENNW_UU_TP000115",5.244937901,5.58562775275658,4.7472595292053,6.4254433189595
"4229",44,"UKENNW_UU_TP000115",NA,5.44233388653778,4.6079834455949,6.27866818154442
"4230",45,"UKENNW_UU_TP000115",NA,5.58252623208296,4.71008588263876,6.45619960523109
"4231",1,"UKENNW_UU_TP000116",4.539465403,4.1434571012433,3.2967587608599,4.99106671739106
"4232",2,"UKENNW_UU_TP000116",NA,4.34314381520722,3.52564074350871,5.1602389636201
"4233",3,"UKENNW_UU_TP000116",4.467350865,4.5736462077272,3.74381059573775,5.40532412612317
"4234",4,"UKENNW_UU_TP000116",NA,4.62082662573725,3.79639488428499,5.44560977804638
"4235",5,"UKENNW_UU_TP000116",4.895461683,4.74790361121864,3.90888675756198,5.58894680564681
"4236",6,"UKENNW_UU_TP000116",NA,4.72129097269891,3.90715657526562,5.5359286701311
"4237",7,"UKENNW_UU_TP000116",4.934819182,4.77476283217014,3.9188440502784,5.63264476973941
"4238",8,"UKENNW_UU_TP000116",NA,4.80254376119321,3.99065759247466,5.61453394822821
"4239",9,"UKENNW_UU_TP000116",NA,5.06278768895269,4.22515003768333,5.9024530495215
"4240",10,"UKENNW_UU_TP000116",5.207348335,5.12151085190299,4.31048209505492,5.93269698868799
"4241",11,"UKENNW_UU_TP000116",5.326045057,5.34213950615956,4.50141153251542,6.18507097755503
"4242",12,"UKENNW_UU_TP000116",NA,5.2442222183454,4.43038544248682,6.05827643659975
"4243",13,"UKENNW_UU_TP000116",NA,5.18283012338093,4.34887235571597,6.01807276414616
"4244",14,"UKENNW_UU_TP000116",5.430331953,5.22575719297812,4.4139452750543,6.0387127229471
"4245",15,"UKENNW_UU_TP000116",4.748510043,5.23686127674698,4.39925717490556,6.07672270937327
"4246",16,"UKENNW_UU_TP000116",NA,5.21902594339986,4.4043841320934,6.03287626007445
"4247",17,"UKENNW_UU_TP000116",4.185349965,5.29073111041614,4.45719429431009,6.12657577068138
"4248",18,"UKENNW_UU_TP000116",NA,5.13204522012386,4.31985874851354,5.94592346319522
"4249",19,"UKENNW_UU_TP000116",3.521932281,4.9624795417916,4.12847961635678,5.79814841995318
"4250",20,"UKENNW_UU_TP000116",NA,4.84785086711591,4.0345289031286,5.66149235615052
"4251",21,"UKENNW_UU_TP000116",3.306161024,5.07215400879934,4.23483540182675,5.91084211706807
"4252",22,"UKENNW_UU_TP000116",NA,4.78608366408297,3.97258691843003,5.6000889358868
"4253",23,"UKENNW_UU_TP000116",4.88836081,5.08472175363094,4.25274597640728,5.91973149870941
"4254",24,"UKENNW_UU_TP000116",NA,4.94091251074804,4.12660703761,5.75520302492876
"4255",25,"UKENNW_UU_TP000116",NA,5.12596521552584,4.29091956271974,5.96246922405621
"4256",26,"UKENNW_UU_TP000116",5.193310632,4.93556067063406,4.12225206182326,5.74843982571838
"4257",27,"UKENNW_UU_TP000116",4.208003601,4.97278804919605,4.13520029473602,5.81221519506052
"4258",28,"UKENNW_UU_TP000116",NA,5.04801718259028,4.23436941840779,5.86180984461391
"4259",29,"UKENNW_UU_TP000116",4.94204759,5.06418226536228,4.2333237779917,5.89728400275188
"4260",30,"UKENNW_UU_TP000116",NA,5.27003457228271,4.45614793484731,6.0876713209772
"4261",31,"UKENNW_UU_TP000116",NA,5.00305060240157,4.13114000872684,5.87524958839641
"4262",32,"UKENNW_UU_TP000116",5.655185071,5.25713613198021,4.43883112940334,6.07662452806445
"4263",33,"UKENNW_UU_TP000116",4.825107989,5.00227257717153,4.18945715475195,5.81786418834359
"4264",34,"UKENNW_UU_TP000116",NA,4.85716809670724,4.04579590105218,5.66983987188488
"4265",35,"UKENNW_UU_TP000116",NA,4.77746712829377,3.94163778943736,5.61415604054034
"4266",36,"UKENNW_UU_TP000116",5.542222407,4.79968740968819,3.9898598030301,5.61209328369828
"4267",37,"UKENNW_UU_TP000116",5.762018972,5.17409585190207,4.34065237214463,6.00853065111394
"4268",38,"UKENNW_UU_TP000116",NA,5.20501901069017,4.39383193879349,6.01935627519645
"4269",39,"UKENNW_UU_TP000116",4.895650799,5.5733226349613,4.73708556987487,6.41219337491644
"4270",40,"UKENNW_UU_TP000116",NA,5.50015124896079,4.68919947634947,6.31068326081775
"4271",41,"UKENNW_UU_TP000116",4.969730455,5.50458602930163,4.67347542368528,6.33700292931351
"4272",42,"UKENNW_UU_TP000116",NA,5.51753564463927,4.70593446461571,6.32941234063485
"4273",43,"UKENNW_UU_TP000116",5.209920964,5.50329488638013,4.68045277002977,6.32759408718212
"4274",44,"UKENNW_UU_TP000116",NA,5.3106046113007,4.49563131409862,6.12667204191861
"4275",45,"UKENNW_UU_TP000116",NA,5.4477629807704,4.58453408542766,6.31139934164496
"4276",1,"UKENNW_UU_TP000124",NA,4.35710299108827,3.51337309302435,5.2014053317721
"4277",2,"UKENNW_UU_TP000124",5.233837286,4.56197152321858,3.74310116664768,5.38157610848687
"4278",3,"UKENNW_UU_TP000124",NA,4.78760530945211,3.96164380613128,5.6152174368128
"4279",4,"UKENNW_UU_TP000124",4.724496616,4.8193781737238,3.99214059390606,5.64737285365292
"4280",5,"UKENNW_UU_TP000124",NA,4.94105169993812,4.10473336410198,5.77962030332461
"4281",6,"UKENNW_UU_TP000124",5.123695264,4.89709080509388,4.07864522117447,5.71571357063949
"4282",7,"UKENNW_UU_TP000124",NA,4.96674168511571,4.10992952290012,5.82587730923047
"4283",8,"UKENNW_UU_TP000124",5.00127751,4.98535108581012,4.17055337893241,5.80085086562884
"4284",9,"UKENNW_UU_TP000124",NA,5.25191385264948,4.41933519738713,6.08589291169845
"4285",10,"UKENNW_UU_TP000124",4.570668751,5.28334936313209,4.46884863318797,6.09744768848247
"4286",11,"UKENNW_UU_TP000124",NA,5.51535737268135,4.67708263380891,6.35588348202349
"4287",12,"UKENNW_UU_TP000124",5.065296358,5.42918925917007,4.61093927430696,6.24727821125259
"4288",13,"UKENNW_UU_TP000124",NA,5.38665096648059,4.55814584689116,6.21686770745856
"4289",14,"UKENNW_UU_TP000124",5.050265314,5.40976695938256,4.59577871661087,6.22509403944658
"4290",15,"UKENNW_UU_TP000124",NA,5.43642481455666,4.60127252575236,6.27424761353381
"4291",16,"UKENNW_UU_TP000124",4.701136455,5.41593348477093,4.60040062975839,6.231246347914
"4292",17,"UKENNW_UU_TP000124",NA,5.46813263047776,4.63551422511004,6.30295002805532
"4293",18,"UKENNW_UU_TP000124",5.121512319,5.34957896943647,4.53601584528289,6.16459783490852
"4294",19,"UKENNW_UU_TP000124",NA,5.13785579263626,4.30454966365662,5.97201264327172
"4295",20,"UKENNW_UU_TP000124",4.755176613,5.09960645982042,4.28513620828023,5.91512087155864
"4296",21,"UKENNW_UU_TP000124",NA,5.23643412369648,4.4006756348005,6.07290111947872
"4297",22,"UKENNW_UU_TP000124",4.501111704,4.97196202702244,4.15586330276687,5.78820927824729
"4298",23,"UKENNW_UU_TP000124",NA,5.27176949297384,4.4403958653654,6.10550758109046
"4299",24,"UKENNW_UU_TP000124",4.131579099,5.13599808452518,4.32016877675742,5.95152487973894
"4300",25,"UKENNW_UU_TP000124",NA,5.32839970200846,4.49486846105841,6.16365836982881
"4301",26,"UKENNW_UU_TP000124",4.040142486,5.19776758138543,4.38421622200941,6.01193125544106
"4302",27,"UKENNW_UU_TP000124",NA,5.14792143955768,4.312033947353,5.98494975569404
"4303",28,"UKENNW_UU_TP000124",4.474761813,5.21714816584364,4.39834829076343,6.03509551433288
"4304",29,"UKENNW_UU_TP000124",NA,5.26794965294218,4.44086380814901,6.09679985926847
"4305",30,"UKENNW_UU_TP000124",3.004761439,5.41656222553788,4.60303372345095,6.23179013328022
"4306",31,"UKENNW_UU_TP000124",NA,5.19915226066569,4.33713919414572,6.06141134529386
"4307",32,"UKENNW_UU_TP000124",NA,5.45875239311988,4.6373998243633,6.28179311559117
"4308",33,"UKENNW_UU_TP000124",4.953873655,5.17892102549156,4.37009498512492,5.9889339181466
"4309",34,"UKENNW_UU_TP000124",2.933119999,5.02186434686644,4.20828284934181,5.83550746203168
"4310",35,"UKENNW_UU_TP000124",NA,4.97073904329786,4.1406637959659,5.8012994400782
"4311",36,"UKENNW_UU_TP000124",4.740292919,4.93848757518575,4.12771056849965,5.74939729540008
"4312",37,"UKENNW_UU_TP000124",NA,5.41863268238483,4.59192169611524,6.24685099890089
"4313",38,"UKENNW_UU_TP000124",5.6832816,5.41355779047208,4.59940911128673,6.23021434334624
"4314",39,"UKENNW_UU_TP000124",NA,5.75019219896486,4.92086618333995,6.58141981843972
"4315",40,"UKENNW_UU_TP000124",5.315829422,5.70352773113891,4.89216382259435,6.51607597955344
"4316",41,"UKENNW_UU_TP000124",NA,5.67855997901747,4.85240214977343,6.50598245788649
"4317",42,"UKENNW_UU_TP000124",5.802228903,5.74824729493731,4.93499005037505,6.56287629637865
"4318",43,"UKENNW_UU_TP000124",NA,5.6563700185609,4.83556782766031,6.47806775965517
"4319",44,"UKENNW_UU_TP000124",5.802105283,5.51534001995312,4.69989922848049,6.33260984844216
"4320",45,"UKENNW_UU_TP000124",4.879671588,5.65279585296144,4.79845206344051,6.50812863027384
"4321",1,"UKENNW_UU_TP000133",NA,4.30386505421568,3.45490464729284,5.15289326235433
"4322",2,"UKENNW_UU_TP000133",3.478684826,4.51211202640183,3.68959602458112,5.33586492012927
"4323",3,"UKENNW_UU_TP000133",NA,4.7342923267677,3.90484375867459,5.564930325044
"4324",4,"UKENNW_UU_TP000133",4.496974748,4.75322400178195,3.92069026787213,5.58612078039692
"4325",5,"UKENNW_UU_TP000133",NA,4.87783867355814,4.03514975084836,5.72274871986886
"4326",6,"UKENNW_UU_TP000133",4.75265837,4.76460581998843,3.94038728465622,5.58790402680172
"4327",7,"UKENNW_UU_TP000133",NA,4.89099856581307,4.02997272555756,5.75424309587072
"4328",8,"UKENNW_UU_TP000133",4.63871862,4.91642471744452,4.09564091524827,5.73793465076899
"4329",9,"UKENNW_UU_TP000133",NA,5.15768466741681,4.31718067114163,5.99933092307384
"4330",10,"UKENNW_UU_TP000133",4.814901172,5.13963992185718,4.3164824907889,5.96108848741184
"4331",11,"UKENNW_UU_TP000133",NA,5.41729298401328,4.57351241636396,6.2629091609435
"4332",12,"UKENNW_UU_TP000133",4.909086906,5.35396944084623,4.53076117748121,6.17649177172973
"4333",13,"UKENNW_UU_TP000133",NA,5.31418832355647,4.47953557548131,6.15012310915023
"4334",14,"UKENNW_UU_TP000133",4.901531387,5.30993981700713,4.4901824277373,6.12945113113109
"4335",15,"UKENNW_UU_TP000133",NA,5.34802801531161,4.50877455799151,6.18958584040378
"4336",16,"UKENNW_UU_TP000133",4.959789624,5.33417423933314,4.51142935240215,6.15643328155048
"4337",17,"UKENNW_UU_TP000133",NA,5.39491145331631,4.55693732153003,6.23457980193009
"4338",18,"UKENNW_UU_TP000133",5.036794565,5.2857121169418,4.4660826218686,6.10632157849476
"4339",19,"UKENNW_UU_TP000133",NA,5.01856292885229,4.17806441104552,5.85859757672454
"4340",20,"UKENNW_UU_TP000133",4.927519626,5.04202102289007,4.22077991025085,5.8639292601277
"4341",21,"UKENNW_UU_TP000133",NA,5.15002025329256,4.30993734755268,5.99039546144009
"4342",22,"UKENNW_UU_TP000133",4.701676943,4.86848027301462,4.04589447200929,5.68947781382189
"4343",23,"UKENNW_UU_TP000133",NA,5.14428890186906,4.3074258802918,5.98202104386877
"4344",24,"UKENNW_UU_TP000133",4.825548056,5.03584941818431,4.21284217761115,5.85797247183914
"4345",25,"UKENNW_UU_TP000133",NA,5.27042734312887,4.43222059043033,6.11008611340409
"4346",26,"UKENNW_UU_TP000133",5.222855295,5.15952164338916,4.33980383009917,5.98003350869316
"4347",27,"UKENNW_UU_TP000133",NA,5.03736086544474,4.19697095814823,5.8777952618633
"4348",28,"UKENNW_UU_TP000133",2.893551049,5.16944495631936,4.34616835498642,5.99196808999292
"4349",29,"UKENNW_UU_TP000133",NA,5.20262356885502,4.36982312630153,6.03699662558199
"4350",30,"UKENNW_UU_TP000133",3.549553603,5.34217389133275,4.52200925975426,6.1631063767871
"4351",31,"UKENNW_UU_TP000133",NA,5.11925293730874,4.25120606312455,5.9872567634011
"4352",32,"UKENNW_UU_TP000133",4.655418771,5.38652451338223,4.5645875402899,6.2103190899172
"4353",33,"UKENNW_UU_TP000133",NA,5.09477442718337,4.27763512869034,5.91258864206729
"4354",34,"UKENNW_UU_TP000133",4.237977695,4.96780262176869,4.14710857063759,5.78791823441665
"4355",35,"UKENNW_UU_TP000133",NA,4.9188446711184,4.08614283864514,5.751499737309
"4356",36,"UKENNW_UU_TP000133",5.235481481,4.87054519211001,4.05177006026356,5.68818521111602
"4357",37,"UKENNW_UU_TP000133",NA,5.33552162093276,4.50434416854959,6.16751653232986
"4358",38,"UKENNW_UU_TP000133",5.089363038,5.31022166721584,4.49052477903218,6.13145393586934
"4359",39,"UKENNW_UU_TP000133",NA,5.6721540763256,4.84052092521839,6.50496622337412
"4360",40,"UKENNW_UU_TP000133",5.844944501,5.60999223516942,4.79082154030295,6.42929009292603
"4361",41,"UKENNW_UU_TP000133",NA,5.60570120231649,4.77277429596102,6.43936946455714
"4362",42,"UKENNW_UU_TP000133",5.631295802,5.71759399273705,4.8979564399269,6.53835363475299
"4363",43,"UKENNW_UU_TP000133",NA,5.56307519247229,4.73609687233894,6.39013639804137
"4364",44,"UKENNW_UU_TP000133",5.537528197,5.40635361425359,4.5864432506968,6.22619917853327
"4365",45,"UKENNW_UU_TP000133",NA,5.55987834402568,4.69815636162343,6.42196465520875
"1126",1,"UKENMI_ST_TP000056",NA,4.23139115340703,3.38156519382511,5.08232407925592
"1127",2,"UKENMI_ST_TP000056",3.446080523,4.38364895661205,3.58123991339123,5.18722729375612
"1128",3,"UKENMI_ST_TP000056",NA,4.6570176611002,3.82914389141386,5.48677969691731
"1129",4,"UKENMI_ST_TP000056",4.624044924,4.65630363536999,3.85209996779297,5.45993947593752
"1130",5,"UKENMI_ST_TP000056",NA,4.78220868382561,3.94730166381443,5.61843784206573
"1131",6,"UKENMI_ST_TP000056",3.505003489,4.92942420312804,4.12641853180817,5.73245248418657
"1132",7,"UKENMI_ST_TP000056",NA,4.8697507073867,4.02586414632155,5.71496444714524
"1133",8,"UKENMI_ST_TP000056",4.692986,4.90063974299942,4.09966239298265,5.70096810902071
"1134",9,"UKENMI_ST_TP000056",NA,5.1798047010976,4.34035615681516,6.02125841551492
"1135",10,"UKENMI_ST_TP000056",3.422363857,5.31964522371629,4.51873960438831,6.12175639152682
"1136",11,"UKENMI_ST_TP000056",NA,5.41578301538734,4.57631997802572,6.25726161154022
"1137",12,"UKENMI_ST_TP000056",4.2293779,5.28132592541927,4.47970221924774,6.08342819547564
"1138",13,"UKENMI_ST_TP000056",NA,5.24775309742742,4.41115493985516,6.0857425077166
"1139",14,"UKENMI_ST_TP000056",5.008418521,5.2845764119941,4.48087897605536,6.08666290396172
"1140",15,"UKENMI_ST_TP000056",NA,5.32042121317627,4.48048674352497,6.16274689026377
"1141",16,"UKENMI_ST_TP000056",3.372121531,5.36885060815086,4.56677580494575,6.17024168002363
"1142",17,"UKENMI_ST_TP000056",NA,5.29103264075798,4.45701177104444,6.12604453450614
"1143",18,"UKENMI_ST_TP000056",4.080032529,5.10438369983484,4.30196073956297,5.90751913303231
"1144",19,"UKENMI_ST_TP000056",NA,5.05416326655777,4.21944838610095,5.88992453456672
"1145",20,"UKENMI_ST_TP000056",3.549696101,4.87460479046476,4.0711093361741,5.67739501150179
"1146",21,"UKENMI_ST_TP000056",NA,5.15456038604708,4.31193478729183,5.99781757571364
"1147",22,"UKENMI_ST_TP000056",3.497767605,4.86118045473224,4.06027996922563,5.66204569320824
"1148",23,"UKENMI_ST_TP000056",NA,5.19056171098942,4.36415750162299,6.01843729732759
"1149",24,"UKENMI_ST_TP000056",4.108987771,5.1970784483613,4.39231495990255,6.00391653721121
"1150",25,"UKENMI_ST_TP000056",NA,5.13459563383205,4.29509999444121,5.97355858984966
"1151",26,"UKENMI_ST_TP000056",4.000206241,5.0567076339939,4.25503312120373,5.85894819661207
"1152",27,"UKENMI_ST_TP000056",NA,5.07459749636422,4.23190497593528,5.91824084461258
"1153",28,"UKENMI_ST_TP000056",4.658806725,5.134863866301,4.33359428682121,5.93611227849719
"1154",29,"UKENMI_ST_TP000056",NA,5.07267675324394,4.23788039413025,5.90708830621962
"1155",30,"UKENMI_ST_TP000056",4.279509179,5.19211510129454,4.3907768363088,5.9944624346927
"1156",31,"UKENMI_ST_TP000056",NA,5.05333653954262,4.17779027726101,5.92846050341557
"1157",32,"UKENMI_ST_TP000056",NA,5.23806707003928,4.43397076212095,6.04481519326882
"1158",33,"UKENMI_ST_TP000056",4.484145433,5.02022756214341,4.20479810162153,5.83718977476549
"1159",34,"UKENMI_ST_TP000056",4.264422411,4.81745065782667,4.01513313509706,5.61922601661223
"1160",35,"UKENMI_ST_TP000056",NA,4.7792990562573,3.93487161789,5.62291819679056
"1161",36,"UKENMI_ST_TP000056",3.500264013,4.79264291364069,3.99298945272805,5.59224077272467
"1162",37,"UKENMI_ST_TP000056",NA,5.25892637515508,4.41636582469411,6.10257931263858
"1163",38,"UKENMI_ST_TP000056",4.878933181,5.13172384564922,4.32709457540872,5.93362273387441
"1164",39,"UKENMI_ST_TP000056",NA,5.5689278147965,4.72769375573357,6.40984520089182
"1165",40,"UKENMI_ST_TP000056",4.181225846,5.48011758060131,4.67919795963935,6.28042805570087
"1166",41,"UKENMI_ST_TP000056",NA,5.52394253011481,4.68587074423831,6.36210701513881
"1167",42,"UKENMI_ST_TP000056",4.553303331,5.46504866080585,4.66445508921863,6.26512336073119
"1168",43,"UKENMI_ST_TP000056",NA,5.56490807033948,4.7288579565802,6.40046880135741
"1169",44,"UKENMI_ST_TP000056",3.898637639,5.31074945495622,4.50899527141977,6.11268309786549
"1170",45,"UKENMI_ST_TP000056",NA,5.51138901407382,4.65364706938441,6.36850183555667
"1216",1,"UKENMI_ST_TP000062",NA,4.03855879615602,3.1836441456282,4.89408305624065
"1217",2,"UKENMI_ST_TP000062",4.856139441,4.1228572548217,3.31079261504533,4.93420730061779
"1218",3,"UKENMI_ST_TP000062",NA,4.47040593781786,3.63308930287237,5.30978910858275
"1219",4,"UKENMI_ST_TP000062",4.749428974,4.46085505657437,3.64921662000085,5.27166654450684
"1220",5,"UKENMI_ST_TP000062",NA,4.5552989901454,3.71109731530582,5.40011082744707
"1221",6,"UKENMI_ST_TP000062",5.439641741,4.77834085745778,3.96618111438405,5.59060248682946
"1222",7,"UKENMI_ST_TP000062",NA,4.70503059258563,3.85596396481746,5.55579296279227
"1223",8,"UKENMI_ST_TP000062",4.999329115,4.73252503877149,3.92289596077124,5.54254401320815
"1224",9,"UKENMI_ST_TP000062",NA,4.98358312862062,4.13326260060024,5.83539285611765
"1225",10,"UKENMI_ST_TP000062",6.147488494,5.16470265500798,4.35409136818062,5.97613631028481
"1226",11,"UKENMI_ST_TP000062",NA,5.24857149607557,4.40510954863415,6.09449485635054
"1227",12,"UKENMI_ST_TP000062",4.530124399,5.11660214489028,4.30613556795068,5.92767129992245
"1228",13,"UKENMI_ST_TP000062",NA,5.07629576624473,4.23239706324199,5.92245238963332
"1229",14,"UKENMI_ST_TP000062",5.300184298,5.06589838242483,4.25312449689189,5.87622259032181
"1230",15,"UKENMI_ST_TP000062",NA,5.10994155432195,4.2607162169655,5.96084345118867
"1231",16,"UKENMI_ST_TP000062",5.305065781,5.22854352134444,4.41691489462005,6.04010563614231
"1232",17,"UKENMI_ST_TP000062",NA,5.04573201713179,4.20443102106676,5.88655155271938
"1233",18,"UKENMI_ST_TP000062",5.273114019,4.88161756138127,4.07046788149511,5.69327576001583
"1234",19,"UKENMI_ST_TP000062",NA,4.85127371320178,4.00523872229002,5.69743419204105
"1235",20,"UKENMI_ST_TP000062",4.995888038,4.66654619636293,3.85162461700534,5.47872194429036
"1236",21,"UKENMI_ST_TP000062",NA,4.95949067283439,4.11106632044821,5.80797584959315
"1237",22,"UKENMI_ST_TP000062",5.076174381,4.6368785263654,3.82687426413388,5.44562357551005
"1238",23,"UKENMI_ST_TP000062",NA,5.00198820746186,4.16425310304962,5.84075392860731
"1239",24,"UKENMI_ST_TP000062",5.302166729,5.0520992849734,4.24082634876929,5.86479659143405
"1240",25,"UKENMI_ST_TP000062",NA,4.96008379547956,4.11227161825778,5.80818289263993
"1241",26,"UKENMI_ST_TP000062",5.293583291,4.90526804832642,4.0939511124094,5.71859202193459
"1242",27,"UKENMI_ST_TP000062",NA,4.8648381795529,4.01452953132842,5.71556456155229
"1243",28,"UKENMI_ST_TP000062",5.811906361,4.92179380850534,4.11055507836218,5.73267488868524
"1244",29,"UKENMI_ST_TP000062",NA,4.85940149138989,4.01578682321276,5.70161557883647
"1245",30,"UKENMI_ST_TP000062",6.005744893,4.87527455607659,4.06478675937014,5.68433834053025
"1246",31,"UKENMI_ST_TP000062",NA,4.84439671032653,3.96271300178287,5.72597231265134
"1247",32,"UKENMI_ST_TP000062",5.043974351,5.03773451383571,4.22571029721261,5.85193413096235
"1248",33,"UKENMI_ST_TP000062",NA,4.79615275314253,3.96869953823243,5.62335370806006
"1249",34,"UKENMI_ST_TP000062",4.264886164,4.56319462823494,3.75146844405789,5.3729411372331
"1250",35,"UKENMI_ST_TP000062",NA,4.53728807262721,3.68571768097411,5.38697342750861
"1251",36,"UKENMI_ST_TP000062",5.043654161,4.57396614556084,3.76430577837574,5.38281073439412
"1252",37,"UKENMI_ST_TP000062",NA,5.08893984833305,4.23914134625177,5.94020149969003
"1253",38,"UKENMI_ST_TP000062",5.386695444,4.9295498778346,4.11286526469327,5.7420549063285
"1254",39,"UKENMI_ST_TP000062",NA,5.33977097747952,4.49529888815536,6.18350341332249
"1255",40,"UKENMI_ST_TP000062",4.682082315,5.2806187607196,4.47111552432086,6.0897951228114
"1256",41,"UKENMI_ST_TP000062",NA,5.31452550950332,4.46635338063579,6.1622411553185
"1257",42,"UKENMI_ST_TP000062",5.703642275,5.2649197116432,4.45504757723196,6.07425214163969
"1258",43,"UKENMI_ST_TP000062",NA,5.38226786983291,4.538833423758,6.22507496148108
"1259",44,"UKENMI_ST_TP000062",5.305494424,5.06600996543395,4.25369858494454,5.87649310034215
"1260",45,"UKENMI_ST_TP000062",NA,5.32633375858935,4.46311364947144,6.18819214406985
"1396",1,"UKENMI_ST_TP000100",NA,4.27331043748023,3.4247787309404,5.12104954932103
"1397",2,"UKENMI_ST_TP000100",4.992490941,4.39801015971468,3.5905950812598,5.20491389530477
"1398",3,"UKENMI_ST_TP000100",NA,4.714106307506,3.88187829391078,5.54718152328208
"1399",4,"UKENMI_ST_TP000100",4.225870038,4.70361736681144,3.89640193880575,5.50934974138698
"1400",5,"UKENMI_ST_TP000100",NA,4.80187231672633,3.96625366288742,5.63757526573088
"1401",6,"UKENMI_ST_TP000100",4.778833325,4.99282185774519,4.18474887891018,5.80026397009341
"1402",7,"UKENMI_ST_TP000100",NA,4.93352314154913,4.08748440463559,5.78064804709249
"1403",8,"UKENMI_ST_TP000100",4.579222692,4.95639850703292,4.15126452838297,5.76047571464124
"1404",9,"UKENMI_ST_TP000100",NA,5.22339648573944,4.3808441003933,6.06711199184589
"1405",10,"UKENMI_ST_TP000100",5.347721289,5.37854255456692,4.57378690720559,6.18294034270898
"1406",11,"UKENMI_ST_TP000100",NA,5.48120988058406,4.64393795404537,6.32022730967841
"1407",12,"UKENMI_ST_TP000100",5.040893518,5.3273708791996,4.52018216630333,6.13327914716655
"1408",13,"UKENMI_ST_TP000100",NA,5.33321853595469,4.49873365351701,6.16948984823892
"1409",14,"UKENMI_ST_TP000100",5.625477246,5.274914965262,4.46672735841513,6.08075489121952
"1410",15,"UKENMI_ST_TP000100",NA,5.34721584261093,4.50637793445801,6.1896726511823
"1411",16,"UKENMI_ST_TP000100",5.181406108,5.43847138242319,4.6315002243692,6.24439808279402
"1412",17,"UKENMI_ST_TP000100",NA,5.29114658002817,4.45774084380682,6.12400540431699
"1413",18,"UKENMI_ST_TP000100",5.466700621,5.15460985404119,4.34652896205094,5.96303360976788
"1414",19,"UKENMI_ST_TP000100",NA,5.08737011703879,4.25188589497864,5.9228696730141
"1415",20,"UKENMI_ST_TP000100",3.209729508,4.93003260143461,4.12235249336772,5.73604056352069
"1416",21,"UKENMI_ST_TP000100",NA,5.19230646254081,4.34891445721157,6.03560219832161
"1417",22,"UKENMI_ST_TP000100",4.878366266,4.86091123161333,4.0553166310208,5.66463770568618
"1418",23,"UKENMI_ST_TP000100",NA,5.22889321264001,4.39970413018018,6.05887801616378
"1419",24,"UKENMI_ST_TP000100",5.45563983,5.2666546108725,4.46055944125726,6.0730216103675
"1420",25,"UKENMI_ST_TP000100",NA,5.19912801429336,4.35863242467761,6.03954979920213
"1421",26,"UKENMI_ST_TP000100",3.677987912,5.15393972893125,4.34614247451339,5.96250744132994
"1422",27,"UKENMI_ST_TP000100",NA,5.10027780863416,4.25751716311322,5.94330010086549
"1423",28,"UKENMI_ST_TP000100",5.656049879,5.15427576826584,4.34877644206109,5.95911939838404
"1424",29,"UKENMI_ST_TP000100",NA,5.09011305232241,4.2526496787359,5.92589965503815
"1425",30,"UKENMI_ST_TP000100",5.464281403,5.13805557363914,4.3327125860929,5.94163065925984
"1426",31,"UKENMI_ST_TP000100",NA,5.09446149205098,4.21966720899234,5.96899189658432
"1427",32,"UKENMI_ST_TP000100",6.322351125,5.32172410397258,4.51241601071018,6.13297917385512
"1428",33,"UKENMI_ST_TP000100",NA,5.03956097566565,4.22291665240186,5.85589722002368
"1429",34,"UKENMI_ST_TP000100",3.422672744,4.80536870282423,3.99858447631733,5.60973039038513
"1430",35,"UKENMI_ST_TP000100",NA,4.77605303193389,3.93093004761881,5.61894825521367
"1431",36,"UKENMI_ST_TP000100",5.36987049,4.81651097094824,4.01161036348399,5.62021066608825
"1432",37,"UKENMI_ST_TP000100",NA,5.33684527247542,4.49486310976434,6.17980438146132
"1433",38,"UKENMI_ST_TP000100",5.711662412,5.17394498914911,4.36473020401221,5.9801286246287
"1434",39,"UKENMI_ST_TP000100",NA,5.57994969937113,4.74104509557915,6.41806679964374
"1435",40,"UKENMI_ST_TP000100",6.020976573,5.54868524473529,4.7447737962552,6.35224643388038
"1436",41,"UKENMI_ST_TP000100",NA,5.54847972573254,4.70863838764805,6.3877516563541
"1437",42,"UKENMI_ST_TP000100",5.413126248,5.52136647031859,4.71648037518891,6.32530439030908
"1438",43,"UKENMI_ST_TP000100",NA,5.60479131912835,4.76903715441819,6.44000257897786
"1439",44,"UKENMI_ST_TP000100",5.055559317,5.32952364783947,4.52363598253573,6.13409788578677
"1440",45,"UKENMI_ST_TP000100",NA,5.56055627212286,4.70296048277951,6.41731840540404
"1576",1,"UKENMI_ST_TP000156",3.116048427,3.75189924278578,2.87925233227935,4.62487011411668
"1577",2,"UKENMI_ST_TP000156",NA,3.84523850611863,3.01419584415698,4.67499464199746
"1578",3,"UKENMI_ST_TP000156",2.737141927,4.18692222625249,3.33112480939269,5.04433191292072
"1579",4,"UKENMI_ST_TP000156",NA,4.17501717704697,3.34425840235636,5.00441605874688
"1580",5,"UKENMI_ST_TP000156",3.913014812,4.26955248451285,3.40728561423182,5.13215299299987
"1581",6,"UKENMI_ST_TP000156",NA,4.48939401125469,3.65824586862734,5.32015352755174
"1582",7,"UKENMI_ST_TP000156",3.960653846,4.41735968225721,3.54943336399783,5.28652782257977
"1583",8,"UKENMI_ST_TP000156",NA,4.44539885680479,3.61672388761034,5.27404877651966
"1584",9,"UKENMI_ST_TP000156",3.311294188,4.69802170361606,3.8293661727496,5.56786770566857
"1585",10,"UKENMI_ST_TP000156",NA,4.87898136232853,4.04929966972369,5.70869017660282
"1586",11,"UKENMI_ST_TP000156",4.312260316,4.96561315165493,4.10383401138097,5.82932963056174
"1587",12,"UKENMI_ST_TP000156",NA,4.83017505977953,4.00058043407053,5.65969672172138
"1588",13,"UKENMI_ST_TP000156",4.821272944,4.79297843188223,3.9310311210547,5.65688711859406
"1589",14,"UKENMI_ST_TP000156",NA,4.77255491691138,3.94037991992645,5.60147011045607
"1590",15,"UKENMI_ST_TP000156",3.947557312,4.82428021082297,3.95700377279972,5.69282772009057
"1591",16,"UKENMI_ST_TP000156",NA,4.93778433696677,4.10712696656456,5.76799630353107
"1592",17,"UKENMI_ST_TP000156",4.626586891,4.75853022310263,3.89894715700889,5.61718786900672
"1593",18,"UKENMI_ST_TP000156",NA,4.5968893822979,3.76693689891607,5.42720123159081
"1594",19,"UKENMI_ST_TP000156",4.194370329,4.56302596578771,3.69894516098813,5.42701850325705
"1595",20,"UKENMI_ST_TP000156",NA,4.38237327891012,3.54891004756756,5.21292070310526
"1596",21,"UKENMI_ST_TP000156",3.290505905,4.67143626206202,3.80464586401526,5.53800520880967
"1597",22,"UKENMI_ST_TP000156",NA,4.34574012912119,3.51676300049826,5.17301876098023
"1598",23,"UKENMI_ST_TP000156",4.560319403,4.71512025816378,3.85917528627405,5.5717571269073
"1599",24,"UKENMI_ST_TP000156",NA,4.76374573235465,3.93364543312414,5.59498505976031
"1600",25,"UKENMI_ST_TP000156",4.101626043,4.67315718190387,3.80702620784324,5.53932423241052
"1601",26,"UKENMI_ST_TP000156",NA,4.62250983471647,3.79225806032452,5.45479246397591
"1602",27,"UKENMI_ST_TP000156",4.232449712,4.57752059416027,3.7090593361522,5.44615374857706
"1603",28,"UKENMI_ST_TP000156",NA,4.6376235262535,3.80782380372039,5.46695541776747
"1604",29,"UKENMI_ST_TP000156",4.18228779,4.56820445459594,3.70615244602613,5.4285460193175
"1605",30,"UKENMI_ST_TP000156",NA,4.58960461955192,3.7601791205289,5.41726774109627
"1606",31,"UKENMI_ST_TP000156",NA,4.56501517592457,3.66580928400608,5.4638393978245
"1607",32,"UKENMI_ST_TP000156",3.213457339,4.76615347991059,3.93472127851227,5.59912437855009
"1608",33,"UKENMI_ST_TP000156",4.076863429,4.51064025376725,3.66461324424003,5.35585207404137
"1609",34,"UKENMI_ST_TP000156",NA,4.27665111621932,3.44614743020847,5.10487816541215
"1610",35,"UKENMI_ST_TP000156",4.068205362,4.24779677881323,3.37803413993305,5.11540312140814
"1611",36,"UKENMI_ST_TP000156",NA,4.28589662819439,3.45741143305058,5.11339295320444
"1612",37,"UKENMI_ST_TP000156",3.334838924,4.80347913405553,3.93550707442401,5.67270652438166
"1613",38,"UKENMI_ST_TP000156",NA,4.64073712109134,3.80523778176344,5.47162347706828
"1614",39,"UKENMI_ST_TP000156",4.895572392,5.0511500354836,4.18838359969265,5.9129653647671
"1615",40,"UKENMI_ST_TP000156",NA,4.99648196886885,4.16818466000937,5.82416108889986
"1616",41,"UKENMI_ST_TP000156",4.441389163,5.0223074754546,4.15597308595693,5.88789675620176
"1617",42,"UKENMI_ST_TP000156",NA,4.97870661002382,4.15002640368576,5.80666416719918
"1618",43,"UKENMI_ST_TP000156",4.596557012,5.09808042793875,4.2361433874173,5.95904974658413
"1619",44,"UKENMI_ST_TP000156",NA,4.78205740197767,3.95101458171948,5.61099390740524
"1620",45,"UKENMI_ST_TP000156",NA,5.03598683218791,4.15422265361962,5.91599959914902
"1666",1,"UKENMI_ST_TP000164",NA,4.19607803616218,3.33537410104541,5.05664165019795
"1667",2,"UKENMI_ST_TP000164",NA,4.26400911764032,3.45278310391152,5.07294063469136
"1668",3,"UKENMI_ST_TP000164",5.42979877,4.62068717489669,3.77976435254577,5.46240878259783
"1669",4,"UKENMI_ST_TP000164",NA,4.6127430855198,3.79899483886518,5.42428025472726
"1670",5,"UKENMI_ST_TP000164",NA,4.70777401237913,3.85832029030557,5.55676276357837
"1671",6,"UKENMI_ST_TP000164",5.404188678,4.93554174519867,4.12077802108583,5.74863856555881
"1672",7,"UKENMI_ST_TP000164",NA,4.85440986471991,4.00184393209096,5.70751119320779
"1673",8,"UKENMI_ST_TP000164",5.571872856,4.8870411605739,4.07514798113369,5.69750546447063
"1674",9,"UKENMI_ST_TP000164",NA,5.12925052038072,4.27653912475703,5.9821117804752
"1675",10,"UKENMI_ST_TP000164",6.08085993,5.31991631369157,4.50906150680489,6.13099579075559
"1676",11,"UKENMI_ST_TP000164",NA,5.38656921621321,4.53831360496143,6.23544145054037
"1677",12,"UKENMI_ST_TP000164",5.789667724,5.26167208938909,4.45017423162513,6.07307914005566
"1678",13,"UKENMI_ST_TP000164",NA,5.20967382599776,4.36097455542557,6.05889233350783
"1679",14,"UKENMI_ST_TP000164",5.163621307,5.25874428523845,4.44525423184178,6.0685401969359
"1680",15,"UKENMI_ST_TP000164",NA,5.26002550090095,4.40810675773086,6.11270898852324
"1681",16,"UKENMI_ST_TP000164",6.885288428,5.38124715276893,4.567850179032,6.19311815638863
"1682",17,"UKENMI_ST_TP000164",NA,5.21486265328625,4.36669215179234,6.06157175706544
"1683",18,"UKENMI_ST_TP000164",6.196764683,5.03178971914379,4.21855029095808,5.84443625327779
"1684",19,"UKENMI_ST_TP000164",NA,5.00977689078715,4.15822516068558,5.86036607053433
"1685",20,"UKENMI_ST_TP000164",5.420581546,4.80692957354008,3.99029340697383,5.61915337760512
"1686",21,"UKENMI_ST_TP000164",NA,5.11076534866281,4.2575809775542,5.96299806184355
"1687",22,"UKENMI_ST_TP000164",5.673891452,4.80646732123944,3.99413925695438,5.61683644296845
"1688",23,"UKENMI_ST_TP000164",NA,5.15242697989022,4.31103480992463,5.99341886935396
"1689",24,"UKENMI_ST_TP000164",4.605200884,5.19554283589128,4.38251033388256,6.00941106942831
"1690",25,"UKENMI_ST_TP000164",NA,5.10428568314839,4.25138062620659,5.95612257742995
"1691",26,"UKENMI_ST_TP000164",5.121367828,5.03136844707808,4.22005974163167,5.8430401540795
"1692",27,"UKENMI_ST_TP000164",NA,5.01654677172686,4.16142767834653,5.87125949060094
"1693",28,"UKENMI_ST_TP000164",5.604174518,5.07256886336857,4.25980350383941,5.88383294610128
"1694",29,"UKENMI_ST_TP000164",NA,5.02094233431281,4.17442881756258,5.86565787446524
"1695",30,"UKENMI_ST_TP000164",4.710703716,5.04792103199595,4.23565876460291,5.85816720949347
"1696",31,"UKENMI_ST_TP000164",NA,4.99080453509565,4.10027487939946,5.87982295734766
"1697",32,"UKENMI_ST_TP000164",5.30531573,5.1387479789689,4.32855110071836,5.95071813021992
"1698",33,"UKENMI_ST_TP000164",NA,4.94634419420576,4.11677478595506,5.77535635466359
"1699",34,"UKENMI_ST_TP000164",3.722436081,4.71977999743176,3.90609133734285,5.52999225595789
"1700",35,"UKENMI_ST_TP000164",NA,4.70692139200207,3.84899351098319,5.56228141811764
"1701",36,"UKENMI_ST_TP000164",5.09697286,4.73035852905895,3.91862626596531,5.53963184414658
"1702",37,"UKENMI_ST_TP000164",NA,5.22743489797324,4.37150317326419,6.08336518287746
"1703",38,"UKENMI_ST_TP000164",5.074480413,5.07717651816283,4.25888703753076,5.88943976206549
"1704",39,"UKENMI_ST_TP000164",NA,5.4970303650997,4.64478998227742,6.34727007653461
"1705",40,"UKENMI_ST_TP000164",5.364666112,5.41149762944142,4.6005552288954,6.21992648797918
"1706",41,"UKENMI_ST_TP000164",NA,5.47623222324811,4.62180826702355,6.32917062120871
"1707",42,"UKENMI_ST_TP000164",5.915379001,5.40959572148933,4.59740486661375,6.21990096640079
"1708",43,"UKENMI_ST_TP000164",NA,5.52733360690365,4.6757863253208,6.37627067942965
"1709",44,"UKENMI_ST_TP000164",5.96755372,5.21360793829609,4.3990841167283,6.02529069318557
"1710",45,"UKENMI_ST_TP000164",NA,5.47790112336329,4.61194440458566,6.3414778747818
"1846",1,"UKENMI_ST_TP000186",NA,4.29901880531922,3.44827198687619,5.1491465358948
"1847",2,"UKENMI_ST_TP000186",3.9969467,4.47506898862791,3.65609245137061,5.29464336628138
"1848",3,"UKENMI_ST_TP000186",NA,4.64868830200391,3.81528585192836,5.48219004285438
"1849",4,"UKENMI_ST_TP000186",3.441659669,4.70519520384883,3.88314491057458,5.52537302522026
"1850",5,"UKENMI_ST_TP000186",NA,4.85051882540817,4.00658358685266,5.69506844236559
"1851",6,"UKENMI_ST_TP000186",4.559910036,4.84619702079199,4.02695813332595,5.66343032896711
"1852",7,"UKENMI_ST_TP000186",NA,4.8480522261503,3.99712805367506,5.69917318664762
"1853",8,"UKENMI_ST_TP000186",5.012748936,4.9458510470964,4.12786420671338,5.76253005372992
"1854",9,"UKENMI_ST_TP000186",NA,5.17449898203886,4.33196318977735,6.01726953048002
"1855",10,"UKENMI_ST_TP000186",5.755881397,5.25054042761862,4.43465525550429,6.06723810308794
"1856",11,"UKENMI_ST_TP000186",NA,5.43265195451925,4.59062986451392,6.27654836992121
"1857",12,"UKENMI_ST_TP000186",5.304565262,5.35138966637219,4.53533059725781,6.16825561153789
"1858",13,"UKENMI_ST_TP000186",NA,5.26518100771389,4.41735475984254,6.11350482772498
"1859",14,"UKENMI_ST_TP000186",5.656420517,5.43052631880422,4.61598720862902,6.24435396127305
"1860",15,"UKENMI_ST_TP000186",NA,5.34250011142272,4.50065640807373,6.1857520674157
"1861",16,"UKENMI_ST_TP000186",5.95854921,5.42978347483366,4.61173462506786,6.24687007951964
"1862",17,"UKENMI_ST_TP000186",NA,5.39285831445278,4.55311691170708,6.23327574719473
"1863",18,"UKENMI_ST_TP000186",5.09637479,5.188740835602,4.37030041933196,6.00584141816126
"1864",19,"UKENMI_ST_TP000186",NA,5.08138417078197,4.24124429860989,5.92099897778961
"1865",20,"UKENMI_ST_TP000186",5.730511774,5.03689020333929,4.21657594709824,5.85906234424708
"1866",21,"UKENMI_ST_TP000186",NA,5.21770361166905,4.37509786120754,6.06087381854419
"1867",22,"UKENMI_ST_TP000186",5.924315094,5.08160308167666,4.26457689509967,5.89934980183016
"1868",23,"UKENMI_ST_TP000186",NA,5.20894176342906,4.37295390851971,6.04590870906257
"1869",24,"UKENMI_ST_TP000186",5.4980431,5.12955616972985,4.31063560018063,5.94834296753689
"1870",25,"UKENMI_ST_TP000186",NA,5.19807265238802,4.35487192090601,6.04039114365585
"1871",26,"UKENMI_ST_TP000186",4.812227903,5.05067085892664,4.2306463009946,5.86942797583082
"1872",27,"UKENMI_ST_TP000186",NA,5.18517285382682,4.34311116955732,6.0287373222499
"1873",28,"UKENMI_ST_TP000186",5.130668994,5.21697870266294,4.39979201614962,6.03311323931305
"1874",29,"UKENMI_ST_TP000186",NA,5.17850162022715,4.3413824002036,6.01601509660439
"1875",30,"UKENMI_ST_TP000186",5.976217539,5.27129522658121,4.4529269528447,6.08955514535999
"1876",31,"UKENMI_ST_TP000186",NA,5.09912939155716,4.21779684226215,5.98032439191726
"1877",32,"UKENMI_ST_TP000186",5.446778594,5.11032398058294,4.29697995274637,5.92378321191272
"1878",33,"UKENMI_ST_TP000186",NA,5.0087629814195,4.1863473338952,5.83123129936761
"1879",34,"UKENMI_ST_TP000186",3.952113833,4.97953150096086,4.15902936497902,5.7986379845735
"1880",35,"UKENMI_ST_TP000186",NA,4.88563473600967,4.04208605253041,5.72829281602608
"1881",36,"UKENMI_ST_TP000186",5.141598983,4.86616468644565,4.04866409099294,5.6812259618654
"1882",37,"UKENMI_ST_TP000186",NA,5.20760939916711,4.36381638293776,6.05001447589444
"1883",38,"UKENMI_ST_TP000186",5.217372226,5.25057345954297,4.4340281502597,6.06890237946922
"1884",39,"UKENMI_ST_TP000186",NA,5.6322006127857,4.79044651424133,6.47484974945942
"1885",40,"UKENMI_ST_TP000186",4.936903005,5.57530502573435,4.75741161729843,6.3919808780677
"1886",41,"UKENMI_ST_TP000186",NA,5.65105400399259,4.80979644022657,6.49315202004395
"1887",42,"UKENMI_ST_TP000186",4.342255398,5.52029940828791,4.70214873061537,6.33640555915006
"1888",43,"UKENMI_ST_TP000186",NA,5.65098519479479,4.81288724904444,6.48910901185821
"1889",44,"UKENMI_ST_TP000186",5.532641679,5.45478022404503,4.63744480360769,6.27274764537427
"1890",45,"UKENMI_ST_TP000186",NA,5.51481681812911,4.64269657477211,6.38542640808382
"3196",1,"UKENNE_YW_TP000119",NA,4.13668635807475,3.28578382827964,4.98740649241289
"3197",2,"UKENNE_YW_TP000119",4.643395943,4.34234517628706,3.52644586434261,5.15838577449773
"3198",3,"UKENNE_YW_TP000119",NA,4.51981603977166,3.68775146855987,5.35213728137556
"3199",4,"UKENNE_YW_TP000119",5.231218657,4.58535623697574,3.76755607614191,5.4025139459084
"3200",5,"UKENNE_YW_TP000119",NA,4.73191469499857,3.88822643562382,5.57737417326219
"3201",6,"UKENNE_YW_TP000119",5.681086755,4.72166242864025,3.90873072265934,5.53503178379134
"3202",7,"UKENNE_YW_TP000119",NA,4.72632399376802,3.87310538165752,5.58042712729375
"3203",8,"UKENNE_YW_TP000119",5.534299111,4.8140245942061,4.00160810149585,5.6264479352165
"3204",9,"UKENNE_YW_TP000119",NA,5.0210834613733,4.17793865010249,5.86571612597549
"3205",10,"UKENNE_YW_TP000119",5.673553444,5.13403299355062,4.32274313878288,5.9472703878913
"3206",11,"UKENNE_YW_TP000119",NA,5.33007248401292,4.48621227540555,6.17635255382384
"3207",12,"UKENNE_YW_TP000119",5.619290539,5.26093739049058,4.44926244532893,6.07427857195755
"3208",13,"UKENNE_YW_TP000119",NA,5.14596568329411,4.29976137225385,5.99281798667568
"3209",14,"UKENNE_YW_TP000119",6.209534826,5.28098067596312,4.46935225908658,6.09245900857466
"3210",15,"UKENNE_YW_TP000119",NA,5.21424237768039,4.3706913606913,6.05901125263064
"3211",16,"UKENNE_YW_TP000119",5.658716158,5.26917464737809,4.45606452322109,6.08178441577201
"3212",17,"UKENNE_YW_TP000119",NA,5.28559475184974,4.44744150925526,6.12572901111082
"3213",18,"UKENNE_YW_TP000119",3.263552446,5.04310061199233,4.22775098004198,5.85749015374263
"3214",19,"UKENNE_YW_TP000119",NA,4.96045285282833,4.12160184898191,5.80033144997083
"3215",20,"UKENNE_YW_TP000119",5.552638204,4.88348451289933,4.0679579296264,5.70133343404102
"3216",21,"UKENNE_YW_TP000119",NA,5.09778722307878,4.25543769260602,5.9420078450031
"3217",22,"UKENNE_YW_TP000119",5.800714433,4.88754545221305,4.07513884465987,5.70132336726658
"3218",23,"UKENNE_YW_TP000119",NA,5.08236798587314,4.24685257414084,5.92013952777863
"3219",24,"UKENNE_YW_TP000119",5.871163365,4.96197805329786,4.14731495389518,5.77693934505188
"3220",25,"UKENNE_YW_TP000119",NA,5.07614853294343,4.23550774826417,5.91692691914226
"3221",26,"UKENNE_YW_TP000119",6.361281049,4.84748406647893,4.02934229110556,5.66377401691775
"3222",27,"UKENNE_YW_TP000119",NA,5.03205465527656,4.18978748490648,5.87626857689616
"3223",28,"UKENNE_YW_TP000119",6.139848056,5.06882229259332,4.25544443553092,5.88162669917737
"3224",29,"UKENNE_YW_TP000119",NA,5.02593659169163,4.18912095146172,5.8631011500504
"3225",30,"UKENNE_YW_TP000119",5.844048211,5.20243241399373,4.38843817002662,6.01844760228866
"3226",31,"UKENNE_YW_TP000119",NA,4.9804612925284,4.09528738222814,5.86541363780457
"3227",32,"UKENNE_YW_TP000119",5.640594422,5.07316227495486,4.26272013927667,5.8839957952932
"3228",33,"UKENNE_YW_TP000119",NA,4.90708158408784,4.08589255479316,5.72863096178769
"3229",34,"UKENNE_YW_TP000119",4.595083069,4.8609038110598,4.04745835008721,5.67420067404909
"3230",35,"UKENNE_YW_TP000119",NA,4.77206611477192,3.92922613278525,5.61515998170587
"3231",36,"UKENNE_YW_TP000119",3.495651677,4.73392359650716,3.92125194879246,5.5448322068091
"3232",37,"UKENNE_YW_TP000119",NA,5.06034697113793,4.21535826211237,5.90370848953525
"3233",38,"UKENNE_YW_TP000119",5.649401782,5.14335204195174,4.331460629583,5.95845267776892
"3234",39,"UKENNE_YW_TP000119",NA,5.54418557751465,4.70202256559994,6.38837271206379
"3235",40,"UKENNE_YW_TP000119",5.574286222,5.47434547045788,4.66284752785204,6.28589315402893
"3236",41,"UKENNE_YW_TP000119",NA,5.52980265352077,4.69145389134633,6.36994415402761
"3237",42,"UKENNE_YW_TP000119",6.14968729,5.40024132588494,4.58743930234511,6.2119737307167
"3238",43,"UKENNE_YW_TP000119",NA,5.53399116697645,4.69899562096247,6.37060366139655
"3239",44,"UKENNE_YW_TP000119",5.111859357,5.33575218239923,4.52324925686595,6.14994352282571
"3240",45,"UKENNE_YW_TP000119",NA,5.38534025616868,4.51021694049799,6.2593581204247
"496",1,"UKENAN_AW_TP000116",NA,4.43779426869012,3.56588361045431,5.30967169288297
"497",2,"UKENAN_AW_TP000116",3.552313549,4.57784309331692,3.73041716207894,5.42599606441446
"498",3,"UKENAN_AW_TP000116",NA,4.74761014514928,3.88934749894262,5.60656141106624
"499",4,"UKENAN_AW_TP000116",3.41733231,4.79530323798066,3.94528978280325,5.64370959441602
"500",5,"UKENAN_AW_TP000116",NA,4.91853505924797,4.05321683533436,5.78479841440267
"501",6,"UKENAN_AW_TP000116",3.705437485,4.94804968536466,4.10017175588368,5.79424919877252
"502",7,"UKENAN_AW_TP000116",NA,4.93009813007597,4.05959155211398,5.80175586691718
"503",8,"UKENAN_AW_TP000116",4.787680446,5.03076020522527,4.18415445426917,5.8772175447672
"504",9,"UKENAN_AW_TP000116",NA,5.27120148674375,4.40616345985206,6.13747073153515
"505",10,"UKENAN_AW_TP000116",4.339162983,5.33494669084614,4.48941211601659,6.18152128080454
"506",11,"UKENAN_AW_TP000116",NA,5.50617206839655,4.64214425429001,6.37208125672615
"507",12,"UKENAN_AW_TP000116",5.135441614,5.41362870914516,4.5679600614345,6.25988134183805
"508",13,"UKENAN_AW_TP000116",NA,5.36924932732102,4.49527731700537,6.24407855582079
"509",14,"UKENAN_AW_TP000116",5.853857174,5.54776131882817,4.70628622554814,6.38874524187587
"510",15,"UKENAN_AW_TP000116",NA,5.43814612286268,4.57387785813244,6.30418948514776
"511",16,"UKENAN_AW_TP000116",5.646475789,5.53979287702726,4.69337721062262,6.38577684631155
"512",17,"UKENAN_AW_TP000116",NA,5.45725189527888,4.59379498300542,6.32136424320075
"513",18,"UKENAN_AW_TP000116",5.862878395,5.30370412861533,4.45744317259025,6.14941748214027
"514",19,"UKENAN_AW_TP000116",NA,5.16816746153063,4.30325744769447,6.03193408783363
"515",20,"UKENAN_AW_TP000116",5.461699034,5.16232394522196,4.31445387560266,6.01235469364703
"516",21,"UKENAN_AW_TP000116",NA,5.30315951906982,4.43855110338997,6.16834376780682
"517",22,"UKENAN_AW_TP000116",5.639845061,5.22252949824368,4.37687845678658,6.06960663079677
"518",23,"UKENAN_AW_TP000116",NA,5.3022297369709,4.44188259326448,6.16323303639732
"519",24,"UKENAN_AW_TP000116",4.950907653,5.26217452390139,4.41577708003542,6.11013034007069
"520",25,"UKENAN_AW_TP000116",NA,5.29298562429974,4.4279999682597,6.15795941286981
"521",26,"UKENAN_AW_TP000116",5.280285157,5.23344399818751,4.38606700953216,6.08231928646494
"522",27,"UKENAN_AW_TP000116",NA,5.29956081653005,4.43605031672983,6.16520777989651
"523",28,"UKENAN_AW_TP000116",4.641503595,5.33251977201294,4.48690186768069,6.17766148131039
"524",29,"UKENAN_AW_TP000116",NA,5.30650245938397,4.44623803856175,6.16837140453992
"525",30,"UKENAN_AW_TP000116",5.294936955,5.30779537074717,4.46044447540447,6.1540815698734
"526",31,"UKENAN_AW_TP000116",NA,5.18379317789118,4.28246553758811,6.08468964949968
"527",32,"UKENAN_AW_TP000116",4.876036951,5.13424140285399,4.2928036024838,5.97577468499083
"528",33,"UKENAN_AW_TP000116",NA,5.08221651611837,4.23267123536734,5.93147743755405
"529",34,"UKENAN_AW_TP000116",4.340625681,5.06902814491247,4.21965379858242,5.91696996271828
"530",35,"UKENAN_AW_TP000116",NA,4.97173061144011,4.1053061051078,5.83674870006141
"531",36,"UKENAN_AW_TP000116",4.544427807,4.97740444847262,4.13082268154861,5.82186118560664
"532",37,"UKENAN_AW_TP000116",NA,5.32562349978868,4.46044055421616,6.1904235846484
"533",38,"UKENAN_AW_TP000116",4.780158755,5.32911000969608,4.48346855865718,6.17672278692993
"534",39,"UKENAN_AW_TP000116",NA,5.68637902481604,4.82109643905986,6.55216839415611
"535",40,"UKENAN_AW_TP000116",4.719419935,5.62923531491517,4.78217355386455,6.47481557047814
"536",41,"UKENAN_AW_TP000116",NA,5.72991525471852,4.8655041804231,6.59566319592726
"537",42,"UKENAN_AW_TP000116",5.169603084,5.5936728471616,4.74754981944098,6.43884977238265
"538",43,"UKENAN_AW_TP000116",NA,5.70961122242167,4.84870613442247,6.5709048959172
"539",44,"UKENAN_AW_TP000116",5.865143458,5.51103144034171,4.66517383901178,6.35744365914471
"540",45,"UKENAN_AW_TP000116",NA,5.59997771621888,4.70852287273593,6.49036977559642
"451",1,"UKENAN_AW_TP000115",NA,4.52522347324766,3.64205797006174,5.40836964489717
"452",2,"UKENAN_AW_TP000115",5.567368304,4.55154055358524,3.69875778148585,5.40503429962707
"453",3,"UKENAN_AW_TP000115",NA,4.76929308158995,3.89668116823957,5.64197111069432
"454",4,"UKENAN_AW_TP000115",5.523851949,4.75933078140815,3.90774645763807,5.61120936956595
"455",5,"UKENAN_AW_TP000115",NA,4.89524819518335,4.01790103601179,5.77340705546714
"456",6,"UKENAN_AW_TP000115",5.334188612,5.06202213991159,4.20950445658747,5.91394652239702
"457",7,"UKENAN_AW_TP000115",NA,4.94984252500919,4.06645732947366,5.83386251666747
"458",8,"UKENAN_AW_TP000115",5.751866777,5.01155792131177,4.15987615134393,5.86356191300581
"459",9,"UKENAN_AW_TP000115",NA,5.30286180285891,4.42437905727782,6.18212910378803
"460",10,"UKENAN_AW_TP000115",5.384008702,5.33513853240593,4.48315774514272,6.18740074975099
"461",11,"UKENAN_AW_TP000115",NA,5.46794882361569,4.59129886316568,6.34560999600331
"462",12,"UKENAN_AW_TP000115",5.799345205,5.39907378082253,4.54697721265546,6.25119282212822
"463",13,"UKENAN_AW_TP000115",NA,5.38480283836253,4.50399775684699,6.26585145489139
"464",14,"UKENAN_AW_TP000115",5.258356764,5.5440476755297,4.69033545771123,6.39747234859499
"465",15,"UKENAN_AW_TP000115",NA,5.43089524025924,4.55297505877734,6.31000221766731
"466",16,"UKENAN_AW_TP000115",4.997816928,5.51381929868255,4.66331590732497,6.36436147226726
"467",17,"UKENAN_AW_TP000115",NA,5.39039625760516,4.51287984075992,6.26857775286904
"468",18,"UKENAN_AW_TP000115",5.356647485,5.33163066608219,4.48140243145979,6.18314246355595
"469",19,"UKENAN_AW_TP000115",NA,5.23838256582657,4.35979730868003,6.11811008747482
"470",20,"UKENAN_AW_TP000115",5.715279953,5.2567573609082,4.4059227718459,6.10834907172648
"471",21,"UKENAN_AW_TP000115",NA,5.30945454353866,4.43237507444065,6.18770166530528
"472",22,"UKENAN_AW_TP000115",5.118840612,5.221986288549,4.36970688297781,6.07528991982067
"473",23,"UKENAN_AW_TP000115",NA,5.34788898612507,4.47404860875537,6.22317063515346
"474",24,"UKENAN_AW_TP000115",5.223328272,5.31141720466427,4.46055747983013,6.16289698856911
"475",25,"UKENAN_AW_TP000115",NA,5.33014331974872,4.45714096031635,6.20447928266181
"476",26,"UKENAN_AW_TP000115",5.350511446,5.35839748827301,4.50444110241077,6.21486169276584
"477",27,"UKENAN_AW_TP000115",NA,5.2585377029652,4.38147126777906,6.1368957114261
"478",28,"UKENAN_AW_TP000115",5.515474073,5.35149181545849,4.49814593685366,6.20591437759729
"479",29,"UKENAN_AW_TP000115",NA,5.31877121794976,4.44385822389792,6.19557457989138
"480",30,"UKENAN_AW_TP000115",4.489673925,5.29978027382752,4.44874341964532,6.1520582855913
"481",31,"UKENAN_AW_TP000115",NA,5.10987049442396,4.19735981854044,6.02243108799414
"482",32,"UKENAN_AW_TP000115",5.741374994,5.03355091947711,4.16800922264688,5.90030471399123
"483",33,"UKENAN_AW_TP000115",NA,5.10843305139994,4.2407029921797,5.97699941355673
"484",34,"UKENAN_AW_TP000115",5.249146308,5.01495879822394,4.16266434437009,5.86815060336015
"485",35,"UKENAN_AW_TP000115",NA,4.97082906948365,4.09250644428465,5.84958673604936
"486",36,"UKENAN_AW_TP000115",5.342386146,5.03570583457463,4.18324885839452,5.88880667552085
"487",37,"UKENAN_AW_TP000115",NA,5.38848803163514,4.50983490405113,6.26851483942353
"488",38,"UKENAN_AW_TP000115",5.674939898,5.35224431959271,4.49963184254293,6.20592082574427
"489",39,"UKENAN_AW_TP000115",NA,5.64326633936988,4.76407447180301,6.52429797729129
"490",40,"UKENAN_AW_TP000115",6.042790269,5.49702898752111,4.644808841555,6.34916926785582
"491",41,"UKENAN_AW_TP000115",NA,5.68260345722831,4.80129335966903,6.56517861518901
"492",42,"UKENAN_AW_TP000115",5.51752426,5.5471699847691,4.69346012553775,6.40066216243614
"493",43,"UKENAN_AW_TP000115",NA,5.64895290531041,4.77316435865908,6.52606476874892
"494",44,"UKENAN_AW_TP000115",5.380117869,5.40785861030392,4.55417695304988,6.26209234157059
"495",45,"UKENAN_AW_TP000115",NA,5.60415509204404,4.71263428753961,6.49618530145608
"721",1,"UKENAN_AW_TP000170",NA,4.52428768694341,3.64183544709531,5.40623950707486
"722",2,"UKENAN_AW_TP000170",5.390076894,4.54964136226047,3.69877910916594,5.39993954208828
"723",3,"UKENAN_AW_TP000170",NA,4.77325168745884,3.90120169711192,5.64517547690247
"724",4,"UKENAN_AW_TP000170",5.47712791,4.76071532737373,3.9104754392589,5.61035752648399
"725",5,"UKENAN_AW_TP000170",NA,4.89959618569042,4.02210731986445,5.77738351949756
"726",6,"UKENAN_AW_TP000170",6.105613815,5.06775902774002,4.21534330208532,5.91780460377062
"727",7,"UKENAN_AW_TP000170",NA,4.94813176528721,4.06497334500553,5.83193640406393
"728",8,"UKENAN_AW_TP000170",5.566236177,5.01528299154222,4.1644398961668,5.86541386107499
"729",9,"UKENAN_AW_TP000170",NA,5.30258831522668,4.42442303853842,6.18100949912863
"730",10,"UKENAN_AW_TP000170",3.901344237,5.3306127605641,4.48041099574104,6.18141769435754
"731",11,"UKENAN_AW_TP000170",NA,5.4649180617119,4.58900997819897,6.34173770031646
"732",12,"UKENAN_AW_TP000170",5.987528793,5.40401619338073,4.5537792885973,6.25473909816177
"733",13,"UKENAN_AW_TP000170",NA,5.38201755761629,4.5023963628507,6.26215279897963
"734",14,"UKENAN_AW_TP000170",5.628079069,5.54667115940642,4.69395522559627,6.39770724184265
"735",15,"UKENAN_AW_TP000170",NA,5.42711615136706,4.54994310141442,6.30544605100021
"736",16,"UKENAN_AW_TP000170",5.251451418,5.51645297877387,4.66671522745799,6.36542155612397
"737",17,"UKENAN_AW_TP000170",NA,5.38814403421773,4.5096953233402,6.266784700585
"738",18,"UKENAN_AW_TP000170",5.425552399,5.33596927073825,4.48695729766963,6.18535438407686
"739",19,"UKENAN_AW_TP000170",NA,5.2470426243327,4.36834149765743,6.12579212687208
"740",20,"UKENAN_AW_TP000170",5.537665644,5.26888672354337,4.41947981836698,6.11745519948177
"741",21,"UKENAN_AW_TP000170",NA,5.31815884918385,4.44155391503213,6.1950113362769
"742",22,"UKENAN_AW_TP000170",5.397911628,5.22869048378041,4.37777471830696,6.0789560672232
"743",23,"UKENAN_AW_TP000170",NA,5.35058706394568,4.47790203565928,6.22412267746614
"744",24,"UKENAN_AW_TP000170",5.020471184,5.31685682766241,4.46768819217884,6.16574381128608
"745",25,"UKENAN_AW_TP000170",NA,5.34500842221677,4.47330459138408,6.21695976817084
"746",26,"UKENAN_AW_TP000170",5.947523616,5.37317464926,4.52098781282341,6.22606114525074
"747",27,"UKENAN_AW_TP000170",NA,5.2623006083468,4.38648163053906,6.13827709338538
"748",28,"UKENAN_AW_TP000170",5.739076475,5.36648587353381,4.51529185422027,6.21709387237313
"749",29,"UKENAN_AW_TP000170",NA,5.32971166694896,4.45573470152597,6.20426604550609
"750",30,"UKENAN_AW_TP000170",5.154960444,5.31543081073208,4.46511941468692,6.1654662359434
"751",31,"UKENAN_AW_TP000170",NA,5.12412883456516,4.21146507864801,6.03594617277489
"752",32,"UKENAN_AW_TP000170",6.034919536,5.02642587216908,4.1648954182391,5.89110497916821
"753",33,"UKENAN_AW_TP000170",NA,5.11782641775718,4.25261509900378,5.98324043323802
"754",34,"UKENAN_AW_TP000170",5.185877714,5.02226298088494,4.17202021206054,5.87214037951725
"755",35,"UKENAN_AW_TP000170",NA,4.98087320500133,4.1022932407825,5.85848369796607
"756",36,"UKENAN_AW_TP000170",6.290440071,5.05392354291692,4.20293784994711,5.90355671564287
"757",37,"UKENAN_AW_TP000170",NA,5.39808145937676,4.52084780541206,6.27546246538998
"758",38,"UKENAN_AW_TP000170",6.435970107,5.36454068025346,4.51456373645665,6.21383480657703
"759",39,"UKENAN_AW_TP000170",NA,5.66619111013938,4.79014749694584,6.54229916510991
"760",40,"UKENAN_AW_TP000170",5.993112368,5.49480385449744,4.6448296250532,6.34439594193205
"761",41,"UKENAN_AW_TP000170",NA,5.68693166925528,4.80716743183878,6.56753117814346
"762",42,"UKENAN_AW_TP000170",5.542926346,5.55871224235233,4.70793783501882,6.40823429557304
"763",43,"UKENAN_AW_TP000170",NA,5.65958730812987,4.78454992266949,6.5345851814481
"764",44,"UKENAN_AW_TP000170",6.189224512,5.41542691269694,4.56483487727271,6.26599584739965
"765",45,"UKENAN_AW_TP000170",NA,5.61474135017144,4.72513647931009,6.50360165564857
"766",1,"UKENAN_AW_TP000200",NA,4.45072779962286,3.5789806794446,5.3223352184208
"767",2,"UKENAN_AW_TP000200",3.919519976,4.49114858790774,3.65536082011172,5.32704143834539
"768",3,"UKENAN_AW_TP000200",NA,4.70927376180947,3.8481355529733,5.57062237414453
"769",4,"UKENAN_AW_TP000200",4.269539177,4.7017914258563,3.86691584731587,5.53652452470442
"770",5,"UKENAN_AW_TP000200",NA,4.83968203487548,3.97296598411278,5.70713401799729
"771",6,"UKENAN_AW_TP000200",4.805747454,5.03396675083804,4.19786823968727,5.86909159477441
"772",7,"UKENAN_AW_TP000200",NA,4.8910722989213,4.01996093328546,5.76310662863699
"773",8,"UKENAN_AW_TP000200",4.542739254,4.97442283138146,4.1391161100472,5.80963226167974
"774",9,"UKENAN_AW_TP000200",NA,5.24833478644975,4.38132501494105,6.11581096493068
"775",10,"UKENAN_AW_TP000200",4.900920721,5.27226168367295,4.43767572744624,6.10749261381617
"776",11,"UKENAN_AW_TP000200",NA,5.40597304449679,4.54090485308453,6.27236927121641
"777",12,"UKENAN_AW_TP000200",5.349402531,5.31443890633505,4.47895200017075,6.15012766561167
"778",13,"UKENAN_AW_TP000200",NA,5.3051358875953,4.43697379248042,6.17396015273193
"779",14,"UKENAN_AW_TP000200",4.739364091,5.50282283839098,4.66519668414033,6.33944301344818
"780",15,"UKENAN_AW_TP000200",NA,5.36290135734384,4.49609471729106,6.23130049043074
"781",16,"UKENAN_AW_TP000200",5.700019416,5.46928779572185,4.63486032981381,6.303690457654
"782",17,"UKENAN_AW_TP000200",NA,5.3466110187023,4.48093839322886,6.21300432488975
"783",18,"UKENAN_AW_TP000200",5.152933828,5.27230332434857,4.43835649371083,6.10716913846657
"784",19,"UKENAN_AW_TP000200",NA,5.18569388702306,4.31738116674297,6.05436745698303
"785",20,"UKENAN_AW_TP000200",4.009880877,5.19842200245745,4.36444083471651,6.03224046446649
"786",21,"UKENAN_AW_TP000200",NA,5.2525522598871,4.38708564232741,6.11851907669406
"787",22,"UKENAN_AW_TP000200",4.566344272,5.15532459343806,4.31990864845177,5.99039903275881
"788",23,"UKENAN_AW_TP000200",NA,5.29215145306862,4.43015677182109,6.15507439077447
"789",24,"UKENAN_AW_TP000200",4.717463616,5.25029833868065,4.41594141696763,6.08442740863953
"790",25,"UKENAN_AW_TP000200",NA,5.26588558280388,4.40304913530801,6.12881629388568
"791",26,"UKENAN_AW_TP000200",2.953951049,5.31259800705422,4.47579278420827,6.15035243204392
"792",27,"UKENAN_AW_TP000200",NA,5.20726990026144,4.34100431849166,6.07345925349589
"793",28,"UKENAN_AW_TP000200",4.851463057,5.30716666574946,4.46821848812062,6.1454747136028
"794",29,"UKENAN_AW_TP000200",NA,5.27016693499129,4.40573584633415,6.13511949697846
"795",30,"UKENAN_AW_TP000200",5.033818049,5.2543199785793,4.4189703554258,6.08982979366099
"796",31,"UKENAN_AW_TP000200",NA,5.06258338594871,4.15799028653923,5.96659810862895
"797",32,"UKENAN_AW_TP000200",4.942337697,4.94427908802775,4.09933906249191,5.79166684605053
"798",33,"UKENAN_AW_TP000200",NA,5.05884030753049,4.20558407396162,5.91230249080586
"799",34,"UKENAN_AW_TP000200",5.019181188,4.97252948863202,4.13706636740454,5.80769636961415
"800",35,"UKENAN_AW_TP000200",NA,4.92188179447919,4.05370859250699,5.78917193675731
"801",36,"UKENAN_AW_TP000200",3.785755351,4.98914867118624,4.15392837640641,5.82341827389419
"802",37,"UKENAN_AW_TP000200",NA,5.35410981205046,4.48728912464004,6.22125775371308
"803",38,"UKENAN_AW_TP000200",4.957020001,5.31532973343183,4.48056914625046,6.14978809069146
"804",39,"UKENAN_AW_TP000200",NA,5.6030630505807,4.73737637785505,6.46962980922384
"805",40,"UKENAN_AW_TP000200",5.236847993,5.45250201493454,4.61715776261205,6.28645898901812
"806",41,"UKENAN_AW_TP000200",NA,5.64004313691879,4.76970988452167,6.51113218429234
"807",42,"UKENAN_AW_TP000200",4.954407753,5.49133676656928,4.65523512126715,6.32610137132395
"808",43,"UKENAN_AW_TP000200",NA,5.5954603990652,4.73021263708351,6.46088105939201
"809",44,"UKENAN_AW_TP000200",5.12579676,5.33642113635492,4.50074765642245,6.17120172785252
"810",45,"UKENAN_AW_TP000200",NA,5.56627929532525,4.6871827894768,6.44473552616247
"5221",1,"UKENSW_SWS_TP000051",NA,4.62006562023938,3.7352484323639,5.50171835311408
"5222",2,"UKENSW_SWS_TP000051",3.636127704,4.53357105552837,3.67654525029635,5.38838442349879
"5223",3,"UKENSW_SWS_TP000051",NA,4.91231538427255,4.03952032082662,5.78516180769467
"5224",4,"UKENSW_SWS_TP000051",3.468061682,4.82926433964393,3.97095555552378,5.68754964717833
"5225",5,"UKENSW_SWS_TP000051",NA,4.98700471027485,4.11244862251626,5.86344819637635
"5226",6,"UKENSW_SWS_TP000051",5.210035138,5.07754245884708,4.21822064469408,5.93704161139199
"5227",7,"UKENSW_SWS_TP000051",NA,5.0808260466433,4.19978368216252,5.96464084972401
"5228",8,"UKENSW_SWS_TP000051",4.608506582,5.10421530591223,4.24867396190727,5.96057059962266
"5229",9,"UKENSW_SWS_TP000051",NA,5.35092001882695,4.47331348576548,6.22827113948549
"5230",10,"UKENSW_SWS_TP000051",5.713080298,5.51221210942136,4.65721646356924,6.36771378949214
"5231",11,"UKENSW_SWS_TP000051",NA,5.57291096532304,4.69644910720446,6.45268293773884
"5232",12,"UKENSW_SWS_TP000051",6.100068985,5.53132113779637,4.67662486668347,6.38650843941015
"5233",13,"UKENSW_SWS_TP000051",NA,5.46640942392582,4.58644534354112,6.34733800528852
"5234",14,"UKENSW_SWS_TP000051",5.07197101,5.46718391839777,4.60768092926879,6.32738118105965
"5235",15,"UKENSW_SWS_TP000051",NA,5.47436587046584,4.59705421008233,6.35434603389165
"5236",16,"UKENSW_SWS_TP000051",5.500828132,5.59688639662616,4.74188202530092,6.45238828360605
"5237",17,"UKENSW_SWS_TP000051",NA,5.4809935047577,4.6005771101906,6.36350643772063
"5238",18,"UKENSW_SWS_TP000051",5.725947634,5.40186529009374,4.54671208111525,6.25635185045983
"5239",19,"UKENSW_SWS_TP000051",NA,5.19780549609371,4.31722177206912,6.07621557981623
"5240",20,"UKENSW_SWS_TP000051",5.186006003,5.32747740423339,4.47164247249475,6.18285718028098
"5241",21,"UKENSW_SWS_TP000051",NA,5.33537767398477,4.45589238600627,6.21413991674196
"5242",22,"UKENSW_SWS_TP000051",5.721117731,5.26200643424519,4.40609750234307,6.11742897991243
"5243",23,"UKENSW_SWS_TP000051",NA,5.41028772237721,4.53696752520676,6.28394516251755
"5244",24,"UKENSW_SWS_TP000051",6.049642633,5.46429866409627,4.60742238343668,6.32114686585371
"5245",25,"UKENSW_SWS_TP000051",NA,5.39372847924002,4.5121965805875,6.27620169166631
"5246",26,"UKENSW_SWS_TP000051",5.892265942,5.33827575048677,4.47100940733177,6.20458379382606
"5247",27,"UKENSW_SWS_TP000051",NA,5.28822438657836,4.4090977549219,6.16569590945235
"5248",28,"UKENSW_SWS_TP000051",6.442252982,5.45569532715743,4.59999138324657,6.31148857190708
"5249",29,"UKENSW_SWS_TP000051",NA,5.41765753901633,4.54343296221141,6.29229187861959
"5250",30,"UKENSW_SWS_TP000051",5.986072026,5.36122694534783,4.50459628324576,6.21739780544821
"5251",31,"UKENSW_SWS_TP000051",5.392742099,5.21368265667059,4.29692688364852,6.13010450240781
"5252",32,"UKENSW_SWS_TP000051",NA,5.3746237606083,4.50930207452147,6.24011814578313
"5253",33,"UKENSW_SWS_TP000051",NA,5.30899464772806,4.45079173578729,6.16853258392991
"5254",34,"UKENSW_SWS_TP000051",5.62486606,5.13485904692852,4.26982069556606,5.99942472984723
"5255",35,"UKENSW_SWS_TP000051",NA,5.00893087223477,4.13086715403114,5.88594087127268
"5256",36,"UKENSW_SWS_TP000051",4.738657863,5.0993449209497,4.24379462523395,5.95426228886754
"5257",37,"UKENSW_SWS_TP000051",NA,5.42848004900987,4.55209341364299,6.30380071969376
"5258",38,"UKENSW_SWS_TP000051",5.826490556,5.50214327676149,4.64669794116583,6.35760704729269
"5259",39,"UKENSW_SWS_TP000051",NA,5.68492332143775,4.80692101905368,6.56467303022793
"5260",40,"UKENSW_SWS_TP000051",5.894137853,5.58715851792294,4.73062337337151,6.44354204498362
"5261",41,"UKENSW_SWS_TP000051",NA,5.74666041799023,4.87143929742904,6.62363891880604
"5262",42,"UKENSW_SWS_TP000051",5.767251679,5.52855362642893,4.66694904708759,6.38894942236632
"5263",43,"UKENSW_SWS_TP000051",NA,5.69100534299765,4.81123880869253,6.57267756510841
"5264",44,"UKENSW_SWS_TP000051",5.185364744,5.55373712971052,4.70108258547517,6.4058373043231
"5265",45,"UKENSW_SWS_TP000051",NA,5.61637318149072,4.71874911774978,6.51456437162802
"5446",1,"UKENSW_SWS_TP000075",NA,4.67303288038365,3.77699506949782,5.56529265681146
"5447",2,"UKENSW_SWS_TP000075",4.753369133,4.60925578730855,3.73800561340725,5.47797565592125
"5448",3,"UKENSW_SWS_TP000075",NA,4.95671687604948,4.07085719344644,5.84131976870139
"5449",4,"UKENSW_SWS_TP000075",4.025197619,4.90021601110551,4.02770324831623,5.77315994014201
"5450",5,"UKENSW_SWS_TP000075",4.877361765,5.05583003851699,4.16981094251146,5.94373515320729
"5451",6,"UKENSW_SWS_TP000075",NA,5.13881097278992,4.26460527033928,6.0133444029303
"5452",7,"UKENSW_SWS_TP000075",NA,5.13947093109738,4.24591152387828,6.03540578224507
"5453",8,"UKENSW_SWS_TP000075",4.845202971,5.1551361995538,4.28473139158589,6.02604703755861
"5454",9,"UKENSW_SWS_TP000075",NA,5.40339592168753,4.51393297198306,6.29180872767306
"5455",10,"UKENSW_SWS_TP000075",5.369717979,5.56075735726919,4.69015941875983,6.43088906150099
"5456",11,"UKENSW_SWS_TP000075",NA,5.62076587427999,4.73236818650848,6.51142775047783
"5457",12,"UKENSW_SWS_TP000075",5.717370949,5.59161350798008,4.72117198188263,6.46161404881081
"5458",13,"UKENSW_SWS_TP000075",NA,5.53213965109891,4.64138678353514,6.423273203335
"5459",14,"UKENSW_SWS_TP000075",5.35760533,5.53476696558195,4.66141475259342,6.40947144090319
"5460",15,"UKENSW_SWS_TP000075",NA,5.53338103275859,4.64532751218597,6.42358601742223
"5461",16,"UKENSW_SWS_TP000075",5.754172546,5.64652283534358,4.77568930110566,6.51684598470454
"5462",17,"UKENSW_SWS_TP000075",NA,5.54231756067408,4.65055529197397,6.43601377122358
"5463",18,"UKENSW_SWS_TP000075",5.529268375,5.46336167680701,4.59227467923623,6.33245468857017
"5464",19,"UKENSW_SWS_TP000075",NA,5.2620742721706,4.36833284953476,6.15306796362402
"5465",20,"UKENSW_SWS_TP000075",5.880492365,5.39057749585497,4.5201077915617,6.2599122636632
"5466",21,"UKENSW_SWS_TP000075",NA,5.3701710359984,4.47707240572515,6.26098327515919
"5467",22,"UKENSW_SWS_TP000075",5.261724021,5.31692093967306,4.44549897466187,6.18685615248406
"5468",23,"UKENSW_SWS_TP000075",NA,5.48186301868418,4.59754738818448,6.36616666693565
"5469",24,"UKENSW_SWS_TP000075",5.573911225,5.51898766866504,4.64691083267461,6.38978378471616
"5470",25,"UKENSW_SWS_TP000075",NA,5.45757549739626,4.56720752360099,6.34862528622683
"5471",26,"UKENSW_SWS_TP000075",5.703961848,5.39563051188741,4.51797010312978,6.27140072979445
"5472",27,"UKENSW_SWS_TP000075",NA,5.34244508525634,4.4521875878992,6.23048104381781
"5473",28,"UKENSW_SWS_TP000075",5.942389035,5.50934630693294,4.63867603783941,6.37920070584423
"5474",29,"UKENSW_SWS_TP000075",NA,5.46652345234549,4.58131636453377,6.35169223466263
"5475",30,"UKENSW_SWS_TP000075",6.070500281,5.42335379598059,4.5519551911638,6.29358406108195
"5476",31,"UKENSW_SWS_TP000075",NA,5.27254575721123,4.34561434647706,6.19883055940553
"5477",32,"UKENSW_SWS_TP000075",3.156068192,5.42887754496853,4.55362735725015,6.30350067153068
"5478",33,"UKENSW_SWS_TP000075",NA,5.34939036400801,4.47599925963845,6.22341686349878
"5479",34,"UKENSW_SWS_TP000075",5.323803251,5.19053378475771,4.31537981568533,6.06464982000262
"5480",35,"UKENSW_SWS_TP000075",NA,5.08421580191581,4.19541554730837,5.97217930435068
"5481",36,"UKENSW_SWS_TP000075",5.321451242,5.17380406735454,4.30446263217597,6.04275667735671
"5482",37,"UKENSW_SWS_TP000075",NA,5.4938198192078,4.60644543371453,6.38008323427818
"5483",38,"UKENSW_SWS_TP000075",6.102512509,5.55574989914895,4.68637970654605,6.424619350913
"5484",39,"UKENSW_SWS_TP000075",NA,5.77060477086671,4.88161317774376,6.66211787892824
"5485",40,"UKENSW_SWS_TP000075",5.856436067,5.65208044197809,4.78145639254763,6.52245465689161
"5486",41,"UKENSW_SWS_TP000075",NA,5.79246706016865,4.90444216575276,6.68141388581066
"5487",42,"UKENSW_SWS_TP000075",6.096722557,5.62112923354945,4.74441290147858,6.49838394488014
"5488",43,"UKENSW_SWS_TP000075",NA,5.75495776069853,4.86757951063203,6.64411934903424
"5489",44,"UKENSW_SWS_TP000075",5.878440242,5.62063479237652,4.75284505247923,6.48781667274481
"5490",45,"UKENSW_SWS_TP000075",NA,5.68803239906456,4.78251577163334,6.59407458039075
"1441",1,"UKENMI_ST_TP000120",NA,4.30707149360737,3.41385702819342,5.19711324336476
"1442",2,"UKENMI_ST_TP000120",4.727233616,4.41509556218231,3.5357114632279,5.29162337225756
"1443",3,"UKENMI_ST_TP000120",NA,4.6796717750059,3.79954649943207,5.56206837945839
"1444",4,"UKENMI_ST_TP000120",3.876808037,4.67114763803997,3.79152958628096,5.54619489164205
"1445",5,"UKENMI_ST_TP000120",NA,4.79263139392392,3.90733781675556,5.68075492569243
"1446",6,"UKENMI_ST_TP000120",5.605985804,4.92195012415493,4.04559899964601,5.79635996019712
"1447",7,"UKENMI_ST_TP000120",NA,4.90664624720695,4.01746388873293,5.79880928128383
"1448",8,"UKENMI_ST_TP000120",6.049389899,4.87053915136299,3.99674707775566,5.74496113591212
"1449",9,"UKENMI_ST_TP000120",NA,5.13128963646159,4.24454759059681,6.01994461189555
"1450",10,"UKENMI_ST_TP000120",5.716050438,5.33699212997414,4.4570923779799,6.2126529700647
"1451",11,"UKENMI_ST_TP000120",NA,5.29485507953675,4.40880268963372,6.18367461194084
"1452",12,"UKENMI_ST_TP000120",6.084077009,5.292837521007,4.41593728532057,6.16862204211394
"1453",13,"UKENMI_ST_TP000120",NA,5.34601498918495,4.46273829603564,6.23243689464739
"1454",14,"UKENMI_ST_TP000120",4.510285674,5.30123819316326,4.42564057593812,6.1773498608653
"1455",15,"UKENMI_ST_TP000120",NA,5.23703886997109,4.3503933383693,6.12587218381415
"1456",16,"UKENMI_ST_TP000120",6.210219467,5.37494777482712,4.49867491285034,6.24961064512551
"1457",17,"UKENMI_ST_TP000120",NA,5.19139554419332,4.30483617679731,6.07733833916646
"1458",18,"UKENMI_ST_TP000120",6.216496072,5.15637948333482,4.28237538066211,6.03126568128661
"1459",19,"UKENMI_ST_TP000120",NA,4.98857247262117,4.10074149750428,5.87476867615496
"1460",20,"UKENMI_ST_TP000120",5.197735473,4.97508804490198,4.09975724799325,5.8542193164936
"1461",21,"UKENMI_ST_TP000120",NA,5.00448559650988,4.10110324231603,5.90808521713678
"1462",22,"UKENMI_ST_TP000120",5.855404605,4.742665834056,3.86536566119277,5.61136842474801
"1463",23,"UKENMI_ST_TP000120",NA,5.20877557392001,4.32903241268742,6.09060606754779
"1464",24,"UKENMI_ST_TP000120",5.82870473,5.20314891400245,4.32771951831042,6.07696179193881
"1465",25,"UKENMI_ST_TP000120",NA,5.18119707071294,4.29489064837854,6.06903260374987
"1466",26,"UKENMI_ST_TP000120",5.901741999,5.03457895638548,4.16057322716756,5.90957037511099
"1467",27,"UKENMI_ST_TP000120",NA,5.0845621866676,4.19616365850988,5.97252209510943
"1468",28,"UKENMI_ST_TP000120",5.991749876,5.16164262367534,4.28778021470242,6.03625543630557
"1469",29,"UKENMI_ST_TP000120",NA,5.03469533718701,4.14751715792422,5.9196152351095
"1470",30,"UKENMI_ST_TP000120",5.091737815,5.04610181422723,4.17184134375828,5.92170286713654
"1471",31,"UKENMI_ST_TP000120",NA,4.98857753594357,4.05207375413214,5.92463864602947
"1472",32,"UKENMI_ST_TP000120",5.934591578,5.28478470732317,4.41780914721893,6.15426973160496
"1473",33,"UKENMI_ST_TP000120",NA,4.96734067546501,4.09303026281148,5.84048967672109
"1474",34,"UKENMI_ST_TP000120",5.066388249,4.70845966204176,3.83118957933683,5.58881060847854
"1475",35,"UKENMI_ST_TP000120",NA,4.76857566289262,3.87834044123523,5.65575287277192
"1476",36,"UKENMI_ST_TP000120",4.768943702,4.87532451254817,4.00141819535192,5.74997534746061
"1477",37,"UKENMI_ST_TP000120",NA,5.28907948568367,4.40158433765771,6.17805475412134
"1478",38,"UKENMI_ST_TP000120",4.803913058,5.23379271086537,4.35926995819014,6.10799278070432
"1479",39,"UKENMI_ST_TP000120",NA,5.57751596844007,4.69173384663246,6.46552024719155
"1480",40,"UKENMI_ST_TP000120",6.149139613,5.50921651655923,4.63504085129051,6.38360979129322
"1481",41,"UKENMI_ST_TP000120",NA,5.49324485846243,4.60757907609303,6.38047912497808
"1482",42,"UKENMI_ST_TP000120",5.765887331,5.47001773918502,4.59598196620513,6.34410130275847
"1483",43,"UKENMI_ST_TP000120",NA,5.54769341811719,4.66600716513693,6.43077499467174
"1484",44,"UKENMI_ST_TP000120",5.027570669,5.3198318343744,4.44489882922526,6.19491760044384
"1485",45,"UKENMI_ST_TP000120",NA,5.45488505190316,4.54105644977854,6.36687009778555
"1891",1,"UKENMI_ST_TP000199",NA,4.2650095057475,3.37415858335171,5.15411806204601
"1892",2,"UKENMI_ST_TP000199",4.827162894,4.31601867885556,3.45581362617184,5.17514952652553
"1893",3,"UKENMI_ST_TP000199",NA,4.57798250883687,3.70223254423865,5.45398062513276
"1894",4,"UKENMI_ST_TP000199",5.404378225,4.63808247399339,3.77738010873753,5.49672106541446
"1895",5,"UKENMI_ST_TP000199",NA,4.7268788920336,3.84373124687025,5.61383851146221
"1896",6,"UKENMI_ST_TP000199",5.686851787,4.88582093762871,4.02664428384813,5.74409043980651
"1897",7,"UKENMI_ST_TP000199",NA,4.85074768629822,3.96467453236044,5.738738549378
"1898",8,"UKENMI_ST_TP000199",5.697297635,4.85329925254512,3.99664049714165,5.7113417467558
"1899",9,"UKENMI_ST_TP000199",NA,5.02616984770285,4.14133566188033,5.91107540309067
"1900",10,"UKENMI_ST_TP000199",NA,5.33528958079492,4.47385445792448,6.19489816832662
"1901",11,"UKENMI_ST_TP000199",6.967589664,5.2321454490449,4.3476378818671,6.1199076948847
"1902",12,"UKENMI_ST_TP000199",5.945215297,5.25543398920076,4.39664097050684,6.11345631574817
"1903",13,"UKENMI_ST_TP000199",NA,5.24896264150856,4.36475764973434,6.13526773544693
"1904",14,"UKENMI_ST_TP000199",5.349157698,5.27170912627233,4.41473647226371,6.13017284150708
"1905",15,"UKENMI_ST_TP000199",NA,5.17652550191931,4.29099881503347,6.0645755235659
"1906",16,"UKENMI_ST_TP000199",NA,5.35136598144978,4.49197650489244,6.20936741963418
"1907",17,"UKENMI_ST_TP000199",5.55774521,5.18219151064978,4.29916457564299,6.06769292534591
"1908",18,"UKENMI_ST_TP000199",3.980220034,5.08858018591409,4.23174453480452,5.94732713473603
"1909",19,"UKENMI_ST_TP000199",NA,4.94320118461593,4.0569631530691,5.82831033189637
"1910",20,"UKENMI_ST_TP000199",NA,4.81514875421043,3.95562238719362,5.67465391825101
"1911",21,"UKENMI_ST_TP000199",5.258019943,4.94125396012675,4.05094525810418,5.83131292334173
"1912",22,"UKENMI_ST_TP000199",4.796224592,4.84499933244357,3.98944767898843,5.70202967061924
"1913",23,"UKENMI_ST_TP000199",NA,5.15702638479139,4.27741593313942,6.03869448139295
"1914",24,"UKENMI_ST_TP000199",5.738850396,5.16147337794783,4.30299257030473,6.01889453058156
"1915",25,"UKENMI_ST_TP000199",NA,5.11704663364285,4.23322202335374,6.00246849469975
"1916",26,"UKENMI_ST_TP000199",6.089588396,4.97780384453149,4.1206243917846,5.83625410457438
"1917",27,"UKENMI_ST_TP000199",NA,5.03493266594459,4.14866576110937,5.92087682226513
"1918",28,"UKENMI_ST_TP000199",5.824954026,5.09491913171885,4.23700258357002,5.95325244876139
"1919",29,"UKENMI_ST_TP000199",NA,5.04503196050609,4.16393354164632,5.92766529603385
"1920",30,"UKENMI_ST_TP000199",5.142164301,4.98128888195818,4.12382903824422,5.84046977441159
"1921",31,"UKENMI_ST_TP000199",NA,4.91823967608234,3.99144063589135,5.84412430900031
"1922",32,"UKENMI_ST_TP000199",5.804402393,5.14892638683978,4.29302534979699,6.00613026895933
"1923",33,"UKENMI_ST_TP000199",NA,4.94105682970475,4.06824874279042,5.81492790403107
"1924",34,"UKENMI_ST_TP000199",5.2337795,4.64637558968288,3.78667409179242,5.50945679646894
"1925",35,"UKENMI_ST_TP000199",NA,4.7585945598345,3.87364382844616,5.64301361676415
"1926",36,"UKENMI_ST_TP000199",4.821228363,4.83451117662454,3.97795855694213,5.69358753186287
"1927",37,"UKENMI_ST_TP000199",NA,5.17220524021395,4.28649866652678,6.05757710028612
"1928",38,"UKENMI_ST_TP000199",NA,5.17089701769799,4.3131962923624,6.0297621204761
"1929",39,"UKENMI_ST_TP000199",6.100608727,5.51774367738513,4.63494693263727,6.40295266722468
"1930",40,"UKENMI_ST_TP000199",5.13040465,5.42839656656958,4.57099639402164,6.28688703030157
"1931",41,"UKENMI_ST_TP000199",NA,5.45490428326301,4.57214592405546,6.34068655264897
"1932",42,"UKENMI_ST_TP000199",5.84263115,5.3990759198254,4.5416374457762,6.25691494284266
"1933",43,"UKENMI_ST_TP000199",NA,5.48725597414344,4.60766711884011,6.3674587410168
"1934",44,"UKENMI_ST_TP000199",5.902695181,5.17503361648913,4.31312254650627,6.03314756503399
"1935",45,"UKENMI_ST_TP000199",NA,5.40529753398147,4.50354952971639,6.30593730444225
"2116",1,"UKENMI_ST_TP000241",4.270533488,4.24824624719587,3.35885403307863,5.13491313855474
"2117",2,"UKENMI_ST_TP000241",NA,4.34226556095542,3.48164185951303,5.20142330196735
"2118",3,"UKENMI_ST_TP000241",4.770375839,4.56503268111549,3.69017689646949,5.44037962163845
"2119",4,"UKENMI_ST_TP000241",NA,4.62108448665442,3.75779374278576,5.48128332321602
"2120",5,"UKENMI_ST_TP000241",5.001663752,4.69607495554097,3.81375466672858,5.58130176202327
"2121",6,"UKENMI_ST_TP000241",NA,4.83289905039723,3.97192547529782,5.69190271797845
"2122",7,"UKENMI_ST_TP000241",5.239768174,4.80087767699003,3.91423990742012,5.68924275815895
"2123",8,"UKENMI_ST_TP000241",NA,4.78349113539906,3.92465835470274,5.64253629443678
"2124",9,"UKENMI_ST_TP000241",NA,5.02475724868677,4.1424540428636,5.90747634740203
"2125",10,"UKENMI_ST_TP000241",5.167331999,5.25007401731232,4.38551262032897,6.11043794808274
"2126",11,"UKENMI_ST_TP000241",6.04371795,5.20340564187508,4.32161283534666,6.0878652277032
"2127",12,"UKENMI_ST_TP000241",NA,5.28771417462402,4.42806160685749,6.14812584956062
"2128",13,"UKENMI_ST_TP000241",5.876634618,5.20041024960197,4.3177231259585,6.083465468035
"2129",14,"UKENMI_ST_TP000241",NA,5.21327941512683,4.35394666461512,6.07339285725959
"2130",15,"UKENMI_ST_TP000241",5.722883847,5.15717680337639,4.27494776816227,6.04168081459463
"2131",16,"UKENMI_ST_TP000241",NA,5.30639797221951,4.4441199602793,6.16579761403655
"2132",17,"UKENMI_ST_TP000241",5.03576285,5.14375642388252,4.26189618023321,6.02696695199821
"2133",18,"UKENMI_ST_TP000241",NA,4.99386182763909,4.13442363575432,5.85272975377864
"2134",19,"UKENMI_ST_TP000241",5.608285687,4.91977436658628,4.03572547895936,5.80208815734117
"2135",20,"UKENMI_ST_TP000241",NA,4.9445190834851,4.08487530030809,5.80750109201961
"2136",21,"UKENMI_ST_TP000241",5.947261878,4.93799470409564,4.04878752625982,5.82690034897077
"2137",22,"UKENMI_ST_TP000241",NA,4.79690484584158,3.93803001121396,5.65410257144841
"2138",23,"UKENMI_ST_TP000241",5.643823487,5.11160797595625,4.23442267651809,5.98950010220423
"2139",24,"UKENMI_ST_TP000241",NA,5.11132229665135,4.24915585105216,5.97004045982859
"2140",25,"UKENMI_ST_TP000241",5.440296414,5.09578678929519,4.21217026323619,5.98009848549445
"2141",26,"UKENMI_ST_TP000241",NA,4.95665478993675,4.09689811014726,5.81758541058976
"2142",27,"UKENMI_ST_TP000241",4.965135465,5.00257206653256,4.11587595873589,5.88768455970206
"2143",28,"UKENMI_ST_TP000241",NA,5.0457454367959,4.18540194554729,5.90517927161597
"2144",29,"UKENMI_ST_TP000241",4.966457581,5.01872979077829,4.13698860154149,5.90069033163599
"2145",30,"UKENMI_ST_TP000241",NA,4.91261198045992,4.05071626897903,5.77337737806809
"2146",31,"UKENMI_ST_TP000241",5.834170573,4.90558478763319,3.98367396458996,5.82711712335227
"2147",32,"UKENMI_ST_TP000241",NA,5.12480743168113,4.26635284725631,5.9828792487113
"2148",33,"UKENMI_ST_TP000241",5.305637096,4.89144412525135,4.02226075880499,5.7610057726498
"2149",34,"UKENMI_ST_TP000241",NA,4.69685044944334,3.83522512413627,5.56205088668714
"2150",35,"UKENMI_ST_TP000241",4.196230515,4.72247722918671,3.83742143823588,5.60589589008428
"2151",36,"UKENMI_ST_TP000241",NA,4.78575684724434,3.92658343209837,5.64641761346339
"2152",37,"UKENMI_ST_TP000241",5.453756041,5.17528380090174,4.29167688549351,6.05857300370042
"2153",38,"UKENMI_ST_TP000241",NA,5.16001871222071,4.30066076815498,6.0199657289273
"2154",39,"UKENMI_ST_TP000241",4.887163387,5.47846069577991,4.59600082673415,6.36245308931653
"2155",40,"UKENMI_ST_TP000241",NA,5.41117811912586,4.55198066271447,6.2701606279029
"2156",41,"UKENMI_ST_TP000241",5.572906538,5.42425147513512,4.54291682222538,6.30775295913429
"2157",42,"UKENMI_ST_TP000241",NA,5.3301524191515,4.47021926744772,6.18933545446156
"2158",43,"UKENMI_ST_TP000241",6.055430416,5.46794323725224,4.59224838986569,6.34435493392336
"2159",44,"UKENMI_ST_TP000241",NA,5.2330651637074,4.37234674498251,6.09387335703337
"2160",45,"UKENMI_ST_TP000241",NA,5.36741011087193,4.46865200791965,6.26478461549276
"46",1,"UKENAN_AW_TP000023",NA,4.48294685209907,3.57116754714113,5.39084920427191
"47",2,"UKENAN_AW_TP000023",5.88127531,4.49499158993146,3.60828138675497,5.37984416967747
"48",3,"UKENAN_AW_TP000023",NA,4.75765897572254,3.85877861514778,5.65598943810226
"49",4,"UKENAN_AW_TP000023",6.001939518,4.74436743962803,3.85543310824795,5.63346171742933
"50",5,"UKENAN_AW_TP000023",NA,4.90343524455162,3.99687905018102,5.81171695703196
"51",6,"UKENAN_AW_TP000023",5.162744574,4.97474436247908,4.08871729667321,5.86077769727934
"52",7,"UKENAN_AW_TP000023",NA,4.96111177409208,4.05074350717616,5.87361399006167
"53",8,"UKENAN_AW_TP000023",6.455993529,5.00835231809991,4.12063424869904,5.89456337093324
"54",9,"UKENAN_AW_TP000023",NA,5.22153536894224,4.31797248340903,6.12366287651979
"55",10,"UKENAN_AW_TP000023",5.844756531,5.32831387806812,4.44601560236509,6.21033923743526
"56",11,"UKENAN_AW_TP000023",NA,5.40249392073791,4.50125283987933,6.30568500934943
"57",12,"UKENAN_AW_TP000023",5.778775472,5.40834815598643,4.52531955301833,6.2901376676719
"58",13,"UKENAN_AW_TP000023",NA,5.35423313259686,4.45420406446013,6.25667621508679
"59",14,"UKENAN_AW_TP000023",5.743155964,5.47550528246651,4.59113531694374,6.35699576441074
"60",15,"UKENAN_AW_TP000023",NA,5.37064353798344,4.47115034137936,6.27164099072875
"61",16,"UKENAN_AW_TP000023",6.162741652,5.47755371456393,4.59235935366979,6.36084871661988
"62",17,"UKENAN_AW_TP000023",NA,5.37630419325295,4.47382577334705,6.28018193416041
"63",18,"UKENAN_AW_TP000023",4.978255793,5.24527840877905,4.36166450897555,6.1285904480236
"64",19,"UKENAN_AW_TP000023",NA,5.12706575160841,4.22370029600035,6.02870660275673
"65",20,"UKENAN_AW_TP000023",3.742155302,5.20571006907221,4.32176425615598,6.08863895634095
"66",21,"UKENAN_AW_TP000023",NA,5.17475439276,4.27165693810652,6.07688316506886
"67",22,"UKENAN_AW_TP000023",6.441904097,5.12768259642357,4.2436422253272,6.00881301097106
"68",23,"UKENAN_AW_TP000023",NA,5.29477927348559,4.39978319230387,6.19028458315365
"69",24,"UKENAN_AW_TP000023",6.124963615,5.27891725323786,4.39727162570453,6.15982850856367
"70",25,"UKENAN_AW_TP000023",NA,5.27118426825033,4.36829285433634,6.17441124725059
"71",26,"UKENAN_AW_TP000023",5.947744336,5.1666249921459,4.28344060949052,6.05049019454127
"72",27,"UKENAN_AW_TP000023",NA,5.20813060411221,4.30504670170547,6.1094137612595
"73",28,"UKENAN_AW_TP000023",5.75179617,5.28121176981358,4.39732478079844,6.16342828223506
"74",29,"UKENAN_AW_TP000023",NA,5.28183248391451,4.3804488093666,6.18332847012454
"75",30,"UKENAN_AW_TP000023",4.033924161,5.2482565899406,4.35896617255474,6.13536754220732
"76",31,"UKENAN_AW_TP000023",NA,5.09134390582491,4.1443136884802,6.03692663370791
"77",32,"UKENAN_AW_TP000023",5.237842473,5.26122807715002,4.3815591369607,6.14221746013145
"78",33,"UKENAN_AW_TP000023",NA,5.1393408311036,4.24847798630111,6.0301704954689
"79",34,"UKENAN_AW_TP000023",5.352689476,4.98007442111618,4.09262063443727,5.86768756677609
"80",35,"UKENAN_AW_TP000023",NA,4.96191637137683,4.05349198143706,5.86828824630731
"81",36,"UKENAN_AW_TP000023",4.034168371,4.99964532084525,4.1136095848675,5.88607893296346
"82",37,"UKENAN_AW_TP000023",NA,5.35855974303407,4.45535875893042,6.26132804010233
"83",38,"UKENAN_AW_TP000023",5.359680266,5.35217397843811,4.46804931449656,6.23450595614788
"84",39,"UKENAN_AW_TP000023",NA,5.65787362318683,4.75934649650321,6.55820682574204
"85",40,"UKENAN_AW_TP000023",5.761843077,5.53848109127753,4.65202501231308,6.42468037076277
"86",41,"UKENAN_AW_TP000023",NA,5.67867351084247,4.77253707526817,6.58821213881604
"87",42,"UKENAN_AW_TP000023",6.0664253,5.56330439064349,4.67695659307055,6.45085402704139
"88",43,"UKENAN_AW_TP000023",NA,5.60239253226463,4.69851082396893,6.50488113235433
"89",44,"UKENAN_AW_TP000023",5.944262703,5.46085489114044,4.57413089970133,6.34670166679297
"90",45,"UKENAN_AW_TP000023",NA,5.56590190073697,4.65082212990145,6.48079837903394
"676",1,"UKENAN_AW_TP000161",NA,4.46510696288126,3.56001292222448,5.36869716864715
"677",2,"UKENAN_AW_TP000161",4.680363573,4.48119554206178,3.60568860002013,5.3564746797475
"678",3,"UKENAN_AW_TP000161",NA,4.73846303849195,3.85027749495238,5.62745465499766
"679",4,"UKENAN_AW_TP000161",3.389697376,4.69818081784035,3.82140794153865,5.57648686788114
"680",5,"UKENAN_AW_TP000161",NA,4.91893401244589,4.02198048437759,5.81780963818541
"681",6,"UKENAN_AW_TP000161",3.222336298,4.94343399521482,4.06754822243383,5.82100830151003
"682",7,"UKENAN_AW_TP000161",NA,4.94179052809864,4.04143570166018,5.84446773686668
"683",8,"UKENAN_AW_TP000161",4.554467533,4.99950613107247,4.12393523506772,5.87518586366614
"684",9,"UKENAN_AW_TP000161",NA,5.22404937471706,4.32784447310399,6.11995020603549
"685",10,"UKENAN_AW_TP000161",3.964090461,5.37044547052939,4.49566695219547,6.24525759604838
"686",11,"UKENAN_AW_TP000161",NA,5.40735282919099,4.51171817041788,6.30431523189342
"687",12,"UKENAN_AW_TP000161",4.666241682,5.43010887541591,4.55421128782214,6.30468179135244
"688",13,"UKENAN_AW_TP000161",NA,5.32726333034706,4.4306029919266,6.22656601631114
"689",14,"UKENAN_AW_TP000161",4.95131098,5.50475195275884,4.62798767039044,6.37910485541004
"690",15,"UKENAN_AW_TP000161",NA,5.38193572625667,4.4866482702602,6.27911867570153
"691",16,"UKENAN_AW_TP000161",5.029293769,5.48277503856862,4.60703888755526,6.35820012906816
"692",17,"UKENAN_AW_TP000161",NA,5.39123859250515,4.49629948354043,6.28783362689562
"693",18,"UKENAN_AW_TP000161",5.332500903,5.18737848932852,4.31300529875076,6.06460579585807
"694",19,"UKENAN_AW_TP000161",NA,5.11301613101964,4.21690205743146,6.00896943549918
"695",20,"UKENAN_AW_TP000161",5.242349543,5.1951019414103,4.320672505179,6.07009497835062
"696",21,"UKENAN_AW_TP000161",NA,5.16392106660006,4.26575494096577,6.06211117013316
"697",22,"UKENAN_AW_TP000161",5.139634927,5.15952470836329,4.28300410204335,6.03354434471582
"698",23,"UKENAN_AW_TP000161",NA,5.28535227586661,4.39466300249047,6.17748605452084
"699",24,"UKENAN_AW_TP000161",4.501481657,5.27405459607274,4.39916796432888,6.14901311194959
"700",25,"UKENAN_AW_TP000161",NA,5.2245936061139,4.3262736425136,6.12331377727198
"701",26,"UKENAN_AW_TP000161",5.671181423,5.14191437598256,4.26681242750831,6.01972267024158
"702",27,"UKENAN_AW_TP000161",NA,5.21295283403631,4.31394338878244,6.11060385321671
"703",28,"UKENAN_AW_TP000161",4.765726736,5.26888723906999,4.39390006158607,6.14299357693169
"704",29,"UKENAN_AW_TP000161",NA,5.2611758634565,4.36785717794738,6.15587440002382
"705",30,"UKENAN_AW_TP000161",4.835020443,5.31229102784566,4.43046071224249,6.18930467479913
"706",31,"UKENAN_AW_TP000161",NA,5.09594277788401,4.16328703464113,6.02761267539286
"707",32,"UKENAN_AW_TP000161",4.67999374,5.27070993521939,4.39659021799655,6.14564784557679
"708",33,"UKENAN_AW_TP000161",4.761299096,5.14630907651911,4.26350848141095,6.03060494966052
"709",34,"UKENAN_AW_TP000161",NA,4.94192521763543,4.06586371368497,5.82022391947303
"710",35,"UKENAN_AW_TP000161",NA,4.95815302503228,4.05799046494832,5.85705089449053
"711",36,"UKENAN_AW_TP000161",4.757112006,4.96913636683045,4.09427376089285,5.84831139086965
"712",37,"UKENAN_AW_TP000161",NA,5.32726661202883,4.42900804724326,6.22701089417678
"713",38,"UKENAN_AW_TP000161",5.416199022,5.33382410949111,4.459474989346,6.20830010795993
"714",39,"UKENAN_AW_TP000161",NA,5.65594924231901,4.75934281806412,6.55420687268513
"715",40,"UKENAN_AW_TP000161",5.586538892,5.52253916015211,4.646776325016,6.39956822672345
"716",41,"UKENAN_AW_TP000161",NA,5.66613682142499,4.76978062617722,6.56546100655414
"717",42,"UKENAN_AW_TP000161",5.299244861,5.52814875854716,4.65189378296868,6.40709904748928
"718",43,"UKENAN_AW_TP000161",NA,5.6346422914251,4.74076524066386,6.52757004026034
"719",44,"UKENAN_AW_TP000161",5.624762044,5.48139973427983,4.60472829568968,6.35677346534569
"720",45,"UKENAN_AW_TP000161",NA,5.55553703848312,4.6430445950989,6.46763821609189
"361",1,"UKENAN_AW_TP000082",NA,4.64980181414834,3.73852821884387,5.55741041327241
"362",2,"UKENAN_AW_TP000082",5.269604345,4.67362146307025,3.79101556909551,5.55441796290242
"363",3,"UKENAN_AW_TP000082",NA,4.91794106468265,4.0198649671049,5.81581166334535
"364",4,"UKENAN_AW_TP000082",4.162644162,4.92468312880958,4.039834528071,5.80923787203864
"365",5,"UKENAN_AW_TP000082",NA,5.06289379945482,4.15597421596638,5.97175739579308
"366",6,"UKENAN_AW_TP000082",7.065255184,5.16246555745239,4.27649944766444,6.04713834071849
"367",7,"UKENAN_AW_TP000082",NA,5.13081397336784,4.22016877188948,6.04381903661162
"368",8,"UKENAN_AW_TP000082",5.280653574,5.18039707667901,4.29474764379719,6.06444599628382
"369",9,"UKENAN_AW_TP000082",NA,5.38410275914689,4.47946868862527,6.2877557541334
"370",10,"UKENAN_AW_TP000082",5.033643758,5.45585928752884,4.57307447346319,6.33932569185917
"371",11,"UKENAN_AW_TP000082",NA,5.55818124630919,4.65567826249188,6.46304654678636
"372",12,"UKENAN_AW_TP000082",5.681749886,5.55828189528563,4.67590929779108,6.44018472854356
"373",13,"UKENAN_AW_TP000082",NA,5.51634643737081,4.61371865073623,6.4211402398417
"374",14,"UKENAN_AW_TP000082",5.86529696,5.65619589728772,4.77252121930573,6.53857496077267
"375",15,"UKENAN_AW_TP000082",NA,5.53149220981519,4.62986637189128,6.43528620110682
"376",16,"UKENAN_AW_TP000082",6.070635481,5.64273679374125,4.75873164920352,6.52612297172638
"377",17,"UKENAN_AW_TP000082",NA,5.53203246419343,4.6276069296517,6.4380926976149
"378",18,"UKENAN_AW_TP000082",5.797547638,5.41869229312034,4.53548684058614,6.30123404689768
"379",19,"UKENAN_AW_TP000082",NA,5.290590969226,4.38416375207428,6.19524093834954
"380",20,"UKENAN_AW_TP000082",5.417633936,5.37419035572454,4.49230867576861,6.25530154796911
"381",21,"UKENAN_AW_TP000082",NA,5.34594527147486,4.44170026967966,6.24960766190901
"382",22,"UKENAN_AW_TP000082",4.958892049,5.27625404546883,4.39352155292451,6.15756935976665
"383",23,"UKENAN_AW_TP000082",NA,5.464056725954,4.56585039340516,6.36276967160275
"384",24,"UKENAN_AW_TP000082",5.539170377,5.4362426253551,4.55488358960271,6.3177633941646
"385",25,"UKENAN_AW_TP000082",NA,5.44542859117292,4.54167840708091,6.34938818386366
"386",26,"UKENAN_AW_TP000082",6.451178134,5.31225810859805,4.43046489594122,6.19396912185008
"387",27,"UKENAN_AW_TP000082",NA,5.36364057196896,4.46104175777535,6.2653463226006
"388",28,"UKENAN_AW_TP000082",6.369792406,5.45438373892646,4.5721195722223,6.33537083975819
"389",29,"UKENAN_AW_TP000082",NA,5.44599384831902,4.54458315714098,6.34732433609795
"390",30,"UKENAN_AW_TP000082",6.031130644,5.39228031815692,4.50806889094871,6.27644024050968
"391",31,"UKENAN_AW_TP000082",NA,5.23242953441775,4.28704945558189,6.17535889498871
"392",32,"UKENAN_AW_TP000082",5.407539707,5.41360202372759,4.53493508283583,6.29523910890778
"393",33,"UKENAN_AW_TP000082",NA,5.30452365646553,4.41399617666566,6.19548351506933
"394",34,"UKENAN_AW_TP000082",4.921528286,5.17880196271062,4.29545504480712,6.06145309502587
"395",35,"UKENAN_AW_TP000082",NA,5.12340695413311,4.21797134526024,6.02720686113459
"396",36,"UKENAN_AW_TP000082",4.968330215,5.16929437677075,4.28650446915213,6.05115239475143
"397",37,"UKENAN_AW_TP000082",NA,5.52832692946655,4.62524409511469,6.4305907982909
"398",38,"UKENAN_AW_TP000082",5.937610744,5.52951807911191,4.64714823713506,6.40932482970187
"399",39,"UKENAN_AW_TP000082",NA,5.82456787893172,4.92453820983315,6.72674563699114
"400",40,"UKENAN_AW_TP000082",4.764448172,5.70903700360997,4.82525104687955,6.59140340797007
"401",41,"UKENAN_AW_TP000082",NA,5.84362882347886,4.93783828246695,6.75259406547266
"402",42,"UKENAN_AW_TP000082",5.536677672,5.73610003395397,4.85322718752463,6.61926265355063
"403",43,"UKENAN_AW_TP000082",NA,5.75699513563051,4.85328701925389,6.66000023995395
"404",44,"UKENAN_AW_TP000082",5.175784272,5.55412480068002,4.66928006187053,6.43784632513005
"405",45,"UKENAN_AW_TP000082",NA,5.73545385229921,4.8205465959441,6.65043719584529
"631",1,"UKENAN_AW_TP000154",NA,4.50105824167701,3.56953457589515,5.42893113842837
"632",2,"UKENAN_AW_TP000154",4.752157927,4.51993916291146,3.61464289915105,5.42311675111265
"633",3,"UKENAN_AW_TP000154",NA,4.76951735932098,3.85171719058563,5.68707390240569
"634",4,"UKENAN_AW_TP000154",5.141024555,4.77224263224037,3.86560493443826,5.6791307360122
"635",5,"UKENAN_AW_TP000154",NA,4.91440590122075,3.98838021651066,5.84267076308313
"636",6,"UKENAN_AW_TP000154",5.715715619,5.00594831277403,4.09840904257908,5.91287371877047
"637",7,"UKENAN_AW_TP000154",NA,4.97718705031632,4.04618221860902,5.91048341390626
"638",8,"UKENAN_AW_TP000154",6.191147408,5.02389302734516,4.11562557749612,5.92986693388349
"639",9,"UKENAN_AW_TP000154",NA,5.23369401740903,4.3084098216959,6.15764190965841
"640",10,"UKENAN_AW_TP000154",5.310815147,5.32193977427722,4.41800980316152,6.22830998295627
"641",11,"UKENAN_AW_TP000154",NA,5.40903926832306,4.48648311832692,6.33384056128919
"642",12,"UKENAN_AW_TP000154",4.235337016,5.41773863320947,4.51273449308693,6.32182061940193
"643",13,"UKENAN_AW_TP000154",NA,5.37092482050612,4.44832564722004,6.2961760166398
"644",14,"UKENAN_AW_TP000154",6.663339287,5.49228767304884,4.58608238306964,6.39602193079247
"645",15,"UKENAN_AW_TP000154",NA,5.38264300195389,4.46082819671746,6.30645240769737
"646",16,"UKENAN_AW_TP000154",5.49252328,5.48844570825566,4.58195078234107,6.39314734774636
"647",17,"UKENAN_AW_TP000154",NA,5.38495370456941,4.4611128681637,6.31041677208963
"648",18,"UKENAN_AW_TP000154",5.808316431,5.27023707439537,4.3649097660177,6.1746675298376
"649",19,"UKENAN_AW_TP000154",NA,5.14094492347653,4.21500763190785,6.06467517111211
"650",20,"UKENAN_AW_TP000154",5.289373214,5.21938326954133,4.31491702819172,6.12261374908033
"651",21,"UKENAN_AW_TP000154",NA,5.19582887936483,4.27136231919142,6.11943223527288
"652",22,"UKENAN_AW_TP000154",5.263507926,5.13251309044297,4.22669898579751,6.03584998499448
"653",23,"UKENAN_AW_TP000154",NA,5.31348605509269,4.39489229497373,6.23257564412346
"654",24,"UKENAN_AW_TP000154",5.214036631,5.28781776303005,4.38419953345557,6.19165570080565
"655",25,"UKENAN_AW_TP000154",NA,5.29488293417828,4.37048308359053,6.21958959229848
"656",26,"UKENAN_AW_TP000154",5.755675243,5.16725167688327,4.26370200922876,6.07232310112548
"657",27,"UKENAN_AW_TP000154",NA,5.21819509480158,4.29464283378531,6.14033148853295
"658",28,"UKENAN_AW_TP000154",5.326386877,5.30029759390764,4.39525724342767,6.20346352785962
"659",29,"UKENAN_AW_TP000154",NA,5.29832713363243,4.37660275810146,6.22006582327555
"660",30,"UKENAN_AW_TP000154",6.069726609,5.24715481414651,4.34045472404539,6.15361187862247
"661",31,"UKENAN_AW_TP000154",NA,5.08747587109533,4.12374079900058,6.04840884593367
"662",32,"UKENAN_AW_TP000154",4.841009819,5.27005230950959,4.36899708915954,6.17429420537545
"663",33,"UKENAN_AW_TP000154",NA,5.15188240765026,4.24081794010765,6.06364669398137
"664",34,"UKENAN_AW_TP000154",5.734189865,5.01648632352121,4.11099818510664,5.92123889104493
"665",35,"UKENAN_AW_TP000154",NA,4.97459987998003,4.0492109787898,5.89845230022597
"666",36,"UKENAN_AW_TP000154",6.484460331,5.0181274626082,4.1137236124587,5.92286905171254
"667",37,"UKENAN_AW_TP000154",NA,5.3768615034957,4.45405694005188,6.29930012625008
"668",38,"UKENAN_AW_TP000154",6.069521716,5.37389030331887,4.469179993436,6.27569429915843
"669",39,"UKENAN_AW_TP000154",NA,5.67429702119467,4.75394229094043,6.59707458012243
"670",40,"UKENAN_AW_TP000154",5.924584352,5.56127833236744,4.65581490933006,6.4657371899985
"671",41,"UKENAN_AW_TP000154",NA,5.69498561517487,4.76970677351547,6.62406695027761
"672",42,"UKENAN_AW_TP000154",5.56550038,5.58452595140369,4.68007787662453,6.49124628285556
"673",43,"UKENAN_AW_TP000154",NA,5.60710476296373,4.68302529534393,6.52987671502879
"674",44,"UKENAN_AW_TP000154",5.891278605,5.44167107578121,4.53639457506436,6.34745522061422
"675",45,"UKENAN_AW_TP000154",NA,5.58478527515153,4.64932495267681,6.5203673441717
"811",1,"UKENAN_AW_TP000210",NA,4.28474512621433,3.3835719284376,5.18301891290734
"812",2,"UKENAN_AW_TP000210",3.005367047,4.27676388283064,3.40773844743975,5.14575848155369
"813",3,"UKENAN_AW_TP000210",NA,4.56549392425346,3.68090206443883,5.45045551268952
"814",4,"UKENAN_AW_TP000210",3.920771742,4.57820589736873,3.70909676144633,5.44824879301205
"815",5,"UKENAN_AW_TP000210",NA,4.70236315716988,3.80868462012274,5.5984558487394
"816",6,"UKENAN_AW_TP000210",5.069886616,4.8235416940101,3.95343288376546,5.69205513590665
"817",7,"UKENAN_AW_TP000210",NA,4.78031088223339,3.88264938469411,5.67997685218606
"818",8,"UKENAN_AW_TP000210",4.606270029,4.82554016407913,3.95541912107773,5.69433820630712
"819",9,"UKENAN_AW_TP000210",NA,5.02355722650274,4.12977000097048,5.91688599184255
"820",10,"UKENAN_AW_TP000210",4.998253445,5.12376987569196,4.25542126537716,5.99178649191887
"821",11,"UKENAN_AW_TP000210",NA,5.20341086651712,4.31075014419831,6.09888463142535
"822",12,"UKENAN_AW_TP000210",4.253769477,5.18111818255872,4.31303201930282,6.04971386636152
"823",13,"UKENAN_AW_TP000210",NA,5.15708530694533,4.26380067686574,6.05307281685355
"824",14,"UKENAN_AW_TP000210",5.552313735,5.3352739421223,4.46369990267856,6.20515250064392
"825",15,"UKENAN_AW_TP000210",NA,5.17516336149332,4.28158063495084,6.07116368414776
"826",16,"UKENAN_AW_TP000210",4.908008485,5.31186614858681,4.44159224948007,6.18118127728565
"827",17,"UKENAN_AW_TP000210",NA,5.17971266736564,4.28725329418233,6.07420389929363
"828",18,"UKENAN_AW_TP000210",5.120481308,5.03515705543581,4.16736192792411,5.90380540508989
"829",19,"UKENAN_AW_TP000210",NA,4.92147982960732,4.02469997137461,5.81642127881485
"830",20,"UKENAN_AW_TP000210",4.096096643,5.00848757270727,4.14069264695494,5.87739226157589
"831",21,"UKENAN_AW_TP000210",NA,4.98240023911659,4.08849136986742,5.87616140192062
"832",22,"UKENAN_AW_TP000210",3.72487719,4.89944810419047,4.03105535862803,5.76764919212288
"833",23,"UKENAN_AW_TP000210",NA,5.10427540560827,4.21567907194201,5.99353042745907
"834",24,"UKENAN_AW_TP000210",3.815978477,5.0882534226759,4.21994712722361,5.95649347627829
"835",25,"UKENAN_AW_TP000210",NA,5.09063406082452,4.19755765614274,5.98495718302994
"836",26,"UKENAN_AW_TP000210",3.463261862,4.95495802905975,4.08648590103743,5.82457958897657
"837",27,"UKENAN_AW_TP000210",NA,5.00366019742524,4.10978896891007,5.8969614951273
"838",28,"UKENAN_AW_TP000210",4.806664444,5.09297207826968,4.22404282374763,5.9611276100848
"839",29,"UKENAN_AW_TP000210",NA,5.08430241068619,4.19352127517456,5.97569512650437
"840",30,"UKENAN_AW_TP000210",3.948030693,5.02407001229279,4.15529469167778,5.89329679071741
"841",31,"UKENAN_AW_TP000210",NA,4.87570356698153,3.94169532419482,5.80712241821826
"842",32,"UKENAN_AW_TP000210",3.185499296,5.03745632966438,4.16934686264955,5.90848538242907
"843",33,"UKENAN_AW_TP000210",3.619624133,4.94919767078736,4.06764274725134,5.83120286997549
"844",34,"UKENAN_AW_TP000210",NA,4.76571927342627,3.89721470699309,5.63545948671946
"845",35,"UKENAN_AW_TP000210",NA,4.76480999299084,3.87052489857343,5.6580193290327
"846",36,"UKENAN_AW_TP000210",3.46216354,4.80037446658211,3.93212251968652,5.66913358159374
"847",37,"UKENAN_AW_TP000210",NA,5.16194044539273,4.26785240284599,6.05590220739011
"848",38,"UKENAN_AW_TP000210",3.16787207,5.18785739354545,4.31825862560607,6.05555529128596
"849",39,"UKENAN_AW_TP000210",NA,5.46660955045024,4.573892559144,6.36159011407666
"850",40,"UKENAN_AW_TP000210",5.077726306,5.34620209944877,4.47730876066275,6.21495126100381
"851",41,"UKENAN_AW_TP000210",NA,5.47578669580239,4.58217011391033,6.37277021314728
"852",42,"UKENAN_AW_TP000210",4.284984551,5.36457037974042,4.49523299460202,6.23451375314201
"853",43,"UKENAN_AW_TP000210",NA,5.39866448639955,4.50535189162446,6.29111342892955
"854",44,"UKENAN_AW_TP000210",4.620586611,5.20937502853283,4.3390384125292,6.08114551987803
"855",45,"UKENAN_AW_TP000210",NA,5.37126474948043,4.46757214275277,6.27456610217176
"856",1,"UKENAN_AW_TP000293",NA,4.57046540864877,3.64042534868401,5.49762050838707
"857",2,"UKENAN_AW_TP000293",3.609022286,4.58410268025083,3.68144649750411,5.48620216287255
"858",3,"UKENAN_AW_TP000293",NA,4.84167162199797,3.92720303821646,5.75664946841285
"859",4,"UKENAN_AW_TP000293",5.118938908,4.84408983910082,3.94162042991496,5.74750357726608
"860",5,"UKENAN_AW_TP000293",NA,4.98503522100103,4.0627590206137,5.90998099944282
"861",6,"UKENAN_AW_TP000293",4.757660005,5.07991461118822,4.17736018740085,5.98212737816708
"862",7,"UKENAN_AW_TP000293",NA,5.05154835750796,4.12473861931754,5.98100021978384
"863",8,"UKENAN_AW_TP000293",3.688971716,5.09771477022882,4.1943079666143,5.9999552252197
"864",9,"UKENAN_AW_TP000293",NA,5.30565495438617,4.38275946985372,6.22806038808897
"865",10,"UKENAN_AW_TP000293",6.302033676,5.39507977074742,4.49371654393812,6.29810219296939
"866",11,"UKENAN_AW_TP000293",NA,5.48273771717373,4.56131536108459,6.40705559553936
"867",12,"UKENAN_AW_TP000293",4.337591647,5.48050701669376,4.57887081181077,6.38252977527385
"868",13,"UKENAN_AW_TP000293",NA,5.44087750883496,4.51862707563672,6.36619957859538
"869",14,"UKENAN_AW_TP000293",4.380722236,5.57677627538958,4.6728464355464,6.47902798375559
"870",15,"UKENAN_AW_TP000293",NA,5.45524807847213,4.53292193070443,6.38013851731152
"871",16,"UKENAN_AW_TP000293",5.396249102,5.56580583005275,4.66288856319379,6.46787245755781
"872",17,"UKENAN_AW_TP000293",NA,5.45722825759968,4.53636085527772,6.38033530163284
"873",18,"UKENAN_AW_TP000293",4.483426233,5.33212741476017,4.43084144564334,6.23396094547148
"874",19,"UKENAN_AW_TP000293",NA,5.20751641607588,4.28332012157754,6.13026282883349
"875",20,"UKENAN_AW_TP000293",5.964936302,5.29155675772067,4.3899474811186,6.19332110214504
"876",21,"UKENAN_AW_TP000293",NA,5.26566278000997,4.34291384698734,6.18838269038379
"877",22,"UKENAN_AW_TP000293",5.143044436,5.19612762289978,4.29377827773689,6.0975214991361
"878",23,"UKENAN_AW_TP000293",NA,5.38458250969984,4.46676340704875,6.30343830451966
"879",24,"UKENAN_AW_TP000293",5.618672583,5.36397343998934,4.46259961886745,6.26595129086072
"880",25,"UKENAN_AW_TP000293",NA,5.36942657725831,4.44761286257347,6.29242637443206
"881",26,"UKENAN_AW_TP000293",5.051130913,5.24057720082646,4.33865250348773,6.14424160603569
"882",27,"UKENAN_AW_TP000293",NA,5.28711750645025,4.36462446059635,6.20910965625351
"883",28,"UKENAN_AW_TP000293",4.997086407,5.3750294784566,4.47273585245438,6.27669994999892
"884",29,"UKENAN_AW_TP000293",NA,5.36720223314006,4.44735450978622,6.28775782547197
"885",30,"UKENAN_AW_TP000293",5.730557293,5.31736601894265,4.4149795573648,6.22016947616686
"886",31,"UKENAN_AW_TP000293",NA,5.16032893253188,4.20081507212589,6.11740308998149
"887",32,"UKENAN_AW_TP000293",3.625659774,5.33805918152081,4.43584556930212,6.24379180003964
"888",33,"UKENAN_AW_TP000293",NA,5.22647903831704,4.31535580558971,6.13857289058948
"889",34,"UKENAN_AW_TP000293",4.155994011,5.08192155974221,4.18024859655337,5.98424466500273
"890",35,"UKENAN_AW_TP000293",NA,5.04655092877879,4.1236694626998,5.96844167012317
"891",36,"UKENAN_AW_TP000293",4.359327965,5.08919561431121,4.18776425814127,5.99150924259282
"892",37,"UKENAN_AW_TP000293",NA,5.44800896639799,4.52592181171883,6.37021072335873
"893",38,"UKENAN_AW_TP000293",5.173375723,5.44824495536825,4.54540482862315,6.34917083961021
"894",39,"UKENAN_AW_TP000293",NA,5.74747342138336,4.82615756603201,6.67150540441471
"895",40,"UKENAN_AW_TP000293",4.474597107,5.63013577181799,4.72815975639531,6.53182850700001
"896",41,"UKENAN_AW_TP000293",NA,5.76326786835418,4.8405304340714,6.68990935287273
"897",42,"UKENAN_AW_TP000293",4.346491158,5.65500708542372,4.75284844220016,6.55917056815368
"898",43,"UKENAN_AW_TP000293",NA,5.67462538989685,4.75262987097782,6.59586033713211
"899",44,"UKENAN_AW_TP000293",3.608553527,5.49985700420751,4.59711050868418,6.40372021177276
"900",45,"UKENAN_AW_TP000293",NA,5.6536558051811,4.72054316202196,6.58699638552268
"4636",1,"UKENSO_SW_TP000022",NA,4.459627951068,3.54615931753151,5.36905375219669
"4637",2,"UKENSO_SW_TP000022",4.041991261,4.50666951085147,3.61796075842278,5.39130087152874
"4638",3,"UKENSO_SW_TP000022",NA,4.7097470604302,3.81238301444697,5.60759023956614
"4639",4,"UKENSO_SW_TP000022",4.456547982,4.69318727048547,3.80619559976505,5.58175356488742
"4640",5,"UKENSO_SW_TP000022",NA,4.87037103359331,3.96399118599866,5.77870770721536
"4641",6,"UKENSO_SW_TP000022",5.647572774,4.96592198058489,4.0785859894361,5.85221834940595
"4642",7,"UKENSO_SW_TP000022",NA,4.9169539374799,4.00504390102098,5.83141272675271
"4643",8,"UKENSO_SW_TP000022",4.880123887,4.99176329005988,4.10395657201365,5.8777584105272
"4644",9,"UKENSO_SW_TP000022",NA,5.19133599982571,4.28436581483762,6.09738984439031
"4645",10,"UKENSO_SW_TP000022",5.388491543,5.2279115665574,4.33916530384098,6.11735066897732
"4646",11,"UKENSO_SW_TP000022",NA,5.3665036339185,4.4619470857646,6.27441520036426
"4647",12,"UKENSO_SW_TP000022",5.797687704,5.41197452295063,4.52554218203084,6.29717640197462
"4648",13,"UKENSO_SW_TP000022",NA,5.3124803769339,4.40830077215541,6.21932301187155
"4649",14,"UKENSO_SW_TP000022",5.89332731,5.41439339519512,4.52936616668466,6.29926634341151
"4650",15,"UKENSO_SW_TP000022",NA,5.3328946700068,4.42842919036663,6.24000271524134
"4651",16,"UKENSO_SW_TP000022",6.120674109,5.39746836573621,4.51151087587571,6.28551556246241
"4652",17,"UKENSO_SW_TP000022",NA,5.31870672248118,4.41388840061093,6.22522703719996
"4653",18,"UKENSO_SW_TP000022",5.687088813,5.23284303104942,4.34655387555204,6.11771193373844
"4654",19,"UKENSO_SW_TP000022",NA,5.09736067374684,4.18773690724369,6.00370599087259
"4655",20,"UKENSO_SW_TP000022",6.320940884,5.17958523393977,4.29262515442153,6.06381240818407
"4656",21,"UKENSO_SW_TP000022",NA,5.12408870016272,4.21874198526508,6.02910609254903
"4657",22,"UKENSO_SW_TP000022",6.416860847,5.07389246042686,4.18829399737845,5.95864619342847
"4658",23,"UKENSO_SW_TP000022",NA,5.26825492564901,4.36741171518943,6.16967907184111
"4659",24,"UKENSO_SW_TP000022",5.878676556,5.2364312680599,4.35188864016113,6.12242942720054
"4660",25,"UKENSO_SW_TP000022",NA,5.27757247760377,4.3724014367337,6.18406395001713
"4661",26,"UKENSO_SW_TP000022",5.732650775,5.19405179224725,4.3051122589486,6.07918840980335
"4662",27,"UKENSO_SW_TP000022",NA,5.16129949126913,4.25685976705086,6.06582395313008
"4663",28,"UKENSO_SW_TP000022",5.872363918,5.27928385668968,4.39312112460216,6.16390800159373
"4664",29,"UKENSO_SW_TP000022",NA,5.22867704037733,4.32441279785188,6.13197077406816
"4665",30,"UKENSO_SW_TP000022",5.781402329,5.20862006928747,4.32317504233489,6.09442800148147
"4666",31,"UKENSO_SW_TP000022",NA,5.06240701500764,4.12376478254704,5.99939378366788
"4667",32,"UKENSO_SW_TP000022",5.791549827,5.15716243497357,4.26970857479458,6.05218717181183
"4668",33,"UKENSO_SW_TP000022",NA,5.10864934677466,4.21625229763688,6.00137500526319
"4669",34,"UKENSO_SW_TP000022",3.961851096,4.98689435709719,4.09800202719748,5.8732825335437
"4670",35,"UKENSO_SW_TP000022",NA,4.91718735354741,4.01029420169214,5.82299704029161
"4671",36,"UKENSO_SW_TP000022",5.115662438,4.98087224238472,4.09441252449104,5.86570461141761
"4672",37,"UKENSO_SW_TP000022",NA,5.31551824743732,4.40867581002099,6.22022768014414
"4673",38,"UKENSO_SW_TP000022",5.523394809,5.29014910502078,4.40475401644121,6.1754214176835
"4674",39,"UKENSO_SW_TP000022",NA,5.63067792270087,4.72700680014196,6.53710195063259
"4675",40,"UKENSO_SW_TP000022",5.361248486,5.48604224487831,4.59871744180234,6.37146922889863
"4676",41,"UKENSO_SW_TP000022",NA,5.63640185555814,4.73069246970139,6.54571935350154
"4677",42,"UKENSO_SW_TP000022",5.754835444,5.54943310037901,4.66399308508566,6.43494641185832
"4678",43,"UKENSO_SW_TP000022",NA,5.58510109443996,4.68336353170164,6.4877558598577
"4679",44,"UKENSO_SW_TP000022",5.230814855,5.44170570410277,4.5548233109796,6.32598068843072
"4680",45,"UKENSO_SW_TP000022",NA,5.53276452211729,4.61533345429595,6.45010945963531
"4726",1,"UKENSO_SW_TP000026",NA,4.31727407513861,3.42660557364837,5.20500021984016
"4727",2,"UKENSO_SW_TP000026",5.379070519,4.35905690709468,3.49623599452111,5.2196706736447
"4728",3,"UKENSO_SW_TP000026",NA,4.54884006799249,3.67649157620234,5.42199182401844
"4729",4,"UKENSO_SW_TP000026",5.164510424,4.51133195686856,3.64835377949302,5.37494133779475
"4730",5,"UKENSO_SW_TP000026",NA,4.72740502535587,3.84404282232309,5.6131934096894
"4731",6,"UKENSO_SW_TP000026",5.485207946,4.83697948187051,3.97619961706674,5.69719547647246
"4732",7,"UKENSO_SW_TP000026",NA,4.76315514808653,3.8751344600033,5.65373099276561
"4733",8,"UKENSO_SW_TP000026",4.516552543,4.86430822779577,4.00365922708788,5.72499546609549
"4734",9,"UKENSO_SW_TP000026",NA,5.04460420766299,4.15943230325184,5.92928045157203
"4735",10,"UKENSO_SW_TP000026",6.039952177,5.09850465957549,4.23711738789242,5.96013188496237
"4736",11,"UKENSO_SW_TP000026",NA,5.21205831461371,4.32931698218547,6.09817658834478
"4737",12,"UKENSO_SW_TP000026",6.149869857,5.26080143609523,4.40107679333677,6.12155006786644
"4738",13,"UKENSO_SW_TP000026",NA,5.15459970819266,4.27200541466106,6.03976932391525
"4739",14,"UKENSO_SW_TP000026",5.145081404,5.25268541655743,4.39273223478466,6.11260538643166
"4740",15,"UKENSO_SW_TP000026",NA,5.18475875277015,4.30154030127472,6.0707169669085
"4741",16,"UKENSO_SW_TP000026",5.930412621,5.20400051310237,4.34361906124531,6.06553659501533
"4742",17,"UKENSO_SW_TP000026",NA,5.169788944258,4.28768875270251,6.05390739214193
"4743",18,"UKENSO_SW_TP000026",5.078904704,5.06848406295077,4.20870168867619,5.92837539215509
"4744",19,"UKENSO_SW_TP000026",NA,4.97488754991738,4.08746473734697,5.86062591410934
"4745",20,"UKENSO_SW_TP000026",6.14275683,5.06521567627489,4.2035218399327,5.9252818616409
"4746",21,"UKENSO_SW_TP000026",NA,4.94953571835188,4.06615511234824,5.83275168356866
"4747",22,"UKENSO_SW_TP000026",6.083726731,4.91545549117536,4.0555371124088,5.77569968939164
"4748",23,"UKENSO_SW_TP000026",NA,5.11815894169617,4.23873289098514,5.99868788195233
"4749",24,"UKENSO_SW_TP000026",6.06735847,5.11405126641856,4.25446035974719,5.97545419990837
"4750",25,"UKENSO_SW_TP000026",NA,5.12403914314528,4.24024735605509,6.00936133501296
"4751",26,"UKENSO_SW_TP000026",5.319516807,5.0342106104417,4.17218933335659,5.89440034695219
"4752",27,"UKENSO_SW_TP000026",NA,5.00886517973825,4.1256206719807,5.89232972803241
"4753",28,"UKENSO_SW_TP000026",5.653975043,5.12964349026818,4.26937980682744,5.98986942866351
"4754",29,"UKENSO_SW_TP000026",NA,5.07526401558774,4.19205797997863,5.9577267331603
"4755",30,"UKENSO_SW_TP000026",5.856518499,5.0533313378826,4.19378547962051,5.914050348462
"4756",31,"UKENSO_SW_TP000026",NA,4.90515821837729,3.98384819900087,5.824492012538
"4757",32,"UKENSO_SW_TP000026",5.056185028,4.98833088006661,4.1257078941788,5.85658452013865
"4758",33,"UKENSO_SW_TP000026",NA,4.97282883168946,4.10733846200767,5.83924912086632
"4759",34,"UKENSO_SW_TP000026",4.648627627,4.84419747978211,3.9775308710381,5.70889214101591
"4760",35,"UKENSO_SW_TP000026",NA,4.75781657096437,3.87361640012415,5.64103306314468
"4761",36,"UKENSO_SW_TP000026",5.529472507,4.81927924991915,3.95891340500963,5.67871270262432
"4762",37,"UKENSO_SW_TP000026",NA,5.17932028315813,4.29485692394126,6.06295975566893
"4763",38,"UKENSO_SW_TP000026",5.220025359,5.13385761629563,4.27343961689934,5.99367025022881
"4764",39,"UKENSO_SW_TP000026",NA,5.48151497243433,4.5986213464054,6.36716683574118
"4765",40,"UKENSO_SW_TP000026",5.418227164,5.33583332655013,4.47506416721663,6.1963739989708
"4766",41,"UKENSO_SW_TP000026",NA,5.47196239025075,4.58905187549973,6.35811909990568
"4767",42,"UKENSO_SW_TP000026",5.706720922,5.42164910123226,4.56124778667892,6.2818087959118
"4768",43,"UKENSO_SW_TP000026",NA,5.4364206178535,4.55601967352774,6.31780162732386
"4769",44,"UKENSO_SW_TP000026",4.870893425,5.30074579186547,4.43854881822927,6.160662672234
"4770",45,"UKENSO_SW_TP000026",NA,5.38450471882681,4.48681071071871,6.28185198237379
"4771",1,"UKENSO_SW_TP000028",NA,4.42534258869477,3.50433163191349,5.34219343766745
"4772",2,"UKENSO_SW_TP000028",3.825901346,4.45919084167073,3.55998207630877,5.35516861123846
"4773",3,"UKENSO_SW_TP000028",NA,4.67102606825578,3.76591203966604,5.57624225262216
"4774",4,"UKENSO_SW_TP000028",5.003132691,4.65716027962674,3.75924762873965,5.55579174853593
"4775",5,"UKENSO_SW_TP000028",NA,4.83132542969314,3.91824990094318,5.74613270169697
"4776",6,"UKENSO_SW_TP000028",5.447675584,4.92371512983664,4.02627273501048,5.82036155537665
"4777",7,"UKENSO_SW_TP000028",NA,4.87239222060694,3.95353755728247,5.79309846171407
"4778",8,"UKENSO_SW_TP000028",4.289523169,4.94379688224371,4.0460585876845,5.84032131722654
"4779",9,"UKENSO_SW_TP000028",NA,5.15201028989878,4.23818734437037,6.06480955792242
"4780",10,"UKENSO_SW_TP000028",5.364265109,5.20896543727178,4.31023642159485,6.10761230864455
"4781",11,"UKENSO_SW_TP000028",NA,5.32723884832947,4.41552978843201,6.24184898254166
"4782",12,"UKENSO_SW_TP000028",5.738509477,5.36398974884301,4.46723848396352,6.26002541565082
"4783",13,"UKENSO_SW_TP000028",NA,5.27392594053556,4.36257163785741,6.18723286777792
"4784",14,"UKENSO_SW_TP000028",5.343827869,5.36391603473436,4.4682353502165,6.2597379583724
"4785",15,"UKENSO_SW_TP000028",NA,5.29639288454719,4.38478470157167,6.21020842443961
"4786",16,"UKENSO_SW_TP000028",5.5321194,5.35037136922359,4.4539033097881,6.24835556546171
"4787",17,"UKENSO_SW_TP000028",NA,5.27916726362433,4.36706675666374,6.19258914697405
"4788",18,"UKENSO_SW_TP000028",5.2260185,5.18565053167183,4.28897138665049,6.08126684679555
"4789",19,"UKENSO_SW_TP000028",NA,5.06777605177198,4.15144471680179,5.98108372859949
"4790",20,"UKENSO_SW_TP000028",6.034126175,5.14168580610018,4.24351452886394,6.03720989153176
"4791",21,"UKENSO_SW_TP000028",NA,5.07574206395478,4.16335627661504,5.9877708359876
"4792",22,"UKENSO_SW_TP000028",4.967457625,5.03575746913627,4.13936473565196,5.93119219570468
"4793",23,"UKENSO_SW_TP000028",NA,5.22633155001509,4.31808521123402,6.13514360484158
"4794",24,"UKENSO_SW_TP000028",6.437397017,5.20658399196528,4.31072514066836,6.10260873719891
"4795",25,"UKENSO_SW_TP000028",NA,5.23678337360717,4.3245112940646,6.15009899523836
"4796",26,"UKENSO_SW_TP000028",5.623709919,5.13909439493193,4.24018660591937,6.03514313056676
"4797",27,"UKENSO_SW_TP000028",NA,5.12934778984527,4.21731328303197,6.04085692895392
"4798",28,"UKENSO_SW_TP000028",5.42567977,5.23578018156181,4.33899557267386,6.13141960484848
"4799",29,"UKENSO_SW_TP000028",NA,5.18462797628006,4.272643552003,6.09546441162594
"4800",30,"UKENSO_SW_TP000028",5.720877958,5.1629030415338,4.26651238970228,6.0592431668103
"4801",31,"UKENSO_SW_TP000028",NA,5.01737507550632,4.06881043342708,5.9637119333807
"4802",32,"UKENSO_SW_TP000028",5.431117913,5.13559728920267,4.23834205643291,6.03795121730163
"4803",33,"UKENSO_SW_TP000028",NA,5.07099861597393,4.17054747797837,5.9714667885413
"4804",34,"UKENSO_SW_TP000028",3.540097578,4.94414270149243,4.04455882260423,5.84149082632403
"4805",35,"UKENSO_SW_TP000028",NA,4.87735431943608,3.96356666669519,5.78969020384579
"4806",36,"UKENSO_SW_TP000028",5.564574036,4.93723053221504,4.04031239155896,5.83270042972342
"4807",37,"UKENSO_SW_TP000028",NA,5.27599392192758,4.36152812737076,6.18831267759457
"4808",38,"UKENSO_SW_TP000028",6.101452451,5.25409292028507,4.35791388105897,6.14963595360011
"4809",39,"UKENSO_SW_TP000028",NA,5.58935255926762,4.67819030957278,6.5030951577265
"4810",40,"UKENSO_SW_TP000028",4.901093247,5.44528077825778,4.5476276434755,6.34147430496358
"4811",41,"UKENSO_SW_TP000028",NA,5.58731465986889,4.67554821400161,6.50224762373786
"4812",42,"UKENSO_SW_TP000028",5.930622022,5.5172413946109,4.62093553977969,6.41318251192902
"4813",43,"UKENSO_SW_TP000028",NA,5.54649976106692,4.637757939003,6.45609707182257
"4814",44,"UKENSO_SW_TP000028",5.173384804,5.40406799057108,4.50607991555308,6.29953286942292
"4815",45,"UKENSO_SW_TP000028",NA,5.4915663385384,4.5658931145183,6.41686204937831
"4861",1,"UKENSO_SW_TP000033",NA,4.28197501673577,3.39189951251832,5.16852992955179
"4862",2,"UKENSO_SW_TP000033",3.951674737,4.33906896863422,3.47825209732668,5.19696927859607
"4863",3,"UKENSO_SW_TP000033",NA,4.52684465083667,3.65448244265035,5.39979439466089
"4864",4,"UKENSO_SW_TP000033",5.698332003,4.4871974831068,3.62751775014448,5.34751296689652
"4865",5,"UKENSO_SW_TP000033",NA,4.69674106812287,3.81437529092582,5.58119437749256
"4866",6,"UKENSO_SW_TP000033",5.781214605,4.80201442273145,3.9434867598402,5.65967820907497
"4867",7,"UKENSO_SW_TP000033",NA,4.74013726970609,3.85313459376678,5.62974225955299
"4868",8,"UKENSO_SW_TP000033",4.310292572,4.83661047015649,3.97753235363522,5.69490143316315
"4869",9,"UKENSO_SW_TP000033",NA,5.01594455131369,4.1319695606626,5.89916123528819
"4870",10,"UKENSO_SW_TP000033",4.659071649,5.0398389162599,4.17848058067704,5.90064047062152
"4871",11,"UKENSO_SW_TP000033",NA,5.18728157790061,4.30601237653065,6.07177327102591
"4872",12,"UKENSO_SW_TP000033",6.026918932,5.24264497746347,4.38499433883922,6.10065178268091
"4873",13,"UKENSO_SW_TP000033",NA,5.12568577428338,4.24433463235861,6.00961540247034
"4874",14,"UKENSO_SW_TP000033",5.071730273,5.23524601133297,4.37770731587512,6.09270370389785
"4875",15,"UKENSO_SW_TP000033",NA,5.1537150198357,4.27201832021869,6.03806153865444
"4876",16,"UKENSO_SW_TP000033",5.833731998,5.20761199977905,4.35036058857267,6.06687193866244
"4877",17,"UKENSO_SW_TP000033",NA,5.14317537529755,4.26223669870868,6.0260321423343
"4878",18,"UKENSO_SW_TP000033",5.101699288,5.05792527976694,4.20039536066069,5.91519533270426
"4879",19,"UKENSO_SW_TP000033",NA,4.92594914052401,4.03917914589889,5.8104470794585
"4880",20,"UKENSO_SW_TP000033",5.572197045,5.02326968051339,4.16436501917453,5.8804660465561
"4881",21,"UKENSO_SW_TP000033",NA,4.94207780204305,4.06017322729729,5.82388611416885
"4882",22,"UKENSO_SW_TP000033",5.838681384,4.88711688492956,4.02960486163314,5.74437007898648
"4883",23,"UKENSO_SW_TP000033",NA,5.0932922394411,4.21548753669701,5.97198680025637
"4884",24,"UKENSO_SW_TP000033",5.178676644,5.06773551415394,4.21079872251266,5.92647721770689
"4885",25,"UKENSO_SW_TP000033",NA,5.09951645962468,4.21741810423685,5.98303438570379
"4886",26,"UKENSO_SW_TP000033",5.228367958,5.02054414968094,4.15992753028032,5.8786121665644
"4887",27,"UKENSO_SW_TP000033",NA,4.97698388166782,4.09525030557067,5.85857962987566
"4888",28,"UKENSO_SW_TP000033",5.371284224,5.1060145035449,4.24793131761508,5.9633446847808
"4889",29,"UKENSO_SW_TP000033",NA,5.05492010770857,4.17312385759167,5.93592329665426
"4890",30,"UKENSO_SW_TP000033",5.608938926,5.03635267058138,4.17887805071788,5.89478911507026
"4891",31,"UKENSO_SW_TP000033",NA,4.88235896775086,3.96567919801744,5.79729458685979
"4892",32,"UKENSO_SW_TP000033",4.872364371,4.95878035692023,4.09696489423785,5.82653686361656
"4893",33,"UKENSO_SW_TP000033",NA,4.93730471983638,4.07132290869043,5.80368192715203
"4894",34,"UKENSO_SW_TP000033",4.632608915,4.81298978065126,3.950348929404,5.67357855687094
"4895",35,"UKENSO_SW_TP000033",NA,4.73496423616196,3.85193169331709,5.61694811248742
"4896",36,"UKENSO_SW_TP000033",5.419527896,4.79845208939725,3.94038287725463,5.65527151710805
"4897",37,"UKENSO_SW_TP000033",NA,5.14754486633446,4.26414371573918,6.02954123361403
"4898",38,"UKENSO_SW_TP000033",5.221967775,5.09791226063311,4.23967111115921,5.95497623828601
"4899",39,"UKENSO_SW_TP000033",NA,5.45534205409595,4.57408258777682,6.33928624977577
"4900",40,"UKENSO_SW_TP000033",6.234145733,5.30992217140636,4.45070443330142,6.16776170918777
"4901",41,"UKENSO_SW_TP000033",NA,5.45851347965835,4.57656395979218,6.34388344866541
"4902",42,"UKENSO_SW_TP000033",5.845493328,5.38170515520731,4.52406769537736,6.23910520147698
"4903",43,"UKENSO_SW_TP000033",NA,5.40221799724787,4.52328308099638,6.28184029834427
"4904",44,"UKENSO_SW_TP000033",4.755546388,5.26971398423307,4.41021647424869,6.12679874692145
"4905",45,"UKENSO_SW_TP000033",NA,5.3586559837386,4.46381609765773,6.25324713227508
"3646",1,"UKENNW_UU_TP000038",3.517387493,4.36964601592687,3.4835056777526,5.25668780183117
"3647",2,"UKENNW_UU_TP000038",NA,4.48199393295515,3.62122687115833,5.34368162566835
"3648",3,"UKENNW_UU_TP000038",4.546097953,4.63442247725234,3.76040322057652,5.50913814559074
"3649",4,"UKENNW_UU_TP000038",NA,4.65390378378027,3.79338990553154,5.51517943757786
"3650",5,"UKENNW_UU_TP000038",4.536069896,4.79363003346972,3.91103866289268,5.67771164941014
"3651",6,"UKENNW_UU_TP000038",NA,4.9467620939073,4.08819100467556,5.80603303531158
"3652",7,"UKENNW_UU_TP000038",NA,4.85693911192216,3.96997467111591,5.74522850895894
"3653",8,"UKENNW_UU_TP000038",5.478229013,4.80810134013284,3.94817667364485,5.66769972962606
"3654",9,"UKENNW_UU_TP000038",5.496945077,5.09519385749674,4.21180942786258,5.97962493147094
"3655",10,"UKENNW_UU_TP000038",NA,5.21938057439017,4.36225321087717,6.0774052298185
"3656",11,"UKENNW_UU_TP000038",5.577704468,5.34167287915561,4.4601688404981,6.22469543062702
"3657",12,"UKENNW_UU_TP000038",NA,5.2690798916772,4.41006948427555,6.12890191290852
"3658",13,"UKENNW_UU_TP000038",5.183799771,5.24972024439739,4.36533543319426,6.13537381210249
"3659",14,"UKENNW_UU_TP000038",NA,5.27501142588972,4.41733941075102,6.1343660864924
"3660",15,"UKENNW_UU_TP000038",5.610777716,5.20508023962207,4.32411608346865,6.08757861994018
"3661",16,"UKENNW_UU_TP000038",NA,5.25035756844409,4.38899166658679,6.11230456017295
"3662",17,"UKENNW_UU_TP000038",5.369091834,5.18017333634409,4.30478284510849,6.05608682460791
"3663",18,"UKENNW_UU_TP000038",NA,5.0715979694485,4.21313800994276,5.93083809357348
"3664",19,"UKENNW_UU_TP000038",6.117143876,4.85767929574567,3.97315533736569,5.74174419089287
"3665",20,"UKENNW_UU_TP000038",NA,5.0849852351766,4.22654529071526,5.9443650729753
"3666",21,"UKENNW_UU_TP000038",4.901995562,4.95815560141881,4.07518835558491,5.84064526579629
"3667",22,"UKENNW_UU_TP000038",NA,4.91533893184624,4.05523335941181,5.77658365322796
"3668",23,"UKENNW_UU_TP000038",5.915088245,5.12776818705102,4.2516676333063,6.00522618315091
"3669",24,"UKENNW_UU_TP000038",NA,5.13081063591796,4.2719544076308,5.98942288759235
"3670",25,"UKENNW_UU_TP000038",5.074304826,5.14739390015311,4.26313153976978,6.03231577919311
"3671",26,"UKENNW_UU_TP000038",NA,4.97810049724687,4.11956658063287,5.83708108602529
"3672",27,"UKENNW_UU_TP000038",5.026691292,5.01003964596519,4.12755757129627,5.89306922250556
"3673",28,"UKENNW_UU_TP000038",NA,5.10227641298548,4.24314224430991,5.96124761567056
"3674",29,"UKENNW_UU_TP000038",5.265005863,5.08582830763741,4.20562541782711,5.96718238985832
"3675",30,"UKENNW_UU_TP000038",NA,4.97293801185516,4.11228679973513,5.83249918115312
"3676",31,"UKENNW_UU_TP000038",NA,5.01151991536795,4.10534929269477,5.91798041271921
"3677",32,"UKENNW_UU_TP000038",5.395559046,5.19929570080556,4.32962202007552,6.06889882170089
"3678",33,"UKENNW_UU_TP000038",4.704684399,5.00287303771523,4.14151717957703,5.86479764649248
"3679",34,"UKENNW_UU_TP000038",NA,4.66234605461481,3.80140094859173,5.52227215112829
"3680",35,"UKENNW_UU_TP000038",NA,4.77382293664085,3.89171002657551,5.65563748363664
"3681",36,"UKENNW_UU_TP000038",3.621433394,4.91822951836364,4.06126492568422,5.77546697083699
"3682",37,"UKENNW_UU_TP000038",5.705521515,5.25373938938276,4.37452743633477,6.13392437928283
"3683",38,"UKENNW_UU_TP000038",NA,5.33424178503559,4.4752779741129,6.19331804973771
"3684",39,"UKENNW_UU_TP000038",NA,5.49916850676553,4.62182368458873,6.37660462591848
"3685",40,"UKENNW_UU_TP000038",6.676019086,5.39663321333725,4.53476103952205,6.25713453531824
"3686",41,"UKENNW_UU_TP000038",5.513707596,5.48254343219644,4.6047887309484,6.36089480235958
"3687",42,"UKENNW_UU_TP000038",NA,5.52349878395831,4.6643718228735,6.38262030940655
"3688",43,"UKENNW_UU_TP000038",5.214547763,5.46054650635814,4.58702652713598,6.33423048223885
"3689",44,"UKENNW_UU_TP000038",NA,5.31165757909372,4.45245073573769,6.1709365432626
"3690",45,"UKENNW_UU_TP000038",NA,5.47568463756931,4.58874139819293,6.36221940527911
"3691",1,"UKENNW_UU_TP000047",NA,4.38345798663924,3.5038699093814,5.2634627998736
"3692",2,"UKENNW_UU_TP000047",NA,4.49040240081983,3.63493789483879,5.34639363054144
"3693",3,"UKENNW_UU_TP000047",NA,4.63381547406472,3.77067400263006,5.49719639165083
"3694",4,"UKENNW_UU_TP000047",NA,4.67994432066718,3.81943466121127,5.54111151992594
"3695",5,"UKENNW_UU_TP000047",NA,4.83151392207955,3.9560208684904,5.70887374679614
"3696",6,"UKENNW_UU_TP000047",NA,4.9374131744688,4.08362320146523,5.79156356735338
"3697",7,"UKENNW_UU_TP000047",NA,4.8695259717058,3.97822094037845,5.76209033097537
"3698",8,"UKENNW_UU_TP000047",NA,4.86565965419712,4.01063393386752,5.72106291912169
"3699",9,"UKENNW_UU_TP000047",5.020936153,5.12721953295926,4.25239100018596,6.0032202496475
"3700",10,"UKENNW_UU_TP000047",5.37041574,5.20209366032421,4.34841598463726,6.05650050081909
"3701",11,"UKENNW_UU_TP000047",NA,5.34228778340731,4.46696398088904,6.21920480835679
"3702",12,"UKENNW_UU_TP000047",NA,5.28877173117527,4.43488388313312,6.14356822374964
"3703",13,"UKENNW_UU_TP000047",5.628974958,5.2822565208365,4.40588258924106,6.1603264234097
"3704",14,"UKENNW_UU_TP000047",6.153849286,5.29736984115012,4.44327851948057,6.15264737436784
"3705",15,"UKENNW_UU_TP000047",NA,5.2453701478135,4.37085419657362,6.1216926900626
"3706",16,"UKENNW_UU_TP000047",5.751506173,5.25397617532799,4.39807773715055,6.11020300912713
"3707",17,"UKENNW_UU_TP000047",NA,5.24031588428411,4.37029484204161,6.11189949307759
"3708",18,"UKENNW_UU_TP000047",6.097648224,5.09308909980938,4.23959996843669,5.94714365872899
"3709",19,"UKENNW_UU_TP000047",NA,4.80725614524723,3.92833848760828,5.68489919720783
"3710",20,"UKENNW_UU_TP000047",5.730880698,5.15099907055897,4.2975116047184,6.00555942478104
"3711",21,"UKENNW_UU_TP000047",NA,4.95942612056111,4.08365115428828,5.8347612347503
"3712",22,"UKENNW_UU_TP000047",5.450004257,4.95672464391536,4.1018614913844,5.8125148383699
"3713",23,"UKENNW_UU_TP000047",NA,5.14564544453985,4.27408109502908,6.01857432186988
"3714",24,"UKENNW_UU_TP000047",5.049301785,5.11031868589201,4.25586724914449,5.9640199272581
"3715",25,"UKENNW_UU_TP000047",NA,5.16466047316301,4.28659209745198,6.04336715653645
"3716",26,"UKENNW_UU_TP000047",5.390594306,5.01986624330253,4.16612070463428,5.87362717349654
"3717",27,"UKENNW_UU_TP000047",NA,5.01724424030818,4.14075995897938,5.89416926083397
"3718",28,"UKENNW_UU_TP000047",NA,4.98253860240198,4.12398889536087,5.83838654458931
"3719",29,"UKENNW_UU_TP000047",6.263781001,5.05699780160189,4.18240961233713,5.93161877824143
"3720",30,"UKENNW_UU_TP000047",5.696395833,4.95620867334116,4.0996161153384,5.81133154778106
"3721",31,"UKENNW_UU_TP000047",NA,5.03333699937596,4.14833995467482,5.91815142899386
"3722",32,"UKENNW_UU_TP000047",NA,5.23559047304555,4.37725124648074,6.09527936748555
"3723",33,"UKENNW_UU_TP000047",5.633835085,5.00622223483663,4.16310105773009,5.84936146623206
"3724",34,"UKENNW_UU_TP000047",5.346022465,4.68900926462444,3.83492876644424,5.54176911940309
"3725",35,"UKENNW_UU_TP000047",NA,4.80299178929992,3.94214437434547,5.66326419834111
"3726",36,"UKENNW_UU_TP000047",5.877122572,4.84533504879699,3.98968821607222,5.69896001748191
"3727",37,"UKENNW_UU_TP000047",NA,5.29681521800401,4.43739995324779,6.15668342708556
"3728",38,"UKENNW_UU_TP000047",6.299775535,5.40482505583012,4.55226595153603,6.25835418136833
"3729",39,"UKENNW_UU_TP000047",NA,5.55683004224043,4.69901390135063,6.41504687894831
"3730",40,"UKENNW_UU_TP000047",6.502062035,5.49427660893969,4.64167521019939,6.34740044099648
"3731",41,"UKENNW_UU_TP000047",NA,5.50283901802628,4.64366316181847,6.36223614879083
"3732",42,"UKENNW_UU_TP000047",6.399324394,5.60179670600161,4.74900426009443,6.45539485378276
"3733",43,"UKENNW_UU_TP000047",NA,5.47707602392899,4.6227750446716,6.33127405455641
"3734",44,"UKENNW_UU_TP000047",6.792277294,5.40353679571407,4.54936584330883,6.2588942454278
"3735",45,"UKENNW_UU_TP000047",NA,5.5430644787461,4.67271253679824,6.41296784180526
"5716",1,"UKENSW_WXW_TP000101",NA,4.6104297258261,3.6923475496708,5.52773348283947
"5717",2,"UKENSW_WXW_TP000101",4.929792937,4.58982610286671,3.69606370644951,5.48509796329593
"5718",3,"UKENSW_WXW_TP000101",NA,4.90576387639594,3.99947465337532,5.81172200024728
"5719",4,"UKENSW_WXW_TP000101",4.612899367,4.76501457192593,3.87073327493635,5.6605440946761
"5720",5,"UKENSW_WXW_TP000101",NA,4.9683036913494,4.05615137768823,5.88240278742113
"5721",6,"UKENSW_WXW_TP000101",4.941248365,5.12812358910202,4.23442963790247,6.0221722127334
"5722",7,"UKENSW_WXW_TP000101",NA,5.0621665090079,4.1461577697539,5.97942590752354
"5723",8,"UKENSW_WXW_TP000101",5.495414767,5.05859278528041,4.16549047855743,5.95250538039336
"5724",9,"UKENSW_WXW_TP000101",NA,5.3667258261629,4.45356115056701,6.27996214166141
"5725",10,"UKENSW_WXW_TP000101",5.828897656,5.46359781149481,4.56974958276839,6.35698629504262
"5726",11,"UKENSW_WXW_TP000101",NA,5.57115609208394,4.65877847228781,6.48565677836974
"5727",12,"UKENSW_WXW_TP000101",5.832862569,5.51418089623962,4.62031018207169,6.40765328953388
"5728",13,"UKENSW_WXW_TP000101",NA,5.44514879301015,4.52695200381516,6.36382660490443
"5729",14,"UKENSW_WXW_TP000101",5.844773009,5.45528734142221,4.56168609858526,6.35102514058252
"5730",15,"UKENSW_WXW_TP000101",NA,5.45004558962226,4.53746055944342,6.36411392259933
"5731",16,"UKENSW_WXW_TP000101",5.683826217,5.54816300528367,4.65536295141216,6.44111607589486
"5732",17,"UKENSW_WXW_TP000101",NA,5.42196638567916,4.5111542768503,6.33433718721549
"5733",18,"UKENSW_WXW_TP000101",6.005029456,5.31671357750145,4.42359812341854,6.20970697896345
"5734",19,"UKENSW_WXW_TP000101",NA,5.16919709952301,4.25432477068577,6.08366314952696
"5735",20,"UKENSW_WXW_TP000101",5.697148027,5.32950144597414,4.43577461338678,6.22283277635458
"5736",21,"UKENSW_WXW_TP000101",NA,5.30125430900542,4.38962400987402,6.2127278182973
"5737",22,"UKENSW_WXW_TP000101",5.551496877,5.24293286350199,4.34799970556739,6.1369957262019
"5738",23,"UKENSW_WXW_TP000101",NA,5.37804699213476,4.46956951397466,6.28714844001047
"5739",24,"UKENSW_WXW_TP000101",5.948370851,5.39199804487711,4.4981063640806,6.28565588243974
"5740",25,"UKENSW_WXW_TP000101",NA,5.37212979944561,4.45947453326622,6.28576573095727
"5741",26,"UKENSW_WXW_TP000101",5.993823871,5.28960460428252,4.39496879391972,6.18397435995699
"5742",27,"UKENSW_WXW_TP000101",NA,5.2807394953912,4.36674423971696,6.19484608104096
"5743",28,"UKENSW_WXW_TP000101",5.93280799,5.40167959415998,4.50689335016283,6.29684141567008
"5744",29,"UKENSW_WXW_TP000101",NA,5.35287218452272,4.44266154487323,6.26418588329361
"5745",30,"UKENSW_WXW_TP000101",5.142533939,5.32653082860499,4.43318610011484,6.22020226124598
"5746",31,"UKENSW_WXW_TP000101",NA,5.20751270868602,4.25972413943184,6.15458852174059
"5747",32,"UKENSW_WXW_TP000101",4.777570505,5.25641084536985,4.35991353855631,6.15385746502001
"5748",33,"UKENSW_WXW_TP000101",NA,5.20245294726682,4.30086692471303,6.1053518522566
"5749",34,"UKENSW_WXW_TP000101",4.182167205,5.05833115103703,4.1636029587656,5.95274004633911
"5750",35,"UKENSW_WXW_TP000101",NA,4.99362424876109,4.08175317746554,5.90567073768642
"5751",36,"UKENSW_WXW_TP000101",4.547756214,5.05878536863699,4.16560839880684,5.95315038625485
"5752",37,"UKENSW_WXW_TP000101",NA,5.42317319277855,4.51101917355528,6.33619917782092
"5753",38,"UKENSW_WXW_TP000101",5.132743272,5.46159935737715,4.56781300947156,6.35547551970573
"5754",39,"UKENSW_WXW_TP000101",NA,5.69010618190612,4.77896020990923,6.60297880654751
"5755",40,"UKENSW_WXW_TP000101",5.752937494,5.56708260653104,4.67230346619958,6.46262139121997
"5756",41,"UKENSW_WXW_TP000101",NA,5.72896702545661,4.81739404825965,6.64161760465204
"5757",42,"UKENSW_WXW_TP000101",5.159653104,5.60071816870716,4.70594772682311,6.49687009880181
"5758",43,"UKENSW_WXW_TP000101",NA,5.68255801447272,4.77051225982552,6.59666720715115
"5759",44,"UKENSW_WXW_TP000101",5.693217854,5.49092923387373,4.59775005824046,6.38463771724012
"5760",45,"UKENSW_WXW_TP000101",NA,5.66304086513492,4.73682523048319,6.59014955590465
"1081",1,"UKENMI_ST_TP000036",NA,4.30794688818336,3.41266344079334,5.20265992606028
"1082",2,"UKENMI_ST_TP000036",5.60796606,4.41025160489776,3.54725910942487,5.27278921946358
"1083",3,"UKENMI_ST_TP000036",NA,4.61048270617867,3.72708702634277,5.49357227514939
"1084",4,"UKENMI_ST_TP000036",6.009245757,4.56887885913195,3.70797980837428,5.42820307734835
"1085",5,"UKENMI_ST_TP000036",5.261092646,4.75343668181372,3.86097715629167,5.64641418450133
"1086",6,"UKENMI_ST_TP000036",NA,4.89703462438668,4.0369143137956,5.7553295343909
"1087",7,"UKENMI_ST_TP000036",NA,4.83904568326413,3.94518090420786,5.73343501341381
"1088",8,"UKENMI_ST_TP000036",5.603922486,4.80568845483656,3.94628689963654,5.6637128805852
"1089",9,"UKENMI_ST_TP000036",NA,5.07009442024792,4.1786429762574,5.96188019419259
"1090",10,"UKENMI_ST_TP000036",5.97554878,5.22959670770167,4.36963565015922,6.08769085438263
"1091",11,"UKENMI_ST_TP000036",NA,5.32392772546802,4.43371254079761,6.2146276048841
"1092",12,"UKENMI_ST_TP000036",4.697175954,5.25115412390249,4.38898189462178,6.11167477888345
"1093",13,"UKENMI_ST_TP000036",NA,5.26783029638661,4.37983389446086,6.1567853925428
"1094",14,"UKENMI_ST_TP000036",5.739287456,5.22931722563176,4.36855844648671,6.08981611260573
"1095",15,"UKENMI_ST_TP000036",NA,5.17681129149855,4.2864414125203,6.06776744236705
"1096",16,"UKENMI_ST_TP000036",5.823519646,5.26843894259729,4.40587463157915,6.12932930459497
"1097",17,"UKENMI_ST_TP000036",NA,5.17262069621552,4.2863041114553,6.05919025735832
"1098",18,"UKENMI_ST_TP000036",NA,5.10115773311478,4.24109042679699,5.96124389325399
"1099",19,"UKENMI_ST_TP000036",5.336030717,4.91037693231581,4.01690493608211,5.80361698353833
"1100",20,"UKENMI_ST_TP000036",4.968632522,4.91077989718163,4.04882770293699,5.77139246214814
"1101",21,"UKENMI_ST_TP000036",NA,4.96403434975071,4.06921739781695,5.85815103878542
"1102",22,"UKENMI_ST_TP000036",5.005522804,4.83827175792512,3.97573448541193,5.69999399388994
"1103",23,"UKENMI_ST_TP000036",NA,5.11200066037394,4.23056476051243,5.99348937456782
"1104",24,"UKENMI_ST_TP000036",5.72910528,5.16407187403835,4.30424996336264,6.02319615520698
"1105",25,"UKENMI_ST_TP000036",NA,5.10740219662477,4.21491777842822,5.99986301236637
"1106",26,"UKENMI_ST_TP000036",5.967631239,4.93427873662118,4.07411427345009,5.79303419496553
"1107",27,"UKENMI_ST_TP000036",NA,5.01566274732608,4.12323938787685,5.90836829136614
"1108",28,"UKENMI_ST_TP000036",5.272134159,5.1786912401874,4.31952349559202,6.03768568281271
"1109",29,"UKENMI_ST_TP000036",NA,5.03907348339591,4.14813838503282,5.93023544423144
"1110",30,"UKENMI_ST_TP000036",6.11103518,5.04791098722601,4.18767048807639,5.90781157677523
"1111",31,"UKENMI_ST_TP000036",NA,4.97988435244786,4.0554705184881,5.90413875677201
"1112",32,"UKENMI_ST_TP000036",NA,5.19707362062613,4.33217504922729,6.06188782985141
"1113",33,"UKENMI_ST_TP000036",5.858323354,4.97127186564106,4.10052815660657,5.84222919034144
"1114",34,"UKENMI_ST_TP000036",5.728211861,4.55645997356459,3.6926700939879,5.41828731533294
"1115",35,"UKENMI_ST_TP000036",NA,4.72718190129032,3.83259458126603,5.62086158529473
"1116",36,"UKENMI_ST_TP000036",5.844832673,4.81464076661256,3.95489686328568,5.67335927327022
"1117",37,"UKENMI_ST_TP000036",NA,5.16961172043472,4.27633180692574,6.06230109890929
"1118",38,"UKENMI_ST_TP000036",5.441306324,5.20856912405085,4.34892523063443,6.0672835962264
"1119",39,"UKENMI_ST_TP000036",NA,5.48264159695966,4.59154898829174,6.37375121808484
"1120",40,"UKENMI_ST_TP000036",6.88762251,5.37410004375053,4.51501057195162,6.23250193007271
"1121",41,"UKENMI_ST_TP000036",NA,5.44762617897325,4.55629554198165,6.33916993036939
"1122",42,"UKENMI_ST_TP000036",6.22394683,5.43306397767748,4.57286871618055,6.29171821274668
"1123",43,"UKENMI_ST_TP000036",NA,5.4544518189895,4.56495090289612,6.34343088443122
"1124",44,"UKENMI_ST_TP000036",5.737415585,5.21402538308055,4.35426241208434,6.07240036712434
"1125",45,"UKENMI_ST_TP000036",NA,5.44564346470858,4.54093593887758,6.34962664547957
"1936",1,"UKENMI_ST_TP000207",NA,4.28608853887244,3.39052140469514,5.18186005682699
"1937",2,"UKENMI_ST_TP000207",3.67016313,4.38517077584719,3.51595792995452,5.25390352809071
"1938",3,"UKENMI_ST_TP000207",NA,4.56925485003135,3.68537685363768,5.4532480503408
"1939",4,"UKENMI_ST_TP000207",4.246345039,4.56182924064407,3.69438112409413,5.42879395232898
"1940",5,"UKENMI_ST_TP000207",NA,4.71678444114139,3.82462181163012,5.60952454078221
"1941",6,"UKENMI_ST_TP000207",4.105064247,4.86385238043439,3.99707159762061,5.72979277733258
"1942",7,"UKENMI_ST_TP000207",NA,4.7898289359349,3.89499788690236,5.68535499702962
"1943",8,"UKENMI_ST_TP000207",4.586624234,4.73247983912445,3.86513874877459,5.59847499784429
"1944",9,"UKENMI_ST_TP000207",NA,5.0329441535342,4.14063935025106,5.92608840883777
"1945",10,"UKENMI_ST_TP000207",4.255656494,5.17106809601763,4.3052087975689,6.0362102634637
"1946",11,"UKENMI_ST_TP000207",NA,5.27793474691128,4.38695042654969,6.1694362256753
"1947",12,"UKENMI_ST_TP000207",3.147229912,5.2198621422566,4.35247013641846,6.08707872529383
"1948",13,"UKENMI_ST_TP000207",NA,5.19589276425831,4.30532551193897,6.0871621274781
"1949",14,"UKENMI_ST_TP000207",4.903281359,5.2028612173163,4.33675859954517,6.07002079064626
"1950",15,"UKENMI_ST_TP000207",NA,5.13586151159973,4.24566813798799,6.02729911353949
"1951",16,"UKENMI_ST_TP000207",4.022941256,5.19811776362926,4.32927909215096,6.06670582691905
"1952",17,"UKENMI_ST_TP000207",NA,5.12502088131636,4.2404397111114,6.01021052604838
"1953",18,"UKENMI_ST_TP000207",4.946269502,5.01837009320776,4.15241816061927,5.88476306118563
"1954",19,"UKENMI_ST_TP000207",NA,4.8406034500479,3.94835714537693,5.73329123046308
"1955",20,"UKENMI_ST_TP000207",3.390709141,4.94173457325816,4.07502513404103,5.80921884853064
"1956",21,"UKENMI_ST_TP000207",NA,4.91368255478671,4.02110524074082,5.80641716909694
"1957",22,"UKENMI_ST_TP000207",4.860200492,4.81674892168482,3.94899508575735,5.68546837865168
"1958",23,"UKENMI_ST_TP000207",NA,5.06290992285322,4.17982181552757,5.94677153545063
"1959",24,"UKENMI_ST_TP000207",4.544578448,5.0963631722982,4.2299234842982,5.96263234758157
"1960",25,"UKENMI_ST_TP000207",NA,5.0678174201754,4.17562278646115,5.96032891062058
"1961",26,"UKENMI_ST_TP000207",5.089003732,4.90718838460462,4.04051330753435,5.77450871068147
"1962",27,"UKENMI_ST_TP000207",NA,4.96045041436896,4.06837728890632,5.85310008863091
"1963",28,"UKENMI_ST_TP000207",4.884056367,5.09488840512825,4.22908771175942,5.9607015440316
"1964",29,"UKENMI_ST_TP000207",NA,5.01225655081285,4.12267422259683,5.90310306958592
"1965",30,"UKENMI_ST_TP000207",4.832267701,4.9840937714019,4.11741931650418,5.85075351568202
"1966",31,"UKENMI_ST_TP000207",NA,4.94013964964907,4.01977124820641,5.86049295499715
"1967",32,"UKENMI_ST_TP000207",5.372254395,5.12791362573039,4.25052354811814,6.00333757841101
"1968",33,"UKENMI_ST_TP000207",NA,4.93726938101861,4.06482398370292,5.81003446830675
"1969",34,"UKENMI_ST_TP000207",4.667304857,4.58187174125076,3.71220890515898,5.45148705802388
"1970",35,"UKENMI_ST_TP000207",NA,4.69575683823555,3.80280689986892,5.5883038819623
"1971",36,"UKENMI_ST_TP000207",4.56159372,4.80773649076761,3.94225359504104,5.6728928260703
"1972",37,"UKENMI_ST_TP000207",NA,5.14863558636588,4.25710307964571,6.04041506891007
"1973",38,"UKENMI_ST_TP000207",5.014250283,5.20391039276339,4.33786969015024,6.06939921252132
"1974",39,"UKENMI_ST_TP000207",NA,5.43172287176502,4.54244975851799,6.32094420408887
"1975",40,"UKENMI_ST_TP000207",4.504066877,5.30548775194707,4.43727723751424,6.17177063161337
"1976",41,"UKENMI_ST_TP000207",NA,5.40887778570896,4.51961503619757,6.29878409444589
"1977",42,"UKENMI_ST_TP000207",5.390868906,5.40491109243203,4.538073277896,6.27055904231718
"1978",43,"UKENMI_ST_TP000207",NA,5.40291047005343,4.51587726571759,6.28965417185837
"1979",44,"UKENMI_ST_TP000207",5.449692108,5.1891404698881,4.32228765525841,6.05479188503037
"1980",45,"UKENMI_ST_TP000207",NA,5.40418508361764,4.5027821191603,6.30486437945017
"3961",1,"UKENNW_UU_TP000084",NA,4.41455807198328,3.52217678732803,5.30894126213773
"3962",2,"UKENNW_UU_TP000084",3.599970392,4.51313148131386,3.64469499405419,5.38166903593411
"3963",3,"UKENNW_UU_TP000084",NA,4.65784805292533,3.77668728783349,5.53979622296414
"3964",4,"UKENNW_UU_TP000084",NA,4.70523679941495,3.83718598422488,5.57410233169199
"3965",5,"UKENNW_UU_TP000084",NA,4.8545755875495,3.96581081723486,5.74512297886727
"3966",6,"UKENNW_UU_TP000084",4.526939335,4.97729826858056,4.11066748054502,5.84496237504165
"3967",7,"UKENNW_UU_TP000084",NA,4.90232176389382,4.01042212171542,5.79590696505399
"3968",8,"UKENNW_UU_TP000084",4.326593086,4.8221347644469,3.95289614404077,5.6900445465187
"3969",9,"UKENNW_UU_TP000084",NA,5.10446971354946,4.20606027605663,6.00388604729633
"3970",10,"UKENNW_UU_TP000084",5.279725609,5.21148630447703,4.35140720831803,6.07301029314771
"3971",11,"UKENNW_UU_TP000084",NA,5.4003668631604,4.51193171416073,6.29050689301379
"3972",12,"UKENNW_UU_TP000084",5.435690092,5.24435000785684,4.37670776923999,6.11189219540388
"3973",13,"UKENNW_UU_TP000084",NA,5.26258649602338,4.36090361697127,6.1652088393936
"3974",14,"UKENNW_UU_TP000084",5.721441179,5.31182712166395,4.45083743112669,6.17517959276288
"3975",15,"UKENNW_UU_TP000084",NA,5.21607656145861,4.32865898837863,6.10442474365327
"3976",16,"UKENNW_UU_TP000084",5.31509159,5.23396863583165,4.36417853078458,6.10538947137716
"3977",17,"UKENNW_UU_TP000084",NA,5.16069784142476,4.27486195471813,6.04497357347708
"3978",18,"UKENNW_UU_TP000084",5.58337177,5.05012593050664,4.18303503008299,5.91867588654554
"3979",19,"UKENNW_UU_TP000084",NA,4.82227954170208,3.93086432439856,5.71186773937686
"3980",20,"UKENNW_UU_TP000084",4.56015389,5.13412915589954,4.26645057688304,6.00419224362825
"3981",21,"UKENNW_UU_TP000084",NA,4.91381204295139,4.02143470638857,5.80352427206375
"3982",22,"UKENNW_UU_TP000084",5.016765905,4.93139584413172,4.06387569510405,5.80108623792516
"3983",23,"UKENNW_UU_TP000084",NA,5.15841647823866,4.27534621168894,6.04311190582203
"3984",24,"UKENNW_UU_TP000084",4.949393032,5.1559999872507,4.28923308088275,6.02347090819113
"3985",25,"UKENNW_UU_TP000084",NA,5.17466991913044,4.27349033866309,6.07631915445636
"3986",26,"UKENNW_UU_TP000084",4.333447025,5.00020303530085,4.13803737935901,5.86499141103275
"3987",27,"UKENNW_UU_TP000084",NA,4.99865316945119,4.11008446693956,5.88686614605237
"3988",28,"UKENNW_UU_TP000084",4.917772421,5.19463420664609,4.3278309083177,6.06304511558993
"3989",29,"UKENNW_UU_TP000084",NA,5.12883002176938,4.24315218957342,6.01621512408433
"3990",30,"UKENNW_UU_TP000084",6.268933166,5.08768912848246,4.22084779348934,5.95486386405979
"3991",31,"UKENNW_UU_TP000084",NA,5.044793662852,4.11751193084157,5.97246610052312
"3992",32,"UKENNW_UU_TP000084",NA,5.34097903447859,4.47402230823073,6.2085055359591
"3993",33,"UKENNW_UU_TP000084",5.859402521,5.04846693277415,4.17782319615831,5.91968601409076
"3994",34,"UKENNW_UU_TP000084",4.795180299,4.81974364524337,3.95285554520774,5.68717938656364
"3995",35,"UKENNW_UU_TP000084",NA,4.82204008098836,3.92114528250733,5.72276080951123
"3996",36,"UKENNW_UU_TP000084",5.684524627,5.07249877558542,4.2118953029958,5.93564419406362
"3997",37,"UKENNW_UU_TP000084",NA,5.30161752210145,4.41307076897918,6.19266517642304
"3998",38,"UKENNW_UU_TP000084",5.416346331,5.37267586421654,4.50368173140197,6.2400294871101
"3999",39,"UKENNW_UU_TP000084",NA,5.52500367777369,4.63768380774508,6.41142911262837
"4000",40,"UKENNW_UU_TP000084",4.798173524,5.40030558247455,4.52327377516782,6.27207241634924
"4001",41,"UKENNW_UU_TP000084",NA,5.51073914942953,4.62423625800911,6.39721990702797
"4002",42,"UKENNW_UU_TP000084",5.400869219,5.56698378155799,4.70048873044139,6.43364191057994
"4003",43,"UKENNW_UU_TP000084",6.172672164,5.49734413211975,4.61505168233892,6.37980409075996
"4004",44,"UKENNW_UU_TP000084",NA,5.30315126218473,4.43277592120081,6.17087795929699
"4005",45,"UKENNW_UU_TP000084",NA,5.4871317207954,4.57602022068151,6.3972212883204
"2206",1,"UKENNE_NU_TP000012",NA,4.31004947024815,3.3766062221867,5.24310860685636
"2207",2,"UKENNE_NU_TP000012",3.504627784,4.34905072834069,3.43951976064231,5.25807293649822
"2208",3,"UKENNE_NU_TP000012",4.384472018,4.59912159227143,3.68130810201703,5.51667094092508
"2209",4,"UKENNE_NU_TP000012",NA,4.54603573003584,3.63277587173691,5.45846468700721
"2210",5,"UKENNE_NU_TP000012",NA,4.70550501543703,3.77579363630354,5.63575525494996
"2211",6,"UKENNE_NU_TP000012",5.084801029,4.86778660842785,3.95904432689345,5.77675438053502
"2212",7,"UKENNE_NU_TP000012",NA,4.77962578237835,3.84516684191507,5.71471501320571
"2213",8,"UKENNE_NU_TP000012",5.023518873,4.78023089198118,3.87084623858752,5.68892516613466
"2214",9,"UKENNE_NU_TP000012",NA,5.05979869434847,4.12941365692584,5.9909565267108
"2215",10,"UKENNE_NU_TP000012",5.048911064,5.12830819048001,4.22049924247905,6.03565550579019
"2216",11,"UKENNE_NU_TP000012",NA,5.27464629977645,4.34609735574462,6.20426191603197
"2217",12,"UKENNE_NU_TP000012",5.677315536,5.24397277244859,4.33592635747049,6.15197187439128
"2218",13,"UKENNE_NU_TP000012",NA,5.18081019512072,4.25051697180087,6.11221044218575
"2219",14,"UKENNE_NU_TP000012",5.13552313,5.26171070106956,4.35462555079303,6.16929515399621
"2220",15,"UKENNE_NU_TP000012",NA,5.14940947823985,4.22077166480772,6.07896151658173
"2221",16,"UKENNE_NU_TP000012",5.54375177,5.2736812677111,4.36585110126171,6.18129525647602
"2222",17,"UKENNE_NU_TP000012",NA,5.14816161862505,4.2205103925499,6.07647264632383
"2223",18,"UKENNE_NU_TP000012",5.736090051,5.02117865725413,4.1136296517677,5.92848708375845
"2224",19,"UKENNE_NU_TP000012",NA,4.90016001092611,3.9696917766876,5.83037197927298
"2225",20,"UKENNE_NU_TP000012",5.730521419,5.06879086712555,4.16132259826508,5.97617685644527
"2226",21,"UKENNE_NU_TP000012",NA,5.00772847829603,4.07987144549262,5.93567827296883
"2227",22,"UKENNE_NU_TP000012",5.123316371,4.97313126152231,4.06495755522264,5.88123016567745
"2228",23,"UKENNE_NU_TP000012",NA,5.09435371245314,4.17005497592638,6.01950225752709
"2229",24,"UKENNE_NU_TP000012",5.242419451,5.10133032333157,4.19353604500609,6.00905554196701
"2230",25,"UKENNE_NU_TP000012",NA,5.09314465637827,4.16330735378854,6.02276261017183
"2231",26,"UKENNE_NU_TP000012",5.428378326,4.97548985610362,4.0671019182977,5.88350180372089
"2232",27,"UKENNE_NU_TP000012",NA,5.00475641365049,4.07580419454507,5.93364568110497
"2233",28,"UKENNE_NU_TP000012",5.690193074,5.06105697505134,4.15064368513193,5.97031331651401
"2234",29,"UKENNE_NU_TP000012",NA,5.07939742304499,4.15244881775147,6.00669653740725
"2235",30,"UKENNE_NU_TP000012",4.194208063,5.04319193370548,4.13360559601462,5.95139893711031
"2236",31,"UKENNE_NU_TP000012",NA,4.96071408982959,4.00681757982843,5.91520053854652
"2237",32,"UKENNE_NU_TP000012",3.408595936,5.03326901852121,4.1255998508858,5.94062329254141
"2238",33,"UKENNE_NU_TP000012",NA,4.92160988791398,4.00339795987868,5.84017687517928
"2239",34,"UKENNE_NU_TP000012",5.316077539,4.81028087584276,3.90200315308625,5.71856269657269
"2240",35,"UKENNE_NU_TP000012",NA,4.72365540032505,3.79409117722937,5.65239950722185
"2241",36,"UKENNE_NU_TP000012",4.932919506,4.83685459656036,3.92892319986726,5.7442247089974
"2242",37,"UKENNE_NU_TP000012",NA,5.14366361764333,4.21437211025164,6.07290654265241
"2243",38,"UKENNE_NU_TP000012",2.996223554,5.04607177060847,4.13207997189571,5.95642785021905
"2244",39,"UKENNE_NU_TP000012",NA,5.44553052865065,4.51740104461939,6.37341875166959
"2245",40,"UKENNE_NU_TP000012",6.185098415,5.30746265870367,4.39794134178071,6.21576774134414
"2246",41,"UKENNE_NU_TP000012",NA,5.45504382229826,4.52673838051003,6.38374161327582
"2247",42,"UKENNE_NU_TP000012",5.704371259,5.38823353547643,4.47955940557726,6.29574289614694
"2248",43,"UKENNE_NU_TP000012",NA,5.42007931140908,4.49372266319513,6.34636383717493
"2249",44,"UKENNE_NU_TP000012",6.245439999,5.20234299817707,4.29306794590571,6.10991293698358
"2250",45,"UKENNE_NU_TP000012",NA,5.3931735795929,4.45015693239425,6.33537956204995
"2251",1,"UKENNE_NU_TP000028",NA,4.44306904580237,3.53572495023583,5.35062619340963
"2252",2,"UKENNE_NU_TP000028",NA,4.4636042660633,3.57915706526134,5.34845927844153
"2253",3,"UKENNE_NU_TP000028",NA,4.7271720627678,3.83351940924483,5.62161267659536
"2254",4,"UKENNE_NU_TP000028",NA,4.66824195436273,3.78272170733646,5.5539768651302
"2255",5,"UKENNE_NU_TP000028",4.976490082,4.83023944725849,3.92819748978103,5.73386100620824
"2256",6,"UKENNE_NU_TP000028",NA,4.98101438693895,4.09731232457537,5.86573273641853
"2257",7,"UKENNE_NU_TP000028",4.477889051,4.90383405443443,3.99736603032924,5.81201771660975
"2258",8,"UKENNE_NU_TP000028",NA,4.90478439102351,4.01982880835028,5.79042485751322
"2259",9,"UKENNE_NU_TP000028",3.766460705,5.19212550975716,4.28836019044871,6.09724285330133
"2260",10,"UKENNE_NU_TP000028",NA,5.26773578275941,4.38416468036646,6.15212196210964
"2261",11,"UKENNE_NU_TP000028",4.242766358,5.3972654431991,4.49485215762719,6.30182946799684
"2262",12,"UKENNE_NU_TP000028",NA,5.36544982391719,4.48191125260678,6.24977080368428
"2263",13,"UKENNE_NU_TP000028",5.303297427,5.30861015768945,4.4043002595433,6.21478765214783
"2264",14,"UKENNE_NU_TP000028",NA,5.36558602043479,4.48332169997004,6.24880247713411
"2265",15,"UKENNE_NU_TP000028",5.349799075,5.27582328727328,4.37303606160813,6.1803717711918
"2266",16,"UKENNE_NU_TP000028",NA,5.3923252448203,4.50956153099126,6.2759876745276
"2267",17,"UKENNE_NU_TP000028",5.666552072,5.27086097372929,4.36968026388365,6.17367089104411
"2268",18,"UKENNE_NU_TP000028",NA,5.14930295834579,4.26653440047332,6.03278631461008
"2269",19,"UKENNE_NU_TP000028",5.52924106,5.02714480290005,4.12213420788614,5.9325113480653
"2270",20,"UKENNE_NU_TP000028",NA,5.18818910732896,4.30513500244919,6.07201206531263
"2271",21,"UKENNE_NU_TP000028",4.64042086,5.13250373602105,4.23071972784451,6.03525671551793
"2272",22,"UKENNE_NU_TP000028",NA,5.08013330709049,4.19723138423117,5.96373330240432
"2273",23,"UKENNE_NU_TP000028",4.700641171,5.22036936919513,4.32240308105747,6.11985267136763
"2274",24,"UKENNE_NU_TP000028",NA,5.23298844873605,4.35008735466002,6.11673870437595
"2275",25,"UKENNE_NU_TP000028",5.448164524,5.21699199627065,4.31457624183858,6.12006976288548
"2276",26,"UKENNE_NU_TP000028",NA,5.12218847847678,4.23922649461352,6.00576997708961
"2277",27,"UKENNE_NU_TP000028",4.749408765,5.12692329620984,4.22514960898806,6.0296136429317
"2278",28,"UKENNE_NU_TP000028",NA,5.209511639944,4.3238947502277,6.09557277588135
"2279",29,"UKENNE_NU_TP000028",4.113084575,5.20419843499706,4.30442426412911,6.1052608984857
"2280",30,"UKENNE_NU_TP000028",NA,5.1663731155366,4.28375376274255,6.04907418513172
"2281",31,"UKENNE_NU_TP000028",4.947672301,5.08816423649872,4.16230444090115,6.01549873193754
"2282",32,"UKENNE_NU_TP000028",NA,5.15198710371385,4.26865068626129,6.03589534365535
"2283",33,"UKENNE_NU_TP000028",5.432372797,5.05436366266515,4.16234926869978,5.94756166640864
"2284",34,"UKENNE_NU_TP000028",NA,4.91973967812877,4.03590415340766,5.80399290403515
"2285",35,"UKENNE_NU_TP000028",5.090647459,4.85115259859883,3.94920301745745,5.75312459075519
"2286",36,"UKENNE_NU_TP000028",NA,4.95553017377335,4.07283559324305,5.83833806496881
"2287",37,"UKENNE_NU_TP000028",4.455233572,5.27957574867567,4.37706080216801,6.18295338692785
"2288",38,"UKENNE_NU_TP000028",NA,5.22757849197923,4.33844714766988,6.11541787920092
"2289",39,"UKENNE_NU_TP000028",5.275809054,5.56494914180815,4.66448333498614,6.46634525226117
"2290",40,"UKENNE_NU_TP000028",NA,5.43534603721261,4.55039547223474,6.32017327733712
"2291",41,"UKENNE_NU_TP000028",5.795579758,5.57477965995901,4.67423180666147,6.47674990838503
"2292",42,"UKENNE_NU_TP000028",NA,5.50568549314443,4.62306750399512,6.38810908413714
"2293",43,"UKENNE_NU_TP000028",5.858576618,5.54178337949667,4.64365611040089,6.44092787429196
"2294",44,"UKENNE_NU_TP000028",NA,5.32506933411105,4.44216069561705,6.2078455589744
"2295",45,"UKENNE_NU_TP000028",4.212916741,5.51955213181176,4.60558655099367,6.43381222566207
"2296",1,"UKENNE_NU_TP000030",NA,4.51705036618611,3.61345356355903,5.42041934020431
"2297",2,"UKENNE_NU_TP000030",3.50831687,4.54807548017519,3.6690799857345,5.42770829335618
"2298",3,"UKENNE_NU_TP000030",4.205182086,4.80186855174986,3.91354019907465,5.69049443241762
"2299",4,"UKENNE_NU_TP000030",NA,4.74749363165411,3.86497735670026,5.62982214905179
"2300",5,"UKENNE_NU_TP000030",NA,4.90760169678835,4.00824031190019,5.80779672524085
"2301",6,"UKENNE_NU_TP000030",4.785042564,5.06778552934947,4.18872773167423,5.94693553746723
"2302",7,"UKENNE_NU_TP000030",NA,4.98101289896915,4.07767519520061,5.88544423822273
"2303",8,"UKENNE_NU_TP000030",4.535813744,4.98016520003518,4.09990588905828,5.86001087787756
"2304",9,"UKENNE_NU_TP000030",NA,5.26826756829006,4.36856929695101,6.16891709172522
"2305",10,"UKENNE_NU_TP000030",5.118918801,5.3332826300265,4.45473330009677,6.21146680146507
"2306",11,"UKENNE_NU_TP000030",NA,5.47495839945677,4.5763349488848,6.37527917473302
"2307",12,"UKENNE_NU_TP000030",5.670830932,5.44467330796983,4.56602280692723,6.32376035014545
"2308",13,"UKENNE_NU_TP000030",NA,5.38259867491409,4.48169902795932,6.28500878103425
"2309",14,"UKENNE_NU_TP000030",5.999008611,5.45605164994318,4.57877375397432,6.3340397861535
"2310",15,"UKENNE_NU_TP000030",NA,5.35277398376246,4.45426214761217,6.25276853594633
"2311",16,"UKENNE_NU_TP000030",6.366517224,5.4727124296777,4.59464987329472,6.35086363708889
"2312",17,"UKENNE_NU_TP000030",NA,5.34907288842291,4.45097871014907,6.24825816720689
"2313",18,"UKENNE_NU_TP000030",5.958005148,5.2251165753547,4.34728843694352,6.10317292693613
"2314",19,"UKENNE_NU_TP000030",NA,5.10290798580952,4.20206743311458,6.00396512814878
"2315",20,"UKENNE_NU_TP000030",3.377710814,5.27380845176108,4.39620428364138,6.15197718839512
"2316",21,"UKENNE_NU_TP000030",NA,5.20989614269191,4.31176363781898,6.10872057330455
"2317",22,"UKENNE_NU_TP000030",5.875964944,5.16803213511371,4.29032087651818,6.0465237228265
"2318",23,"UKENNE_NU_TP000030",NA,5.29607577889345,4.40140598447062,6.19189456662364
"2319",24,"UKENNE_NU_TP000030",5.462397535,5.30730438614528,4.42919877217046,6.18539390535566
"2320",25,"UKENNE_NU_TP000030",NA,5.29476764941813,4.3958784692964,6.19398059983888
"2321",26,"UKENNE_NU_TP000030",6.217315413,5.19000265913657,4.31149205376019,6.06822689092162
"2322",27,"UKENNE_NU_TP000030",NA,5.2052994448019,4.30691013080079,6.10425731114532
"2323",28,"UKENNE_NU_TP000030",5.612556123,5.26845951949553,4.38746805431949,6.14867374176472
"2324",29,"UKENNE_NU_TP000030",NA,5.28211619927778,4.38562452719074,6.17945313814513
"2325",30,"UKENNE_NU_TP000030",5.095187745,5.24173872036843,4.36348111033367,6.11963594043202
"2326",31,"UKENNE_NU_TP000030",NA,5.16354051149191,4.24010148954475,6.08811897046207
"2327",32,"UKENNE_NU_TP000030",5.989936651,5.23366526982722,4.35447821171945,6.11423438752723
"2328",33,"UKENNE_NU_TP000030",NA,5.12815079136724,4.23883721477393,6.0182805234224
"2329",34,"UKENNE_NU_TP000030",5.423789046,5.01146831592158,4.13320923874542,5.89047786868066
"2330",35,"UKENNE_NU_TP000030",NA,4.92777868957337,4.02907134536875,5.8261100208425
"2331",36,"UKENNE_NU_TP000030",5.122897853,5.04307508332683,4.16551824865906,5.92069324340354
"2332",37,"UKENNE_NU_TP000030",NA,5.35361768437401,4.45503641956203,6.25245554055753
"2333",38,"UKENNE_NU_TP000030",5.555020671,5.26020510383734,4.37652648290462,6.14085132913421
"2334",39,"UKENNE_NU_TP000030",NA,5.64494428143766,4.74747483050288,6.54293863589256
"2335",40,"UKENNE_NU_TP000030",6.289501711,5.50973780399024,4.62923700990322,6.38993415715284
"2336",41,"UKENNE_NU_TP000030",NA,5.65349402354338,4.75609804512323,6.55173136156889
"2337",42,"UKENNE_NU_TP000030",6.260894743,5.59002897502568,4.71229528103024,6.46728727628573
"2338",43,"UKENNE_NU_TP000030",NA,5.61956031179602,4.72409521763588,6.51533624076155
"2339",44,"UKENNE_NU_TP000030",6.270124047,5.39763943702324,4.51919222014883,6.2753370641388
"2340",45,"UKENNE_NU_TP000030",NA,5.59568076603568,4.68382498691523,6.50749050752969
"2341",1,"UKENNE_NU_TP000031",NA,4.41861714945589,3.52258514255924,5.31497705726813
"2342",2,"UKENNE_NU_TP000031",3.65000043,4.43295163193498,3.56059412414727,5.30581513704225
"2343",3,"UKENNE_NU_TP000031",4.178379186,4.70301641731782,3.82034887068861,5.58652205463361
"2344",4,"UKENNE_NU_TP000031",NA,4.64285771936583,3.77010569109873,5.51594154268679
"2345",5,"UKENNE_NU_TP000031",NA,4.80521267267295,3.91479803882669,5.69715258264815
"2346",6,"UKENNE_NU_TP000031",3.877867468,4.95025148225285,4.07816585246778,5.82294562823752
"2347",7,"UKENNE_NU_TP000031",NA,4.87963252694067,3.98541774177631,5.77548835006634
"2348",8,"UKENNE_NU_TP000031",3.393269098,4.87942163460755,4.00731170080444,5.751832898882
"2349",9,"UKENNE_NU_TP000031",NA,5.16815868215919,4.27705508817856,6.06040154446872
"2350",10,"UKENNE_NU_TP000031",4.76261932,5.25070061177662,4.3796635831317,6.12209654109491
"2351",11,"UKENNE_NU_TP000031",NA,5.37124224375062,4.48083726174064,6.26355761489786
"2352",12,"UKENNE_NU_TP000031",5.203777066,5.33613788177271,4.46460223051871,6.2084672567228
"2353",13,"UKENNE_NU_TP000031",NA,5.280765126547,4.38820233433295,6.17528611982252
"2354",14,"UKENNE_NU_TP000031",5.058078574,5.32865307321044,4.45824452507719,6.19985230104176
"2355",15,"UKENNE_NU_TP000031",NA,5.25098435230779,4.35987825215222,6.14384763905199
"2356",16,"UKENNE_NU_TP000031",4.736936203,5.36627229917671,4.49493387345133,6.23840755314666
"2357",17,"UKENNE_NU_TP000031",NA,5.24418323206323,4.35446911896773,6.13555342039073
"2358",18,"UKENNE_NU_TP000031",4.912173281,5.12415660617529,4.25307678709175,5.99600137023446
"2359",19,"UKENNE_NU_TP000031",NA,5.00238457532937,4.10855338916091,5.89663868881429
"2360",20,"UKENNE_NU_TP000031",4.809241398,5.15979537675829,4.28917079450499,6.03105723819824
"2361",21,"UKENNE_NU_TP000031",NA,5.10673079788793,4.21670915446958,5.99776055511556
"2362",22,"UKENNE_NU_TP000031",4.473358724,5.05033899901182,4.1795360209455,5.92194756072271
"2363",23,"UKENNE_NU_TP000031",NA,5.19563458081687,4.30937272779001,6.08334492869459
"2364",24,"UKENNE_NU_TP000031",4.287164541,5.20862029598674,4.33791225253677,6.07982862575894
"2365",25,"UKENNE_NU_TP000031",NA,5.1929038151124,4.30253116827064,6.08388859559574
"2366",26,"UKENNE_NU_TP000031",4.948552378,5.10160115465314,4.23094246806179,5.97259596596669
"2367",27,"UKENNE_NU_TP000031",NA,5.10294212535269,4.21349552245741,5.99315161604114
"2368",28,"UKENNE_NU_TP000031",5.092442863,5.19259340362482,4.32067627259002,6.06447386604469
"2369",29,"UKENNE_NU_TP000031",NA,5.18060983598762,4.29279942172669,6.06955504395243
"2370",30,"UKENNE_NU_TP000031",4.881957234,5.14117791761165,4.27051873887045,6.0118346883496
"2371",31,"UKENNE_NU_TP000031",NA,5.06303018366341,4.14915791615287,5.97835856639046
"2372",32,"UKENNE_NU_TP000031",5.324692797,5.1227331473937,4.25127135238394,5.9948754521178
"2373",33,"UKENNE_NU_TP000031",NA,5.02987205598191,4.15019112561677,5.91055173915271
"2374",34,"UKENNE_NU_TP000031",5.03591662,4.88781317771627,4.01598073120068,5.76028692288829
"2375",35,"UKENNE_NU_TP000031",NA,4.82687834400457,3.93668920726114,5.71700024836637
"2376",36,"UKENNE_NU_TP000031",4.767265716,4.92676890135122,4.05595498161379,5.79766179809992
"2377",37,"UKENNE_NU_TP000031",NA,5.25554351981267,4.36460844024914,6.14714131765492
"2378",38,"UKENNE_NU_TP000031",2.408315622,5.2237022084895,4.34566762977506,6.10048576732438
"2379",39,"UKENNE_NU_TP000031",NA,5.53866766503039,4.64965896773825,6.42856832656779
"2380",40,"UKENNE_NU_TP000031",5.263928033,5.41167805487609,4.53835366106812,6.28499906401909
"2381",41,"UKENNE_NU_TP000031",NA,5.54484399511046,4.65587000370228,6.43502179145905
"2382",42,"UKENNE_NU_TP000031",5.03854104,5.47791200629224,4.60702301622534,6.3485079637651
"2383",43,"UKENNE_NU_TP000031",NA,5.51667451985626,4.63003399314913,6.40417853164586
"2384",44,"UKENNE_NU_TP000031",5.263848675,5.30140160456337,4.43053050288544,6.17197360961378
"2385",45,"UKENNE_NU_TP000031",NA,5.49372780517696,4.59207147411178,6.39563315578351
"2386",1,"UKENNE_NU_TP000039",NA,4.54562318422036,3.6110178135514,5.48040575547434
"2387",2,"UKENNE_NU_TP000039",NA,4.57781240736127,3.6648981629273,5.49000189640653
"2388",3,"UKENNE_NU_TP000039",NA,4.83567407270152,3.91537822240641,5.7561899523169
"2389",4,"UKENNE_NU_TP000039",NA,4.77977066334515,3.8659204629953,5.69313875680806
"2390",5,"UKENNE_NU_TP000039",NA,4.94037214416705,4.01004200210849,5.87193290610765
"2391",6,"UKENNE_NU_TP000039",NA,5.09674116899434,4.18646116076612,6.00821437694485
"2392",7,"UKENNE_NU_TP000039",NA,5.01400125845923,4.07925450782339,5.95005780790479
"2393",8,"UKENNE_NU_TP000039",NA,5.01763598098646,4.10640828513709,5.92909422755944
"2394",9,"UKENNE_NU_TP000039",NA,5.29214784658459,4.35943761629815,6.22587635947256
"2395",10,"UKENNE_NU_TP000039",NA,5.3689516773405,4.45909918564862,6.2795683845462
"2396",11,"UKENNE_NU_TP000039",NA,5.50919941615616,4.57888604608938,6.4408643561254
"2397",12,"UKENNE_NU_TP000039",NA,5.47680241335399,4.56668156918218,6.38721613682394
"2398",13,"UKENNE_NU_TP000039",NA,5.41756416264502,4.48520182473206,6.35162748459321
"2399",14,"UKENNE_NU_TP000039",NA,5.49004624970579,4.58062890326381,6.40012499154723
"2400",15,"UKENNE_NU_TP000039",NA,5.38259424801789,4.45139399533534,6.31497944123423
"2401",16,"UKENNE_NU_TP000039",NA,5.5083410000428,4.59807331983145,6.41869043485241
"2402",17,"UKENNE_NU_TP000039",NA,5.38338267175453,4.45440860503897,6.31339847737314
"2403",18,"UKENNE_NU_TP000039",NA,5.2577857157516,4.34795259867707,6.16766263982812
"2404",19,"UKENNE_NU_TP000039",NA,5.13616855333565,4.20358570564264,6.06853558492072
"2405",20,"UKENNE_NU_TP000039",NA,5.29888942751392,4.38872260088973,6.20875915750639
"2406",21,"UKENNE_NU_TP000039",NA,5.24363515339012,4.31408239447056,6.1733754878679
"2407",22,"UKENNE_NU_TP000039",NA,5.20501390309707,4.29413298590249,6.11537947270497
"2408",23,"UKENNE_NU_TP000039",NA,5.33063969030076,4.40476558762538,6.25777596453262
"2409",24,"UKENNE_NU_TP000039",NA,5.33589521327205,4.42620123801901,6.24651436991172
"2410",25,"UKENNE_NU_TP000039",NA,5.3273045678813,4.39663139606268,6.2580850835778
"2411",26,"UKENNE_NU_TP000039",NA,5.21038483108658,4.3004684074874,6.12128115464017
"2412",27,"UKENNE_NU_TP000039",5.697291888,5.23792980429279,4.30830213016241,6.16788908183806
"2413",28,"UKENNE_NU_TP000039",NA,5.30351487524186,4.39136756198053,6.2161214275862
"2414",29,"UKENNE_NU_TP000039",5.947811375,5.31148652786428,4.38367658480299,6.24027874287801
"2415",30,"UKENNE_NU_TP000039",NA,5.27792855599087,4.36742087723734,6.1876764162663
"2416",31,"UKENNE_NU_TP000039",NA,5.19406219014821,4.2404619978224,6.14876584405001
"2417",32,"UKENNE_NU_TP000039",6.008263766,5.25887917190517,4.34883676931133,6.16873636105999
"2418",33,"UKENNE_NU_TP000039",4.595877293,5.1529973250284,4.23345037429628,6.07366049723597
"2419",34,"UKENNE_NU_TP000039",NA,5.03554340447367,4.12452561582813,5.94624144018981
"2420",35,"UKENNE_NU_TP000039",5.113797697,4.95847467240766,4.02770403172251,5.88873601162346
"2421",36,"UKENNE_NU_TP000039",NA,5.06175949667015,4.15142176710922,5.97167325041307
"2422",37,"UKENNE_NU_TP000039",5.917503544,5.37594978377535,4.4439296533541,6.30843902336134
"2423",38,"UKENNE_NU_TP000039",NA,5.30495303919344,4.38927175245124,6.21894226779981
"2424",39,"UKENNE_NU_TP000039",6.10161421,5.67832735540647,4.74936254234927,6.60731191563786
"2425",40,"UKENNE_NU_TP000039",NA,5.54152701721745,4.63025914758417,6.45202827430492
"2426",41,"UKENNE_NU_TP000039",5.495386707,5.68974429589937,4.76051372885695,6.61996225066355
"2427",42,"UKENNE_NU_TP000039",NA,5.61530395801889,4.70447748900507,6.52538527978251
"2428",43,"UKENNE_NU_TP000039",5.655415572,5.65454564203128,4.72788880331401,6.58187549524952
"2429",44,"UKENNE_NU_TP000039",NA,5.44121030525261,4.53067021892033,6.35064988581826
"2430",45,"UKENNE_NU_TP000039",NA,5.62553305484543,4.68313398779058,6.56768097374941
"2431",1,"UKENNE_NU_TP000046",NA,4.51188169694697,3.60475429653917,5.4184895078537
"2432",2,"UKENNE_NU_TP000046",5.097258986,4.55178991636893,3.67041537658448,5.4330043750536
"2433",3,"UKENNE_NU_TP000046",NA,4.7985337783302,3.90814752021913,5.68882313152059
"2434",4,"UKENNE_NU_TP000046",5.356729404,4.74529653627321,3.85946985411719,5.63066475250516
"2435",5,"UKENNE_NU_TP000046",NA,4.90504736451678,4.00194088195354,5.8088580008412
"2436",6,"UKENNE_NU_TP000046",3.857857366,5.06995428399239,4.18905802097225,5.95112838093318
"2437",7,"UKENNE_NU_TP000046",NA,4.97917465889465,4.07182628633235,5.88731443795731
"2438",8,"UKENNE_NU_TP000046",5.350609139,4.97761580875052,4.09577293467641,5.85894531807804
"2439",9,"UKENNE_NU_TP000046",NA,5.26170529505876,4.35849923626737,6.16570751593415
"2440",10,"UKENNE_NU_TP000046",3.346877663,5.32573327786677,4.44542187549385,6.20527298516939
"2441",11,"UKENNE_NU_TP000046",NA,5.47423032959451,4.57218021232018,6.37758018015917
"2442",12,"UKENNE_NU_TP000046",5.96467228,5.44461592700147,4.56419822101881,6.3252281174199
"2443",13,"UKENNE_NU_TP000046",NA,5.38236755612579,4.47788970431606,6.28796432997532
"2444",14,"UKENNE_NU_TP000046",5.916166551,5.46530101948998,4.5858504499109,6.34537671285027
"2445",15,"UKENNE_NU_TP000046",NA,5.34936006746931,4.44725752082913,6.2525515702564
"2446",16,"UKENNE_NU_TP000046",6.005491908,5.47328374927605,4.59312129047825,6.35333188329783
"2447",17,"UKENNE_NU_TP000046",NA,5.34793622380914,4.44637402324043,6.25032018950664
"2448",18,"UKENNE_NU_TP000046",5.328153092,5.22220080835061,4.34211875967365,6.10204296003092
"2449",19,"UKENNE_NU_TP000046",NA,5.1003568789704,4.19586483487309,6.00468281401376
"2450",20,"UKENNE_NU_TP000046",4.975107978,5.27373888391677,4.39389085842544,6.15365677026998
"2451",21,"UKENNE_NU_TP000046",NA,5.20977149507717,4.30768630518839,6.1119371151613
"2452",22,"UKENNE_NU_TP000046",5.852577355,5.17534785161653,4.29465939260885,6.05611980107371
"2453",23,"UKENNE_NU_TP000046",NA,5.29569705118355,4.39765338445474,6.19440634830619
"2454",24,"UKENNE_NU_TP000046",5.435251511,5.303642270625,4.4230071610972,6.18396030650697
"2455",25,"UKENNE_NU_TP000046",NA,5.29383649324013,4.39017697709491,6.19728811737002
"2456",26,"UKENNE_NU_TP000046",NA,5.17812410831846,4.29735516989039,6.05834643522963
"2457",27,"UKENNE_NU_TP000046",NA,5.20378969256483,4.30182349961713,6.10596593884594
"2458",28,"UKENNE_NU_TP000046",5.950269133,5.25563714049629,4.37292438456622,6.13729116906151
"2459",29,"UKENNE_NU_TP000046",NA,5.27921337628105,4.37901400998949,6.17999856441597
"2460",30,"UKENNE_NU_TP000046",5.204212839,5.24052221769116,4.35965577417192,6.12051812950958
"2461",31,"UKENNE_NU_TP000046",NA,5.15995950779209,4.23308624173739,6.08781515505436
"2462",32,"UKENNE_NU_TP000046",5.640903476,5.23425539974979,4.35442730679294,6.11477198467178
"2463",33,"UKENNE_NU_TP000046",NA,5.12116083805757,4.22957928483678,6.01344825870845
"2464",34,"UKENNE_NU_TP000046",5.24957683,5.01503346637317,4.13464137378164,5.89583913215982
"2465",35,"UKENNE_NU_TP000046",NA,4.92354076303063,4.0209873098348,5.82550927203904
"2466",36,"UKENNE_NU_TP000046",5.386565162,5.04233581396329,4.16217788833189,5.92216344790047
"2467",37,"UKENNE_NU_TP000046",NA,5.34610857029147,4.44366018356361,6.24855789786151
"2468",38,"UKENNE_NU_TP000046",4.838510814,5.23415267863869,4.34748270020204,6.11691249342921
"2469",39,"UKENNE_NU_TP000046",NA,5.64453377152803,4.74333382999912,6.54586020934858
"2470",40,"UKENNE_NU_TP000046",5.99878627,5.50663208691212,4.62472679486804,6.38757580040469
"2471",41,"UKENNE_NU_TP000046",NA,5.65437795271884,4.75270922240822,6.55661430395009
"2472",42,"UKENNE_NU_TP000046",6.09952239,5.59062131595693,4.70966411036768,6.47060473187189
"2473",43,"UKENNE_NU_TP000046",NA,5.6195864787166,4.71987388082759,6.51937286763632
"2474",44,"UKENNE_NU_TP000046",6.087335372,5.39732548439798,4.51636061198943,6.27695512616089
"2475",45,"UKENNE_NU_TP000046",NA,5.59303494310203,4.67741343954382,6.50819672141294
"2476",1,"UKENNE_NU_TP000048",NA,4.54715160216185,3.63084617236273,5.46369767991006
"2477",2,"UKENNE_NU_TP000048",NA,4.56947216408025,3.67660325717877,5.46265365546033
"2478",3,"UKENNE_NU_TP000048",NA,4.8317680238784,3.92937388677622,5.7348800631532
"2479",4,"UKENNE_NU_TP000048",NA,4.77519167869218,3.8807237432214,5.66971622483564
"2480",5,"UKENNE_NU_TP000048",NA,4.93550835896783,4.02408538921355,5.84853754641399
"2481",6,"UKENNE_NU_TP000048",NA,5.08811730907224,4.19616015600922,5.98138220514134
"2482",7,"UKENNE_NU_TP000048",NA,5.00912278219195,4.09383482067232,5.92614939014984
"2483",8,"UKENNE_NU_TP000048",NA,5.00727659053168,4.11421268288358,5.90107766208884
"2484",9,"UKENNE_NU_TP000048",NA,5.29619954820697,4.38337789817841,6.21039873650643
"2485",10,"UKENNE_NU_TP000048",NA,5.36829364360837,4.4763721644992,6.2611151439098
"2486",11,"UKENNE_NU_TP000048",NA,5.50212997830051,4.59027979297884,6.41608968973427
"2487",12,"UKENNE_NU_TP000048",NA,5.47084255686563,4.57895469567968,6.3635292964907
"2488",13,"UKENNE_NU_TP000048",NA,5.41255363480585,4.49901517169211,6.3279926241847
"2489",14,"UKENNE_NU_TP000048",NA,5.47527269200016,4.58475585845733,6.36694921448362
"2490",15,"UKENNE_NU_TP000048",NA,5.38091347593114,4.46888621966754,6.29469382432755
"2491",16,"UKENNE_NU_TP000048",NA,5.49780798654969,4.6065747291983,6.3900616733755
"2492",17,"UKENNE_NU_TP000048",NA,5.37617178090157,4.46538977263373,6.28859890191351
"2493",18,"UKENNE_NU_TP000048",NA,5.25398876941469,4.36272532928954,6.14591238347376
"2494",19,"UKENNE_NU_TP000048",NA,5.13137287631552,4.21679774091707,6.04622724772924
"2495",20,"UKENNE_NU_TP000048",NA,5.29634826059076,4.40498404416656,6.18841688855649
"2496",21,"UKENNE_NU_TP000048",NA,5.23720222432286,4.32602183661789,6.14927941164024
"2497",22,"UKENNE_NU_TP000048",NA,5.18752763031292,4.29629512734485,6.07941838570138
"2498",23,"UKENNE_NU_TP000048",NA,5.32449195291496,4.41703958067848,6.23353330951801
"2499",24,"UKENNE_NU_TP000048",5.438003391,5.33643485702203,4.44524191594698,6.22859036235041
"2500",25,"UKENNE_NU_TP000048",NA,5.32236066884392,4.41094514766001,6.23434631651662
"2501",26,"UKENNE_NU_TP000048",5.163405064,5.22456487829114,4.33336283671253,6.11642489801242
"2502",27,"UKENNE_NU_TP000048",NA,5.23157200230865,4.32076936949708,6.14326819002116
"2503",28,"UKENNE_NU_TP000048",6.004713298,5.30774459925859,4.41396562090226,6.20193201983158
"2504",29,"UKENNE_NU_TP000048",NA,5.30954810327252,4.40054645556516,6.21979617037049
"2505",30,"UKENNE_NU_TP000048",5.568908067,5.27008392830115,4.37908843162487,6.16112880120704
"2506",31,"UKENNE_NU_TP000048",NA,5.1928150956922,4.25825981001338,6.12894360768344
"2507",32,"UKENNE_NU_TP000048",NA,5.26063922389258,4.36867078664861,6.15314371032156
"2508",33,"UKENNE_NU_TP000048",5.21225001,5.15934693959743,4.25797515210111,6.06198156215804
"2509",34,"UKENNE_NU_TP000048",4.972508375,5.03185652914521,4.13952145507489,5.92443242049436
"2510",35,"UKENNE_NU_TP000048",NA,4.95610949871326,4.04500405269189,5.86721513643347
"2511",36,"UKENNE_NU_TP000048",6.055738384,5.06666571286576,4.17547618449495,5.9578722532525
"2512",37,"UKENNE_NU_TP000048",NA,5.38359205488454,4.47172239288546,6.2963444701733
"2513",38,"UKENNE_NU_TP000048",5.336016999,5.31567086158355,4.4179005590264,6.21193423414107
"2514",39,"UKENNE_NU_TP000048",NA,5.67106756653437,4.76109985762845,6.58193188689228
"2515",40,"UKENNE_NU_TP000048",5.789724613,5.54059791880046,4.64703088282736,6.43394331560893
"2516",41,"UKENNE_NU_TP000048",NA,5.67948478031523,4.76962036288085,6.59071746655928
"2517",42,"UKENNE_NU_TP000048",6.48980743,5.61521975786508,4.72406690617152,6.50606182310899
"2518",43,"UKENNE_NU_TP000048",NA,5.64645033057632,4.7389604919287,6.55501394892379
"2519",44,"UKENNE_NU_TP000048",6.254942817,5.42556449583228,4.53426067896926,6.31675098287357
"2520",45,"UKENNE_NU_TP000048",NA,5.62441850259374,4.70153062164803,6.5476369038713
"2566",1,"UKENNE_NU_TP000055",NA,4.39081361572787,3.47120166166916,5.31038384868148
"2567",2,"UKENNE_NU_TP000055",4.509759811,4.41003862127214,3.51396956153284,5.30616999800252
"2568",3,"UKENNE_NU_TP000055",4.202738614,4.67503517573549,3.76917002415269,5.58138472658214
"2569",4,"UKENNE_NU_TP000055",NA,4.6170842011985,3.71964948866162,5.51437255570812
"2570",5,"UKENNE_NU_TP000055",NA,4.77816591424842,3.86342969518342,5.69423595641294
"2571",6,"UKENNE_NU_TP000055",5.31301811,4.9281552710301,4.03290908022948,5.82420424540539
"2572",7,"UKENNE_NU_TP000055",NA,4.85181478425339,3.93295250277377,5.77213768987937
"2573",8,"UKENNE_NU_TP000055",5.186134367,4.85109467014173,3.95504428323949,5.7475543348079
"2574",9,"UKENNE_NU_TP000055",NA,5.13931039596515,4.22359010498454,6.05615189545167
"2575",10,"UKENNE_NU_TP000055",5.7271343,5.21483182141627,4.32001462806342,6.11023215629008
"2576",11,"UKENNE_NU_TP000055",NA,5.34469587099466,4.43011211607203,6.26115857332139
"2577",12,"UKENNE_NU_TP000055",5.750652061,5.31274035069067,4.41748811046293,6.20846363146761
"2578",13,"UKENNE_NU_TP000055",NA,5.25577011823837,4.33926453731585,6.17390778074574
"2579",14,"UKENNE_NU_TP000055",6.065852159,5.31355344917927,4.41944749845074,6.20834706921359
"2580",15,"UKENNE_NU_TP000055",NA,5.22362190776928,4.30855582027916,6.14018630560449
"2581",16,"UKENNE_NU_TP000055",5.930739115,5.34006915197119,4.44546252059804,6.23530924098106
"2582",17,"UKENNE_NU_TP000055",NA,5.21858870053684,4.30494293012089,6.13360872924907
"2583",18,"UKENNE_NU_TP000055",6.266238968,5.09694432643089,4.20243297179041,5.99184673678817
"2584",19,"UKENNE_NU_TP000055",NA,4.97463484515152,4.05692916365178,5.89241977771236
"2585",20,"UKENNE_NU_TP000055",5.74675284,5.13683577945668,4.24225679491635,6.03183000650413
"2586",21,"UKENNE_NU_TP000055",NA,5.08002523997672,4.16569018099221,5.99504188338353
"2587",22,"UKENNE_NU_TP000055",5.837912694,5.02776920733063,4.13303658338464,5.92286817113298
"2588",23,"UKENNE_NU_TP000055",NA,5.16776362420999,4.25740042283485,6.07940307310099
"2589",24,"UKENNE_NU_TP000055",5.569325027,5.18019963503676,4.28567261195382,6.07530430417602
"2590",25,"UKENNE_NU_TP000055",NA,5.16494731027586,4.24945434105664,6.08080723238396
"2591",26,"UKENNE_NU_TP000055",5.983664375,5.0695476528241,4.17490144012267,5.96451459698364
"2592",27,"UKENNE_NU_TP000055",NA,5.07440478930093,4.15993747774959,5.98952628856717
"2593",28,"UKENNE_NU_TP000055",5.577346924,5.1557430939986,4.25920062434645,6.05244414277344
"2594",29,"UKENNE_NU_TP000055",NA,5.15218553153612,4.23962640509894,6.06575001761346
"2595",30,"UKENNE_NU_TP000055",5.565207643,5.11338427993644,4.21852240513093,6.00801823147504
"2596",31,"UKENNE_NU_TP000055",NA,5.03582751638384,4.09767047497277,5.97531312970686
"2597",32,"UKENNE_NU_TP000055",6.203374198,5.10067048683796,4.20547061279522,5.99611834941424
"2598",33,"UKENNE_NU_TP000055",NA,5.00225831214998,4.09828217270232,5.90717027624055
"2599",34,"UKENNE_NU_TP000055",5.497542092,4.86969207386981,3.97398390597955,5.76541924199678
"2600",35,"UKENNE_NU_TP000055",NA,4.79899751649707,3.88383325524628,5.71390918637458
"2601",36,"UKENNE_NU_TP000055",5.118808417,4.90559512793959,4.01079531361967,5.80012867120256
"2602",37,"UKENNE_NU_TP000055",NA,5.22714730480311,4.31197627676402,6.14290973637072
"2603",38,"UKENNE_NU_TP000055",5.363742637,5.17200942784039,4.2701466498349,6.07229758519495
"2604",39,"UKENNE_NU_TP000055",NA,5.51292807164114,4.59926118466182,6.42726660634067
"2605",40,"UKENNE_NU_TP000055",5.921762199,5.38371230523978,4.48714970771328,6.27981812801745
"2606",41,"UKENNE_NU_TP000055",NA,5.52179056602933,4.60821283677204,6.43648393055218
"2607",42,"UKENNE_NU_TP000055",6.304193684,5.45519836249947,4.56033370201179,6.34948943194276
"2608",43,"UKENNE_NU_TP000055",NA,5.48924997359054,4.5781714534888,6.40110233430317
"2609",44,"UKENNE_NU_TP000055",5.901108414,5.27058744829729,4.37560800693509,6.16516506261317
"2610",45,"UKENNE_NU_TP000055",NA,5.46724270701776,4.54090797996574,6.39366496155347
"5131",1,"UKENSW_SWS_TP000024",NA,4.70745504800654,3.69896333067546,5.71620670943815
"5132",2,"UKENSW_SWS_TP000024",4.798677486,4.67148816423262,3.70355377863812,5.63823347223725
"5133",3,"UKENSW_SWS_TP000024",NA,4.98203516721955,3.98696384754517,5.97707995640758
"5134",4,"UKENSW_SWS_TP000024",5.325857016,4.79398769668185,3.82369935881336,5.76203329184189
"5135",5,"UKENSW_SWS_TP000024",NA,5.16175097293211,4.17299653146777,6.15104781332027
"5136",6,"UKENSW_SWS_TP000024",5.520982373,5.27179062742746,4.2973923110354,6.24613569848331
"5137",7,"UKENSW_SWS_TP000024",NA,5.22319287319345,4.21927637389641,6.22799694228577
"5138",8,"UKENSW_SWS_TP000024",5.873492594,5.18093129393013,4.21320902220378,6.14779488948399
"5139",9,"UKENSW_SWS_TP000024",NA,5.45137268967718,4.44939405729466,6.45285101490667
"5140",10,"UKENSW_SWS_TP000024",6.29932299,5.67443043921204,4.70708633464143,6.64088336225385
"5141",11,"UKENSW_SWS_TP000024",NA,5.74201815520092,4.74180845279934,6.74334728141701
"5142",12,"UKENSW_SWS_TP000024",5.961592768,5.77294521504966,4.80599417733238,6.73992360954819
"5143",13,"UKENSW_SWS_TP000024",NA,5.56453654192584,4.55750075192571,6.57173541274775
"5144",14,"UKENSW_SWS_TP000024",6.16433052,5.57932349982766,4.61012419355764,6.54846926936784
"5145",15,"UKENSW_SWS_TP000024",NA,5.62167624094698,4.6213996551643,6.62335375101066
"5146",16,"UKENSW_SWS_TP000024",6.208792308,5.78091103659239,4.81350049240388,6.74726434065676
"5147",17,"UKENSW_SWS_TP000024",NA,5.669805643477,4.6659183098337,6.674377486674
"5148",18,"UKENSW_SWS_TP000024",5.760491683,5.63308226618801,4.66635660258348,6.5994390694524
"5149",19,"UKENSW_SWS_TP000024",NA,5.41586910544698,4.4130698818422,6.41853149768761
"5150",20,"UKENSW_SWS_TP000024",5.683702087,5.53864137073182,4.57119908206052,6.50555368832298
"5151",21,"UKENSW_SWS_TP000024",NA,5.43340854340727,4.43436457076186,6.43225141584717
"5152",22,"UKENSW_SWS_TP000024",5.786690976,5.49252718700349,4.52530385107032,6.45979764546857
"5153",23,"UKENSW_SWS_TP000024",NA,5.59795193606932,4.60284180474388,6.59425242282701
"5154",24,"UKENSW_SWS_TP000024",5.958929025,5.73376886645875,4.76432695562326,6.70279758171614
"5155",25,"UKENSW_SWS_TP000024",NA,5.55905911438077,4.563395321697,6.55537896997701
"5156",26,"UKENSW_SWS_TP000024",NA,5.61595117406227,4.64839477812844,6.5838030926481
"5157",27,"UKENSW_SWS_TP000024",NA,5.41836106419432,4.41753960280928,6.41899103494009
"5158",28,"UKENSW_SWS_TP000024",6.051514903,5.76537864823978,4.79867993475118,6.7331245408176
"5159",29,"UKENSW_SWS_TP000024",NA,5.57401832793516,4.5788904794216,6.56978951997454
"5160",30,"UKENSW_SWS_TP000024",5.539810764,5.67424302437551,4.70642541486053,6.64227163597082
"5161",31,"UKENSW_SWS_TP000024",NA,5.41845771915817,4.41236135599829,6.424627836377
"5162",32,"UKENSW_SWS_TP000024",NA,5.28789825620828,4.31062193875853,6.26392548737268
"5163",33,"UKENSW_SWS_TP000024",6.376826442,5.42156607005401,4.43359658370749,6.41037725583261
"5164",34,"UKENSW_SWS_TP000024",NA,5.30629691032632,4.33944119382613,6.27301552696616
"5165",35,"UKENSW_SWS_TP000024",NA,5.16100071808922,4.1627475951138,6.15917823340437
"5166",36,"UKENSW_SWS_TP000024",5.328323768,5.25146618955349,4.28466468637412,6.21769660381904
"5167",37,"UKENSW_SWS_TP000024",NA,5.63083752544021,4.63402427276352,6.6282660788262
"5168",38,"UKENSW_SWS_TP000024",5.991446217,5.71929783679071,4.75263989951805,6.68676947243629
"5169",39,"UKENSW_SWS_TP000024",NA,5.90890068390094,4.91228792392333,6.90667700954987
"5170",40,"UKENSW_SWS_TP000024",6.053504586,5.77903538277989,4.81200193311389,6.74738983155024
"5171",41,"UKENSW_SWS_TP000024",NA,5.84112075527758,4.84503837269064,6.83825198222611
"5172",42,"UKENSW_SWS_TP000024",5.449181763,5.81544664222088,4.84697321456861,6.78488105140154
"5173",43,"UKENSW_SWS_TP000024",NA,5.87620574949522,4.88170985980998,6.87188858442
"5174",44,"UKENSW_SWS_TP000024",6.195264965,5.69658617920737,4.72987557199244,6.663037290981
"5175",45,"UKENSW_SWS_TP000024",NA,5.76503199538989,4.7542223370679,6.77582592659949
"5401",1,"UKENSW_SWS_TP000064",5.391310839,4.63566536186862,3.68153584464345,5.58958401499345
"5402",2,"UKENSW_SWS_TP000064",NA,4.63509988578941,3.7200437506936,5.54898649599206
"5403",3,"UKENSW_SWS_TP000064",6.037061282,4.90808244673445,3.96739886178421,5.84826372626351
"5404",4,"UKENSW_SWS_TP000064",NA,4.7834209898575,3.86482700767328,5.69993939556251
"5405",5,"UKENSW_SWS_TP000064",5.188897003,5.09443376005922,4.15465691377607,6.03437184792531
"5406",6,"UKENSW_SWS_TP000064",NA,5.19856082287543,4.27888812296085,6.117586688524
"5407",7,"UKENSW_SWS_TP000064",5.794483997,5.15567069638592,4.20417218302648,6.10764489300193
"5408",8,"UKENSW_SWS_TP000064",NA,5.13925000334223,4.22342705075152,6.05413102854062
"5409",9,"UKENSW_SWS_TP000064",6.21643723,5.3778175626846,4.42833932399956,6.32632473908812
"5410",10,"UKENSW_SWS_TP000064",NA,5.60798921143155,4.69235052756103,6.52207160803851
"5411",11,"UKENSW_SWS_TP000064",6.827285018,5.67074099234796,4.72350880628438,6.61863154133152
"5412",12,"UKENSW_SWS_TP000064",NA,5.68642742344552,4.77102030709851,6.60105797560954
"5413",13,"UKENSW_SWS_TP000064",6.294237383,5.47826728041625,4.52179009124417,6.43441662422168
"5414",14,"UKENSW_SWS_TP000064",NA,5.54447687017773,4.62668091729254,6.46228399206897
"5415",15,"UKENSW_SWS_TP000064",6.120048384,5.55550537671665,4.60860371337711,6.5033745941411
"5416",16,"UKENSW_SWS_TP000064",NA,5.7109613766583,4.79522466453433,6.62498484517781
"5417",17,"UKENSW_SWS_TP000064",5.916678614,5.59898896241391,4.64860507085115,6.54963625294039
"5418",18,"UKENSW_SWS_TP000064",NA,5.5489556043264,4.63383853424092,6.4632212752339
"5419",19,"UKENSW_SWS_TP000064",5.307135046,5.35074072409531,4.40110986696748,6.29989625607291
"5420",20,"UKENSW_SWS_TP000064",NA,5.46001667359892,4.54495588409482,6.37389097148538
"5421",21,"UKENSW_SWS_TP000064",6.71896698,5.36011084438781,4.41378733105405,6.30582354356061
"5422",22,"UKENSW_SWS_TP000064",NA,5.41196204677466,4.49651241021561,6.32678746013555
"5423",23,"UKENSW_SWS_TP000064",5.326259469,5.517563459022,4.57670173543391,6.45913255949417
"5424",24,"UKENSW_SWS_TP000064",NA,5.64677272457739,4.7285340980915,6.56373312374085
"5425",25,"UKENSW_SWS_TP000064",NA,5.49231781646066,4.54981070692042,6.43504116094279
"5426",26,"UKENSW_SWS_TP000064",NA,5.52192979929929,4.6069616987126,6.43654046890204
"5427",27,"UKENSW_SWS_TP000064",5.895964163,5.35473023511835,4.40730619728845,6.30165642146737
"5428",28,"UKENSW_SWS_TP000064",NA,5.65251959258202,4.73833543528246,6.56677108084602
"5429",29,"UKENSW_SWS_TP000064",6.158805681,5.50165380772811,4.55994287528996,6.44366562560699
"5430",30,"UKENSW_SWS_TP000064",NA,5.56002892478563,4.64443966356615,6.47484766466418
"5431",31,"UKENSW_SWS_TP000064",NA,5.33786510947169,4.37958455105132,6.29579494969364
"5432",32,"UKENSW_SWS_TP000064",NA,5.25802764272989,4.33811604659536,6.17689318590512
"5433",33,"UKENSW_SWS_TP000064",5.483096562,5.34756653297845,4.41506593025279,6.28030252950329
"5434",34,"UKENSW_SWS_TP000064",NA,5.20485077882243,4.29026753596583,6.11827758949215
"5435",35,"UKENSW_SWS_TP000064",5.090215149,5.09695949775527,4.15118535178187,6.04207212673685
"5436",36,"UKENSW_SWS_TP000064",NA,5.17763827280057,4.26315617628836,6.09110059936061
"5437",37,"UKENSW_SWS_TP000064",5.490514734,5.5645511772819,4.62083617770123,6.50837532988691
"5438",38,"UKENSW_SWS_TP000064",NA,5.61246113093208,4.69868376884872,6.52618216386287
"5439",39,"UKENSW_SWS_TP000064",5.139161269,5.84277998399481,4.89928545414095,6.7868610944153
"5440",40,"UKENSW_SWS_TP000064",NA,5.70746029999423,4.7941793823211,6.62145887280307
"5441",41,"UKENSW_SWS_TP000064",6.60206409,5.77772940323096,4.83481165541122,6.72122563713764
"5442",42,"UKENSW_SWS_TP000064",NA,5.74523333487807,4.82981039058188,6.66110956795716
"5443",43,"UKENSW_SWS_TP000064",NA,5.82144136777059,4.88058528893058,6.76281424378085
"5444",44,"UKENSW_SWS_TP000064",5.547092113,5.63654359017859,4.72277954480773,6.54963285583181
"5445",45,"UKENSW_SWS_TP000064",NA,5.70545549134739,4.74928888777264,6.66101166111042
"5626",1,"UKENSW_WXW_TP000086",NA,4.48392728010574,3.53662669977969,5.43119057209509
"5627",2,"UKENSW_WXW_TP000086",4.369170902,4.47738214628443,3.56903678015404,5.38680990642133
"5628",3,"UKENSW_WXW_TP000086",NA,4.72641369437804,3.7948719952004,5.65854056070772
"5629",4,"UKENSW_WXW_TP000086",3.535705079,4.72772524912304,3.81993416973188,5.63771434446982
"5630",5,"UKENSW_WXW_TP000086",NA,4.93909958724248,4.00444914394505,5.8761933157031
"5631",6,"UKENSW_WXW_TP000086",5.150657507,5.03836691759114,4.1302025070689,5.94805495606653
"5632",7,"UKENSW_WXW_TP000086",NA,4.99592706663717,4.05444026577021,5.93935826819587
"5633",8,"UKENSW_WXW_TP000086",5.092156521,4.98794300462205,4.08090469000231,5.89735391908695
"5634",9,"UKENSW_WXW_TP000086",NA,5.21286211947303,4.27239678243503,6.15337455210772
"5635",10,"UKENSW_WXW_TP000086",5.145130185,5.47615394480506,4.56700237031806,6.38408313847847
"5636",11,"UKENSW_WXW_TP000086",NA,5.51653548359877,4.57763740587058,6.45765722632509
"5637",12,"UKENSW_WXW_TP000086",5.454277103,5.4906164763072,4.58199769897451,6.39842947854129
"5638",13,"UKENSW_WXW_TP000086",NA,5.28964702313053,4.33650189371981,6.24273345025841
"5639",14,"UKENSW_WXW_TP000086",4.651739623,5.41535186488936,4.50649228964157,6.32913490986868
"5640",15,"UKENSW_WXW_TP000086",NA,5.39970498795077,4.46046464573159,6.34147859256908
"5641",16,"UKENSW_WXW_TP000086",5.493783,5.5736056659924,4.66524399628272,6.48131117652967
"5642",17,"UKENSW_WXW_TP000086",NA,5.43889950783207,4.50076112102416,6.37931147718723
"5643",18,"UKENSW_WXW_TP000086",5.521939087,5.35411632769581,4.44681356861314,6.26157494649504
"5644",19,"UKENSW_WXW_TP000086",NA,5.19896835417168,4.25806862316622,6.13961640406696
"5645",20,"UKENSW_WXW_TP000086",5.362778051,5.28788311684161,4.3793968664021,6.1950152447534
"5646",21,"UKENSW_WXW_TP000086",NA,5.19398195167452,4.25541122904707,6.13201317474716
"5647",22,"UKENSW_WXW_TP000086",5.224282138,5.24332903730354,4.33439374943196,6.15154607719185
"5648",23,"UKENSW_WXW_TP000086",NA,5.35269055169602,4.4185105852873,6.28739026275805
"5649",24,"UKENSW_WXW_TP000086",5.426166125,5.47290300636681,4.55952771564494,6.38328452817552
"5650",25,"UKENSW_WXW_TP000086",NA,5.32182021502565,4.38713889396662,6.25732942724527
"5651",26,"UKENSW_WXW_TP000086",5.802202832,5.30807415479239,4.40018421842761,6.21531731132452
"5652",27,"UKENSW_WXW_TP000086",NA,5.19479023425935,4.25349591428004,6.13538003336402
"5653",28,"UKENSW_WXW_TP000086",6.119987105,5.3940584113057,4.48649603362001,6.30055901086822
"5654",29,"UKENSW_WXW_TP000086",NA,5.35247465233219,4.41863722291211,6.28653300866261
"5655",30,"UKENSW_WXW_TP000086",5.641325929,5.34869751929457,4.44057679987513,6.25534584207277
"5656",31,"UKENSW_WXW_TP000086",NA,5.17083774056914,4.21277595048158,6.12842763247149
"5657",32,"UKENSW_WXW_TP000086",5.223383667,5.20844125570889,4.29936550018501,6.11794746446115
"5658",33,"UKENSW_WXW_TP000086",NA,5.18681192648439,4.26280674712528,6.11189568840566
"5659",34,"UKENSW_WXW_TP000086",5.612551821,5.04823803838171,4.14044621951231,5.95470121658178
"5660",35,"UKENSW_WXW_TP000086",NA,4.95041089567445,4.0137390505594,5.88814784667908
"5661",36,"UKENSW_WXW_TP000086",4.608219874,5.01780563064741,4.11073968238637,5.9263856816359
"5662",37,"UKENSW_WXW_TP000086",NA,5.41228443380057,4.47628336849579,6.34920245631198
"5663",38,"UKENSW_WXW_TP000086",5.386649776,5.39702512879877,4.48990507566537,6.30439581210573
"5664",39,"UKENSW_WXW_TP000086",NA,5.69631988388072,4.76161831533189,6.63314208124822
"5665",40,"UKENSW_WXW_TP000086",5.440647813,5.56150624064144,4.65414738522133,6.4705799854143
"5666",41,"UKENSW_WXW_TP000086",NA,5.62440812005743,4.68971659414577,6.5607770244813
"5667",42,"UKENSW_WXW_TP000086",5.13651932,5.59214516413128,4.68465321297818,6.5029177785168
"5668",43,"UKENSW_WXW_TP000086",NA,5.67159060919892,4.74082869572697,6.60470716105657
"5669",44,"UKENSW_WXW_TP000086",6.110926983,5.47979614114791,4.57247484832357,6.38783581349247
"5670",45,"UKENSW_WXW_TP000086",NA,5.54904230051954,4.60293538581173,6.49683649492821
"3601",1,"UKENNW_UU_TP000027",NA,4.40571123220391,3.47820357959192,5.33354335957456
"3602",2,"UKENNW_UU_TP000027",3.247209071,4.48518946264359,3.58600889306146,5.38478285845333
"3603",3,"UKENNW_UU_TP000027",NA,4.66752728455715,3.75975542020821,5.57627819910422
"3604",4,"UKENNW_UU_TP000027",5.083587637,4.73660494253336,3.83528798513747,5.63829033582205
"3605",5,"UKENNW_UU_TP000027",NA,4.87463680904383,3.95854743887073,5.79204481928149
"3606",6,"UKENNW_UU_TP000027",3.936318398,4.95731205263223,4.05826838611429,5.85806816061675
"3607",7,"UKENNW_UU_TP000027",NA,4.89771411194736,3.97614891937367,5.82102894831701
"3608",8,"UKENNW_UU_TP000027",4.175769931,4.92941786940271,4.03091426594779,5.82946992873528
"3609",9,"UKENNW_UU_TP000027",NA,5.11545877082963,4.19570280922723,6.03722353546143
"3610",10,"UKENNW_UU_TP000027",5.531914677,5.27763793366037,4.37830707055651,6.17974849102791
"3611",11,"UKENNW_UU_TP000027",NA,5.38019346863299,4.46271517914152,6.29998046111386
"3612",12,"UKENNW_UU_TP000027",5.076427895,5.41553462531371,4.51690820830069,6.31469464511222
"3613",13,"UKENNW_UU_TP000027",NA,5.34860694531086,4.43165017666398,6.26732351270936
"3614",14,"UKENNW_UU_TP000027",5.35475796,5.39289889862961,4.49548010195319,6.29144472483423
"3615",15,"UKENNW_UU_TP000027",NA,5.30222828820032,4.38492933709989,6.22118872310124
"3616",16,"UKENNW_UU_TP000027",5.401560687,5.42831728141872,4.53007945560534,6.32795268564057
"3617",17,"UKENNW_UU_TP000027",NA,5.3727029689038,4.45537584628683,6.29182535044642
"3618",18,"UKENNW_UU_TP000027",4.951771304,5.26684178099803,4.36749459820772,6.1665266225563
"3619",19,"UKENNW_UU_TP000027",NA,5.14293473639367,4.22372848008338,6.06326461565647
"3620",20,"UKENNW_UU_TP000027",5.320384208,5.137843301416,4.23876847705608,6.03738419018859
"3621",21,"UKENNW_UU_TP000027",NA,5.12559099812541,4.20811297754393,6.04392612032478
"3622",22,"UKENNW_UU_TP000027",4.920578153,5.1170816395843,4.21959178510709,6.01515571997276
"3623",23,"UKENNW_UU_TP000027",NA,5.24003403507445,4.32606512028813,6.15648943410687
"3624",24,"UKENNW_UU_TP000027",5.303169222,5.26486869345022,4.36735549439917,6.16420889844475
"3625",25,"UKENNW_UU_TP000027",NA,5.25022513346529,4.33339976300826,6.16751214405599
"3626",26,"UKENNW_UU_TP000027",4.785960134,5.26598019261824,4.36674712830638,6.16499026529042
"3627",27,"UKENNW_UU_TP000027",NA,5.15062787385148,4.23350202538274,6.06912251931601
"3628",28,"UKENNW_UU_TP000027",5.188913875,5.37515173385995,4.47595237769721,6.27446103148431
"3629",29,"UKENNW_UU_TP000027",NA,5.26101023546777,4.34767904432896,6.17540638363528
"3630",30,"UKENNW_UU_TP000027",4.708291709,5.24968520603685,4.35218998094923,6.14713844462421
"3631",31,"UKENNW_UU_TP000027",NA,5.17915560744947,4.23996924799524,6.11967515121557
"3632",32,"UKENNW_UU_TP000027",5.270130447,5.23756950813238,4.33749009466132,6.13676861900301
"3633",33,"UKENNW_UU_TP000027",NA,5.11461178647387,4.21034288268831,6.01981694477451
"3634",34,"UKENNW_UU_TP000027",5.407865795,4.93447540803768,4.03403110468982,5.83388262402283
"3635",35,"UKENNW_UU_TP000027",NA,4.89718515697482,3.97823651200999,5.81526200671503
"3636",36,"UKENNW_UU_TP000027",5.569329766,5.00151873666139,4.10270433947336,5.89910787596375
"3637",37,"UKENNW_UU_TP000027",NA,5.28133581077843,4.36073275881416,6.20238318144971
"3638",38,"UKENNW_UU_TP000027",5.702077995,5.21162770749104,4.31123870261158,6.1140403125516
"3639",39,"UKENNW_UU_TP000027",NA,5.61157707612501,4.69510998198227,6.5298222296316
"3640",40,"UKENNW_UU_TP000027",5.677893065,5.55728634259272,4.65806352891577,6.45511311772212
"3641",41,"UKENNW_UU_TP000027",NA,5.35720387988334,4.38974111408553,6.32350481732086
"3642",42,"UKENNW_UU_TP000027",5.831553625,5.60057060432583,4.70056064772451,6.49907348049929
"3643",43,"UKENNW_UU_TP000027",NA,5.6325883492774,4.71995579642866,6.54695246155882
"3644",44,"UKENNW_UU_TP000027",4.665606362,5.42530038326645,4.52686935460216,6.32312894265283
"3645",45,"UKENNW_UU_TP000027",NA,5.46686319822303,4.53911296584479,6.39457505348176
"4366",1,"UKENSO_SW_TP000001",NA,4.16891959404219,3.25952311445948,5.07925355517401
"4367",2,"UKENSO_SW_TP000001",NA,4.25376293344012,3.37681802458376,5.13236435196699
"4368",3,"UKENSO_SW_TP000001",4.977552098,4.4424874086031,3.5506367070436,5.3361888620923
"4369",4,"UKENSO_SW_TP000001",NA,4.51418417895697,3.63733204970849,5.39245431535952
"4370",5,"UKENSO_SW_TP000001",NA,4.64550205934943,3.74478689784992,5.54872188194172
"4371",6,"UKENSO_SW_TP000001",4.932833197,4.72796974861622,3.85120386351359,5.60579460435789
"4372",7,"UKENSO_SW_TP000001",4.784552631,4.68611475855952,3.78044303367153,5.59391612538907
"4373",8,"UKENSO_SW_TP000001",NA,4.69507584009522,3.8195444613071,5.57207632158254
"4374",9,"UKENSO_SW_TP000001",5.499620355,4.95622560952001,4.05171581388625,5.86208519056368
"4375",10,"UKENSO_SW_TP000001",NA,5.1838416795263,4.30615780812146,6.06183003332733
"4376",11,"UKENSO_SW_TP000001",5.724023869,5.22429737244175,4.32249220100479,6.12873965779646
"4377",12,"UKENSO_SW_TP000001",NA,5.15002493102637,4.274802116082,6.02700620337749
"4378",13,"UKENSO_SW_TP000001",NA,5.0854499816477,4.18334653362809,5.98972255054765
"4379",14,"UKENSO_SW_TP000001",3.669032815,5.21078032412643,4.33611500453585,6.0872538450216
"4380",15,"UKENSO_SW_TP000001",5.538698277,5.11690079121578,4.21243997524008,6.02428904770123
"4381",16,"UKENSO_SW_TP000001",NA,5.2743798804155,4.39841619386813,6.15165643538029
"4382",17,"UKENSO_SW_TP000001",5.620239768,5.14266040796226,4.24112041373797,6.04691877240007
"4383",18,"UKENSO_SW_TP000001",NA,5.04340024113949,4.16817578730522,5.92157573408684
"4384",19,"UKENSO_SW_TP000001",4.325388896,4.91931104557057,4.01385567844517,5.82606912002008
"4385",20,"UKENSO_SW_TP000001",NA,4.9896004019231,4.11288732460614,5.86733389772738
"4386",21,"UKENSO_SW_TP000001",5.017613097,4.90596164947398,4.00438220714314,5.80897462096919
"4387",22,"UKENSO_SW_TP000001",NA,4.89076066521668,4.01485636735535,5.76816728452654
"4388",23,"UKENSO_SW_TP000001",5.93431163,5.03594896697891,4.14013025282541,5.93347192415995
"4389",24,"UKENSO_SW_TP000001",NA,5.13175766266132,4.25391852034007,6.00956642527193
"4390",25,"UKENSO_SW_TP000001",5.150799427,5.0656622498917,4.16891545744016,5.9640746842106
"4391",26,"UKENSO_SW_TP000001",NA,4.98190243566413,4.10627394389596,5.85842701079166
"4392",27,"UKENSO_SW_TP000001",5.076046702,4.94964438876991,4.045754288884,5.85464080671131
"4393",28,"UKENSO_SW_TP000001",NA,5.12271203749316,4.24833894106757,5.99770701023343
"4394",29,"UKENSO_SW_TP000001",4.27154913,5.06113005690617,4.16233267261847,5.96135845710948
"4395",30,"UKENSO_SW_TP000001",NA,4.98231198808879,4.10784335197146,5.85720431369952
"4396",31,"UKENSO_SW_TP000001",NA,4.67563909127577,3.692338464818,5.65634518536469
"4397",32,"UKENSO_SW_TP000001",4.820299966,4.89035312717625,4.010436300901,5.77192287322368
"4398",33,"UKENSO_SW_TP000001",4.775780192,4.9088204067135,4.02792985781019,5.79130182072489
"4399",34,"UKENSO_SW_TP000001",NA,4.74335911549924,3.8685314637428,5.61878638360289
"4400",35,"UKENSO_SW_TP000001",5.479287146,4.69179137642116,3.79058858782941,5.59373663527108
"4401",36,"UKENSO_SW_TP000001",NA,4.83565378459073,3.96088298846284,5.71138947635727
"4402",37,"UKENSO_SW_TP000001",6.08710977,5.07075872088177,4.16816703792424,5.974491373577
"4403",38,"UKENSO_SW_TP000001",NA,4.99231486539475,4.11504965521308,5.86966543245286
"4404",39,"UKENSO_SW_TP000001",5.848149791,5.40799299268307,4.50910313565836,6.30846028312616
"4405",40,"UKENSO_SW_TP000001",NA,5.1977940667633,4.32109273853599,6.07537602435929
"4406",41,"UKENSO_SW_TP000001",6.047058965,5.34035645500366,4.44058978681246,6.2419812611832
"4407",42,"UKENSO_SW_TP000001",NA,5.37218564100851,4.49754462973826,6.24780660762784
"4408",43,"UKENSO_SW_TP000001",4.844459322,5.4518689332612,4.55968738825862,6.34541095002399
"4409",44,"UKENSO_SW_TP000001",NA,5.27064330165503,4.39433738700548,6.14790738635558
"4410",45,"UKENSO_SW_TP000001",NA,5.34687274890322,4.4413923419278,6.25252668225792
"4501",1,"UKENSO_SW_TP000011",NA,4.48738780027587,3.57530964531028,5.39841456935935
"4502",2,"UKENSO_SW_TP000011",3.53165267,4.56804766424461,3.68652965480501,5.44919153175351
"4503",3,"UKENSO_SW_TP000011",5.356683556,4.76078954960997,3.86356657342136,5.65754556102202
"4504",4,"UKENSO_SW_TP000011",NA,4.8333564887546,3.95109307550624,5.71438115994167
"4505",5,"UKENSO_SW_TP000011",NA,4.96546326176594,4.0587406442203,5.87234692220317
"4506",6,"UKENSO_SW_TP000011",5.442871894,5.04478324864109,4.16200440289214,5.92629750721065
"4507",7,"UKENSO_SW_TP000011",NA,5.00268154509714,4.09009798104181,5.915199691235
"4508",8,"UKENSO_SW_TP000011",4.914712448,5.01073313767812,4.12881162828042,5.89160610920155
"4509",9,"UKENSO_SW_TP000011",NA,5.27284767550556,4.36399719971044,6.18092335678818
"4510",10,"UKENSO_SW_TP000011",5.93607877,5.50035426494746,4.61590724323714,6.38258511370318
"4511",11,"UKENSO_SW_TP000011",NA,5.54513309842133,4.6383340148725,6.45252433290841
"4512",12,"UKENSO_SW_TP000011",6.051960033,5.47060084744,4.58914185917235,6.3510714688849
"4513",13,"UKENSO_SW_TP000011",NA,5.40923059389645,4.50242783352709,6.31599144347565
"4514",14,"UKENSO_SW_TP000011",5.762977505,5.5300770075062,4.6489838400076,6.41031106410237
"4515",15,"UKENSO_SW_TP000011",NA,5.43231476140529,4.52562667094264,6.34006492992101
"4516",16,"UKENSO_SW_TP000011",4.61614934,5.59188903323023,4.70987544910911,6.47238071881825
"4517",17,"UKENSO_SW_TP000011",NA,5.46240275240016,4.55478956455215,6.37034932813052
"4518",18,"UKENSO_SW_TP000011",4.898502717,5.36297583065975,4.48255432572826,6.24360388124425
"4519",19,"UKENSO_SW_TP000011",NA,5.23579344364146,4.32509748912696,6.14571407924661
"4520",20,"UKENSO_SW_TP000011",5.434447974,5.3067268799281,4.42514334950177,6.18683099985178
"4521",21,"UKENSO_SW_TP000011",NA,5.2243351598149,4.31741922631624,6.13048565947185
"4522",22,"UKENSO_SW_TP000011",4.823060363,5.21203020572822,4.33099560406791,6.09207831526934
"4523",23,"UKENSO_SW_TP000011",NA,5.34594605875661,4.44615524390214,6.24600598531176
"4524",24,"UKENSO_SW_TP000011",5.518165223,5.4451634172877,4.561567204139,6.32684128948566
"4525",25,"UKENSO_SW_TP000011",NA,5.37954889047906,4.47690767075049,6.2821678354036
"4526",26,"UKENSO_SW_TP000011",5.139237856,5.30358473033355,4.42227819766809,6.18401218724807
"4527",27,"UKENSO_SW_TP000011",NA,5.26104501949645,4.35229757785179,6.16943135994302
"4528",28,"UKENSO_SW_TP000011",5.165066893,5.43192488939927,4.55172833831504,6.31124566959062
"4529",29,"UKENSO_SW_TP000011",NA,5.37172176539402,4.46712329712242,6.27628316594578
"4530",30,"UKENSO_SW_TP000011",4.862883951,5.29444523989918,4.41325849721365,6.17430665588003
"4531",31,"UKENSO_SW_TP000011",NA,4.99311284812464,4.00315907969727,5.97986364254388
"4532",32,"UKENSO_SW_TP000011",4.886216175,5.19533700397555,4.310475927625,6.08062124871418
"4533",33,"UKENSO_SW_TP000011",NA,5.22050477525466,4.33408807990866,6.10665255501323
"4534",34,"UKENSO_SW_TP000011",5.50158109,5.0555425246745,4.17380593884235,5.93568405410293
"4535",35,"UKENSO_SW_TP000011",NA,5.00552816983208,4.09681148855538,5.91322275951103
"4536",36,"UKENSO_SW_TP000011",4.870444941,5.14923748712383,4.26755480372543,6.02950969645403
"4537",37,"UKENSO_SW_TP000011",NA,5.38566143858843,4.47785451730876,6.29273522706401
"4538",38,"UKENSO_SW_TP000011",4.344283603,5.31099506615073,4.42782379317674,6.19221155122675
"4539",39,"UKENSO_SW_TP000011",NA,5.72176739900901,4.81617898000139,6.62716469966735
"4540",40,"UKENSO_SW_TP000011",4.981852846,5.5083917022841,4.62689306066049,6.38918405045851
"4541",41,"UKENSO_SW_TP000011",NA,5.64914239202511,4.74324410034464,6.5551252176586
"4542",42,"UKENSO_SW_TP000011",5.707991111,5.68094388610387,4.80024532851932,6.5608008468144
"4543",43,"UKENSO_SW_TP000011",NA,5.76371317024268,4.86580782277657,6.66149762842431
"4544",44,"UKENSO_SW_TP000011",5.07196957,5.58137919462073,4.69886105491647,6.46295669226444
"4545",45,"UKENSO_SW_TP000011",NA,5.65882237604051,4.74819405420792,6.56799799089344
"4546",1,"UKENSO_SW_TP000013",NA,4.38206485477081,3.44259597265719,5.3208079974501
"4547",2,"UKENSO_SW_TP000013",4.422357225,4.45033364142897,3.54298048403374,5.35846611423767
"4548",3,"UKENSO_SW_TP000013",NA,4.65502387884997,3.73018251481589,5.58031419290496
"4549",4,"UKENSO_SW_TP000013",4.720711696,4.73861445872444,3.82958876113598,5.6457765730198
"4550",5,"UKENSO_SW_TP000013",NA,4.86346277367151,3.92800015815948,5.79992898375387
"4551",6,"UKENSO_SW_TP000013",5.638980688,4.93932079758413,4.02998258571037,5.84829676934134
"4552",7,"UKENSO_SW_TP000013",NA,4.90859386597492,3.96816472139099,5.84922867374276
"4553",8,"UKENSO_SW_TP000013",5.00012755,4.91025007735514,4.0035228076377,5.81723291867874
"4554",9,"UKENSO_SW_TP000013",NA,5.17586160298163,4.2388433595294,6.11165545627268
"4555",10,"UKENSO_SW_TP000013",4.887400722,5.40343165646099,4.49359273518295,6.30983910909393
"4556",11,"UKENSO_SW_TP000013",NA,5.43261612498648,4.49861114332648,6.36762184989932
"4557",12,"UKENSO_SW_TP000013",5.787362081,5.35293625704377,4.4470074037727,6.25941784464763
"4558",13,"UKENSO_SW_TP000013",NA,5.29133983303322,4.35658635326403,6.22638878850672
"4559",14,"UKENSO_SW_TP000013",5.626877128,5.4353141157145,4.52924298264809,6.34119078094008
"4560",15,"UKENSO_SW_TP000013",NA,5.33158127614756,4.39610108021848,6.26821668394593
"4561",16,"UKENSO_SW_TP000013",5.794886766,5.50229100212472,4.59381019371205,6.4086764506253
"4562",17,"UKENSO_SW_TP000013",NA,5.36294967246992,4.42701643787013,6.29987227717762
"4563",18,"UKENSO_SW_TP000013",4.904065612,5.25903065473712,4.3526034336054,6.1665987314784
"4564",19,"UKENSO_SW_TP000013",NA,5.14209182989208,4.20254024243222,6.0798397647599
"4565",20,"UKENSO_SW_TP000013",5.263257141,5.20925968956427,4.30103677812489,6.11530651981549
"4566",21,"UKENSO_SW_TP000013",NA,5.12281046507449,4.18743198688462,6.05725400003213
"4567",22,"UKENSO_SW_TP000013",5.977097574,5.09606594991991,4.18838616627694,6.00255662186141
"4568",23,"UKENSO_SW_TP000013",5.801385261,5.24289654846817,4.31498922873505,6.17098236810472
"4569",24,"UKENSO_SW_TP000013",NA,5.33461963558243,4.423781139185,6.24174742323832
"4570",25,"UKENSO_SW_TP000013",NA,5.2767240482693,4.34579819341408,6.20755599046624
"4571",26,"UKENSO_SW_TP000013",5.261460423,5.18297817188443,4.27350066692741,6.09074573966722
"4572",27,"UKENSO_SW_TP000013",NA,5.162487105377,4.22402179143916,6.09948091926839
"4573",28,"UKENSO_SW_TP000013",4.873484562,5.33278432517938,4.42571296984256,6.23849841675316
"4574",29,"UKENSO_SW_TP000013",NA,5.27333764169412,4.33875982688225,6.20709933272152
"4575",30,"UKENSO_SW_TP000013",4.317109626,5.18264149644791,4.27542773996674,6.08911549654001
"4576",31,"UKENSO_SW_TP000013",NA,4.88655365644265,3.86718510972859,5.90176797154186
"4577",32,"UKENSO_SW_TP000013",5.153982611,5.0854911700259,4.1728722508348,6.00049523551239
"4578",33,"UKENSO_SW_TP000013",NA,5.12102266890498,4.20960493363178,6.03278140729615
"4579",34,"UKENSO_SW_TP000013",3.6037577,4.96600872882539,4.05752833719595,5.87280402878718
"4580",35,"UKENSO_SW_TP000013",NA,4.90793728903192,3.96970026981998,5.84505773281763
"4581",36,"UKENSO_SW_TP000013",3.908390887,5.06980909559384,4.16124538745127,5.97637090205756
"4582",37,"UKENSO_SW_TP000013",NA,5.28299687494727,4.34591908677733,6.22011740398297
"4583",38,"UKENSO_SW_TP000013",6.18843869,5.18890865274797,4.27936070704703,6.09728898001561
"4584",39,"UKENSO_SW_TP000013",NA,5.62408431568917,4.68876816047254,6.55938751721459
"4585",40,"UKENSO_SW_TP000013",5.348463855,5.39378863633971,4.48607446527042,6.30197048020422
"4586",41,"UKENSO_SW_TP000013",NA,5.56004900664629,4.62435926036971,6.49613903460292
"4587",42,"UKENSO_SW_TP000013",5.479056971,5.60243303787323,4.69398887737696,6.50995492406921
"4588",43,"UKENSO_SW_TP000013",NA,5.67214995510701,4.74481791170342,6.59809029166543
"4589",44,"UKENSO_SW_TP000013",4.5711645,5.48932457054316,4.579449417622,6.39772891123881
"4590",45,"UKENSO_SW_TP000013",NA,5.57609181822641,4.63827782134738,6.51108640059323
"5581",1,"UKENSW_WXW_TP000038",NA,4.43279744199233,3.49658667343462,5.36901649108846
"5582",2,"UKENSW_WXW_TP000038",5.078979892,4.52489204495977,3.61912871431134,5.43207108153057
"5583",3,"UKENSW_WXW_TP000038",NA,4.69984248717353,3.779615151039,5.62064968357015
"5584",4,"UKENSW_WXW_TP000038",4.635824214,4.74244029748495,3.83634221691469,5.64862557908312
"5585",5,"UKENSW_WXW_TP000038",NA,4.9019576646864,3.97479870292617,5.83049033192212
"5586",6,"UKENSW_WXW_TP000038",5.069649036,4.98896248644143,4.08226284918773,5.89628028257297
"5587",7,"UKENSW_WXW_TP000038",NA,4.9273939314788,3.99364810290526,5.86196324919897
"5588",8,"UKENSW_WXW_TP000038",4.859663706,4.95659955197957,4.05083699324767,5.86290241383101
"5589",9,"UKENSW_WXW_TP000038",NA,5.19464334452804,4.26368204210269,6.12512143069888
"5590",10,"UKENSW_WXW_TP000038",5.407781386,5.41937000356718,4.51130482429761,6.32548622585155
"5591",11,"UKENSW_WXW_TP000038",NA,5.48674213383917,4.55730935510541,6.41757375530209
"5592",12,"UKENSW_WXW_TP000038",5.10880631,5.42743350997255,4.52241344927694,6.332548020182
"5593",13,"UKENSW_WXW_TP000038",NA,5.34479093097309,4.41625902777506,6.2738862000959
"5594",14,"UKENSW_WXW_TP000038",5.478608073,5.44490317894108,4.53998006162777,6.35043732409471
"5595",15,"UKENSW_WXW_TP000038",NA,5.36484553253941,4.43572723981607,6.2955722525011
"5596",16,"UKENSW_WXW_TP000038",5.665301097,5.50215310018708,4.59591709197569,6.40730761951007
"5597",17,"UKENSW_WXW_TP000038",NA,5.39286875467715,4.46474316805189,6.32237395364575
"5598",18,"UKENSW_WXW_TP000038",5.348812251,5.31037138800773,4.40534769721075,6.21608620703113
"5599",19,"UKENSW_WXW_TP000038",NA,5.1570618243935,4.22468074942285,6.08880597384207
"5600",20,"UKENSW_WXW_TP000038",5.141566494,5.24292608909686,4.33681436456932,6.14811455347804
"5601",21,"UKENSW_WXW_TP000038",NA,5.15659068286536,4.22835735968541,6.08482768052351
"5602",22,"UKENSW_WXW_TP000038",5.598605537,5.17055095822971,4.26494863847995,6.07598949273936
"5603",23,"UKENSW_WXW_TP000038",NA,5.29398946991615,4.37012319786424,6.21862000683491
"5604",24,"UKENSW_WXW_TP000038",4.921295785,5.39591519669554,4.48751882509726,6.30256243836203
"5605",25,"UKENSW_WXW_TP000038",NA,5.31541588492129,4.39001676628181,6.24164292063128
"5606",26,"UKENSW_WXW_TP000038",4.713237832,5.27783681798465,4.37185183304919,6.18352455129815
"5607",27,"UKENSW_WXW_TP000038",NA,5.18527182825384,4.25421510393803,6.11600900363428
"5608",28,"UKENSW_WXW_TP000038",5.082333204,5.38100045713586,4.47534438941054,6.28615903155901
"5609",29,"UKENSW_WXW_TP000038",NA,5.30139527418218,4.37553376071903,6.22768421024286
"5610",30,"UKENSW_WXW_TP000038",5.416914881,5.24547296884586,4.34005766489918,6.15067381212527
"5611",31,"UKENSW_WXW_TP000038",NA,4.96124328965236,3.96687489619038,5.95274266896086
"5612",32,"UKENSW_WXW_TP000038",5.480322247,5.13137570918567,4.22402576694869,6.04007687095591
"5613",33,"UKENSW_WXW_TP000038",NA,5.14702145806807,4.23332752825608,6.0611989292665
"5614",34,"UKENSW_WXW_TP000038",4.954406383,4.95866868336443,4.0524575387899,5.86362229032609
"5615",35,"UKENSW_WXW_TP000038",NA,4.93331480036399,4.00427596265747,5.86226387063746
"5616",36,"UKENSW_WXW_TP000038",5.004366759,5.02998661716444,4.12463696950378,5.9346317832579
"5617",37,"UKENSW_WXW_TP000038",NA,5.33653096781403,4.40824918647409,6.26563007294805
"5618",38,"UKENSW_WXW_TP000038",5.002173571,5.28180370305798,4.37538376079751,6.18894922665808
"5619",39,"UKENSW_WXW_TP000038",NA,5.65547954758084,4.72890644349834,6.58313566775001
"5620",40,"UKENSW_WXW_TP000038",5.550707794,5.47861065729733,4.57264713285202,6.38540046096961
"5621",41,"UKENSW_WXW_TP000038",NA,5.57252220704383,4.64526817659349,6.50090678800783
"5622",42,"UKENSW_WXW_TP000038",4.831961656,5.58064572698908,4.67488606034269,6.48660473240008
"5623",43,"UKENSW_WXW_TP000038",NA,5.68978488305491,4.76687353070448,6.61341742607972
"5624",44,"UKENSW_WXW_TP000038",5.571641183,5.49991190067032,4.59344355003406,6.40626737135307
"5625",45,"UKENSW_WXW_TP000038",NA,5.56539194769802,4.62960741834898,6.50052855551187
"4411",1,"UKENSO_SW_TP000004",NA,4.3185677843851,3.4072058238499,5.22983614380057
"4412",2,"UKENSO_SW_TP000004",3.600289418,4.40894114271508,3.52375246845679,5.29524192603994
"4413",3,"UKENSO_SW_TP000004",NA,4.61825489907493,3.72081775959068,5.51717546271793
"4414",4,"UKENSO_SW_TP000004",3.992628578,4.70001357864966,3.8146640916096,5.5853428752124
"4415",5,"UKENSO_SW_TP000004",NA,4.82245756016981,3.91658641334625,5.73030993137938
"4416",6,"UKENSO_SW_TP000004",4.348946801,4.90336428430984,4.01811740207206,5.78932761291964
"4417",7,"UKENSO_SW_TP000004",NA,4.8264273459022,3.91444496031307,5.73933379165816
"4418",8,"UKENSO_SW_TP000004",4.61831332,4.86493379567853,3.9806270133306,5.75032861150618
"4419",9,"UKENSO_SW_TP000004",NA,5.15024712626994,4.24069994152637,6.05987371468217
"4420",10,"UKENSO_SW_TP000004",5.217208996,5.33326078658796,4.44650651741537,6.21836119754678
"4421",11,"UKENSO_SW_TP000004",NA,5.40528687789686,4.49848402829943,6.31437188925817
"4422",12,"UKENSO_SW_TP000004",6.050740894,5.30409149065492,4.41987084366378,6.18970683332604
"4423",13,"UKENSO_SW_TP000004",NA,5.2788854885017,4.37266746733715,6.18688912073958
"4424",14,"UKENSO_SW_TP000004",5.279031743,5.3955046590251,4.51182120829643,6.2797666695666
"4425",15,"UKENSO_SW_TP000004",NA,5.29404147365777,4.38536937476158,6.2050093067258
"4426",16,"UKENSO_SW_TP000004",4.834795874,5.4435710795582,4.55933013980489,6.327683308967
"4427",17,"UKENSO_SW_TP000004",NA,5.31489893301505,4.40829676992778,6.22356093499229
"4428",18,"UKENSO_SW_TP000004",5.261560524,5.19954685845693,4.31624295158936,6.08495985955881
"4429",19,"UKENSO_SW_TP000004",NA,5.09941601185397,4.1882665131909,6.01016245939632
"4430",20,"UKENSO_SW_TP000004",5.184202571,5.16649416228842,4.28056063256686,6.05155968791148
"4431",21,"UKENSO_SW_TP000004",NA,5.06522840178175,4.15843903308372,5.97251974204803
"4432",22,"UKENSO_SW_TP000004",5.19321303,5.0613771212369,4.17686784567961,5.94638984782846
"4433",23,"UKENSO_SW_TP000004",NA,5.17769177637281,4.27634723133519,6.07991952620485
"4434",24,"UKENSO_SW_TP000004",3.869722144,5.27197872076118,4.38516562324933,6.1569578123611
"4435",25,"UKENSO_SW_TP000004",NA,5.2263140597064,4.32209057559625,6.13143820793882
"4436",26,"UKENSO_SW_TP000004",5.278352289,5.13820915933401,4.25209749062057,6.0237934963339
"4437",27,"UKENSO_SW_TP000004",NA,5.14017921924513,4.23091367921457,6.04980284560357
"4438",28,"UKENSO_SW_TP000004",4.650708597,5.27759405514961,4.39323295127747,6.16140077644341
"4439",29,"UKENSO_SW_TP000004",NA,5.24271881832758,4.33713743105298,6.14892255220986
"4440",30,"UKENSO_SW_TP000004",5.112377127,5.17141381693851,4.28754350324329,6.05577019136186
"4441",31,"UKENSO_SW_TP000004",NA,4.85980587720161,3.87304112437433,5.84325971293494
"4442",32,"UKENSO_SW_TP000004",4.928744242,5.0524930535062,4.16462116014414,5.94276295903036
"4443",33,"UKENSO_SW_TP000004",NA,5.07275370443924,4.18627195974688,5.95999309295546
"4444",34,"UKENSO_SW_TP000004",3.499478946,4.91392272913281,4.02912755755024,5.79802872356292
"4445",35,"UKENSO_SW_TP000004",NA,4.87820131367344,3.9703328082054,5.78619812330774
"4446",36,"UKENSO_SW_TP000004",4.030300534,5.03398854811801,4.14881520224131,5.91823500604088
"4447",37,"UKENSO_SW_TP000004",NA,5.19072227207211,4.28183764621435,6.09997382117548
"4448",38,"UKENSO_SW_TP000004",6.189771456,5.15648340189977,4.27089796288874,6.04230405621986
"4449",39,"UKENSO_SW_TP000004",NA,5.57384929323816,4.66869353967868,6.4801475680172
"4450",40,"UKENSO_SW_TP000004",5.510915938,5.3448281385793,4.45811570171487,6.2333922000308
"4451",41,"UKENSO_SW_TP000004",NA,5.52165077105546,4.6157560265452,6.4292028423056
"4452",42,"UKENSO_SW_TP000004",5.23274251,5.5556516863274,4.67091818131073,6.44029934793067
"4453",43,"UKENSO_SW_TP000004",NA,5.60969740189189,4.71052587809784,6.50916059925224
"4454",44,"UKENSO_SW_TP000004",5.576266543,5.43516624884462,4.54888322210643,6.3210171258379
"4455",45,"UKENSO_SW_TP000004",NA,5.54339856155801,4.63110612509875,6.45421133151238
"4456",1,"UKENSO_SW_TP000008",NA,4.4997079707454,3.57911584456336,5.41938090468347
"4457",2,"UKENSO_SW_TP000008",4.308806434,4.58665702202859,3.69340510910439,5.47986115576893
"4458",3,"UKENSO_SW_TP000008",NA,4.78849408999417,3.8806208481055,5.69614213387925
"4459",4,"UKENSO_SW_TP000008",4.722835396,4.86188785546973,3.96734631605645,5.75524131162457
"4460",5,"UKENSO_SW_TP000008",NA,4.99307447341697,4.07666439093811,5.90993530580279
"4461",6,"UKENSO_SW_TP000008",5.068378273,5.07399245410831,4.17886466204527,5.96815950121261
"4462",7,"UKENSO_SW_TP000008",NA,5.01355754719603,4.09167888215099,5.93545042170357
"4463",8,"UKENSO_SW_TP000008",4.819473219,5.03830215093245,4.14456864299795,5.93157254236047
"4464",9,"UKENSO_SW_TP000008",NA,5.3105516929051,4.39213959371391,6.22822561203862
"4465",10,"UKENSO_SW_TP000008",5.468812343,5.50653823525927,4.61119769084274,6.39967654909797
"4466",11,"UKENSO_SW_TP000008",NA,5.56803151491937,4.65241079158016,6.48473891651363
"4467",12,"UKENSO_SW_TP000008",5.705315739,5.48130779307505,4.58872162651937,6.37380373739798
"4468",13,"UKENSO_SW_TP000008",NA,5.43564124315807,4.52047787168564,6.35140010283899
"4469",14,"UKENSO_SW_TP000008",5.429472977,5.55412929741011,4.66197300501023,6.44599966123798
"4470",15,"UKENSO_SW_TP000008",NA,5.45763479950413,4.54154451311977,6.37512585311901
"4471",16,"UKENSO_SW_TP000008",4.410017522,5.61309385209795,4.71922900682936,6.5056070931156
"4472",17,"UKENSO_SW_TP000008",NA,5.4880946779323,4.57117192654385,6.40566729705689
"4473",18,"UKENSO_SW_TP000008",4.894487806,5.38124943200508,4.48833965987081,6.27439942028912
"4474",19,"UKENSO_SW_TP000008",NA,5.26659168412555,4.34625819883088,6.18587995058174
"4475",20,"UKENSO_SW_TP000008",5.745505861,5.3345640967838,4.44022289572789,6.22719838840231
"4476",21,"UKENSO_SW_TP000008",NA,5.24162359949147,4.32571265691371,6.15694593528296
"4477",22,"UKENSO_SW_TP000008",5.741759917,5.23480236089139,4.34132464683425,6.12739328580512
"4478",23,"UKENSO_SW_TP000008",NA,5.35896708341701,4.44928571733863,6.26870802108205
"4479",24,"UKENSO_SW_TP000008",4.226158194,5.45118778415821,4.55580303837844,6.34422227978718
"4480",25,"UKENSO_SW_TP000008",NA,5.39934427557119,4.48619612091617,6.31247552284777
"4481",26,"UKENSO_SW_TP000008",4.980566788,5.31198392343499,4.41711483238157,6.20566733261887
"4482",27,"UKENSO_SW_TP000008",NA,5.29739296682158,4.3789804426759,6.21527504869071
"4483",28,"UKENSO_SW_TP000008",4.397201978,5.45765317270317,4.56419969925089,6.34974902785893
"4484",29,"UKENSO_SW_TP000008",NA,5.40459831398984,4.4900152417729,6.31901844009909
"4485",30,"UKENSO_SW_TP000008",4.064946015,5.33395135893028,4.44029486174244,6.22658410653221
"4486",31,"UKENSO_SW_TP000008",NA,5.00589744493679,4.0004084542632,6.00786327291434
"4487",32,"UKENSO_SW_TP000008",5.550564496,5.21458835323965,4.31854957337489,6.11222006658662
"4488",33,"UKENSO_SW_TP000008",NA,5.23872977968412,4.34245090653821,6.13503227061893
"4489",34,"UKENSO_SW_TP000008",3.742530069,5.08019586719621,4.18555356302481,5.97308729335917
"4490",35,"UKENSO_SW_TP000008",NA,5.04082549293024,4.12223761948456,5.9584202390415
"4491",36,"UKENSO_SW_TP000008",4.225282663,5.18926636178562,4.29411969173739,6.08256717393413
"4492",37,"UKENSO_SW_TP000008",NA,5.39261327046413,4.47459337461596,6.30974505063443
"4493",38,"UKENSO_SW_TP000008",5.689250537,5.34001884230965,4.44484064428589,6.23366536060927
"4494",39,"UKENSO_SW_TP000008",NA,5.7495883489518,4.83367450100791,6.66527599646411
"4495",40,"UKENSO_SW_TP000008",4.648670245,5.5286909736172,4.63434608828562,6.4228782164939
"4496",41,"UKENSO_SW_TP000008",NA,5.68416425965036,4.76851295163965,6.6000286030761
"4497",42,"UKENSO_SW_TP000008",5.500200218,5.71843785914746,4.82449801753769,6.6111478376162
"4498",43,"UKENSO_SW_TP000008",NA,5.78383481839915,4.87506299174146,6.69205288539872
"4499",44,"UKENSO_SW_TP000008",4.570680453,5.60358224100895,4.70898420432582,6.49709016198162
"4500",45,"UKENSO_SW_TP000008",NA,5.69588136114716,4.77492536682608,6.61510895871846
"4591",1,"UKENSO_SW_TP000016",4.555878257,4.55326654659433,3.62949279337475,5.47519268112324
"4592",2,"UKENSO_SW_TP000016",NA,4.65147861593583,3.75209954341915,5.54998871197488
"4593",3,"UKENSO_SW_TP000016",4.458379583,4.84493957623834,3.93230895245857,5.75635705928881
"4594",4,"UKENSO_SW_TP000016",NA,4.90500039525801,4.00216701080478,5.8057094652626
"4595",5,"UKENSO_SW_TP000016",4.461234587,5.05208058086242,4.13065059785009,5.97281157127996
"4596",6,"UKENSO_SW_TP000016",NA,5.14041062671434,4.23545538813914,6.04320366224625
"4597",7,"UKENSO_SW_TP000016",NA,5.05685462939922,4.12706172964026,5.98542359426661
"4598",8,"UKENSO_SW_TP000016",4.932348134,5.0962792901417,4.19104577438642,5.99940492520137
"4599",9,"UKENSO_SW_TP000016",5.236523701,5.36574283090992,4.44224827109911,6.28728045326833
"4600",10,"UKENSO_SW_TP000016",NA,5.54269886306958,4.63904198773087,6.44328106245637
"4601",11,"UKENSO_SW_TP000016",3.738757158,5.6324502031271,4.71268373906921,6.55251513899954
"4602",12,"UKENSO_SW_TP000016",NA,5.55124927414236,4.64933348216481,6.45162838585592
"4603",13,"UKENSO_SW_TP000016",4.740921451,5.51717396745528,4.59800586802495,6.43579910780329
"4604",14,"UKENSO_SW_TP000016",NA,5.6100919592999,4.70718499499031,6.51101463817063
"4605",15,"UKENSO_SW_TP000016",5.397926269,5.5196994641235,4.59927438733133,6.43990823598565
"4606",16,"UKENSO_SW_TP000016",NA,5.65698280316644,4.75288370868633,6.55847036069439
"4607",17,"UKENSO_SW_TP000016",4.166395336,5.54208470034765,4.62045972553251,6.46322024890127
"4608",18,"UKENSO_SW_TP000016",NA,5.43162648502786,4.53176403776929,6.33063501206256
"4609",19,"UKENSO_SW_TP000016",5.249979207,5.31063008193784,4.38696129372257,6.2322937381522
"4610",20,"UKENSO_SW_TP000016",NA,5.38002676603567,4.47876751253768,6.27880221272686
"4611",21,"UKENSO_SW_TP000016",4.539905297,5.28652544725782,4.36871650071038,6.20309691992748
"4612",22,"UKENSO_SW_TP000016",NA,5.28840411087603,4.39076805469188,6.18551600430944
"4613",23,"UKENSO_SW_TP000016",5.099023802,5.40627307349199,4.4940932920572,6.31801371952979
"4614",24,"UKENSO_SW_TP000016",NA,5.50277300198058,4.60097711495466,6.4018170175695
"4615",25,"UKENSO_SW_TP000016",4.913062348,5.4510503256231,4.53523316313026,6.36639877956284
"4616",26,"UKENSO_SW_TP000016",NA,5.37871816099861,4.47856709584317,6.27715481279298
"4617",27,"UKENSO_SW_TP000016",5.145825497,5.34939964212902,4.42959086656185,6.26814794735217
"4618",28,"UKENSO_SW_TP000016",NA,5.50819645375662,4.60858850600748,6.40601810251765
"4619",29,"UKENSO_SW_TP000016",5.255884125,5.45323955465748,4.53762476074326,6.36827085995036
"4620",30,"UKENSO_SW_TP000016",NA,5.39903674094316,4.49796043026708,6.2983214380831
"4621",31,"UKENSO_SW_TP000016",NA,5.05176066228192,4.03956517540107,6.05988072407779
"4622",32,"UKENSO_SW_TP000016",NA,5.26995150887345,4.37140069493573,6.1691875728282
"4623",33,"UKENSO_SW_TP000016",4.024859783,5.28653718470442,4.38366066690175,6.18841126432979
"4624",34,"UKENSO_SW_TP000016",NA,5.11871748243656,4.21770530827201,6.01750110360248
"4625",35,"UKENSO_SW_TP000016",4.394728495,5.09174025940644,4.17141361951271,6.01048910660232
"4626",36,"UKENSO_SW_TP000016",NA,5.21610824643355,4.31505881512562,6.11473511446722
"4627",37,"UKENSO_SW_TP000016",3.967321496,5.44102219396421,4.52249862350145,6.35821902350127
"4628",38,"UKENSO_SW_TP000016",NA,5.41477968987547,4.513986607873,6.3139128737764
"4629",39,"UKENSO_SW_TP000016",5.848721285,5.79865044740496,4.88117228218718,6.71556803138846
"4630",40,"UKENSO_SW_TP000016",NA,5.59361789362813,4.69420989652809,6.49252907906196
"4631",41,"UKENSO_SW_TP000016",5.380113942,5.72703823428042,4.81009996916918,6.64369159204237
"4632",42,"UKENSO_SW_TP000016",NA,5.7545081860989,4.85430986791735,6.65283945194822
"4633",43,"UKENSO_SW_TP000016",5.164925485,5.828311849713,4.91528761589814,6.74038884926577
"4634",44,"UKENSO_SW_TP000016",NA,5.64303755572812,4.74291126973327,6.5415016609808
"4635",45,"UKENSO_SW_TP000016",NA,5.72871149059948,4.80178925641634,6.65349206593455
"4951",1,"UKENSO_SW_TP000090",NA,4.52902359705014,3.59737504635189,5.45799383430579
"4952",2,"UKENSO_SW_TP000090",3.385897225,4.67625401470535,3.75704808045102,5.59438249690014
"4953",3,"UKENSO_SW_TP000090",NA,4.89484833207815,3.97289394154292,5.81631280172261
"4954",4,"UKENSO_SW_TP000090",4.545502723,4.97562051436872,4.05385283471945,5.89589899723636
"4955",5,"UKENSO_SW_TP000090",NA,5.09313285766515,4.16353197099463,6.02239645152967
"4956",6,"UKENSO_SW_TP000090",5.027078549,5.18700127489123,4.26543948838752,6.10656665757467
"4957",7,"UKENSO_SW_TP000090",NA,5.06042378430657,4.12548051565521,5.99408100604005
"4958",8,"UKENSO_SW_TP000090",4.765822116,5.12127466792625,4.19962048417204,6.04150725464042
"4959",9,"UKENSO_SW_TP000090",NA,5.45522493710236,4.52425565052397,6.38576095928705
"4960",10,"UKENSO_SW_TP000090",5.016371462,5.57416015893834,4.6529873259132,6.49283990274176
"4961",11,"UKENSO_SW_TP000090",NA,5.69066164855153,4.76206358304366,6.62030831279124
"4962",12,"UKENSO_SW_TP000090",5.511241655,5.55590385815636,4.63596581362222,6.4748425772629
"4963",13,"UKENSO_SW_TP000090",NA,5.57967970545784,4.65234770595146,6.50773073163373
"4964",14,"UKENSO_SW_TP000090",4.569344473,5.6588585579401,4.73929862131623,6.57719930895502
"4965",15,"UKENSO_SW_TP000090",NA,5.57458498881316,4.64627656793094,6.5037665631743
"4966",16,"UKENSO_SW_TP000090",5.158591098,5.68707091289444,4.76621532375822,6.60621617832505
"4967",17,"UKENSO_SW_TP000090",NA,5.57559211305592,4.6455490905169,6.50539178925326
"4968",18,"UKENSO_SW_TP000090",4.430407033,5.43970490675485,4.52046602019648,6.35862276361818
"4969",19,"UKENSO_SW_TP000090",NA,5.38173011397111,4.45035024924753,6.31236458086255
"4970",20,"UKENSO_SW_TP000090",5.600347425,5.42808194728951,4.50682727833361,6.34683653978326
"4971",21,"UKENSO_SW_TP000090",NA,5.30351243303175,4.3752584251504,6.23042538828888
"4972",22,"UKENSO_SW_TP000090",3.954531199,5.33289493044878,4.41274823092818,6.25163303117999
"4973",23,"UKENSO_SW_TP000090",NA,5.37769705978316,4.45350845347728,6.30021146575344
"4974",24,"UKENSO_SW_TP000090",4.883272093,5.52814502466296,4.60769512059037,6.44619382813465
"4975",25,"UKENSO_SW_TP000090",NA,5.47012189636367,4.54295969198845,6.39652845283139
"4976",26,"UKENSO_SW_TP000090",4.173356733,5.4056772744626,4.4860947815525,6.32348726285711
"4977",27,"UKENSO_SW_TP000090",NA,5.45103687906234,4.52271883066493,6.37996866322607
"4978",28,"UKENSO_SW_TP000090",4.372145553,5.53194664146684,4.61231915089059,6.44994064242959
"4979",29,"UKENSO_SW_TP000090",NA,5.51942508802985,4.59260532546771,6.44621687664412
"4980",30,"UKENSO_SW_TP000090",5.552040946,5.46395472464835,4.5432937216304,6.38351565377016
"4981",31,"UKENSO_SW_TP000090",NA,5.1947016771956,4.19883918209574,6.18770119217535
"4982",32,"UKENSO_SW_TP000090",5.238413973,5.30787014014541,4.39746247201859,6.21850968943446
"4983",33,"UKENSO_SW_TP000090",NA,5.33598737306748,4.42442515356345,6.24707278956036
"4984",34,"UKENSO_SW_TP000090",6.334722255,5.17219443998862,4.2503397832343,6.09189603500136
"4985",35,"UKENSO_SW_TP000090",NA,5.17287508677426,4.2414019082476,6.10335734884361
"4986",36,"UKENSO_SW_TP000090",4.919276284,5.30228165162819,4.38099598103336,6.22170574909165
"4987",37,"UKENSO_SW_TP000090",NA,5.36840303255062,4.43679046946392,6.29700152378113
"4988",38,"UKENSO_SW_TP000090",4.090978056,5.43236084922751,4.51152811101373,6.35127991795543
"4989",39,"UKENSO_SW_TP000090",NA,5.83505752098922,4.9071288475367,6.76229789178816
"4990",40,"UKENSO_SW_TP000090",5.158574811,5.5795374471098,4.65792611818932,6.49959075229266
"4991",41,"UKENSO_SW_TP000090",NA,5.77555755057865,4.84764646152707,6.70306948974596
"4992",42,"UKENSO_SW_TP000090",5.714630804,5.81601469915861,4.89567021232732,6.73437472334577
"4993",43,"UKENSO_SW_TP000090",NA,5.85261447155432,4.92990759537056,6.77421674281313
"4994",44,"UKENSO_SW_TP000090",5.205961604,5.68868589168691,4.76806896570444,6.60756685311312
"4995",45,"UKENSO_SW_TP000090",NA,5.80703059288913,4.86099956453369,6.7510536638045
"5491",1,"UKENSW_WXW_TP000004",NA,4.36096137300632,3.53494467682228,5.18464119355824
"5492",2,"UKENSW_WXW_TP000004",3.7413082,4.40108295122282,3.62089009103995,5.18034235505612
"5493",3,"UKENSW_WXW_TP000004",NA,4.62764664334092,3.82236552157649,5.43288991317986
"5494",4,"UKENSW_WXW_TP000004",3.743686016,4.6838590895401,3.90447097654994,5.46492567813942
"5495",5,"UKENSW_WXW_TP000004",NA,4.81034829573886,3.99470905212505,5.629106168218
"5496",6,"UKENSW_WXW_TP000004",4.56382528,4.90841890169373,4.12999222216125,5.68780258028173
"5497",7,"UKENSW_WXW_TP000004",NA,4.79039068515894,3.97025938522908,5.61279193978909
"5498",8,"UKENSW_WXW_TP000004",4.314193063,4.8200882051594,4.04154377473233,5.59943035388506
"5499",9,"UKENSW_WXW_TP000004",NA,5.08746869338864,4.2675889792632,5.9067329587303
"5500",10,"UKENSW_WXW_TP000004",4.972731845,5.30061912789754,4.52231929401468,6.07981215438642
"5501",11,"UKENSW_WXW_TP000004",NA,5.36403301437666,4.54915091236999,6.18125563349842
"5502",12,"UKENSW_WXW_TP000004",4.84303599,5.35491273466357,4.57507511959651,6.13415501180754
"5503",13,"UKENSW_WXW_TP000004",NA,5.18934177973637,4.36867274092593,6.01014532828134
"5504",14,"UKENSW_WXW_TP000004",3.783023381,5.18111260311992,4.40193239755895,5.96121130672697
"5505",15,"UKENSW_WXW_TP000004",NA,5.26455337488816,4.44920537396724,6.08205133324503
"5506",16,"UKENSW_WXW_TP000004",5.023324465,5.4456426672612,4.66662688829022,6.22570943937471
"5507",17,"UKENSW_WXW_TP000004",NA,5.25676348810013,4.44440704009362,6.0717732722072
"5508",18,"UKENSW_WXW_TP000004",4.310048554,5.08587274112582,4.30720924566249,5.86573419385778
"5509",19,"UKENSW_WXW_TP000004",NA,5.0276885474134,4.21229189623523,5.84252235055392
"5510",20,"UKENSW_WXW_TP000004",5.021300956,5.10335926989095,4.32441470842281,5.88155966146278
"5511",21,"UKENSW_WXW_TP000004",NA,5.08161949471692,4.26681258485042,5.89566353823708
"5512",22,"UKENSW_WXW_TP000004",4.631843993,5.05166897428267,4.27344874688164,5.82976537898763
"5513",23,"UKENSW_WXW_TP000004",NA,5.2096676990873,4.4003446293372,6.0196678787307
"5514",24,"UKENSW_WXW_TP000004",5.168561725,5.19106712177875,4.41143423677678,5.96936205908526
"5515",25,"UKENSW_WXW_TP000004",NA,5.15787004002879,4.34540526836193,5.97110953726689
"5516",26,"UKENSW_WXW_TP000004",3.98427441,5.03448292395259,4.2554088703836,5.81159992096006
"5517",27,"UKENSW_WXW_TP000004",NA,5.01111373443177,4.19370675684225,5.82707316046878
"5518",28,"UKENSW_WXW_TP000004",4.546089914,5.11447453128179,4.33532514581377,5.89170896226713
"5519",29,"UKENSW_WXW_TP000004",NA,5.14372578939277,4.334170303939,5.9539681079075
"5520",30,"UKENSW_WXW_TP000004",4.820864184,5.08199441861332,4.30466218237975,5.86091364690764
"5521",31,"UKENSW_WXW_TP000004",NA,4.99442004236101,4.15558114525964,5.83381989278991
"5522",32,"UKENSW_WXW_TP000004",4.780727584,5.0726839385198,4.29058341353136,5.85445008063366
"5523",33,"UKENSW_WXW_TP000004",NA,4.94967608156841,4.15291244790387,5.74700656788767
"5524",34,"UKENSW_WXW_TP000004",4.653304996,4.86877850703969,4.09069194141705,5.64706115057603
"5525",35,"UKENSW_WXW_TP000004",NA,4.8098495808878,3.99548228975153,5.62420487251233
"5526",36,"UKENSW_WXW_TP000004",2.488326723,4.85954436238656,4.08163945199156,5.63836837044435
"5527",37,"UKENSW_WXW_TP000004",NA,5.22774977794148,4.41418924811433,6.04110666228871
"5528",38,"UKENSW_WXW_TP000004",4.392130102,5.18753205640789,4.4084099495281,5.96655756030509
"5529",39,"UKENSW_WXW_TP000004",NA,5.51668468172427,4.70418138956548,6.33178327214132
"5530",40,"UKENSW_WXW_TP000004",5.027968972,5.37831884319173,4.60006601190679,6.15705752243294
"5531",41,"UKENSW_WXW_TP000004",NA,5.49192649530444,4.68008801038533,6.30553387750522
"5532",42,"UKENSW_WXW_TP000004",4.093935978,5.40269258733612,4.62310436380804,6.18427694896922
"5533",43,"UKENSW_WXW_TP000004",NA,5.4957654163322,4.69026331065009,6.30293795844729
"5534",44,"UKENSW_WXW_TP000004",4.240399632,5.39254366106691,4.6138082608656,6.17196762178351
"5535",45,"UKENSW_WXW_TP000004",NA,5.40693742084295,4.58089238631866,6.23357763117759
"5671",1,"UKENSW_WXW_TP000100",NA,4.68805649519487,3.84182784164006,5.53175665853211
"5672",2,"UKENSW_WXW_TP000100",3.725560857,4.67986335901573,3.86996067656097,5.48923763434637
"5673",3,"UKENSW_WXW_TP000100",NA,4.95909653372769,4.13105944463724,5.78696578535306
"5674",4,"UKENSW_WXW_TP000100",4.747183838,4.88304188242063,4.07399713160291,5.6920656012641
"5675",5,"UKENSW_WXW_TP000100",NA,5.12460745584547,4.28905012837024,5.96335926875856
"5676",6,"UKENSW_WXW_TP000100",4.794776326,5.2138256425201,4.40617506019712,6.02240936502266
"5677",7,"UKENSW_WXW_TP000100",NA,5.11404072496344,4.27374491716575,5.95678130044928
"5678",8,"UKENSW_WXW_TP000100",5.206861298,5.1459111918425,4.33858282272942,5.95440547158643
"5679",9,"UKENSW_WXW_TP000100",NA,5.41138742928641,4.57158162501327,6.25054790262288
"5680",10,"UKENSW_WXW_TP000100",5.805198433,5.57510449679046,4.76608168571663,6.38378951376973
"5681",11,"UKENSW_WXW_TP000100",NA,5.68747793406624,4.85154885019979,6.52604222245642
"5682",12,"UKENSW_WXW_TP000100",5.277748391,5.64257516774969,4.83418369698719,6.45029614699779
"5683",13,"UKENSW_WXW_TP000100",NA,5.50540658049866,4.66440014960261,6.34654058722972
"5684",14,"UKENSW_WXW_TP000100",5.839593124,5.50326213986044,4.69368463489455,6.31495752234869
"5685",15,"UKENSW_WXW_TP000100",NA,5.58271934428638,4.74694084551595,6.4207624792194
"5686",16,"UKENSW_WXW_TP000100",5.707239078,5.71038928368557,4.90224564965471,6.51849891200046
"5687",17,"UKENSW_WXW_TP000100",NA,5.580911302955,4.74786467065537,6.41643281267436
"5688",18,"UKENSW_WXW_TP000100",5.416633997,5.46609454612232,4.65904112400834,6.27411305416818
"5689",19,"UKENSW_WXW_TP000100",NA,5.33276396576648,4.49705940993904,6.16780251927135
"5690",20,"UKENSW_WXW_TP000100",5.033745431,5.42608000745178,4.61776383668706,6.23385295276311
"5691",21,"UKENSW_WXW_TP000100",NA,5.40801502329887,4.5722645815207,6.24267175259215
"5692",22,"UKENSW_WXW_TP000100",5.359488494,5.37628431503227,4.56738666845316,6.18438344101629
"5693",23,"UKENSW_WXW_TP000100",NA,5.52402001989346,4.69331332606841,6.35572353931864
"5694",24,"UKENSW_WXW_TP000100",5.918276429,5.50279278548233,4.69308559357557,6.31083506723586
"5695",25,"UKENSW_WXW_TP000100",NA,5.47757205685374,4.64381339289033,6.31233252145195
"5696",26,"UKENSW_WXW_TP000100",5.395056191,5.42994544751219,4.62195451994256,6.23787746200965
"5697",27,"UKENSW_WXW_TP000100",NA,5.32845716577703,4.4903624827527,6.16497367180401
"5698",28,"UKENSW_WXW_TP000100",5.039879919,5.50984158934429,4.70175694774131,6.31764890530596
"5699",29,"UKENSW_WXW_TP000100",NA,5.47888312674616,4.64846329857065,6.30976505135553
"5700",30,"UKENSW_WXW_TP000100",5.265547757,5.44332013432503,4.63645417215592,6.25123321701257
"5701",31,"UKENSW_WXW_TP000100",NA,5.31011366540194,4.45052158047858,6.17045468702373
"5702",32,"UKENSW_WXW_TP000100",5.59218832,5.38676462817541,4.57609907975576,6.19782556058104
"5703",33,"UKENSW_WXW_TP000100",NA,5.30230234964279,4.48116201883921,6.12479675291672
"5704",34,"UKENSW_WXW_TP000100",5.272980309,5.1964853311531,4.38814160723787,6.00515489626911
"5705",35,"UKENSW_WXW_TP000100",NA,5.12494491947297,4.2905829310695,5.95971736928544
"5706",36,"UKENSW_WXW_TP000100",5.256950415,5.16867757217934,4.36091867085119,5.97756549240909
"5707",37,"UKENSW_WXW_TP000100",NA,5.54092970737368,4.70727089418837,6.37466555066857
"5708",38,"UKENSW_WXW_TP000100",5.169249312,5.53359703318836,4.72481649024872,6.34258258114237
"5709",39,"UKENSW_WXW_TP000100",NA,5.82808606920383,4.9946275355701,6.66469751073987
"5710",40,"UKENSW_WXW_TP000100",5.991223677,5.67575123549083,4.86625128134111,6.48617005635135
"5711",41,"UKENSW_WXW_TP000100",NA,5.81441134205643,4.98212477334996,6.6484983658507
"5712",42,"UKENSW_WXW_TP000100",5.779229707,5.71835017722436,4.90839959943805,6.53074777455696
"5713",43,"UKENSW_WXW_TP000100",NA,5.79226423155214,4.96168514269984,6.6252983089976
"5714",44,"UKENSW_WXW_TP000100",5.227704298,5.70810343316171,4.90011036576458,6.51711114866379
"5715",45,"UKENSW_WXW_TP000100",NA,5.70898375224456,4.86116336314742,6.55818284272802
"5761",1,"UKENTH_TWU_TP000010",3.692810809,4.12007296607122,3.29196913872406,4.94595640062652
"5762",2,"UKENTH_TWU_TP000010",NA,4.0719723923596,3.28821619755463,4.85716475215888
"5763",3,"UKENTH_TWU_TP000010",4.525526926,4.39717112738988,3.58810373017216,5.20716011364163
"5764",4,"UKENTH_TWU_TP000010",NA,4.36798340241833,3.58379627400927,5.15064502155394
"5765",5,"UKENTH_TWU_TP000010",3.821737044,4.588928457726,3.76755009662152,5.41239644443909
"5766",6,"UKENTH_TWU_TP000010",NA,4.67973813737946,3.89497553361514,5.46212307274103
"5767",7,"UKENTH_TWU_TP000010",5.843227089,4.57927248487343,3.75463503940069,5.40589582387934
"5768",8,"UKENTH_TWU_TP000010",NA,4.6284314610137,3.84528962700594,5.41038085134781
"5769",9,"UKENTH_TWU_TP000010",4.688065092,4.86372113952377,4.03868262879926,5.6879442708297
"5770",10,"UKENTH_TWU_TP000010",NA,5.07081115610158,4.28340962604544,5.85476012535812
"5771",11,"UKENTH_TWU_TP000010",NA,5.1231438617424,4.30358157088803,5.94493015079483
"5772",12,"UKENTH_TWU_TP000010",NA,5.03992262270491,4.25823007092393,5.82322400683131
"5773",13,"UKENTH_TWU_TP000010",NA,4.98389523442689,4.16361968288523,5.80568219386031
"5774",14,"UKENTH_TWU_TP000010",NA,5.16218123775134,4.37751615265068,5.94555268821279
"5775",15,"UKENTH_TWU_TP000010",NA,5.0230087965772,4.20333712819539,5.84483556192803
"5776",16,"UKENTH_TWU_TP000010",4.666089603,5.19477760216349,4.40838347649389,5.97837645580092
"5777",17,"UKENTH_TWU_TP000010",NA,5.02459508867405,4.20711037512778,5.8440181217928
"5778",18,"UKENTH_TWU_TP000010",4.96872585,4.85273547224924,4.07073715366035,5.63612152710529
"5779",19,"UKENTH_TWU_TP000010",NA,4.78748991679854,3.96387223561922,5.60957328334203
"5780",20,"UKENTH_TWU_TP000010",5.079978076,4.82535603949144,4.04313422020535,5.60919542807961
"5781",21,"UKENTH_TWU_TP000010",5.577176862,4.86401778901701,4.04459744840241,5.68341937384006
"5782",22,"UKENTH_TWU_TP000010",NA,4.7858171049948,4.00354862245111,5.56852703953833
"5783",23,"UKENTH_TWU_TP000010",5.168635653,4.98841961762176,4.17452363678659,5.80216859504899
"5784",24,"UKENTH_TWU_TP000010",NA,4.90030638375999,4.11712385845226,5.68238101143886
"5785",25,"UKENTH_TWU_TP000010",NA,4.94168112590165,4.12420688742877,5.75983273224056
"5786",26,"UKENTH_TWU_TP000010",5.129964309,4.78777205450866,4.00516920023224,5.5698321406032
"5787",27,"UKENTH_TWU_TP000010",5.371034328,4.77076763339431,3.94871492146392,5.59220562775883
"5788",28,"UKENTH_TWU_TP000010",NA,4.90294507905153,4.12078577410085,5.6863033911193
"5789",29,"UKENTH_TWU_TP000010",NA,4.90916804042972,4.09316920479543,5.7252809296813
"5790",30,"UKENTH_TWU_TP000010",5.709554293,4.78191872850162,3.99845383951289,5.56968086329323
"5791",31,"UKENTH_TWU_TP000010",NA,4.66379706463514,3.79724010048718,5.52794155914807
"5792",32,"UKENTH_TWU_TP000010",4.665959556,4.74915461606188,3.96221879422697,5.53802332262526
"5793",33,"UKENTH_TWU_TP000010",5.693909526,4.75258141640754,3.95456793493193,5.55256111294211
"5794",34,"UKENTH_TWU_TP000010",NA,4.60290131841669,3.81983280363886,5.38540585630391
"5795",35,"UKENTH_TWU_TP000010",4.884533771,4.58566080346473,3.76350895356585,5.4070195940511
"5796",36,"UKENTH_TWU_TP000010",NA,4.67538735646432,3.89329821178585,5.45800113065216
"5797",37,"UKENTH_TWU_TP000010",NA,4.98366015730075,4.16293856224627,5.80387731204348
"5798",38,"UKENTH_TWU_TP000010",5.90403448,4.96197926555744,4.18017341468549,5.74607921541287
"5799",39,"UKENTH_TWU_TP000010",5.804706897,5.30173297934163,4.48314753182247,6.1214722980663
"5800",40,"UKENTH_TWU_TP000010",NA,5.07368650744703,4.29023251987453,5.85882263202814
"5801",41,"UKENTH_TWU_TP000010",NA,5.32601765116287,4.50654262875924,6.14810839471234
"5802",42,"UKENTH_TWU_TP000010",6.036033196,5.27606510195742,4.49281062059883,6.05802734021395
"5803",43,"UKENTH_TWU_TP000010",6.241339719,5.26323278434031,4.45339878825706,6.07233269376445
"5804",44,"UKENTH_TWU_TP000010",NA,5.14481136162093,4.36019606398526,5.93029423054913
"5805",45,"UKENTH_TWU_TP000010",NA,5.23242877061746,4.40758946977784,6.05517460418909
"6256",1,"UKENTH_TWU_TP000100",NA,3.98438481898461,3.14030146936211,4.82620189637707
"6257",2,"UKENTH_TWU_TP000100",4.11801768,3.94851200425756,3.15733078547501,4.74199949634487
"6258",3,"UKENTH_TWU_TP000100",4.260882957,4.23306152441919,3.40603215198855,5.05988130988752
"6259",4,"UKENTH_TWU_TP000100",NA,4.27568663195013,3.48268017063415,5.06816453158525
"6260",5,"UKENTH_TWU_TP000100",NA,4.46191053253962,3.61915535029481,5.30626308613416
"6261",6,"UKENTH_TWU_TP000100",5.155706771,4.51844451806551,3.72392966783426,5.30914823120202
"6262",7,"UKENTH_TWU_TP000100",NA,4.42740537264155,3.58076032949162,5.27597625834204
"6263",8,"UKENTH_TWU_TP000100",4.993400704,4.46744431291549,3.67530995590877,5.25888616320349
"6264",9,"UKENTH_TWU_TP000100",NA,4.74065682352789,3.89377549464286,5.58571535348014
"6265",10,"UKENTH_TWU_TP000100",5.457746045,4.94930444969364,4.15546332864148,5.74005581422608
"6266",11,"UKENTH_TWU_TP000100",NA,4.98310401252624,4.14323057349976,5.82509199964561
"6267",12,"UKENTH_TWU_TP000100",3.389568871,4.9101331488342,4.11983038576321,5.70385482280592
"6268",13,"UKENTH_TWU_TP000100",NA,4.83597496251527,3.9954947018066,5.67790263889714
"6269",14,"UKENTH_TWU_TP000100",5.595764655,5.05202953438384,4.25870450239401,5.8434313883739
"6270",15,"UKENTH_TWU_TP000100",NA,4.8891929000463,4.05002122033224,5.7299756147927
"6271",16,"UKENTH_TWU_TP000100",5.217953991,5.0818716133509,4.28930006479573,5.87522528200556
"6272",17,"UKENTH_TWU_TP000100",NA,4.89433965976553,4.05497621589001,5.73530085673312
"6273",18,"UKENTH_TWU_TP000100",4.800563153,4.63045469436201,3.83620156974004,5.4220411622932
"6274",19,"UKENTH_TWU_TP000100",NA,4.65981191397775,3.81373559694223,5.50368477415737
"6275",20,"UKENTH_TWU_TP000100",4.712510536,4.73453485879832,3.94084083910472,5.52736316934256
"6276",21,"UKENTH_TWU_TP000100",NA,4.72757120953141,3.88619182235017,5.56821196388204
"6277",22,"UKENTH_TWU_TP000100",4.984079027,4.63762132317856,3.84284075727459,5.42974902821999
"6278",23,"UKENTH_TWU_TP000100",NA,4.86537049221586,4.03573876519975,5.69406545783152
"6279",24,"UKENTH_TWU_TP000100",5.70754608,4.76056161835751,3.96812640566778,5.55207755143753
"6280",25,"UKENTH_TWU_TP000100",NA,4.82037864865478,3.98138174005909,5.65963637677024
"6281",26,"UKENTH_TWU_TP000100",5.427684252,4.60874619795494,3.81407629820542,5.39934850062981
"6282",27,"UKENTH_TWU_TP000100",NA,4.62267822801425,3.77943195720147,5.46480571538407
"6283",28,"UKENTH_TWU_TP000100",5.13330045,4.75767598373102,3.96590653713949,5.5493597299807
"6284",29,"UKENTH_TWU_TP000100",NA,4.78559245876341,3.94651757853611,5.62387919109894
"6285",30,"UKENTH_TWU_TP000100",6.006023716,4.64698830546571,3.85511306165711,5.44281277335558
"6286",31,"UKENTH_TWU_TP000100",NA,4.51672730660844,3.62368569384664,5.40645466789765
"6287",32,"UKENTH_TWU_TP000100",4.588082346,4.61322418892144,3.8113443362943,5.41821204506077
"6288",33,"UKENTH_TWU_TP000100",NA,4.59959043029246,3.7962909014043,5.40421911362056
"6289",34,"UKENTH_TWU_TP000100",5.402613308,4.47112679355288,3.67522431299328,5.26306892257916
"6290",35,"UKENTH_TWU_TP000100",NA,4.45492666529392,3.61094157934211,5.29750372403693
"6291",36,"UKENTH_TWU_TP000100",4.380643778,4.56300899111423,3.7696230310053,5.35420369901478
"6292",37,"UKENTH_TWU_TP000100",NA,4.85384280287468,4.01251827004916,5.69470790353092
"6293",38,"UKENTH_TWU_TP000100",5.481078862,4.80195082526724,4.01065590887157,5.59610245036877
"6294",39,"UKENTH_TWU_TP000100",NA,5.17751303525605,4.33733621235797,6.01820140945184
"6295",40,"UKENTH_TWU_TP000100",6.301595476,4.9128523789063,4.1208436900339,5.70765718931678
"6296",41,"UKENTH_TWU_TP000100",NA,5.20338817781793,4.36328192272904,6.04550361678906
"6297",42,"UKENTH_TWU_TP000100",5.582335312,5.19941480921291,4.40536090669126,5.99154703491147
"6298",43,"UKENTH_TWU_TP000100",NA,5.17561693667112,4.35125322191295,5.99951270491856
"6299",44,"UKENTH_TWU_TP000100",5.51081057,5.06984258689958,4.27315562272012,5.86669382267128
"6300",45,"UKENTH_TWU_TP000100",NA,5.14645097509777,4.31443276823723,5.97565514962796
"6346",1,"UKENTH_TWU_TP000103",NA,3.61629452377932,2.76591827685041,4.46311042944621
"6347",2,"UKENTH_TWU_TP000103",4.325357756,3.64751549158812,2.84924292107677,4.44692500007977
"6348",3,"UKENTH_TWU_TP000103",NA,3.88418268072986,3.05194495726856,4.71614068455834
"6349",4,"UKENTH_TWU_TP000103",5.364435515,3.80248732634452,3.0013425986164,4.60154013705247
"6350",5,"UKENTH_TWU_TP000103",NA,4.09806963354439,3.25327340481443,4.94403590175697
"6351",6,"UKENTH_TWU_TP000103",5.56056701,4.30780923153366,3.50707563346064,5.10939916158308
"6352",7,"UKENTH_TWU_TP000103",NA,4.05935865491639,3.20916638414925,4.91071620754887
"6353",8,"UKENTH_TWU_TP000103",5.255437581,4.17187833693859,3.37025876634746,4.97227141545631
"6354",9,"UKENTH_TWU_TP000103",NA,4.3657831386123,3.51728989590747,5.21267964464039
"6355",10,"UKENTH_TWU_TP000103",5.690207667,4.46931861376645,3.66692021451253,5.26725973716149
"6356",11,"UKENTH_TWU_TP000103",NA,4.60883508531873,3.76822975434105,5.4512013554656
"6357",12,"UKENTH_TWU_TP000103",6.003075194,4.46375618107755,3.66471545166892,5.26217387777788
"6358",13,"UKENTH_TWU_TP000103",NA,4.46504976446293,3.62381284763646,5.30714720233446
"6359",14,"UKENTH_TWU_TP000103",6.375010694,4.66477176526325,3.86332839541052,5.46384214263821
"6360",15,"UKENTH_TWU_TP000103",NA,4.51195653655424,3.67176467380434,5.35340520794325
"6361",16,"UKENTH_TWU_TP000103",6.06910831,4.70109195062347,3.90117602893954,5.50032721360811
"6362",17,"UKENTH_TWU_TP000103",NA,4.52386124220175,3.6840582709878,5.36467588219033
"6363",18,"UKENTH_TWU_TP000103",5.551214881,4.33240993289063,3.53332888588357,5.12970675019537
"6364",19,"UKENTH_TWU_TP000103",NA,4.28674869270606,3.43932496272599,5.13194355521409
"6365",20,"UKENTH_TWU_TP000103",5.804840432,4.27807485626688,3.47639248921462,5.07518467830449
"6366",21,"UKENTH_TWU_TP000103",NA,4.37265617484144,3.53172981531717,5.21290872516234
"6367",22,"UKENTH_TWU_TP000103",5.195998043,4.23660932619906,3.43703125324506,5.03341673859997
"6368",23,"UKENTH_TWU_TP000103",NA,4.49206845191388,3.65635642179111,5.327189821406
"6369",24,"UKENTH_TWU_TP000103",6.182335714,4.33286779089014,3.5324018368973,5.13025643864126
"6370",25,"UKENTH_TWU_TP000103",NA,4.43905052951343,3.59598691700297,5.28201234604681
"6371",26,"UKENTH_TWU_TP000103",6.317669133,4.27211579405551,3.47299585243766,5.06921062312325
"6372",27,"UKENTH_TWU_TP000103",NA,4.2359469040793,3.39171333145303,5.07852987108516
"6373",28,"UKENTH_TWU_TP000103",6.000734369,4.30071085219391,3.49738541412742,5.09921696686099
"6374",29,"UKENTH_TWU_TP000103",NA,4.4211061098864,3.58015856538165,5.26088069905055
"6375",30,"UKENTH_TWU_TP000103",6.313534879,4.25744091168236,3.45598179900811,5.05906675625185
"6376",31,"UKENTH_TWU_TP000103",NA,4.18867691105699,3.30553161892926,5.06951129784334
"6377",32,"UKENTH_TWU_TP000103",6.441846453,4.25506843532365,3.45454961685345,5.0586977228261
"6378",33,"UKENTH_TWU_TP000103",NA,4.23371962000714,3.41144134997526,5.05658160364946
"6379",34,"UKENTH_TWU_TP000103",6.138588328,4.1640923809295,3.36277358468449,4.96318174360896
"6380",35,"UKENTH_TWU_TP000103",NA,4.07651452709632,3.23176262538221,4.91949886925667
"6381",36,"UKENTH_TWU_TP000103",6.785324036,4.15461721084046,3.35656814506298,4.95328856196487
"6382",37,"UKENTH_TWU_TP000103",NA,4.50181350834481,3.6605365988893,5.34205281878886
"6383",38,"UKENTH_TWU_TP000103",6.110913349,4.49226727774325,3.69411379194124,5.29013741476918
"6384",39,"UKENTH_TWU_TP000103",NA,4.80893858559124,3.97068809766675,5.6481551435783
"6385",40,"UKENTH_TWU_TP000103",6.173138997,4.59786569825007,3.79722152109416,5.39762854244839
"6386",41,"UKENTH_TWU_TP000103",NA,4.83684341321101,3.99448457812538,5.68106901758036
"6387",42,"UKENTH_TWU_TP000103",6.705960576,4.8378687692705,4.04028721484833,5.63649757758093
"6388",43,"UKENTH_TWU_TP000103",NA,4.75527551058476,3.92942414907878,5.58046544099371
"6389",44,"UKENTH_TWU_TP000103",6.192744794,4.60721860122613,3.80044496571561,5.41292098151946
"6390",45,"UKENTH_TWU_TP000103",NA,4.72554160836801,3.87266356402729,5.57591417231145
"6391",1,"UKENTH_TWU_TP000106",NA,4.12565296137205,3.30548221259322,4.94377304983471
"6392",2,"UKENTH_TWU_TP000106",3.707546285,4.17093409296269,3.41211608740746,4.93403500517019
"6393",3,"UKENTH_TWU_TP000106",NA,4.36440683940272,3.56340625680583,5.16550180256562
"6394",4,"UKENTH_TWU_TP000106",4.334945783,4.38515928543704,3.6270502480885,5.14426472108074
"6395",5,"UKENTH_TWU_TP000106",NA,4.61641815310208,3.80013565207248,5.43536288600053
"6396",6,"UKENTH_TWU_TP000106",4.623904679,4.81866772087672,4.06171860280943,5.58058844208464
"6397",7,"UKENTH_TWU_TP000106",NA,4.566604175312,3.74626789857173,5.38949582982776
"6398",8,"UKENTH_TWU_TP000106",NA,4.64230044013733,3.88606850316877,5.39974989812222
"6399",9,"UKENTH_TWU_TP000106",4.767724439,4.88722336144716,4.06352241612806,5.71048242189301
"6400",10,"UKENTH_TWU_TP000106",NA,5.02165564183927,4.26137581374202,5.7799820978416
"6401",11,"UKENTH_TWU_TP000106",4.449008199,5.12289232030181,4.30727670989959,5.9414811160397
"6402",12,"UKENTH_TWU_TP000106",NA,4.99095500687612,4.23388901754013,5.74912465440936
"6403",13,"UKENTH_TWU_TP000106",4.333125262,4.96379514452846,4.1470418994595,5.78216865096422
"6404",14,"UKENTH_TWU_TP000106",4.412976581,5.1925173021572,4.43502240047998,5.95075245567653
"6405",15,"UKENTH_TWU_TP000106",NA,5.02521266664665,4.20951008792262,5.84305511312615
"6406",16,"UKENTH_TWU_TP000106",5.020798839,5.21816624653782,4.46215350717592,5.97686734192336
"6407",17,"UKENTH_TWU_TP000106",NA,5.03950625813994,4.22636667496603,5.85492359028601
"6408",18,"UKENTH_TWU_TP000106",4.245717188,4.72518277122174,3.96365910691694,5.48321989952241
"6409",19,"UKENTH_TWU_TP000106",NA,4.80994643556743,3.988959087576,5.63011628931455
"6410",20,"UKENTH_TWU_TP000106",4.542922285,4.7809772600441,4.0150914425263,5.54187426145641
"6411",21,"UKENTH_TWU_TP000106",NA,4.87782169912247,4.06302374401055,5.69294096788668
"6412",22,"UKENTH_TWU_TP000106",4.870503793,4.74777160751191,3.98780984831016,5.50555006956287
"6413",23,"UKENTH_TWU_TP000106",NA,5.01407104234008,4.20748779663983,5.82144729083526
"6414",24,"UKENTH_TWU_TP000106",4.836428679,4.8582345228162,4.09929623537006,5.61571132129587
"6415",25,"UKENTH_TWU_TP000106",NA,4.96534097789791,4.14978275712768,5.78211596651638
"6416",26,"UKENTH_TWU_TP000106",4.231697352,4.7872624593884,4.03043151417634,5.54446842014184
"6417",27,"UKENTH_TWU_TP000106",NA,4.74244199108869,3.924578338391,5.55927315944073
"6418",28,"UKENTH_TWU_TP000106",4.663868389,4.832412303777,4.07338032077867,5.58962447859191
"6419",29,"UKENTH_TWU_TP000106",NA,4.94194689647956,4.12923896943361,5.7550390246021
"6420",30,"UKENTH_TWU_TP000106",4.024400553,4.80526935855304,4.04762995982114,5.56640556070393
"6421",31,"UKENTH_TWU_TP000106",NA,4.67177835529148,3.80921119789722,5.53225757570856
"6422",32,"UKENTH_TWU_TP000106",5.044927265,4.75052871715063,3.98692609221171,5.5168696418807
"6423",33,"UKENTH_TWU_TP000106",NA,4.72508735437527,3.94098851827071,5.51030313813763
"6424",34,"UKENTH_TWU_TP000106",3.650894579,4.65618347267814,3.89573717326485,5.41566319384958
"6425",35,"UKENTH_TWU_TP000106",NA,4.58982745876019,3.77310715428777,5.40570317707412
"6426",36,"UKENTH_TWU_TP000106",4.487174861,4.67960589649117,3.92290337562125,5.43662838774133
"6427",37,"UKENTH_TWU_TP000106",NA,5.01009111419432,4.19441503640606,5.82614117304881
"6428",38,"UKENTH_TWU_TP000106",4.741579654,4.96901197944773,4.21268465572593,5.72670602915259
"6429",39,"UKENTH_TWU_TP000106",NA,5.32909919473112,4.51396062445635,6.14644167849056
"6430",40,"UKENTH_TWU_TP000106",4.683587658,5.06515978536989,4.30755108576641,5.82348706193318
"6431",41,"UKENTH_TWU_TP000106",NA,5.35731093211899,4.54267316486993,6.17502494641869
"6432",42,"UKENTH_TWU_TP000106",5.071427626,5.38886791221888,4.6317352202859,6.14863786986162
"6433",43,"UKENTH_TWU_TP000106",NA,5.32017443013169,4.53319798540616,6.10910418664314
"6434",44,"UKENTH_TWU_TP000106",4.724201459,5.20120317323876,4.43132485127509,5.97196037131943
"6435",45,"UKENTH_TWU_TP000106",NA,5.28415666487761,4.47073778949047,6.09667714929047
"6661",1,"UKENTH_TWU_TP000133",NA,3.49376053493078,2.64679122892411,4.33811647213243
"6662",2,"UKENTH_TWU_TP000133",4.510783462,3.45928458511906,2.66755511714918,4.25183826767336
"6663",3,"UKENTH_TWU_TP000133",NA,3.73097713201729,2.90006261211432,4.56078932888529
"6664",4,"UKENTH_TWU_TP000133",3.909977917,3.83167692002131,3.03940003722221,4.62628386417219
"6665",5,"UKENTH_TWU_TP000133",NA,3.97878698824621,3.13130623121103,4.8280054785733
"6666",6,"UKENTH_TWU_TP000133",4.77602232,4.05549363718345,3.26321597931981,4.84616912360926
"6667",7,"UKENTH_TWU_TP000133",NA,3.93059413388526,3.07814462274318,4.7848328614155
"6668",8,"UKENTH_TWU_TP000133",5.222741917,3.96472764455108,3.17220287325406,4.755508656944
"6669",9,"UKENTH_TWU_TP000133",NA,4.26350157659778,3.40975035089059,5.11568663428008
"6670",10,"UKENTH_TWU_TP000133",5.461022864,4.44917423480559,3.6556663521805,5.24004497462438
"6671",11,"UKENTH_TWU_TP000133",NA,4.49493067601528,3.64918108514004,5.34298496376606
"6672",12,"UKENTH_TWU_TP000133",5.0058108,4.40806347324735,3.61725895921101,5.20035527664382
"6673",13,"UKENTH_TWU_TP000133",NA,4.34414579155179,3.49730406221133,5.19219597661396
"6674",14,"UKENTH_TWU_TP000133",5.097482857,4.55758337704394,3.76481690372232,5.34894002485185
"6675",15,"UKENTH_TWU_TP000133",NA,4.40249978497112,3.55678442612507,5.2496360991497
"6676",16,"UKENTH_TWU_TP000133",5.745200034,4.59250698577867,3.80199736502032,5.38495012805816
"6677",17,"UKENTH_TWU_TP000133",NA,4.40842223558621,3.56433096981242,5.25413166176485
"6678",18,"UKENTH_TWU_TP000133",5.217270977,4.1261828071113,3.33315062250675,4.91701346278954
"6679",19,"UKENTH_TWU_TP000133",NA,4.18112457187516,3.33060694464651,5.02989304136509
"6680",20,"UKENTH_TWU_TP000133",5.112230031,4.24482866367056,3.44922411413316,5.038319007682
"6681",21,"UKENTH_TWU_TP000133",NA,4.23836623421502,3.39280048538814,5.08350810184093
"6682",22,"UKENTH_TWU_TP000133",2.94423992,4.16762488828526,3.37267139952677,4.96146268172607
"6683",23,"UKENTH_TWU_TP000133",NA,4.38216333778445,3.5508839602555,5.21319258409204
"6684",24,"UKENTH_TWU_TP000133",5.554572598,4.25457048564173,3.46220959877054,5.04553574050178
"6685",25,"UKENTH_TWU_TP000133",NA,4.3333965860504,3.48851068114855,5.17877358282434
"6686",26,"UKENTH_TWU_TP000133",5.721064103,4.14726041748565,3.35529609812112,4.93813028588754
"6687",27,"UKENTH_TWU_TP000133",NA,4.128857919932,3.27984397512522,4.97649760774181
"6688",28,"UKENTH_TWU_TP000133",5.844048559,4.27253939378242,3.48140962639057,5.06376767063538
"6689",29,"UKENTH_TWU_TP000133",NA,4.30315369264355,3.45833436471647,5.14719651339276
"6690",30,"UKENTH_TWU_TP000133",5.544040315,4.17855555975299,3.38719807388011,4.97264696212268
"6691",31,"UKENTH_TWU_TP000133",NA,4.03450001502172,3.13731016051826,4.92846661645162
"6692",32,"UKENTH_TWU_TP000133",NA,4.13992679108383,3.33323863148172,4.94922812236657
"6693",33,"UKENTH_TWU_TP000133",5.258391779,4.0951538266564,3.29197888729443,4.89838187058676
"6694",34,"UKENTH_TWU_TP000133",5.080295497,3.96382916993772,3.16521379066017,4.75705096547088
"6695",35,"UKENTH_TWU_TP000133",NA,3.96917426178694,3.12132626849821,4.81562354357149
"6696",36,"UKENTH_TWU_TP000133",5.529510794,4.08565393017683,3.29419952930307,4.87636774272412
"6697",37,"UKENTH_TWU_TP000133",NA,4.37126998537316,3.52534351458026,5.21717940329513
"6698",38,"UKENTH_TWU_TP000133",5.673483617,4.30238908388259,3.51167481201511,5.09489760761609
"6699",39,"UKENTH_TWU_TP000133",NA,4.69449367127489,3.84946795154072,5.54032269665166
"6700",40,"UKENTH_TWU_TP000133",5.231230265,4.41223900405007,3.61752525833755,5.20889055247789
"6701",41,"UKENTH_TWU_TP000133",NA,4.72097489754019,3.87536179041691,5.56892089757684
"6702",42,"UKENTH_TWU_TP000133",4.882038627,4.72976817411351,3.93584698579266,5.52318663024922
"6703",43,"UKENTH_TWU_TP000133",NA,4.71633736774852,3.88986857727777,5.54441823471696
"6704",44,"UKENTH_TWU_TP000133",4.298488587,4.5774055100647,3.77930508569616,5.37473801761514
"6705",45,"UKENTH_TWU_TP000133",5.478801438,4.6942801851031,3.86612574644662,5.52199348184905
"1",1,"UKENAN_AW_TP000016",NA,4.20402264151556,3.36717143444474,5.03837125980933
"2",2,"UKENAN_AW_TP000016",3.166716595,4.1842316142491,3.39203776773579,4.97625890583185
"3",3,"UKENAN_AW_TP000016",NA,4.4914329413556,3.67340944000417,5.31002897587233
"4",4,"UKENAN_AW_TP000016",4.399067904,4.44142897815661,3.64921540534721,5.23413495553228
"5",5,"UKENAN_AW_TP000016",NA,4.67178209815917,3.84300998708437,5.50243203652607
"6",6,"UKENAN_AW_TP000016",4.798044081,4.83077031850487,4.03459262505314,5.62420272345775
"7",7,"UKENAN_AW_TP000016",NA,4.6582824492975,3.82588379964296,5.4924864664806
"8",8,"UKENAN_AW_TP000016",5.232496879,4.76465894976293,3.97061666540021,5.55669009789941
"9",9,"UKENAN_AW_TP000016",NA,4.94802288287201,4.11585541797617,5.77949387693525
"10",10,"UKENAN_AW_TP000016",4.194496483,5.09311893022245,4.29944308573542,5.88447928941253
"11",11,"UKENAN_AW_TP000016",NA,5.19911146174748,4.37176099142056,6.02893922602238
"12",12,"UKENAN_AW_TP000016",3.188630181,5.11026722209697,4.31898942572189,5.9045499956894
"13",13,"UKENAN_AW_TP000016",NA,5.06866818380421,4.24147357309093,5.89765269321681
"14",14,"UKENAN_AW_TP000016",6.306866468,5.23059952694646,4.4352613566733,6.02337987540091
"15",15,"UKENAN_AW_TP000016",NA,5.10427660054127,4.27680384035165,5.93405529310259
"16",16,"UKENAN_AW_TP000016",5.303425248,5.3243850347413,4.53100461482363,6.11789615793148
"17",17,"UKENAN_AW_TP000016",NA,5.10403783609846,4.27892643884836,5.93090293468471
"18",18,"UKENAN_AW_TP000016",4.390269909,4.98734942106312,4.19618519939414,5.77886849742155
"19",19,"UKENAN_AW_TP000016",NA,4.87014654328947,4.03913939268348,5.69968351192159
"20",20,"UKENAN_AW_TP000016",5.671741487,4.89140470001854,4.10020352602532,5.68345942353571
"21",21,"UKENAN_AW_TP000016",NA,4.95135341151329,4.12440622240375,5.7784852412252
"22",22,"UKENAN_AW_TP000016",3.953577011,4.85656345781142,4.06539477224669,5.6486187037455
"23",23,"UKENAN_AW_TP000016",NA,5.06388115661428,4.2413012309628,5.88668466722073
"24",24,"UKENAN_AW_TP000016",4.126032452,4.9673340540055,4.1754633504289,5.75874424204074
"25",25,"UKENAN_AW_TP000016",NA,5.02753059552228,4.20078332599366,5.85524399447266
"26",26,"UKENAN_AW_TP000016",4.096269631,4.89236352702488,4.10078205766374,5.68422488774546
"27",27,"UKENAN_AW_TP000016",NA,4.84703189299255,4.01799601680054,5.67546866649252
"28",28,"UKENAN_AW_TP000016",4.342471563,4.9812451173235,4.18896063631682,5.7727105817221
"29",29,"UKENAN_AW_TP000016",NA,4.99242504116771,4.16910018115484,5.81562499570402
"30",30,"UKENAN_AW_TP000016",3.660576284,4.88944815579114,4.09745720164754,5.68339838447961
"31",31,"UKENAN_AW_TP000016",NA,4.7684563298436,3.90213435913953,5.63309589954934
"32",32,"UKENAN_AW_TP000016",3.344399242,4.85898809130457,4.06526329055383,5.65726132009443
"33",33,"UKENAN_AW_TP000016",NA,4.82185231420908,4.01135738032445,5.63402259940624
"34",34,"UKENAN_AW_TP000016",3.84208184,4.68456040643028,3.89101791318647,5.47658352892881
"35",35,"UKENAN_AW_TP000016",NA,4.66760983623561,3.83865853285922,5.49574751063521
"36",36,"UKENAN_AW_TP000016",4.935562603,4.68362169354034,3.89196879508939,5.47610455180039
"37",37,"UKENAN_AW_TP000016",NA,5.07823866983174,4.25098951930637,5.90517515023852
"38",38,"UKENAN_AW_TP000016",5.473430513,5.07702753989532,4.28612113313535,5.86977294303638
"39",39,"UKENAN_AW_TP000016",NA,5.38013591087462,4.5542510578372,6.20762027955055
"40",40,"UKENAN_AW_TP000016",NA,5.18543526451961,4.39249774612429,5.97798551987207
"41",41,"UKENAN_AW_TP000016",NA,5.40874320407177,4.58162163464398,6.23854450806274
"42",42,"UKENAN_AW_TP000016",NA,5.30718356866189,4.51530291217095,6.09816518771497
"43",43,"UKENAN_AW_TP000016",NA,5.3045756614313,4.48278901297589,6.12598006365808
"44",44,"UKENAN_AW_TP000016",NA,5.11096925858424,4.31754238090704,5.90570116922376
"45",45,"UKENAN_AW_TP000016",NA,5.29108841420028,4.45358269261273,6.12757868447102
"91",1,"UKENAN_AW_TP000037",NA,4.43300422981561,3.59859115204021,5.26524321942595
"92",2,"UKENAN_AW_TP000037",3.903311068,4.37202901144324,3.58672695398742,5.15586406686593
"93",3,"UKENAN_AW_TP000037",NA,4.73586261430395,3.92200927462479,5.5504321586294
"94",4,"UKENAN_AW_TP000037",5.183000937,4.71331198392664,3.92930145849214,5.49811930932893
"95",5,"UKENAN_AW_TP000037",NA,4.90001678099657,4.07488317159291,5.72729215483222
"96",6,"UKENAN_AW_TP000037",4.947731398,5.06567130604505,4.27978375727033,5.85099902200597
"97",7,"UKENAN_AW_TP000037",NA,4.90337588738013,4.07635427357951,5.73230003052712
"98",8,"UKENAN_AW_TP000037",4.313605257,5.00036779243045,4.21482375029581,5.7842832243641
"99",9,"UKENAN_AW_TP000037",NA,5.17784779190383,4.34938353685883,6.00619450611627
"100",10,"UKENAN_AW_TP000037",5.384973196,5.40839320056153,4.62316826575582,6.19328337983196
"101",11,"UKENAN_AW_TP000037",NA,5.43047827188522,4.60590284202131,6.25743031100284
"102",12,"UKENAN_AW_TP000037",5.076687378,5.37176428284214,4.58896163698735,6.15778172095556
"103",13,"UKENAN_AW_TP000037",NA,5.31859276872768,4.49451777209051,6.14456418404538
"104",14,"UKENAN_AW_TP000037",5.630214491,5.44678791459029,4.6610885599871,6.23107658651484
"105",15,"UKENAN_AW_TP000037",NA,5.33454081121525,4.50993792078144,6.16141412980191
"106",16,"UKENAN_AW_TP000037",5.31335313,5.59418277860267,4.81002835741587,6.38025422585538
"107",17,"UKENAN_AW_TP000037",NA,5.33413918106751,4.51241047710293,6.15763844392757
"108",18,"UKENAN_AW_TP000037",4.963939863,5.22464017342644,4.44154783307405,6.00810331265916
"109",19,"UKENAN_AW_TP000037",NA,5.1023410401716,4.27506095387444,5.92849632120478
"110",20,"UKENAN_AW_TP000037",4.87561066,5.07393171030297,4.2904622813081,5.8587943879979
"111",21,"UKENAN_AW_TP000037",NA,5.16818719433243,4.34423538562629,5.99265017066449
"112",22,"UKENAN_AW_TP000037",5.063259459,5.08315003049052,4.30030378779793,5.86733068899605
"113",23,"UKENAN_AW_TP000037",NA,5.28976307759379,4.46999564618976,6.11007568966305
"114",24,"UKENAN_AW_TP000037",5.001672052,5.22052630250372,4.43677708962651,6.00349811277527
"115",25,"UKENAN_AW_TP000037",NA,5.24223377051224,4.41915742001743,6.06653988988486
"116",26,"UKENAN_AW_TP000037",4.876278364,5.14722346147754,4.36428985094394,5.93146498714132
"117",27,"UKENAN_AW_TP000037",NA,5.08467691421082,4.25830982823772,5.91049421354367
"118",28,"UKENAN_AW_TP000037",4.923187599,5.22157118385243,4.43666942783465,6.00519445326735
"119",29,"UKENAN_AW_TP000037",NA,5.2211702913067,4.40320040807379,6.03984453112533
"120",30,"UKENAN_AW_TP000037",5.154712338,5.13404782566185,4.35091304190124,5.91864366347191
"121",31,"UKENAN_AW_TP000037",NA,5.00914405554103,4.14808438335937,5.86902879709469
"122",32,"UKENAN_AW_TP000037",4.734279882,5.09719524933779,4.31122879667087,5.88567578512745
"123",33,"UKENAN_AW_TP000037",NA,5.04765778069133,4.24081989826373,5.85605147201161
"124",34,"UKENAN_AW_TP000037",3.838015623,4.83031589838651,4.04369662472943,5.61462170172688
"125",35,"UKENAN_AW_TP000037",NA,4.90116939893095,4.07541124113627,5.72644524476824
"126",36,"UKENAN_AW_TP000037",4.45439103,4.87393429031245,4.08987256932432,5.65838393063869
"127",37,"UKENAN_AW_TP000037",NA,5.30019475748867,4.47539701017678,6.1251069610895
"128",38,"UKENAN_AW_TP000037",5.245269379,5.29076097609896,4.50713789862059,6.07798821459151
"129",39,"UKENAN_AW_TP000037",NA,5.60910364613519,4.78521592119625,6.4349597633392
"130",40,"UKENAN_AW_TP000037",5.147973496,5.43472856641768,4.65166446814653,6.21801368360818
"131",41,"UKENAN_AW_TP000037",NA,5.6311681049813,4.80754588409052,6.4579253285196
"132",42,"UKENAN_AW_TP000037",4.639684283,5.48794209418111,4.70351354518535,6.27093623562186
"133",43,"UKENAN_AW_TP000037",NA,5.49620901415115,4.67261817417228,6.31916588532179
"134",44,"UKENAN_AW_TP000037",6.105386941,5.37210762298616,4.58631760170945,6.16172959245587
"135",45,"UKENAN_AW_TP000037",NA,5.52130180042886,4.68830198426978,6.35373987616263
"181",1,"UKENAN_AW_TP000051",NA,3.67153449673508,2.81105964764423,4.52863419238429
"182",2,"UKENAN_AW_TP000051",4.796108887,3.67479511180086,2.85967968408654,4.49152423874567
"183",3,"UKENAN_AW_TP000051",NA,3.94853657080285,3.1061789786993,4.79096848985154
"184",4,"UKENAN_AW_TP000051",4.795404645,3.89079828630478,3.07353741000883,4.70704173951927
"185",5,"UKENAN_AW_TP000051",NA,4.14532588797858,3.29075910617455,5.00080024590575
"186",6,"UKENAN_AW_TP000051",5.587934523,4.32052760094169,3.50101194460742,5.13786137686158
"187",7,"UKENAN_AW_TP000051",NA,4.11995073988356,3.26062098135374,4.98018223071916
"188",8,"UKENAN_AW_TP000051",5.549685277,4.21427973739378,3.3947289901672,5.03086898055067
"189",9,"UKENAN_AW_TP000051",NA,4.41626017253326,3.55891465551043,5.27179356222465
"190",10,"UKENAN_AW_TP000051",5.430129731,4.55273329645121,3.7323931053442,5.36744691784285
"191",11,"UKENAN_AW_TP000051",NA,4.66677642435854,3.8160722726611,5.51901413341392
"192",12,"UKENAN_AW_TP000051",5.862402829,4.55661477690632,3.74152692755266,5.37314764406258
"193",13,"UKENAN_AW_TP000051",NA,4.53149164739131,3.68060854877279,5.38351328139364
"194",14,"UKENAN_AW_TP000051",5.779262099,4.7023551759669,3.8821693026167,5.51797184422857
"195",15,"UKENAN_AW_TP000051",NA,4.57020267445019,3.72003454997209,5.42182952364112
"196",16,"UKENAN_AW_TP000051",4.864241185,4.76829818006424,3.94977028042668,5.58455301962376
"197",17,"UKENAN_AW_TP000051",NA,4.57686823741655,3.72720907062242,5.42754393450738
"198",18,"UKENAN_AW_TP000051",4.906298551,4.40546961689408,3.58983071438653,5.22015376336121
"199",19,"UKENAN_AW_TP000051",NA,4.33907982070771,3.48265789559556,5.19278135702745
"200",20,"UKENAN_AW_TP000051",5.426653515,4.3362084776512,3.51964831426351,5.15030011997647
"201",21,"UKENAN_AW_TP000051",NA,4.42172305579871,3.57081179778504,5.27181504891221
"202",22,"UKENAN_AW_TP000051",5.41641016,4.30893283490943,3.49318893860265,5.12315606029683
"203",23,"UKENAN_AW_TP000051",NA,4.53975855061981,3.69348708855323,5.384860150397
"204",24,"UKENAN_AW_TP000051",5.518475377,4.40760713374676,3.59056041838525,5.22191398816817
"205",25,"UKENAN_AW_TP000051",NA,4.49083715060293,3.63886444719228,5.3426471867819
"206",26,"UKENAN_AW_TP000051",5.795185548,4.34636020978939,3.53092292742506,5.16128994776513
"207",27,"UKENAN_AW_TP000051",NA,4.30597336997328,3.45227016544003,5.15857480443531
"208",28,"UKENAN_AW_TP000051",5.279331829,4.39996950971641,3.58202124873981,5.21542480219629
"209",29,"UKENAN_AW_TP000051",NA,4.4654260883255,3.61535334678863,5.3141096436404
"210",30,"UKENAN_AW_TP000051",5.369455119,4.33595960705705,3.51834022533571,5.15620422047559
"211",31,"UKENAN_AW_TP000051",NA,4.23969801314744,3.34670957171255,5.12988411316263
"212",32,"UKENAN_AW_TP000051",4.869042736,4.32127289563244,3.50471411382975,5.14227149075252
"213",33,"UKENAN_AW_TP000051",NA,4.2931446608976,3.45986271176594,5.12766294729949
"214",34,"UKENAN_AW_TP000051",5.868759311,4.17503225572467,3.35676198791759,4.99013201358252
"215",35,"UKENAN_AW_TP000051",NA,4.1344019302589,3.28002841020267,4.98731322971952
"216",36,"UKENAN_AW_TP000051",5.760341207,4.19414366470547,3.37901479132859,5.00978994582442
"217",37,"UKENAN_AW_TP000051",NA,4.54999607634899,3.69870732769393,5.40018514045193
"218",38,"UKENAN_AW_TP000051",6.655031988,4.53869898774225,3.72367792033362,5.35397081461006
"219",39,"UKENAN_AW_TP000051",NA,4.85735173828689,4.00875715683875,5.70668111985163
"220",40,"UKENAN_AW_TP000051",6.47401441,4.64180475775903,3.8239709340799,5.4586417746722
"221",41,"UKENAN_AW_TP000051",NA,4.88334162693712,4.03104141571741,5.73743641070631
"222",42,"UKENAN_AW_TP000051",5.798553401,4.84240909910013,4.0267998699686,5.65680465168073
"223",43,"UKENAN_AW_TP000051",NA,4.80188254722603,3.96020830123928,5.64190416566192
"224",44,"UKENAN_AW_TP000051",3.358993107,4.64921895705046,3.82954389487753,5.46865837380827
"225",45,"UKENAN_AW_TP000051",NA,4.77284900283474,3.91040924930396,5.63210751449624
"316",1,"UKENAN_AW_TP000069",NA,4.07625281698564,3.22664281859602,4.92369867976496
"317",2,"UKENAN_AW_TP000069",2.780945214,4.03011906539096,3.22453519441137,4.83688139476407
"318",3,"UKENAN_AW_TP000069",NA,4.36384164036136,3.53324838782843,5.19519549107976
"319",4,"UKENAN_AW_TP000069",2.875723854,4.3349603641754,3.52933435764335,5.14069109055022
"320",5,"UKENAN_AW_TP000069",NA,4.54434569925546,3.70231668950795,5.38808336728034
"321",6,"UKENAN_AW_TP000069",5.208349592,4.68943914421115,3.88072006265907,5.49492701885569
"322",7,"UKENAN_AW_TP000069",NA,4.54595435122645,3.70102166430505,5.3922212638659
"323",8,"UKENAN_AW_TP000069",3.050394259,4.62222468346321,3.81473742181669,5.42662488754487
"324",9,"UKENAN_AW_TP000069",NA,4.81773618289499,3.97221342292435,5.66229860008842
"325",10,"UKENAN_AW_TP000069",3.784867635,5.0197356987347,4.20984274830638,5.82497199348613
"326",11,"UKENAN_AW_TP000069",NA,5.08029799364056,4.23956883026839,5.9225451010893
"327",12,"UKENAN_AW_TP000069",4.57376694,5.01100386022147,4.20718256907579,5.81803334122986
"328",13,"UKENAN_AW_TP000069",NA,4.94268832859116,4.10179716213463,5.78474721544946
"329",14,"UKENAN_AW_TP000069",4.713552074,5.08979834853527,4.28043201394511,5.89469810866187
"330",15,"UKENAN_AW_TP000069",NA,4.97744447441339,4.13708945207601,5.81982387251708
"331",16,"UKENAN_AW_TP000069",4.587114908,5.19865728991059,4.39058980164427,6.00490711561209
"332",17,"UKENAN_AW_TP000069",NA,4.97995180096244,4.1416590875339,5.8199366532583
"333",18,"UKENAN_AW_TP000069",3.475336839,4.83579177054612,4.03145584711703,5.64083599905148
"334",19,"UKENAN_AW_TP000069",NA,4.7461215563327,3.90177047434997,5.58826878909622
"335",20,"UKENAN_AW_TP000069",3.136761124,4.73556321504231,3.93083776601647,5.54200658615876
"336",21,"UKENAN_AW_TP000069",NA,4.81978911003984,3.97954888118979,5.65997633499186
"337",22,"UKENAN_AW_TP000069",2.897817283,4.73821589032923,3.9340043743825,5.54393837411415
"338",23,"UKENAN_AW_TP000069",NA,4.93914706426131,4.10272939607666,5.77474539984102
"339",24,"UKENAN_AW_TP000069",4.685477241,4.85414227581928,4.04855863242619,5.6582804309751
"340",25,"UKENAN_AW_TP000069",NA,4.89993597902932,4.0600217061313,5.74059837313785
"341",26,"UKENAN_AW_TP000069",3.521932868,4.78075202622076,3.97649722810874,5.58654274658859
"342",27,"UKENAN_AW_TP000069",NA,4.72889568480453,3.88578896045483,5.57146170104098
"343",28,"UKENAN_AW_TP000069",5.083967893,4.84718579433602,4.04089381455292,5.65286216437877
"344",29,"UKENAN_AW_TP000069",NA,4.86441066062118,4.0280779281384,5.70060109264109
"345",30,"UKENAN_AW_TP000069",3.464791183,4.75797571641555,3.95294626695003,5.56753038003333
"346",31,"UKENAN_AW_TP000069",NA,4.6279486352281,3.74288311451173,5.51004837681031
"347",32,"UKENAN_AW_TP000069",3.304894256,4.7312298123426,3.92557614869324,5.54087701821546
"348",33,"UKENAN_AW_TP000069",NA,4.70192952081965,3.87839184440211,5.52754502245181
"349",34,"UKENAN_AW_TP000069",3.024636607,4.51568042204212,3.7089535274085,5.32006448150371
"350",35,"UKENAN_AW_TP000069",NA,4.5413001988765,3.69897628092202,5.38316169602925
"351",36,"UKENAN_AW_TP000069",3.423211066,4.57368432497281,3.76913289650677,5.37918163936999
"352",37,"UKENAN_AW_TP000069",NA,4.93916419495558,4.09795321242415,5.78000094864072
"353",38,"UKENAN_AW_TP000069",5.06197873,4.95507607433036,4.15125864476361,5.7627369709384
"354",39,"UKENAN_AW_TP000069",NA,5.25258495397402,4.41342032753873,6.09267979316662
"355",40,"UKENAN_AW_TP000069",4.384190703,5.04439889376117,4.23882901428147,5.84990310702682
"356",41,"UKENAN_AW_TP000069",NA,5.27988815576071,4.43946982711006,6.12309660661766
"357",42,"UKENAN_AW_TP000069",4.524430418,5.18583579390013,4.37953512191105,5.98964140168552
"358",43,"UKENAN_AW_TP000069",NA,5.19003503615199,4.35492873723528,6.02352489075445
"359",44,"UKENAN_AW_TP000069",4.47439468,5.04759930253048,4.24191365239418,5.8560954775963
"360",45,"UKENAN_AW_TP000069",NA,5.17526343369109,4.325667687716,6.02246928087997
"2926",1,"UKENNE_YW_TP000095",3.547733582,4.47073540284836,3.62964736261027,5.31032242326998
"2927",2,"UKENNE_YW_TP000095",NA,4.44031941985159,3.63943047860259,5.2389691912612
"2928",3,"UKENNE_YW_TP000095",3.859322886,4.75878290454713,3.93542844535615,5.5832625675633
"2929",4,"UKENNE_YW_TP000095",NA,4.59963581199688,3.79742276028321,5.40001195716698
"2930",5,"UKENNE_YW_TP000095",4.049664442,4.94276898960122,4.10967796551971,5.77777887225851
"2931",6,"UKENNE_YW_TP000095",NA,4.87263187337274,4.07071129062922,5.67634116050131
"2932",7,"UKENNE_YW_TP000095",4.141306656,4.88217180806986,4.04220553900268,5.72393320073755
"2933",8,"UKENNE_YW_TP000095",NA,5.00953760042772,4.21022200495871,5.80929228943299
"2934",9,"UKENNE_YW_TP000095",4.568814982,5.20128746534458,4.36665774199442,6.03578339845271
"2935",10,"UKENNE_YW_TP000095",NA,5.29452630240686,4.49617988434055,6.09394266706023
"2936",11,"UKENNE_YW_TP000095",4.930566355,5.45545404144494,4.62400818865753,6.28905809740648
"2937",12,"UKENNE_YW_TP000095",NA,5.41154043239729,4.61349163025338,6.21010725470861
"2938",13,"UKENNE_YW_TP000095",NA,5.37779890049568,4.54648488686825,6.21163593013867
"2939",14,"UKENNE_YW_TP000095",5.424955616,5.49108151210307,4.69292664864282,6.29006339750494
"2940",15,"UKENNE_YW_TP000095",4.768407066,5.36001867634105,4.52903515805347,6.1927291399418
"2941",16,"UKENNE_YW_TP000095",NA,5.55341030566621,4.7550244114673,6.35316789810136
"2942",17,"UKENNE_YW_TP000095",4.528944127,5.39280487373423,4.56274818808143,6.2238746348859
"2943",18,"UKENNE_YW_TP000095",NA,5.30191814165359,4.50443260869776,6.10301319931223
"2944",19,"UKENNE_YW_TP000095",3.519786003,5.15793416968524,4.3254151348757,5.98904056179315
"2945",20,"UKENNE_YW_TP000095",NA,5.27642027199117,4.47804340437721,6.07596761934775
"2946",21,"UKENNE_YW_TP000095",4.371896744,5.21587903028631,4.38431211729492,6.0470008873519
"2947",22,"UKENNE_YW_TP000095",NA,5.29600359913847,4.49362759961134,6.09672328072992
"2948",23,"UKENNE_YW_TP000095",4.170685418,5.33045194961464,4.50380993320875,6.15814940637421
"2949",24,"UKENNE_YW_TP000095",NA,5.27938062976878,4.48121532941209,6.07831444523239
"2950",25,"UKENNE_YW_TP000095",4.463034986,5.24032243381176,4.40642454878874,6.07399697376877
"2951",26,"UKENNE_YW_TP000095",NA,5.23351968337325,4.43487397237243,6.03378133217633
"2952",27,"UKENNE_YW_TP000095",5.09171785,5.15894438129841,4.32663195304801,5.99002615300579
"2953",28,"UKENNE_YW_TP000095",NA,5.28217075542651,4.48296984685158,6.08086227821041
"2954",29,"UKENNE_YW_TP000095",4.908313041,5.25887647790166,4.43168464762773,6.08703795353655
"2955",30,"UKENNE_YW_TP000095",NA,5.3065907127472,4.50683714777728,6.10615463900376
"2956",31,"UKENNE_YW_TP000095",NA,5.14112527599638,4.28483955690911,5.99894280197101
"2957",32,"UKENNE_YW_TP000095",3.986050243,5.23395264563906,4.43482569548235,6.03568513213822
"2958",33,"UKENNE_YW_TP000095",3.875880952,5.09962851291471,4.2833439659791,5.91746615661297
"2959",34,"UKENNE_YW_TP000095",NA,4.88036927721282,4.08006625747366,5.67950718501116
"2960",35,"UKENNE_YW_TP000095",3.898227482,4.95292373566544,4.11921583659741,5.78502876978325
"2961",36,"UKENNE_YW_TP000095",NA,4.9451403577611,4.14620059041365,5.74684169688308
"2962",37,"UKENNE_YW_TP000095",4.219304823,5.3259372903876,4.49548687797507,6.15721348807281
"2963",38,"UKENNE_YW_TP000095",NA,5.28606156983298,4.48722214411424,6.08423969823147
"2964",39,"UKENNE_YW_TP000095",4.60982866,5.65965287044398,4.828756225654,6.49092213639541
"2965",40,"UKENNE_YW_TP000095",NA,5.47259417839423,4.67243233095232,6.27114995677548
"2966",41,"UKENNE_YW_TP000095",5.179168325,5.68630855801613,4.85471712776585,6.52096429145755
"2967",42,"UKENNE_YW_TP000095",NA,5.51828196387865,4.71904144556622,6.31783499168563
"2968",43,"UKENNE_YW_TP000095",5.15962546,5.60081952128223,4.77382247233613,6.4278974104831
"2969",44,"UKENNE_YW_TP000095",NA,5.53675936036625,4.73623105978165,6.33571431893278
"2970",45,"UKENNE_YW_TP000095",NA,5.54237125485386,4.69653449668612,6.388644839603
"4996",1,"UKENSO_SW_TP000091",5.076883779,4.52914976791612,3.65115216705329,5.40560156943706
"4997",2,"UKENSO_SW_TP000091",NA,4.57536596063837,3.72841594171186,5.42369943730021
"4998",3,"UKENSO_SW_TP000091",4.864055441,4.81435140552365,3.95466230236493,5.67506417886819
"4999",4,"UKENSO_SW_TP000091",NA,4.8082401909782,3.96056986696805,5.65545583074696
"5000",5,"UKENSO_SW_TP000091",5.053609274,5.00833534216165,4.13904961569184,5.88001714031092
"5001",6,"UKENSO_SW_TP000091",NA,5.11410407821544,4.26643710343907,5.95997783165986
"5002",7,"UKENSO_SW_TP000091",5.245378709,4.92349141954996,4.04706618851062,5.80229046626832
"5003",8,"UKENSO_SW_TP000091",NA,4.99777744430563,4.15167972816716,5.84591128158367
"5004",9,"UKENSO_SW_TP000091",5.193642309,5.32072565233441,4.44686692410261,6.19374426186955
"5005",10,"UKENSO_SW_TP000091",NA,5.41441092199316,4.56894582927051,6.26083435350908
"5006",11,"UKENSO_SW_TP000091",5.370743382,5.54098173738345,4.67161340363443,6.41384435066688
"5007",12,"UKENSO_SW_TP000091",NA,5.53583266167681,4.68958500003889,6.38194344186713
"5008",13,"UKENSO_SW_TP000091",5.726347341,5.43153298969685,4.56313226104907,6.3026984738739
"5009",14,"UKENSO_SW_TP000091",NA,5.44852762265554,4.60289323003948,6.29521529389018
"5010",15,"UKENSO_SW_TP000091",5.597402956,5.4468147775167,4.57801405562606,6.31793658955693
"5011",16,"UKENSO_SW_TP000091",NA,5.50884625661319,4.66337236293199,6.35629318258366
"5012",17,"UKENSO_SW_TP000091",5.349382548,5.41727469576649,4.55062035959458,6.28559302919684
"5013",18,"UKENSO_SW_TP000091",NA,5.28779602645993,4.44219551745126,6.13503902311617
"5014",19,"UKENSO_SW_TP000091",5.727181033,5.2318457905634,4.36072377996035,6.10162523012436
"5015",20,"UKENSO_SW_TP000091",NA,5.36378445874208,4.51143841589331,6.2119225187744
"5016",21,"UKENSO_SW_TP000091",4.286493962,5.27025770992109,4.40189461101125,6.138685501221
"5017",22,"UKENSO_SW_TP000091",NA,5.25095203999391,4.40440452212365,6.09673260400699
"5018",23,"UKENSO_SW_TP000091",5.284649666,5.38019781934972,4.51515302552407,6.24672262403498
"5019",24,"UKENSO_SW_TP000091",NA,5.40407758388375,4.55609709768694,6.25073920047752
"5020",25,"UKENSO_SW_TP000091",5.348867565,5.37739860942662,4.50892402807091,6.24754622781083
"5021",26,"UKENSO_SW_TP000091",NA,5.28333832592657,4.43650649095451,6.12919047098824
"5022",27,"UKENSO_SW_TP000091",5.638341821,5.21949700220711,4.34943658146236,6.08928462324257
"5023",28,"UKENSO_SW_TP000091",NA,5.37700485934272,4.53082730771706,6.22311804056319
"5024",29,"UKENSO_SW_TP000091",4.976977978,5.32889804650068,4.46084803827337,6.19605081299517
"5025",30,"UKENSO_SW_TP000091",NA,5.34029465993697,4.4935038089396,6.18664512539621
"5026",31,"UKENSO_SW_TP000091",NA,5.13518990590217,4.23443070550569,6.03524048224443
"5027",32,"UKENSO_SW_TP000091",5.005597167,5.25229433841081,4.40566945689705,6.10267345328398
"5028",33,"UKENSO_SW_TP000091",5.455663592,5.18011543342968,4.32603657851608,6.03564521647378
"5029",34,"UKENSO_SW_TP000091",NA,5.00053855365368,4.15289853286787,5.84927961149615
"5030",35,"UKENSO_SW_TP000091",4.748376919,5.01948877084759,4.14960337641213,5.88852221537701
"5031",36,"UKENSO_SW_TP000091",NA,5.10036222854823,4.25313322403116,5.94657870726803
"5032",37,"UKENSO_SW_TP000091",5.863471372,5.35282373493039,4.48266826754606,6.22368139163959
"5033",38,"UKENSO_SW_TP000091",NA,5.35634155511078,4.50815341130348,6.20355775357605
"5034",39,"UKENSO_SW_TP000091",5.561180587,5.73102425803353,4.86072027472988,6.60381257989236
"5035",40,"UKENSO_SW_TP000091",NA,5.48997094949583,4.64243330648844,6.33856189429841
"5036",41,"UKENSO_SW_TP000091",5.19615949,5.73310337302652,4.865960854953,6.6030715515923
"5037",42,"UKENSO_SW_TP000091",NA,5.67468794563544,4.82740804234127,6.52099560581048
"5038",43,"UKENSO_SW_TP000091",5.626152086,5.67362562242907,4.80809678935971,6.54071690757509
"5039",44,"UKENSO_SW_TP000091",NA,5.48471751666064,4.63786349554025,6.33142085580001
"5040",45,"UKENSO_SW_TP000091",NA,5.61622544138402,4.73356673412028,6.49821586811908
"5176",1,"UKENSW_SWS_TP000025",NA,4.57210230596932,3.62690814734229,5.51680059865348
"5177",2,"UKENSW_SWS_TP000025",4.92367286,4.65176295763132,3.73276618261437,5.57163741688397
"5178",3,"UKENSW_SWS_TP000025",NA,4.81984808073114,3.88694787206303,5.75222623058484
"5179",4,"UKENSW_SWS_TP000025",4.369831794,4.75066754323337,3.8327972709451,5.67006413777665
"5180",5,"UKENSW_SWS_TP000025",NA,4.97334949374399,4.03760201911324,5.91126330594142
"5181",6,"UKENSW_SWS_TP000025",5.280104844,5.03787810315986,4.11987258525487,5.95745503187901
"5182",7,"UKENSW_SWS_TP000025",NA,5.02870639245705,4.08703367891999,5.97231148476052
"5183",8,"UKENSW_SWS_TP000025",6.146437845,4.9751917486037,4.05800780920889,5.89492797775173
"5184",9,"UKENSW_SWS_TP000025",NA,5.29208603130178,4.35335971875619,6.23107812529801
"5185",10,"UKENSW_SWS_TP000025",6.553380114,5.4535408635711,4.53720489239469,6.37045427995211
"5186",11,"UKENSW_SWS_TP000025",NA,5.56088115181452,4.62288619379747,6.50088748867128
"5187",12,"UKENSW_SWS_TP000025",6.347702783,5.46134690550163,4.54346573152559,6.37804158626668
"5188",13,"UKENSW_SWS_TP000025",NA,5.41970175036829,4.48069147257319,6.35920733143903
"5189",14,"UKENSW_SWS_TP000025",5.765275567,5.41465512683031,4.49705159579854,6.33524126964921
"5190",15,"UKENSW_SWS_TP000025",NA,5.45743221902507,4.51983781276603,6.39748754508371
"5191",16,"UKENSW_SWS_TP000025",6.053145857,5.58456743555319,4.66717091431935,6.50193207161796
"5192",17,"UKENSW_SWS_TP000025",NA,5.46864737596575,4.53024258853488,6.40888551007374
"5193",18,"UKENSW_SWS_TP000025",6.009335945,5.39709440266608,4.47928990094788,6.31383910588871
"5194",19,"UKENSW_SWS_TP000025",NA,5.20391622919675,4.26225688999773,6.14472688615486
"5195",20,"UKENSW_SWS_TP000025",5.759091481,5.30150637114756,4.38445467168633,6.2179113253458
"5196",21,"UKENSW_SWS_TP000025",NA,5.25003225032715,4.31126750746921,6.18808247502107
"5197",22,"UKENSW_SWS_TP000025",4.944469715,5.2251249243017,4.30790649278929,6.14131096307416
"5198",23,"UKENSW_SWS_TP000025",NA,5.38314016022381,4.44738473245449,6.31913895814622
"5199",24,"UKENSW_SWS_TP000025",6.481304174,5.39622905561186,4.47844247721707,6.31255937227162
"5200",25,"UKENSW_SWS_TP000025",NA,5.33554157413597,4.39565286451021,6.27603992832731
"5201",26,"UKENSW_SWS_TP000025",5.787018945,5.39847568535804,4.47889325719658,6.31650730181147
"5202",27,"UKENSW_SWS_TP000025",NA,5.20791497730292,4.26544818732611,6.15011168964401
"5203",28,"UKENSW_SWS_TP000025",5.237375523,5.52825628659609,4.60996902432816,6.44628319956977
"5204",29,"UKENSW_SWS_TP000025",NA,5.32056699712475,4.38446580063623,6.25770436704607
"5205",30,"UKENSW_SWS_TP000025",6.160412354,5.42554276586733,4.50777308941958,6.34276332931258
"5206",31,"UKENSW_SWS_TP000025",NA,5.26457856374193,4.30609915592193,6.22449079287976
"5207",32,"UKENSW_SWS_TP000025",6.255519914,5.12071273592406,4.19659922915473,6.04480740635914
"5208",33,"UKENSW_SWS_TP000025",NA,5.2223779174258,4.29396914123648,6.15206649224442
"5209",34,"UKENSW_SWS_TP000025",5.957748318,5.11766781596012,4.19930214501958,6.03506442302459
"5210",35,"UKENSW_SWS_TP000025",NA,5.07392330612076,4.13571538668862,6.01284015764039
"5211",36,"UKENSW_SWS_TP000025",5.248426199,5.15641102877973,4.23945471287605,6.07314929377242
"5212",37,"UKENSW_SWS_TP000025",NA,5.39939898812241,4.46049989974811,6.33939933291189
"5213",38,"UKENSW_SWS_TP000025",5.827136746,5.43107365389199,4.51301473699232,6.34884699839063
"5214",39,"UKENSW_SWS_TP000025",NA,5.73076692384449,4.79348888510543,6.67067436635792
"5215",40,"UKENSW_SWS_TP000025",5.948784634,5.47930851132346,4.55883259398629,6.40009377203773
"5216",41,"UKENSW_SWS_TP000025",NA,5.67653315519649,4.73821528596799,6.61642903549457
"5217",42,"UKENSW_SWS_TP000025",5.698965445,5.58957645511066,4.67192754492454,6.50989379703838
"5218",43,"UKENSW_SWS_TP000025",NA,5.72130585222776,4.7860006932078,6.6583770487076
"5219",44,"UKENSW_SWS_TP000025",6.505153977,5.4964417680013,4.57968907265769,6.4136609974018
"5220",45,"UKENSW_SWS_TP000025",NA,5.69226946898275,4.73903805490752,6.64590173179217
"5041",1,"UKENSW_SWS_TP000002",NA,4.5258885231929,3.59429220658978,5.45616801709347
"5042",2,"UKENSW_SWS_TP000002",4.396748123,4.47179209343123,3.56457992475865,5.37924617735509
"5043",3,"UKENSW_SWS_TP000002",NA,4.75573294210047,3.83327247863581,5.67642826908096
"5044",4,"UKENSW_SWS_TP000002",4.906555931,4.71715036495089,3.80923663884521,5.62745667791769
"5045",5,"UKENSW_SWS_TP000002",NA,4.91666013077419,3.9932590217671,5.84117175912467
"5046",6,"UKENSW_SWS_TP000002",5.451175455,5.01884067503447,4.11138691796053,5.92654135126401
"5047",7,"UKENSW_SWS_TP000002",NA,4.97399508782935,4.04378076689548,5.90462725899576
"5048",8,"UKENSW_SWS_TP000002",5.607547939,4.95103944619445,4.04344758158285,5.85935675647009
"5049",9,"UKENSW_SWS_TP000002",NA,5.22498527491805,4.2975654215395,6.15123981543597
"5050",10,"UKENSW_SWS_TP000002",5.911282592,5.38439528695218,4.47685420179657,6.29021647166047
"5051",11,"UKENSW_SWS_TP000002",NA,5.5089811430282,4.58392799025366,6.43434305582985
"5052",12,"UKENSW_SWS_TP000002",5.517787839,5.41366350812394,4.50550020137283,6.31969687338372
"5053",13,"UKENSW_SWS_TP000002",NA,5.32594400858491,4.39452311490787,6.25601807024037
"5054",14,"UKENSW_SWS_TP000002",5.070881611,5.38436188885627,4.47471889963302,6.29612988144354
"5055",15,"UKENSW_SWS_TP000002",NA,5.40199137338341,4.4778050445934,6.32732179778091
"5056",16,"UKENSW_SWS_TP000002",5.915088414,5.49597170969238,4.58868903017138,6.40181157492827
"5057",17,"UKENSW_SWS_TP000002",NA,5.40507777498042,4.47980260198183,6.33112299566736
"5058",18,"UKENSW_SWS_TP000002",5.931868181,5.32574019419684,4.41855676073364,6.23084133548427
"5059",19,"UKENSW_SWS_TP000002",NA,5.13571827929926,4.20550423538806,6.06455669190496
"5060",20,"UKENSW_SWS_TP000002",5.794263958,5.24289121316879,4.33695893259107,6.14768449369281
"5061",21,"UKENSW_SWS_TP000002",NA,5.20995549310751,4.28283622499864,6.13516595607346
"5062",22,"UKENSW_SWS_TP000002",6.011010316,5.22025510380192,4.31359852627538,6.12530127146507
"5063",23,"UKENSW_SWS_TP000002",NA,5.33308143042902,4.41182358066735,6.25472038825274
"5064",24,"UKENSW_SWS_TP000002",6.307274977,5.34150456887557,4.43263358341409,6.247206714727
"5065",25,"UKENSW_SWS_TP000002",NA,5.27957740517815,4.35152846761284,6.20756721686823
"5066",26,"UKENSW_SWS_TP000002",5.515417246,5.30095228202232,4.39256639299852,6.20674116578014
"5067",27,"UKENSW_SWS_TP000002",NA,5.17675038855607,4.24979603831688,6.10315319124276
"5068",28,"UKENSW_SWS_TP000002",5.892270547,5.39079243677687,4.48323204922917,6.29586443004558
"5069",29,"UKENSW_SWS_TP000002",NA,5.29530971394069,4.37314337406603,6.21778723889242
"5070",30,"UKENSW_SWS_TP000002",6.698645188,5.3162922107654,4.40844181291367,6.22189912272386
"5071",31,"UKENSW_SWS_TP000002",NA,5.20520570630357,4.25975637750275,6.15089989360059
"5072",32,"UKENSW_SWS_TP000002",6.703543024,5.14923070606918,4.24166155298773,6.05781496408722
"5073",33,"UKENSW_SWS_TP000002",NA,5.16163397345957,4.24751619412423,6.07585539080728
"5074",34,"UKENSW_SWS_TP000002",5.065962965,5.04112565824646,4.13236815619828,5.94758203630703
"5075",35,"UKENSW_SWS_TP000002",NA,5.01299351541422,4.08653519939454,5.93927309680306
"5076",36,"UKENSW_SWS_TP000002",5.108230102,5.03726631078982,4.13118940895218,5.94307533746318
"5077",37,"UKENSW_SWS_TP000002",NA,5.33367303862589,4.40829989257856,6.25930959972138
"5078",38,"UKENSW_SWS_TP000002",6.503005469,5.36545864606909,4.45962397764709,6.27040259950905
"5079",39,"UKENSW_SWS_TP000002",NA,5.65897034308834,4.73467614713808,6.58516841676099
"5080",40,"UKENSW_SWS_TP000002",4.841602964,5.51915121009898,4.61318584749012,6.42508956843149
"5081",41,"UKENSW_SWS_TP000002",NA,5.59465085162394,4.6640004816891,6.52505312682755
"5082",42,"UKENSW_SWS_TP000002",5.789973575,5.5851374422853,4.67854559821844,6.49396093976868
"5083",43,"UKENSW_SWS_TP000002",NA,5.63082816667113,4.70557327708824,6.55621523294604
"5084",44,"UKENSW_SWS_TP000002",5.447991729,5.4486297334453,4.54383048388756,6.35344478507202
"5085",45,"UKENSW_SWS_TP000002",NA,5.61102094028602,4.66889465048252,6.55239778328885
"5086",1,"UKENSW_SWS_TP000016",NA,4.78732989331901,3.8377734087326,5.73630647965533
"5087",2,"UKENSW_SWS_TP000016",NA,4.74527357232424,3.81858009040113,5.67333353671077
"5088",3,"UKENSW_SWS_TP000016",NA,5.01710030999096,4.07725223577433,5.95608687555314
"5089",4,"UKENSW_SWS_TP000016",NA,4.97996374406834,4.05326700950952,5.91045679648585
"5090",5,"UKENSW_SWS_TP000016",NA,5.1776575934928,4.23730702199263,6.12016867070836
"5091",6,"UKENSW_SWS_TP000016",NA,5.28286579568723,4.3559972283776,6.21100984936849
"5092",7,"UKENSW_SWS_TP000016",NA,5.23469613832648,4.28841000004077,6.18243732210169
"5093",8,"UKENSW_SWS_TP000016",NA,5.21619488345204,4.29053347578647,6.14427895288758
"5094",9,"UKENSW_SWS_TP000016",NA,5.48425250020579,4.53989395589901,6.42834145000352
"5095",10,"UKENSW_SWS_TP000016",NA,5.64364559204423,4.71776055590652,6.56907561955724
"5096",11,"UKENSW_SWS_TP000016",NA,5.76986180039854,4.82703058830993,6.71406328708224
"5097",12,"UKENSW_SWS_TP000016",NA,5.6804400198306,4.75364402460154,6.60610154002745
"5098",13,"UKENSW_SWS_TP000016",NA,5.59007284557417,4.64264499675679,6.53720128388451
"5099",14,"UKENSW_SWS_TP000016",NA,5.63593050139379,4.70795400390017,6.56750262270589
"5100",15,"UKENSW_SWS_TP000016",NA,5.65864063287566,4.71626441817973,6.60306487511305
"5101",16,"UKENSW_SWS_TP000016",NA,5.75609063610681,4.82932947011449,6.68207151733724
"5102",17,"UKENSW_SWS_TP000016",NA,5.66924008159773,4.72620768417234,6.61394131419755
"5103",18,"UKENSW_SWS_TP000016",NA,5.58838842248875,4.66198617139129,6.51337499864523
"5104",19,"UKENSW_SWS_TP000016",NA,5.40453145561431,4.45854697518142,6.35013357079273
"5105",20,"UKENSW_SWS_TP000016",NA,5.5069115485986,4.58088601765753,6.43248084625132
"5106",21,"UKENSW_SWS_TP000016",5.592361135,5.46566131411062,4.5208213264323,6.40927317965821
"5107",22,"UKENSW_SWS_TP000016",NA,5.48381937845751,4.55734328478544,6.40931683325844
"5108",23,"UKENSW_SWS_TP000016",5.97648293,5.59894402163283,4.65850060924891,6.54050904004855
"5109",24,"UKENSW_SWS_TP000016",NA,5.60844799962259,4.68019714560984,6.53431662664392
"5110",25,"UKENSW_SWS_TP000016",5.358058121,5.53293894933263,4.58606578700153,6.48023972308523
"5111",26,"UKENSW_SWS_TP000016",NA,5.57081179087415,4.64134973524857,6.49804282882305
"5112",27,"UKENSW_SWS_TP000016",5.878648893,5.43166230030568,4.48575796261987,6.37780274950897
"5113",28,"UKENSW_SWS_TP000016",NA,5.66862364597426,4.74074740012232,6.59464127444976
"5114",29,"UKENSW_SWS_TP000016",6.658635402,5.5553668871632,4.61435321770184,6.49784750008209
"5115",30,"UKENSW_SWS_TP000016",NA,5.58556264214854,4.65798023961141,6.51135359471164
"5116",31,"UKENSW_SWS_TP000016",NA,5.46940213288042,4.50658819933182,6.43329531068953
"5117",32,"UKENSW_SWS_TP000016",5.8163882,5.40633118380318,4.47721130936002,6.33750929142336
"5118",33,"UKENSW_SWS_TP000016",5.705971553,5.41961575265376,4.48599582151552,6.35422826199162
"5119",34,"UKENSW_SWS_TP000016",NA,5.30498673354384,4.37627791968178,6.232023360465
"5120",35,"UKENSW_SWS_TP000016",3.777684695,5.2763421766801,4.33354634992015,6.22008893027584
"5121",36,"UKENSW_SWS_TP000016",NA,5.30587493035022,4.38036130421978,6.23197273524633
"5122",37,"UKENSW_SWS_TP000016",5.639577066,5.60081180652193,4.65717818785768,6.54582729311931
"5123",38,"UKENSW_SWS_TP000016",NA,5.64709041695454,4.72092294038354,6.5732194560091
"5124",39,"UKENSW_SWS_TP000016",5.542643884,5.9221456200978,4.97984458070001,6.86752260303811
"5125",40,"UKENSW_SWS_TP000016",NA,5.78195490795975,4.85438069960377,6.71078159643878
"5126",41,"UKENSW_SWS_TP000016",5.917819946,5.8650892731266,4.91891408234603,6.81204817995285
"5127",42,"UKENSW_SWS_TP000016",NA,5.84331144019855,4.91681939739195,6.77354635743593
"5128",43,"UKENSW_SWS_TP000016",4.18408935,5.89220538329729,4.94925325496251,6.83631418627839
"5129",44,"UKENSW_SWS_TP000016",NA,5.71059858062274,4.78485281276248,6.6373273094937
"5130",45,"UKENSW_SWS_TP000016",3.412911541,5.87588684357436,4.91539388303409,6.83638699261961
"1351",1,"UKENMI_ST_TP000099",NA,4.3196318703132,3.41755436428923,5.22244501702463
"1352",2,"UKENMI_ST_TP000099",4.720913345,4.32658542927817,3.44973287085624,5.20607461155848
"1353",3,"UKENMI_ST_TP000099",NA,4.57351233943486,3.68605289957718,5.46205814666016
"1354",4,"UKENMI_ST_TP000099",5.176699445,4.57293733517966,3.69403197709015,5.45318855071112
"1355",5,"UKENMI_ST_TP000099",NA,4.73709807149571,3.84036747201627,5.63666587361019
"1356",6,"UKENMI_ST_TP000099",4.955166006,4.89656057537513,4.01879311165853,5.77419621660584
"1357",7,"UKENMI_ST_TP000099",NA,4.82752543719136,3.92710141651949,5.7289146958172
"1358",8,"UKENMI_ST_TP000099",3.931687789,4.82207059105677,3.94535154875908,5.69850808931587
"1359",9,"UKENMI_ST_TP000099",NA,5.04163781348939,4.1383492612647,5.94623950209727
"1360",10,"UKENMI_ST_TP000099",5.406704958,5.25900218286036,4.37973894131972,6.13440558774112
"1361",11,"UKENMI_ST_TP000099",NA,5.37289843428266,4.47684214799002,6.26951450538663
"1362",12,"UKENMI_ST_TP000099",5.536471389,5.23583940823639,4.35934198598257,6.11276092985608
"1363",13,"UKENMI_ST_TP000099",NA,5.17566407103823,4.27462059067436,6.07718586566614
"1364",14,"UKENMI_ST_TP000099",4.809722973,5.210122787912,4.33331258662459,6.08991462927286
"1365",15,"UKENMI_ST_TP000099",NA,5.25810878778397,4.35981258621683,6.15883584797746
"1366",16,"UKENMI_ST_TP000099",5.743742829,5.39258540498904,4.51408490844911,6.27030476206399
"1367",17,"UKENMI_ST_TP000099",NA,5.2187285198116,4.32385922866603,6.11547617604757
"1368",18,"UKENMI_ST_TP000099",2.859074012,5.12653522562156,4.24972784229855,6.0037532829683
"1369",19,"UKENMI_ST_TP000099",NA,5.01884798823451,4.12049478960785,5.9173668560818
"1370",20,"UKENMI_ST_TP000099",5.318963821,4.99173211191714,4.11447019410675,5.87378710371047
"1371",21,"UKENMI_ST_TP000099",NA,5.06160687505932,4.16634167053495,5.95762612688701
"1372",22,"UKENMI_ST_TP000099",4.698001251,5.0532096634579,4.17616604088729,5.93046889104263
"1373",23,"UKENMI_ST_TP000099",NA,5.18104033941783,4.28594053026295,6.07675511516155
"1374",24,"UKENMI_ST_TP000099",4.862479569,5.24928846890795,4.36753773314201,6.12809056815053
"1375",25,"UKENMI_ST_TP000099",NA,5.14358139479708,4.24710373229729,6.04120873167305
"1376",26,"UKENMI_ST_TP000099",5.432619791,5.11349893185673,4.23607679610252,5.99103633201732
"1377",27,"UKENMI_ST_TP000099",NA,5.02721016385358,4.12750352868999,5.92721624017942
"1378",28,"UKENMI_ST_TP000099",5.229524243,5.18628455943142,4.30944036115675,6.06309803122414
"1379",29,"UKENMI_ST_TP000099",NA,5.10247019936174,4.20767472217018,5.99875476506513
"1380",30,"UKENMI_ST_TP000099",5.016827181,5.09810921492373,4.22240460512574,5.97620956428554
"1381",31,"UKENMI_ST_TP000099",NA,5.03872046038172,4.12074952344551,5.95675262787122
"1382",32,"UKENMI_ST_TP000099",5.46685296,5.06987635367724,4.19204277975076,5.94709955191924
"1383",33,"UKENMI_ST_TP000099",NA,5.01371296551312,4.1262307500973,5.90174335736299
"1384",34,"UKENMI_ST_TP000099",4.723753281,4.84397856061124,3.96813553335558,5.72178541016065
"1385",35,"UKENMI_ST_TP000099",NA,4.80659741505443,3.90947470969129,5.7040332220536
"1386",36,"UKENMI_ST_TP000099",5.060164665,4.83326750709944,3.95682479442233,5.71184289236061
"1387",37,"UKENMI_ST_TP000099",NA,5.18274781971973,4.28475187243567,6.08206989652996
"1388",38,"UKENMI_ST_TP000099",5.374284528,5.14644293168754,4.26742618831432,6.02890669953173
"1389",39,"UKENMI_ST_TP000099",NA,5.46526309017571,4.57085444659352,6.36062021520094
"1390",40,"UKENMI_ST_TP000099",5.426081749,5.39989642678421,4.52246552593291,6.27844136243987
"1391",41,"UKENMI_ST_TP000099",NA,5.47164730363501,4.57547865934178,6.36911631974626
"1392",42,"UKENMI_ST_TP000099",4.342402236,5.41534912388282,4.53837766329268,6.29373704859251
"1393",43,"UKENMI_ST_TP000099",5.906828347,5.53861665640165,4.64499269024182,6.43298733400991
"1394",44,"UKENMI_ST_TP000099",NA,5.27063251033446,4.39383757566872,6.14957980121667
"1395",45,"UKENMI_ST_TP000099",NA,5.49705641556324,4.58020701950524,6.41404747736499
"1981",1,"UKENMI_ST_TP000208",NA,4.47191462750413,3.53544129251002,5.40838244393424
"1982",2,"UKENMI_ST_TP000208",4.915911284,4.46793935416112,3.5616619857603,5.37708962511909
"1983",3,"UKENMI_ST_TP000208",NA,4.71664171185702,3.79549477034866,5.63774510223097
"1984",4,"UKENMI_ST_TP000208",5.576511177,4.72655294551692,3.81719348215256,5.63698900555189
"1985",5,"UKENMI_ST_TP000208",NA,4.88131434659507,3.95040941401371,5.81450619427122
"1986",6,"UKENMI_ST_TP000208",5.066778577,5.03758788997895,4.12984148688067,5.94409432840967
"1987",7,"UKENMI_ST_TP000208",NA,4.96576520600426,4.03083360786553,5.90051186850544
"1988",8,"UKENMI_ST_TP000208",6.066233226,4.93355966247567,4.02608361195587,5.83971982262113
"1989",9,"UKENMI_ST_TP000208",NA,5.18789992966034,4.2537832967221,6.1224988006987
"1990",10,"UKENMI_ST_TP000208",5.147386908,5.41348207257235,4.50299060756742,6.31866337664077
"1991",11,"UKENMI_ST_TP000208",NA,5.49325779916968,4.56232815513167,6.42330318099205
"1992",12,"UKENMI_ST_TP000208",5.912582898,5.37229900715938,4.4651811389293,6.27867229644099
"1993",13,"UKENMI_ST_TP000208",NA,5.29562714987945,4.35897937550829,6.23132659515495
"1994",14,"UKENMI_ST_TP000208",5.660383944,5.33837720734095,4.43191249782534,6.24768438048645
"1995",15,"UKENMI_ST_TP000208",NA,5.39236709255713,4.46071413956815,6.32575509765127
"1996",16,"UKENMI_ST_TP000208",6.188044399,5.54342743831914,4.63470619645159,6.45021358547513
"1997",17,"UKENMI_ST_TP000208",NA,5.36988289887114,4.44043197494527,6.30124520575242
"1998",18,"UKENMI_ST_TP000208",4.806949918,5.27847702286806,4.37153963059411,6.18476091263748
"1999",19,"UKENMI_ST_TP000208",NA,5.15369117081236,4.22072675888254,6.08532284751743
"2000",20,"UKENMI_ST_TP000208",5.578316281,5.15676680053071,4.25078510090284,6.06657024604421
"2001",21,"UKENMI_ST_TP000208",NA,5.19274699739484,4.2618325921828,6.12233476841697
"2002",22,"UKENMI_ST_TP000208",5.057660086,5.20347971639935,4.29600437598969,6.10977977249897
"2003",23,"UKENMI_ST_TP000208",NA,5.31409254253716,4.38512662113304,6.24265632266122
"2004",24,"UKENMI_ST_TP000208",5.476297589,5.40289958713598,4.49061193987283,6.3104538999617
"2005",25,"UKENMI_ST_TP000208",NA,5.28845814307681,4.3576480974709,6.21945983167088
"2006",26,"UKENMI_ST_TP000208",3.264449799,5.24849363479798,4.3409109083699,6.15434941934397
"2007",27,"UKENMI_ST_TP000208",NA,5.17416816112833,4.24106036401498,6.10681253336188
"2008",28,"UKENMI_ST_TP000208",4.713342226,5.31773521218475,4.41049950327104,6.22366827343608
"2009",29,"UKENMI_ST_TP000208",NA,5.25466876196654,4.32610340420378,6.18443222912281
"2010",30,"UKENMI_ST_TP000208",5.514757657,5.25060492452623,4.34488973889755,6.15878922667702
"2011",31,"UKENMI_ST_TP000208",NA,5.15369706124663,4.19962103881252,6.10659065579072
"2012",32,"UKENMI_ST_TP000208",NA,5.18833950456821,4.27917312910309,6.09705442162466
"2013",33,"UKENMI_ST_TP000208",4.182980469,5.14925643525859,4.22788441134618,6.07075118372485
"2014",34,"UKENMI_ST_TP000208",5.000474306,5.00667883174924,4.09991213716885,5.91423162518945
"2015",35,"UKENMI_ST_TP000208",NA,4.9685781881311,4.03672256070073,5.90098470239695
"2016",36,"UKENMI_ST_TP000208",3.790386204,4.96846608204079,4.06204547494207,5.87678687179996
"2017",37,"UKENMI_ST_TP000208",NA,5.32515306217725,4.39293438961797,6.2579637807911
"2018",38,"UKENMI_ST_TP000208",5.295053712,5.28014798074566,4.37257566593952,6.19136482219731
"2019",39,"UKENMI_ST_TP000208",NA,5.62274385121673,4.69377371844878,6.55325576681592
"2020",40,"UKENMI_ST_TP000208",5.610578928,5.52863506624808,4.62213198632987,6.43592236517111
"2021",41,"UKENMI_ST_TP000208",NA,5.61499465043133,4.6841881321736,6.54653263998103
"2022",42,"UKENMI_ST_TP000208",5.797572208,5.54540159570362,4.63884694824286,6.45296542582291
"2023",43,"UKENMI_ST_TP000208",NA,5.67301056675854,4.74531826986332,6.60049711661004
"2024",44,"UKENMI_ST_TP000208",5.477180611,5.42409027917873,4.51795324476763,6.33220527550613
"2025",45,"UKENMI_ST_TP000208",NA,5.63903346662083,4.69142325014521,6.58615732825303
"2161",1,"UKENMI_ST_TP000256",NA,4.3776708121549,3.47164402502972,5.28462067004146
"2162",2,"UKENMI_ST_TP000256",5.022753245,4.38485524207359,3.50179584744988,5.27094454461629
"2163",3,"UKENMI_ST_TP000256",NA,4.63208542789912,3.73944704863719,5.52637047614957
"2164",4,"UKENMI_ST_TP000256",5.100466404,4.63606289188322,3.75056864288663,5.52279918053099
"2165",5,"UKENMI_ST_TP000256",NA,4.79833211818399,3.89671524779939,5.70313828971275
"2166",6,"UKENMI_ST_TP000256",5.054719033,4.96637049303332,4.08210775370739,5.85003864218953
"2167",7,"UKENMI_ST_TP000256",NA,4.90276961926756,3.99816057956775,5.8082388465265
"2168",8,"UKENMI_ST_TP000256",5.065340753,4.89941531839531,4.01613510132026,5.78250637725555
"2169",9,"UKENMI_ST_TP000256",NA,5.10344842603712,4.1942836440036,6.01440111873328
"2170",10,"UKENMI_ST_TP000256",5.567731019,5.31955380603812,4.43348011820269,6.20110558886213
"2171",11,"UKENMI_ST_TP000256",NA,5.45378308431418,4.55361146289769,6.35485628161306
"2172",12,"UKENMI_ST_TP000256",6.815586989,5.29822584725106,4.41552582227264,6.18164935405932
"2173",13,"UKENMI_ST_TP000256",NA,5.24655539320561,4.34061459015396,6.15336971349973
"2174",14,"UKENMI_ST_TP000256",5.118588623,5.2937059397244,4.41096667516671,6.17960484753708
"2175",15,"UKENMI_ST_TP000256",NA,5.32252947899737,4.4196126786602,6.22808538946379
"2176",16,"UKENMI_ST_TP000256",5.331831085,5.45163808563003,4.56585179556999,6.33661147694285
"2177",17,"UKENMI_ST_TP000256",NA,5.27656676838048,4.37747315734063,6.17762711114858
"2178",18,"UKENMI_ST_TP000256",5.115394084,5.17864876106159,4.29559004440008,6.06215761205683
"2179",19,"UKENMI_ST_TP000256",NA,5.0847878120278,4.18124990657455,5.98859118455126
"2180",20,"UKENMI_ST_TP000256",5.763097172,5.02332825833948,4.13876140551827,5.91352214118638
"2181",21,"UKENMI_ST_TP000256",NA,5.12820383728139,4.22940176995757,6.0281030747674
"2182",22,"UKENMI_ST_TP000256",5.180337742,5.10337538606509,4.2200002262935,5.98767088446743
"2183",23,"UKENMI_ST_TP000256",NA,5.24726819193126,4.34718521606614,6.14810465887425
"2184",24,"UKENMI_ST_TP000256",5.107264914,5.31056826640657,4.42292708293576,6.19527774442537
"2185",25,"UKENMI_ST_TP000256",NA,5.20819887409937,4.30715025887827,6.11058864893588
"2186",26,"UKENMI_ST_TP000256",5.279214247,5.18762269304413,4.30463450994924,6.07122063634838
"2187",27,"UKENMI_ST_TP000256",NA,5.08771728110157,4.18385635694206,5.9919096259629
"2188",28,"UKENMI_ST_TP000256",4.753063993,5.26743464611917,4.3845872903768,6.15053944388324
"2189",29,"UKENMI_ST_TP000256",NA,5.16380446281969,4.26448500639488,6.06464827476116
"2190",30,"UKENMI_ST_TP000256",3.402337687,5.15016678046294,4.26830052011079,6.03461190652913
"2191",31,"UKENMI_ST_TP000256",NA,5.0952465212941,4.17216139030212,6.01860744896364
"2192",32,"UKENMI_ST_TP000256",4.969277375,5.13221240939354,4.24819894810277,6.01601483496205
"2193",33,"UKENMI_ST_TP000256",NA,5.07881534090017,4.18610498248803,5.97225593108263
"2194",34,"UKENMI_ST_TP000256",5.130128847,4.88380531859168,4.00155556474968,5.76906004130927
"2195",35,"UKENMI_ST_TP000256",NA,4.85881170806118,3.95649303383296,5.76158913290277
"2196",36,"UKENMI_ST_TP000256",4.992771134,4.91070965018068,4.02802069905107,5.79598316856733
"2197",37,"UKENMI_ST_TP000256",NA,5.24143808087657,4.33815664874077,6.14640330216291
"2198",38,"UKENMI_ST_TP000256",5.498835259,5.21474992704462,4.32897038046904,6.10421178971858
"2199",39,"UKENMI_ST_TP000256",NA,5.52371799537763,4.62509661199571,6.42331025105216
"2200",40,"UKENMI_ST_TP000256",5.993684156,5.45035761454857,4.56615448887139,6.33600393226849
"2201",41,"UKENMI_ST_TP000256",NA,5.53497936271452,4.63350461037397,6.43828394172784
"2202",42,"UKENMI_ST_TP000256",4.963943171,5.49300752492663,4.60985152484614,6.37756645127441
"2203",43,"UKENMI_ST_TP000256",NA,5.60402014985066,4.70513637957856,6.50389148312828
"2204",44,"UKENMI_ST_TP000256",5.699526777,5.31787476319876,4.43389910538661,6.20451455819057
"2205",45,"UKENMI_ST_TP000256",NA,5.56281554723019,4.64003606575732,6.48589958464009
"1036",1,"UKENMI_ST_TP000018",NA,3.83967949497271,2.94056867281589,4.73932121360747
"1037",2,"UKENMI_ST_TP000018",NA,4.01893924472778,3.16063064593429,4.88040712085482
"1038",3,"UKENMI_ST_TP000018",NA,4.10357473994886,3.21573092365406,4.98953647357322
"1039",4,"UKENMI_ST_TP000018",4.57832679,4.14953917688345,3.28740543707827,5.00770373551837
"1040",5,"UKENMI_ST_TP000018",NA,4.30645111451607,3.4201375129123,5.19270343500772
"1041",6,"UKENMI_ST_TP000018",4.908290844,4.45406779412404,3.59023755201928,5.31585477582256
"1042",7,"UKENMI_ST_TP000018",NA,4.3937963294757,3.4934481996619,5.29345714682198
"1043",8,"UKENMI_ST_TP000018",5.215266794,4.4815051087322,3.62064571547343,5.33904400784678
"1044",9,"UKENMI_ST_TP000018",NA,4.54489997285202,3.64668890754258,5.44229786506126
"1045",10,"UKENMI_ST_TP000018",5.023153487,4.81099463903701,3.95220640968799,5.66874434885028
"1046",11,"UKENMI_ST_TP000018",NA,4.92865136558772,4.03501433745926,5.8208298764853
"1047",12,"UKENMI_ST_TP000018",5.461305879,4.63807894428985,3.77717230373528,5.49560525778123
"1048",13,"UKENMI_ST_TP000018",NA,4.79830737724188,3.90343541549972,5.69417498226524
"1049",14,"UKENMI_ST_TP000018",5.182321535,4.78746241875965,3.92901681046367,5.64609592157712
"1050",15,"UKENMI_ST_TP000018",NA,4.78470453457113,3.88986227424169,5.67955999613216
"1051",16,"UKENMI_ST_TP000018",5.751232033,4.85526901670526,3.9957253600754,5.71363594928062
"1052",17,"UKENMI_ST_TP000018",NA,4.79439943225022,3.9032070053631,5.68662508063709
"1053",18,"UKENMI_ST_TP000018",5.643248262,4.74932485004101,3.88729444520954,5.61275270495069
"1054",19,"UKENMI_ST_TP000018",NA,4.55386998603646,3.66613185018476,5.43997084708674
"1055",20,"UKENMI_ST_TP000018",5.912919851,4.24554273317238,3.37930717626483,5.10667728002309
"1056",21,"UKENMI_ST_TP000018",NA,4.53030255532252,3.63808068410049,5.42184637574491
"1057",22,"UKENMI_ST_TP000018",5.432700132,4.52628719240666,3.66750313181941,5.38383915517851
"1058",23,"UKENMI_ST_TP000018",NA,4.76563491617959,3.87404053528755,5.65710511865333
"1059",24,"UKENMI_ST_TP000018",5.753566875,4.74251832801836,3.88422552132438,5.60099333262779
"1060",25,"UKENMI_ST_TP000018",NA,4.67466773928563,3.77896464168268,5.57056830436127
"1061",26,"UKENMI_ST_TP000018",5.696408465,4.5654078072666,3.70270670153076,5.42250453016428
"1062",27,"UKENMI_ST_TP000018",NA,4.58814128199976,3.6917776452745,5.48505403219981
"1063",28,"UKENMI_ST_TP000018",5.721264811,4.79903696226541,3.94073924460679,5.65818173415139
"1064",29,"UKENMI_ST_TP000018",NA,4.66351662858184,3.77124637928257,5.55646129515602
"1065",30,"UKENMI_ST_TP000018",5.620468937,4.72828740931883,3.86965444766085,5.5879679471906
"1066",31,"UKENMI_ST_TP000018",NA,4.58459188443651,3.6565778834762,5.51122335679705
"1067",32,"UKENMI_ST_TP000018",5.967047265,4.80916203994392,3.94819141003842,5.67205554691697
"1068",33,"UKENMI_ST_TP000018",NA,4.58546096177545,3.70811439033996,5.46251961531043
"1069",34,"UKENMI_ST_TP000018",4.512497964,4.20536646846008,3.3433151385682,5.06267593903917
"1070",35,"UKENMI_ST_TP000018",NA,4.39464805610638,3.49714881582043,5.29221069160676
"1071",36,"UKENMI_ST_TP000018",5.176289786,4.44552926365019,3.58782581976209,5.30608300135695
"1072",37,"UKENMI_ST_TP000018",NA,4.68343302767395,3.78666141534493,5.5781067308184
"1073",38,"UKENMI_ST_TP000018",5.10199741,4.75178929945869,3.89266339483956,5.61173002829935
"1074",39,"UKENMI_ST_TP000018",NA,5.05522638975208,4.16250823430183,5.94830864786849
"1075",40,"UKENMI_ST_TP000018",6.552474199,5.03664936644913,4.17935418670306,5.89707104616882
"1076",41,"UKENMI_ST_TP000018",NA,5.02029527963031,4.12634018630968,5.91471265693972
"1077",42,"UKENMI_ST_TP000018",5.814969377,5.03819740666278,4.17902503432078,5.8954627724471
"1078",43,"UKENMI_ST_TP000018",NA,5.07076334547878,4.1779201407856,5.96256018683965
"1079",44,"UKENMI_ST_TP000018",5.922320887,4.7920841233015,3.93200893024013,5.64934486229818
"1080",45,"UKENMI_ST_TP000018",NA,5.03805807572447,4.11648851509022,5.95786500830114
"1171",1,"UKENMI_ST_TP000060",NA,4.3007107204986,3.37876728694428,5.22219620137859
"1172",2,"UKENMI_ST_TP000060",3.669353962,4.41367942045289,3.52317989234368,5.30208300569798
"1173",3,"UKENMI_ST_TP000060",NA,4.57207661540608,3.66254554930907,5.48059295013631
"1174",4,"UKENMI_ST_TP000060",4.683211358,4.58539766359177,3.68924567678077,5.47616077512091
"1175",5,"UKENMI_ST_TP000060",NA,4.7522915961157,3.83859443774347,5.66500748378338
"1176",6,"UKENMI_ST_TP000060",5.702473328,4.8950342919167,3.99915533189785,5.78820214222693
"1177",7,"UKENMI_ST_TP000060",NA,4.83690082007079,3.91179691335223,5.76037234418229
"1178",8,"UKENMI_ST_TP000060",5.680554518,4.93064261182735,4.03605309543188,5.8216945506838
"1179",9,"UKENMI_ST_TP000060",NA,5.02943070708644,4.11148087922782,5.94731190835686
"1180",10,"UKENMI_ST_TP000060",6.317096447,5.21665118041395,4.32638004211152,6.10435029682171
"1181",11,"UKENMI_ST_TP000060",NA,5.36265744013282,4.44857605823288,6.27398701739119
"1182",12,"UKENMI_ST_TP000060",NA,5.12496655025123,4.23387889053358,6.01521648972968
"1183",13,"UKENMI_ST_TP000060",5.839366627,5.21493761136556,4.2988159763227,6.12947770522098
"1184",14,"UKENMI_ST_TP000060",NA,5.2218457785532,4.33057568283712,6.11197917154411
"1185",15,"UKENMI_ST_TP000060",NA,5.23914465205499,4.32604031091462,6.15213819951317
"1186",16,"UKENMI_ST_TP000060",5.983471424,5.31142586943999,4.41900921514795,6.20330505094786
"1187",17,"UKENMI_ST_TP000060",NA,5.22689948617165,4.31103060160687,6.14217620724215
"1188",18,"UKENMI_ST_TP000060",6.038999019,5.19131296490802,4.29632524537341,6.08522536419529
"1189",19,"UKENMI_ST_TP000060",NA,5.0200024632321,4.10538155634153,5.9318502522565
"1190",20,"UKENMI_ST_TP000060",5.532743789,4.85624151473325,3.96012055940741,5.75583314685371
"1191",21,"UKENMI_ST_TP000060",NA,5.01390133703528,4.0991657520129,5.9285821800327
"1192",22,"UKENMI_ST_TP000060",NA,5.02064603689212,4.12885941533047,5.91204058763604
"1193",23,"UKENMI_ST_TP000060",4.562158718,5.20575659301482,4.29180434524435,6.11753158942334
"1194",24,"UKENMI_ST_TP000060",5.441624379,5.17610833171042,4.28302321795,6.06706726746664
"1195",25,"UKENMI_ST_TP000060",NA,5.14200443359554,4.2233051540585,6.05991210054501
"1196",26,"UKENMI_ST_TP000060",5.439443186,5.10034316218704,4.20696128891899,5.99302423180638
"1197",27,"UKENMI_ST_TP000060",NA,5.03492574658347,4.11598319205608,5.95307191882484
"1198",28,"UKENMI_ST_TP000060",5.236408312,5.2260763664013,4.33289056435059,6.11768018589191
"1199",29,"UKENMI_ST_TP000060",NA,5.11601210175234,4.20097833808478,6.03061973896391
"1200",30,"UKENMI_ST_TP000060",4.212262944,5.14018948593962,4.24570662805594,6.03277326801993
"1201",31,"UKENMI_ST_TP000060",NA,5.04516251181278,4.10091879158662,5.98769104777444
"1202",32,"UKENMI_ST_TP000060",NA,5.18771094110148,4.29517068260903,6.07682811403744
"1203",33,"UKENMI_ST_TP000060",5.211291922,5.01318747048261,4.11258508791353,5.91183477142559
"1204",34,"UKENMI_ST_TP000060",5.057619946,4.76340786123825,3.86970648317277,5.65798444987233
"1205",35,"UKENMI_ST_TP000060",NA,4.84002797994212,3.91808094003005,5.76076959444746
"1206",36,"UKENMI_ST_TP000060",4.202532683,4.86741338211851,3.97498815300843,5.75887738252369
"1207",37,"UKENMI_ST_TP000060",NA,5.17083678500126,4.25198895927639,6.08728209974151
"1208",38,"UKENMI_ST_TP000060",5.406175532,5.20052479094671,4.30579583772618,6.09189458312889
"1209",39,"UKENMI_ST_TP000060",NA,5.49742660958117,4.57936587435748,6.41424302546185
"1210",40,"UKENMI_ST_TP000060",6.070685403,5.49271026913202,4.60108582571221,6.38274988403523
"1211",41,"UKENMI_ST_TP000060",NA,5.46947854994877,4.55163488492129,6.3866519020969
"1212",42,"UKENMI_ST_TP000060",6.049763307,5.49062035998399,4.59612639737759,6.38114838542042
"1213",43,"UKENMI_ST_TP000060",NA,5.52281316697604,4.60633545951069,6.43708954890264
"1214",44,"UKENMI_ST_TP000060",5.699803861,5.27858053873801,4.38428648096635,6.16935089119245
"1215",45,"UKENMI_ST_TP000060",NA,5.48061317650328,4.53990344743922,6.41851340855585
"1711",1,"UKENMI_ST_TP000180",3.791614865,4.31703424668838,3.41928840450575,5.21562747287832
"1712",2,"UKENMI_ST_TP000180",NA,4.44318557403365,3.58421239717276,5.30374231462782
"1713",3,"UKENMI_ST_TP000180",4.988490604,4.58378335889168,3.69656911471806,5.47027086626051
"1714",4,"UKENMI_ST_TP000180",NA,4.53460303591421,3.66597041391246,5.39415972740757
"1715",5,"UKENMI_ST_TP000180",4.681757685,4.78305283103687,3.89266028159221,5.6747381054836
"1716",6,"UKENMI_ST_TP000180",NA,4.97702415735164,4.11698181786513,5.83787060941483
"1717",7,"UKENMI_ST_TP000180",5.034886411,4.87464003899935,3.97705446493447,5.77212265567633
"1718",8,"UKENMI_ST_TP000180",NA,5.00842422488456,4.1498821649867,5.86901759409265
"1719",9,"UKENMI_ST_TP000180",5.430542942,5.02344493253666,4.12240212358677,5.9245284453975
"1720",10,"UKENMI_ST_TP000180",NA,5.29838488351006,4.43934678313226,6.1561490457458
"1721",11,"UKENMI_ST_TP000180",5.167430604,5.44761522025636,4.55806403900518,6.33776348959134
"1722",12,"UKENMI_ST_TP000180",NA,5.23299256373837,4.37474946875994,6.09396384774728
"1723",13,"UKENMI_ST_TP000180",5.743462233,5.28722231805046,4.39319985652246,6.18300354388202
"1724",14,"UKENMI_ST_TP000180",NA,5.16755882216608,4.3040614955163,6.02519591670013
"1725",15,"UKENMI_ST_TP000180",5.013383862,5.26925102405574,4.37548414156479,6.16422976611043
"1726",16,"UKENMI_ST_TP000180",NA,5.4072345293575,4.54666672364886,6.26979044397977
"1727",17,"UKENMI_ST_TP000180",4.301478939,5.2566168473425,4.36819881658888,6.1459545432008
"1728",18,"UKENMI_ST_TP000180",NA,5.22196820954474,4.3626901112749,6.08398246956488
"1729",19,"UKENMI_ST_TP000180",4.646653987,5.04447151906555,4.15202266181052,5.93619426367365
"1730",20,"UKENMI_ST_TP000180",NA,4.80808086521623,3.94314945905884,5.67474301626728
"1731",21,"UKENMI_ST_TP000180",NA,5.0422278334909,4.15381882137243,5.93117053561419
"1732",22,"UKENMI_ST_TP000180",2.630518336,5.05412185911581,4.19592742334512,5.91449355216844
"1733",23,"UKENMI_ST_TP000180",5.421122258,5.24014127463976,4.34891695952364,6.13182610258192
"1734",24,"UKENMI_ST_TP000180",NA,5.24749640297448,4.38881028546609,6.10682510769611
"1735",25,"UKENMI_ST_TP000180",5.115907969,5.1581839676609,4.26422776473955,6.05298658786018
"1736",26,"UKENMI_ST_TP000180",NA,5.12775752720173,4.26915018302616,5.98688993863154
"1737",27,"UKENMI_ST_TP000180",4.874591832,5.05067252382449,4.15570425305622,5.94604750885702
"1738",28,"UKENMI_ST_TP000180",NA,5.30211431260458,4.44395594367931,6.16332230286841
"1739",29,"UKENMI_ST_TP000180",3.912328159,5.12739037603222,4.2361903358529,6.01937136325707
"1740",30,"UKENMI_ST_TP000180",NA,5.13127436382363,4.27124442699171,5.98936187205845
"1741",31,"UKENMI_ST_TP000180",NA,5.07601628828693,4.15481078702959,5.99706413832681
"1742",32,"UKENMI_ST_TP000180",5.59846624,5.24758506954417,4.38851028303005,6.10837744047818
"1743",33,"UKENMI_ST_TP000180",4.319314172,5.04898172133075,4.1663213827249,5.9314714416457
"1744",34,"UKENMI_ST_TP000180",NA,4.71372328986995,3.85338724981739,5.57283677453686
"1745",35,"UKENMI_ST_TP000180",3.935088254,4.83716369242968,3.94144744220123,5.73248913770004
"1746",36,"UKENMI_ST_TP000180",NA,4.86092109301936,4.00129897714142,5.71917495957139
"1747",37,"UKENMI_ST_TP000180",5.679089654,5.1668137675031,4.27151455332857,6.06122267137414
"1748",38,"UKENMI_ST_TP000180",NA,5.15980881955239,4.29624635565901,6.0201908716236
"1749",39,"UKENMI_ST_TP000180",5.531291454,5.50558883138081,4.61635912851883,6.39473728038953
"1750",40,"UKENMI_ST_TP000180",NA,5.48208256972379,4.62402808865357,6.3419258878686
"1751",41,"UKENMI_ST_TP000180",5.143851967,5.50053426497304,4.60732207508876,6.39465295992629
"1752",42,"UKENMI_ST_TP000180",NA,5.49469860894061,4.6348427533605,6.35256859829424
"1753",43,"UKENMI_ST_TP000180",5.47909246,5.56676669895034,4.67505220856279,6.45834843254829
"1754",44,"UKENMI_ST_TP000180",NA,5.22153787325243,4.35956264406126,6.07932569187409
"1755",45,"UKENMI_ST_TP000180",NA,5.51799880524472,4.59591696538419,6.43883488877943
"1801",1,"UKENMI_ST_TP000184",NA,4.27599441177234,3.37616432627704,5.17425827271384
"1802",2,"UKENMI_ST_TP000184",5.563502456,4.38662079715136,3.51721563939416,5.2529869588181
"1803",3,"UKENMI_ST_TP000184",NA,4.5576081853529,3.67119612236746,5.44260331048793
"1804",4,"UKENMI_ST_TP000184",5.394037456,4.60019392989374,3.72529723721298,5.47139718160908
"1805",5,"UKENMI_ST_TP000184",NA,4.72829321107151,3.83655912488902,5.61828294978096
"1806",6,"UKENMI_ST_TP000184",5.541600202,4.85226769793275,3.97640779345659,5.72498961838284
"1807",7,"UKENMI_ST_TP000184",NA,4.8112291290543,3.90690632721928,5.71400109859856
"1808",8,"UKENMI_ST_TP000184",3.208206971,4.88800834586952,4.01413317112526,5.75808940032748
"1809",9,"UKENMI_ST_TP000184",NA,5.02018296487023,4.12707929801139,5.9127638497292
"1810",10,"UKENMI_ST_TP000184",6.256002548,5.16723895173285,4.29887354412443,6.03339143392246
"1811",11,"UKENMI_ST_TP000184",NA,5.32091017038037,4.43072833790388,6.20886598988817
"1812",12,"UKENMI_ST_TP000184",6.241204515,5.07579844721113,4.20460713208174,5.94436437962937
"1813",13,"UKENMI_ST_TP000184",NA,5.18105145298882,4.28887511261495,6.07142701055174
"1814",14,"UKENMI_ST_TP000184",5.734932436,5.23882522594196,4.3690842340935,6.10788417605945
"1815",15,"UKENMI_ST_TP000184",NA,5.21959528251624,4.33088021402923,6.10798038095783
"1816",16,"UKENMI_ST_TP000184",NA,5.25429736509237,4.38211860386428,6.1249989461938
"1817",17,"UKENMI_ST_TP000184",5.750316025,5.20605196684406,4.31143762298849,6.09956415037144
"1818",18,"UKENMI_ST_TP000184",4.963383617,5.16043180066683,4.28518059056444,6.03347677538134
"1819",19,"UKENMI_ST_TP000184",NA,4.9997301986747,4.10759864458658,5.88959156517893
"1820",20,"UKENMI_ST_TP000184",4.824766716,4.87477841345431,4.00010249907954,5.75015614380798
"1821",21,"UKENMI_ST_TP000184",NA,4.98404546697538,4.09103899218948,5.8765238554078
"1822",22,"UKENMI_ST_TP000184",4.356993897,4.99516878944284,4.1235578568538,5.86545002778435
"1823",23,"UKENMI_ST_TP000184",NA,5.18575085515357,4.29538947331553,6.07421355410596
"1824",24,"UKENMI_ST_TP000184",5.49551272,5.12671004137125,4.2540848944852,5.99690679594158
"1825",25,"UKENMI_ST_TP000184",NA,5.12328187047221,4.22665424110903,6.01853408888382
"1826",26,"UKENMI_ST_TP000184",4.75025148,5.07908097109922,4.20591324037811,5.95153184646842
"1827",27,"UKENMI_ST_TP000184",NA,5.01487418545755,4.11861001466882,5.90997153615639
"1828",28,"UKENMI_ST_TP000184",4.833091189,5.17796742965458,4.30478163381604,6.04901797026421
"1829",29,"UKENMI_ST_TP000184",NA,5.10419141105227,4.21190706465842,5.99541165062337
"1830",30,"UKENMI_ST_TP000184",4.986272892,5.12571961499574,4.2510995720635,5.99839904658898
"1831",31,"UKENMI_ST_TP000184",NA,5.01613566016143,4.09319605796213,5.93733426511795
"1832",32,"UKENMI_ST_TP000184",NA,5.15124144722798,4.28146570221573,6.01732524145598
"1833",33,"UKENMI_ST_TP000184",5.380642627,4.98737729875382,4.11197661491911,5.86047057210496
"1834",34,"UKENMI_ST_TP000184",3.246779095,4.77468884804729,3.90080294831324,5.64878452278816
"1835",35,"UKENMI_ST_TP000184",NA,4.82950842260622,3.9280435304324,5.72904244682756
"1836",36,"UKENMI_ST_TP000184",5.525633387,4.84747418911863,3.97541347180513,5.71735967745117
"1837",37,"UKENMI_ST_TP000184",NA,5.1723774792935,4.27573026926416,6.06620756017025
"1838",38,"UKENMI_ST_TP000184",5.545046641,5.21537707193495,4.34122488610693,6.08565229795694
"1839",39,"UKENMI_ST_TP000184",NA,5.48551813795282,4.58765131666245,6.38158408528287
"1840",40,"UKENMI_ST_TP000184",4.665209565,5.47914180982349,4.60767863503113,6.34732337845458
"1841",41,"UKENMI_ST_TP000184",NA,5.45223382670325,4.5565484647764,6.3466040150286
"1842",42,"UKENMI_ST_TP000184",5.712398577,5.48510596307867,4.61047362050286,6.3554878682663
"1843",43,"UKENMI_ST_TP000184",NA,5.48843769742902,4.59446441587443,6.37984229407411
"1844",44,"UKENMI_ST_TP000184",5.003213201,5.30427871631219,4.43012171066554,6.17493692116714
"1845",45,"UKENMI_ST_TP000184",6.131944775,5.46009838714758,4.54293743868498,6.3743403494854
"991",1,"UKENAN_AW_TP000308",NA,4.20793534759258,3.28469114578273,5.13010305226326
"992",2,"UKENAN_AW_TP000308",4.407294191,4.39239418474338,3.51482932649415,5.27685965241744
"993",3,"UKENAN_AW_TP000308",NA,4.45868873365681,3.54775321110164,5.37170989462895
"994",4,"UKENAN_AW_TP000308",4.106128217,4.44223875323272,3.56200699466652,5.32115870630879
"995",5,"UKENAN_AW_TP000308",NA,4.70944957968835,3.79225840916267,5.63217799695824
"996",6,"UKENAN_AW_TP000308",5.01052449,4.85504329653325,3.97207406666308,5.73266526468871
"997",7,"UKENAN_AW_TP000308",NA,4.67545070661877,3.75224075750008,5.59833035136474
"998",8,"UKENAN_AW_TP000308",5.621184532,4.67445412461139,3.79419888150981,5.55305054303254
"999",9,"UKENAN_AW_TP000308",NA,4.97741166103752,4.04290122404008,5.91159948195274
"1000",10,"UKENAN_AW_TP000308",4.818510834,4.99589029891335,4.12044666929444,5.87216852851563
"1001",11,"UKENAN_AW_TP000308",NA,5.177370714089,4.25884975788743,6.09840470270377
"1002",12,"UKENAN_AW_TP000308",5.260653026,5.04774684276644,4.16203143648423,5.92569453907064
"1003",13,"UKENAN_AW_TP000308",NA,4.95275880754669,4.0292573977699,5.87269750599535
"1004",14,"UKENAN_AW_TP000308",5.583964744,5.21993508901695,4.3403080728032,6.09971242108297
"1005",15,"UKENAN_AW_TP000308",NA,5.07628545273584,4.15380662752013,5.99830023892836
"1006",16,"UKENAN_AW_TP000308",6.012233013,5.25642224851442,4.37568146417123,6.13481206011968
"1007",17,"UKENAN_AW_TP000308",NA,5.12189602735407,4.20363045567668,6.04215915281363
"1008",18,"UKENAN_AW_TP000308",4.841688864,4.98861716597879,4.11082179660897,5.86933566222882
"1009",19,"UKENAN_AW_TP000308",NA,4.91201007421898,3.97448088293814,5.84750466726783
"1010",20,"UKENAN_AW_TP000308",4.539094202,5.13003821517657,4.25548295581013,6.00765179736443
"1011",21,"UKENAN_AW_TP000308",NA,4.95185990378832,4.03445020235471,5.87229338118809
"1012",22,"UKENAN_AW_TP000308",3.661698183,4.89538934100128,4.01257440675509,5.77464320404642
"1013",23,"UKENAN_AW_TP000308",NA,5.12098789024521,4.20569543489987,6.04107826060683
"1014",24,"UKENAN_AW_TP000308",5.00593502,4.9589556270836,4.07450697192903,5.83994808292532
"1015",25,"UKENAN_AW_TP000308",NA,5.07236103726951,4.13835141407716,6.00778044733523
"1016",26,"UKENAN_AW_TP000308",5.029463776,4.95982191128388,4.08331167316554,5.83437219203496
"1017",27,"UKENAN_AW_TP000308",NA,4.73970679045879,3.81026579823063,5.65957651311678
"1018",28,"UKENAN_AW_TP000308",4.974193923,5.10257656431987,4.22433773692549,5.98226277533521
"1019",29,"UKENAN_AW_TP000308",NA,5.05887591153463,4.14042838469654,5.98017713781586
"1020",30,"UKENAN_AW_TP000308",4.243044771,5.02324006827935,4.14296968240898,5.90174680124343
"1021",31,"UKENAN_AW_TP000308",NA,4.84619607865219,3.89928327272227,5.79243640034241
"1022",32,"UKENAN_AW_TP000308",3.772547139,4.78174413211811,3.90136399554519,5.66273847391708
"1023",33,"UKENAN_AW_TP000308",NA,4.85742205955182,3.95085498961434,5.76670073341365
"1024",34,"UKENAN_AW_TP000308",4.586040029,4.83652866043486,3.95854191276848,5.72135983584231
"1025",35,"UKENAN_AW_TP000308",NA,4.67372060168081,3.75231828111623,5.59212619596776
"1026",36,"UKENAN_AW_TP000308",4.550260043,4.78481602829462,3.90231444664075,5.66243495614416
"1027",37,"UKENAN_AW_TP000308",NA,5.13915125124468,4.22032678749018,6.06146788189397
"1028",38,"UKENAN_AW_TP000308",5.932570411,5.07943531420741,4.20065103773033,5.9594485265414
"1029",39,"UKENAN_AW_TP000308",NA,5.4425447734589,4.52419343614245,6.36517188941146
"1030",40,"UKENAN_AW_TP000308",5.759910233,5.24312893375489,4.36555807808712,6.12516546254967
"1031",41,"UKENAN_AW_TP000308",NA,5.48051234638391,4.56217671911271,6.40454048560038
"1032",42,"UKENAN_AW_TP000308",5.107133323,5.41998423532073,4.54033331987034,6.29926474377057
"1033",43,"UKENAN_AW_TP000308",NA,5.40891454477491,4.47837686214839,6.33842183765885
"1034",44,"UKENAN_AW_TP000308",5.093228574,5.31916401873794,4.44128033794349,6.20754346363324
"1035",45,"UKENAN_AW_TP000308",NA,5.42797907757748,4.48101790051308,6.37313993400233
"4681",1,"UKENSO_SW_TP000025",NA,4.26082215359098,3.36481504490062,5.15681299658634
"4682",2,"UKENSO_SW_TP000025",4.318644228,4.38064860552856,3.52842654067371,5.23583726003471
"4683",3,"UKENSO_SW_TP000025",NA,4.51050607751213,3.62680639700176,5.39591160666146
"4684",4,"UKENSO_SW_TP000025",3.986108349,4.5043896752002,3.65079406305873,5.35698499441328
"4685",5,"UKENSO_SW_TP000025",NA,4.71109528107039,3.82063992249437,5.60366117591132
"4686",6,"UKENSO_SW_TP000025",5.221641282,4.88818621530813,4.03292754094393,5.74013661136751
"4687",7,"UKENSO_SW_TP000025",NA,4.71283751808944,3.8173579338569,5.60932386478211
"4688",8,"UKENSO_SW_TP000025",5.392361278,4.69654860554928,3.84399767340641,5.55099498356553
"4689",9,"UKENSO_SW_TP000025",NA,5.00107714292661,4.10340850548855,5.89864602450959
"4690",10,"UKENSO_SW_TP000025",5.029632869,4.98629853236093,4.13282680199,5.83825049348697
"4691",11,"UKENSO_SW_TP000025",NA,5.22623385418063,4.33576736166225,6.11949772692861
"4692",12,"UKENSO_SW_TP000025",5.662902741,5.21938308620789,4.36683979804635,6.07287521901246
"4693",13,"UKENSO_SW_TP000025",NA,5.04497813598926,4.15317353009469,5.93788057907659
"4694",14,"UKENSO_SW_TP000025",5.304800985,5.20035542829116,4.34692989599496,6.05242654873343
"4695",15,"UKENSO_SW_TP000025",NA,5.14504365313139,4.2532722591872,6.03850247253993
"4696",16,"UKENSO_SW_TP000025",5.28602126,5.32842588164249,4.47607615245889,6.18134792578685
"4697",17,"UKENSO_SW_TP000025",NA,5.14799654364699,4.25811418193771,6.03950272880366
"4698",18,"UKENSO_SW_TP000025",5.520215198,5.04047090274167,4.18883666892552,5.89413936829375
"4699",19,"UKENSO_SW_TP000025",NA,4.94681257845648,4.04768929832973,5.84479822279281
"4700",20,"UKENSO_SW_TP000025",5.249777544,5.15599114299359,4.3018382942035,6.00855888836798
"4701",21,"UKENSO_SW_TP000025",NA,4.9591467293666,4.06929789332948,5.85052333056538
"4702",22,"UKENSO_SW_TP000025",5.462198011,4.97976972868894,4.1253828029837,5.83185388046607
"4703",23,"UKENSO_SW_TP000025",NA,5.11840406685108,4.23047777208393,6.00814710450547
"4704",24,"UKENSO_SW_TP000025",6.247539207,5.03629517206094,4.1824126879117,5.88951321003714
"4705",25,"UKENSO_SW_TP000025",NA,5.09805469332112,4.20169903247425,5.99550960177423
"4706",26,"UKENSO_SW_TP000025",5.329878957,5.00633793355871,4.15273567277086,5.85748499580455
"4707",27,"UKENSO_SW_TP000025",NA,4.87722473952719,3.9838521652651,5.76937537160688
"4708",28,"UKENSO_SW_TP000025",5.539825622,5.15136480153997,4.29883589770495,6.00407270498666
"4709",29,"UKENSO_SW_TP000025",NA,5.05282300034432,4.16119669586978,5.94473926967999
"4710",30,"UKENSO_SW_TP000025",5.66054026,5.1204507012943,4.2674549365748,5.97350738849174
"4711",31,"UKENSO_SW_TP000025",NA,4.87497558615947,3.95108075054858,5.79758351647503
"4712",32,"UKENSO_SW_TP000025",5.363856033,4.83491328027221,3.98195310877455,5.69058852931533
"4713",33,"UKENSO_SW_TP000025",4.925692451,4.90887278907692,4.02882712963168,5.79110707839491
"4714",34,"UKENSO_SW_TP000025",NA,4.73690230423189,3.88433376396067,5.59074273322425
"4715",35,"UKENSO_SW_TP000025",NA,4.74042236969163,3.84852663379661,5.63218503453859
"4716",36,"UKENSO_SW_TP000025",4.66643854,4.86859406054883,4.01519943609394,5.72048407797976
"4717",37,"UKENSO_SW_TP000025",NA,5.14277236109607,4.25108776031687,6.03536928076536
"4718",38,"UKENSO_SW_TP000025",4.874083354,5.04530864306233,4.19000338114655,5.8968878340813
"4719",39,"UKENSO_SW_TP000025",NA,5.45255091438539,4.56188012561824,6.3452391796087
"4720",40,"UKENSO_SW_TP000025",5.287433242,5.26472027802065,4.41254814383651,6.11917213856107
"4721",41,"UKENSO_SW_TP000025",NA,5.47623860713264,4.58520260982197,6.36974959136621
"4722",42,"UKENSO_SW_TP000025",5.490644916,5.43920507781666,4.58662901935343,6.29175334610077
"4723",43,"UKENSO_SW_TP000025",NA,5.42323766169574,4.52914983080432,6.31683857647582
"4724",44,"UKENSO_SW_TP000025",5.336908227,5.22982839411113,4.37749617550129,6.08369443834295
"4725",45,"UKENSO_SW_TP000025",NA,5.44727856474439,4.53477246368243,6.35876432232166
"4816",1,"UKENSO_SW_TP000030",NA,4.34454166407679,3.41250349497219,5.27423470756129
"4817",2,"UKENSO_SW_TP000030",5.229394425,4.45311104333284,3.55824862448994,5.34926865736876
"4818",3,"UKENSO_SW_TP000030",4.741367124,4.58660355892243,3.6670246663386,5.50624625278314
"4819",4,"UKENSO_SW_TP000030",NA,4.61507917966113,3.71670939518139,5.51127402301927
"4820",5,"UKENSO_SW_TP000030",NA,4.80302359629426,3.87403693103204,5.73272393338313
"4821",6,"UKENSO_SW_TP000030",5.376508119,4.96487503037549,4.06311596203355,5.85959887693928
"4822",7,"UKENSO_SW_TP000030",NA,4.79009333191325,3.85710784253411,5.7223977413706
"4823",8,"UKENSO_SW_TP000030",5.612874258,4.76322891397896,3.8657967236729,5.6600474904879
"4824",9,"UKENSO_SW_TP000030",NA,5.0888773867888,4.15588602979932,6.01945270795793
"4825",10,"UKENSO_SW_TP000030",5.879451596,5.12268770588535,4.2277571720272,6.01674119932597
"4826",11,"UKENSO_SW_TP000030",NA,5.30487017698288,4.38127082293284,6.23026628848953
"4827",12,"UKENSO_SW_TP000030",5.858546127,5.24542212058883,4.34840481674024,6.1385181248242
"4828",13,"UKENSO_SW_TP000030",NA,5.11967325558935,4.19437121594966,6.04400113372461
"4829",14,"UKENSO_SW_TP000030",5.571206214,5.27860395536579,4.38236834932095,6.17232450858681
"4830",15,"UKENSO_SW_TP000030",NA,5.22447339009477,4.29998392825081,6.14892170292451
"4831",16,"UKENSO_SW_TP000030",4.159921612,5.38126527627178,4.48244297554797,6.27617776065753
"4832",17,"UKENSO_SW_TP000030",NA,5.23088300761767,4.30288140506308,6.15883198803917
"4833",18,"UKENSO_SW_TP000030",5.080684447,5.08685992578059,4.18960035028332,5.9839987803652
"4834",19,"UKENSO_SW_TP000030",NA,5.04437476362054,4.10697838171661,5.97759807792412
"4835",20,"UKENSO_SW_TP000030",6.29782855,5.2290297869009,4.32772170664671,6.12414945853891
"4836",21,"UKENSO_SW_TP000030",NA,5.03636561931173,4.1090752369156,5.96348815740651
"4837",22,"UKENSO_SW_TP000030",5.423252221,5.07121378989529,4.17162066572001,5.96671561804424
"4838",23,"UKENSO_SW_TP000030",NA,5.20246192102221,4.2807257422523,6.1244977703251
"4839",24,"UKENSO_SW_TP000030",5.351252226,5.16350816129705,4.26588820185207,6.05957085132912
"4840",25,"UKENSO_SW_TP000030",NA,5.18172688400246,4.2463080895089,6.11637247198302
"4841",26,"UKENSO_SW_TP000030",5.645032664,5.07531536085762,4.17680258115999,5.96865789361869
"4842",27,"UKENSO_SW_TP000030",NA,4.95605239503084,4.02529305724346,5.88235496909564
"4843",28,"UKENSO_SW_TP000030",5.655880598,5.23457112336396,4.33567746783792,6.13194067530712
"4844",29,"UKENSO_SW_TP000030",NA,5.14409654008324,4.21391743710002,6.07215859281084
"4845",30,"UKENSO_SW_TP000030",5.39012699,5.19194726785854,4.29056914224045,6.08929236213483
"4846",31,"UKENSO_SW_TP000030",NA,4.96494183382405,4.00181970280625,5.92514906916592
"4847",32,"UKENSO_SW_TP000030",5.071008085,4.92777586931623,4.03731679723682,5.82134081079022
"4848",33,"UKENSO_SW_TP000030",6.028402341,4.97862611864235,4.06633127443213,5.89191229181781
"4849",34,"UKENSO_SW_TP000030",NA,4.87397423522089,3.97401507759133,5.77491840793391
"4850",35,"UKENSO_SW_TP000030",NA,4.82156293391181,3.88801236728188,5.75260988785189
"4851",36,"UKENSO_SW_TP000030",5.297862681,4.93209517027513,4.02956651792507,5.82815238961166
"4852",37,"UKENSO_SW_TP000030",NA,5.22748631490428,4.29783195968764,6.15624313662329
"4853",38,"UKENSO_SW_TP000030",5.877446593,5.17012710308549,4.27052983813821,6.06624091034946
"4854",39,"UKENSO_SW_TP000030",NA,5.54233367011466,4.61883985967485,6.46617463507856
"4855",40,"UKENSO_SW_TP000030",6.314151259,5.30492229386405,4.40529354775219,6.20461750041616
"4856",41,"UKENSO_SW_TP000030",NA,5.55858183100741,4.62879648363991,6.48980921733601
"4857",42,"UKENSO_SW_TP000030",6.17232415,5.51670670015398,4.61634417549089,6.41231661230822
"4858",43,"UKENSO_SW_TP000030",NA,5.52059485250649,4.58709658710571,6.45119385866092
"4859",44,"UKENSO_SW_TP000030",5.858652333,5.33186585530495,4.43368414145128,6.22909923687985
"4860",45,"UKENSO_SW_TP000030",NA,5.53748792383488,4.58665597046427,6.48479751327305
"6301",1,"UKENTH_TWU_TP000102",NA,4.05692825214511,3.16475157762155,4.94824737979807
"6302",2,"UKENTH_TWU_TP000102",3.158053901,4.21699364049919,3.37116395238822,5.06597281578132
"6303",3,"UKENTH_TWU_TP000102",NA,4.3060697375305,3.42679550946966,5.1864073327471
"6304",4,"UKENTH_TWU_TP000102",3.822963103,4.31507435195492,3.4681453989039,5.16262285245029
"6305",5,"UKENTH_TWU_TP000102",NA,4.58520492151741,3.69789843615056,5.47823728830766
"6306",6,"UKENTH_TWU_TP000102",4.831558756,4.73139524111624,3.88240587481065,5.57743284968246
"6307",7,"UKENTH_TWU_TP000102",NA,4.52433850059504,3.63169620737642,5.4160127257698
"6308",8,"UKENTH_TWU_TP000102",4.228199704,4.52496384408198,3.67604416995423,5.37068756422745
"6309",9,"UKENTH_TWU_TP000102",NA,4.84833048012778,3.93906518006379,5.75751896815851
"6310",10,"UKENTH_TWU_TP000102",4.953883799,4.90873589951544,4.06936919821489,5.74948597585857
"6311",11,"UKENTH_TWU_TP000102",NA,5.03391027049448,4.14691885988887,5.92215881771473
"6312",12,"UKENTH_TWU_TP000102",4.807575675,4.8397323968369,3.9831044993514,5.68738152325709
"6313",13,"UKENTH_TWU_TP000102",NA,4.77778349479433,3.88356760277144,5.66654625721508
"6314",14,"UKENTH_TWU_TP000102",4.996455125,5.08937504958289,4.24284287611843,5.93579365366865
"6315",15,"UKENTH_TWU_TP000102",NA,4.9317223877617,4.04012195784733,5.82156458991103
"6316",16,"UKENTH_TWU_TP000102",3.347450464,5.09124103144981,4.24073271335601,5.9369831769257
"6317",17,"UKENTH_TWU_TP000102",NA,4.98858869159815,4.10085201476396,5.87780591250495
"6318",18,"UKENTH_TWU_TP000102",4.537488561,4.82688170278753,3.98150684953787,5.67471254003502
"6319",19,"UKENTH_TWU_TP000102",NA,4.78230570800217,3.86898310360663,5.69410752594102
"6320",20,"UKENTH_TWU_TP000102",4.628484662,5.00392706221537,4.16502949639376,5.84788086373331
"6321",21,"UKENTH_TWU_TP000102",NA,4.82578583986788,3.9390943664499,5.71515234982841
"6322",22,"UKENTH_TWU_TP000102",4.141781813,4.77327610830662,3.92646144242948,5.61964126694853
"6323",23,"UKENTH_TWU_TP000102",NA,5.00343322638508,4.11945914931776,5.89241619666908
"6324",24,"UKENTH_TWU_TP000102",4.403884507,4.85396408398509,3.99971599530455,5.70771549200608
"6325",25,"UKENTH_TWU_TP000102",NA,4.93143487046125,4.02135528815946,5.84243110815396
"6326",26,"UKENTH_TWU_TP000102",4.681005642,4.82156714572036,3.98152297285551,5.6630545435966
"6327",27,"UKENTH_TWU_TP000102",NA,4.55728096977483,3.65153374407698,5.45204792085143
"6328",28,"UKENTH_TWU_TP000102",3.952198108,4.94989049736528,4.10432553515337,5.79713678026196
"6329",29,"UKENTH_TWU_TP000102",NA,4.94992875692479,4.06263554143065,5.841000525341
"6330",30,"UKENTH_TWU_TP000102",3.203337417,4.84794637836004,3.99900426799808,5.69384170445144
"6331",31,"UKENTH_TWU_TP000102",NA,4.68390461032016,3.76166867752042,5.60561160947706
"6332",32,"UKENTH_TWU_TP000102",3.898794133,4.62420442297318,3.77516404776641,5.47077651806069
"6333",33,"UKENTH_TWU_TP000102",NA,4.70749640860361,3.83465753771402,5.58147208185275
"6334",34,"UKENTH_TWU_TP000102",4.502969411,4.77927818482801,3.93037120036847,5.63794641078349
"6335",35,"UKENTH_TWU_TP000102",NA,4.52003503730398,3.62793808800588,5.40829296915776
"6336",36,"UKENTH_TWU_TP000102",3.941863862,4.59460430800728,3.73922865123353,5.44190143492112
"6337",37,"UKENTH_TWU_TP000102",NA,5.01141251586533,4.12288223858579,5.90381985080062
"6338",38,"UKENTH_TWU_TP000102",4.114496481,4.98459623854067,4.13915735122391,5.83262456526875
"6339",39,"UKENTH_TWU_TP000102",NA,5.31890097471433,4.43163297268063,6.21044171624357
"6340",40,"UKENTH_TWU_TP000102",4.642032476,5.09043737019681,4.24469564264997,5.93829481082805
"6341",41,"UKENTH_TWU_TP000102",NA,5.35467299163194,4.4665479639161,6.24794550961644
"6342",42,"UKENTH_TWU_TP000102",5.078287431,5.27659998190654,4.42791514448798,6.12274866191312
"6343",43,"UKENTH_TWU_TP000102",NA,5.29941262826763,4.39581843650405,6.20238281717871
"6344",44,"UKENTH_TWU_TP000102",4.63004442,5.21320694915778,4.36660905033012,6.06809922098619
"6345",45,"UKENTH_TWU_TP000102",NA,5.29777040135196,4.3771905771569,6.21647289387453
"3286",1,"UKENNW_UU_TP000012",NA,4.45111943099018,3.49236775217413,5.40909468344439
"3287",2,"UKENNW_UU_TP000012",4.925826852,4.34122626461368,3.40363605262631,5.27829527921876
"3288",3,"UKENNW_UU_TP000012",5.762935108,4.55761176109735,3.60937254198252,5.50601819616509
"3289",4,"UKENNW_UU_TP000012",NA,4.67956568579613,3.7425506314657,5.61522103447164
"3290",5,"UKENNW_UU_TP000012",NA,4.80930320908483,3.85706693750506,5.76247755209123
"3291",6,"UKENNW_UU_TP000012",5.348575626,4.91559807939815,3.98131504783492,5.85137535088973
"3292",7,"UKENNW_UU_TP000012",NA,4.82276316201029,3.86277940174943,5.78368193634223
"3293",8,"UKENNW_UU_TP000012",5.441088055,4.8212022763688,3.88613019831775,5.75842453262201
"3294",9,"UKENNW_UU_TP000012",NA,5.17731313234242,4.22487525009526,6.13187812398774
"3295",10,"UKENNW_UU_TP000012",5.220904333,5.28067808340294,4.34701565148652,6.21779148738739
"3296",11,"UKENNW_UU_TP000012",NA,5.30504704578194,4.35208231419377,6.25928341331096
"3297",12,"UKENNW_UU_TP000012",5.996235495,5.3458940580929,4.41240898749808,6.28138585270474
"3298",13,"UKENNW_UU_TP000012",NA,5.30864689149029,4.35517264803672,6.26395443537005
"3299",14,"UKENNW_UU_TP000012",4.77881928,5.2377888289698,4.30027932521313,6.17632957060279
"3300",15,"UKENNW_UU_TP000012",NA,5.33600080122968,4.38304228032364,6.290816802543
"3301",16,"UKENNW_UU_TP000012",4.521161089,5.25322292629546,4.31584109088796,6.1940902383177
"3302",17,"UKENNW_UU_TP000012",NA,5.26314697009325,4.31229698854258,6.21489005549672
"3303",18,"UKENNW_UU_TP000012",4.95731477,5.14975328954511,4.21609223091541,6.08436291204151
"3304",19,"UKENNW_UU_TP000012",NA,5.01611917508775,4.06061010442026,5.97279863164871
"3305",20,"UKENNW_UU_TP000012",5.30253511,5.08260078965401,4.13924817083251,6.02282478833272
"3306",21,"UKENNW_UU_TP000012",NA,5.02643373211798,4.07282125651237,5.98119728505285
"3307",22,"UKENNW_UU_TP000012",4.976812306,5.11324897772396,4.17887699055415,6.04707857996065
"3308",23,"UKENNW_UU_TP000012",NA,5.32471049517023,4.376031731496,6.27549821784141
"3309",24,"UKENNW_UU_TP000012",4.502868959,5.27634927182515,4.34262042871232,6.2104529109363
"3310",25,"UKENNW_UU_TP000012",NA,5.22575237755946,4.27303994436713,6.17885755779751
"3311",26,"UKENNW_UU_TP000012",6.306852716,5.18259053004461,4.24889405050351,6.11729468498544
"3312",27,"UKENNW_UU_TP000012",NA,5.24349414395719,4.29139800797187,6.19700376263755
"3313",28,"UKENNW_UU_TP000012",6.046605492,5.17561742676008,4.24188055855261,6.11219626530193
"3314",29,"UKENNW_UU_TP000012",NA,5.20427626305948,4.25498437920119,6.15538087875723
"3315",30,"UKENNW_UU_TP000012",6.477029124,5.08566425792994,4.15195053112503,6.02234811336139
"3316",31,"UKENNW_UU_TP000012",NA,5.11404320839455,4.14272840880787,6.0876407952048
"3317",32,"UKENNW_UU_TP000012",5.623631707,5.15602049029234,4.21852804634142,6.09124512268713
"3318",33,"UKENNW_UU_TP000012",5.494497171,4.97853256809193,4.03705754541205,5.92052051198941
"3319",34,"UKENNW_UU_TP000012",NA,4.79554219116332,3.85563179068779,5.73333441784742
"3320",35,"UKENNW_UU_TP000012",NA,4.84152322596019,3.88662724292214,5.79455440357822
"3321",36,"UKENNW_UU_TP000012",4.381968456,4.94308225580608,4.0046488434752,5.87699788869718
"3322",37,"UKENNW_UU_TP000012",NA,5.08460728531879,4.10682201025991,6.05886745595717
"3323",38,"UKENNW_UU_TP000012",5.029070277,5.14592429711044,4.19466998378553,6.09266534315253
"3324",39,"UKENNW_UU_TP000012",NA,5.48181661190159,4.53110993233816,6.43319024284506
"3325",40,"UKENNW_UU_TP000012",5.617581322,5.4536129865648,4.51326394871196,6.38824793479045
"3326",41,"UKENNW_UU_TP000012",NA,5.04280517156998,3.9763778009797,6.10372915909731
"3327",42,"UKENNW_UU_TP000012",6.261167329,5.50662645135584,4.57052409563227,6.4396270828063
"3328",43,"UKENNW_UU_TP000012",NA,5.58680672134922,4.63941916815833,6.5359387927082
"3329",44,"UKENNW_UU_TP000012",5.87312256,5.39257626943456,4.45574749667054,6.32624588774272
"3330",45,"UKENNW_UU_TP000012",NA,5.32448213732282,4.35226530572999,6.29318552907205
"3736",1,"UKENNW_UU_TP000050",4.096038701,4.50859207457113,3.55030995725302,5.46641330216742
"3737",2,"UKENNW_UU_TP000050",NA,4.46052568238867,3.52775221457526,5.39136481758565
"3738",3,"UKENNW_UU_TP000050",5.173743213,4.60183809643677,3.65611618362703,5.54653315437183
"3739",4,"UKENNW_UU_TP000050",NA,4.75924354812929,3.82152734952248,5.69462862552785
"3740",5,"UKENNW_UU_TP000050",5.274374177,4.89354834545,3.93939578415045,5.84753769818872
"3741",6,"UKENNW_UU_TP000050",NA,5.00606760544796,4.07333598857598,5.93842197578308
"3742",7,"UKENNW_UU_TP000050",5.435471542,4.89065779056046,3.92548940885107,5.85530423922686
"3743",8,"UKENNW_UU_TP000050",NA,4.85260115691126,3.91539750441151,5.78886177576655
"3744",9,"UKENNW_UU_TP000050",4.704773561,5.22263160866516,4.2694854764703,6.17643238759719
"3745",10,"UKENNW_UU_TP000050",NA,5.31317397894055,4.38093247355267,6.247483798901
"3746",11,"UKENNW_UU_TP000050",5.221406038,5.3893162866737,4.43468862418939,6.34388959151385
"3747",12,"UKENNW_UU_TP000050",NA,5.39794648673694,4.46589121253462,6.33107501837499
"3748",13,"UKENNW_UU_TP000050",5.332583786,5.36974194647333,4.41452491144187,6.32514562142078
"3749",14,"UKENNW_UU_TP000050",NA,5.3115870797252,4.37670737130937,6.24536722656361
"3750",15,"UKENNW_UU_TP000050",5.229470634,5.41473314712515,4.46038127445891,6.36957160399992
"3751",16,"UKENNW_UU_TP000050",NA,5.2101291979824,4.26929298676103,6.15136066835035
"3752",17,"UKENNW_UU_TP000050",5.103635189,5.32567496006907,4.37362136897336,6.27767695746556
"3753",18,"UKENNW_UU_TP000050",NA,5.21204095184683,4.28046027068968,6.14383116233694
"3754",19,"UKENNW_UU_TP000050",4.904426179,5.05436137964891,4.09755258810934,6.01153419528049
"3755",20,"UKENNW_UU_TP000050",NA,5.17666838480779,4.23571003712721,6.11377005028415
"3756",21,"UKENNW_UU_TP000050",4.755295184,5.07706064991136,4.12241384492742,6.03236504636459
"3757",22,"UKENNW_UU_TP000050",NA,5.18022588056026,4.24854717284673,6.11121547638758
"3758",23,"UKENNW_UU_TP000050",3.647695708,5.39699122363462,4.44691007540996,6.34751948326344
"3759",24,"UKENNW_UU_TP000050",NA,5.35331489984102,4.42184206141473,6.28493855320352
"3760",25,"UKENNW_UU_TP000050",5.489405968,5.26379236417959,4.30790092540621,6.2187326107135
"3761",26,"UKENNW_UU_TP000050",NA,5.26075286063388,4.32970245750486,6.19357680082528
"3762",27,"UKENNW_UU_TP000050",3.141164358,5.30102230510102,4.34816153500182,6.25461249287255
"3763",28,"UKENNW_UU_TP000050",NA,5.154984079505,4.22095923424614,6.08992985535472
"3764",29,"UKENNW_UU_TP000050",5.322229166,5.2562427917502,4.30625379853646,6.20682431351707
"3765",30,"UKENNW_UU_TP000050",NA,5.13280907067363,4.20102704806654,6.06660206350967
"3766",31,"UKENNW_UU_TP000050",NA,5.18100293879546,4.20723673205682,6.15554980194824
"3767",32,"UKENNW_UU_TP000050",5.520950132,5.27918437505692,4.34403969575603,6.21036788812396
"3768",33,"UKENNW_UU_TP000050",4.909201439,4.99328260308405,4.04871419059118,5.93633601032962
"3769",34,"UKENNW_UU_TP000050",NA,4.87934213420447,3.94600055076252,5.81085964157082
"3770",35,"UKENNW_UU_TP000050",5.319603685,4.92021650452414,3.96638518445302,5.87217844785796
"3771",36,"UKENNW_UU_TP000050",NA,5.04987151909848,4.11495485778706,5.98070031232743
"3772",37,"UKENNW_UU_TP000050",5.718114028,5.25309517775331,4.29446329257078,6.20898159043684
"3773",38,"UKENNW_UU_TP000050",NA,5.31245483802195,4.3722682748792,6.24765097665582
"3774",39,"UKENNW_UU_TP000050",5.109946764,5.56814545718375,4.61890780754292,6.51768429504723
"3775",40,"UKENNW_UU_TP000050",NA,5.5737334933829,4.63454673699527,6.50688558834424
"3776",41,"UKENNW_UU_TP000050",6.16852821,5.3360941777818,4.35435992980284,6.31506739373429
"3777",42,"UKENNW_UU_TP000050",NA,5.61697582234148,4.68343987218826,6.54677354870149
"3778",43,"UKENNW_UU_TP000050",5.159633705,5.64312878645175,4.69653556486063,6.59017072589545
"3779",44,"UKENNW_UU_TP000050",NA,5.50306987094788,4.56744983787091,6.43402655180508
"3780",45,"UKENNW_UU_TP000050",NA,5.41370563985959,4.4416336052525,6.38143742188315
"3871",1,"UKENNW_UU_TP000076",NA,4.36830076240263,3.41747918394841,5.31956223999117
"3872",2,"UKENNW_UU_TP000076",4.800775006,4.28395530925555,3.35811412857859,5.20939274677023
"3873",3,"UKENNW_UU_TP000076",NA,4.46601948498863,3.5298294289402,5.40332506374895
"3874",4,"UKENNW_UU_TP000076",5.086225657,4.60523110338957,3.67687646070238,5.53280409839664
"3875",5,"UKENNW_UU_TP000076",NA,4.73977554086317,3.79465872754376,5.6862765088894
"3876",6,"UKENNW_UU_TP000076",5.138122075,4.85748161557903,3.93501447051616,5.78199116580796
"3877",7,"UKENNW_UU_TP000076",NA,4.7803061310941,3.82962547507346,5.73295461539023
"3878",8,"UKENNW_UU_TP000076",5.05260354,4.75037793132729,3.82720091711681,5.67543543645941
"3879",9,"UKENNW_UU_TP000076",NA,5.09973287820597,4.1549690020098,6.04726492853833
"3880",10,"UKENNW_UU_TP000076",5.380638556,5.16817490010647,4.24553848411777,6.09522876802399
"3881",11,"UKENNW_UU_TP000076",NA,5.24050462906552,4.29532504276895,6.18734455915911
"3882",12,"UKENNW_UU_TP000076",5.901847093,5.24920633433736,4.32729423840414,6.17416699538842
"3883",13,"UKENNW_UU_TP000076",NA,5.23126282643974,4.28463108633176,6.1799826896813
"3884",14,"UKENNW_UU_TP000076",6.014292357,5.16520969845092,4.24102571451113,6.09057963732436
"3885",15,"UKENNW_UU_TP000076",NA,5.26296895010979,4.31694757861319,6.21124381764363
"3886",16,"UKENNW_UU_TP000076",5.641515977,5.10358792347354,4.17720672597411,6.03293895381155
"3887",17,"UKENNW_UU_TP000076",NA,5.19634182724829,4.25358835781631,6.14114047936785
"3888",18,"UKENNW_UU_TP000076",5.991916645,5.05981258604249,4.13724308561587,5.98492354482483
"3889",19,"UKENNW_UU_TP000076",NA,4.93466601805168,3.98687988399306,5.8848502771449
"3890",20,"UKENNW_UU_TP000076",5.495521411,5.05083456394203,4.12239627776185,5.97726671154694
"3891",21,"UKENNW_UU_TP000076",NA,4.94293981591093,3.99694460983509,5.89158438568886
"3892",22,"UKENNW_UU_TP000076",4.871091816,5.03265411459814,4.109429966957,5.95671065871664
"3893",23,"UKENNW_UU_TP000076",NA,5.24631821392484,4.30420085107896,6.19112604453562
"3894",24,"UKENNW_UU_TP000076",4.520462087,5.22114219728732,4.2983177563944,6.14596791133415
"3895",25,"UKENNW_UU_TP000076",NA,5.1063060330467,4.15866678425581,6.05430299404321
"3896",26,"UKENNW_UU_TP000076",5.87916147,5.10595205941818,4.18387715448713,6.03142762134302
"3897",27,"UKENNW_UU_TP000076",NA,5.16298734024079,4.21824307793537,6.10989338178177
"3898",28,"UKENNW_UU_TP000076",5.974011316,5.10853778705016,4.18621750318905,6.03494864879328
"3899",29,"UKENNW_UU_TP000076",NA,5.12968347650861,4.18760976010785,6.07422309694717
"3900",30,"UKENNW_UU_TP000076",5.809412677,5.00872597630814,4.08637913114881,5.93576088447425
"3901",31,"UKENNW_UU_TP000076",NA,5.03779265645374,4.07363761670926,6.00439788804294
"3902",32,"UKENNW_UU_TP000076",5.736683325,5.14888479282025,4.22162479384109,6.0729833576102
"3903",33,"UKENNW_UU_TP000076",NA,4.88013326035622,3.94614420362496,5.81479813842899
"3904",34,"UKENNW_UU_TP000076",4.631499944,4.75529033892586,3.82952071131006,5.67960251593933
"3905",35,"UKENNW_UU_TP000076",NA,4.77718069991079,3.83069469784498,5.72263293109329
"3906",36,"UKENNW_UU_TP000076",5.383858792,4.90875110936402,3.98071260375287,5.83270779907893
"3907",37,"UKENNW_UU_TP000076",NA,5.06670722412786,4.10925522942558,6.02269761031039
"3908",38,"UKENNW_UU_TP000076",5.041661919,5.14915450771295,4.21886881341021,6.07674650967537
"3909",39,"UKENNW_UU_TP000076",NA,5.4265985419498,4.48147283767623,6.37386704678926
"3910",40,"UKENNW_UU_TP000076",5.450431546,5.445056881105,4.51692477221547,6.36856706200697
"3911",41,"UKENNW_UU_TP000076",NA,5.15482690271049,4.17217825449125,6.13547490644025
"3912",42,"UKENNW_UU_TP000076",6.546954107,5.45217444367301,4.52644566029644,6.3752975372038
"3913",43,"UKENNW_UU_TP000076",NA,5.50631264283961,4.56672410528591,6.44803974942848
"3914",44,"UKENNW_UU_TP000076",3.485578646,5.34491851473205,4.41786361733591,6.26878231069607
"3915",45,"UKENNW_UU_TP000076",NA,5.26750845935159,4.30560107481768,6.2269913700478
"4051",1,"UKENNW_UU_TP000102",NA,4.28577988152701,3.36717102996031,5.20324715309976
"4052",2,"UKENNW_UU_TP000102",4.884091133,4.23986712384355,3.36581936959088,5.10993475371018
"4053",3,"UKENNW_UU_TP000102",NA,4.35942328303446,3.46622109498122,5.24917955824446
"4054",4,"UKENNW_UU_TP000102",4.549385182,4.56811684150494,3.68343114410802,5.45100622404932
"4055",5,"UKENNW_UU_TP000102",NA,4.68736102878799,3.77283538363064,5.60149057453122
"4056",6,"UKENNW_UU_TP000102",2.741016752,4.82462885601803,3.95240214325298,5.69613941480355
"4057",7,"UKENNW_UU_TP000102",NA,4.68560091264328,3.75787719645513,5.61243531391273
"4058",8,"UKENNW_UU_TP000102",4.885688796,4.65326737478047,3.77728089976835,5.5266767919966
"4059",9,"UKENNW_UU_TP000102",NA,4.98723977164348,4.07755779915712,5.89697595237885
"4060",10,"UKENNW_UU_TP000102",2.998087838,5.02173818858844,4.14992302147974,5.89187825948237
"4061",11,"UKENNW_UU_TP000102",NA,5.17281616896614,4.2581803266659,6.08699321024454
"4062",12,"UKENNW_UU_TP000102",4.052804513,5.12834546604279,4.25689475957334,6.00001503969765
"4063",13,"UKENNW_UU_TP000102",NA,5.14440597850272,4.2293043121291,6.05964733039645
"4064",14,"UKENNW_UU_TP000102",4.407943832,5.05515892612961,4.18098820681383,5.92549805811964
"4065",15,"UKENNW_UU_TP000102",NA,5.19371049514877,4.27994854840365,6.1079043205768
"4066",16,"UKENNW_UU_TP000102",5.459259546,4.85837164738688,3.97715796861041,5.73238921044934
"4067",17,"UKENNW_UU_TP000102",NA,5.09943357944037,4.19040199911265,6.0083211285328
"4068",18,"UKENNW_UU_TP000102",5.484507623,4.96378516592222,4.09277360846221,5.83450428944383
"4069",19,"UKENNW_UU_TP000102",NA,4.80664550529194,3.88932003508251,5.7232157413255
"4070",20,"UKENNW_UU_TP000102",4.679094295,5.02037792120811,4.14524930345779,5.89437171493839
"4071",21,"UKENNW_UU_TP000102",NA,4.81035340494535,3.89481261736128,5.72602340425531
"4072",22,"UKENNW_UU_TP000102",3.321354558,4.9470081681858,4.07610001162454,5.81751199416193
"4073",23,"UKENNW_UU_TP000102",NA,5.17236439128372,4.26294161583794,6.08192073869476
"4074",24,"UKENNW_UU_TP000102",5.314874955,5.14634685117908,4.27574381075732,6.01835724855911
"4075",25,"UKENNW_UU_TP000102",NA,5.02796421653177,4.10938343985929,5.94512782607022
"4076",26,"UKENNW_UU_TP000102",5.010333611,5.04006965869614,4.16785249253694,5.91591311017496
"4077",27,"UKENNW_UU_TP000102",NA,5.06385607069967,4.14990135105757,5.977490307789
"4078",28,"UKENNW_UU_TP000102",5.183615897,4.87518610676165,4.00018978862707,5.74700687749301
"4079",29,"UKENNW_UU_TP000102",NA,5.02119806107885,4.11032018413205,5.93107849855851
"4080",30,"UKENNW_UU_TP000102",4.701463875,4.83443312772133,3.96047227899888,5.70566172333594
"4081",31,"UKENNW_UU_TP000102",NA,4.94988366548372,4.01474930105265,5.88479444596836
"4082",32,"UKENNW_UU_TP000102",5.53862837,5.15719271979579,4.28425689445283,6.0284365762456
"4083",33,"UKENNW_UU_TP000102",NA,4.78559096012261,3.8863996084543,5.68247025843912
"4084",34,"UKENNW_UU_TP000102",4.397402911,4.64680471362075,3.77374066716709,5.51628870019812
"4085",35,"UKENNW_UU_TP000102",NA,4.70895213191041,3.79361572938012,5.62154737121273
"4086",36,"UKENNW_UU_TP000102",4.688541554,4.93465937585386,4.06258469256829,5.80658408189971
"4087",37,"UKENNW_UU_TP000102",NA,5.07879371026433,4.16230404030064,5.9917181481726
"4088",38,"UKENNW_UU_TP000102",5.089757407,5.21640536543924,4.34086214054831,6.08835660220235
"4089",39,"UKENNW_UU_TP000102",NA,5.37732142649749,4.46953052345856,6.28478508021563
"4090",40,"UKENNW_UU_TP000102",5.252414034,5.49259074918774,4.61781240281693,6.3657878666116
"4091",41,"UKENNW_UU_TP000102",NA,5.17858027974894,4.24784536256479,6.10641196313804
"4092",42,"UKENNW_UU_TP000102",5.913020585,5.46531897505393,4.59284590814369,6.33510251959535
"4093",43,"UKENNW_UU_TP000102",NA,5.41800159552316,4.51356683081883,6.32094756087004
"4094",44,"UKENNW_UU_TP000102",5.383032284,5.36228974688317,4.48771023776695,6.23379292643021
"4095",45,"UKENNW_UU_TP000102",NA,5.24750834967671,4.31926834093778,6.17113009746608
"2791",1,"UKENNE_YW_TP000082",2.987183824,3.73967078426959,2.79081321381874,4.68562799192322
"2792",2,"UKENNE_YW_TP000082",NA,3.82307341014002,2.88771184984015,4.75753156464638
"2793",3,"UKENNE_YW_TP000082",4.579476349,4.0337789108102,3.08487555491826,4.98370012482799
"2794",4,"UKENNE_YW_TP000082",NA,4.03122233437095,3.10374783938707,4.95433939987933
"2795",5,"UKENNE_YW_TP000082",3.923898586,4.24526519703047,3.28787990800217,5.20260910142816
"2796",6,"UKENNE_YW_TP000082",NA,4.23594239699262,3.3103955277143,5.15847359321664
"2797",7,"UKENNE_YW_TP000082",NA,4.28101718412075,3.31928177366948,5.24321710826487
"2798",8,"UKENNE_YW_TP000082",4.607304458,4.39274321066858,3.47064386033298,5.32013032387264
"2799",9,"UKENNE_YW_TP000082",NA,4.59393771369131,3.63649314170745,5.55241052492818
"2800",10,"UKENNE_YW_TP000082",3.849646237,4.65467994145043,3.73207912466464,5.58149731669104
"2801",11,"UKENNE_YW_TP000082",5.159508718,4.75003083366583,3.7933747273155,5.7074955954694
"2802",12,"UKENNE_YW_TP000082",NA,4.6780784089513,3.75517159588996,5.60095657088484
"2803",13,"UKENNE_YW_TP000082",4.991108327,4.71877208041786,3.7592371622691,5.67991958657434
"2804",14,"UKENNE_YW_TP000082",NA,4.72149024198582,3.79826057353257,5.64377568576127
"2805",15,"UKENNE_YW_TP000082",4.864541747,4.73933331458772,3.78158594801921,5.69801756164295
"2806",16,"UKENNE_YW_TP000082",NA,4.82298017919756,3.90102886216963,5.74996070508762
"2807",17,"UKENNE_YW_TP000082",4.855532568,4.696767079293,3.75617875300519,5.63895646991735
"2808",18,"UKENNE_YW_TP000082",NA,4.46097499828458,3.52735710195227,5.39814535971108
"2809",19,"UKENNE_YW_TP000082",4.886101991,4.43652623611747,3.49311536634696,5.38120990059154
"2810",20,"UKENNE_YW_TP000082",NA,4.5858533257509,3.65198675001552,5.51777151655513
"2811",21,"UKENNE_YW_TP000082",4.68891903,4.41591843416097,3.47297192984118,5.36054843708768
"2812",22,"UKENNE_YW_TP000082",NA,4.54196444748546,3.60708538768378,5.47393726624277
"2813",23,"UKENNE_YW_TP000082",4.82920761,4.74912166066805,3.810503248024,5.6902591241261
"2814",24,"UKENNE_YW_TP000082",NA,4.67933442414761,3.74692621830603,5.61162893152722
"2815",25,"UKENNE_YW_TP000082",4.192268105,4.68576366723478,3.74232801339001,5.63153753760739
"2816",26,"UKENNE_YW_TP000082",NA,4.49906720460457,3.56703231932855,5.43403584929893
"2817",27,"UKENNE_YW_TP000082",4.618863241,4.71031576947593,3.76932411580938,5.65392013130983
"2818",28,"UKENNE_YW_TP000082",NA,4.6814322007126,3.74923237873159,5.61415139752889
"2819",29,"UKENNE_YW_TP000082",5.064342654,4.61356202312089,3.67367547475124,5.55385553606353
"2820",30,"UKENNE_YW_TP000082",NA,4.57127388260079,3.63810496310101,5.50324759839754
"2821",31,"UKENNE_YW_TP000082",NA,4.48236707392475,3.50342156751955,5.46142478224736
"2822",32,"UKENNE_YW_TP000082",4.160002757,4.69487912530076,3.76956000895335,5.61898886593548
"2823",33,"UKENNE_YW_TP000082",4.564991095,4.22170263349317,3.28501666172013,5.15326630628369
"2824",34,"UKENNE_YW_TP000082",NA,4.31406660613311,3.3801120217715,5.24679565794876
"2825",35,"UKENNE_YW_TP000082",2.794091433,4.35634199654277,3.41218429509263,5.30140285821703
"2826",36,"UKENNE_YW_TP000082",NA,4.35955936307592,3.42350288447623,5.29103937000712
"2827",37,"UKENNE_YW_TP000082",4.549278318,4.55995328216183,3.61380090316073,5.5027397325512
"2828",38,"UKENNE_YW_TP000082",NA,4.64283972168742,3.70955842972239,5.5760260879145
"2829",39,"UKENNE_YW_TP000082",6.521716393,4.93424554093961,3.99309845850672,5.87610842286631
"2830",40,"UKENNE_YW_TP000082",NA,4.89894481035013,3.96504578721359,5.83101835122086
"2831",41,"UKENNE_YW_TP000082",5.347074068,4.85961306917229,3.91817988960007,5.80154882812241
"2832",42,"UKENNE_YW_TP000082",NA,4.92999319954101,3.99564425041997,5.8615700107462
"2833",43,"UKENNE_YW_TP000082",4.768053949,5.06709707481201,4.12948158679021,6.00675795193713
"2834",44,"UKENNE_YW_TP000082",NA,4.86345884920552,3.92694477372649,5.79592359204259
"2835",45,"UKENNE_YW_TP000082",NA,4.83847115898278,3.87009229252549,5.80547079461777
"2971",1,"UKENNE_YW_TP000096",NA,4.10726210744909,3.16600303681773,5.04854738015653
"2972",2,"UKENNE_YW_TP000096",5.326451148,4.13678503647481,3.21606644501392,5.05706792043087
"2973",3,"UKENNE_YW_TP000096",NA,4.32836512498499,3.39295712061951,5.26523501935035
"2974",4,"UKENNE_YW_TP000096",5.360041031,4.37822053582321,3.4608572486519,5.29289116957741
"2975",5,"UKENNE_YW_TP000096",NA,4.56232849840277,3.61820002709019,5.50691764944394
"2976",6,"UKENNE_YW_TP000096",5.467778227,4.61437174140098,3.70018246426745,5.53006055244154
"2977",7,"UKENNE_YW_TP000096",NA,4.59781832838001,3.64971832966171,5.5469107914256
"2978",8,"UKENNE_YW_TP000096",5.376042446,4.64527632818393,3.73259735382947,5.56079690432924
"2979",9,"UKENNE_YW_TP000096",NA,4.9041290721963,3.96043211642671,5.84960724571353
"2980",10,"UKENNE_YW_TP000096",5.753946778,4.93879624641531,4.0251819172731,5.85654597996434
"2981",11,"UKENNE_YW_TP000096",NA,5.06223480590926,4.11847422791189,6.00730736964862
"2982",12,"UKENNE_YW_TP000096",5.682774244,4.97760939633927,4.06382934010381,5.89288006706761
"2983",13,"UKENNE_YW_TP000096",NA,5.02765473678249,4.08099424879574,5.97619619646321
"2984",14,"UKENNE_YW_TP000096",5.566660413,5.00194317111476,4.08704804582743,5.91561353411771
"2985",15,"UKENNE_YW_TP000096",NA,5.0577205933848,4.11302736092023,6.00386585629913
"2986",16,"UKENNE_YW_TP000096",5.206701789,5.05328285381201,4.13989218209504,5.97014647597764
"2987",17,"UKENNE_YW_TP000096",NA,5.00256252285787,4.0681674670975,5.93886457580817
"2988",18,"UKENNE_YW_TP000096",5.724461136,4.78523512327109,3.86655163169727,5.70745723533564
"2989",19,"UKENNE_YW_TP000096",NA,4.74633223568914,3.8082461188946,5.68649543418651
"2990",20,"UKENNE_YW_TP000096",3.396676314,4.86903222969438,3.94837369046588,5.78746996085576
"2991",21,"UKENNE_YW_TP000096",NA,4.71982823034172,3.78225805840944,5.65989972207913
"2992",22,"UKENNE_YW_TP000096",4.363830487,4.82061748937041,3.89996837914255,5.73791065910178
"2993",23,"UKENNE_YW_TP000096",NA,5.06059062829545,4.12751633191999,5.99603185078949
"2994",24,"UKENNE_YW_TP000096",4.393346463,5.01442053990531,4.09707196021901,5.93293964954187
"2995",25,"UKENNE_YW_TP000096",NA,4.95269881245361,4.01285377126584,5.89318006423366
"2996",26,"UKENNE_YW_TP000096",3.749629399,4.82067250564951,3.90370853794338,5.74169630072084
"2997",27,"UKENNE_YW_TP000096",NA,5.00028770634605,4.06522716675761,5.93711821901189
"2998",28,"UKENNE_YW_TP000096",4.810508501,4.9892980587317,4.0718633744868,5.90825609323667
"2999",29,"UKENNE_YW_TP000096",NA,4.93460769262624,4.00150176149679,5.86920925043568
"3000",30,"UKENNE_YW_TP000096",4.246815889,4.85294824647291,3.9350598453463,5.77049409669828
"3001",31,"UKENNE_YW_TP000096",NA,4.81327266760554,3.84836504454192,5.77909883358906
"3002",32,"UKENNE_YW_TP000096",4.697234447,5.0154529787975,4.0960217102094,5.93150107613889
"3003",33,"UKENNE_YW_TP000096",NA,4.60745513907073,3.68216562703931,5.53271968898134
"3004",34,"UKENNE_YW_TP000096",4.899136743,4.65823182357691,3.73959457435746,5.57730355869257
"3005",35,"UKENNE_YW_TP000096",NA,4.6428628224913,3.70350353336377,5.58156145983107
"3006",36,"UKENNE_YW_TP000096",5.008097799,4.72328063332894,3.801524574796,5.6409970000997
"3007",37,"UKENNE_YW_TP000096",NA,4.91068312550498,3.97138995554661,5.84897022805148
"3008",38,"UKENNE_YW_TP000096",5.792041952,4.97917258908976,4.06034870529849,5.89870267510058
"3009",39,"UKENNE_YW_TP000096",NA,5.25492159938901,4.32004392193912,6.19084632628498
"3010",40,"UKENNE_YW_TP000096",4.617208349,5.25653653087969,4.33746376056751,6.17512164236342
"3011",41,"UKENNE_YW_TP000096",NA,5.13168548867282,4.19325868914793,6.07064812477307
"3012",42,"UKENNE_YW_TP000096",5.28704466,5.25163435056772,4.33133253803352,6.16884054164019
"3013",43,"UKENNE_YW_TP000096",NA,5.34929955995596,4.41789439258741,6.28157537602625
"3014",44,"UKENNE_YW_TP000096",4.580100659,5.19504247431212,4.27377027736107,6.11320744332781
"3015",45,"UKENNE_YW_TP000096",NA,5.15388794343903,4.19894443157004,6.1077204251875
"3511",1,"UKENNW_UU_TP000024",NA,3.97322590681047,3.01749219765093,4.92791425080908
"3512",2,"UKENNW_UU_TP000024",4.925980906,3.95878563746862,3.04112247809507,4.87379658948571
"3513",3,"UKENNW_UU_TP000024",5.312347155,4.09052878175192,3.15029983039861,5.02810716207069
"3514",4,"UKENNW_UU_TP000024",NA,4.23160759898326,3.30801456897731,5.15123000981223
"3515",5,"UKENNW_UU_TP000024",NA,4.38139170802472,3.42677794784559,5.33471235984218
"3516",6,"UKENNW_UU_TP000024",4.953244875,4.50273285545757,3.58750596078603,5.41837864898584
"3517",7,"UKENNW_UU_TP000024",NA,4.42458142518758,3.46441148720801,5.38407123807753
"3518",8,"UKENNW_UU_TP000024",4.80801705,4.38359806512356,3.46676048226618,5.29828739150522
"3519",9,"UKENNW_UU_TP000024",NA,4.70213812966019,3.75082546493466,5.65315552881799
"3520",10,"UKENNW_UU_TP000024",4.899737982,4.68278956004749,3.76680678087228,5.59720325538041
"3521",11,"UKENNW_UU_TP000024",NA,4.87989374661055,3.92642341974211,5.83273445900642
"3522",12,"UKENNW_UU_TP000024",5.143124195,4.7435289245819,3.82650220506391,5.65888994120379
"3523",13,"UKENNW_UU_TP000024",NA,4.83707847771826,3.87854900098235,5.79482369011752
"3524",14,"UKENNW_UU_TP000024",4.502961774,4.74532731835879,3.82435116836521,5.66032807553081
"3525",15,"UKENNW_UU_TP000024",NA,4.88141308851314,3.92761935293664,5.83449060895678
"3526",16,"UKENNW_UU_TP000024",4.904747338,4.64151122659053,3.71905271294221,5.5583201257088
"3527",17,"UKENNW_UU_TP000024",NA,4.79101917584491,3.84203297809009,5.73902455836465
"3528",18,"UKENNW_UU_TP000024",4.957219962,4.56583405851585,3.64746739233442,5.48126324862392
"3529",19,"UKENNW_UU_TP000024",NA,4.53884610299092,3.58387853277444,5.49345105367852
"3530",20,"UKENNW_UU_TP000024",4.719599258,4.66031829124616,3.73655992454001,5.57910777022967
"3531",21,"UKENNW_UU_TP000024",NA,4.5052916211284,3.55054665861127,5.4599401439545
"3532",22,"UKENNW_UU_TP000024",3.825102312,4.59247765190756,3.67407148256201,5.50613358112377
"3533",23,"UKENNW_UU_TP000024",NA,4.87384308510463,3.92643632809759,5.82084717274785
"3534",24,"UKENNW_UU_TP000024",4.047169849,4.88350819148981,3.96732626552475,5.80050948170386
"3535",25,"UKENNW_UU_TP000024",NA,4.70257100543996,3.73967074704234,5.66255212619236
"3536",26,"UKENNW_UU_TP000024",5.294207418,4.64099142192409,3.72528177294238,5.55769589521897
"3537",27,"UKENNW_UU_TP000024",NA,4.78071523984886,3.82883605215504,5.73148462620043
"3538",28,"UKENNW_UU_TP000024",5.438766619,4.79948130683989,3.88344110812441,5.71718459218454
"3539",29,"UKENNW_UU_TP000024",NA,4.75412328019137,3.80467599778777,5.70296420276521
"3540",30,"UKENNW_UU_TP000024",6.030569678,4.62636010366097,3.70824551863427,5.54383367052767
"3541",31,"UKENNW_UU_TP000024",NA,4.64114816954823,3.66393735749734,5.61800586741242
"3542",32,"UKENNW_UU_TP000024",NA,4.90545503958127,3.98665513250663,5.82170013818313
"3543",33,"UKENNW_UU_TP000024",5.83280684,4.49395581357498,3.56204969897992,5.42614864709168
"3544",34,"UKENNW_UU_TP000024",5.818196734,4.48695253727642,3.57007804645654,5.40372067614838
"3545",35,"UKENNW_UU_TP000024",NA,4.42514740241647,3.46765975771278,5.37908134133638
"3546",36,"UKENNW_UU_TP000024",4.968304996,4.65340132954935,3.73182988754344,5.57043089970433
"3547",37,"UKENNW_UU_TP000024",NA,4.7753373904883,3.8202742971638,5.72757673073864
"3548",38,"UKENNW_UU_TP000024",5.184223743,4.8883472919032,3.96850767153183,5.80497924861602
"3549",39,"UKENNW_UU_TP000024",NA,5.06439293677397,4.1166343376201,6.01161707183042
"3550",40,"UKENNW_UU_TP000024",6.44981798,5.17755686484607,4.25822262342082,6.09553447654591
"3551",41,"UKENNW_UU_TP000024",NA,4.90819207488952,3.9457704131842,5.86786181914889
"3552",42,"UKENNW_UU_TP000024",6.116344913,5.09309528085875,4.17255022439849,6.00732626874752
"3553",43,"UKENNW_UU_TP000024",NA,5.12628917605059,4.17984817786763,6.070581639819
"3554",44,"UKENNW_UU_TP000024",5.619040979,5.04560253049396,4.12612721691546,5.96064383202465
"3555",45,"UKENNW_UU_TP000024",NA,4.96599468039236,3.99862735486225,5.92931163981434
"3826",1,"UKENNW_UU_TP000068",NA,4.33725687717037,3.39210279403193,5.28336471749301
"3827",2,"UKENNW_UU_TP000068",NA,4.32425795503039,3.42328686653002,5.22449340582892
"3828",3,"UKENNW_UU_TP000068",NA,4.42706886455143,3.50399847100458,5.34794870266759
"3829",4,"UKENNW_UU_TP000068",NA,4.60166123887152,3.68995608462376,5.51149030726018
"3830",5,"UKENNW_UU_TP000068",NA,4.73970997497891,3.79699066096087,5.68286544986585
"3831",6,"UKENNW_UU_TP000068",NA,4.87643542412323,3.97803894421848,5.77698860344305
"3832",7,"UKENNW_UU_TP000068",NA,4.77904137525354,3.83023162733474,5.72848875489413
"3833",8,"UKENNW_UU_TP000068",NA,4.71804649847073,3.81708684175906,5.61737567151355
"3834",9,"UKENNW_UU_TP000068",NA,5.05175313826007,4.11169668952782,5.99326627099093
"3835",10,"UKENNW_UU_TP000068",NA,5.02148531614324,4.12117968837991,5.92035205518766
"3836",11,"UKENNW_UU_TP000068",NA,5.23802011722091,4.29544894542386,6.18141867972333
"3837",12,"UKENNW_UU_TP000068",NA,5.09958760655554,4.19996866274612,5.99953402487442
"3838",13,"UKENNW_UU_TP000068",5.088868844,5.1912833288754,4.24503301488986,6.13841649833775
"3839",14,"UKENNW_UU_TP000068",NA,5.07808416831014,4.17449339451507,5.97659222300081
"3840",15,"UKENNW_UU_TP000068",5.295557207,5.24075792545449,4.29808152176865,6.18443072733562
"3841",16,"UKENNW_UU_TP000068",NA,4.90727799535075,3.99690283476746,5.80892051577984
"3842",17,"UKENNW_UU_TP000068",5.494959209,5.1365081192811,4.19954997304641,6.0737841445712
"3843",18,"UKENNW_UU_TP000068",NA,4.92628720618828,4.02496579819231,5.82544627945442
"3844",19,"UKENNW_UU_TP000068",4.11756468,4.89093797322257,3.94695482534674,5.83594564239369
"3845",20,"UKENNW_UU_TP000068",NA,5.03621457331995,4.13166271782438,5.93878831791043
"3846",21,"UKENNW_UU_TP000068",5.489168073,4.85836314994464,3.91479087729715,5.80350049826546
"3847",22,"UKENNW_UU_TP000068",NA,4.95530147057849,4.05505399222261,5.85370305727687
"3848",23,"UKENNW_UU_TP000068",4.560550131,5.23099634146296,4.29335144240847,6.16968519821415
"3849",24,"UKENNW_UU_TP000068",NA,5.25549155191137,4.35714738824233,6.15796742326262
"3850",25,"UKENNW_UU_TP000068",5.730244739,5.05777850550007,4.10696862227189,6.00714519091602
"3851",26,"UKENNW_UU_TP000068",NA,5.01947390750032,4.1207642606475,5.92170471397114
"3852",27,"UKENNW_UU_TP000068",5.270593927,5.13003332986611,4.18945527290775,6.07098630393558
"3853",28,"UKENNW_UU_TP000068",NA,5.13913834363771,4.24009212721888,6.04273521040842
"3854",29,"UKENNW_UU_TP000068",5.90358198,5.10912811652102,4.17130579085869,6.0479351149305
"3855",30,"UKENNW_UU_TP000068",NA,4.97254830519527,4.07300817976535,5.8740848419826
"3856",31,"UKENNW_UU_TP000068",NA,5.00066525662439,4.03580176547158,5.96625958424517
"3857",32,"UKENNW_UU_TP000068",5.348830751,5.28440621045937,4.38098665234492,6.18863207985296
"3858",33,"UKENNW_UU_TP000068",5.77653662,4.85973419259134,3.937031731978,5.78415437307545
"3859",34,"UKENNW_UU_TP000068",NA,4.83021345299658,3.93065416023528,5.73079515369852
"3860",35,"UKENNW_UU_TP000068",5.110257659,4.77826789677324,3.83207163659285,5.72210387012763
"3861",36,"UKENNW_UU_TP000068",NA,5.04412456613612,4.14177445986954,5.94557023671888
"3862",37,"UKENNW_UU_TP000068",5.487985378,5.15074602665115,4.20684650823224,6.0930734486556
"3863",38,"UKENNW_UU_TP000068",NA,5.27927281400823,4.37778301205154,6.17936656342664
"3864",39,"UKENNW_UU_TP000068",5.757981371,5.42452324123334,4.48582730340881,6.36403337926472
"3865",40,"UKENNW_UU_TP000068",NA,5.56600533404959,4.66518699740708,6.46813857282473
"3866",41,"UKENNW_UU_TP000068",5.502629408,5.26714183031364,4.31660802975991,6.21615050245655
"3867",42,"UKENNW_UU_TP000068",NA,5.46578085283258,4.56324732126414,6.36403534525409
"3868",43,"UKENNW_UU_TP000068",4.884389627,5.47602400241575,4.54165199463501,6.40960892079413
"3869",44,"UKENNW_UU_TP000068",NA,5.41333830296524,4.511843040178,6.31257230151635
"3870",45,"UKENNW_UU_TP000068",NA,5.31921673751057,4.36405369247458,6.27146324857243
"6706",1,"UKENTH_TWU_TP000139",NA,4.24788607081998,3.32426161526126,5.17175019170485
"6707",2,"UKENTH_TWU_TP000139",4.960279318,4.24084948426146,3.34886537126494,5.13429215617576
"6708",3,"UKENTH_TWU_TP000139",4.471821002,4.46574915983164,3.5538993496178,5.37715942958819
"6709",4,"UKENTH_TWU_TP000139",NA,4.56178170706758,3.66811829597804,5.45341438592172
"6710",5,"UKENTH_TWU_TP000139",NA,4.61178829047464,3.69259949345851,5.53302978095698
"6711",6,"UKENTH_TWU_TP000139",5.047517835,4.77498269138329,3.88390561025578,5.66517546592499
"6712",7,"UKENTH_TWU_TP000139",NA,4.73806743528535,3.81542700324186,5.66078483933153
"6713",8,"UKENTH_TWU_TP000139",4.183225059,4.72106474082412,3.83001266829064,5.6112125346873
"6714",9,"UKENTH_TWU_TP000139",NA,5.03256918720871,4.11335206861471,5.95199729696442
"6715",10,"UKENTH_TWU_TP000139",5.291786809,5.2156206974794,4.32052342392554,6.10682099729138
"6716",11,"UKENTH_TWU_TP000139",NA,5.21077545597578,4.29287620816781,6.12938041334145
"6717",12,"UKENTH_TWU_TP000139",4.890683964,5.24872079482295,4.35518677326904,6.1397801461402
"6718",13,"UKENTH_TWU_TP000139",NA,5.05619433029761,4.13286065969077,5.97972851256394
"6719",14,"UKENTH_TWU_TP000139",5.54201606,5.12402701278716,4.23424279467745,6.01585235423959
"6720",15,"UKENTH_TWU_TP000139",NA,5.18872628493875,4.26865372593338,6.11070841127416
"6721",16,"UKENTH_TWU_TP000139",6.077295796,5.29919492482984,4.40672804486817,6.18935499472811
"6722",17,"UKENTH_TWU_TP000139",NA,5.11774087823166,4.20051723236637,6.03673659020748
"6723",18,"UKENTH_TWU_TP000139",5.620641829,4.89281443645342,4.00238121507739,5.78707267436028
"6724",19,"UKENTH_TWU_TP000139",NA,4.8940804310731,3.97358792083078,5.81443581011958
"6725",20,"UKENTH_TWU_TP000139",4.634203592,5.00990387211497,4.11954998155608,5.90021157046412
"6726",21,"UKENTH_TWU_TP000139",NA,4.91787886125359,3.99919839458365,5.83574970916191
"6727",22,"UKENTH_TWU_TP000139",5.327323889,4.88710469060244,3.99725780085829,5.77871391982839
"6728",23,"UKENTH_TWU_TP000139",NA,5.14931668013302,4.23587140413453,6.0634730354266
"6729",24,"UKENTH_TWU_TP000139",6.6538712,5.09421243990198,4.20182278714987,5.98634084119221
"6730",25,"UKENTH_TWU_TP000139",NA,5.05224892428494,4.13722185358419,5.96768887953884
"6731",26,"UKENTH_TWU_TP000139",5.754400341,4.90242630968712,4.01205668039293,5.79406709689767
"6732",27,"UKENTH_TWU_TP000139",NA,5.0429538147247,4.12397667608417,5.962556524043
"6733",28,"UKENTH_TWU_TP000139",5.28235115,5.01290365262377,4.12283379317851,5.90396189653995
"6734",29,"UKENTH_TWU_TP000139",NA,5.03247573811684,4.11618252684356,5.95017994628649
"6735",30,"UKENTH_TWU_TP000139",5.607754065,4.85589121708582,3.96428976516433,5.75072650087776
"6736",31,"UKENTH_TWU_TP000139",NA,4.76677419450614,3.81338820095282,5.7178277065781
"6737",32,"UKENTH_TWU_TP000139",5.53732801,4.92031188905202,4.0249276230941,5.81528310885331
"6738",33,"UKENTH_TWU_TP000139",NA,4.81804625303418,3.91789681280903,5.71880167383989
"6739",34,"UKENTH_TWU_TP000139",5.110472427,4.71978153933889,3.82917672737876,5.61082006893502
"6740",35,"UKENTH_TWU_TP000139",NA,4.67141516432255,3.752458160677,5.59040632949504
"6741",36,"UKENTH_TWU_TP000139",5.352053142,4.72649644863168,3.83652671089184,5.6187677336192
"6742",37,"UKENTH_TWU_TP000139",NA,5.08573566838685,4.16585934717395,6.00569035529382
"6743",38,"UKENTH_TWU_TP000139",4.629453578,5.06897719701608,4.17797072941827,5.96168601820048
"6744",39,"UKENTH_TWU_TP000139",NA,5.34975345992611,4.43341450348479,6.26679017150171
"6745",40,"UKENTH_TWU_TP000139",5.253582891,5.21128698552,4.32037892050674,6.10219828794963
"6746",41,"UKENTH_TWU_TP000139",NA,5.31997559941674,4.4020659478635,6.23854843542918
"6747",42,"UKENTH_TWU_TP000139",5.365269308,5.28640331643806,4.39635126303483,6.17814878449082
"6748",43,"UKENTH_TWU_TP000139",NA,5.4436665081191,4.53532419295455,6.35190448111025
"6749",44,"UKENTH_TWU_TP000139",5.50443488,5.20987050983199,4.31712697450814,6.10429089817188
"6750",45,"UKENTH_TWU_TP000139",NA,5.30712638770627,4.37970040553439,6.23336542830833
"6796",1,"UKENTH_TWU_TP000159",NA,4.04458233612012,3.09694288902239,4.9923758126771
"6797",2,"UKENTH_TWU_TP000159",2.996654663,4.02692525697094,3.1056368896676,4.95191707796657
"6798",3,"UKENTH_TWU_TP000159",NA,4.29574210295189,3.36193028314371,5.22984303592976
"6799",4,"UKENTH_TWU_TP000159",3.691115546,4.3556654919198,3.43136338256362,5.27611916175395
"6800",5,"UKENTH_TWU_TP000159",NA,4.40184438579179,3.45764003966463,5.34700637020713
"6801",6,"UKENTH_TWU_TP000159",4.224396559,4.6323011773708,3.70937810773904,5.5510372849503
"6802",7,"UKENTH_TWU_TP000159",NA,4.66995959440967,3.72343943500779,5.61798482826304
"6803",8,"UKENTH_TWU_TP000159",4.262417848,4.58983932038026,3.66844678178172,5.50965008763988
"6804",9,"UKENTH_TWU_TP000159",NA,4.84926041242268,3.90615130747555,5.79236362136662
"6805",10,"UKENTH_TWU_TP000159",5.39272607,5.06895675856176,4.14445479071694,5.9891239716852
"6806",11,"UKENTH_TWU_TP000159",NA,5.0545598482736,4.10549698480238,6.00479657785338
"6807",12,"UKENTH_TWU_TP000159",4.428726334,5.00572136939641,4.08524212374763,5.92631124566931
"6808",13,"UKENTH_TWU_TP000159",NA,4.92163441331139,3.96917889397594,5.87583777076769
"6809",14,"UKENTH_TWU_TP000159",5.732579766,5.08939149149358,4.16787861110165,6.0104060838335
"6810",15,"UKENTH_TWU_TP000159",NA,5.03849916563653,4.08454439277742,5.99548199422593
"6811",16,"UKENTH_TWU_TP000159",4.29166581,5.10883595452828,4.18816161981871,6.02477610758195
"6812",17,"UKENTH_TWU_TP000159",NA,4.96914844243441,4.01871594353728,5.92215437107489
"6813",18,"UKENTH_TWU_TP000159",5.050697857,4.74274760559202,3.82725608716285,5.6652047195582
"6814",19,"UKENTH_TWU_TP000159",NA,4.74934918242156,3.79418657493484,5.70427214463279
"6815",20,"UKENTH_TWU_TP000159",5.034025639,4.80139408264175,3.88613508859672,5.72036968299424
"6816",21,"UKENTH_TWU_TP000159",NA,4.81759284624139,3.87399374102847,5.7614265651465
"6817",22,"UKENTH_TWU_TP000159",5.243437949,4.65732171183111,3.73793832244478,5.58298968746626
"6818",23,"UKENTH_TWU_TP000159",NA,4.99273496718524,4.05435084109055,5.9310079100772
"6819",24,"UKENTH_TWU_TP000159",4.584029342,4.99768910404752,4.07545114147494,5.92036915540919
"6820",25,"UKENTH_TWU_TP000159",NA,4.93659975393617,3.99001945676109,5.88362460279536
"6821",26,"UKENTH_TWU_TP000159",4.599447444,4.78067376825099,3.86491120853855,5.69640055744202
"6822",27,"UKENTH_TWU_TP000159",NA,4.90882324008055,3.96500559111848,5.85344890194419
"6823",28,"UKENTH_TWU_TP000159",5.108408339,4.93571809840345,4.01634866709214,5.85611708112991
"6824",29,"UKENTH_TWU_TP000159",NA,4.89762560014015,3.9483312954141,5.84803435421591
"6825",30,"UKENTH_TWU_TP000159",4.498472843,4.76476280325521,3.84976240584278,5.68658154907051
"6826",31,"UKENTH_TWU_TP000159",NA,4.55928984353728,3.56509302378615,5.55039886186552
"6827",32,"UKENTH_TWU_TP000159",3.39075652,4.72412887336865,3.80232736472626,5.64671091959569
"6828",33,"UKENTH_TWU_TP000159",NA,4.76573178049857,3.84214654741033,5.69112683351961
"6829",34,"UKENTH_TWU_TP000159",4.7003734,4.56194732238308,3.64291564040573,5.4836702305495
"6830",35,"UKENTH_TWU_TP000159",NA,4.52925276719436,3.58526576563867,5.47320140427434
"6831",36,"UKENTH_TWU_TP000159",4.771741273,4.66283925364203,3.74279054211053,5.58251484611575
"6832",37,"UKENTH_TWU_TP000159",NA,4.93165896250245,3.9782275997288,5.88505354961196
"6833",38,"UKENTH_TWU_TP000159",4.849150581,5.00761240871706,4.09141392319748,5.92389635106376
"6834",39,"UKENTH_TWU_TP000159",NA,5.23179355284586,4.28988259199884,6.17380288294457
"6835",40,"UKENTH_TWU_TP000159",5.061502396,5.06944558749665,4.14925530929241,5.98968163079788
"6836",41,"UKENTH_TWU_TP000159",NA,5.209716011251,4.25839155619953,6.16173432049458
"6837",42,"UKENTH_TWU_TP000159",5.074976807,5.2421168352222,4.32592581108544,6.15786065290642
"6838",43,"UKENTH_TWU_TP000159",NA,5.34477890979363,4.41005284534182,6.27829967968256
"6839",44,"UKENTH_TWU_TP000159",5.271638435,5.04584124944963,4.12416089259415,5.97106941562152
"6840",45,"UKENTH_TWU_TP000159",NA,5.193799277617,4.24098522472539,6.14323433009457
"2656",1,"UKENNE_YW_TP000054",NA,4.26166426598152,3.31380569292786,5.21025187489166
"2657",2,"UKENNE_YW_TP000054",NA,4.27783861997229,3.36448321198008,5.18954040141933
"2658",3,"UKENNE_YW_TP000054",NA,4.52261402707565,3.58552033646773,5.45959938984648
"2659",4,"UKENNE_YW_TP000054",NA,4.49717558048119,3.58708871497137,5.40777667138443
"2660",5,"UKENNE_YW_TP000054",NA,4.74962256630412,3.80697305971782,5.69250084904107
"2661",6,"UKENNE_YW_TP000054",NA,4.80223795665086,3.89209901180415,5.71817323629296
"2662",7,"UKENNE_YW_TP000054",NA,4.76218384363707,3.8152108193042,5.70954606755338
"2663",8,"UKENNE_YW_TP000054",NA,4.77157637540059,3.86097554741888,5.68081024327155
"2664",9,"UKENNE_YW_TP000054",NA,5.10876298145394,4.16556010362538,6.05351049002778
"2665",10,"UKENNE_YW_TP000054",NA,5.12883650501356,4.22011413933195,6.03927871946161
"2666",11,"UKENNE_YW_TP000054",NA,5.23991149154944,4.2980646385865,6.18242554616186
"2667",12,"UKENNE_YW_TP000054",NA,5.28092309820165,4.37252733011651,6.1940770123589
"2668",13,"UKENNE_YW_TP000054",NA,5.14365535134534,4.1983627398673,6.09018864133152
"2669",14,"UKENNE_YW_TP000054",NA,5.26282467568017,4.35371225522654,6.17200862480909
"2670",15,"UKENNE_YW_TP000054",NA,5.26094916475042,4.31835892274577,6.20494338526566
"2671",16,"UKENNE_YW_TP000054",NA,5.2610799911633,4.35127342834509,6.17078350992204
"2672",17,"UKENNE_YW_TP000054",NA,5.19128981296611,4.25505833752241,6.12897517258731
"2673",18,"UKENNE_YW_TP000054",NA,4.74091592586385,3.82266129803624,5.65508579505873
"2674",19,"UKENNE_YW_TP000054",NA,4.93072674685512,3.9928912095888,5.87041581067129
"2675",20,"UKENNE_YW_TP000054",NA,5.08571270035906,4.17497296431534,5.99868379732378
"2676",21,"UKENNE_YW_TP000054",NA,4.91991627595547,3.97688629875747,5.86532172317466
"2677",22,"UKENNE_YW_TP000054",NA,5.04279899700978,4.13210866385427,5.95192113894878
"2678",23,"UKENNE_YW_TP000054",NA,5.19494380308171,4.2615363599452,6.12994234125804
"2679",24,"UKENNE_YW_TP000054",NA,5.13327715408445,4.22222066018031,6.04513232386283
"2680",25,"UKENNE_YW_TP000054",NA,5.03049235687887,4.0887708055912,5.97153053643058
"2681",26,"UKENNE_YW_TP000054",NA,5.03988471705147,4.12930170317908,5.95530792604962
"2682",27,"UKENNE_YW_TP000054",NA,5.14289987735787,4.19964053249358,6.08645800487344
"2683",28,"UKENNE_YW_TP000054",NA,5.12320233738331,4.21429671853574,6.0328558674661
"2684",29,"UKENNE_YW_TP000054",NA,5.05049800021161,4.1148323972706,5.98660683364052
"2685",30,"UKENNE_YW_TP000054",NA,5.20917595503515,4.2956424489917,6.12295108812494
"2686",31,"UKENNE_YW_TP000054",NA,4.93789688831305,3.96625771105153,5.9096006424253
"2687",32,"UKENNE_YW_TP000054",NA,5.15104095736269,4.23974460422913,6.06022009673192
"2688",33,"UKENNE_YW_TP000054",NA,4.82591953504997,3.90590968556995,5.74608218684181
"2689",34,"UKENNE_YW_TP000054",4.056894132,4.69651302665031,3.77778286547083,5.61454889795324
"2690",35,"UKENNE_YW_TP000054",NA,4.77953807434169,3.83250535541643,5.72519795384174
"2691",36,"UKENNE_YW_TP000054",3.185133108,4.78053502369586,3.86823255774195,5.6884575232858
"2692",37,"UKENNE_YW_TP000054",NA,5.10404504791799,4.16018703968087,6.04757646030633
"2693",38,"UKENNE_YW_TP000054",5.836379289,5.16140646933538,4.25177038501918,6.07063542089853
"2694",39,"UKENNE_YW_TP000054",NA,5.38890107525538,4.44680388240034,6.33156557581778
"2695",40,"UKENNE_YW_TP000054",6.158582395,5.27440210960035,4.36352465305829,6.18470317581823
"2696",41,"UKENNE_YW_TP000054",NA,5.37961935623188,4.44300651202885,6.31756922483809
"2697",42,"UKENNE_YW_TP000054",4.858032634,5.40085435192884,4.48971190502166,6.31233996828525
"2698",43,"UKENNE_YW_TP000054",NA,5.51433504193626,4.57975266026867,6.44826891475677
"2699",44,"UKENNE_YW_TP000054",4.479727447,5.25917460970299,4.34405854158691,6.16978075990401
"2700",45,"UKENNE_YW_TP000054",NA,5.31072107349631,4.34960959878797,6.26987730263114
"2701",1,"UKENNE_YW_TP000057",NA,4.15947046467078,3.22604060171637,5.09448522587744
"2702",2,"UKENNE_YW_TP000057",3.340205111,4.17892191815821,3.28317202476756,5.07296227222719
"2703",3,"UKENNE_YW_TP000057",3.712219899,4.41565251843722,3.49420432908792,5.3377473068137
"2704",4,"UKENNE_YW_TP000057",NA,4.39754102581731,3.50518067239973,5.28978464370138
"2705",5,"UKENNE_YW_TP000057",NA,4.64922165095699,3.72235233313812,5.57724845617257
"2706",6,"UKENNE_YW_TP000057",4.012211352,4.71117587829305,3.81971719808531,5.60922542099109
"2707",7,"UKENNE_YW_TP000057",NA,4.65873180829521,3.72804522490585,5.59041560008924
"2708",8,"UKENNE_YW_TP000057",4.523617498,4.6156292210492,3.72099610057211,5.50614052039845
"2709",9,"UKENNE_YW_TP000057",NA,5.00813232687389,4.07998452245301,5.93823238683356
"2710",10,"UKENNE_YW_TP000057",4.557626451,5.00514012352124,4.11378556348912,5.89659458745413
"2711",11,"UKENNE_YW_TP000057",NA,5.13985276651067,4.21301467663992,6.06751829513999
"2712",12,"UKENNE_YW_TP000057",4.712316747,5.20714761653186,4.31621291644208,6.10679305919752
"2713",13,"UKENNE_YW_TP000057",NA,5.03619138501983,4.10564980329428,5.96826234295777
"2714",14,"UKENNE_YW_TP000057",4.223190057,5.13598673347266,4.24449303043739,6.02734366778342
"2715",15,"UKENNE_YW_TP000057",NA,5.16148306991718,4.2337812395153,6.09110264417814
"2716",16,"UKENNE_YW_TP000057",3.763943182,5.12358673036217,4.2320054422215,6.0154064267486
"2717",17,"UKENNE_YW_TP000057",NA,5.08014878278274,4.15958180728842,6.00307913172429
"2718",18,"UKENNE_YW_TP000057",3.798885089,4.64861611336198,3.7495667996224,5.54469012336891
"2719",19,"UKENNE_YW_TP000057",NA,4.82137958763439,3.8986164878734,5.74666400924194
"2720",20,"UKENNE_YW_TP000057",3.584599468,4.98705381707537,4.09520275587547,5.88370130969366
"2721",21,"UKENNE_YW_TP000057",NA,4.80191843084166,3.87350855109132,5.73342363249361
"2722",22,"UKENNE_YW_TP000057",4.501631611,4.91064626740944,4.01867073478093,5.80155106832272
"2723",23,"UKENNE_YW_TP000057",NA,5.09544011021989,4.17736140847897,6.01530213341851
"2724",24,"UKENNE_YW_TP000057",4.824145691,5.01724092667939,4.12391708075473,5.91064652115409
"2725",25,"UKENNE_YW_TP000057",NA,4.92494168284019,3.99907664903272,5.85057185614088
"2726",26,"UKENNE_YW_TP000057",4.872454266,4.90939365667919,4.01736665301858,5.80485006189445
"2727",27,"UKENNE_YW_TP000057",NA,5.0347456774358,4.1067049803302,5.96354821139102
"2728",28,"UKENNE_YW_TP000057",4.71316851,4.99681226349376,4.10549025286814,5.88848126934508
"2729",29,"UKENNE_YW_TP000057",NA,4.95404709984606,4.03387016521367,5.87504395174801
"2730",30,"UKENNE_YW_TP000057",5.009220097,5.1319463623958,4.2386726386338,6.02896317668052
"2731",31,"UKENNE_YW_TP000057",NA,4.83198159171899,3.87583774336575,5.78862426425113
"2732",32,"UKENNE_YW_TP000057",4.944613054,5.06490826853527,4.17111951560579,5.95599379268988
"2733",33,"UKENNE_YW_TP000057",NA,4.7177144476411,3.81761201280711,5.61629197532152
"2734",34,"UKENNE_YW_TP000057",5.164125101,4.61744935343082,3.71277276756182,5.52307698450374
"2735",35,"UKENNE_YW_TP000057",NA,4.67504356187419,3.74292677561082,5.60645127788706
"2736",36,"UKENNE_YW_TP000057",5.30568897,4.74583640384197,3.85544146927743,5.63743496585037
"2737",37,"UKENNE_YW_TP000057",NA,5.00057262596427,4.07117768862599,5.93007363997892
"2738",38,"UKENNE_YW_TP000057",5.355037353,5.06208828418347,4.170958236811,5.95331749347819
"2739",39,"UKENNE_YW_TP000057",NA,5.2794575385446,4.35179798784694,6.20894054173374
"2740",40,"UKENNE_YW_TP000057",NA,5.15947304698676,4.26583300045652,6.05074028618983
"2741",41,"UKENNE_YW_TP000057",NA,5.26005345811338,4.3387337819546,6.18256508705937
"2742",42,"UKENNE_YW_TP000057",4.440240979,5.30407091126133,4.41124092065151,6.19711832960275
"2743",43,"UKENNE_YW_TP000057",NA,5.40202294572772,4.48317907461297,6.3204337573851
"2744",44,"UKENNE_YW_TP000057",NA,5.16261257298968,4.26697838756866,6.05534084743867
"2745",45,"UKENNE_YW_TP000057",NA,5.21213225933811,4.26647346517144,6.15603642844993
"2746",1,"UKENNE_YW_TP000063",NA,4.16210317627932,3.24579163654408,5.07331415794099
"2747",2,"UKENNE_YW_TP000063",3.427502064,4.28809642492129,3.38217740130307,5.19276352935713
"2748",3,"UKENNE_YW_TP000063",NA,4.51391811986462,3.5894939078386,5.43897396156678
"2749",4,"UKENNE_YW_TP000063",4.003934354,4.46779425475103,3.57754114456989,5.35282038622494
"2750",5,"UKENNE_YW_TP000063",NA,4.72226295799451,3.79051947881272,5.65364846658944
"2751",6,"UKENNE_YW_TP000063",4.685677962,4.66105750916618,3.77047730653209,5.5460069741831
"2752",7,"UKENNE_YW_TP000063",NA,4.75825617750753,3.82270430555418,5.6946485606064
"2753",8,"UKENNE_YW_TP000063",5.046887731,4.90033400691955,4.01486470533704,5.79414138034966
"2754",9,"UKENNE_YW_TP000063",3.453726754,5.08284738614665,4.1509050531893,6.01535444022342
"2755",10,"UKENNE_YW_TP000063",5.152719417,5.15459408979834,4.26984761632712,6.04317511157217
"2756",11,"UKENNE_YW_TP000063",NA,5.23198317651836,4.30131918962538,6.16317197248268
"2757",12,"UKENNE_YW_TP000063",5.536538948,5.16672546493029,4.28082946923142,6.05156202596411
"2758",13,"UKENNE_YW_TP000063",NA,5.18256443638806,4.24860960044,6.11849705979883
"2759",14,"UKENNE_YW_TP000063",3.875241512,5.23589354231431,4.35022127694896,6.12060986215065
"2760",15,"UKENNE_YW_TP000063",NA,5.22210675176073,4.29048189762342,6.15439796621867
"2761",16,"UKENNE_YW_TP000063",4.560756905,5.34180276300965,4.4570284929736,6.23322701614528
"2762",17,"UKENNE_YW_TP000063",NA,5.17101355908188,4.26575800888394,6.07790669438954
"2763",18,"UKENNE_YW_TP000063",4.839230554,4.83979715346268,3.93424986083349,5.7480337526542
"2764",19,"UKENNE_YW_TP000063",NA,4.9104901593239,4.00311948819206,5.81916367038048
"2765",20,"UKENNE_YW_TP000063",4.918627585,5.07114576773028,4.16768853478838,5.97323784432886
"2766",21,"UKENNE_YW_TP000063",NA,4.89960896808545,3.99193254088675,5.8090389383209
"2767",22,"UKENNE_YW_TP000063",4.119672986,5.05113813545612,4.14657908281712,5.95299166795293
"2768",23,"UKENNE_YW_TP000063",NA,5.22823030797376,4.32535115837299,6.13432597096412
"2769",24,"UKENNE_YW_TP000063",4.898673344,5.14617507908201,4.24402890061802,6.04868318415852
"2770",25,"UKENNE_YW_TP000063",NA,5.16041975940649,4.25225498705033,6.07291956299443
"2771",26,"UKENNE_YW_TP000063",3.868591844,4.97832197660759,4.07665068486851,5.88387580672787
"2772",27,"UKENNE_YW_TP000063",NA,5.20450279827576,4.29816338215602,6.11482503518056
"2773",28,"UKENNE_YW_TP000063",4.003859121,5.16645427457433,4.26466131238214,6.06915935380112
"2774",29,"UKENNE_YW_TP000063",NA,5.06871825066898,4.16378742217503,5.97355879466396
"2775",30,"UKENNE_YW_TP000063",4.711192546,5.11101517519903,4.20600437129471,6.01360824958639
"2776",31,"UKENNE_YW_TP000063",NA,4.95243198398636,3.996734264927,5.90832525975693
"2777",32,"UKENNE_YW_TP000063",NA,5.19203474732138,4.30688489339878,6.07941036416231
"2778",33,"UKENNE_YW_TP000063",5.735082259,4.62789590376109,3.71964593467373,5.52629515861228
"2779",34,"UKENNE_YW_TP000063",4.660709285,4.73421390297143,3.8299008957192,5.63748265434572
"2780",35,"UKENNE_YW_TP000063",NA,4.84999182856657,3.94064979912863,5.76216544685154
"2781",36,"UKENNE_YW_TP000063",4.710595308,4.7569267952291,3.85010235265145,5.65776546689497
"2782",37,"UKENNE_YW_TP000063",NA,5.00270752669278,4.08922165831445,5.91072846116678
"2783",38,"UKENNE_YW_TP000063",4.802738652,5.13696283867467,4.23405010656382,6.0390972576115
"2784",39,"UKENNE_YW_TP000063",NA,5.39686700715688,4.49039752595748,6.30439614247397
"2785",40,"UKENNE_YW_TP000063",6.198528415,5.3214942532285,4.41851067285153,6.22336970223497
"2786",41,"UKENNE_YW_TP000063",NA,5.35324826000396,4.44767571932722,6.25950942606757
"2787",42,"UKENNE_YW_TP000063",6.118856532,5.40392200061062,4.50088390495846,6.3056821414069
"2788",43,"UKENNE_YW_TP000063",NA,5.56738673023053,4.66521393370708,6.47303356561499
"2789",44,"UKENNE_YW_TP000063",6.067039023,5.30781316615328,4.40119985693122,6.20958165851075
"2790",45,"UKENNE_YW_TP000063",NA,5.30249154744478,4.35790961608518,6.24531623628019
"2836",1,"UKENNE_YW_TP000086",NA,4.17292297386076,3.24394466719595,5.10161624174153
"2837",2,"UKENNE_YW_TP000086",NA,4.21989560861188,3.31638023502168,5.12257847808103
"2838",3,"UKENNE_YW_TP000086",NA,4.4050500217914,3.48106587683981,5.3297107265912
"2839",4,"UKENNE_YW_TP000086",NA,4.44116004410329,3.54010322187196,5.33919276999776
"2840",5,"UKENNE_YW_TP000086",NA,4.6381628815871,3.7061329067179,5.57009281687624
"2841",6,"UKENNE_YW_TP000086",NA,4.69573311891305,3.7975886665089,5.59520523588146
"2842",7,"UKENNE_YW_TP000086",NA,4.67227716193536,3.73591206420385,5.60922937156327
"2843",8,"UKENNE_YW_TP000086",NA,4.69722833246637,3.79961723313164,5.59572379249704
"2844",9,"UKENNE_YW_TP000086",NA,4.96798169700052,4.03520419124879,5.90146568942742
"2845",10,"UKENNE_YW_TP000086",NA,4.98461501825827,4.08726087850047,5.88415462371471
"2846",11,"UKENNE_YW_TP000086",NA,5.13646044377492,4.20511509380295,6.06853358113272
"2847",12,"UKENNE_YW_TP000086",NA,5.02947257729609,4.13173900926149,5.92843250184018
"2848",13,"UKENNE_YW_TP000086",NA,5.09015668227615,4.15411251180892,6.02765292455605
"2849",14,"UKENNE_YW_TP000086",NA,5.06600758174946,4.16752415312787,5.96282027848347
"2850",15,"UKENNE_YW_TP000086",NA,5.11771429111645,4.18569771281694,6.05045820403246
"2851",16,"UKENNE_YW_TP000086",NA,5.10115183843103,4.20363187077448,6.00192830777458
"2852",17,"UKENNE_YW_TP000086",NA,5.05164100982125,4.12956261685192,5.97451471005676
"2853",18,"UKENNE_YW_TP000086",NA,4.81079895348434,3.90725037096872,5.71800583874464
"2854",19,"UKENNE_YW_TP000086",NA,4.78909348119263,3.8634085535173,5.71592419752661
"2855",20,"UKENNE_YW_TP000086",NA,4.95889261728913,4.05582581952269,5.86046433201947
"2856",21,"UKENNE_YW_TP000086",NA,4.7529625594959,3.82701538008869,5.68056092454937
"2857",22,"UKENNE_YW_TP000086",NA,4.84974760320705,3.94535264313535,5.75012779620453
"2858",23,"UKENNE_YW_TP000086",NA,5.12068018937055,4.20039761176614,6.04249226704607
"2859",24,"UKENNE_YW_TP000086",NA,5.0751466520542,4.17392215051434,5.97741107152154
"2860",25,"UKENNE_YW_TP000086",NA,5.02090463816251,4.09211243990994,5.95013622334265
"2861",26,"UKENNE_YW_TP000086",NA,4.88230723154467,3.98166425304591,5.78742071442422
"2862",27,"UKENNE_YW_TP000086",NA,5.04625406221961,4.12301664234634,5.97041619131704
"2863",28,"UKENNE_YW_TP000086",NA,5.06291097245834,4.16202317365245,5.96528509727085
"2864",29,"UKENNE_YW_TP000086",NA,4.99879418335559,4.07778288675668,5.92093399861878
"2865",30,"UKENNE_YW_TP000086",NA,4.94703714523621,4.04399778258851,5.84835471245663
"2866",31,"UKENNE_YW_TP000086",NA,4.86254650057268,3.9063848515227,5.81910712022862
"2867",32,"UKENNE_YW_TP000086",NA,5.12713370239395,4.22249381275235,6.0291087360899
"2868",33,"UKENNE_YW_TP000086",NA,4.69061088900013,3.78047157030343,5.60053787491973
"2869",34,"UKENNE_YW_TP000086",5.552148342,4.72766494825814,3.82528315109119,5.6313295104221
"2870",35,"UKENNE_YW_TP000086",NA,4.70935767148686,3.77934617009912,5.63828222235581
"2871",36,"UKENNE_YW_TP000086",5.370465877,4.83470264871056,3.92994117633096,5.73582150180614
"2872",37,"UKENNE_YW_TP000086",NA,4.99644757739358,4.06984781530945,5.92188561759329
"2873",38,"UKENNE_YW_TP000086",6.083062014,5.08937888708885,4.18564696800084,5.99154006506893
"2874",39,"UKENNE_YW_TP000086",NA,5.30919880141551,4.38569585256187,6.23293972132756
"2875",40,"UKENNE_YW_TP000086",6.194675843,5.29105168963718,4.38854301131633,6.19216446787009
"2876",41,"UKENNE_YW_TP000086",NA,5.22109004021479,4.29720548827222,6.14541873690906
"2877",42,"UKENNE_YW_TP000086",5.82755588,5.3296158174068,4.42584296407195,6.23039833953778
"2878",43,"UKENNE_YW_TP000086",NA,5.42311060659827,4.50428954432214,6.34194671289504
"2879",44,"UKENNE_YW_TP000086",4.294273814,5.23490998618435,4.32905005344689,6.13631169783526
"2880",45,"UKENNE_YW_TP000086",NA,5.22240826850536,4.27700899286097,6.16579240904961
"2881",1,"UKENNE_YW_TP000094",NA,4.16874026487401,3.23403994678273,5.10091589220156
"2882",2,"UKENNE_YW_TP000094",3.31819103,4.26200832439044,3.34453498184404,5.17775995023491
"2883",3,"UKENNE_YW_TP000094",NA,4.45142343675699,3.51429220043793,5.38840899408686
"2884",4,"UKENNE_YW_TP000094",3.996702707,4.45538542358135,3.54351911781217,5.36192883305251
"2885",5,"UKENNE_YW_TP000094",NA,4.67942968361273,3.73471604931336,5.62306300391661
"2886",6,"UKENNE_YW_TP000094",4.24607952,4.68322622742915,3.77315067666192,5.59041039014322
"2887",7,"UKENNE_YW_TP000094",NA,4.71923377347965,3.77099624559472,5.6674541022499
"2888",8,"UKENNE_YW_TP000094",5.315390207,4.78197149799734,3.87474089085012,5.69234324206314
"2889",9,"UKENNE_YW_TP000094",NA,5.02229958989024,4.07780254663418,5.96687542867041
"2890",10,"UKENNE_YW_TP000094",5.473442863,5.05529336270347,4.14843302509657,5.96484673440923
"2891",11,"UKENNE_YW_TP000094",NA,5.18089081512669,4.23798290911957,6.12379988629432
"2892",12,"UKENNE_YW_TP000094",5.255923252,5.07938615217282,4.17177586279173,5.98677800020598
"2893",13,"UKENNE_YW_TP000094",NA,5.13027486359688,4.18325508541176,6.07844114044785
"2894",14,"UKENNE_YW_TP000094",5.16124394,5.13582786512338,4.22786237604322,6.04178096961091
"2895",15,"UKENNE_YW_TP000094",NA,5.16400600510668,4.22091374945372,6.1071379632015
"2896",16,"UKENNE_YW_TP000094",5.451275711,5.18698500566734,4.27979164536907,6.09884755749442
"2897",17,"UKENNE_YW_TP000094",NA,5.09251798457718,4.16414909505065,6.02138272680518
"2898",18,"UKENNE_YW_TP000094",4.739561057,4.84715522104182,3.92894899228667,5.76951401435481
"2899",19,"UKENNE_YW_TP000094",NA,4.84720131599473,3.91588906246273,5.77909293490772
"2900",20,"UKENNE_YW_TP000094",4.77627306,5.01217499954472,4.09478575657544,5.92743218787598
"2901",21,"UKENNE_YW_TP000094",NA,4.8159508011057,3.88482871146296,5.74829766902993
"2902",22,"UKENNE_YW_TP000094",4.770647202,4.92566338672107,4.00708616587643,5.83964733710187
"2903",23,"UKENNE_YW_TP000094",NA,5.17141564179479,4.24580109899433,6.09876303925633
"2904",24,"UKENNE_YW_TP000094",4.11584659,5.10487659333557,4.18933287097969,6.02024757295739
"2905",25,"UKENNE_YW_TP000094",NA,5.08041704718176,4.14710191421841,6.0151085900717
"2906",26,"UKENNE_YW_TP000094",4.787633313,4.92143175081593,4.00666845881381,5.84017867222862
"2907",27,"UKENNE_YW_TP000094",NA,5.11105356958199,4.18277986427116,6.04101264551841
"2908",28,"UKENNE_YW_TP000094",5.154325156,5.09712129574772,4.18208586623224,6.01237787659889
"2909",29,"UKENNE_YW_TP000094",NA,5.03398566021335,4.10698223789338,5.96113833281438
"2910",30,"UKENNE_YW_TP000094",5.698117009,5.01618673487334,4.09799353358754,5.9315017609361
"2911",31,"UKENNE_YW_TP000094",NA,4.90252145140538,3.9346270972636,5.87032142032756
"2912",32,"UKENNE_YW_TP000094",6.045629604,5.17381226276251,4.26292216776819,6.08333785505845
"2913",33,"UKENNE_YW_TP000094",NA,4.66506781799921,3.74427004811115,5.58066683709267
"2914",34,"UKENNE_YW_TP000094",5.403643122,4.74697043480008,3.82988785904196,5.66364667305506
"2915",35,"UKENNE_YW_TP000094",NA,4.77296814167995,3.83815448777361,5.70747698370443
"2916",36,"UKENNE_YW_TP000094",6.069204952,4.8287003943484,3.90917682866394,5.74294712019154
"2917",37,"UKENNE_YW_TP000094",NA,5.00651750713702,4.07255441883174,5.93645929737101
"2918",38,"UKENNE_YW_TP000094",4.8857509,5.12605284325674,4.2085408510844,6.04098777360469
"2919",39,"UKENNE_YW_TP000094",NA,5.34819961572211,4.41810429827431,6.27798663384572
"2920",40,"UKENNE_YW_TP000094",5.840899801,5.30546355553316,4.38824221042888,6.21949293532485
"2921",41,"UKENNE_YW_TP000094",NA,5.2809927309321,4.35154763458425,6.21022303332251
"2922",42,"UKENNE_YW_TP000094",5.081015411,5.37235218453825,4.45448474689088,6.28682404655403
"2923",43,"UKENNE_YW_TP000094",NA,5.48068590180078,4.55535171440314,6.406569916594
"2924",44,"UKENNE_YW_TP000094",5.643323272,5.26099771149636,4.34009703004133,6.1756892766842
"2925",45,"UKENNE_YW_TP000094",NA,5.25555534549777,4.29852750095624,6.20994760393109
"3061",1,"UKENNE_YW_TP000102",NA,4.30763830916865,3.3681833955595,5.24595369559222
"3062",2,"UKENNE_YW_TP000102",5.14873374,4.36327034326097,3.44846181186467,5.27657200025079
"3063",3,"UKENNE_YW_TP000102",NA,4.59698130287824,3.66113356911101,5.53336182464237
"3064",4,"UKENNE_YW_TP000102",5.057519333,4.57979039949752,3.67176158559005,5.48676845976165
"3065",5,"UKENNE_YW_TP000102",NA,4.8137780272601,3.87156300292003,5.75591466668307
"3066",6,"UKENNE_YW_TP000102",5.661750126,4.8363473719642,3.92926559185533,5.74562053686279
"3067",7,"UKENNE_YW_TP000102",NA,4.84210140145829,3.8959243497029,5.78929347501025
"3068",8,"UKENNE_YW_TP000102",5.588575464,4.89573447611466,3.99002748571985,5.80423893388536
"3069",9,"UKENNE_YW_TP000102",NA,5.1702593753886,4.22746772934056,6.11447359800346
"3070",10,"UKENNE_YW_TP000102",5.564141072,5.21706911642169,4.31161730762195,6.12585730155457
"3071",11,"UKENNE_YW_TP000102",NA,5.31600817739567,4.37467120671527,6.25792764531206
"3072",12,"UKENNE_YW_TP000102",5.510399878,5.30834942383658,4.402541624482,6.21665904668706
"3073",13,"UKENNE_YW_TP000102",NA,5.24464718950093,4.29979100242342,6.19119020504958
"3074",14,"UKENNE_YW_TP000102",6.16801252,5.32459112298732,4.41798406842313,6.23092776562244
"3075",15,"UKENNE_YW_TP000102",NA,5.3186314108743,4.37641432125172,6.26175460461639
"3076",16,"UKENNE_YW_TP000102",5.558141913,5.36234838555995,4.45637524353053,6.27106235665614
"3077",17,"UKENNE_YW_TP000102",NA,5.25238472340252,4.32291887423899,6.18364380024919
"3078",18,"UKENNE_YW_TP000102",5.151098954,4.86737805533085,3.95045201949058,5.78435168036067
"3079",19,"UKENNE_YW_TP000102",NA,4.99833290342346,4.06669527699589,5.93198225558021
"3080",20,"UKENNE_YW_TP000102",5.345978945,5.15686660343025,4.24473380430212,6.06985123060429
"3081",21,"UKENNE_YW_TP000102",NA,4.98685603438367,4.05303540525868,5.92324826304181
"3082",22,"UKENNE_YW_TP000102",5.020304142,5.12307167094826,4.21015695157279,6.03454755528568
"3083",23,"UKENNE_YW_TP000102",NA,5.28900880054176,4.36162799604791,6.21881729156327
"3084",24,"UKENNE_YW_TP000102",4.948887417,5.21915419186588,4.3073089338142,6.13186789262158
"3085",25,"UKENNE_YW_TP000102",NA,5.16596326407839,4.23144305814499,6.10220269853768
"3086",26,"UKENNE_YW_TP000102",5.395723945,5.08528534729044,4.17383320727829,6.00131872902324
"3087",27,"UKENNE_YW_TP000102",NA,5.24347086949696,4.31017462700702,6.17863442460971
"3088",28,"UKENNE_YW_TP000102",4.989526097,5.22422801812085,4.31347898879548,6.13690181422721
"3089",29,"UKENNE_YW_TP000102",NA,5.14021121803541,4.21104092891385,6.07041157060759
"3090",30,"UKENNE_YW_TP000102",6.162195192,5.24226593128558,4.32814819633713,6.15597340155882
"3091",31,"UKENNE_YW_TP000102",NA,5.02431800540161,4.05630729512784,5.99257137289513
"3092",32,"UKENNE_YW_TP000102",5.670834596,5.2558104295658,4.3469275615889,6.1631717286915
"3093",33,"UKENNE_YW_TP000102",NA,4.82292513962278,3.90249031005583,5.74035140507625
"3094",34,"UKENNE_YW_TP000102",4.321095751,4.79383677762804,3.87774756254133,5.70959914841404
"3095",35,"UKENNE_YW_TP000102",NA,4.8865049419569,3.94945120951962,5.82381408491158
"3096",36,"UKENNE_YW_TP000102",4.252279877,4.85384249417541,3.93893518301183,5.76403937863268
"3097",37,"UKENNE_YW_TP000102",NA,5.14813705960486,4.21249008292375,6.08207212765287
"3098",38,"UKENNE_YW_TP000102",6.080100666,5.23530913552831,4.32310037783954,6.1467489690338
"3099",39,"UKENNE_YW_TP000102",NA,5.47300715220215,4.54024277865941,6.40675412738431
"3100",40,"UKENNE_YW_TP000102",4.554142671,5.37481941801539,4.46200840507607,6.28681462161952
"3101",41,"UKENNE_YW_TP000102",NA,5.44928288470628,4.51909446770931,6.38087634628151
"3102",42,"UKENNE_YW_TP000102",5.446575163,5.48670452331713,4.57449595998987,6.39877792432334
"3103",43,"UKENNE_YW_TP000102",NA,5.61055550528297,4.68356507839241,6.53863866980645
"3104",44,"UKENNE_YW_TP000102",5.65302477,5.35823590230645,4.44233694690357,6.27018402513753
"3105",45,"UKENNE_YW_TP000102",NA,5.38190900357469,4.42475647701499,6.33759708299011
"3106",1,"UKENNE_YW_TP000107",3.151602837,4.03929258989018,3.11230805781359,4.96248165614087
"3107",2,"UKENNE_YW_TP000107",NA,4.13983803300964,3.2272384310517,5.05034834586176
"3108",3,"UKENNE_YW_TP000107",2.864522012,4.35104915096991,3.42015305436251,5.28181258337007
"3109",4,"UKENNE_YW_TP000107",NA,4.32934961631543,3.42557401086614,5.22749600686679
"3110",5,"UKENNE_YW_TP000107",4.196275745,4.56878060828104,3.63014508104345,5.50621890237597
"3111",6,"UKENNE_YW_TP000107",NA,4.54943246360345,3.64690463838413,5.4480602401608
"3112",7,"UKENNE_YW_TP000107",3.628697472,4.60396944370751,3.66124348681779,5.54661140904033
"3113",8,"UKENNE_YW_TP000107",NA,4.70362668900508,3.80488144819358,5.60744953846871
"3114",9,"UKENNE_YW_TP000107",4.646883621,4.92055023109377,3.98221600355737,5.85888210114796
"3115",10,"UKENNE_YW_TP000107",NA,4.97060488725364,4.0721521994829,5.87235447131925
"3116",11,"UKENNE_YW_TP000107",5.093136961,5.07257724045631,4.13572511361258,6.009319534829
"3117",12,"UKENNE_YW_TP000107",NA,5.00110559755324,4.10192945407353,5.89985917693488
"3118",13,"UKENNE_YW_TP000107",4.219373272,5.02443133387516,4.08428890104051,5.96598261356973
"3119",14,"UKENNE_YW_TP000107",NA,5.05239456816397,4.15281154618843,5.95014769442984
"3120",15,"UKENNE_YW_TP000107",3.469890863,5.06075849812004,4.12351627860289,5.99803562811295
"3121",16,"UKENNE_YW_TP000107",NA,5.12882563283534,4.23056742162308,6.03223755327883
"3122",17,"UKENNE_YW_TP000107",5.079220277,5.00317513365778,4.08437730301754,5.92288737350156
"3123",18,"UKENNE_YW_TP000107",NA,4.7096270298817,3.79653003275917,5.62646289754217
"3124",19,"UKENNE_YW_TP000107",4.11522379,4.74833748472694,3.8270450695702,5.67056373932135
"3125",20,"UKENNE_YW_TP000107",NA,4.91054219163196,3.9986363172066,5.8201514493534
"3126",21,"UKENNE_YW_TP000107",4.993432229,4.72541882392105,3.80395811181935,5.6484045879822
"3127",22,"UKENNE_YW_TP000107",NA,4.8528053267062,3.93991078801541,5.76149169265085
"3128",23,"UKENNE_YW_TP000107",3.962467253,5.06532950591904,4.1494674584691,5.98337519400737
"3129",24,"UKENNE_YW_TP000107",NA,4.99352070474725,4.08340717812672,5.90328370702317
"3130",25,"UKENNE_YW_TP000107",4.212071917,4.98745834525634,4.06503218025548,5.91217076818855
"3131",26,"UKENNE_YW_TP000107",NA,4.82485061912536,3.91545497649245,5.73823139397167
"3132",27,"UKENNE_YW_TP000107",3.293783519,5.02320201365366,4.10367453323106,5.94509252847508
"3133",28,"UKENNE_YW_TP000107",NA,4.99921007141005,4.08970441598928,5.90884523683371
"3134",29,"UKENNE_YW_TP000107",3.104608162,4.92096183251771,4.00293693416087,5.83888571459272
"3135",30,"UKENNE_YW_TP000107",NA,4.93339177813101,4.02014883597221,5.84338579235625
"3136",31,"UKENNE_YW_TP000107",NA,4.79504895733904,3.83296785851663,5.75700655182075
"3137",32,"UKENNE_YW_TP000107",5.006478428,5.0404087315524,4.13937184204523,5.9403546395572
"3138",33,"UKENNE_YW_TP000107",3.654196641,4.52223887284359,3.60759162462058,5.42960671873656
"3139",34,"UKENNE_YW_TP000107",NA,4.608407985917,3.69621896116493,5.51937504532179
"3140",35,"UKENNE_YW_TP000107",4.710047959,4.67542018316547,3.75101326816885,5.60026258156393
"3141",36,"UKENNE_YW_TP000107",NA,4.66344832986431,3.74910221442438,5.5716865271187
"3142",37,"UKENNE_YW_TP000107",3.108071611,4.87463396868539,3.94929858649481,5.79507134882136
"3143",38,"UKENNE_YW_TP000107",NA,4.99495629761178,4.0831068329056,5.90450389119867
"3144",39,"UKENNE_YW_TP000107",5.363305665,5.24185776125548,4.32119754138966,6.16259711657167
"3145",40,"UKENNE_YW_TP000107",NA,5.17855952555903,4.26764301675361,6.08713166371091
"3146",41,"UKENNE_YW_TP000107",5.727606947,5.18101284182754,4.26139998568774,6.1006175434866
"3147",42,"UKENNE_YW_TP000107",NA,5.2527902944796,4.34083506556782,6.16174563480731
"3148",43,"UKENNE_YW_TP000107",5.294263682,5.38940462891376,4.47339795939936,6.30667933145043
"3149",44,"UKENNE_YW_TP000107",NA,5.15019067704929,4.23519282662239,6.05919623955426
"3150",45,"UKENNE_YW_TP000107",NA,5.14791977750018,4.19689017870619,6.0964854031446
"3241",1,"UKENNE_YW_TP000141",NA,4.45223139033449,3.52654895894058,5.37958181497525
"3242",2,"UKENNE_YW_TP000141",4.888523228,4.45859658678129,3.57823956587314,5.33780082600249
"3243",3,"UKENNE_YW_TP000141",NA,4.70225677293127,3.79237031833806,5.6127105876807
"3244",4,"UKENNE_YW_TP000141",4.922790146,4.67265047176085,3.79468913882078,5.55068536114468
"3245",5,"UKENNE_YW_TP000141",NA,4.94163315989749,4.02677466904629,5.85821276822311
"3246",6,"UKENNE_YW_TP000141",4.994291379,5.00703649479362,4.12821614734428,5.89197307303106
"3247",7,"UKENNE_YW_TP000141",NA,4.93992065819734,4.02110304561803,5.85969820221849
"3248",8,"UKENNE_YW_TP000141",2.99990461,4.8703801738386,3.98783255674821,5.74792628601525
"3249",9,"UKENNE_YW_TP000141",NA,5.30113234218034,4.38507329545147,6.21949454254591
"3250",10,"UKENNE_YW_TP000141",5.145913222,5.27828077971148,4.40053593343689,6.15518265022555
"3251",11,"UKENNE_YW_TP000141",NA,5.4267440347982,4.51184694108472,6.34282997910617
"3252",12,"UKENNE_YW_TP000141",4.931312388,5.5289762295098,4.64939162060687,6.41730846173362
"3253",13,"UKENNE_YW_TP000141",NA,5.30974497312823,4.39090499213026,6.2296694985472
"3254",14,"UKENNE_YW_TP000141",6.085007043,5.42714418077694,4.55008868151009,6.30428073200319
"3255",15,"UKENNE_YW_TP000141",NA,5.45828804038457,4.54264857680032,6.37651080732573
"3256",16,"UKENNE_YW_TP000141",5.066793381,5.4027612422392,4.52506902777754,6.27996159225624
"3257",17,"UKENNE_YW_TP000141",NA,5.37517445881475,4.46484697175469,6.28804192276881
"3258",18,"UKENNE_YW_TP000141",5.453805406,4.91043538401149,4.02530317094498,5.79124693003225
"3259",19,"UKENNE_YW_TP000141",NA,5.11123792375509,4.19883363620774,6.02595903970161
"3260",20,"UKENNE_YW_TP000141",5.062914722,5.27633358470278,4.39869979218739,6.15910730976529
"3261",21,"UKENNE_YW_TP000141",NA,5.09315729755802,4.17221929395363,6.0167833914125
"3262",22,"UKENNE_YW_TP000141",4.039137099,5.19017063336285,4.31474917377059,6.06499790072478
"3263",23,"UKENNE_YW_TP000141",NA,5.37127469760163,4.46383454290843,6.28040961113658
"3264",24,"UKENNE_YW_TP000141",4.495052103,5.29092175563825,4.41238323538751,6.16942916318415
"3265",25,"UKENNE_YW_TP000141",NA,5.18196018121832,4.26652890815027,6.09663286523169
"3266",26,"UKENNE_YW_TP000141",3.07906741,5.19255220759886,4.31520283008704,6.07210044081791
"3267",27,"UKENNE_YW_TP000141",NA,5.31043075018047,4.39006835159697,6.23155617859586
"3268",28,"UKENNE_YW_TP000141",5.536364506,5.26309086635067,4.38783583919649,6.13833634360142
"3269",29,"UKENNE_YW_TP000141",NA,5.22715189077835,4.31721987876672,6.13765338096082
"3270",30,"UKENNE_YW_TP000141",5.346463093,5.44452539938895,4.56607978776383,6.32792816053248
"3271",31,"UKENNE_YW_TP000141",NA,5.11187251878394,4.16485237676169,6.0594209810987
"3272",32,"UKENNE_YW_TP000141",4.007838024,5.3338875132637,4.45662832499172,6.20999792640142
"3273",33,"UKENNE_YW_TP000141",NA,5.02894233528439,4.14524091221057,5.91197488200721
"3274",34,"UKENNE_YW_TP000141",5.143068137,4.89504430647213,4.00025332661446,5.79110228876792
"3275",35,"UKENNE_YW_TP000141",NA,4.94761576118182,4.02345714118648,5.87125109329798
"3276",36,"UKENNE_YW_TP000141",2.999253691,5.04587812119448,4.17199207324475,5.92271326750067
"3277",37,"UKENNE_YW_TP000141",NA,5.29468709954311,4.37328691289194,6.21660308495197
"3278",38,"UKENNE_YW_TP000141",3.975954624,5.34392590688805,4.46942370108229,6.21913294411198
"3279",39,"UKENNE_YW_TP000141",NA,5.56030262942665,4.64057960149688,6.48164895849003
"3280",40,"UKENNE_YW_TP000141",5.799763149,5.42755250611151,4.55011859706287,6.30299980855693
"3281",41,"UKENNE_YW_TP000141",NA,5.55111614746453,4.63985399807184,6.46356364915367
"3282",42,"UKENNE_YW_TP000141",4.753918619,5.57983899759141,4.70227191409158,6.45806468145529
"3283",43,"UKENNE_YW_TP000141",NA,5.68004128294144,4.77172614661695,6.58826479120331
"3284",44,"UKENNE_YW_TP000141",5.426168785,5.44249668817548,4.56289678877197,6.32057287014159
"3285",45,"UKENNE_YW_TP000141",NA,5.500410716702,4.56435294611996,6.43510369426074
"5806",1,"UKENTH_TWU_TP000013",NA,4.31615873603327,3.48108049913546,5.1502844361522
"5807",2,"UKENTH_TWU_TP000013",4.114532034,4.17090022273834,3.38041801313306,4.95926143982334
"5808",3,"UKENTH_TWU_TP000013",NA,4.55790577090336,3.74150219670102,5.37316652681845
"5809",4,"UKENTH_TWU_TP000013",4.106888982,4.63977532093373,3.84738848543005,5.43344429730676
"5810",5,"UKENTH_TWU_TP000013",NA,4.6201484420917,3.77916853762939,5.46218522235076
"5811",6,"UKENTH_TWU_TP000013",4.883894227,4.926074743312,4.13441716423137,5.71403810189686
"5812",7,"UKENTH_TWU_TP000013",NA,4.84141505629022,3.99992818574517,5.68290141042889
"5813",8,"UKENTH_TWU_TP000013",4.882352086,4.77245903367827,3.9827781367838,5.56045382385117
"5814",9,"UKENTH_TWU_TP000013",NA,5.1181667532487,4.28539170646792,5.94968523713491
"5815",10,"UKENTH_TWU_TP000013",5.567715746,5.26939945774408,4.47806427081699,6.05846094859365
"5816",11,"UKENTH_TWU_TP000013",NA,5.27370245004664,4.44073741987314,6.1073565293056
"5817",12,"UKENTH_TWU_TP000013",5.268859498,5.18326150543832,4.3888800862276,5.97280154752154
"5818",13,"UKENTH_TWU_TP000013",NA,5.23881163354048,4.39923579005089,6.078148201487
"5819",14,"UKENTH_TWU_TP000013",5.69956858,5.28681523017203,4.49938706361695,6.07591967460993
"5820",15,"UKENTH_TWU_TP000013",NA,5.26335690052946,4.42376982448992,6.10370059941496
"5821",16,"UKENTH_TWU_TP000013",5.934674752,5.27059739338666,4.48141949280472,6.05892796487325
"5822",17,"UKENTH_TWU_TP000013",NA,5.16903684826475,4.33038894036853,6.00976590476885
"5823",18,"UKENTH_TWU_TP000013",5.659771593,4.98598257037566,4.19641537442157,5.77922745622833
"5824",19,"UKENTH_TWU_TP000013",NA,5.00411651115242,4.16259929433827,5.84377328328059
"5825",20,"UKENTH_TWU_TP000013",5.272365903,5.08155655694257,4.2888880746292,5.87328757395461
"5826",21,"UKENTH_TWU_TP000013",NA,5.01864206111767,4.18398602029908,5.85318293339218
"5827",22,"UKENTH_TWU_TP000013",4.992916636,5.00020921556958,4.20705222154644,5.79282172072576
"5828",23,"UKENTH_TWU_TP000013",NA,5.18796963894451,4.36982365753486,6.00612724658797
"5829",24,"UKENTH_TWU_TP000013",5.077525983,5.12036109573095,4.32801782830647,5.91020677411431
"5830",25,"UKENTH_TWU_TP000013",NA,5.14530993104913,4.30578531802911,5.98522957972594
"5831",26,"UKENTH_TWU_TP000013",5.692449561,5.0808826199385,4.2913683574999,5.87056443620507
"5832",27,"UKENTH_TWU_TP000013",NA,5.14974038188435,4.30883604345074,5.98811717590962
"5833",28,"UKENTH_TWU_TP000013",5.300740321,5.12081813097676,4.33186610072809,5.90980759695949
"5834",29,"UKENTH_TWU_TP000013",NA,5.09508415509534,4.25644354862098,5.93344606259987
"5835",30,"UKENTH_TWU_TP000013",5.087875446,5.03698155896519,4.24741076088201,5.82565528284853
"5836",31,"UKENTH_TWU_TP000013",NA,4.90827429383104,3.98590115259758,5.82697695089227
"5837",32,"UKENTH_TWU_TP000013",NA,4.94656366549578,4.15126904954169,5.74327576625173
"5838",33,"UKENTH_TWU_TP000013",5.150162887,4.91943757596403,4.11604698096773,5.72445184686876
"5839",34,"UKENTH_TWU_TP000013",5.430036509,4.68164594864521,3.89073944268599,5.47081426880304
"5840",35,"UKENTH_TWU_TP000013",NA,4.81589911193001,3.97881318104021,5.65265263223523
"5841",36,"UKENTH_TWU_TP000013",4.910255568,4.8478416835497,4.05899277663012,5.63828966636957
"5842",37,"UKENTH_TWU_TP000013",NA,5.14185125623515,4.30147912225828,5.9829272108031
"5843",38,"UKENTH_TWU_TP000013",3.827658878,5.22349960244331,4.43490446529984,6.01203854028679
"5844",39,"UKENTH_TWU_TP000013",NA,5.48988988830749,4.65530697129355,6.3254339860918
"5845",40,"UKENTH_TWU_TP000013",5.337143545,5.27494853661878,4.4828290021019,6.06823668401733
"5846",41,"UKENTH_TWU_TP000013",NA,5.47655763168338,4.63714502484445,6.31798423744167
"5847",42,"UKENTH_TWU_TP000013",6.026846834,5.43368186113969,4.64403561894796,6.22432735935581
"5848",43,"UKENTH_TWU_TP000013",NA,5.49954235677809,4.67308134383831,6.32652412639835
"5849",44,"UKENTH_TWU_TP000013",5.939952261,5.19408399651491,4.40095031805858,5.98655877209449
"5850",45,"UKENTH_TWU_TP000013",NA,5.5074353028052,4.68102172664825,6.33346832445623
"6481",1,"UKENTH_TWU_TP000116",NA,4.40997739335705,3.57097260066495,5.24820508952778
"6482",2,"UKENTH_TWU_TP000116",NA,4.28991285898942,3.49498460206475,5.08439660990078
"6483",3,"UKENTH_TWU_TP000116",NA,4.65599928582097,3.83934932960428,5.47178209804781
"6484",4,"UKENTH_TWU_TP000116",5.508242628,4.70800417255693,3.90881809354436,5.50718210328614
"6485",5,"UKENTH_TWU_TP000116",NA,4.70860849227887,3.86768563663497,5.5502443635323
"6486",6,"UKENTH_TWU_TP000116",5.019210621,5.01976788332192,4.22293859554483,5.81361466446707
"6487",7,"UKENTH_TWU_TP000116",NA,4.95487721440612,4.11414106231757,5.79632618055714
"6488",8,"UKENTH_TWU_TP000116",5.004803385,4.85509941324328,4.05896721180511,5.64891189126223
"6489",9,"UKENTH_TWU_TP000116",NA,5.19407349328819,4.35913432852327,6.02799191745351
"6490",10,"UKENTH_TWU_TP000116",6.35563578,5.37962060034486,4.58282085624909,6.17466569511389
"6491",11,"UKENTH_TWU_TP000116",NA,5.38788927006797,4.55304435130492,6.22365265682328
"6492",12,"UKENTH_TWU_TP000116",5.539023967,5.2848558076331,4.48633168191912,6.0796854373937
"6493",13,"UKENTH_TWU_TP000116",NA,5.33822585300486,4.49624172739662,6.18030093141652
"6494",14,"UKENTH_TWU_TP000116",5.959989231,5.3733027106451,4.58035511676843,6.16829082404823
"6495",15,"UKENTH_TWU_TP000116",NA,5.34932404744488,4.50848481584232,6.1913459424435
"6496",16,"UKENTH_TWU_TP000116",5.469105036,5.3848401976497,4.58977606182771,6.17834329147627
"6497",17,"UKENTH_TWU_TP000116",NA,5.26326423216681,4.42395783299532,6.10451143945247
"6498",18,"UKENTH_TWU_TP000116",5.813502078,5.09208106695526,4.29671197986389,5.8911557485577
"6499",19,"UKENTH_TWU_TP000116",NA,5.08906724706376,4.24668732177943,5.93033870680927
"6500",20,"UKENTH_TWU_TP000116",5.159730944,5.14585972965155,4.35020431881361,5.94102710189486
"6501",21,"UKENTH_TWU_TP000116",NA,5.130461710648,4.29533929739708,5.96572316824599
"6502",22,"UKENTH_TWU_TP000116",4.988890637,5.10452849723434,4.30875775580862,5.90130826055506
"6503",23,"UKENTH_TWU_TP000116",NA,5.28631485780373,4.4626443413269,6.11039302675348
"6504",24,"UKENTH_TWU_TP000116",NA,5.27176231799798,4.47607962657355,6.06733303240261
"6505",25,"UKENTH_TWU_TP000116",5.616449301,5.24527846163636,4.40443020510394,6.08678071542807
"6506",26,"UKENTH_TWU_TP000116",5.725400772,5.17967108072857,4.38633039182635,5.97399361505594
"6507",27,"UKENTH_TWU_TP000116",NA,5.22856145734523,4.38892339755159,6.06684043549045
"6508",28,"UKENTH_TWU_TP000116",6.003776416,5.21709282826695,4.42307791825617,6.01175034123933
"6509",29,"UKENTH_TWU_TP000116",NA,5.18060061803596,4.34193226794102,6.01916888228896
"6510",30,"UKENTH_TWU_TP000116",4.333470483,5.12000737636662,4.32623512083922,5.91413118889285
"6511",31,"UKENTH_TWU_TP000116",NA,5.01295120419554,4.09936598633733,5.92371056964433
"6512",32,"UKENTH_TWU_TP000116",NA,5.03179060710113,4.23422715064868,5.82900411824317
"6513",33,"UKENTH_TWU_TP000116",5.884998517,5.01608260416046,4.20373398503074,5.83003996458046
"6514",34,"UKENTH_TWU_TP000116",5.727596419,4.80394182257706,4.0091856558196,5.59914462673492
"6515",35,"UKENTH_TWU_TP000116",NA,4.89288964032522,4.05549553227944,5.73020136787865
"6516",36,"UKENTH_TWU_TP000116",6.360407816,4.91099763069557,4.11664176381501,5.7070277394272
"6517",37,"UKENTH_TWU_TP000116",NA,5.25590846483613,4.41408065526879,6.0985694330941
"6518",38,"UKENTH_TWU_TP000116",4.453393755,5.30951104045071,4.51572924408745,6.10304210834755
"6519",39,"UKENTH_TWU_TP000116",NA,5.57701749265453,4.74274825188401,6.41250689796993
"6520",40,"UKENTH_TWU_TP000116",4.271747838,5.4006483219414,4.60492759721605,6.19739961879535
"6521",41,"UKENTH_TWU_TP000116",NA,5.57159906146039,4.7308184219475,6.41413176088395
"6522",42,"UKENTH_TWU_TP000116",6.259981309,5.4872938036572,4.69349015086385,6.28191501944871
"6523",43,"UKENTH_TWU_TP000116",6.250085461,5.58832465950145,4.75962215735226,6.41770029833132
"6524",44,"UKENTH_TWU_TP000116",NA,5.29759556560495,4.50128281411688,6.09449088107472
"6525",45,"UKENTH_TWU_TP000116",NA,5.56713314933429,4.73041606406721,6.4031377209393
"6526",1,"UKENTH_TWU_TP000122",NA,4.1346931325357,3.30020331544091,4.96856819715315
"6527",2,"UKENTH_TWU_TP000122",3.758866213,4.0052118739672,3.22028844251914,4.78895829702523
"6528",3,"UKENTH_TWU_TP000122",NA,4.35859567863808,3.54538369345924,5.17051038317066
"6529",4,"UKENTH_TWU_TP000122",4.156985863,4.46102632697288,3.67278153132716,5.25033516692984
"6530",5,"UKENTH_TWU_TP000122",NA,4.43729700210729,3.59845310845237,5.27716299238385
"6531",6,"UKENTH_TWU_TP000122",2.929892182,4.76938607922721,3.98209700830782,5.55384658649191
"6532",7,"UKENTH_TWU_TP000122",NA,4.70086687906759,3.862250413818,5.54071429409055
"6533",8,"UKENTH_TWU_TP000122",4.785241565,4.60853267963727,3.82347753094704,5.39238556039858
"6534",9,"UKENTH_TWU_TP000122",NA,4.92770317061372,4.09650206245293,5.75785958656454
"6535",10,"UKENTH_TWU_TP000122",5.557723523,5.11149632324203,4.32617113078524,5.89617153407647
"6536",11,"UKENTH_TWU_TP000122",NA,5.11295607902593,4.28021379495875,5.94648185173686
"6537",12,"UKENTH_TWU_TP000122",5.783646442,4.95424490572066,4.15834606218828,5.74379651619222
"6538",13,"UKENTH_TWU_TP000122",NA,5.06830435160029,4.2299091825848,5.90667856554843
"6539",14,"UKENTH_TWU_TP000122",5.239990137,5.15114135199401,4.36905845587964,5.93541674684147
"6540",15,"UKENTH_TWU_TP000122",NA,5.08666043677751,4.24386981907186,5.93065491207057
"6541",16,"UKENTH_TWU_TP000122",5.972693106,5.11939968397117,4.33649325407267,5.90244718887311
"6542",17,"UKENTH_TWU_TP000122",NA,5.00218317818922,4.16251266391446,5.84457081036647
"6543",18,"UKENTH_TWU_TP000122",3.804103256,4.80125446174953,4.01784006940905,5.58843374297799
"6544",19,"UKENTH_TWU_TP000122",NA,4.83838588964031,3.99519636250597,5.68054512529944
"6545",20,"UKENTH_TWU_TP000122",5.795769127,4.87686907140591,4.09088016244903,5.66247218408901
"6546",21,"UKENTH_TWU_TP000122",NA,4.86560026623996,4.03278359974128,5.69954803967619
"6547",22,"UKENTH_TWU_TP000122",3.979956442,4.78649392089325,3.9989976649201,5.5730968671354
"6548",23,"UKENTH_TWU_TP000122",NA,5.00819873263625,4.1888232467341,5.82791577496645
"6549",24,"UKENTH_TWU_TP000122",5.215220879,4.9957860852333,4.21207031874287,5.78017070795616
"6550",25,"UKENTH_TWU_TP000122",NA,4.98215321731002,4.1420393191107,5.82339005766989
"6551",26,"UKENTH_TWU_TP000122",2.660969155,4.93412693954382,4.15225094856259,5.71808605110868
"6552",27,"UKENTH_TWU_TP000122",NA,4.97934234018615,4.14042602626623,5.81667098093608
"6553",28,"UKENTH_TWU_TP000122",4.434237722,4.98724905468336,4.20463581468374,5.77162215398906
"6554",29,"UKENTH_TWU_TP000122",NA,4.92990042151476,4.09127359144329,5.76927064592323
"6555",30,"UKENTH_TWU_TP000122",4.291241056,4.89604090390668,4.1140216328763,5.68019680812809
"6556",31,"UKENTH_TWU_TP000122",NA,4.75517878376621,3.84765452958944,5.65970075886527
"6557",32,"UKENTH_TWU_TP000122",NA,4.74167734316289,3.95028233571609,5.5329170180723
"6558",33,"UKENTH_TWU_TP000122",4.564232595,4.76663274750623,3.96725911848754,5.56835586867306
"6559",34,"UKENTH_TWU_TP000122",4.154166118,4.54149804756658,3.75771740402746,5.32662652255259
"6560",35,"UKENTH_TWU_TP000122",NA,4.63553852186419,3.80027348404512,5.47085531820608
"6561",36,"UKENTH_TWU_TP000122",4.460528468,4.70892444235384,3.92605227988063,5.49490264856026
"6562",37,"UKENTH_TWU_TP000122",NA,4.98233690150136,4.14045511506561,5.82539250016221
"6563",38,"UKENTH_TWU_TP000122",5.263926107,5.0783568477446,4.29617516290991,5.86195140249537
"6564",39,"UKENTH_TWU_TP000122",NA,5.31751135752196,4.48455685346784,6.15185468014146
"6565",40,"UKENTH_TWU_TP000122",5.18281967,5.13879877127766,4.35175675203387,5.92857226973646
"6566",41,"UKENTH_TWU_TP000122",NA,5.30410755097673,4.46305738305885,6.14759349775073
"6567",42,"UKENTH_TWU_TP000122",5.056034843,5.2679504286042,4.48497940427413,6.05235152246208
"6568",43,"UKENTH_TWU_TP000122",NA,5.35925435179887,4.53450656678242,6.18584118659098
"6569",44,"UKENTH_TWU_TP000122",5.611459785,5.02607577533729,4.23906562873096,5.81323745209642
"6570",45,"UKENTH_TWU_TP000122",5.121418245,5.34385081728593,4.52214560881035,6.16584704716777
"1306",1,"UKENMI_ST_TP000074",NA,4.20369743918436,3.37307876481947,5.03722274957916
"1307",2,"UKENMI_ST_TP000074",4.511804133,4.26349262161381,3.47851517219147,5.04958868845979
"1308",3,"UKENMI_ST_TP000074",NA,4.51724091509032,3.71054941881974,5.32705791432541
"1309",4,"UKENMI_ST_TP000074",4.364833791,4.61577735026383,3.82726421341404,5.40775149060695
"1310",5,"UKENMI_ST_TP000074",NA,4.6129681934509,3.79097679116265,5.43657474897662
"1311",6,"UKENMI_ST_TP000074",4.702038124,4.73567096419322,3.94462528150158,5.522410305347
"1312",7,"UKENMI_ST_TP000074",NA,4.79311476695114,3.9629837548181,5.62381433840846
"1313",8,"UKENMI_ST_TP000074",4.468293307,4.79542036835036,4.01163312872374,5.57902350699497
"1314",9,"UKENMI_ST_TP000074",NA,4.9058061102025,4.07931943670974,5.73375656897595
"1315",10,"UKENMI_ST_TP000074",5.07954174,5.11317849063625,4.3266884727608,5.89735129322094
"1316",11,"UKENMI_ST_TP000074",NA,5.27623031285072,4.44808599560106,6.10408252510932
"1317",12,"UKENMI_ST_TP000074",5.344319682,5.01309970093275,4.22876576544391,5.79815406017936
"1318",13,"UKENMI_ST_TP000074",NA,5.2363159887856,4.40920883748107,6.06534659501042
"1319",14,"UKENMI_ST_TP000074",4.381582998,5.27392144133074,4.49093106975742,6.05830961389038
"1320",15,"UKENMI_ST_TP000074",NA,5.10235045979986,4.27511478642138,5.93148423706687
"1321",16,"UKENMI_ST_TP000074",4.985030507,5.15698500786211,4.37032368410528,5.94136196394199
"1322",17,"UKENMI_ST_TP000074",NA,5.10443338697609,4.28217967698146,5.92871409189289
"1323",18,"UKENMI_ST_TP000074",4.798450354,5.01166353053731,4.22812752949526,5.79841892581054
"1324",19,"UKENMI_ST_TP000074",NA,4.86785937009323,4.04510170547752,5.69250603151001
"1325",20,"UKENMI_ST_TP000074",5.079563031,4.77227414717231,3.98738955630287,5.55940465558183
"1326",21,"UKENMI_ST_TP000074",NA,4.88282147131316,4.05673764658091,5.70955761908097
"1327",22,"UKENMI_ST_TP000074",4.725797491,4.75342428995401,3.96974527899624,5.53778368883316
"1328",23,"UKENMI_ST_TP000074",5.093282976,5.05613315053751,4.23389412728597,5.88085084986279
"1329",24,"UKENMI_ST_TP000074",NA,4.97705204483503,4.19315274119192,5.76065459729876
"1330",25,"UKENMI_ST_TP000074",NA,5.05576447721965,4.22685624433166,5.88527780973188
"1331",26,"UKENMI_ST_TP000074",5.230676438,4.92426656302543,4.14116899936748,5.70927517752598
"1332",27,"UKENMI_ST_TP000074",NA,4.96996058355636,4.1444134581227,5.79781980069637
"1333",28,"UKENMI_ST_TP000074",5.284542232,5.11027199365623,4.32725923755684,5.89619541090153
"1334",29,"UKENMI_ST_TP000074",NA,4.99738724358084,4.17573647655957,5.82093018137881
"1335",30,"UKENMI_ST_TP000074",5.304290873,5.03553762716357,4.25297026876622,5.8210776593622
"1336",31,"UKENMI_ST_TP000074",NA,4.91650573005352,4.05103133051698,5.78054642717991
"1337",32,"UKENMI_ST_TP000074",5.397854729,5.07157556363787,4.28178741650028,5.86155186623696
"1338",33,"UKENMI_ST_TP000074",NA,4.94516621224291,4.1450435542779,5.74805568974094
"1339",34,"UKENMI_ST_TP000074",5.369821558,4.56821239614652,3.78354193322983,5.35659964984633
"1340",35,"UKENMI_ST_TP000074",NA,4.68282355289274,3.85439021546312,5.5122214360208
"1341",36,"UKENMI_ST_TP000074",4.050864484,4.59915006182699,3.81351756279652,5.38233985354343
"1342",37,"UKENMI_ST_TP000074",NA,5.0905524884153,4.26350668248952,5.91717492045167
"1343",38,"UKENMI_ST_TP000074",5.133835089,5.14563944615657,4.36107830627467,5.92886221637442
"1344",39,"UKENMI_ST_TP000074",NA,5.43417102726965,4.60845159980032,6.25938273069747
"1345",40,"UKENMI_ST_TP000074",4.907100273,5.33816464456172,4.55267696135318,6.12234873735361
"1346",41,"UKENMI_ST_TP000074",NA,5.40408424474813,4.57786249213472,6.23135494192128
"1347",42,"UKENMI_ST_TP000074",5.170826623,5.33444131879342,4.55155242277807,6.11756034266869
"1348",43,"UKENMI_ST_TP000074",NA,5.39539268076981,4.57067971030132,6.2186727193072
"1349",44,"UKENMI_ST_TP000074",5.212602332,5.16950110319626,4.38410495802716,5.95389677870343
"1350",45,"UKENMI_ST_TP000074",NA,5.35202274485387,4.50730856450693,6.19413150874707
"1486",1,"UKENMI_ST_TP000137",NA,4.26309195030142,3.42261181159128,5.1063383112243
"1487",2,"UKENMI_ST_TP000137",5.106031025,4.27202877254762,3.48053004952709,5.06371825125491
"1488",3,"UKENMI_ST_TP000137",NA,4.59647778164928,3.78451960696003,5.4124089902565
"1489",4,"UKENMI_ST_TP000137",4.348827722,4.6501306148944,3.85181610523573,5.45080562614699
"1490",5,"UKENMI_ST_TP000137",NA,4.65299488151683,3.81996524911435,5.48776287722457
"1491",6,"UKENMI_ST_TP000137",6.465506456,4.80850115948746,4.01020575720649,5.60190543941275
"1492",7,"UKENMI_ST_TP000137",NA,4.85788171291038,4.02099809029789,5.69549912455604
"1493",8,"UKENMI_ST_TP000137",5.975207498,4.8534567992929,4.06186993869926,5.64489432320142
"1494",9,"UKENMI_ST_TP000137",NA,4.96357216779117,4.12627419935593,5.80230794264673
"1495",10,"UKENMI_ST_TP000137",6.036730052,5.2181913542675,4.42836615637999,6.00782697076354
"1496",11,"UKENMI_ST_TP000137",NA,5.32689471139125,4.48968748117427,6.16344784871093
"1497",12,"UKENMI_ST_TP000137",5.936700929,5.09659521473831,4.30693900140739,5.88793397522879
"1498",13,"UKENMI_ST_TP000137",NA,5.29374753169863,4.45632260360105,6.13331544246431
"1499",14,"UKENMI_ST_TP000137",5.597865602,5.33942723410381,4.54940896244373,6.12916506344097
"1500",15,"UKENMI_ST_TP000137",NA,5.16118950653116,4.32413390576466,5.99976796804248
"1501",16,"UKENMI_ST_TP000137",6.125528717,5.29270013414082,4.50344072129819,6.08258259668921
"1502",17,"UKENMI_ST_TP000137",NA,5.15959590213763,4.32665427357349,5.99480872699448
"1503",18,"UKENMI_ST_TP000137",6.086365586,5.0685910208426,4.27951115101097,5.86096127744275
"1504",19,"UKENMI_ST_TP000137",NA,4.93757633337191,4.1032070830364,5.77358426350754
"1505",20,"UKENMI_ST_TP000137",4.275877592,4.86099885067882,4.06872004404306,5.6581997293546
"1506",21,"UKENMI_ST_TP000137",NA,4.95183442902766,4.11650371954489,5.78785601362085
"1507",22,"UKENMI_ST_TP000137",5.541081523,4.81003738540061,4.01803999866879,5.60297804679994
"1508",23,"UKENMI_ST_TP000137",NA,5.11302713135811,4.28065325734433,5.94716118420784
"1509",24,"UKENMI_ST_TP000137",7.193350277,5.03201629160378,4.2418525109249,5.82099574938931
"1510",25,"UKENMI_ST_TP000137",NA,5.1156260225716,4.27718517346214,5.95498251584583
"1511",26,"UKENMI_ST_TP000137",4.46188863,5.01043030507706,4.2215535903905,5.80177217633879
"1512",27,"UKENMI_ST_TP000137",NA,5.0435714454181,4.20782216018377,5.88126939602808
"1513",28,"UKENMI_ST_TP000137",5.96775422,5.15618682497165,4.36608450446982,5.94801256937941
"1514",29,"UKENMI_ST_TP000137",NA,5.05489671032458,4.22448037333667,5.88723507040486
"1515",30,"UKENMI_ST_TP000137",5.773731184,5.04796589301469,4.25911403852301,5.8380393851042
"1516",31,"UKENMI_ST_TP000137",NA,4.95609230711728,4.07938007958918,5.83120675841836
"1517",32,"UKENMI_ST_TP000137",5.664167542,5.06028280735572,4.26842127481204,5.85417281479873
"1518",33,"UKENMI_ST_TP000137",NA,4.97014201444649,4.15720815017419,5.78507555490213
"1519",34,"UKENMI_ST_TP000137",4.02685225,4.58095785937549,3.79001942740167,5.37324593427628
"1520",35,"UKENMI_ST_TP000137",NA,4.73639315087809,3.898486188055,5.57517558093883
"1521",36,"UKENMI_ST_TP000137",5.541030384,4.61548439451704,3.82118787815942,5.40611672198967
"1522",37,"UKENMI_ST_TP000137",NA,5.13738847012438,4.29935195485902,5.97511608898808
"1523",38,"UKENMI_ST_TP000137",3.540661321,5.16132105566365,4.36751880118494,5.95174438614243
"1524",39,"UKENMI_ST_TP000137",NA,5.47515464301122,4.63930537874809,6.3112671809306
"1525",40,"UKENMI_ST_TP000137",5.11597311,5.37174162422466,4.58189350809558,6.1609065861964
"1526",41,"UKENMI_ST_TP000137",NA,5.45612231117213,4.61857848566605,6.29485818627967
"1527",42,"UKENMI_ST_TP000137",5.319851066,5.37248342567629,4.58377402029917,6.16230762205178
"1528",43,"UKENMI_ST_TP000137",NA,5.44393340369787,4.60581722362207,6.28015496762372
"1529",44,"UKENMI_ST_TP000137",5.571647412,5.21382176763334,4.42297648271991,6.00470119881903
"1530",45,"UKENMI_ST_TP000137",NA,5.41041414355892,4.55983082976498,6.25871685901865
"1531",1,"UKENMI_ST_TP000143",NA,4.44933672825621,3.59286761281354,5.30690568511483
"1532",2,"UKENMI_ST_TP000143",NA,4.51536636403552,3.70537685779571,5.32583850307963
"1533",3,"UKENMI_ST_TP000143",4.806718357,4.72119029515329,3.8861276950651,5.5565506108008
"1534",4,"UKENMI_ST_TP000143",NA,4.78533107867793,3.9697193275936,5.60020712626342
"1535",5,"UKENMI_ST_TP000143",5.786178574,4.85323179557235,4.00371342429588,5.7029839276063
"1536",6,"UKENMI_ST_TP000143",NA,4.95653794174879,4.1422307651944,5.76741583421131
"1537",7,"UKENMI_ST_TP000143",5.036503439,4.99606255930557,4.13831984731658,5.85325297863499
"1538",8,"UKENMI_ST_TP000143",NA,4.98674823512764,4.17058747482836,5.79779718976156
"1539",9,"UKENMI_ST_TP000143",6.083054162,5.13388457963072,4.28263100739318,5.98563404988024
"1540",10,"UKENMI_ST_TP000143",NA,5.32187010810209,4.50949642807484,6.13298496987866
"1541",11,"UKENMI_ST_TP000143",5.750895178,5.50671278347221,4.65583713759681,6.35713137697703
"1542",12,"UKENMI_ST_TP000143",NA,5.28697430962246,4.47649469019149,6.09889291137423
"1543",13,"UKENMI_ST_TP000143",4.85216068,5.4415708559937,4.59015179230364,6.29367122429359
"1544",14,"UKENMI_ST_TP000143",NA,5.5391045446815,4.72957895462469,6.34875897866549
"1545",15,"UKENMI_ST_TP000143",6.358289703,5.3271270912202,4.47816502961834,6.17682696417881
"1546",16,"UKENMI_ST_TP000143",NA,5.39150017104651,4.5800463557096,6.20088804495598
"1547",17,"UKENMI_ST_TP000143",6.117393636,5.35221581621235,4.50451220071407,6.20057552477889
"1548",18,"UKENMI_ST_TP000143",NA,5.19697810988738,4.38637425135298,6.00688382530862
"1549",19,"UKENMI_ST_TP000143",5.544311172,5.08560807920976,4.23666000855133,5.93507660436835
"1550",20,"UKENMI_ST_TP000143",NA,5.10022507644561,4.28894152097402,5.91455892422936
"1551",21,"UKENMI_ST_TP000143",NA,5.14938653878029,4.29938784412072,5.99987932129143
"1552",22,"UKENMI_ST_TP000143",5.272685394,5.06773759009274,4.25996952606858,5.87699781001336
"1553",23,"UKENMI_ST_TP000143",5.473391231,5.26336543868277,4.41683586090443,6.11107888318883
"1554",24,"UKENMI_ST_TP000143",NA,5.21555807729651,4.40451043944421,6.02647349003971
"1555",25,"UKENMI_ST_TP000143",4.470565133,5.28816315377603,4.4329363806504,6.14265798994569
"1556",26,"UKENMI_ST_TP000143",NA,5.15949182077122,4.34923038143148,5.96983238258824
"1557",27,"UKENMI_ST_TP000143",NA,5.19771640587417,4.3471982462228,6.04882394297612
"1558",28,"UKENMI_ST_TP000143",4.473540623,5.35003740816675,4.53948883779049,6.16210240970262
"1559",29,"UKENMI_ST_TP000143",4.974099001,5.24316248513954,4.39469211484957,6.09166907349351
"1560",30,"UKENMI_ST_TP000143",NA,5.33826108577463,4.52643663927516,6.1525506919207
"1561",31,"UKENMI_ST_TP000143",NA,5.14812406895791,4.25626444594993,6.03811771064358
"1562",32,"UKENMI_ST_TP000143",5.522592567,5.26593655671391,4.45447622046709,6.07572142972104
"1563",33,"UKENMI_ST_TP000143",6.40378945,5.17439803631836,4.34713516455294,6.00221453576832
"1564",34,"UKENMI_ST_TP000143",NA,4.87345999506786,4.06196579233409,5.6869618334295
"1565",35,"UKENMI_ST_TP000143",NA,4.92504681962486,4.06977697927345,5.77965894629214
"1566",36,"UKENMI_ST_TP000143",5.188475583,4.79683165895501,3.9815968419098,5.60645180475077
"1567",37,"UKENMI_ST_TP000143",NA,5.31226829478665,4.46095251576298,6.16205152514217
"1568",38,"UKENMI_ST_TP000143",5.497787922,5.40316046418746,4.59385279022045,6.21085581704027
"1569",39,"UKENMI_ST_TP000143",NA,5.6800915049371,4.83114821728752,6.52793831639715
"1570",40,"UKENMI_ST_TP000143",5.78534556,5.60823251595296,4.79622533216394,6.41940449769121
"1571",41,"UKENMI_ST_TP000143",5.532669689,5.67564305492743,4.82333243815257,6.52844561092877
"1572",42,"UKENMI_ST_TP000143",NA,5.52040837833979,4.70987385359413,6.32797832091922
"1573",43,"UKENMI_ST_TP000143",6.028567894,5.63372871930255,4.78488780805519,6.48085137309087
"1574",44,"UKENMI_ST_TP000143",NA,5.44702092890875,4.63588802989457,6.25680604203726
"1575",45,"UKENMI_ST_TP000143",NA,5.56823529786287,4.69738623656486,6.43602783252505
"1621",1,"UKENMI_ST_TP000163",NA,4.20567443811319,3.36757436407425,5.04665323753202
"1622",2,"UKENMI_ST_TP000163",4.129505003,4.23887844392792,3.44589228086542,5.03362304189247
"1623",3,"UKENMI_ST_TP000163",NA,4.49867423564554,3.6843237747178,5.31647573092948
"1624",4,"UKENMI_ST_TP000163",4.407145152,4.53915565547785,3.74133797802415,5.33777991658771
"1625",5,"UKENMI_ST_TP000163",NA,4.58852075737546,3.75728473973311,5.42146368099344
"1626",6,"UKENMI_ST_TP000163",3.692491087,4.7115655104934,3.91228350873229,5.50622765894934
"1627",7,"UKENMI_ST_TP000163",NA,4.75942351275216,3.92275881529988,5.59668183064659
"1628",8,"UKENMI_ST_TP000163",4.879146766,4.7649007770142,3.96887406030518,5.55807610322987
"1629",9,"UKENMI_ST_TP000163",NA,4.89746112565229,4.06456711946506,5.73207601116954
"1630",10,"UKENMI_ST_TP000163",5.700346113,5.09999070834027,4.30702076803121,5.89220327672514
"1631",11,"UKENMI_ST_TP000163",NA,5.24623909728352,4.41182523862085,6.08055771722496
"1632",12,"UKENMI_ST_TP000163",5.239501563,5.02460563922107,4.23167464730048,5.82068435067924
"1633",13,"UKENMI_ST_TP000163",NA,5.19990595550511,4.36412676833032,6.03748547479515
"1634",14,"UKENMI_ST_TP000163",5.121295017,5.28687672557878,4.49255584741977,6.08084319313927
"1635",15,"UKENMI_ST_TP000163",NA,5.08709864618447,4.25302575119076,5.92318952411465
"1636",16,"UKENMI_ST_TP000163",4.900787562,5.19603740672274,4.40285732707444,5.98911149080421
"1637",17,"UKENMI_ST_TP000163",NA,5.09549727603561,4.26467422956832,5.92830817744015
"1638",18,"UKENMI_ST_TP000163",3.596342697,4.98057945719907,4.18868594582785,5.77528205163244
"1639",19,"UKENMI_ST_TP000163",NA,4.8533453915911,4.02141179556165,5.68690893576844
"1640",20,"UKENMI_ST_TP000163",3.506143822,4.84309822687037,4.04956212517944,5.64290390760222
"1641",21,"UKENMI_ST_TP000163",NA,4.89865292410383,4.06659538000336,5.73210393409551
"1642",22,"UKENMI_ST_TP000163",4.395796662,4.81101579024058,4.01819638200741,5.60641393282235
"1643",23,"UKENMI_ST_TP000163",NA,5.02600870514405,4.19622462438227,5.85783535517358
"1644",24,"UKENMI_ST_TP000163",4.029805609,4.96794041495056,4.17569973563124,5.7606174286818
"1645",25,"UKENMI_ST_TP000163",NA,5.04117515365944,4.20579444028786,5.87694218545189
"1646",26,"UKENMI_ST_TP000163",4.022717311,4.95094110180586,4.15931202679365,5.74537450862228
"1647",27,"UKENMI_ST_TP000163",NA,4.97055051332836,4.13830976602325,5.80432595252814
"1648",28,"UKENMI_ST_TP000163",4.63803201,5.09719077692492,4.30526300725465,5.89086737633699
"1649",29,"UKENMI_ST_TP000163",NA,4.99751641647842,4.16853769090211,5.82799362018268
"1650",30,"UKENMI_ST_TP000163",4.439774527,5.02421531562205,4.23237052667232,5.81767272115807
"1651",31,"UKENMI_ST_TP000163",NA,4.89330544698359,4.02441608475943,5.76098838196988
"1652",32,"UKENMI_ST_TP000163",NA,4.96276683794122,4.16871014790204,5.75702090801363
"1653",33,"UKENMI_ST_TP000163",4.452110028,4.89905408779954,4.08832394875738,5.71094491917864
"1654",34,"UKENMI_ST_TP000163",4.745416509,4.57442520129622,3.77996813286546,5.37231277307747
"1655",35,"UKENMI_ST_TP000163",NA,4.67393591246558,3.83948235606649,5.50890167358035
"1656",36,"UKENMI_ST_TP000163",5.037780134,4.54361694722318,3.74676028268071,5.33688784026257
"1657",37,"UKENMI_ST_TP000163",NA,5.0658784561366,4.23194239888078,5.89969046454155
"1658",38,"UKENMI_ST_TP000163",4.951428468,5.11740990836601,4.32339989982875,5.90893116623696
"1659",39,"UKENMI_ST_TP000163",NA,5.40956971884264,4.57595138908534,6.24286141441947
"1660",40,"UKENMI_ST_TP000163",4.990373642,5.32333168728834,4.53075679449178,6.11628748829213
"1661",41,"UKENMI_ST_TP000163",NA,5.40463565244372,4.57071337646526,6.23973557568126
"1662",42,"UKENMI_ST_TP000163",5.117076958,5.26848611864346,4.47638596511772,6.06032058816657
"1663",43,"UKENMI_ST_TP000163",NA,5.37761570542843,4.5452813697139,6.20822801104621
"1664",44,"UKENMI_ST_TP000163",4.633702354,5.1793512293475,4.38658892822757,5.97238324238817
"1665",45,"UKENMI_ST_TP000163",NA,5.32430708977188,4.47449705589408,6.17140032797298
"3151",1,"UKENNE_YW_TP000112",NA,4.41537464730867,3.58759605210152,5.24539753010577
"3152",2,"UKENNE_YW_TP000112",4.04181964,4.5071883445353,3.72764592280018,5.28803996864776
"3153",3,"UKENNE_YW_TP000112",NA,4.67418395465081,3.86888504581242,5.47978484479828
"3154",4,"UKENNE_YW_TP000112",4.232915857,4.79665147282401,4.01181147853698,5.58351148171853
"3155",5,"UKENNE_YW_TP000112",NA,4.84445457207204,4.02333071698103,5.66698983204829
"3156",6,"UKENNE_YW_TP000112",5.180507289,4.96230040356808,4.18199154184293,5.74313010337945
"3157",7,"UKENNE_YW_TP000112",NA,4.96529601070799,4.13515970862615,5.79588935406397
"3158",8,"UKENNE_YW_TP000112",3.635503016,4.93058826132397,4.14314896856896,5.71370248823961
"3159",9,"UKENNE_YW_TP000112",NA,5.0925068987778,4.27042738979087,5.91640186510129
"3160",10,"UKENNE_YW_TP000112",4.524014678,5.28945881339825,4.51120194481311,6.06959098297317
"3161",11,"UKENNE_YW_TP000112",NA,5.49332865941204,4.66989263775446,6.317850998777
"3162",12,"UKENNE_YW_TP000112",6.405036415,5.26374505943899,4.48358701307594,6.04583192712851
"3163",13,"UKENNE_YW_TP000112",NA,5.4088677705599,4.58319547288717,6.23571518221402
"3164",14,"UKENNE_YW_TP000112",5.01641415,5.49900096456248,4.72053493524337,6.27997188830406
"3165",15,"UKENNE_YW_TP000112",NA,5.29043381179468,4.46781506215234,6.11433953927414
"3166",16,"UKENNE_YW_TP000112",4.818638338,5.30504112973355,4.52354651206028,6.08513594431769
"3167",17,"UKENNE_YW_TP000112",NA,5.32833302814644,4.50886681940817,6.1492385286042
"3168",18,"UKENNE_YW_TP000112",4.007582486,5.15291257019814,4.37262342124738,5.93313583738893
"3169",19,"UKENNE_YW_TP000112",NA,5.04236053789243,4.2210155300503,5.86514574371382
"3170",20,"UKENNE_YW_TP000112",5.527291165,5.05640300691819,4.27649507991065,5.83836049245341
"3171",21,"UKENNE_YW_TP000112",NA,5.11256711661989,4.29067435740818,5.93610888791212
"3172",22,"UKENNE_YW_TP000112",4.808205949,5.00474761446389,4.22531510864829,5.78484161777502
"3173",23,"UKENNE_YW_TP000112",NA,5.23021115026357,4.41066423743857,6.05225294859587
"3174",24,"UKENNE_YW_TP000112",4.803002497,5.17605293128196,4.39669486567868,5.95649888348594
"3175",25,"UKENNE_YW_TP000112",NA,5.2595222337088,4.43292401796053,6.08614458419275
"3176",26,"UKENNE_YW_TP000112",4.654452084,5.06951745514113,4.28891433988185,5.84911604428877
"3177",27,"UKENNE_YW_TP000112",NA,5.140518256073,4.31888680373514,5.96358058556992
"3178",28,"UKENNE_YW_TP000112",4.899498647,5.3197003309767,4.54029616662344,6.10218902829431
"3179",29,"UKENNE_YW_TP000112",NA,5.21016813097057,4.39094740940649,6.03004311859117
"3180",30,"UKENNE_YW_TP000112",6.124395428,5.35167206802003,4.57013051650229,6.13834021650958
"3181",31,"UKENNE_YW_TP000112",NA,5.1310989814052,4.26676119469391,5.99430421230003
"3182",32,"UKENNE_YW_TP000112",5.138488646,5.30844821319934,4.52385773977578,6.09218504115171
"3183",33,"UKENNE_YW_TP000112",4.338561669,5.18082099229596,4.37932588564075,5.98460213276999
"3184",34,"UKENNE_YW_TP000112",NA,4.90236704975018,4.12368647376323,5.68518621984411
"3185",35,"UKENNE_YW_TP000112",NA,4.90290451357775,4.07676064946832,5.7297347959232
"3186",36,"UKENNE_YW_TP000112",5.769177584,4.8086823795602,4.02375587775165,5.58917885171237
"3187",37,"UKENNE_YW_TP000112",NA,5.28868968978574,4.46567819314335,6.11070849217561
"3188",38,"UKENNE_YW_TP000112",5.12892045,5.41271692618035,4.6359683173329,6.19012771777747
"3189",39,"UKENNE_YW_TP000112",NA,5.68233252883992,4.85935095379251,6.50490703142725
"3190",40,"UKENNE_YW_TP000112",4.749782988,5.62193466225313,4.84218141289411,6.40268546798358
"3191",41,"UKENNE_YW_TP000112",NA,5.66177169897656,4.84042330341144,6.48476947139859
"3192",42,"UKENNE_YW_TP000112",5.364180616,5.51618319870179,4.73560531940628,6.29436860099095
"3193",43,"UKENNE_YW_TP000112",NA,5.61626512508489,4.79976041110645,6.43313731485426
"3194",44,"UKENNE_YW_TP000112",5.303019445,5.43037190746003,4.64933833492253,6.21116655926519
"3195",45,"UKENNE_YW_TP000112",NA,5.54117264166779,4.69475229863676,6.38528452789875
"2611",1,"UKENNE_YW_TP000029",NA,4.40042790891989,3.56434939243137,5.23685770201426
"2612",2,"UKENNE_YW_TP000029",NA,4.4313512931551,3.62861696782513,5.23387740027905
"2613",3,"UKENNE_YW_TP000029",NA,4.64299578148667,3.82615246171137,5.46237066604531
"2614",4,"UKENNE_YW_TP000029",5.264336663,4.67908607583506,3.87157019858021,5.48577058104167
"2615",5,"UKENNE_YW_TP000029",NA,4.81884547905817,3.98903539134065,5.65004472733217
"2616",6,"UKENNE_YW_TP000029",4.323300171,4.92167719840109,4.11839619052799,5.72993620835581
"2617",7,"UKENNE_YW_TP000029",NA,4.90347578127226,4.06493741731652,5.74374908144495
"2618",8,"UKENNE_YW_TP000029",4.292530365,4.99140506600511,4.19200627373409,5.79409337988744
"2619",9,"UKENNE_YW_TP000029",NA,5.06713741682258,4.23793486181605,5.89826397780881
"2620",10,"UKENNE_YW_TP000029",5.239737955,5.19575293007624,4.39391461858046,6.00299157065339
"2621",11,"UKENNE_YW_TP000029",NA,5.44887165287449,4.62044810835113,6.28057026188278
"2622",12,"UKENNE_YW_TP000029",5.011528902,5.39491134358422,4.59396779487349,6.19993434350811
"2623",13,"UKENNE_YW_TP000029",NA,5.37685050019125,4.54316764965634,6.21305646548078
"2624",14,"UKENNE_YW_TP000029",5.000376582,5.45170014173985,4.64933097236501,6.25345032301304
"2625",15,"UKENNE_YW_TP000029",NA,5.27829725923782,4.44915236715126,6.10944222340501
"2626",16,"UKENNE_YW_TP000029",5.438212957,5.38472505721474,4.58278474693935,6.18960286944105
"2627",17,"UKENNE_YW_TP000029",NA,5.34825676878404,4.51998574959134,6.17928822408405
"2628",18,"UKENNE_YW_TP000029",4.624841012,5.1522701162597,4.34787698956617,5.95506317395369
"2629",19,"UKENNE_YW_TP000029",NA,5.0533172890168,4.22401021093977,5.88504711987412
"2630",20,"UKENNE_YW_TP000029",4.647936244,5.1371738431993,4.33607585404387,5.9415423344484
"2631",21,"UKENNE_YW_TP000029",NA,5.16647594142419,4.33859860643701,5.99769553089085
"2632",22,"UKENNE_YW_TP000029",5.644633702,5.11930520924665,4.31793639438379,5.92195110048981
"2633",23,"UKENNE_YW_TP000029",NA,5.17874068775856,4.35140888382291,6.009075491268
"2634",24,"UKENNE_YW_TP000029",4.462428547,5.18081722322906,4.37997394669766,5.98449377621152
"2635",25,"UKENNE_YW_TP000029",NA,5.24717092666545,4.41654769344323,6.07759064427929
"2636",26,"UKENNE_YW_TP000029",3.033032453,5.1533779418229,4.35198194914086,5.9553651438781
"2637",27,"UKENNE_YW_TP000029",NA,5.16239242927342,4.33696315385589,5.9899009497952
"2638",28,"UKENNE_YW_TP000029",4.896125322,5.27255908223044,4.47056390721719,6.07363547453252
"2639",29,"UKENNE_YW_TP000029",NA,5.23098299508519,4.40681642194021,6.05641256146586
"2640",30,"UKENNE_YW_TP000029",4.847775814,5.27442596752741,4.47347151149871,6.07775206451008
"2641",31,"UKENNE_YW_TP000029",NA,5.11851004764028,4.2516943176019,5.98571285145242
"2642",32,"UKENNE_YW_TP000029",4.00097251,5.25015878844168,4.44874832463822,6.04999436646267
"2643",33,"UKENNE_YW_TP000029",NA,5.12215220255414,4.30943012285909,5.93554095851831
"2644",34,"UKENNE_YW_TP000029",4.277473194,4.94385868545706,4.13952547359375,5.74600413575598
"2645",35,"UKENNE_YW_TP000029",NA,4.86306484457417,4.03488799175418,5.69006044298511
"2646",36,"UKENNE_YW_TP000029",3.544725736,4.93067117915761,4.12763355153413,5.73135183807592
"2647",37,"UKENNE_YW_TP000029",NA,5.2412933508942,4.4132319849723,6.06865597883679
"2648",38,"UKENNE_YW_TP000029",4.590483307,5.23849079483955,4.43722063506821,6.04261192126718
"2649",39,"UKENNE_YW_TP000029",NA,5.70134683569087,4.8759124787701,6.529143897633
"2650",40,"UKENNE_YW_TP000029",5.10493131,5.58035805801411,4.77625933587022,6.38278741179822
"2651",41,"UKENNE_YW_TP000029",NA,5.68097629903767,4.85509509568996,6.50975881011936
"2652",42,"UKENNE_YW_TP000029",5.129465227,5.56597294145107,4.76426598700466,6.36619448869732
"2653",43,"UKENNE_YW_TP000029",NA,5.58829366714849,4.76511667948848,6.41265105253033
"2654",44,"UKENNE_YW_TP000029",5.998165445,5.46675687135735,4.66403073274069,6.26823052413992
"2655",45,"UKENNE_YW_TP000029",NA,5.4753406205827,4.619597304786,6.33033402534832
"3016",1,"UKENNE_YW_TP000098",2.462898439,4.16075501840592,3.33766166093878,4.98327557623275
"3017",2,"UKENNE_YW_TP000098",NA,4.26260504311579,3.47524894587805,5.0489947788996
"3018",3,"UKENNE_YW_TP000098",NA,4.4523024882957,3.6490265007013,5.25679433444761
"3019",4,"UKENNE_YW_TP000098",2.945785667,4.53355221916693,3.74285314794788,5.32389218475505
"3020",5,"UKENNE_YW_TP000098",NA,4.64227680386857,3.82564043728648,5.46046318899753
"3021",6,"UKENNE_YW_TP000098",2.717565376,4.77749373867776,3.99181474116797,5.56786753471828
"3022",7,"UKENNE_YW_TP000098",NA,4.71078319049483,3.87838799769096,5.54380333520509
"3023",8,"UKENNE_YW_TP000098",4.949211095,4.83867942732031,4.05665680756992,5.62527064610385
"3024",9,"UKENNE_YW_TP000098",NA,4.83433470605935,4.01822731636467,5.65094715710376
"3025",10,"UKENNE_YW_TP000098",4.440866405,5.02130146985352,4.23935968640354,5.80775177219995
"3026",11,"UKENNE_YW_TP000098",NA,5.30019715734435,4.48446899551773,6.12003037754935
"3027",12,"UKENNE_YW_TP000098",4.01206831,5.19015985320988,4.40436989107344,5.98108069469233
"3028",13,"UKENNE_YW_TP000098",NA,5.18299770237221,4.3643598816062,6.00374987825942
"3029",14,"UKENNE_YW_TP000098",4.340065144,5.18998316014019,4.40073975137084,5.97695060878545
"3030",15,"UKENNE_YW_TP000098",NA,5.05309791257601,4.23599953679491,5.8707962267099
"3031",16,"UKENNE_YW_TP000098",5.185790288,5.11137086253791,4.3258359864921,5.89867879733578
"3032",17,"UKENNE_YW_TP000098",4.435157778,5.17585388829016,4.36284213611087,5.99248009044026
"3033",18,"UKENNE_YW_TP000098",NA,4.93103564509452,4.14376394491772,5.7174209874373
"3034",19,"UKENNE_YW_TP000098",4.045234505,4.84191753806507,4.02630408031929,5.66018438823919
"3035",20,"UKENNE_YW_TP000098",NA,4.8762654670865,4.0910745344852,5.66178090951593
"3036",21,"UKENNE_YW_TP000098",4.061618431,4.97634110971106,4.16090900377879,5.79600182410542
"3037",22,"UKENNE_YW_TP000098",NA,4.79949206971003,4.01242736281057,5.58525498261082
"3038",23,"UKENNE_YW_TP000098",4.647172825,4.97417407392871,4.16063643006417,5.79024582904169
"3039",24,"UKENNE_YW_TP000098",NA,4.92098233053957,4.1358137370211,5.70612538821896
"3040",25,"UKENNE_YW_TP000098",4.944262015,5.04645419156183,4.22902639603238,5.86359232912552
"3041",26,"UKENNE_YW_TP000098",NA,4.85218367699706,4.06407721653974,5.63780589862057
"3042",27,"UKENNE_YW_TP000098",4.916461056,4.89514629412666,4.08175960014031,5.70911846333681
"3043",28,"UKENNE_YW_TP000098",NA,5.04497921913046,4.25734041850174,5.83077069309299
"3044",29,"UKENNE_YW_TP000098",4.108645918,5.00494123038635,4.19215442726063,5.81752391778367
"3045",30,"UKENNE_YW_TP000098",NA,5.10060767461144,4.31662633614879,5.88711650215629
"3046",31,"UKENNE_YW_TP000098",NA,4.92735489638938,4.05939986377382,5.79492867145894
"3047",32,"UKENNE_YW_TP000098",4.983310427,5.14467873295853,4.36246677018935,5.92683302494106
"3048",33,"UKENNE_YW_TP000098",2.346099083,4.99204951064541,4.19828213845646,5.78798067365632
"3049",34,"UKENNE_YW_TP000098",NA,4.80101035753924,4.01911801266162,5.58417763582729
"3050",35,"UKENNE_YW_TP000098",4.616988962,4.65775027190122,3.84108062704641,5.47299943956743
"3051",36,"UKENNE_YW_TP000098",NA,4.79629851893241,4.01459646333968,5.5781942193539
"3052",37,"UKENNE_YW_TP000098",3.363673694,5.01561537888895,4.19631317731436,5.83190868816699
"3053",38,"UKENNE_YW_TP000098",NA,5.15987673666915,4.37802176818043,5.94502239229357
"3054",39,"UKENNE_YW_TP000098",4.62955415,5.58945250821487,4.77597593989137,6.40823261911811
"3055",40,"UKENNE_YW_TP000098",NA,5.44776318823853,4.66421583984732,6.23168481119753
"3056",41,"UKENNE_YW_TP000098",4.449337503,5.52501007773277,4.71264273298927,6.34180085968179
"3057",42,"UKENNE_YW_TP000098",NA,5.40958907785967,4.62714429271386,6.19167171232445
"3058",43,"UKENNE_YW_TP000098",5.279447185,5.40433459244504,4.59514435406078,6.21545117596905
"3059",44,"UKENNE_YW_TP000098",NA,5.25298954838147,4.46955182161933,6.03587665336382
"3060",45,"UKENNE_YW_TP000098",NA,5.30075270623695,4.44520800720768,6.15467561041519
"5851",1,"UKENTH_TWU_TP000014",NA,3.91902686084069,3.06248234109986,4.77526168453064
"5852",2,"UKENTH_TWU_TP000014",3.372705821,3.93291362743389,3.14659061058286,4.72173407114311
"5853",3,"UKENTH_TWU_TP000014",NA,4.06704816546225,3.23493590136914,4.89838021284953
"5854",4,"UKENTH_TWU_TP000014",3.919093827,4.14099198642771,3.34984725550858,4.93189284246849
"5855",5,"UKENTH_TWU_TP000014",NA,4.21299203615244,3.35754350613332,5.07035027473043
"5856",6,"UKENTH_TWU_TP000014",3.993905784,4.6245243179705,3.83758882669623,5.4124644883848
"5857",7,"UKENTH_TWU_TP000014",NA,4.42108375501561,3.5631189399027,5.28068280197144
"5858",8,"UKENTH_TWU_TP000014",3.740024228,4.45069464264715,3.66372612500228,5.23941782737113
"5859",9,"UKENTH_TWU_TP000014",NA,4.66977719643446,3.81957301057952,5.51998040223758
"5860",10,"UKENTH_TWU_TP000014",4.004731453,4.7602136084618,3.97368586201772,5.54748384613481
"5861",11,"UKENTH_TWU_TP000014",NA,4.84394078836179,3.99457559571802,5.69510356665701
"5862",12,"UKENTH_TWU_TP000014",3.967141529,4.87218513545836,4.08609011980936,5.65941975122825
"5863",13,"UKENTH_TWU_TP000014",NA,4.82453387927794,3.97382991139719,5.67655437739466
"5864",14,"UKENTH_TWU_TP000014",4.465498942,4.93728517578931,4.15174919474471,5.72336574406014
"5865",15,"UKENTH_TWU_TP000014",NA,4.82238381033916,3.96361858429406,5.6828096492712
"5866",16,"UKENTH_TWU_TP000014",3.975362232,4.83303520650493,4.04458169281995,5.62105021031299
"5867",17,"UKENTH_TWU_TP000014",NA,4.75104273278919,3.8951699664712,5.60914089824736
"5868",18,"UKENTH_TWU_TP000014",4.422067806,4.51285518745673,3.72562834695182,5.29984428876506
"5869",19,"UKENTH_TWU_TP000014",NA,4.61010780037437,3.7500906055949,5.46995370026928
"5870",20,"UKENTH_TWU_TP000014",5.011757266,4.66581726084703,3.87890120519564,5.45249585229269
"5871",21,"UKENTH_TWU_TP000014",NA,4.58584930771801,3.73358535671956,5.43913189733172
"5872",22,"UKENTH_TWU_TP000014",4.318907098,4.48414629441549,3.69628900707659,5.27096501446097
"5873",23,"UKENTH_TWU_TP000014",NA,4.70154729867421,3.85416189115926,5.54891149422106
"5874",24,"UKENTH_TWU_TP000014",NA,4.69140727801514,3.90600742134996,5.47686440525726
"5875",25,"UKENTH_TWU_TP000014",NA,4.73764779979263,3.88370042739755,5.59284403127401
"5876",26,"UKENTH_TWU_TP000014",4.690651191,4.68889064525194,3.90316232278358,5.474493160489
"5877",27,"UKENTH_TWU_TP000014",NA,4.73802594783752,3.87999550380137,5.59521900857897
"5878",28,"UKENTH_TWU_TP000014",4.41199186,4.76113366875147,3.97474793040987,5.54723423604293
"5879",29,"UKENTH_TWU_TP000014",NA,4.69344452517673,3.83810727640978,5.54944235566594
"5880",30,"UKENTH_TWU_TP000014",3.690253433,4.62647594120686,3.83344170848239,5.41723193589522
"5881",31,"UKENTH_TWU_TP000014",NA,4.51868400261727,3.61408647895881,5.42172216466162
"5882",32,"UKENTH_TWU_TP000014",3.453162545,4.40883610961096,3.62223040805418,5.19608822535545
"5883",33,"UKENTH_TWU_TP000014",NA,4.50951273005389,3.69576085022432,5.32359215689366
"5884",34,"UKENTH_TWU_TP000014",4.544197123,4.31550951070181,3.52201822716482,5.11214758726757
"5885",35,"UKENTH_TWU_TP000014",NA,4.38222253163903,3.52713285742238,5.23652681957144
"5886",36,"UKENTH_TWU_TP000014",3.323060366,4.47989190966135,3.69120820571834,5.26789004146126
"5887",37,"UKENTH_TWU_TP000014",NA,4.74453944802762,3.88661810636208,5.60329557114498
"5888",38,"UKENTH_TWU_TP000014",4.159152179,4.77776060715828,3.99165952715359,5.56382937263377
"5889",39,"UKENTH_TWU_TP000014",NA,5.04197678994171,4.18769596724786,5.89761946386964
"5890",40,"UKENTH_TWU_TP000014",3.973991899,4.88243998636604,4.09696662800526,5.66892791117467
"5891",41,"UKENTH_TWU_TP000014",NA,5.02826915752759,4.16935753287964,5.88943511194861
"5892",42,"UKENTH_TWU_TP000014",4.250696242,5.07842905629769,4.2923506352944,5.86622706324132
"5893",43,"UKENTH_TWU_TP000014",NA,5.07869259457606,4.23139107678189,5.92687312154744
"5894",44,"UKENTH_TWU_TP000014",4.690615041,4.85478893055184,4.06829167825782,5.64358564609492
"5895",45,"UKENTH_TWU_TP000014",NA,5.0588976936551,4.20527183166715,5.91130545103176
"5941",1,"UKENTH_TWU_TP000021",NA,4.68170028147708,3.57176240890195,5.79032593101561
"5942",2,"UKENTH_TWU_TP000021",4.072517563,4.6148920764609,3.5540887094202,5.67555253292122
"5943",3,"UKENTH_TWU_TP000021",NA,4.86766034153068,3.77583855494116,5.95901838179344
"5944",4,"UKENTH_TWU_TP000021",3.658742309,4.97577860212119,3.91224352286601,6.03908317608748
"5945",5,"UKENTH_TWU_TP000021",NA,4.97820071483219,3.86938333879408,6.08744297521527
"5946",6,"UKENTH_TWU_TP000021",5.300252869,5.41443069212643,4.35231620221609,6.47673163063082
"5947",7,"UKENTH_TWU_TP000021",NA,5.26341435351499,4.15147053870583,6.37705501391407
"5948",8,"UKENTH_TWU_TP000021",4.131682786,5.21243813931687,4.14702277564633,6.27748349542882
"5949",9,"UKENTH_TWU_TP000021",NA,5.45151050801133,4.35075188346086,6.55268283128602
"5950",10,"UKENTH_TWU_TP000021",3.775208016,5.59010378022187,4.52432144846259,6.65546231346239
"5951",11,"UKENTH_TWU_TP000021",NA,5.63851891390706,4.53637592916328,6.74262743271726
"5952",12,"UKENTH_TWU_TP000021",3.744444775,5.53388952910838,4.46827354494605,6.59856992926366
"5953",13,"UKENTH_TWU_TP000021",NA,5.60091452193757,4.49607264052299,6.707409192623
"5954",14,"UKENTH_TWU_TP000021",4.795964852,5.75994530432791,4.69784922520801,6.82248295298346
"5955",15,"UKENTH_TWU_TP000021",NA,5.61809595546888,4.50176915054421,6.73623912301398
"5956",16,"UKENTH_TWU_TP000021",4.703574014,5.68288305736117,4.62295240925756,6.74267746388145
"5957",17,"UKENTH_TWU_TP000021",NA,5.55292128998762,4.43973989135907,6.66779561979548
"5958",18,"UKENTH_TWU_TP000021",3.214566771,5.27799979911622,4.21708827563553,6.33815400935507
"5959",19,"UKENTH_TWU_TP000021",NA,5.39381044472088,4.27456581654961,6.51318572206454
"5960",20,"UKENTH_TWU_TP000021",2.87235703,5.40140104470083,4.3408965713505,6.46147032824888
"5961",21,"UKENTH_TWU_TP000021",NA,5.41694010184663,4.30849408022717,6.52632474024106
"5962",22,"UKENTH_TWU_TP000021",3.173387026,5.25780876479002,4.19612601457119,6.31860219647144
"5963",23,"UKENTH_TWU_TP000021",NA,5.51538531740239,4.4113968115605,6.61980144400977
"5964",24,"UKENTH_TWU_TP000021",3.427115977,5.52945382277238,4.46765423341478,6.5911591221889
"5965",25,"UKENTH_TWU_TP000021",NA,5.5336759748574,4.41831289862647,6.64993764057693
"5966",26,"UKENTH_TWU_TP000021",4.021705005,5.49993379453977,4.43951618467034,6.56043228044894
"5967",27,"UKENTH_TWU_TP000021",NA,5.52808433163442,4.41419000977225,6.64189931737286
"5968",28,"UKENTH_TWU_TP000021",3.357064324,5.57780579325014,4.51678455808781,6.63906264707118
"5969",29,"UKENTH_TWU_TP000021",NA,5.48902939978005,4.3743392661617,6.60424956335373
"5970",30,"UKENTH_TWU_TP000021",4.024052914,5.46237027079936,4.40207921178958,6.52295034064626
"5971",31,"UKENTH_TWU_TP000021",NA,5.31785519921016,4.15792199985454,6.47591346363426
"5972",32,"UKENTH_TWU_TP000021",3.817606111,5.24947530668668,4.18241094232624,6.31708518482133
"5973",33,"UKENTH_TWU_TP000021",NA,5.31781822697489,4.23595724422558,6.40054949493914
"5974",34,"UKENTH_TWU_TP000021",3.63851122,5.12181714125432,4.05813331572624,6.18632492391304
"5975",35,"UKENTH_TWU_TP000021",NA,5.17477582711668,4.06350159088229,6.28553639446712
"5976",36,"UKENTH_TWU_TP000021",4.162292522,5.31984323633328,4.25871119508426,6.38164797246078
"5977",37,"UKENTH_TWU_TP000021",NA,5.54260751525265,4.42575014305249,6.65985470803789
"5978",38,"UKENTH_TWU_TP000021",4.062665801,5.6830714708004,4.62223556280098,6.74452647510126
"5979",39,"UKENTH_TWU_TP000021",NA,5.8531050120225,4.74339674112344,6.96456015501797
"5980",40,"UKENTH_TWU_TP000021",4.112327426,5.71237516163308,4.65035533849545,6.77454336897655
"5981",41,"UKENTH_TWU_TP000021",NA,5.84165892321319,4.72620955115033,6.9588090464998
"5982",42,"UKENTH_TWU_TP000021",5.211970551,5.85345801885879,4.79212671910302,6.91513674752938
"5983",43,"UKENTH_TWU_TP000021",4.562680715,5.91717878301885,4.81247335013532,7.02317915036228
"5984",44,"UKENTH_TWU_TP000021",NA,5.57466283591943,4.51295373589528,6.636176349384
"5985",45,"UKENTH_TWU_TP000021",NA,5.86854970790254,4.76384277835272,6.97272655962342
"6076",1,"UKENTH_TWU_TP000052",2.97614197,3.99890814002513,3.14413431793545,4.85337831940269
"6077",2,"UKENTH_TWU_TP000052",NA,4.01701358592844,3.23363417681806,4.80299432582756
"6078",3,"UKENTH_TWU_TP000052",3.432535746,4.1466906636334,3.3165595368724,4.97580738985272
"6079",4,"UKENTH_TWU_TP000052",NA,4.20818981826416,3.41989729518136,4.99546234200082
"6080",5,"UKENTH_TWU_TP000052",4.256411491,4.29159594740714,3.43805505723995,5.14713604749112
"6081",6,"UKENTH_TWU_TP000052",NA,4.70253477796561,3.91904801549078,5.48679231861948
"6082",7,"UKENTH_TWU_TP000052",3.424788399,4.49161538766591,3.63538585104851,5.34902786836679
"6083",8,"UKENTH_TWU_TP000052",NA,4.5381299968519,3.75436638736334,5.32406832087401
"6084",9,"UKENTH_TWU_TP000052",NA,4.74637044504786,3.89798177762169,5.59420476382546
"6085",10,"UKENTH_TWU_TP000052",4.435834235,4.83482782492177,4.05151795874848,5.61896855236373
"6086",11,"UKENTH_TWU_TP000052",3.994158706,4.92086460406724,4.07271392605711,5.77078174168508
"6087",12,"UKENTH_TWU_TP000052",NA,4.96174223830848,4.17873121157365,5.74601843744561
"6088",13,"UKENTH_TWU_TP000052",2.955008199,4.90200901319121,4.05265442461985,5.75249101466358
"6089",14,"UKENTH_TWU_TP000052",NA,5.01404812284624,4.23144906673539,5.79717603561444
"6090",15,"UKENTH_TWU_TP000052",3.588387889,4.89848523280934,4.04156270078986,5.75677859645876
"6091",16,"UKENTH_TWU_TP000052",NA,4.90187459299307,4.11577023718329,5.68654659754599
"6092",17,"UKENTH_TWU_TP000052",4.12041037,4.82752577389205,3.97377319727302,5.68336912935855
"6093",18,"UKENTH_TWU_TP000052",NA,4.60381117945188,3.8204097296467,5.38696224261031
"6094",19,"UKENTH_TWU_TP000052",NA,4.68932191656555,3.83142400210769,5.5464939734414
"6095",20,"UKENTH_TWU_TP000052",4.193629299,4.75171269452967,3.96804502118903,5.53481521523148
"6096",21,"UKENTH_TWU_TP000052",4.215805831,4.65857458564132,3.80803496132024,5.50999803853787
"6097",22,"UKENTH_TWU_TP000052",NA,4.55540797375023,3.76952440253614,5.33934818062752
"6098",23,"UKENTH_TWU_TP000052",4.673348939,4.7767719664548,3.930430791368,5.62289168973407
"6099",24,"UKENTH_TWU_TP000052",NA,4.76533322317837,3.98262882002444,5.54778867341594
"6100",25,"UKENTH_TWU_TP000052",NA,4.81229998155593,3.96034869549179,5.66534976528548
"6101",26,"UKENTH_TWU_TP000052",4.288852076,4.76168709302386,3.97826990741975,5.54451678716977
"6102",27,"UKENTH_TWU_TP000052",2.193900494,4.81476286828437,3.95779129940302,5.67029446966312
"6103",28,"UKENTH_TWU_TP000052",NA,4.83375408127275,4.04954420581675,5.61707963939841
"6104",29,"UKENTH_TWU_TP000052",4.60319709,4.76934006326992,3.91556425504713,5.62367844617224
"6105",30,"UKENTH_TWU_TP000052",NA,4.69293574385058,3.89961685769166,5.48222687505961
"6106",31,"UKENTH_TWU_TP000052",3.989851703,4.58887450172295,3.68205034647686,5.4936354407135
"6107",32,"UKENTH_TWU_TP000052",NA,4.47140395574324,3.68760103847094,5.25568095494011
"6108",33,"UKENTH_TWU_TP000052",3.829729018,4.59039395434248,3.77743273512836,5.40387347952049
"6109",34,"UKENTH_TWU_TP000052",NA,4.38857988030537,3.59807797969168,5.18243961846499
"6110",35,"UKENTH_TWU_TP000052",3.088058227,4.4578594712102,3.60403677341544,5.31051866893812
"6111",36,"UKENTH_TWU_TP000052",NA,4.55592938922645,3.77001713642464,5.34055050431006
"6112",37,"UKENTH_TWU_TP000052",4.555481275,4.82041059432062,3.96458773653831,5.6771109739673
"6113",38,"UKENTH_TWU_TP000052",NA,4.84924486890985,4.0660441818303,5.63215461701063
"6114",39,"UKENTH_TWU_TP000052",4.85099212,5.11550494986159,4.26294125678406,5.96921926616462
"6115",40,"UKENTH_TWU_TP000052",NA,4.9624313286692,4.17976242112908,5.74621743188674
"6116",41,"UKENTH_TWU_TP000052",4.967069514,5.10241378637945,4.24570667127993,5.96134375271965
"6117",42,"UKENTH_TWU_TP000052",NA,5.15606598665597,4.37297821633702,5.94082293889765
"6118",43,"UKENTH_TWU_TP000052",NA,5.15163504609419,4.30538037623928,5.998270526638
"6119",44,"UKENTH_TWU_TP000052",NA,4.93289696190248,4.14928138476196,5.71902754814296
"6120",45,"UKENTH_TWU_TP000052",NA,5.12899891894033,4.27504930735844,5.98096571514117
"6121",1,"UKENTH_TWU_TP000054",NA,4.00608030829956,3.14521164310214,4.86673262755063
"6122",2,"UKENTH_TWU_TP000054",3.857142316,4.0040812673637,3.20732662868458,4.80480128075361
"6123",3,"UKENTH_TWU_TP000054",NA,4.16192911238229,3.32232508220504,4.99969708012523
"6124",4,"UKENTH_TWU_TP000054",3.276497623,4.25910813443117,3.45775315971954,5.05968734209924
"6125",5,"UKENTH_TWU_TP000054",NA,4.30083240834812,3.43975822864463,5.1639931826014
"6126",6,"UKENTH_TWU_TP000054",4.524515727,4.72263744274576,3.92290091165133,5.52115711020107
"6127",7,"UKENTH_TWU_TP000054",NA,4.53242667603556,3.66871952102079,5.39696069913363
"6128",8,"UKENTH_TWU_TP000054",4.954555814,4.53022510364697,3.73031739134892,5.32941347970171
"6129",9,"UKENTH_TWU_TP000054",NA,4.76169830306507,3.90820373611493,5.61426485119634
"6130",10,"UKENTH_TWU_TP000054",4.549804199,4.86270927917088,4.06353462718514,5.66219626860157
"6131",11,"UKENTH_TWU_TP000054",NA,4.94049258737379,4.08533274819044,5.79681702913589
"6132",12,"UKENTH_TWU_TP000054",4.226346829,4.92680645102448,4.12794735776696,5.72774522379977
"6133",13,"UKENTH_TWU_TP000054",NA,4.91316537314106,4.05609796404268,5.77056361912955
"6134",14,"UKENTH_TWU_TP000054",4.813184644,5.05001823762915,4.25023197254478,5.84832801122931
"6135",15,"UKENTH_TWU_TP000054",NA,4.91750422334802,4.05100965393245,5.78486032838004
"6136",16,"UKENTH_TWU_TP000054",4.799150764,4.96359680502925,4.16459955887232,5.76188165591687
"6137",17,"UKENTH_TWU_TP000054",NA,4.85018839458719,3.98705033281697,5.71584549705446
"6138",18,"UKENTH_TWU_TP000054",5.058662091,4.58691832207355,3.7856120081975,5.38527027939873
"6139",19,"UKENTH_TWU_TP000054",NA,4.70097365532915,3.83308923428314,5.56733460057801
"6140",20,"UKENTH_TWU_TP000054",4.325040317,4.72952316742871,3.93036693615142,5.52696959587962
"6141",21,"UKENTH_TWU_TP000054",NA,4.69718570151761,3.83895377188916,5.55723869240412
"6142",22,"UKENTH_TWU_TP000054",4.626576259,4.57929857893786,3.78051108140452,5.37768826135537
"6143",23,"UKENTH_TWU_TP000054",NA,4.80401077119724,3.94989447371736,5.65766550152803
"6144",24,"UKENTH_TWU_TP000054",5.017950943,4.7819241275655,3.98422193013625,5.57983075848554
"6145",25,"UKENTH_TWU_TP000054",NA,4.83539763471939,3.97402551305969,5.69812311367303
"6146",26,"UKENTH_TWU_TP000054",4.813372644,4.79094341800289,3.99300542140106,5.58869997046997
"6147",27,"UKENTH_TWU_TP000054",NA,4.82941587701561,3.964592755171,5.69164804506653
"6148",28,"UKENTH_TWU_TP000054",4.713521542,4.8690927232831,4.07062031683883,5.66689793432382
"6149",29,"UKENTH_TWU_TP000054",NA,4.79168470989018,3.92950397224034,5.6548863781063
"6150",30,"UKENTH_TWU_TP000054",4.895071006,4.74690533993889,3.94720958381801,5.54468093210114
"6151",31,"UKENTH_TWU_TP000054",NA,4.61704441551815,3.70614341861115,5.52524152494734
"6152",32,"UKENTH_TWU_TP000054",4.721506259,4.52377934664733,3.72387623162229,5.32980845873121
"6153",33,"UKENTH_TWU_TP000054",NA,4.59764071371005,3.77340660338917,5.42165943439523
"6154",34,"UKENTH_TWU_TP000054",5.261926693,4.41879391377455,3.6161304495226,5.22754693401908
"6155",35,"UKENTH_TWU_TP000054",NA,4.47784187319769,3.61635376788834,5.33782785897774
"6156",36,"UKENTH_TWU_TP000054",4.419607547,4.59243256324461,3.79270041268472,5.390656878194
"6157",37,"UKENTH_TWU_TP000054",NA,4.84367446086407,3.97866555995712,5.71019539545369
"6158",38,"UKENTH_TWU_TP000054",4.987435523,4.90796080158975,4.10990047213875,5.70559912756292
"6159",39,"UKENTH_TWU_TP000054",NA,5.14358808172481,4.28260035014764,6.00564176099126
"6160",40,"UKENTH_TWU_TP000054",5.257712105,4.98495005074108,4.18729449085859,5.78386053780197
"6161",41,"UKENTH_TWU_TP000054",NA,5.13226833242105,4.26647207343318,6.00103525904427
"6162",42,"UKENTH_TWU_TP000054",5.154620179,5.16616872770208,4.36848690247173,5.9667649034305
"6163",43,"UKENTH_TWU_TP000054",NA,5.18951400032798,4.33567039722067,6.04350620326084
"6164",44,"UKENTH_TWU_TP000054",5.173341971,4.93653013369782,4.13888601043508,5.73831162389304
"6165",45,"UKENTH_TWU_TP000054",NA,5.16050203322272,4.30113706761523,6.01687923284858
"6571",1,"UKENTH_TWU_TP000125",NA,4.10295566097535,3.2527995518406,4.95254273642318
"6572",2,"UKENTH_TWU_TP000125",3.704249776,4.12815538534571,3.34789862901991,4.91095259197899
"6573",3,"UKENTH_TWU_TP000125",NA,4.25173944780071,3.42458055312208,5.07771424348061
"6574",4,"UKENTH_TWU_TP000125",3.753827831,4.30413351225794,3.51960427560187,5.086913246863
"6575",5,"UKENTH_TWU_TP000125",NA,4.39596368384953,3.54579254513119,5.24779414492823
"6576",6,"UKENTH_TWU_TP000125",4.11310554,4.80587589372151,4.02597223798422,5.58604539029216
"6577",7,"UKENTH_TWU_TP000125",NA,4.59662100041028,3.7431266897629,5.45108415135561
"6578",8,"UKENTH_TWU_TP000125",3.268786576,4.6481903970053,3.86768990467814,5.43061711435559
"6579",9,"UKENTH_TWU_TP000125",NA,4.84730181199637,4.0019492398821,5.69191074512399
"6580",10,"UKENTH_TWU_TP000125",4.250119168,4.92102635700238,4.14051218012453,5.70184034062423
"6581",11,"UKENTH_TWU_TP000125",NA,5.02309593062291,4.17760396821894,5.87034325116473
"6582",12,"UKENTH_TWU_TP000125",2.932020403,5.07003900377023,4.28999693332381,5.85144735320133
"6583",13,"UKENTH_TWU_TP000125",NA,5.00797755239976,4.16128213563202,5.85599549705805
"6584",14,"UKENTH_TWU_TP000125",4.545987757,5.12197229544941,4.34218702236985,5.90249318093143
"6585",15,"UKENTH_TWU_TP000125",NA,4.99767907319278,4.14447549776532,5.85215837451037
"6586",16,"UKENTH_TWU_TP000125",4.205955211,5.0045176949859,4.22204623823788,5.78528583295454
"6587",17,"UKENTH_TWU_TP000125",NA,4.92877036481455,4.07824047499161,5.78117349307145
"6588",18,"UKENTH_TWU_TP000125",3.99379909,4.71759418182832,3.9376898143907,5.49730183179271
"6589",19,"UKENTH_TWU_TP000125",NA,4.78792663917578,3.93310607545637,5.64191117906612
"6590",20,"UKENTH_TWU_TP000125",4.96308072,4.85588015619694,4.0755151121872,5.63550008562805
"6591",21,"UKENTH_TWU_TP000125",NA,4.76154473817567,3.91391616799894,5.60996532038619
"6592",22,"UKENTH_TWU_TP000125",3.821092645,4.65447690227936,3.8714189400405,5.43517490993969
"6593",23,"UKENTH_TWU_TP000125",NA,4.87697011365981,4.03315225644508,5.72069064276173
"6594",24,"UKENTH_TWU_TP000125",4.203727641,4.85645140770813,4.07645445152224,5.63580198994194
"6595",25,"UKENTH_TWU_TP000125",NA,4.91741240868654,4.0684146765448,5.7675301116325
"6596",26,"UKENTH_TWU_TP000125",4.04988352,4.87225907679418,4.09231787698588,5.65176943410367
"6597",27,"UKENTH_TWU_TP000125",NA,4.913043910134,4.05970749101324,5.76492262835821
"6598",28,"UKENTH_TWU_TP000125",4.317919754,4.93661751553604,4.15536475513046,5.71687413005229
"6599",29,"UKENTH_TWU_TP000125",NA,4.86697276629646,4.01615770744745,5.71813058263252
"6600",30,"UKENTH_TWU_TP000125",4.174254431,4.79346981152557,4.00366526327483,5.57857720064009
"6601",31,"UKENTH_TWU_TP000125",NA,4.70233478584077,3.8063105015955,5.59663502172989
"6602",32,"UKENTH_TWU_TP000125",3.601862376,4.57213323813316,3.79086085275556,5.35407636830749
"6603",33,"UKENTH_TWU_TP000125",NA,4.69583839070052,3.88470003965155,5.50762662893779
"6604",34,"UKENTH_TWU_TP000125",5.067303267,4.48675034452566,3.7002187852196,5.27592621804224
"6605",35,"UKENTH_TWU_TP000125",NA,4.56012528390487,3.70935085209633,5.40945820096334
"6606",36,"UKENTH_TWU_TP000125",3.465481338,4.66111579877092,3.87903066210075,5.44165161062511
"6607",37,"UKENTH_TWU_TP000125",NA,4.92562525299942,4.07335015249667,5.77856687476364
"6608",38,"UKENTH_TWU_TP000125",5.139668665,4.94845176412789,4.16856128124665,5.72765008335393
"6609",39,"UKENTH_TWU_TP000125",NA,5.21683140047044,4.36771677669255,6.06697600416906
"6610",40,"UKENTH_TWU_TP000125",5.04584258,5.07102475929229,4.29113981438639,5.85204263934643
"6611",41,"UKENTH_TWU_TP000125",NA,5.20621479958116,4.35212652574855,6.06237221997345
"6612",42,"UKENTH_TWU_TP000125",4.566628903,5.25594955537601,4.47603799468747,6.03736463216693
"6613",43,"UKENTH_TWU_TP000125",NA,5.24350751631607,4.39920770619449,6.08769883314018
"6614",44,"UKENTH_TWU_TP000125",5.205024447,5.03461052116736,4.25387083287848,5.81763944005431
"6615",45,"UKENTH_TWU_TP000125",NA,5.23001301986447,4.37794010881992,6.07998296580674
"6616",1,"UKENTH_TWU_TP000126",NA,4.39510915575213,3.55098673235574,5.23844922915541
"6617",2,"UKENTH_TWU_TP000126",2.798675769,4.38265521430106,3.59909919576527,5.16816081186445
"6618",3,"UKENTH_TWU_TP000126",NA,4.57031086434186,3.74524406448902,5.39474209702189
"6619",4,"UKENTH_TWU_TP000126",2.612029596,4.63417006958936,3.84722763683327,5.41891793016817
"6620",5,"UKENTH_TWU_TP000126",NA,4.68696756931595,3.84306376504112,5.53179848280991
"6621",6,"UKENTH_TWU_TP000126",4.343336517,5.11798598571436,4.33057833074286,5.90306050873856
"6622",7,"UKENTH_TWU_TP000126",NA,4.92742148635473,4.08111226865755,5.77487792058517
"6623",8,"UKENTH_TWU_TP000126",4.50889228,4.9438964097801,4.15822707078756,5.72917814574514
"6624",9,"UKENTH_TWU_TP000126",NA,5.13896534190383,4.30248884521276,5.97481723557769
"6625",10,"UKENTH_TWU_TP000126",4.807082461,5.21430668599685,4.42633642403674,6.00014393565993
"6626",11,"UKENTH_TWU_TP000126",NA,5.33338877766015,4.4951300315477,6.17254467961213
"6627",12,"UKENTH_TWU_TP000126",4.14114856,5.30404472641268,4.51920464410308,6.08975191460283
"6628",13,"UKENTH_TWU_TP000126",NA,5.3045678393244,4.46460117759826,6.1450462435814
"6629",14,"UKENTH_TWU_TP000126",4.905365145,5.47899241465975,4.69360621081599,6.26385692964883
"6630",15,"UKENTH_TWU_TP000126",NA,5.2977274057854,4.45009664416108,6.14659591095592
"6631",16,"UKENTH_TWU_TP000126",4.793452722,5.37073619705082,4.58622136158318,6.15400590463013
"6632",17,"UKENTH_TWU_TP000126",NA,5.23940408219131,4.39366123926387,6.08689058171468
"6633",18,"UKENTH_TWU_TP000126",5.312142057,5.02695679392487,4.24277614085155,5.81045693099483
"6634",19,"UKENTH_TWU_TP000126",NA,5.08137970598125,4.23124651780831,5.93066604773291
"6635",20,"UKENTH_TWU_TP000126",5.104411568,5.11044801772176,4.32642154608772,5.89387824281216
"6636",21,"UKENTH_TWU_TP000126",NA,5.0949818013474,4.25392339688583,5.93728689173096
"6637",22,"UKENTH_TWU_TP000126",4.674739188,4.94228002942686,4.15629619312947,5.72590729085694
"6638",23,"UKENTH_TWU_TP000126",NA,5.19233901938094,4.35521784206612,6.02924103942323
"6639",24,"UKENTH_TWU_TP000126",4.388953619,5.12953311318171,4.34356247521397,5.91323164309576
"6640",25,"UKENTH_TWU_TP000126",NA,5.22483704340245,4.38073464702017,6.06984300927064
"6641",26,"UKENTH_TWU_TP000126",2.910101873,5.19652422060629,4.41256407426943,5.98052450811273
"6642",27,"UKENTH_TWU_TP000126",NA,5.2048567578381,4.35855930041615,6.04955582671592
"6643",28,"UKENTH_TWU_TP000126",2.765747654,5.25948411380903,4.47429628455665,6.04314373978288
"6644",29,"UKENTH_TWU_TP000126",NA,5.17624496261903,4.33074985872178,6.02223692813509
"6645",30,"UKENTH_TWU_TP000126",2.624982349,5.13294980120306,4.34828702573345,5.91615276152245
"6646",31,"UKENTH_TWU_TP000126",NA,5.01409884215343,4.12411088488584,5.90213948345498
"6647",32,"UKENTH_TWU_TP000126",4.179651914,4.88731260611799,4.09827195073571,5.68246412819022
"6648",33,"UKENTH_TWU_TP000126",NA,5.00214935908356,4.18891827097025,5.81636173065506
"6649",34,"UKENTH_TWU_TP000126",4.856640389,4.79466233798387,4.00790006438,5.58513257395445
"6650",35,"UKENTH_TWU_TP000126",NA,4.8612580193037,4.0166219964834,5.70451570780963
"6651",36,"UKENTH_TWU_TP000126",4.469483984,5.0071926138009,4.22321347786836,5.79283476188943
"6652",37,"UKENTH_TWU_TP000126",NA,5.24100385259602,4.3930634877184,6.08951639039687
"6653",38,"UKENTH_TWU_TP000126",5.095867904,5.32660807584891,4.54271017367509,6.11103740111555
"6654",39,"UKENTH_TWU_TP000126",NA,5.52872210872253,4.6872588652212,6.37104666075437
"6655",40,"UKENTH_TWU_TP000126",5.261691685,5.41112292182899,4.62629079533461,6.197960576905
"6656",41,"UKENTH_TWU_TP000126",NA,5.52330694475532,4.6739479874103,6.37455814415522
"6657",42,"UKENTH_TWU_TP000126",5.538322311,5.53061214942253,4.74625340014432,6.31703478533771
"6658",43,"UKENTH_TWU_TP000126",NA,5.55818165971283,4.71800649475031,6.39783816465364
"6659",44,"UKENTH_TWU_TP000126",4.550962273,5.30057949953522,4.51578772473926,6.0864855672107
"6660",45,"UKENTH_TWU_TP000126",NA,5.53015564717835,4.68408408267189,6.37336666424365
"136",1,"UKENAN_AW_TP000050",NA,4.31400884770329,3.45857134905444,5.16991792519123
"137",2,"UKENAN_AW_TP000050",4.897693102,4.26322373603052,3.46327639920595,5.06277844703335
"138",3,"UKENAN_AW_TP000050",NA,4.52491312626725,3.6865894897989,5.36502875413866
"139",4,"UKENAN_AW_TP000050",4.832915852,4.57051145053027,3.77046151987015,5.37038536073196
"140",5,"UKENAN_AW_TP000050",NA,4.60911511850094,3.7585624367768,5.46114162555024
"141",6,"UKENAN_AW_TP000050",4.721391894,5.05876364825828,4.25708967345054,5.86133815703367
"142",7,"UKENAN_AW_TP000050",NA,4.82689065249036,3.97438311413712,5.68117443809749
"143",8,"UKENAN_AW_TP000050",5.292221938,4.8780808749688,4.07714944180098,5.67847102078141
"144",9,"UKENAN_AW_TP000050",NA,5.02727949958863,4.17998845812906,5.87471508257156
"145",10,"UKENAN_AW_TP000050",4.155512852,5.12961697589491,4.32978651605784,5.92936839395984
"146",11,"UKENAN_AW_TP000050",NA,5.25845391913359,4.41004172876909,6.10827674542944
"147",12,"UKENAN_AW_TP000050",5.065095524,5.12138853528029,4.32138741881433,5.92083885370574
"148",13,"UKENAN_AW_TP000050",NA,5.22638153763474,4.37617625610213,6.07829240716109
"149",14,"UKENAN_AW_TP000050",5.88115928,5.43281641470708,4.6316787598883,6.23494627275614
"150",15,"UKENAN_AW_TP000050",NA,5.19130553576677,4.33766473633342,6.04706978277266
"151",16,"UKENAN_AW_TP000050",5.696996406,5.33726750198585,4.53790443718775,6.13806810642365
"152",17,"UKENAN_AW_TP000050",NA,5.14788397700524,4.2965277074871,6.00144045057648
"153",18,"UKENAN_AW_TP000050",5.196838841,5.04330461536097,4.24458312928045,5.84519355655826
"154",19,"UKENAN_AW_TP000050",NA,4.96633405018317,4.11083898494313,5.82205947651868
"155",20,"UKENAN_AW_TP000050",5.769608556,5.00653919376291,4.2082337426052,5.8085492449894
"156",21,"UKENAN_AW_TP000050",NA,5.01340082766947,4.16491699935227,5.8635638720681
"157",22,"UKENAN_AW_TP000050",5.108007771,4.86973403937742,4.07010772496961,5.66898726613003
"158",23,"UKENAN_AW_TP000050",NA,5.10014644918386,4.25450179895664,5.94666703725458
"159",24,"UKENAN_AW_TP000050",5.832983137,5.01133212704014,4.21166954353258,5.81021904065219
"160",25,"UKENAN_AW_TP000050",NA,5.1289280899738,4.28110826484778,5.97775408947921
"161",26,"UKENAN_AW_TP000050",4.816893515,5.09617849571921,4.2967025955488,5.89555371844148
"162",27,"UKENAN_AW_TP000050",NA,5.09837916266225,4.2471140142474,5.94913721220062
"163",28,"UKENAN_AW_TP000050",5.920946011,5.17821677868664,4.37779295692988,5.97772753621736
"164",29,"UKENAN_AW_TP000050",NA,5.08788555085613,4.23848885043661,5.93802679163235
"165",30,"UKENAN_AW_TP000050",5.516945447,5.04104437864232,4.24210799647964,5.84093956694547
"166",31,"UKENAN_AW_TP000050",NA,4.92867896431057,4.04240792968409,5.81408071366526
"167",32,"UKENAN_AW_TP000050",6.064806948,4.71730910013015,3.91332843901194,5.52341194093828
"168",33,"UKENAN_AW_TP000050",NA,4.90144646981893,4.07271311433223,5.73088870619139
"169",34,"UKENAN_AW_TP000050",6.077370959,4.65664422033958,3.85592937766132,5.45869201286352
"170",35,"UKENAN_AW_TP000050",NA,4.76067202435986,3.91010829830212,5.61068534407286
"171",36,"UKENAN_AW_TP000050",4.730940126,4.82564515980539,4.02706107061608,5.62501463406503
"172",37,"UKENAN_AW_TP000050",NA,5.15866602350768,4.3056849847906,6.0122554448965
"173",38,"UKENAN_AW_TP000050",5.528363757,5.22936771114036,4.42992920225373,6.02864255211232
"174",39,"UKENAN_AW_TP000050",NA,5.43690488604719,4.58796955958201,6.2867897859768
"175",40,"UKENAN_AW_TP000050",5.792439746,5.28322353732212,4.48089172666212,6.08512162556094
"176",41,"UKENAN_AW_TP000050",NA,5.44412445644479,4.58888206055852,6.30118989902038
"177",42,"UKENAN_AW_TP000050",5.651528593,5.30229302150458,4.50113820729255,6.10280098997798
"178",43,"UKENAN_AW_TP000050",NA,5.43603500928995,4.58531913889491,6.28579475775158
"179",44,"UKENAN_AW_TP000050",3.053906262,5.18243427340306,4.38143250035737,5.98316805754605
"180",45,"UKENAN_AW_TP000050",NA,5.40184577485991,4.54369459181064,6.2579797909502
"5536",1,"UKENSW_WXW_TP000005",NA,4.45682237986839,3.53972982907152,5.37491315525193
"5537",2,"UKENSW_WXW_TP000005",4.729654876,4.40860119210293,3.53771018533383,5.28145576143689
"5538",3,"UKENSW_WXW_TP000005",NA,4.70930481296029,3.80968967560508,5.60905314011063
"5539",4,"UKENSW_WXW_TP000005",5.462411531,4.64120570239965,3.76898360903737,5.51565828191244
"5540",5,"UKENSW_WXW_TP000005",NA,4.80297581029315,3.89320877149101,5.71500831370782
"5541",6,"UKENSW_WXW_TP000005",5.485437434,4.95438792067337,4.08422870074237,5.82540482380044
"5542",7,"UKENSW_WXW_TP000005",NA,4.91745126912017,4.00520311294461,5.83068663203272
"5543",8,"UKENSW_WXW_TP000005",4.921169482,4.91328675664657,4.04308891345966,5.78456828159848
"5544",9,"UKENSW_WXW_TP000005",NA,5.15403992551861,4.24112036666752,6.06753074589596
"5545",10,"UKENSW_WXW_TP000005",6.417367418,5.36869656491656,4.49631989799826,6.24091010487531
"5546",11,"UKENSW_WXW_TP000005",NA,5.40124864612264,4.49219112134322,6.31183572533137
"5547",12,"UKENSW_WXW_TP000005",5.911387071,5.39976171397002,4.52733742995343,6.27247018978507
"5548",13,"UKENSW_WXW_TP000005",NA,5.27769188808236,4.36064538846012,6.19549491819285
"5549",14,"UKENSW_WXW_TP000005",5.073329736,5.23357237307478,4.36242618385673,6.10588338233528
"5550",15,"UKENSW_WXW_TP000005",NA,5.31709625234658,4.40588341690172,6.23070051127497
"5551",16,"UKENSW_WXW_TP000005",6.166123028,5.49039837665907,4.61937956735261,6.36322735393885
"5552",17,"UKENSW_WXW_TP000005",NA,5.28192870479995,4.37370298064919,6.19278636116263
"5553",18,"UKENSW_WXW_TP000005",5.694308398,5.11356793317612,4.24285757984748,5.98555776686625
"5554",19,"UKENSW_WXW_TP000005",NA,5.08282039334853,4.17200980841812,5.99450156125179
"5555",20,"UKENSW_WXW_TP000005",5.264436408,5.21741737234828,4.34733409875949,6.08931056164899
"5556",21,"UKENSW_WXW_TP000005",NA,5.16485696434975,4.25567749144681,6.07446985313696
"5557",22,"UKENSW_WXW_TP000005",5.684147528,5.10930389547346,4.23906557293201,5.98119730120861
"5558",23,"UKENSW_WXW_TP000005",NA,5.29606573742184,4.39023544564268,6.20230697871636
"5559",24,"UKENSW_WXW_TP000005",5.685741999,5.39165413519909,4.52092308916646,6.26349283052358
"5560",25,"UKENSW_WXW_TP000005",NA,5.24110568359322,4.33387921797995,6.14893167529269
"5561",26,"UKENSW_WXW_TP000005",5.4262334,5.09306846666035,4.2212815065221,5.96284681969568
"5562",27,"UKENSW_WXW_TP000005",NA,5.12505728091541,4.21545360526878,6.03450226673088
"5563",28,"UKENSW_WXW_TP000005",5.178558337,5.22144114468653,4.35048603914603,6.09121987798925
"5564",29,"UKENSW_WXW_TP000005",NA,5.1982139929745,4.29235580781677,6.10423613764683
"5565",30,"UKENSW_WXW_TP000005",5.362323562,5.15259456420263,4.28275023453274,6.02400271904748
"5566",31,"UKENSW_WXW_TP000005",NA,5.07406548570008,4.1403867991291,6.00750628352898
"5567",32,"UKENSW_WXW_TP000005",5.355891138,5.18852018046418,4.3150341239735,6.06387909266839
"5568",33,"UKENSW_WXW_TP000005",NA,5.02420672511644,4.13056239870123,5.91773284454138
"5569",34,"UKENSW_WXW_TP000005",5.490448921,4.95461765962808,4.08480415780926,5.82646324264574
"5570",35,"UKENSW_WXW_TP000005",NA,4.8369447808974,3.92884837100731,5.74599139550431
"5571",36,"UKENSW_WXW_TP000005",5.641982682,4.71971355717966,3.84656767191459,5.59085635604069
"5572",37,"UKENSW_WXW_TP000005",NA,5.34346263969075,4.43463633099747,6.25331764437918
"5573",38,"UKENSW_WXW_TP000005",5.292398221,5.23960768195026,4.36836863695256,6.11102029786704
"5574",39,"UKENSW_WXW_TP000005",NA,5.55178203734037,4.64539832579659,6.45944848885712
"5575",40,"UKENSW_WXW_TP000005",5.838942358,5.4669603386109,4.59674194987681,6.33915060831035
"5576",41,"UKENSW_WXW_TP000005",NA,5.57939776181689,4.67140634689582,6.4882469086674
"5577",42,"UKENSW_WXW_TP000005",5.777003046,5.3761617636313,4.5052632806641,6.24718727618927
"5578",43,"UKENSW_WXW_TP000005",NA,5.56021987413263,4.65989447685717,6.46180287375571
"5579",44,"UKENSW_WXW_TP000005",6.179185601,5.33643836458456,4.46562898643661,6.20715176239213
"5580",45,"UKENSW_WXW_TP000005",NA,5.40916927534825,4.48694317278836,6.33101059150801
"2521",1,"UKENNE_NU_TP000051",NA,4.43592709917052,3.53717685437783,5.33511615852904
"2522",2,"UKENNE_NU_TP000051",4.912985273,4.34850829330401,3.48634638393407,5.21078187287052
"2523",3,"UKENNE_NU_TP000051",4.705288235,4.64190893235789,3.77057952495275,5.51388010987626
"2524",4,"UKENNE_NU_TP000051",NA,4.74920064068591,3.87769070008943,5.62184681229614
"2525",5,"UKENNE_NU_TP000051",NA,4.86834461631373,3.97949187965855,5.75862708573277
"2526",6,"UKENNE_NU_TP000051",5.538569139,4.81080612198642,3.94790558888932,5.67518032847385
"2527",7,"UKENNE_NU_TP000051",NA,4.89451345183512,3.99988534171792,5.79074073659492
"2528",8,"UKENNE_NU_TP000051",4.727429466,4.91324153804896,4.05349855250391,5.7745068161873
"2529",9,"UKENNE_NU_TP000051",NA,5.06313276205329,4.1709363014681,5.9566906860274
"2530",10,"UKENNE_NU_TP000051",4.813834236,5.13280712977042,4.27186499765716,5.99444554196605
"2531",11,"UKENNE_NU_TP000051",NA,5.34256048283945,4.45312761019311,6.23341591535509
"2532",12,"UKENNE_NU_TP000051",5.611156238,5.43722810034402,4.57787096111064,6.29807182267514
"2533",13,"UKENNE_NU_TP000051",NA,5.32507486906235,4.43633882739207,6.21570495385427
"2534",14,"UKENNE_NU_TP000051",6.208434329,5.39874981356013,4.54013994417832,6.25827142031646
"2535",15,"UKENNE_NU_TP000051",NA,5.31502276525071,4.4270162045231,6.20496518434825
"2536",16,"UKENNE_NU_TP000051",5.585677846,5.47160311113501,4.61216857388007,6.3328117021847
"2537",17,"UKENNE_NU_TP000051",NA,5.36744000264828,4.48024090944912,6.25625391110532
"2538",18,"UKENNE_NU_TP000051",5.193000839,5.30360984908122,4.44353512801447,6.16537591538274
"2539",19,"UKENNE_NU_TP000051",NA,5.12323287595743,4.23456496520595,6.01380271846279
"2540",20,"UKENNE_NU_TP000051",5.693474379,5.09166027268739,4.23160882818889,5.95194259911191
"2541",21,"UKENNE_NU_TP000051",NA,5.15551984237524,4.26872626543093,6.04374783220467
"2542",22,"UKENNE_NU_TP000051",5.603358274,5.16681153287532,4.30741130409569,6.02756361789936
"2543",23,"UKENNE_NU_TP000051",NA,5.23628530663004,4.35017785877904,6.12464223072851
"2544",24,"UKENNE_NU_TP000051",5.345498623,5.20007346945441,4.34114911262068,6.06041223254466
"2545",25,"UKENNE_NU_TP000051",NA,5.28077908507757,4.39313219566793,6.16948791610447
"2546",26,"UKENNE_NU_TP000051",5.017589204,5.19417103644774,4.333954374244,6.05537423831354
"2547",27,"UKENNE_NU_TP000051",NA,5.14687727311359,4.26639032965776,6.02868395304199
"2548",28,"UKENNE_NU_TP000051",4.483677445,5.37470216477069,4.51652300248214,6.23357336020934
"2549",29,"UKENNE_NU_TP000051",NA,5.21883835955973,4.34010423780351,6.09871022441648
"2550",30,"UKENNE_NU_TP000051",5.148772699,5.13726423033761,4.27851849118059,5.99468130123407
"2551",31,"UKENNE_NU_TP000051",NA,5.12218848533649,4.2121688460406,6.03304749864684
"2552",32,"UKENNE_NU_TP000051",5.65711866,5.22511274422088,4.3660320057769,6.08348153239888
"2553",33,"UKENNE_NU_TP000051",NA,5.05350097957762,4.18201227090719,5.92542438622629
"2554",34,"UKENNE_NU_TP000051",5.675064481,5.01165393620429,4.15245954798116,5.87050463284625
"2555",35,"UKENNE_NU_TP000051",NA,4.90415074056014,4.02195891048674,5.78599820828856
"2556",36,"UKENNE_NU_TP000051",5.581010738,5.00717438558914,4.14822900579276,5.86538739101822
"2557",37,"UKENNE_NU_TP000051",NA,5.30640320435489,4.42435119052796,6.18965500691203
"2558",38,"UKENNE_NU_TP000051",3.203879475,5.08670983404871,4.22407098725817,5.94837800178624
"2559",39,"UKENNE_NU_TP000051",NA,5.64567866656782,4.76498209343989,6.52709445607046
"2560",40,"UKENNE_NU_TP000051",5.396058301,5.63592123614092,4.77619666842564,6.49578274750416
"2561",41,"UKENNE_NU_TP000051",NA,5.61479942064744,4.73436784028578,6.49580773824787
"2562",42,"UKENNE_NU_TP000051",5.900587622,5.65775411431164,4.79784203890094,6.51723523627181
"2563",43,"UKENNE_NU_TP000051",NA,5.5791867026036,4.70079204276435,6.45826122543535
"2564",44,"UKENNE_NU_TP000051",5.08712781,5.55446713881077,4.69541718237919,6.41406733369879
"2565",45,"UKENNE_NU_TP000051",NA,5.38165492055571,4.47694807622433,6.28527646514462
"5896",1,"UKENTH_TWU_TP000015",NA,3.99242552164396,3.08152240769659,4.90363287507863
"5897",2,"UKENTH_TWU_TP000015",4.533701796,3.91402277931759,3.04886656024815,4.78151287419734
"5898",3,"UKENTH_TWU_TP000015",NA,4.22412453291845,3.33130622272423,5.11750825598937
"5899",4,"UKENTH_TWU_TP000015",4.920774112,4.10468470206392,3.23801869585283,4.97221784210662
"5900",5,"UKENTH_TWU_TP000015",NA,4.3965308521079,3.49147567955666,5.30366936632318
"5901",6,"UKENTH_TWU_TP000015",5.291188143,4.60705615375327,3.74134534558434,5.47299546845571
"5902",7,"UKENTH_TWU_TP000015",NA,4.45582784842247,3.54761592685255,5.36498340182016
"5903",8,"UKENTH_TWU_TP000015",4.54535395,4.5239346262926,3.65850835680189,5.39053906027567
"5904",9,"UKENTH_TWU_TP000015",NA,4.71887161199189,3.81056617430378,5.62818466837062
"5905",10,"UKENTH_TWU_TP000015",5.207189816,4.86225522965662,3.99804423749958,5.72731005034262
"5906",11,"UKENTH_TWU_TP000015",NA,4.86971041251562,3.96905182710576,5.77221963624403
"5907",12,"UKENTH_TWU_TP000015",5.074133979,4.76222441924606,3.89395215000838,5.6299839068059
"5908",13,"UKENTH_TWU_TP000015",NA,4.72382937251164,3.82097926851704,5.62742105917575
"5909",14,"UKENTH_TWU_TP000015",5.275729652,4.96763383403772,4.10234613294962,5.83334135651258
"5910",15,"UKENTH_TWU_TP000015",NA,4.82676872470877,3.91897102303611,5.73615567609744
"5911",16,"UKENTH_TWU_TP000015",5.063791443,4.87408455834847,4.00944543603969,5.73923895490702
"5912",17,"UKENTH_TWU_TP000015",NA,4.83821648497893,3.93301944877921,5.74521175424473
"5913",18,"UKENTH_TWU_TP000015",4.069552244,4.69870669439087,3.83481271935288,5.56406508710633
"5914",19,"UKENTH_TWU_TP000015",NA,4.67114587783129,3.75288748589131,5.59020221660915
"5915",20,"UKENTH_TWU_TP000015",4.74909116,4.84271727535691,3.97845808674143,5.7070966172321
"5916",21,"UKENTH_TWU_TP000015",NA,4.70285899594001,3.80000020355245,5.60702484713838
"5917",22,"UKENTH_TWU_TP000015",5.427977514,4.50275215341319,3.63738419953116,5.36824395826549
"5918",23,"UKENTH_TWU_TP000015",NA,4.88721347487776,3.9856369027959,5.79054441820082
"5919",24,"UKENTH_TWU_TP000015",5.538265927,4.83515269940513,3.96790579467753,5.70276483636834
"5920",25,"UKENTH_TWU_TP000015",NA,4.80409854063615,3.89159447071683,5.71772596180401
"5921",26,"UKENTH_TWU_TP000015",4.413028395,4.71084143835542,3.84733179449363,5.57555452078583
"5922",27,"UKENTH_TWU_TP000015",NA,4.54476117397222,3.63704574276446,5.45158422577417
"5923",28,"UKENTH_TWU_TP000015",5.514537317,4.72899544563534,3.86474187804747,5.59434728922635
"5924",29,"UKENTH_TWU_TP000015",NA,4.78008258527218,3.87531638594242,5.68667239344712
"5925",30,"UKENTH_TWU_TP000015",4.779730197,4.59811545853907,3.73358075809742,5.4638164198338
"5926",31,"UKENTH_TWU_TP000015",NA,4.58907052811081,3.64292497729588,5.53466631406511
"5927",32,"UKENTH_TWU_TP000015",5.011385329,4.53439291293602,3.66742807737599,5.4029621122266
"5928",33,"UKENTH_TWU_TP000015",4.27179876,4.67299372400425,3.78753207064947,5.5597953294075
"5929",34,"UKENTH_TWU_TP000015",NA,4.61281729396786,3.7454743687326,5.48305677438575
"5930",35,"UKENTH_TWU_TP000015",NA,4.36530333209023,3.46013024430902,5.27040676947409
"5931",36,"UKENTH_TWU_TP000015",4.471137275,4.47011762859529,3.60469303249602,5.3356901268236
"5932",37,"UKENTH_TWU_TP000015",NA,4.93889603472178,4.03192376196644,5.84761552896836
"5933",38,"UKENTH_TWU_TP000015",4.669684964,4.9265001224466,4.06153933945086,5.79207815176679
"5934",39,"UKENTH_TWU_TP000015",NA,5.16700318358799,4.26233351216711,6.07422528597559
"5935",40,"UKENTH_TWU_TP000015",4.682050968,5.05152712230649,4.1870646457312,5.91696990356628
"5936",41,"UKENTH_TWU_TP000015",NA,5.18014848138629,4.27436482704282,6.08809283951
"5937",42,"UKENTH_TWU_TP000015",5.464174453,5.13326421495526,4.26806873098024,5.99909724984377
"5938",43,"UKENTH_TWU_TP000015",NA,5.1149097249924,4.21080116777634,6.02011318599495
"5939",44,"UKENTH_TWU_TP000015",5.085423721,4.92790299581152,4.06200788296067,5.79618667733399
"5940",45,"UKENTH_TWU_TP000015",NA,4.99197069566118,4.07123219516381,5.91244346013007
"5986",1,"UKENTH_TWU_TP000033",NA,4.28982182779806,3.3757636433929,5.20352544496266
"5987",2,"UKENTH_TWU_TP000033",3.377917795,4.16358876108571,3.30277418058554,5.02602916481049
"5988",3,"UKENTH_TWU_TP000033",NA,4.53298696441754,3.64108561003654,5.42471274270747
"5989",4,"UKENTH_TWU_TP000033",5.209623851,4.41265568968318,3.55050391959909,5.27457355486634
"5990",5,"UKENTH_TWU_TP000033",NA,4.64374814540182,3.73511647840098,5.553779659371
"5991",6,"UKENTH_TWU_TP000033",4.744120977,4.76874202367066,3.90161873392665,5.6311720519336
"5992",7,"UKENTH_TWU_TP000033",NA,4.77821982558846,3.86728343875819,5.68963856297945
"5993",8,"UKENTH_TWU_TP000033",4.391652521,4.8084508138698,3.948821539043,5.66897373666217
"5994",9,"UKENTH_TWU_TP000033",NA,5.01753881149421,4.1132978034259,5.92189997564926
"5995",10,"UKENTH_TWU_TP000033",5.13722822,5.27017584028463,4.41031406325639,6.13138009609211
"5996",11,"UKENTH_TWU_TP000033",NA,5.17852954362075,4.27572780185984,6.08288281346096
"5997",12,"UKENTH_TWU_TP000033",4.563494575,5.1502867044862,4.28989103115088,6.01077475275019
"5998",13,"UKENTH_TWU_TP000033",NA,5.06884276362606,4.16272517215739,5.97606386079756
"5999",14,"UKENTH_TWU_TP000033",5.684627108,5.27128089635546,4.41241654813741,6.13060656237594
"6000",15,"UKENTH_TWU_TP000033",NA,5.15821876679392,4.2484838857655,6.06934059635512
"6001",16,"UKENTH_TWU_TP000033",5.453979942,5.30315254036429,4.44341069857418,6.16693620387154
"6002",17,"UKENTH_TWU_TP000033",NA,5.13406157132022,4.22593730486009,6.04408123749487
"6003",18,"UKENTH_TWU_TP000033",5.047208762,4.96840180257033,4.1099196382622,5.82790581355986
"6004",19,"UKENTH_TWU_TP000033",NA,4.94780832608851,4.03376495705985,5.86130208036215
"6005",20,"UKENTH_TWU_TP000033",NA,5.11541984033413,4.25653417132577,5.97456010542745
"6006",21,"UKENTH_TWU_TP000033",NA,4.99679633957576,4.09157915255567,5.90273722879834
"6007",22,"UKENTH_TWU_TP000033",NA,4.75092182611524,3.88762499316678,5.61122861890147
"6008",23,"UKENTH_TWU_TP000033",5.147266715,5.17717111913126,4.27371534134839,6.08030406881426
"6009",24,"UKENTH_TWU_TP000033",4.886714995,5.13864953526049,4.27772789081249,6.00054978198012
"6010",25,"UKENTH_TWU_TP000033",NA,5.09266744064984,4.18812318515448,5.99790954543401
"6011",26,"UKENTH_TWU_TP000033",4.52152913,4.94266207715362,4.08127226878392,5.80297336209802
"6012",27,"UKENTH_TWU_TP000033",NA,4.92353354819213,4.01585145082931,5.83146181740649
"6013",28,"UKENTH_TWU_TP000033",4.882467458,5.06166169988063,4.2027451591238,5.92309184422948
"6014",29,"UKENTH_TWU_TP000033",NA,5.03819368874547,4.13093735202523,5.94653861872239
"6015",30,"UKENTH_TWU_TP000033",4.167668933,4.92896893990987,4.06997414748066,5.79075464118272
"6016",31,"UKENTH_TWU_TP000033",NA,4.87615591923784,3.91881276813905,5.83151339075566
"6017",32,"UKENTH_TWU_TP000033",NA,4.89609781461976,4.02264914107536,5.77280765298892
"6018",33,"UKENTH_TWU_TP000033",5.156295505,4.96716873087203,4.0955777179982,5.83985727196408
"6019",34,"UKENTH_TWU_TP000033",3.728524495,4.83615811976133,3.97678332958852,5.69667795315746
"6020",35,"UKENTH_TWU_TP000033",NA,4.70075888797683,3.79408705562883,5.60784439779342
"6021",36,"UKENTH_TWU_TP000033",4.800259251,4.80712375792553,3.94834398044884,5.6674905243992
"6022",37,"UKENTH_TWU_TP000033",NA,5.20828201696468,4.29807901912925,6.1191704655783
"6023",38,"UKENTH_TWU_TP000033",5.535982984,5.11837088539146,4.2570005896685,5.97743037431786
"6024",39,"UKENTH_TWU_TP000033",NA,5.45719662382091,4.5519463784324,6.36322960248842
"6025",40,"UKENTH_TWU_TP000033",NA,5.28358930624028,4.42459876855478,6.14287328216197
"6026",41,"UKENTH_TWU_TP000033",NA,5.46461494196797,4.55551985169236,6.37495201532173
"6027",42,"UKENTH_TWU_TP000033",5.78563861,5.42620322292269,4.56708880751012,6.28547105822302
"6028",43,"UKENTH_TWU_TP000033",NA,5.42443881968472,4.52812033286647,6.3214322721692
"6029",44,"UKENTH_TWU_TP000033",NA,5.23437937227983,4.37330200264867,6.09810784565551
"6030",45,"UKENTH_TWU_TP000033",5.542301291,5.30032579093183,4.39666364342527,6.2038193131019
"6031",1,"UKENTH_TWU_TP000050",NA,4.24766456580707,3.35227201050719,5.14269615400146
"6032",2,"UKENTH_TWU_TP000050",4.138199744,4.13156577220844,3.27328577120971,4.99164335269394
"6033",3,"UKENTH_TWU_TP000050",NA,4.4621168860976,3.58449477079434,5.33973363295927
"6034",4,"UKENTH_TWU_TP000050",4.747094043,4.36195246377782,3.50231071121595,5.2224485264526
"6035",5,"UKENTH_TWU_TP000050",NA,4.61169706708726,3.72194402052084,5.50300034306527
"6036",6,"UKENTH_TWU_TP000050",4.79456197,4.78256112559919,3.92286447856113,5.64084191303596
"6037",7,"UKENTH_TWU_TP000050",NA,4.67497386427137,3.78124726312106,5.56917342230768
"6038",8,"UKENTH_TWU_TP000050",4.723244815,4.71765701540912,3.85983003618231,5.57587649403623
"6039",9,"UKENTH_TWU_TP000050",NA,4.94653124591611,4.05525670462012,5.83788824172159
"6040",10,"UKENTH_TWU_TP000050",5.064254974,5.10252533666653,4.24487784120909,5.96017040190566
"6041",11,"UKENTH_TWU_TP000050",NA,5.09395205950959,4.20695406246249,5.98244445701594
"6042",12,"UKENTH_TWU_TP000050",4.45059162,5.10121752667092,4.24301469986675,5.95931047364693
"6043",13,"UKENTH_TWU_TP000050",NA,4.99397411760917,4.10595971401691,5.88278771544194
"6044",14,"UKENTH_TWU_TP000050",5.463779994,5.13436254857083,4.27629238090368,5.9917348662538
"6045",15,"UKENTH_TWU_TP000050",NA,5.07175633615804,4.18178595368453,5.9629945953005
"6046",16,"UKENTH_TWU_TP000050",5.37261611,5.09615082012798,4.23802050529264,5.95435706269216
"6047",17,"UKENTH_TWU_TP000050",NA,5.05422821192011,4.1655530344091,5.9440716631665
"6048",18,"UKENTH_TWU_TP000050",4.908452854,4.91865120446596,4.06109222178932,5.77670784321302
"6049",19,"UKENTH_TWU_TP000050",NA,4.9005397157995,4.00403063839255,5.79723548273063
"6050",20,"UKENTH_TWU_TP000050",4.733577254,5.09160925640526,4.23084842303724,5.95095078978782
"6051",21,"UKENTH_TWU_TP000050",NA,4.89605840971032,4.00859481150931,5.78382944242758
"6052",22,"UKENTH_TWU_TP000050",4.449332637,4.76572941382029,3.90703093089251,5.62325768377992
"6053",23,"UKENTH_TWU_TP000050",NA,5.09628095000613,4.21045649462557,5.98269268104909
"6054",24,"UKENTH_TWU_TP000050",5.594355055,5.04052382781811,4.1812664605683,5.89907636990376
"6055",25,"UKENTH_TWU_TP000050",NA,5.02163597904774,4.12977523034325,5.91404627238248
"6056",26,"UKENTH_TWU_TP000050",4.319669205,4.9237014780509,4.06614084662441,5.78120680665614
"6057",27,"UKENTH_TWU_TP000050",NA,4.8268495907308,3.93710013235104,5.71610759056423
"6058",28,"UKENTH_TWU_TP000050",5.276039635,4.95752158493614,4.09958557613547,5.81628116140489
"6059",29,"UKENTH_TWU_TP000050",NA,4.97927464922459,4.09108200626306,5.86822542480589
"6060",30,"UKENTH_TWU_TP000050",5.748334236,4.87593137886854,4.01811961183438,5.73513464011832
"6061",31,"UKENTH_TWU_TP000050",NA,4.81474808073566,3.88326904411154,5.74483028318745
"6062",32,"UKENTH_TWU_TP000050",5.255090245,4.80833333431137,3.9485437322709,5.67023152815625
"6063",33,"UKENTH_TWU_TP000050",NA,4.88494180137465,4.01428929272885,5.75603216457555
"6064",34,"UKENTH_TWU_TP000050",5.012902681,4.78368943958466,3.92374072384609,5.64522644554488
"6065",35,"UKENTH_TWU_TP000050",NA,4.60736272929337,3.71774824236471,5.49620018586168
"6066",36,"UKENTH_TWU_TP000050",5.378319617,4.6864735799409,3.82833089338096,5.54388137398706
"6067",37,"UKENTH_TWU_TP000050",NA,5.14791307416193,4.25794955127106,6.03862786826341
"6068",38,"UKENTH_TWU_TP000050",5.580995122,5.09003941174982,4.23100551455739,5.94787225929499
"6069",39,"UKENTH_TWU_TP000050",NA,5.38275747850766,4.49523864326399,6.27090192949144
"6070",40,"UKENTH_TWU_TP000050",3.447094187,5.2441139828567,4.38633065483296,6.1028734441639
"6071",41,"UKENTH_TWU_TP000050",NA,5.37720382001885,4.48811069155912,6.26754246881716
"6072",42,"UKENTH_TWU_TP000050",5.434722278,5.3403151275035,4.48189138299028,6.19838165582732
"6073",43,"UKENTH_TWU_TP000050",NA,5.32057634301905,4.43347656355941,6.20814527741754
"6074",44,"UKENTH_TWU_TP000050",5.615590988,5.14623500890148,4.28835920991894,6.00601419011251
"6075",45,"UKENTH_TWU_TP000050",NA,5.20695797226937,4.30233850093926,6.11079739214094
"6166",1,"UKENTH_TWU_TP000073",4.29831765,4.27182232978947,3.36573830831416,5.17814827558679
"6167",2,"UKENTH_TWU_TP000073",3.610817236,4.14880197684927,3.28920954935869,5.0094939445443
"6168",3,"UKENTH_TWU_TP000073",NA,4.512175027828,3.62659481919557,5.39757088806384
"6169",4,"UKENTH_TWU_TP000073",4.929519288,4.39308955249172,3.53234952211369,5.25366417064104
"6170",5,"UKENTH_TWU_TP000073",NA,4.63693739351255,3.73615999241838,5.53855287776438
"6171",6,"UKENTH_TWU_TP000073",4.232178755,4.78814564950585,3.92610764254227,5.64800507552933
"6172",7,"UKENTH_TWU_TP000073",NA,4.74096056449227,3.83733163242881,5.64501785931259
"6173",8,"UKENTH_TWU_TP000073",5.047347249,4.78084180023745,3.92186119384684,5.64040611560294
"6174",9,"UKENTH_TWU_TP000073",NA,4.99556327826988,4.09816239713806,5.89363489501166
"6175",10,"UKENTH_TWU_TP000073",5.061132436,5.1991935055102,4.34005879292644,6.05884006296053
"6176",11,"UKENTH_TWU_TP000073",NA,5.14396295208358,4.24886831686298,6.04031375832559
"6177",12,"UKENTH_TWU_TP000073",4.374784095,5.12839440440847,4.2687089083994,5.98825972030716
"6178",13,"UKENTH_TWU_TP000073",NA,5.03904736678379,4.14154594728781,5.93737066554797
"6179",14,"UKENTH_TWU_TP000073",5.355109107,5.21496866918254,4.35637606899466,6.07352821065257
"6180",15,"UKENTH_TWU_TP000073",NA,5.12741020946424,4.22663912206297,6.02965915871498
"6181",16,"UKENTH_TWU_TP000073",4.607343715,5.22309448840365,4.36454994761809,6.08368012276703
"6182",17,"UKENTH_TWU_TP000073",NA,5.10352915766699,4.2040553721182,6.00441870438859
"6183",18,"UKENTH_TWU_TP000073",5.532816965,4.95127165709042,4.09310156930545,5.81023666462209
"6184",19,"UKENTH_TWU_TP000073",NA,4.93106042810844,4.02504566379903,5.83725512111034
"6185",20,"UKENTH_TWU_TP000073",5.250868991,5.10395712897164,4.24457425045242,5.96316278739496
"6186",21,"UKENTH_TWU_TP000073",NA,4.96443428959221,4.06709628179746,5.86237631040802
"6187",22,"UKENTH_TWU_TP000073",5.670279373,4.7524344146699,3.89160173617153,5.6113974915833
"6188",23,"UKENTH_TWU_TP000073",NA,5.15368459521444,4.2587234762576,6.04924045222572
"6189",24,"UKENTH_TWU_TP000073",4.314899141,5.09332279385188,4.23286039397483,5.9532793177777
"6190",25,"UKENTH_TWU_TP000073",NA,5.07326585910922,4.17289616951069,5.97360368077282
"6191",26,"UKENTH_TWU_TP000073",5.853000604,4.94701557520384,4.08595459321473,5.80677719767717
"6192",27,"UKENTH_TWU_TP000073",NA,4.89130234751959,3.99058074274513,5.79107802967061
"6193",28,"UKENTH_TWU_TP000073",5.453998076,5.01916037526844,4.15963308623759,5.87906920275288
"6194",29,"UKENTH_TWU_TP000073",NA,5.02699065069497,4.12687035792352,5.92722757849527
"6195",30,"UKENTH_TWU_TP000073",5.530246708,4.91838103683033,4.05902914284845,5.77925229719624
"6196",31,"UKENTH_TWU_TP000073",NA,4.85570130443827,3.91169393089327,5.79856376055852
"6197",32,"UKENTH_TWU_TP000073",NA,4.87421665999815,4.0072696855888,5.74358113839729
"6198",33,"UKENTH_TWU_TP000073",5.112510431,4.93381652966995,4.06134705789912,5.80684589335655
"6199",34,"UKENTH_TWU_TP000073",5.638787837,4.82637372897774,3.96693921869367,5.68681408266423
"6200",35,"UKENTH_TWU_TP000073",NA,4.66975792002249,3.77029561367526,5.56889686492721
"6201",36,"UKENTH_TWU_TP000073",6.292970794,4.75783034746975,3.89954231998443,5.6165354441713
"6202",37,"UKENTH_TWU_TP000073",NA,5.18745655638311,4.28619569658697,6.08939083240238
"6203",38,"UKENTH_TWU_TP000073",3.269047342,5.12025923540824,4.26065994172769,5.97870064426614
"6204",39,"UKENTH_TWU_TP000073",NA,5.43170915936035,4.53436725022819,6.33055369621664
"6205",40,"UKENTH_TWU_TP000073",5.170552264,5.27633871503355,4.41760959237411,6.13498674925694
"6206",41,"UKENTH_TWU_TP000073",NA,5.4408282403675,4.53995887723673,6.34256387332852
"6207",42,"UKENTH_TWU_TP000073",5.418448041,5.39972769838532,4.54055687877746,6.25838008911767
"6208",43,"UKENTH_TWU_TP000073",NA,5.39093522320432,4.49803287584457,6.28372325908705
"6209",44,"UKENTH_TWU_TP000073",5.314904821,5.20433791437155,4.34364407940262,6.06552397255913
"6210",45,"UKENTH_TWU_TP000073",5.992845646,5.27141301477664,4.36739479425528,6.17440767647549
"6211",1,"UKENTH_TWU_TP000084",NA,4.18767541427342,3.27106332972365,5.10461414635372
"6212",2,"UKENTH_TWU_TP000084",4.421613524,4.10602165668285,3.23819862287396,4.97728816655606
"6213",3,"UKENTH_TWU_TP000084",3.260843892,4.42599093674962,3.52887730357779,5.3238512347251
"6214",4,"UKENTH_TWU_TP000084",NA,4.30182422523881,3.43199619169325,5.17277425967499
"6215",5,"UKENTH_TWU_TP000084",NA,4.58473949231327,3.6749271406332,5.49724502500642
"6216",6,"UKENTH_TWU_TP000084",4.869693589,4.79538923817845,3.92612155660245,5.66436136381162
"6217",7,"UKENTH_TWU_TP000084",NA,4.66683978649545,3.75404125979413,5.58062072260057
"6218",8,"UKENTH_TWU_TP000084",3.672312835,4.73134513102773,3.86241013432353,5.60188709072882
"6219",9,"UKENTH_TWU_TP000084",NA,4.91964559138411,4.00931467916929,5.83118427902771
"6220",10,"UKENTH_TWU_TP000084",5.090004239,5.07812476626925,4.20950769136124,5.94739465342579
"6221",11,"UKENTH_TWU_TP000084",NA,5.070570614787,4.16613809808942,5.97719753966105
"6222",12,"UKENTH_TWU_TP000084",5.626981159,4.95356675054765,4.08074299303823,5.82521006681785
"6223",13,"UKENTH_TWU_TP000084",NA,4.93137377104027,4.02472957990654,5.83876197797158
"6224",14,"UKENTH_TWU_TP000084",4.481871984,5.17447537113286,4.30561020433766,6.04313444696742
"6225",15,"UKENTH_TWU_TP000084",NA,5.0350436534388,4.12181694904723,5.9497784025216
"6226",16,"UKENTH_TWU_TP000084",5.11451675,5.11220882189999,4.24538572452519,5.9809038972084
"6227",17,"UKENTH_TWU_TP000084",NA,5.04042063788958,4.13006430837721,5.95308730795548
"6228",18,"UKENTH_TWU_TP000084",3.484497842,4.89008863914612,4.023556312247,5.75879598919206
"6229",19,"UKENTH_TWU_TP000084",NA,4.86856144234516,3.9464521591999,5.7911164441464
"6230",20,"UKENTH_TWU_TP000084",4.777146722,5.01972916716408,4.1516509686103,5.88707112692726
"6231",21,"UKENTH_TWU_TP000084",NA,4.9091849605784,4.00163717306285,5.81840181069722
"6232",22,"UKENTH_TWU_TP000084",5.047306553,4.6779034547301,3.80901640700463,5.54642934819107
"6233",23,"UKENTH_TWU_TP000084",NA,5.08678250001017,4.18003182296809,5.99493584058047
"6234",24,"UKENTH_TWU_TP000084",5.125437895,5.03901537042971,4.16964161768474,5.90916002586195
"6235",25,"UKENTH_TWU_TP000084",NA,5.00551730286076,4.08989698352989,5.92255529531463
"6236",26,"UKENTH_TWU_TP000084",4.536544134,4.90284444260854,4.03638130292026,5.77094125493074
"6237",27,"UKENTH_TWU_TP000084",NA,4.76281046285275,3.8509451797339,5.67352387252169
"6238",28,"UKENTH_TWU_TP000084",4.728760083,4.93481907079841,4.06803683851997,5.80361532417901
"6239",29,"UKENTH_TWU_TP000084",NA,4.97774582031988,4.06818032786262,5.88952155799721
"6240",30,"UKENTH_TWU_TP000084",5.11875535,4.81558853847025,3.94840236751856,5.68562469997043
"6241",31,"UKENTH_TWU_TP000084",NA,4.78972013896585,3.83863794079465,5.74007116536146
"6242",32,"UKENTH_TWU_TP000084",4.109576888,4.75818310570681,3.88702926551192,5.63269954314881
"6243",33,"UKENTH_TWU_TP000084",4.218063571,4.87624471236352,3.98830391628993,5.76560324615376
"6244",34,"UKENTH_TWU_TP000084",NA,4.80961937198359,3.94046450066334,5.6819523173677
"6245",35,"UKENTH_TWU_TP000084",NA,4.57511153381013,3.66539545244883,5.48490705635222
"6246",36,"UKENTH_TWU_TP000084",4.008045721,4.69260881791999,3.82515154824928,5.56065454720527
"6247",37,"UKENTH_TWU_TP000084",NA,5.13580688437092,4.22345874373967,6.04980259297289
"6248",38,"UKENTH_TWU_TP000084",4.908403155,5.12493492336777,4.25724202270088,5.99324412301842
"6249",39,"UKENTH_TWU_TP000084",NA,5.36918145646397,4.45964761175818,6.28117464641686
"6250",40,"UKENTH_TWU_TP000084",5.030651018,5.2481682236336,4.38133295797955,6.11619486834128
"6251",41,"UKENTH_TWU_TP000084",NA,5.38305228965494,4.47213283851443,6.29644671817425
"6252",42,"UKENTH_TWU_TP000084",5.357662783,5.33920453048024,4.47115326402567,6.20753242459772
"6253",43,"UKENTH_TWU_TP000084",NA,5.32587143084351,4.42017852764987,6.2326936234749
"6254",44,"UKENTH_TWU_TP000084",5.32433097,5.12297221693238,4.25475753750003,5.99406936901974
"6255",45,"UKENTH_TWU_TP000084",NA,5.19704907161617,4.27696331003413,6.11700066106883
"6436",1,"UKENTH_TWU_TP000113",NA,3.86578796804187,2.95030682978157,4.78078122355601
"6437",2,"UKENTH_TWU_TP000113",3.326971186,3.79234640116077,2.9286457047934,4.65768818480221
"6438",3,"UKENTH_TWU_TP000113",NA,4.10839720420168,3.2129917063527,5.00334823934206
"6439",4,"UKENTH_TWU_TP000113",3.709173625,3.98431394707014,3.11848636488649,4.84992214808429
"6440",5,"UKENTH_TWU_TP000113",NA,4.26176671275562,3.35177567008712,5.17302969551697
"6441",6,"UKENTH_TWU_TP000113",4.170151604,4.49118372893189,3.62692430164769,5.35456325969176
"6442",7,"UKENTH_TWU_TP000113",NA,4.36643996793629,3.45312707441287,5.27996660069386
"6443",8,"UKENTH_TWU_TP000113",3.899681029,4.42656326558929,3.56129076898898,5.29224688152067
"6444",9,"UKENTH_TWU_TP000113",NA,4.60339766130486,3.69579762448885,5.51122629263995
"6445",10,"UKENTH_TWU_TP000113",4.51482626,4.77070191911763,3.90605274312927,5.63494086593268
"6446",11,"UKENTH_TWU_TP000113",NA,4.75888634626003,3.85643037674429,5.66219765534962
"6447",12,"UKENTH_TWU_TP000113",4.496975401,4.61253385185603,3.7426947297779,5.47990984824891
"6448",13,"UKENTH_TWU_TP000113",NA,4.61640845033403,3.71162795712057,5.52102285342906
"6449",14,"UKENTH_TWU_TP000113",4.3671804,4.87816952542572,4.01375874850326,5.74156956718618
"6450",15,"UKENTH_TWU_TP000113",NA,4.72238357201182,3.80908591384305,5.63636422550513
"6451",16,"UKENTH_TWU_TP000113",4.635090128,4.8152113634052,3.95268209473154,5.67856258827245
"6452",17,"UKENTH_TWU_TP000113",NA,4.72804592587865,3.81677871337483,5.6406248685833
"6453",18,"UKENTH_TWU_TP000113",3.280216469,4.56341299573377,3.70094489236357,5.42646583397266
"6454",19,"UKENTH_TWU_TP000113",NA,4.55141370588806,3.62874296803568,5.47397946298598
"6455",20,"UKENTH_TWU_TP000113",3.787171405,4.68196540641613,3.81822088336628,5.54441616890942
"6456",21,"UKENTH_TWU_TP000113",NA,4.60182983581115,3.69406267984379,5.51050076900091
"6457",22,"UKENTH_TWU_TP000113",4.319773248,4.34006792075885,3.47451259862568,5.20399822381035
"6458",23,"UKENTH_TWU_TP000113",NA,4.77186220745307,3.86536294505164,5.67871315940728
"6459",24,"UKENTH_TWU_TP000113",4.137991965,4.73780964320501,3.87276947693821,5.60278640143938
"6460",25,"UKENTH_TWU_TP000113",NA,4.69352501967856,3.77685467836579,5.61072124114665
"6461",26,"UKENTH_TWU_TP000113",4.653158372,4.59440375329974,3.73241574138223,5.45701464812285
"6462",27,"UKENTH_TWU_TP000113",NA,4.45496404686725,3.54311452612597,5.36518697412539
"6463",28,"UKENTH_TWU_TP000113",4.366813432,4.62859649674115,3.76542211098372,5.49244048344002
"6464",29,"UKENTH_TWU_TP000113",NA,4.66465700837881,3.75348251858353,5.57692381656207
"6465",30,"UKENTH_TWU_TP000113",4.562233333,4.51302513538988,3.6497706641501,5.37767228954913
"6466",31,"UKENTH_TWU_TP000113",NA,4.47992019748691,3.52854796313234,5.42990368286289
"6467",32,"UKENTH_TWU_TP000113",4.108384819,4.44475744368,3.5756705249943,5.31529041875714
"6468",33,"UKENTH_TWU_TP000113",NA,4.56953321319904,3.68405563983017,5.45545149326824
"6469",34,"UKENTH_TWU_TP000113",4.441716389,4.49283560479105,3.62805090401861,5.3590904304725
"6470",35,"UKENTH_TWU_TP000113",NA,4.26237598632501,3.35236801495112,5.17166100184626
"6471",36,"UKENTH_TWU_TP000113",3.131982698,4.39864163456357,3.53566609296822,5.26172559477248
"6472",37,"UKENTH_TWU_TP000113",NA,4.82159018650834,3.90872288532181,5.73527976198877
"6473",38,"UKENTH_TWU_TP000113",4.253415273,4.82790144284436,3.96508186846895,5.69070926754484
"6474",39,"UKENTH_TWU_TP000113",NA,5.05731492915948,4.14915771173933,5.96688808044919
"6475",40,"UKENTH_TWU_TP000113",3.943379172,4.94464225274009,4.08146031101636,5.80787088480309
"6476",41,"UKENTH_TWU_TP000113",NA,5.07043204665944,4.1577570095451,5.98460806601264
"6477",42,"UKENTH_TWU_TP000113",4.626749567,5.02880338779774,4.16505911525305,5.89202611646876
"6478",43,"UKENTH_TWU_TP000113",NA,5.02233205978612,4.117406404082,5.92753249110603
"6479",44,"UKENTH_TWU_TP000113",4.891591387,4.79685333266444,3.93215538436009,5.6622269687086
"6480",45,"UKENTH_TWU_TP000113",NA,4.8877946720785,3.97090438606804,5.80368406417989
"6751",1,"UKENTH_TWU_TP000155",NA,4.18266341575028,3.27181162006742,5.09354927441324
"6752",2,"UKENTH_TWU_TP000155",4.709406204,4.0715331766911,3.20809789848539,4.93704486838633
"6753",3,"UKENTH_TWU_TP000155",NA,4.41933918595201,3.52912900875428,5.30976057848347
"6754",4,"UKENTH_TWU_TP000155",5.409032445,4.30000405750206,3.43530643688221,5.1650290556251
"6755",5,"UKENTH_TWU_TP000155",NA,4.55176345548988,3.64689671641181,5.45813123352098
"6756",6,"UKENTH_TWU_TP000155",5.130314044,4.71258011925061,3.84637889835765,5.57641473025661
"6757",7,"UKENTH_TWU_TP000155",NA,4.65893409348394,3.75090535923807,5.56745194335233
"6758",8,"UKENTH_TWU_TP000155",4.633804772,4.7024089519917,3.83928850930065,5.56640795699971
"6759",9,"UKENTH_TWU_TP000155",NA,4.90762431870294,4.00513516489524,5.81077484861294
"6760",10,"UKENTH_TWU_TP000155",5.31829893,5.11139985922154,4.24824260971164,5.97526886744528
"6761",11,"UKENTH_TWU_TP000155",NA,5.05999123412791,4.16060191475925,5.96097420770237
"6762",12,"UKENTH_TWU_TP000155",5.436101639,5.01424831797484,4.14995756774099,5.8781220336328
"6763",13,"UKENTH_TWU_TP000155",NA,4.94437278924037,4.04239330109406,5.84721978434963
"6764",14,"UKENTH_TWU_TP000155",5.490921983,5.14275782266444,4.27998323605458,6.0051760723639
"6765",15,"UKENTH_TWU_TP000155",NA,5.03832490983896,4.13213296827984,5.94586393273561
"6766",16,"UKENTH_TWU_TP000155",5.904786651,5.14124511375429,4.27911956160606,6.00550377179139
"6767",17,"UKENTH_TWU_TP000155",NA,5.02249599633826,4.11791497048031,5.92874084321473
"6768",18,"UKENTH_TWU_TP000155",4.964145107,4.86725135554314,4.00540745477698,5.73011298524987
"6769",19,"UKENTH_TWU_TP000155",NA,4.84834013209274,3.93612873606008,5.76057316705768
"6770",20,"UKENTH_TWU_TP000155",5.027403101,5.01279175767393,4.14954780537726,5.87539687793602
"6771",21,"UKENTH_TWU_TP000155",NA,4.88337072215632,3.98107445739991,5.78652501484967
"6772",22,"UKENTH_TWU_TP000155",4.892993891,4.65443400587713,3.78941283665911,5.51758380509005
"6773",23,"UKENTH_TWU_TP000155",NA,5.06607376205188,4.16533954718522,5.96765530097958
"6774",24,"UKENTH_TWU_TP000155",4.857625012,5.02029811209535,4.15659728332444,5.88437123407442
"6775",25,"UKENTH_TWU_TP000155",NA,4.98540380942698,4.08008937365266,5.89137906384396
"6776",26,"UKENTH_TWU_TP000155",5.307972088,4.86162246759007,3.99803410690802,5.72528778820559
"6777",27,"UKENTH_TWU_TP000155",NA,4.7887391741409,3.88342408680529,5.69378727085101
"6778",28,"UKENTH_TWU_TP000155",5.082885941,4.93724916079816,4.07492609801015,5.80151031737271
"6779",29,"UKENTH_TWU_TP000155",NA,4.94286354802674,4.03882973843958,5.84810694371753
"6780",30,"UKENTH_TWU_TP000155",5.10070697,4.82548488869945,3.96290405771334,5.69067779510777
"6781",31,"UKENTH_TWU_TP000155",NA,4.76914236041868,3.81948423924405,5.71765452068318
"6782",32,"UKENTH_TWU_TP000155",NA,4.77644087911233,3.90572193762986,5.64995836954219
"6783",33,"UKENTH_TWU_TP000155",4.076814673,4.85462574025086,3.97754908207095,5.73282223231118
"6784",34,"UKENTH_TWU_TP000155",3.402047802,4.75034282380119,3.88691657081636,5.6154337953115
"6785",35,"UKENTH_TWU_TP000155",NA,4.577941292917,3.67390081905946,5.48204388996569
"6786",36,"UKENTH_TWU_TP000155",5.649797125,4.68021358131324,3.81812110216475,5.54321117666955
"6787",37,"UKENTH_TWU_TP000155",NA,5.10447023206972,4.19751250849362,6.01268287938374
"6788",38,"UKENTH_TWU_TP000155",5.622208238,5.05041464954934,4.18710333173346,5.91296311035042
"6789",39,"UKENTH_TWU_TP000155",NA,5.34520985557463,4.44183730844883,6.25052313038107
"6790",40,"UKENTH_TWU_TP000155",5.029360293,5.20113395105207,4.33899989279304,6.0637002214842
"6791",41,"UKENTH_TWU_TP000155",NA,5.35624474457128,4.45077859849609,6.26321401642333
"6792",42,"UKENTH_TWU_TP000155",NA,5.31413541950912,4.45112899038723,6.1768603651716
"6793",43,"UKENTH_TWU_TP000155",6.535414976,5.30669795919593,4.40982585773628,6.20430302265242
"6794",44,"UKENTH_TWU_TP000155",4.90173357,5.11345809831702,4.24991425023642,5.97884235341928
"6795",45,"UKENTH_TWU_TP000155",6.489925534,5.18404353998126,4.27637797804734,6.09146129346019
"4906",1,"UKENSO_SW_TP000083",3.520087358,4.58667595732031,3.66818223596462,5.50640116325736
"4907",2,"UKENSO_SW_TP000083",NA,4.40654848606916,3.52063854849373,5.29356672510184
"4908",3,"UKENSO_SW_TP000083",4.962526326,4.80040736093292,3.89736645309131,5.70510592256126
"4909",4,"UKENSO_SW_TP000083",NA,4.70797610573785,3.82220022134614,5.59575519476483
"4910",5,"UKENSO_SW_TP000083",4.924509499,4.91331889374577,4.00156278972072,5.82738061794614
"4911",6,"UKENSO_SW_TP000083",NA,5.06746042531043,4.18263200854346,5.95339462952148
"4912",7,"UKENSO_SW_TP000083",4.521152384,4.9792099238383,4.06196453879529,5.8981112077967
"4913",8,"UKENSO_SW_TP000083",NA,5.00442900049243,4.12071335954019,5.89001208333658
"4914",9,"UKENSO_SW_TP000083",5.816504472,5.26829298106435,4.35574026406018,6.18259178868791
"4915",10,"UKENSO_SW_TP000083",NA,5.41095440689403,4.52571533693838,6.29780609508516
"4916",11,"UKENSO_SW_TP000083",5.876989895,5.39957602368877,4.48825217878986,6.31310185348641
"4917",12,"UKENSO_SW_TP000083",NA,5.51173651273645,4.62717440050926,6.39873805836364
"4918",13,"UKENSO_SW_TP000083",5.747931953,5.34857641587567,4.43651229196686,6.26302207437625
"4919",14,"UKENSO_SW_TP000083",NA,5.39738638346916,4.51267151148628,6.28297149386889
"4920",15,"UKENSO_SW_TP000083",5.649787917,5.41147194408207,4.49965954144123,6.32614910262721
"4921",16,"UKENSO_SW_TP000083",NA,5.42617298721516,4.5416359493003,6.31222352518203
"4922",17,"UKENSO_SW_TP000083",5.43796502,5.35365859633231,4.44366409750487,6.26569687354464
"4923",18,"UKENSO_SW_TP000083",NA,5.22755159185647,4.34337638338589,6.11295632143985
"4924",19,"UKENSO_SW_TP000083",5.380980011,5.20973063247582,4.29488217843151,6.12633513145206
"4925",20,"UKENSO_SW_TP000083",NA,5.40774114164486,4.52056879004244,6.29661201100765
"4926",21,"UKENSO_SW_TP000083",4.843536588,5.19593415123725,4.28630007689473,6.1069255424865
"4927",22,"UKENSO_SW_TP000083",NA,5.1075360563113,4.2214257898566,5.99409062437058
"4928",23,"UKENSO_SW_TP000083",4.321886969,5.40292795308007,4.49509490690261,6.31280816931887
"4929",24,"UKENSO_SW_TP000083",NA,5.30031825316882,4.41433969805067,6.18701980273167
"4930",25,"UKENSO_SW_TP000083",5.104755112,5.33408543407473,4.42421486916187,6.24576899102605
"4931",26,"UKENSO_SW_TP000083",NA,5.2023868557858,4.31666214146791,6.08875305068975
"4932",27,"UKENSO_SW_TP000083",6.057462086,5.19888547902989,4.2878831122242,6.11188086930948
"4933",28,"UKENSO_SW_TP000083",NA,5.23867043046577,4.35366824929095,6.12453455274766
"4934",29,"UKENSO_SW_TP000083",5.758984712,5.28103770508616,4.37251325208144,6.19138792704187
"4935",30,"UKENSO_SW_TP000083",NA,5.24055292174639,4.3551518950288,6.12865564786516
"4936",31,"UKENSO_SW_TP000083",NA,5.11891226817561,4.16242629557044,6.0748143236388
"4937",32,"UKENSO_SW_TP000083",4.948222774,5.2074556666465,4.32217352207071,6.09552310305903
"4938",33,"UKENSO_SW_TP000083",5.355819854,5.16219646657177,4.26390568343,6.06170493841506
"4939",34,"UKENSO_SW_TP000083",NA,5.08421951138987,4.19799718115173,5.97373605436538
"4940",35,"UKENSO_SW_TP000083",5.507061918,4.94109102995327,4.03094418589078,5.85207967119931
"4941",36,"UKENSO_SW_TP000083",NA,4.98801305064138,4.1036453989793,5.8736528331663
"4942",37,"UKENSO_SW_TP000083",3.841895515,5.42940277239511,4.51784749633241,6.34236982138214
"4943",38,"UKENSO_SW_TP000083",NA,5.35222536750005,4.46486040205714,6.23980313702791
"4944",39,"UKENSO_SW_TP000083",5.617812117,5.69244316049274,4.78357297973064,6.60337089418735
"4945",40,"UKENSO_SW_TP000083",NA,5.52852835832733,4.64253665796416,6.41663576285652
"4946",41,"UKENSO_SW_TP000083",5.415395056,5.67624401706971,4.76604757965879,6.58873984970286
"4947",42,"UKENSO_SW_TP000083",NA,5.64742912300479,4.76225493115361,6.53484883293196
"4948",43,"UKENSO_SW_TP000083",5.402218894,5.6184766907577,4.71012139075633,6.5288199740044
"4949",44,"UKENSO_SW_TP000083",NA,5.45674712527681,4.57116028775572,6.34486516899476
"4950",45,"UKENSO_SW_TP000083",NA,5.51103854462075,4.58129432222421,6.44129292880738
"226",1,"UKENAN_AW_TP000055",NA,4.38392172592104,3.47810645830463,5.28986086144894
"227",2,"UKENAN_AW_TP000055",5.540512309,4.299804783863,3.44008476998686,5.16045092914958
"228",3,"UKENAN_AW_TP000055",NA,4.61774510431872,3.72732091987408,5.50873219580251
"229",4,"UKENAN_AW_TP000055",4.985310684,4.49781070441813,3.63614842969226,5.35862959704029
"230",5,"UKENAN_AW_TP000055",NA,4.78829759578288,3.88795647393028,5.69019247644756
"231",6,"UKENAN_AW_TP000055",5.619124489,4.99631921672666,4.13281052514105,5.85796136799025
"232",7,"UKENAN_AW_TP000055",NA,4.83904861012349,3.93477481100522,5.7439258019578
"233",8,"UKENAN_AW_TP000055",5.902979332,4.92215059251322,4.06245882187728,5.78249518183088
"234",9,"UKENAN_AW_TP000055",NA,5.0905209947392,4.18496129174882,5.99675099302945
"235",10,"UKENAN_AW_TP000055",5.753202799,5.16750854494692,4.30832190903809,6.02741828404406
"236",11,"UKENAN_AW_TP000055",NA,5.27494860079289,4.37630953838816,6.17514723377697
"237",12,"UKENAN_AW_TP000055",6.138007862,5.17332387620362,4.31334447814673,6.03369610212617
"238",13,"UKENAN_AW_TP000055",NA,5.13868076466699,4.23868488305504,6.03906699526376
"239",14,"UKENAN_AW_TP000055",6.105286922,5.39440088474084,4.53407384971549,6.25486349223412
"240",15,"UKENAN_AW_TP000055",NA,5.21219072591133,4.31066257440508,6.11479991424394
"241",16,"UKENAN_AW_TP000055",5.927706237,5.2722334932849,4.41224048230926,6.1322726444407
"242",17,"UKENAN_AW_TP000055",NA,5.22921357034686,4.32928424402469,6.13022052094105
"243",18,"UKENAN_AW_TP000055",5.595401442,5.15348047143418,4.29427866823879,6.01436734834031
"244",19,"UKENAN_AW_TP000055",NA,5.04488610055757,4.13351364105584,5.95665767525721
"245",20,"UKENAN_AW_TP000055",5.24006301,5.23949947174639,4.37956034028885,6.09961436654975
"246",21,"UKENAN_AW_TP000055",NA,5.09724813022693,4.19849180691437,5.99710825690978
"247",22,"UKENAN_AW_TP000055",4.840594142,4.9886782623434,4.12938689780018,5.84849413989385
"248",23,"UKENAN_AW_TP000055",NA,5.249041345236,4.35206212885142,6.14782105328454
"249",24,"UKENAN_AW_TP000055",4.191441981,5.24453262323168,4.38357274953641,6.10537721819822
"250",25,"UKENAN_AW_TP000055",NA,5.19358583463285,4.29043076728406,6.09756183741019
"251",26,"UKENAN_AW_TP000055",5.400553665,5.07053832900928,4.2103137455584,5.93036734383836
"252",27,"UKENAN_AW_TP000055",NA,4.94846770363987,4.04709117699552,5.84862150615231
"253",28,"UKENAN_AW_TP000055",5.53131295,5.11216372322122,4.25173228548594,5.97176691448162
"254",29,"UKENAN_AW_TP000055",NA,5.16392861373293,4.2641664589389,6.06494596967152
"255",30,"UKENAN_AW_TP000055",5.337972361,4.95995626269069,4.09902620813139,5.82000630055587
"256",31,"UKENAN_AW_TP000055",NA,4.9950135403744,4.06793592335528,5.92163136374748
"257",32,"UKENAN_AW_TP000055",5.504637152,4.92064193541198,4.05838449931373,5.7852567501003
"258",33,"UKENAN_AW_TP000055",NA,5.03232514816802,4.14903791763737,5.9161102975967
"259",34,"UKENAN_AW_TP000055",4.301491864,4.95382972870118,4.09151465434294,5.81806683777415
"260",35,"UKENAN_AW_TP000055",NA,4.76182212420517,3.86050789563418,5.66225849935536
"261",36,"UKENAN_AW_TP000055",5.481517276,4.86245172988641,4.00163218616269,5.72212701492794
"262",37,"UKENAN_AW_TP000055",NA,5.32057035899382,4.41951115481503,6.22263625330039
"263",38,"UKENAN_AW_TP000055",5.996806222,5.35473410802791,4.49395172619579,6.21530062536818
"264",39,"UKENAN_AW_TP000055",NA,5.5373429679888,4.63843859836818,6.43799560942211
"265",40,"UKENAN_AW_TP000055",5.70725031,5.45600921683076,4.59651481409022,6.31651893656893
"266",41,"UKENAN_AW_TP000055",NA,5.56367784565221,4.66192272926174,6.46699402503598
"267",42,"UKENAN_AW_TP000055",5.749413122,5.48507455055512,4.62567217311535,6.34504011605388
"268",43,"UKENAN_AW_TP000055",NA,5.4747218702071,4.57192743177349,6.37758375485555
"269",44,"UKENAN_AW_TP000055",5.962374237,5.25164344763789,4.39058931757484,6.11450590204357
"270",45,"UKENAN_AW_TP000055",NA,5.37100600816876,4.45245467181408,6.28872151633008
"271",1,"UKENAN_AW_TP000063",NA,4.41610783687992,3.50213721478227,5.33054843230484
"272",2,"UKENAN_AW_TP000063",4.732276406,4.33116126147105,3.45808122059291,5.20518704737962
"273",3,"UKENAN_AW_TP000063",NA,4.64553874286702,3.74589377690007,5.54668709645313
"274",4,"UKENAN_AW_TP000063",4.351264677,4.58004856760642,3.70737658703338,5.45351216965487
"275",5,"UKENAN_AW_TP000063",NA,4.78759716554284,3.88049808338356,5.6967358108252
"276",6,"UKENAN_AW_TP000063",5.884596895,4.93961419918089,4.05901232514851,5.81586828511085
"277",7,"UKENAN_AW_TP000063",NA,4.84900150676717,3.93770458042858,5.76194995853814
"278",8,"UKENAN_AW_TP000063",4.452948572,4.93482169976585,4.06293561912486,5.80853013061354
"279",9,"UKENAN_AW_TP000063",NA,5.0990768128325,4.18793896203412,6.01119712171736
"280",10,"UKENAN_AW_TP000063",4.864112628,5.19097974575967,4.31889590338643,6.06680702119286
"281",11,"UKENAN_AW_TP000063",NA,5.30173838656159,4.3949653825358,6.21104559368217
"282",12,"UKENAN_AW_TP000063",5.396537063,5.25683419214808,4.38512964955156,6.13120154466254
"283",13,"UKENAN_AW_TP000063",NA,5.19748365256949,4.28927367522432,6.10816371384861
"284",14,"UKENAN_AW_TP000063",5.320283,5.38947723049172,4.51686342870472,6.26330280808097
"285",15,"UKENAN_AW_TP000063",NA,5.24435622804019,4.33549916291877,6.15548706842556
"286",16,"UKENAN_AW_TP000063",5.623831682,5.30383066630698,4.43188925688525,6.17682702072274
"287",17,"UKENAN_AW_TP000063",NA,5.23715544327037,4.33085554176186,6.14531983748954
"288",18,"UKENAN_AW_TP000063",5.343431727,5.18257890309795,4.31112014054668,6.05655539971366
"289",19,"UKENAN_AW_TP000063",NA,5.04873867958524,4.13353692232225,5.96429694354294
"290",20,"UKENAN_AW_TP000063",4.509596201,5.21835576186117,4.34359138610854,6.09202919290913
"291",21,"UKENAN_AW_TP000063",NA,5.10787723808388,4.201470721579,6.01587974329041
"292",22,"UKENAN_AW_TP000063",5.71706844,5.05796385390014,4.18635495672288,5.93119512283818
"293",23,"UKENAN_AW_TP000063",NA,5.24277952985827,4.33770610023997,6.1494501601808
"294",24,"UKENAN_AW_TP000063",3.815986809,5.26302958475533,4.39061984930261,6.13646538452056
"295",25,"UKENAN_AW_TP000063",NA,5.20541202494099,4.30701872259589,6.10521198290733
"296",26,"UKENAN_AW_TP000063",6.08338466,5.09310490218532,4.21512518941851,5.97170294058308
"297",27,"UKENAN_AW_TP000063",NA,5.02411164774733,4.1170544617989,5.93207317934552
"298",28,"UKENAN_AW_TP000063",5.614009396,5.16886634893503,4.29663631740055,6.0412886031402
"299",29,"UKENAN_AW_TP000063",NA,5.16649071721025,4.2609435807684,6.07329728866314
"300",30,"UKENAN_AW_TP000063",5.764542265,5.04257367435071,4.17064781426001,5.91586965510826
"301",31,"UKENAN_AW_TP000063",NA,5.00394623679342,4.0697990316179,5.93780122123376
"302",32,"UKENAN_AW_TP000063",3.349461938,4.98425995952728,4.10996580875875,5.86203534257173
"303",33,"UKENAN_AW_TP000063",NA,5.03518231582955,4.14081147937656,5.93043531477269
"304",34,"UKENAN_AW_TP000063",4.757292417,4.86911814119902,3.99622287538578,5.74264138149624
"305",35,"UKENAN_AW_TP000063",NA,4.79914601379787,3.8917594498106,5.70663768399415
"306",36,"UKENAN_AW_TP000063",4.663980974,4.90787341521349,4.03570842827488,5.78008047122634
"307",37,"UKENAN_AW_TP000063",NA,5.31725476749836,4.40945999016372,6.22593346148144
"308",38,"UKENAN_AW_TP000063",4.313849885,5.34720657232218,4.4730235952804,6.22052708114037
"309",39,"UKENAN_AW_TP000063",NA,5.53363997967662,4.62640053452082,6.4426855289694
"310",40,"UKENAN_AW_TP000063",6.07427022,5.412561778501,4.54059776388196,6.28469453399468
"311",41,"UKENAN_AW_TP000063",NA,5.56306038387672,4.65462909027402,6.4734888501954
"312",42,"UKENAN_AW_TP000063",5.801063577,5.44019913489438,4.56812541934643,6.31282563313611
"313",43,"UKENAN_AW_TP000063",NA,5.47704508884901,4.56949341564269,6.38501060698463
"314",44,"UKENAN_AW_TP000063",5.10965731,5.27586144355777,4.4034516259445,6.15189186908402
"315",45,"UKENAN_AW_TP000063",NA,5.3819953071236,4.45916710048879,6.30439180894142
"586",1,"UKENAN_AW_TP000148",NA,4.57895883250334,3.64290779282156,5.51589219410293
"587",2,"UKENAN_AW_TP000148",5.180301605,4.48094924632953,3.57968977576219,5.38321554332663
"588",3,"UKENAN_AW_TP000148",NA,4.8038655896665,3.88072651829487,5.72807375313424
"589",4,"UKENAN_AW_TP000148",5.8186772,4.74924802248761,3.84988370128613,5.64943417178857
"590",5,"UKENAN_AW_TP000148",NA,4.94563393329854,4.01590545883619,5.87685188005051
"591",6,"UKENAN_AW_TP000148",5.3353372,5.09902777588295,4.19530848401633,6.0020355320717
"592",7,"UKENAN_AW_TP000148",NA,5.00300676259131,4.06803031003495,5.93899713791486
"593",8,"UKENAN_AW_TP000148",5.650181095,5.06331900052695,4.16411355688493,5.96372956944898
"594",9,"UKENAN_AW_TP000148",NA,5.25063396777931,4.31720778680635,6.18524658418312
"595",10,"UKENAN_AW_TP000148",5.398564786,5.34918930686874,4.44917341677042,6.25115363313627
"596",11,"UKENAN_AW_TP000148",NA,5.4602413911915,4.53018953028991,6.39203184322699
"597",12,"UKENAN_AW_TP000148",6.492433844,5.44798841551158,4.54944017208063,6.34826324869721
"598",13,"UKENAN_AW_TP000148",NA,5.36644512197577,4.43584873348678,6.29825130389075
"599",14,"UKENAN_AW_TP000148",6.566738285,5.52237503798392,4.62420229066637,6.42160550281274
"600",15,"UKENAN_AW_TP000148",NA,5.40493086114061,4.47367825928062,6.33805874666517
"601",16,"UKENAN_AW_TP000148",5.980446697,5.466872894418,4.56817172354847,6.3662031948393
"602",17,"UKENAN_AW_TP000148",NA,5.39110863782617,4.46326897096673,6.32012869824611
"603",18,"UKENAN_AW_TP000148",5.782893311,5.33621498596098,4.43838900246914,6.23536263328515
"604",19,"UKENAN_AW_TP000148",NA,5.20444375328928,4.26948735276019,6.14035317843161
"605",20,"UKENAN_AW_TP000148",5.592834044,5.38852583446899,4.48784453303925,6.2898655736786
"606",21,"UKENAN_AW_TP000148",NA,5.26320904692752,4.33456625758668,6.19338211134419
"607",22,"UKENAN_AW_TP000148",5.462188182,5.24520850021348,4.34656582175854,6.14566193568084
"608",23,"UKENAN_AW_TP000148",NA,5.39806689528654,4.47038693057854,6.32789678136469
"609",24,"UKENAN_AW_TP000148",5.844976799,5.43059561879856,4.53143848848381,6.33127713082754
"610",25,"UKENAN_AW_TP000148",NA,5.36216089634943,4.43971039232609,6.28611618890513
"611",26,"UKENAN_AW_TP000148",6.584593487,5.26609198424088,4.36163984471984,6.17172242345271
"612",27,"UKENAN_AW_TP000148",NA,5.18695079225487,4.25618957983854,6.11885472725517
"613",28,"UKENAN_AW_TP000148",6.305743678,5.33540971642572,4.43571236857473,6.23632090515655
"614",29,"UKENAN_AW_TP000148",NA,5.31819203233813,4.39027698913996,6.248036966528
"615",30,"UKENAN_AW_TP000148",6.123546146,5.22518116605874,4.32569191777653,6.12581318981984
"616",31,"UKENAN_AW_TP000148",NA,5.15916135245138,4.20325274951247,6.11489169982079
"617",32,"UKENAN_AW_TP000148",5.239455735,5.15468317691211,4.25159574183958,6.05981864430668
"618",33,"UKENAN_AW_TP000148",NA,5.1922317386844,4.27362295455783,6.11196238748264
"619",34,"UKENAN_AW_TP000148",6.330146717,4.97785936933534,4.0774358104181,5.87857472743419
"620",35,"UKENAN_AW_TP000148",NA,4.95749634040871,4.02824676349612,5.88678928886796
"621",36,"UKENAN_AW_TP000148",6.009705256,5.06992912918998,4.17105084844933,5.96955901914852
"622",37,"UKENAN_AW_TP000148",NA,5.46900521845058,4.54019901129249,6.39921969947431
"623",38,"UKENAN_AW_TP000148",5.972001797,5.48830342647236,4.58818495306649,6.38896227871216
"624",39,"UKENAN_AW_TP000148",NA,5.6871006019708,4.75705874481978,6.61922701298719
"625",40,"UKENAN_AW_TP000148",5.95819655,5.55872293590668,4.65994574188156,6.45792852466559
"626",41,"UKENAN_AW_TP000148",NA,5.71542320307988,4.78399377302908,6.64856418374373
"627",42,"UKENAN_AW_TP000148",5.464590736,5.59735260722094,4.69756813199179,6.49806325292996
"628",43,"UKENAN_AW_TP000148",NA,5.63044412302379,4.70105838674397,6.56084515416935
"629",44,"UKENAN_AW_TP000148",5.599685083,5.43440487643145,4.53343918973333,6.3373702498755
"630",45,"UKENAN_AW_TP000148",NA,5.53686684254735,4.58982315548526,6.48391311820271
"901",1,"UKENAN_AW_TP000303",NA,4.3341685963014,3.44004615498088,5.2282394607548
"902",2,"UKENAN_AW_TP000303",5.812266377,4.25465345503877,3.41068851826397,5.10000972780041
"903",3,"UKENAN_AW_TP000303",NA,4.55911920056007,3.682726058954,5.43566665504444
"904",4,"UKENAN_AW_TP000303",4.440931475,4.4364507525962,3.58989691862022,5.2823439774389
"905",5,"UKENAN_AW_TP000303",NA,4.74462173633473,3.85597713063459,5.63493628765376
"906",6,"UKENAN_AW_TP000303",5.130376299,4.96448980883481,4.11944597316073,5.80919637391196
"907",7,"UKENAN_AW_TP000303",NA,4.78004170540543,3.88682173451943,5.67377802144584
"908",8,"UKENAN_AW_TP000303",5.199834823,4.86279539948993,4.01919366077314,5.70761815614322
"909",9,"UKENAN_AW_TP000303",NA,5.03847559924268,4.14219587771871,5.93541257383179
"910",10,"UKENAN_AW_TP000303",5.343497967,5.12060449016484,4.27798989505946,5.96383503726981
"911",11,"UKENAN_AW_TP000303",NA,5.21850530681478,4.33112663686716,6.10746385886857
"912",12,"UKENAN_AW_TP000303",5.625978256,5.15351009589567,4.30976109131619,5.99802242463732
"913",13,"UKENAN_AW_TP000303",NA,5.07383018737305,4.1851221629346,5.9629116892158
"914",14,"UKENAN_AW_TP000303",5.632566769,5.32014602295272,4.47627960775561,6.1646315677161
"915",15,"UKENAN_AW_TP000303",NA,5.14863365198289,4.25761177813671,6.04133822575794
"916",16,"UKENAN_AW_TP000303",6.021630255,5.19021681037384,4.34604261629815,6.03417616441422
"917",17,"UKENAN_AW_TP000303",NA,5.17394599945686,4.28615227313388,6.06307173737057
"918",18,"UKENAN_AW_TP000303",5.452838223,5.08233870254337,4.23919195316279,5.9270025617224
"919",19,"UKENAN_AW_TP000303",NA,4.9970205328885,4.09633715161264,5.89810451711291
"920",20,"UKENAN_AW_TP000303",5.544692427,5.2117814476229,4.36799461849913,6.05563090267121
"921",21,"UKENAN_AW_TP000303",NA,5.0389432365549,4.15204204238189,5.92685515008732
"922",22,"UKENAN_AW_TP000303",5.125400728,4.93318356271853,4.08955618739968,5.77685946331318
"923",23,"UKENAN_AW_TP000303",NA,5.20520375305411,4.32003280595123,6.09200891082134
"924",24,"UKENAN_AW_TP000303",4.625124595,5.2089346456887,4.36413988288791,6.05409338151223
"925",25,"UKENAN_AW_TP000303",NA,5.14104370275659,4.24619430206689,6.036804832645
"926",26,"UKENAN_AW_TP000303",4.876719113,5.0461118842006,4.20350930377524,5.88926392067687
"927",27,"UKENAN_AW_TP000303",NA,4.87502215067745,3.98409536972247,5.76454793448262
"928",28,"UKENAN_AW_TP000303",5.565296283,5.07259407654243,4.22875501785887,5.91635780811333
"929",29,"UKENAN_AW_TP000303",NA,5.11400763600576,4.22588993211298,6.00346300878441
"930",30,"UKENAN_AW_TP000303",5.545472352,4.9114183145388,4.06648365267781,5.75572164703048
"931",31,"UKENAN_AW_TP000303",NA,4.94092625083546,4.0248161353307,5.85658361054932
"932",32,"UKENAN_AW_TP000303",5.232906908,4.83551625969487,3.98929645936006,5.68334768597833
"933",33,"UKENAN_AW_TP000303",NA,4.9857148417273,4.11837287769135,5.85412533405072
"934",34,"UKENAN_AW_TP000303",4.770060012,4.88333933968428,4.03475267437326,5.73378369357321
"935",35,"UKENAN_AW_TP000303",NA,4.69889811803939,3.80968447665835,5.58733034354776
"936",36,"UKENAN_AW_TP000303",6.060337374,4.7893411278593,3.94406797853146,5.63366073087474
"937",37,"UKENAN_AW_TP000303",NA,5.27384851672551,4.38523155711624,6.16365125983786
"938",38,"UKENAN_AW_TP000303",5.174020856,5.28809699219818,4.44413802271142,6.13225520219749
"939",39,"UKENAN_AW_TP000303",NA,5.48955062370847,4.60227804485075,6.37877249958
"940",40,"UKENAN_AW_TP000303",5.723262332,5.41001691369653,4.56659184446796,6.25460194680735
"941",41,"UKENAN_AW_TP000303",NA,5.51233265108776,4.62258677056307,6.40388104951012
"942",42,"UKENAN_AW_TP000303",6.434190051,5.43657637946466,4.59310887692556,6.28077802139355
"943",43,"UKENAN_AW_TP000303",NA,5.42175299754606,4.52932051318734,6.31440014876856
"944",44,"UKENAN_AW_TP000303",6.405937603,5.21303832232717,4.36821429137815,6.05972464617161
"945",45,"UKENAN_AW_TP000303",NA,5.31684441516703,4.40676983701588,6.22618702704478
"946",1,"UKENAN_AW_TP000307",NA,4.44298044748883,3.54624329776929,5.34030331550673
"947",2,"UKENAN_AW_TP000307",4.281559694,4.35492794818121,3.50636444301118,5.20543494520154
"948",3,"UKENAN_AW_TP000307",NA,4.65886172223689,3.78010776030976,5.53876589793179
"949",4,"UKENAN_AW_TP000307",3.835059895,4.56521649520833,3.71465843464223,5.41656743929864
"950",5,"UKENAN_AW_TP000307",NA,4.83489664557088,3.94510470292117,5.72715456743792
"951",6,"UKENAN_AW_TP000307",4.652592936,5.05057877785797,4.20103994526066,5.90047815601092
"952",7,"UKENAN_AW_TP000307",NA,4.87233166432583,3.97798546367539,5.76790624218228
"953",8,"UKENAN_AW_TP000307",5.172190684,4.93146072512592,4.08390495913219,5.78081920408825
"954",9,"UKENAN_AW_TP000307",NA,5.12842035868527,4.23102274484756,6.02701465929606
"955",10,"UKENAN_AW_TP000307",4.07973722,5.2091724997999,4.36144715760062,6.05832441566817
"956",11,"UKENAN_AW_TP000307",NA,5.32100543351856,4.43117952561697,6.21317943114302
"957",12,"UKENAN_AW_TP000307",5.642774134,5.308488452868,4.46073505414589,6.1586163078885
"958",13,"UKENAN_AW_TP000307",NA,5.19402841637477,4.3029506659986,6.08655271486637
"959",14,"UKENAN_AW_TP000307",4.974525631,5.38340966839558,4.53528277850938,6.23235902141955
"960",15,"UKENAN_AW_TP000307",NA,5.25940081144639,4.36742475183786,6.15333332695075
"961",16,"UKENAN_AW_TP000307",5.52662724,5.30146340837106,4.45397577364177,6.14982462212056
"962",17,"UKENAN_AW_TP000307",NA,5.267006576235,4.37811708072729,6.15765270446931
"963",18,"UKENAN_AW_TP000307",5.394069028,5.17692745364018,4.32991715424652,6.02550042440082
"964",19,"UKENAN_AW_TP000307",NA,5.08814804582892,4.18663420671959,5.99063846282478
"965",20,"UKENAN_AW_TP000307",5.245796686,5.31390947331038,4.46372936794556,6.16433297884391
"966",21,"UKENAN_AW_TP000307",NA,5.12956953319633,4.24068750221796,6.02018017513887
"967",22,"UKENAN_AW_TP000307",4.429330599,5.07815572341299,4.23035859584742,5.92733421411896
"968",23,"UKENAN_AW_TP000307",NA,5.29265361513626,4.40508124769323,6.18242183601915
"969",24,"UKENAN_AW_TP000307",5.079309534,5.32901237403037,4.4807667129165,6.17862431650393
"970",25,"UKENAN_AW_TP000307",NA,5.23923031732951,4.34634076930084,6.1336039587323
"971",26,"UKENAN_AW_TP000307",5.159023032,5.1594641377368,4.31190357092702,6.00838988275558
"972",27,"UKENAN_AW_TP000307",NA,5.004127793583,4.11266649608762,5.89543041043617
"973",28,"UKENAN_AW_TP000307",5.063319717,5.20450022539664,4.35698310114275,6.05341892150729
"974",29,"UKENAN_AW_TP000307",NA,5.20238603388553,4.31295823938576,6.09363955379919
"975",30,"UKENAN_AW_TP000307",5.312357592,5.0669199750685,4.21921080343425,5.91562286170996
"976",31,"UKENAN_AW_TP000307",NA,5.03113690534875,4.10995965347666,5.95204121152119
"977",32,"UKENAN_AW_TP000307",4.477155709,4.96504828771827,4.11573774316468,5.81612864509081
"978",33,"UKENAN_AW_TP000307",NA,5.08177762826011,4.21338738703628,5.95135857106018
"979",34,"UKENAN_AW_TP000307",4.772987739,4.90009041431591,4.04681026127768,5.75475085440481
"980",35,"UKENAN_AW_TP000307",NA,4.80563836959842,3.91524295022965,5.69595010096001
"981",36,"UKENAN_AW_TP000307",4.522078411,4.90118614473853,4.05235192802912,5.74963569319692
"982",37,"UKENAN_AW_TP000307",NA,5.36224760948564,4.47187952079907,6.25405828659484
"983",38,"UKENAN_AW_TP000307",3.989561588,5.35901499148748,4.50999055867982,6.20795327464878
"984",39,"UKENAN_AW_TP000307",NA,5.57799778445234,4.68777112127132,6.47069655844534
"985",40,"UKENAN_AW_TP000307",5.199317207,5.48233882391917,4.63504492838771,6.33096968969029
"986",41,"UKENAN_AW_TP000307",NA,5.60150741958413,4.71089009652179,6.49422072204766
"987",42,"UKENAN_AW_TP000307",5.412165335,5.51823281959058,4.67052315730808,6.36685626668746
"988",43,"UKENAN_AW_TP000307",NA,5.50747935234807,4.61390856182744,6.40184958078794
"989",44,"UKENAN_AW_TP000307",5.205152084,5.2894318382996,4.44096896318489,6.1398721840633
"990",45,"UKENAN_AW_TP000307",NA,5.41288309272382,4.50257916483054,6.32290271361603
