"","date_index","site_code","Log10_NoV_norm","mean","q0.025","q0.975"
"5266",1,"UKENSW_SWS_TP000055",NA,4.59980673664674,3.6492515625715,5.54839650178689
"5267",2,"UKENSW_SWS_TP000055",6.302882441,4.60136295854169,3.68164210747407,5.52079944448139
"5268",3,"UKENSW_SWS_TP000055",NA,4.82990976964012,3.89368080373906,5.76591798498259
"5269",4,"UKENSW_SWS_TP000055",3.993671977,4.77350364239321,3.85313333064573,5.69400680946086
"5270",5,"UKENSW_SWS_TP000055",NA,4.9960034326462,4.05566999536704,5.93856066866926
"5271",6,"UKENSW_SWS_TP000055",4.596036099,5.126128598067,4.20718080840348,6.04577786115231
"5272",7,"UKENSW_SWS_TP000055",NA,5.04229484879546,4.09699711387039,5.99007408427639
"5273",8,"UKENSW_SWS_TP000055",4.335708011,5.12040824513344,4.20262981034015,6.03933912580591
"5274",9,"UKENSW_SWS_TP000055",NA,5.32177280127838,4.37971423449076,6.26374787127246
"5275",10,"UKENSW_SWS_TP000055",6.036983024,5.48539048428707,4.56733127325655,6.4041222628735
"5276",11,"UKENSW_SWS_TP000055",NA,5.57755648692614,4.63657704281618,6.52139546602121
"5277",12,"UKENSW_SWS_TP000055",5.759966273,5.51688329375666,4.596600623038,6.43715466878614
"5278",13,"UKENSW_SWS_TP000055",NA,5.40897329651901,4.46287159248914,6.35574102273073
"5279",14,"UKENSW_SWS_TP000055",4.996416455,5.48771967291478,4.56813063185064,6.40800213905029
"5280",15,"UKENSW_SWS_TP000055",NA,5.50210868803124,4.56108867937652,6.44570113347301
"5281",16,"UKENSW_SWS_TP000055",6.379669199,5.54968803855248,4.63101673663213,6.46866620068079
"5282",17,"UKENSW_SWS_TP000055",NA,5.46803707436412,4.52946260685556,6.40839354967672
"5283",18,"UKENSW_SWS_TP000055",5.902954292,5.37760343934594,4.45883752247931,6.2963722980823
"5284",19,"UKENSW_SWS_TP000055",NA,5.27510904128886,4.33067311611019,6.21911480990571
"5285",20,"UKENSW_SWS_TP000055",5.638119998,5.34614618003995,4.42773855245684,6.26437154622148
"5286",21,"UKENSW_SWS_TP000055",NA,5.30298044921247,4.36182650938697,6.2438855916697
"5287",22,"UKENSW_SWS_TP000055",4.759565967,5.22072791239518,4.30187189679995,6.13879844114282
"5288",23,"UKENSW_SWS_TP000055",NA,5.39321134172258,4.4565704383739,6.33072149966433
"5289",24,"UKENSW_SWS_TP000055",5.774240153,5.44178768687768,4.52265505071321,6.36084337166691
"5290",25,"UKENSW_SWS_TP000055",NA,5.36781703051283,4.42251338676341,6.31368823171473
"5291",26,"UKENSW_SWS_TP000055",6.50559217,5.31551732761486,4.39614400274177,6.23444894303743
"5292",27,"UKENSW_SWS_TP000055",NA,5.29560107371462,4.35150825504788,6.23898814481363
"5293",28,"UKENSW_SWS_TP000055",6.691075742,5.42314217929077,4.50435012588067,6.34160214901411
"5294",29,"UKENSW_SWS_TP000055",NA,5.42362254937536,4.485263618935,6.36292503415184
"5295",30,"UKENSW_SWS_TP000055",6.62335036,5.37790470039276,4.45941164651724,6.29676476390107
"5296",31,"UKENSW_SWS_TP000055",NA,5.27126009477771,4.30710118854027,6.23813643109027
"5297",32,"UKENSW_SWS_TP000055",4.42858317,5.26372301242808,4.33688957878548,6.19104988948508
"5298",33,"UKENSW_SWS_TP000055",NA,5.24935369429072,4.32031727785413,6.17927527239713
"5299",34,"UKENSW_SWS_TP000055",5.800434787,5.10446385738769,4.18522606055575,6.02358653836519
"5300",35,"UKENSW_SWS_TP000055",NA,5.05353338959637,4.11170307655774,5.99547154891622
"5301",36,"UKENSW_SWS_TP000055",5.849451015,5.10465166002251,4.1861885308848,6.02315117917325
"5302",37,"UKENSW_SWS_TP000055",NA,5.46296038346762,4.52096085027024,6.40538439934608
"5303",38,"UKENSW_SWS_TP000055",5.27554939,5.47356629664478,4.55378531992787,6.39285443184149
"5304",39,"UKENSW_SWS_TP000055",NA,5.75560398733796,4.81539941307489,6.69857456810497
"5305",40,"UKENSW_SWS_TP000055",4.616319314,5.58194657055525,4.65851672205494,6.50507579533748
"5306",41,"UKENSW_SWS_TP000055",NA,5.72030458705258,4.77764632466372,6.66480600525703
"5307",42,"UKENSW_SWS_TP000055",4.845053739,5.68622144310562,4.76744023428982,6.60536110997773
"5308",43,"UKENSW_SWS_TP000055",NA,5.69300190080355,4.75535373322121,6.63269063496814
"5309",44,"UKENSW_SWS_TP000055",5.442695811,5.59434129044559,4.6757630604815,6.51338245411279
"5310",45,"UKENSW_SWS_TP000055",NA,5.53678478291032,4.58120675727128,6.4917351280379
"5311",1,"UKENSW_SWS_TP000058",4.491545363,4.56910137058348,3.62419049928249,5.51113610986417
"5312",2,"UKENSW_SWS_TP000058",NA,4.54091490577736,3.62525448196774,5.45657275589967
"5313",3,"UKENSW_SWS_TP000058",5.165389497,4.80025718501238,3.86844902775131,5.73096402286393
"5314",4,"UKENSW_SWS_TP000058",NA,4.71127739421426,3.79373460460334,5.62975208797393
"5315",5,"UKENSW_SWS_TP000058",5.084754903,4.95249531624792,4.02009372956487,5.88672962769909
"5316",6,"UKENSW_SWS_TP000058",NA,5.10684838099774,4.18989480922262,6.02431884163413
"5317",7,"UKENSW_SWS_TP000058",5.055299516,5.00763065456152,4.06718735353449,5.94997870839964
"5318",8,"UKENSW_SWS_TP000058",NA,5.03575935418539,4.12116906378656,5.95048349708915
"5319",9,"UKENSW_SWS_TP000058",5.220751025,5.28675028876344,4.34968926748256,6.22323041912884
"5320",10,"UKENSW_SWS_TP000058",NA,5.41962750161565,4.50463062300964,6.33412987563737
"5321",11,"UKENSW_SWS_TP000058",5.71127096,5.54355391912397,4.60770686899696,6.48192646747801
"5322",12,"UKENSW_SWS_TP000058",NA,5.48567576371967,4.56994874454362,6.40083331087909
"5323",13,"UKENSW_SWS_TP000058",5.788407324,5.37169147783642,4.43053703190094,6.31300678350528
"5324",14,"UKENSW_SWS_TP000058",NA,5.44795595250977,4.53312093438754,6.36415165020988
"5325",15,"UKENSW_SWS_TP000058",5.049799296,5.47006149452918,4.53374901895152,6.40898509423921
"5326",16,"UKENSW_SWS_TP000058",NA,5.51891343150536,4.6043778690106,6.43348941045785
"5327",17,"UKENSW_SWS_TP000058",NA,5.4314228527099,4.49779283531328,6.36640081143213
"5328",18,"UKENSW_SWS_TP000058",5.445691242,5.34471420579621,4.42936841341917,6.25909686675155
"5329",19,"UKENSW_SWS_TP000058",5.174078389,5.22550934752166,4.28527640764915,6.16464521953632
"5330",20,"UKENSW_SWS_TP000058",NA,5.32883288480204,4.41394652126474,6.24330435677087
"5331",21,"UKENSW_SWS_TP000058",5.426587176,5.27049871646441,4.33355878502544,6.20597265702779
"5332",22,"UKENSW_SWS_TP000058",NA,5.23643810405655,4.32129876052308,6.15060064764217
"5333",23,"UKENSW_SWS_TP000058",6.11379283,5.36119191394008,4.43024659299774,6.2926237405397
"5334",24,"UKENSW_SWS_TP000058",NA,5.40014633661513,4.48397129999299,6.31448648654942
"5335",25,"UKENSW_SWS_TP000058",5.292357374,5.35845416108561,4.42074305357181,6.29618620934739
"5336",26,"UKENSW_SWS_TP000058",NA,5.30761492543766,4.39070949502677,6.2225778866007
"5337",27,"UKENSW_SWS_TP000058",4.892029221,5.2731867358048,4.33514976171399,6.20938258211396
"5338",28,"UKENSW_SWS_TP000058",NA,5.46954157043483,4.55404364065556,6.38403921408739
"5339",29,"UKENSW_SWS_TP000058",5.099368742,5.41151241916381,4.47811010738774,6.344805972892
"5340",30,"UKENSW_SWS_TP000058",NA,5.36604955516357,4.44976249120637,6.28117490493327
"5341",31,"UKENSW_SWS_TP000058",NA,5.22467665563832,4.26783280386438,6.18333595336086
"5342",32,"UKENSW_SWS_TP000058",5.935948818,5.13401232402127,4.21161046004682,6.05578278268532
"5343",33,"UKENSW_SWS_TP000058",5.175937817,5.22489500764886,4.30119753759973,6.14904308338983
"5344",34,"UKENSW_SWS_TP000058",NA,5.06796806131957,4.15159286731416,5.98292903191641
"5345",35,"UKENSW_SWS_TP000058",4.644855652,5.01417686536395,4.07715486522039,5.95090452743229
"5346",36,"UKENSW_SWS_TP000058",NA,5.0743833400182,4.15977443990607,5.98904940423502
"5347",37,"UKENSW_SWS_TP000058",5.058011071,5.43160054750862,4.49605634371516,6.36697679018961
"5348",38,"UKENSW_SWS_TP000058",NA,5.47464395370759,4.5586558912741,6.38929914750152
"5349",39,"UKENSW_SWS_TP000058",5.344267484,5.71190188124619,4.77660401712642,6.64968118501051
"5350",40,"UKENSW_SWS_TP000058",NA,5.56820469653511,4.6507321277406,6.48466263264298
"5351",41,"UKENSW_SWS_TP000058",5.354512104,5.68767817952462,4.74974686717832,6.62643910591175
"5352",42,"UKENSW_SWS_TP000058",NA,5.6770867844305,4.76246375694221,6.59243580938659
"5353",43,"UKENSW_SWS_TP000058",5.444866173,5.66019062149646,4.727165158762,6.59475159290142
"5354",44,"UKENSW_SWS_TP000058",NA,5.5342138082928,4.61940320249363,6.44807294479789
"5355",45,"UKENSW_SWS_TP000058",NA,5.50310953362805,4.55229836935031,6.45318086828295
"5356",1,"UKENSW_SWS_TP000059",NA,4.59065386432189,3.64689198442927,5.53165735574855
"5357",2,"UKENSW_SWS_TP000059",3.379757398,4.55537506059011,3.6423727176921,5.46815737159446
"5358",3,"UKENSW_SWS_TP000059",NA,4.82237982815267,3.89149659327645,5.75227603572138
"5359",4,"UKENSW_SWS_TP000059",4.97248547,4.72118498393456,3.8060461846552,5.6366754628532
"5360",5,"UKENSW_SWS_TP000059",4.885067397,4.97200230605055,4.0416686629742,5.9040365085769
"5361",6,"UKENSW_SWS_TP000059",NA,5.12787730356058,4.21318050500199,6.04296976714618
"5362",7,"UKENSW_SWS_TP000059",NA,5.02924879584124,4.0898066366354,5.97055658252085
"5363",8,"UKENSW_SWS_TP000059",4.603386154,5.05207226365227,4.14010971236606,5.96397013916535
"5364",9,"UKENSW_SWS_TP000059",NA,5.30846494863,4.37271926636311,6.24370000018444
"5365",10,"UKENSW_SWS_TP000059",5.512680761,5.44135515571898,4.52931468275862,6.35296759923709
"5366",11,"UKENSW_SWS_TP000059",NA,5.56633949997353,4.63215370568025,6.50303072351323
"5367",12,"UKENSW_SWS_TP000059",5.726312118,5.5090223901381,4.5958764223903,6.42178802056959
"5368",13,"UKENSW_SWS_TP000059",NA,5.39567305775258,4.45581205698563,6.33580360971806
"5369",14,"UKENSW_SWS_TP000059",4.430097705,5.46560156869046,4.55333311610784,6.37896652434616
"5370",15,"UKENSW_SWS_TP000059",NA,5.49153990996075,4.55696948412852,6.42870552431532
"5371",16,"UKENSW_SWS_TP000059",5.88318205,5.5396079968964,4.62765353675726,6.45157125175819
"5372",17,"UKENSW_SWS_TP000059",NA,5.45186743629296,4.5195276755736,6.38552285185636
"5373",18,"UKENSW_SWS_TP000059",5.876488178,5.36759460014355,4.45497540518096,6.27939360142143
"5374",19,"UKENSW_SWS_TP000059",NA,5.24382422620361,4.30392678260148,6.18266616285388
"5375",20,"UKENSW_SWS_TP000059",5.369022143,5.3501768678723,4.43823299634722,6.26175843173783
"5376",21,"UKENSW_SWS_TP000059",NA,5.29361110369197,4.35742586671598,6.2284858217578
"5377",22,"UKENSW_SWS_TP000059",5.6393231,5.26111194437947,4.34860193481996,6.17273063292263
"5378",23,"UKENSW_SWS_TP000059",NA,5.38192465945242,4.45242440823337,6.31195199780789
"5379",24,"UKENSW_SWS_TP000059",6.286730881,5.42470937340064,4.51118403668964,6.33667179440243
"5380",25,"UKENSW_SWS_TP000059",NA,5.38018558139992,4.44315280366024,6.31731576935021
"5381",26,"UKENSW_SWS_TP000059",5.654773292,5.33350632454888,4.4189886252376,6.24639441143163
"5382",27,"UKENSW_SWS_TP000059",NA,5.29544080772286,4.3582284340795,6.23098542786531
"5383",28,"UKENSW_SWS_TP000059",5.437481618,5.49960276935242,4.58674462006965,6.41173035545527
"5384",29,"UKENSW_SWS_TP000059",NA,5.43410361184917,4.50181631081693,6.36640270945654
"5385",30,"UKENSW_SWS_TP000059",5.843389932,5.39244355802892,4.47875856099973,6.3052771245257
"5386",31,"UKENSW_SWS_TP000059",NA,5.24561440960467,4.29092373431873,6.20206811618498
"5387",32,"UKENSW_SWS_TP000059",5.6248965,5.144223535949,4.22355001338897,6.06387309077842
"5388",33,"UKENSW_SWS_TP000059",NA,5.24792225662527,4.32632289137582,6.17003786173651
"5389",34,"UKENSW_SWS_TP000059",5.557304666,5.09113434416558,4.17724135897091,6.00383575686276
"5390",35,"UKENSW_SWS_TP000059",NA,5.03280422227408,4.09679478697205,5.96846242823878
"5391",36,"UKENSW_SWS_TP000059",5.406741963,5.09242177776093,4.18041705324368,6.00435492959372
"5392",37,"UKENSW_SWS_TP000059",NA,5.45163460647372,4.51725228902781,6.38587712952769
"5393",38,"UKENSW_SWS_TP000059",5.977726061,5.5003161838118,4.58734155214198,6.41219540347719
"5394",39,"UKENSW_SWS_TP000059",NA,5.73062057534935,4.79671305656756,6.66688266545097
"5395",40,"UKENSW_SWS_TP000059",5.436722849,5.5884050298275,4.67303890067095,6.50285862648833
"5396",41,"UKENSW_SWS_TP000059",NA,5.70780138040954,4.7702138031329,6.64623140572651
"5397",42,"UKENSW_SWS_TP000059",4.385050336,5.6976698510781,4.78577900453188,6.61024897676322
"5398",43,"UKENSW_SWS_TP000059",NA,5.67937300599541,4.74741494345954,6.61276218463048
"5399",44,"UKENSW_SWS_TP000059",5.126924023,5.55238711657572,4.64023786508906,6.46360828713476
"5400",45,"UKENSW_SWS_TP000059",NA,5.52138109888315,4.57189495788544,6.47004726204547
"3331",1,"UKENNW_UU_TP000017",NA,4.42912740658862,3.49576116352252,5.36140207901112
"3332",2,"UKENNW_UU_TP000017",NA,4.57316312010336,3.67214569554538,5.47395689869252
"3333",3,"UKENNW_UU_TP000017",NA,4.69587842664562,3.77641026302398,5.61452272641986
"3334",4,"UKENNW_UU_TP000017",NA,4.79249456687037,3.89173355679137,5.69298579041019
"3335",5,"UKENNW_UU_TP000017",NA,4.87057627924903,3.94502302995586,5.79780964361246
"3336",6,"UKENNW_UU_TP000017",NA,4.99900046042342,4.10049645066656,5.90010627433982
"3337",7,"UKENNW_UU_TP000017",NA,4.91325138347644,3.98031802651853,5.84792398089269
"3338",8,"UKENNW_UU_TP000017",NA,4.97346334593641,4.0740221166522,5.87490189367847
"3339",9,"UKENNW_UU_TP000017",NA,5.05859735783904,4.14332746128119,5.97244357997789
"3340",10,"UKENNW_UU_TP000017",NA,5.18002285697466,4.28676601375558,6.07485803434934
"3341",11,"UKENNW_UU_TP000017",NA,5.41303365383455,4.4873454999106,6.34076574545118
"3342",12,"UKENNW_UU_TP000017",NA,5.30448971450001,4.40580630177236,6.20617580448711
"3343",13,"UKENNW_UU_TP000017",NA,5.29635959971922,4.38144304480224,6.21216960530235
"3344",14,"UKENNW_UU_TP000017",NA,5.36983503557483,4.4782823780732,6.26401352746757
"3345",15,"UKENNW_UU_TP000017",NA,5.34620608373585,4.421306538317,6.27353994032321
"3346",16,"UKENNW_UU_TP000017",NA,5.30025453689423,4.40701656765084,6.19576973366427
"3347",17,"UKENNW_UU_TP000017",NA,5.25209225738452,4.331977218506,6.17297143269017
"3348",18,"UKENNW_UU_TP000017",NA,5.28222728469721,4.39092967582922,6.17566259016896
"3349",19,"UKENNW_UU_TP000017",NA,5.14362253066438,4.2190597715754,6.06926720990726
"3350",20,"UKENNW_UU_TP000017",NA,5.20669903227181,4.31517057838652,6.09877747363548
"3351",21,"UKENNW_UU_TP000017",NA,5.12589943450262,4.20174483092902,6.05089382682463
"3352",22,"UKENNW_UU_TP000017",NA,5.05428486808898,4.16268855369906,5.94749702189691
"3353",23,"UKENNW_UU_TP000017",NA,5.24017016530019,4.31856745328857,6.16413597883287
"3354",24,"UKENNW_UU_TP000017",NA,5.16600127116574,4.27263999228753,6.05751960000235
"3355",25,"UKENNW_UU_TP000017",NA,5.25077412714872,4.3218477100924,6.1796348094546
"3356",26,"UKENNW_UU_TP000017",NA,5.11706832029617,4.22477700186916,6.00891454598731
"3357",27,"UKENNW_UU_TP000017",NA,5.13810087537769,4.21257127145438,6.06544403891079
"3358",28,"UKENNW_UU_TP000017",NA,5.16038630239581,4.25767547564701,6.05979733165967
"3359",29,"UKENNW_UU_TP000017",NA,5.34695479336895,4.43532751098629,6.26062181898666
"3360",30,"UKENNW_UU_TP000017",NA,5.01563583741875,4.12034784331406,5.90818498465215
"3361",31,"UKENNW_UU_TP000017",5.215946613,5.14856562334584,4.19098826802393,6.10900040846943
"3362",32,"UKENNW_UU_TP000017",NA,5.25506139649589,4.35129536375288,6.15555446930437
"3363",33,"UKENNW_UU_TP000017",5.594070174,5.11113453842606,4.21086694653961,6.01086908842549
"3364",34,"UKENNW_UU_TP000017",NA,4.78253085137557,3.89170500534504,5.67148349767371
"3365",35,"UKENNW_UU_TP000017",5.253328663,4.93734171954627,4.00693593022293,5.86692349408527
"3366",36,"UKENNW_UU_TP000017",NA,5.08663909212207,4.19693885415417,5.97527525423141
"3367",37,"UKENNW_UU_TP000017",5.957910281,5.36816906757315,4.44131065961771,6.29463837284258
"3368",38,"UKENNW_UU_TP000017",NA,5.47608866103919,4.58576210384951,6.36590041122503
"3369",39,"UKENNW_UU_TP000017",6.595896989,5.60302266235488,4.67717605985616,6.53057605807566
"3370",40,"UKENNW_UU_TP000017",NA,5.64682234458105,4.75666697996353,6.53694117322802
"3371",41,"UKENNW_UU_TP000017",5.10918907,5.58646414178855,4.65994901222505,6.51414920117199
"3372",42,"UKENNW_UU_TP000017",NA,5.73850336983522,4.8488741720338,6.62840503177962
"3373",43,"UKENNW_UU_TP000017",5.961190632,5.53938780196887,4.62664657391698,6.45318687066184
"3374",44,"UKENNW_UU_TP000017",NA,5.59661779469177,4.70411472396047,6.4917729047078
"3375",45,"UKENNW_UU_TP000017",6.241937148,5.37617188127276,4.43407392224554,6.31536390715331
"3466",1,"UKENNW_UU_TP000023",NA,4.46056918482996,3.53441784530655,5.38554596456943
"3467",2,"UKENNW_UU_TP000023",NA,4.6120442487447,3.71806240540476,5.50611458440167
"3468",3,"UKENNW_UU_TP000023",NA,4.73527412877103,3.82295910659986,5.64698595106443
"3469",4,"UKENNW_UU_TP000023",NA,4.82823068957454,3.93407431162854,5.72212251483038
"3470",5,"UKENNW_UU_TP000023",NA,4.90319251135885,3.98447675692969,5.82357902415389
"3471",6,"UKENNW_UU_TP000023",NA,5.04573693802602,4.15404144607082,5.94022824097001
"3472",7,"UKENNW_UU_TP000023",NA,4.94881604918282,4.02248067251984,5.8769372190715
"3473",8,"UKENNW_UU_TP000023",NA,5.01556071618495,4.12351531037184,5.90987754630488
"3474",9,"UKENNW_UU_TP000023",NA,5.09209585329718,4.18727775590492,5.99495045399283
"3475",10,"UKENNW_UU_TP000023",NA,5.21996659533743,4.33643272446589,6.10442604843576
"3476",11,"UKENNW_UU_TP000023",NA,5.45070563316016,4.531949553827,6.37152597380971
"3477",12,"UKENNW_UU_TP000023",NA,5.34249079131724,4.4504695861439,6.23766857990752
"3478",13,"UKENNW_UU_TP000023",NA,5.32646643572073,4.42172683722443,6.23175062382567
"3479",14,"UKENNW_UU_TP000023",NA,5.4201832118556,4.53818928038825,6.30500383316171
"3480",15,"UKENNW_UU_TP000023",NA,5.38347143616895,4.46550928327297,6.30390561660797
"3481",16,"UKENNW_UU_TP000023",NA,5.34501606325732,4.46169032132801,6.23037392976987
"3482",17,"UKENNW_UU_TP000023",NA,5.29464567741816,4.38166147132386,6.20856600954367
"3483",18,"UKENNW_UU_TP000023",NA,5.32195163873768,4.44000607849677,6.20623038547423
"3484",19,"UKENNW_UU_TP000023",NA,5.18904261773658,4.27125091259475,6.10811940103511
"3485",20,"UKENNW_UU_TP000023",NA,5.24614103442623,4.36410431655009,6.12892125554437
"3486",21,"UKENNW_UU_TP000023",NA,5.16140987558529,4.24396484095537,6.07975844884698
"3487",22,"UKENNW_UU_TP000023",NA,5.09175334942205,4.20945544418728,5.97537449730015
"3488",23,"UKENNW_UU_TP000023",NA,5.28418961865497,4.36984927689403,6.20095599845194
"3489",24,"UKENNW_UU_TP000023",NA,5.18638656272305,4.30171948550288,6.06818728576495
"3490",25,"UKENNW_UU_TP000023",NA,5.28410930003432,4.36178373884521,6.20637378813963
"3491",26,"UKENNW_UU_TP000023",NA,5.13910929940501,4.25601910179477,6.02132865443819
"3492",27,"UKENNW_UU_TP000023",NA,5.1781972196495,4.25984631206865,6.09833623183592
"3493",28,"UKENNW_UU_TP000023",NA,5.20667753702585,4.31138008595756,6.09922520302609
"3494",29,"UKENNW_UU_TP000023",NA,5.38767546417729,4.48651090869111,6.29129662995604
"3495",30,"UKENNW_UU_TP000023",NA,5.05420851712354,4.16859544887175,5.93739528862001
"3496",31,"UKENNW_UU_TP000023",5.858047802,5.18172861182934,4.23104799397445,6.13526514042314
"3497",32,"UKENNW_UU_TP000023",NA,5.29165791820399,4.39397504242589,6.18606948079366
"3498",33,"UKENNW_UU_TP000023",5.215060164,5.15357300300335,4.26434106997258,6.04249369728646
"3499",34,"UKENNW_UU_TP000023",NA,4.81630751785813,3.93467795765318,5.69615285340423
"3500",35,"UKENNW_UU_TP000023",5.237177117,4.97187077382656,4.04763673996933,5.89533486473276
"3501",36,"UKENNW_UU_TP000023",NA,5.12175677930468,4.24175077403478,6.00102862906369
"3502",37,"UKENNW_UU_TP000023",6.529515053,5.40675885938641,4.48665388634963,6.32656967218107
"3503",38,"UKENNW_UU_TP000023",NA,5.52318901446966,4.64227733412365,6.4041170607764
"3504",39,"UKENNW_UU_TP000023",5.969476278,5.6412902665714,4.72156678656219,6.56279302619668
"3505",40,"UKENNW_UU_TP000023",NA,5.69323645472423,4.81301916626692,6.57400277404648
"3506",41,"UKENNW_UU_TP000023",6.508717172,5.62408280222491,4.70477192922891,6.54469477078751
"3507",42,"UKENNW_UU_TP000023",NA,5.77318875646893,4.89286185754719,6.65398882160339
"3508",43,"UKENNW_UU_TP000023",6.080319225,5.57191679470447,4.66540670671258,6.47931136876253
"3509",44,"UKENNW_UU_TP000023",NA,5.64615855897509,4.76324054879044,6.53244047460322
"3510",45,"UKENNW_UU_TP000023",6.761839323,5.41647516895544,4.48287582105273,6.34729028762618
"4006",1,"UKENNW_UU_TP000095",NA,4.43883642841536,3.48782151014143,5.38842010770193
"4007",2,"UKENNW_UU_TP000095",4.575183615,4.55632701670783,3.63288901139777,5.47804408249733
"4008",3,"UKENNW_UU_TP000095",4.948828409,4.70149102190575,3.76301148035699,5.6387379486461
"4009",4,"UKENNW_UU_TP000095",NA,4.77683573737971,3.85331884709165,5.69901033410496
"4010",5,"UKENNW_UU_TP000095",NA,4.87377749198652,3.92964731021993,5.81934999649047
"4011",6,"UKENNW_UU_TP000095",5.045462244,4.99062928549032,4.06963857182696,5.91315895080559
"4012",7,"UKENNW_UU_TP000095",NA,4.91436428560538,3.96390317742701,5.86622609652192
"4013",8,"UKENNW_UU_TP000095",5.136088522,4.96262221774472,4.04053712642111,5.88548978885738
"4014",9,"UKENNW_UU_TP000095",NA,5.08305119000739,4.14666886663801,6.01869288607842
"4015",10,"UKENNW_UU_TP000095",5.621257634,5.1998486256608,4.28280532709005,6.11872074222314
"4016",11,"UKENNW_UU_TP000095",NA,5.41036896571533,4.46650697165914,6.35599823050099
"4017",12,"UKENNW_UU_TP000095",5.952872338,5.32264190099954,4.40189772352993,6.24574161012142
"4018",13,"UKENNW_UU_TP000095",NA,5.30528536083468,4.36928421854801,6.24217035493959
"4019",14,"UKENNW_UU_TP000095",5.981031724,5.368594365112,4.45221504804603,6.28700867910593
"4020",15,"UKENNW_UU_TP000095",NA,5.34834913236913,4.40524974914508,6.29354141883498
"4021",16,"UKENNW_UU_TP000095",5.505842067,5.32408875796422,4.40561431558095,6.24490239919757
"4022",17,"UKENNW_UU_TP000095",NA,5.26409563667056,4.32291372462719,6.20601767001603
"4023",18,"UKENNW_UU_TP000095",5.19005681,5.2780969063358,4.36168799772807,6.19538474436204
"4024",19,"UKENNW_UU_TP000095",NA,5.15127717106698,4.20734714072304,6.09585182567715
"4025",20,"UKENNW_UU_TP000095",5.760708259,5.20634593661346,4.28949853147675,6.12280677895091
"4026",21,"UKENNW_UU_TP000095",NA,5.14137339275702,4.19827382733258,6.08515046204274
"4027",22,"UKENNW_UU_TP000095",5.340654066,5.06627133420959,4.14995547093464,5.98385902387709
"4028",23,"UKENNW_UU_TP000095",NA,5.24048455313708,4.3008621415421,6.18215602426202
"4029",24,"UKENNW_UU_TP000095",4.943719182,5.19274064465498,4.27573491447535,6.1088221093382
"4030",25,"UKENNW_UU_TP000095",NA,5.25070144639351,4.30231424634291,6.19858816618985
"4031",26,"UKENNW_UU_TP000095",5.509848977,5.15364483169192,4.237189977484,6.06993411812787
"4032",27,"UKENNW_UU_TP000095",NA,5.14709695312498,4.20317368593445,6.09266629027938
"4033",28,"UKENNW_UU_TP000095",3.744620203,5.18782885473078,4.2631791940703,6.10996400597312
"4034",29,"UKENNW_UU_TP000095",NA,5.33980378697949,4.40605944713908,6.27471836977548
"4035",30,"UKENNW_UU_TP000095",5.665138463,5.07437130444375,4.15620089807695,5.99210184579133
"4036",31,"UKENNW_UU_TP000095",NA,5.15289666031292,4.17888814534852,6.1297944041428
"4037",32,"UKENNW_UU_TP000095",NA,5.23951746140952,4.31442967883114,6.16099829348058
"4038",33,"UKENNW_UU_TP000095",5.613482042,5.10598178859134,4.18164482630218,6.02932992321921
"4039",34,"UKENNW_UU_TP000095",5.171593572,4.82546339753812,3.90950671126259,5.74123930883769
"4040",35,"UKENNW_UU_TP000095",NA,4.94043588108328,3.99183471406608,5.88782210985272
"4041",36,"UKENNW_UU_TP000095",3.464074923,5.06271084213292,4.14616649053101,5.97712318919542
"4042",37,"UKENNW_UU_TP000095",NA,5.36405922864934,4.41824250749974,6.30887667326794
"4043",38,"UKENNW_UU_TP000095",6.015231333,5.4368546821517,4.51968216228487,6.35171519592834
"4044",39,"UKENNW_UU_TP000095",NA,5.60565146343933,4.66108153527878,6.55181065404711
"4045",40,"UKENNW_UU_TP000095",6.320451311,5.61858713720548,4.70210500000224,6.53347424799648
"4046",41,"UKENNW_UU_TP000095",NA,5.59183575588275,4.64569310566391,6.53886369612907
"4047",42,"UKENNW_UU_TP000095",6.243847441,5.7075091115867,4.79071624633841,6.62263892995977
"4048",43,"UKENNW_UU_TP000095",NA,5.54814851165233,4.61258587300843,6.48493780392321
"4049",44,"UKENNW_UU_TP000095",6.052441799,5.55726127343787,4.63968234730604,6.47520179215762
"4050",45,"UKENNW_UU_TP000095",NA,5.37814089774112,4.4146105696984,6.33843656678047
"4141",1,"UKENNW_UU_TP000110",3.761105446,4.24145599267176,3.29986928565499,5.18214626650655
"4142",2,"UKENNW_UU_TP000110",NA,4.3861692483089,3.47930422604442,5.29260299007389
"4143",3,"UKENNW_UU_TP000110",3.687353013,4.50652246590628,3.57967446049065,5.43251622351835
"4144",4,"UKENNW_UU_TP000110",NA,4.60591840207978,3.69890548470124,5.5129904089929
"4145",5,"UKENNW_UU_TP000110",4.597990899,4.68469209146617,3.75170613855686,5.61954038650559
"4146",6,"UKENNW_UU_TP000110",NA,4.80261139449415,3.89803541634825,5.71002130157086
"4147",7,"UKENNW_UU_TP000110",NA,4.72697263318753,3.78648143611261,5.66928979175502
"4148",8,"UKENNW_UU_TP000110",NA,4.78520345347975,3.87946502769411,5.69317502027435
"4149",9,"UKENNW_UU_TP000110",4.940220886,4.87199148877366,3.94790165341728,5.79490619817694
"4150",10,"UKENNW_UU_TP000110",NA,4.98539470448249,4.08515910939453,5.88761908312153
"4151",11,"UKENNW_UU_TP000110",4.689830094,5.22684956429429,4.29394463040726,6.16183300467589
"4152",12,"UKENNW_UU_TP000110",NA,5.11132208615246,4.20695475455683,6.01882869271542
"4153",13,"UKENNW_UU_TP000110",5.00530478,5.11059213392337,4.18648560708216,6.03593112833097
"4154",14,"UKENNW_UU_TP000110",NA,5.17312182937042,4.27444256713875,6.07466697451143
"4155",15,"UKENNW_UU_TP000110",4.935478151,5.1589614738582,4.2266386480383,6.09380219643284
"4156",16,"UKENNW_UU_TP000110",NA,5.10234008291506,4.20142947128192,6.00627639407298
"4157",17,"UKENNW_UU_TP000110",5.312246448,5.05717378588351,4.12939743949557,5.98594226313974
"4158",18,"UKENNW_UU_TP000110",NA,5.0914760195013,4.19276576251778,5.99274709436139
"4159",19,"UKENNW_UU_TP000110",3.169222323,4.94670834517625,4.0142547115878,5.88053169318739
"4160",20,"UKENNW_UU_TP000110",NA,5.01607404526662,4.1168689253502,5.91628618625432
"4161",21,"UKENNW_UU_TP000110",3.830698742,4.93415953959016,4.00210956532722,5.86736667200404
"4162",22,"UKENNW_UU_TP000110",NA,4.85909326929338,3.95985847741343,5.76065070108556
"4163",23,"UKENNW_UU_TP000110",4.698357396,5.04611476864965,4.11696492090937,5.97775692893557
"4164",24,"UKENNW_UU_TP000110",NA,4.9868342116614,4.08679479901695,5.88567879184992
"4165",25,"UKENNW_UU_TP000110",4.579585658,5.06975073510664,4.13387860402041,6.00570145431029
"4166",26,"UKENNW_UU_TP000110",NA,4.93558279727297,4.03635146387245,5.83479371100824
"4167",27,"UKENNW_UU_TP000110",4.35774699,4.94486032447483,4.01167046030408,5.88006041169503
"4168",28,"UKENNW_UU_TP000110",NA,4.96517154452266,4.05635645499685,5.86999276848284
"4169",29,"UKENNW_UU_TP000110",3.680872939,5.15949243369522,4.23902268043117,6.08175141576805
"4170",30,"UKENNW_UU_TP000110",NA,4.81931258427683,3.91668681925174,5.71859777224053
"4171",31,"UKENNW_UU_TP000110",NA,4.96252088748229,3.99807499796118,5.92970476464148
"4172",32,"UKENNW_UU_TP000110",5.33558922,5.07545709999904,4.16665568866088,5.98042864477979
"4173",33,"UKENNW_UU_TP000110",4.109511829,4.92261579065811,4.0136794187168,5.83082513807468
"4174",34,"UKENNW_UU_TP000110",NA,4.591274116074,3.69336528305729,5.48720904663765
"4175",35,"UKENNW_UU_TP000110",4.398140481,4.75107892313469,3.81353569331243,5.68780224259652
"4176",36,"UKENNW_UU_TP000110",NA,4.90442121457303,4.00759168010873,5.80022796159208
"4177",37,"UKENNW_UU_TP000110",4.150197977,5.18000586022799,4.24553142223896,6.11411589698707
"4178",38,"UKENNW_UU_TP000110",NA,5.28573058138464,4.38814716514426,6.18286864042383
"4179",39,"UKENNW_UU_TP000110",5.085804737,5.41173350209086,4.47852423455745,6.34701474407723
"4180",40,"UKENNW_UU_TP000110",NA,5.46265897941144,4.56594096421158,6.35909015023362
"4181",41,"UKENNW_UU_TP000110",5.303138113,5.39949860327078,4.46552964011185,6.33465059321768
"4182",42,"UKENNW_UU_TP000110",NA,5.55738352705134,4.66099731841264,6.45421982892539
"4183",43,"UKENNW_UU_TP000110",5.059915186,5.35223809053134,4.43301466516438,6.27277858801119
"4184",44,"UKENNW_UU_TP000110",NA,5.40699786472739,4.50757106713116,6.30904116569831
"4185",45,"UKENNW_UU_TP000110",NA,5.189663634789,4.24047703456641,6.13592559457927
"406",1,"UKENAN_AW_TP000107",NA,4.31869152234751,3.3781793529025,5.25795446577864
"407",2,"UKENAN_AW_TP000107",3.551756597,4.26397822587639,3.36753202071355,5.15890975304554
"408",3,"UKENAN_AW_TP000107",NA,4.59307876705889,3.66712991030454,5.52039433186274
"409",4,"UKENAN_AW_TP000107",4.566287062,4.63967561357433,3.74551229902921,5.53657403765104
"410",5,"UKENAN_AW_TP000107",NA,4.72207549258952,3.78812777021838,5.65863458130753
"411",6,"UKENAN_AW_TP000107",5.068436406,5.07939864577507,4.18399185833494,5.97596655939576
"412",7,"UKENAN_AW_TP000107",NA,4.84780955044646,3.9101481000273,5.78770196654013
"413",8,"UKENAN_AW_TP000107",4.816589536,4.83334886849748,3.93604472896193,5.72706111414511
"414",9,"UKENAN_AW_TP000107",NA,5.0572082849527,4.12264945537609,5.99222558258524
"415",10,"UKENAN_AW_TP000107",5.643958124,5.20061556290791,4.30574751282194,6.0954245001683
"416",11,"UKENAN_AW_TP000107",NA,5.32464396861887,4.38974057680903,6.26232073520242
"417",12,"UKENAN_AW_TP000107",5.309839904,5.2038637160228,4.310163272339,6.10073366832426
"418",13,"UKENAN_AW_TP000107",NA,5.19682796742391,4.26084040315073,6.13453151289395
"419",14,"UKENAN_AW_TP000107",5.111161561,5.47901410436143,4.58376226460277,6.37621371415717
"420",15,"UKENAN_AW_TP000107",NA,5.25474934269295,4.31774923702461,6.19493385691167
"421",16,"UKENAN_AW_TP000107",6.213365056,5.37895733158793,4.48500186517235,6.27452401371291
"422",17,"UKENAN_AW_TP000107",NA,5.21907596660471,4.28590052041713,6.15434632245846
"423",18,"UKENAN_AW_TP000107",4.816618554,5.04881740999986,4.15482694430687,5.94375176645935
"424",19,"UKENAN_AW_TP000107",NA,5.04681271511243,4.10936544785285,5.98427435315924
"425",20,"UKENAN_AW_TP000107",4.306249197,5.04658158486107,4.15243541221263,5.94161982263769
"426",21,"UKENAN_AW_TP000107",NA,5.08287414666914,4.15015849698406,6.0163993424586
"427",22,"UKENAN_AW_TP000107",4.999254955,4.9187349245833,4.02428351682319,5.81452724294278
"428",23,"UKENAN_AW_TP000107",NA,5.15584219982522,4.22587764886266,6.08638239534862
"429",24,"UKENAN_AW_TP000107",4.831114235,5.17727292512177,4.28287654145218,6.07210135288395
"430",25,"UKENAN_AW_TP000107",NA,5.17091175432358,4.23514830504255,6.10824009816146
"431",26,"UKENAN_AW_TP000107",5.016731889,4.99293734785467,4.09861046773973,5.8875550421733
"432",27,"UKENAN_AW_TP000107",NA,5.07741252756375,4.14364248187986,6.01131542508451
"433",28,"UKENAN_AW_TP000107",4.580941849,5.24884284597098,4.35456153735543,6.14334527834467
"434",29,"UKENAN_AW_TP000107",NA,5.17702287474403,4.24389327794343,6.1117986030366
"435",30,"UKENAN_AW_TP000107",4.750088964,5.03566817640153,4.1421210811412,5.93012266879196
"436",31,"UKENAN_AW_TP000107",NA,4.94592890665852,3.97343006185873,5.91770028867013
"437",32,"UKENAN_AW_TP000107",4.483302645,4.899637982532,4.00392522590618,5.79689987229222
"438",33,"UKENAN_AW_TP000107",NA,5.00523007197661,4.08454842688711,5.92735238324801
"439",34,"UKENAN_AW_TP000107",3.726779543,4.66058023595291,3.76214914939857,5.55525073153931
"440",35,"UKENAN_AW_TP000107",NA,4.81318846374199,3.87863649242873,5.74793349466077
"441",36,"UKENAN_AW_TP000107",4.274516404,4.86392147174366,3.96816669717307,5.75816704908352
"442",37,"UKENAN_AW_TP000107",NA,5.21110709871714,4.27311062892693,6.15005288587139
"443",38,"UKENAN_AW_TP000107",5.634900504,5.33096624308669,4.43633978607686,6.22816373365877
"444",39,"UKENAN_AW_TP000107",NA,5.50316797387212,4.5688026312885,6.44015588682743
"445",40,"UKENAN_AW_TP000107",4.84136247,5.3948919198033,4.49840375596147,6.29181784954377
"446",41,"UKENAN_AW_TP000107",NA,5.53522893354166,4.59906258978341,6.47515465369731
"447",42,"UKENAN_AW_TP000107",4.664392204,5.40020219710618,4.50213468106317,6.29680743826528
"448",43,"UKENAN_AW_TP000107",NA,5.47921511358337,4.54703893157473,6.41152250145975
"449",44,"UKENAN_AW_TP000107",5.410674671,5.3535450343206,4.45735442686146,6.2570672441288
"450",45,"UKENAN_AW_TP000107",NA,5.34079663354735,4.38937783368532,6.2907916409408
"1261",1,"UKENMI_ST_TP000068",NA,4.05012003936171,3.12331192191268,4.97628055676793
"1262",2,"UKENMI_ST_TP000068",3.331671957,4.17001301176594,3.27098618692235,5.06924694741778
"1263",3,"UKENMI_ST_TP000068",NA,4.33754330499178,3.42928206072672,5.24687335266535
"1264",4,"UKENMI_ST_TP000068",4.580757335,4.36013452454293,3.46119991155156,5.25940297626936
"1265",5,"UKENMI_ST_TP000068",NA,4.50342794405345,3.58396155696962,5.42623611782767
"1266",6,"UKENMI_ST_TP000068",4.877575276,4.74661541059546,3.85180410032582,5.64172803509135
"1267",7,"UKENMI_ST_TP000068",NA,4.59132822063617,3.66730740055139,5.51771833004996
"1268",8,"UKENMI_ST_TP000068",5.0017039,4.66763198038934,3.77323915345021,5.56266045422966
"1269",9,"UKENMI_ST_TP000068",NA,4.77250991143819,3.84877231572045,5.69559647261997
"1270",10,"UKENMI_ST_TP000068",5.336994622,5.04181374956148,4.14422435348788,5.9407199325612
"1271",11,"UKENMI_ST_TP000068",NA,5.15153818860783,4.23617810459578,6.07034896857037
"1272",12,"UKENMI_ST_TP000068",5.846044623,4.983257691818,4.08909529018215,5.87735267295208
"1273",13,"UKENMI_ST_TP000068",NA,5.02593664221349,4.10449833006428,5.94961153230152
"1274",14,"UKENMI_ST_TP000068",4.786244627,4.98984154598834,4.09483825488539,5.88382905655549
"1275",15,"UKENMI_ST_TP000068",NA,4.98525950077427,4.06294930533081,5.91009366361137
"1276",16,"UKENMI_ST_TP000068",5.537171096,5.14479531804958,4.24685416204388,6.04529951511604
"1277",17,"UKENMI_ST_TP000068",NA,4.96793815676978,4.05451994014198,5.88471713625577
"1278",18,"UKENMI_ST_TP000068",5.208791754,4.82557249496994,3.93082586883413,5.72128009643963
"1279",19,"UKENMI_ST_TP000068",NA,4.79280036623922,3.87031978193461,5.71582159060959
"1280",20,"UKENMI_ST_TP000068",2.748579374,4.74356152540113,3.84586471583616,5.6446900861978
"1281",21,"UKENMI_ST_TP000068",NA,4.75825121494513,3.84117718276866,5.67463032426813
"1282",22,"UKENMI_ST_TP000068",4.725492137,4.68968481781601,3.796259778776,5.58600242286183
"1283",23,"UKENMI_ST_TP000068",NA,4.94162852402549,4.0253782331976,5.85959519986846
"1284",24,"UKENMI_ST_TP000068",5.068118434,4.89862130412101,4.00189190912425,5.79257179785717
"1285",25,"UKENMI_ST_TP000068",NA,4.90778553191867,3.98697895496073,5.8303736893365
"1286",26,"UKENMI_ST_TP000068",4.961353715,4.79528444614176,3.90225997954028,5.69019634569772
"1287",27,"UKENMI_ST_TP000068",NA,4.82164464732528,3.9005946617064,5.74316954051901
"1288",28,"UKENMI_ST_TP000068",3.774596892,5.01196199569056,4.11682596075455,5.90655034409918
"1289",29,"UKENMI_ST_TP000068",NA,4.8913724596613,3.97295899695494,5.81274859545447
"1290",30,"UKENMI_ST_TP000068",5.115611411,4.81173689154452,3.91848985954768,5.706302938489
"1291",31,"UKENMI_ST_TP000068",NA,4.73341943079913,3.77530088684299,5.69187495552641
"1292",32,"UKENMI_ST_TP000068",5.072224037,4.80528263658162,3.91358155421086,5.69619085316484
"1293",33,"UKENMI_ST_TP000068",NA,4.7541482995258,3.84527237881466,5.66463706037155
"1294",34,"UKENMI_ST_TP000068",4.417241895,4.36449425947681,3.46736507284764,5.26113828585644
"1295",35,"UKENMI_ST_TP000068",NA,4.54723136034167,3.62657692580413,5.46944785210914
"1296",36,"UKENMI_ST_TP000068",4.490097959,4.59173070034879,3.69781541595571,5.48567524355892
"1297",37,"UKENMI_ST_TP000068",NA,4.9218779264684,3.99872260886602,5.84440735797876
"1298",38,"UKENMI_ST_TP000068",4.297444873,4.92349883626408,4.02493320014611,5.82183680411219
"1299",39,"UKENMI_ST_TP000068",NA,5.27824472835677,4.36493511235909,6.194874962328
"1300",40,"UKENMI_ST_TP000068",5.555637278,5.0569853192978,4.15947868190906,5.95137204322176
"1301",41,"UKENMI_ST_TP000068",NA,5.25646179043827,4.33669948521733,6.17994758125841
"1302",42,"UKENMI_ST_TP000068",5.360972728,5.20149323735478,4.30809380041076,6.09676652286553
"1303",43,"UKENMI_ST_TP000068",NA,5.25189737852563,4.3345942207849,6.16968546947391
"1304",44,"UKENMI_ST_TP000068",5.404135609,5.08119151538133,4.18750759961962,5.97612506420724
"1305",45,"UKENMI_ST_TP000068",NA,5.08687820789908,4.14017003764119,6.03216295147484
"1756",1,"UKENMI_ST_TP000182",NA,4.28522705877759,3.35575380577295,5.21321023446493
"1757",2,"UKENMI_ST_TP000182",4.344655137,4.35649519321121,3.45570519452654,5.25673083320413
"1758",3,"UKENMI_ST_TP000182",NA,4.5724132481375,3.66215860897734,5.48374893384194
"1759",4,"UKENMI_ST_TP000182",5.229375503,4.58131652216684,3.6800088764893,5.48188165865651
"1760",5,"UKENMI_ST_TP000182",NA,4.71593356211923,3.79336327675027,5.64070868706533
"1761",6,"UKENMI_ST_TP000182",NA,4.96891632537512,4.07069394376487,5.86585720060069
"1762",7,"UKENMI_ST_TP000182",5.910063537,4.8074033233779,3.88028118656889,5.73602225250406
"1763",8,"UKENMI_ST_TP000182",5.412323376,4.87190628523966,3.97487904352201,5.76804085798946
"1764",9,"UKENMI_ST_TP000182",NA,5.00909664842866,4.08534765703533,5.93248881725749
"1765",10,"UKENMI_ST_TP000182",6.085661936,5.23813600617816,4.34006802131636,6.13615414784811
"1766",11,"UKENMI_ST_TP000182",NA,5.32564962941009,4.40474584482999,6.24824402789472
"1767",12,"UKENMI_ST_TP000182",5.863077208,5.21317785673569,4.31749436371953,6.1100837227265
"1768",13,"UKENMI_ST_TP000182",NA,5.20829253270877,4.28504985694605,6.13264999830055
"1769",14,"UKENMI_ST_TP000182",5.821166509,5.2599566814612,4.36263412931606,6.15551632168294
"1770",15,"UKENMI_ST_TP000182",NA,5.21345239979113,4.29020311964414,6.13892623567731
"1771",16,"UKENMI_ST_TP000182",5.349148701,5.3732426456577,4.47650163196497,6.27199315582164
"1772",17,"UKENMI_ST_TP000182",NA,5.19263157795573,4.27358302958074,6.11346921899422
"1773",18,"UKENMI_ST_TP000182",5.151365864,5.0809779245061,4.18564161461671,5.97847820284861
"1774",19,"UKENMI_ST_TP000182",NA,5.01591845084233,4.09140096343828,5.94011398401693
"1775",20,"UKENMI_ST_TP000182",6.020334407,4.97232250615912,4.07484267481143,5.87204468516232
"1776",21,"UKENMI_ST_TP000182",NA,5.00705406770172,4.08586703779355,5.92775924771005
"1777",22,"UKENMI_ST_TP000182",4.670733292,4.94213281095888,4.04632253771155,5.84043088995867
"1778",23,"UKENMI_ST_TP000182",NA,5.14444741151646,4.22623325849471,6.06288612418195
"1779",24,"UKENMI_ST_TP000182",5.632390743,5.12521437129716,4.22646992047302,6.02070062845243
"1780",25,"UKENMI_ST_TP000182",NA,5.13487040816025,4.21068834631695,6.05997541172093
"1781",26,"UKENMI_ST_TP000182",5.788043302,4.98601819228146,4.08950457877431,5.88255817155305
"1782",27,"UKENMI_ST_TP000182",NA,5.0424420835654,4.11810888832055,5.96611818615865
"1783",28,"UKENMI_ST_TP000182",NA,5.22379699708909,4.32478619356903,6.12064342535122
"1784",29,"UKENMI_ST_TP000182",5.472846266,5.13152097120652,4.20917666709716,6.05555913228963
"1785",30,"UKENMI_ST_TP000182",5.170620422,5.03443556517539,4.13691220475751,5.93109424489935
"1786",31,"UKENMI_ST_TP000182",NA,4.93612832615875,3.97370432923346,5.89808927314281
"1787",32,"UKENMI_ST_TP000182",5.645415967,4.99065529777018,4.09477936358038,5.88748036466397
"1788",33,"UKENMI_ST_TP000182",NA,4.97558180529394,4.06536183839367,5.88678354833911
"1789",34,"UKENMI_ST_TP000182",5.446615127,4.59993417979135,3.69960359929675,5.49905832462564
"1790",35,"UKENMI_ST_TP000182",NA,4.78022190142862,3.85505770933672,5.70545069671578
"1791",36,"UKENMI_ST_TP000182",5.005593048,4.8265339315679,3.9294322200667,5.72286569214094
"1792",37,"UKENMI_ST_TP000182",NA,5.15949820510316,4.23410410610166,6.08441808622028
"1793",38,"UKENMI_ST_TP000182",5.619273843,5.1478678164431,4.24921227768847,6.04453220778604
"1794",39,"UKENMI_ST_TP000182",NA,5.49058660057189,4.57043507107609,6.4123509325664
"1795",40,"UKENMI_ST_TP000182",5.122754834,5.2953177819225,4.397343723769,6.1916456858169
"1796",41,"UKENMI_ST_TP000182",NA,5.49230098556229,4.56878424864382,6.41881695352718
"1797",42,"UKENMI_ST_TP000182",6.630172259,5.40931131455933,4.51304892741794,6.30613669252477
"1798",43,"UKENMI_ST_TP000182",NA,5.45017140627931,4.52845629593506,6.37126786115531
"1799",44,"UKENMI_ST_TP000182",NA,5.31045106047881,4.41427113404106,6.20770724088436
"1800",45,"UKENMI_ST_TP000182",6.268867226,5.30797176429941,4.3647523804417,6.24957526567268
"2071",1,"UKENMI_ST_TP000225",NA,4.23609648739703,3.30321139855013,5.16841525619017
"2072",2,"UKENMI_ST_TP000225",4.062915794,4.34894084930117,3.44525948009278,5.25210421472347
"2073",3,"UKENMI_ST_TP000225",NA,4.52418537052835,3.60628156769238,5.44261102088748
"2074",4,"UKENMI_ST_TP000225",4.950056179,4.55539457136774,3.65221481744296,5.45918485891738
"2075",5,"UKENMI_ST_TP000225",NA,4.68747341192669,3.76147417924782,5.61665535790553
"2076",6,"UKENMI_ST_TP000225",5.105160338,4.92981496690024,4.02802230431998,5.83159633184297
"2077",7,"UKENMI_ST_TP000225",NA,4.78747487443434,3.85721617370907,5.71968688474684
"2078",8,"UKENMI_ST_TP000225",5.240696498,4.85479230145623,3.95406310443123,5.75630762547495
"2079",9,"UKENMI_ST_TP000225",NA,4.97786012400529,4.04836238645647,5.90699121484091
"2080",10,"UKENMI_ST_TP000225",6.032735871,5.20364221606261,4.29524689993328,6.11081174331057
"2081",11,"UKENMI_ST_TP000225",NA,5.38408063741374,4.46759803525422,6.30554124611815
"2082",12,"UKENMI_ST_TP000225",5.149123329,5.20947453969605,4.30867134584023,6.11052656179049
"2083",13,"UKENMI_ST_TP000225",NA,5.20740375419868,4.2795464447372,6.13618942746729
"2084",14,"UKENMI_ST_TP000225",5.858231726,5.17467808109082,4.27305608807693,6.07528728242635
"2085",15,"UKENMI_ST_TP000225",NA,5.18163686103349,4.25413707446876,6.11164588259578
"2086",16,"UKENMI_ST_TP000225",5.759239082,5.31185348977465,4.40338661806777,6.22009873871545
"2087",17,"UKENMI_ST_TP000225",NA,5.14579723155194,4.23029667022552,6.06381158459478
"2088",18,"UKENMI_ST_TP000225",5.359975077,4.94182702448794,4.03851404219185,5.84184239967236
"2089",19,"UKENMI_ST_TP000225",NA,4.9833550089809,4.05453594622648,5.91201164087781
"2090",20,"UKENMI_ST_TP000225",3.720201328,4.96424137620968,4.05723045669834,5.8739114085488
"2091",21,"UKENMI_ST_TP000225",NA,4.96454311563721,4.04576921677846,5.88242516113524
"2092",22,"UKENMI_ST_TP000225",5.519570387,4.85340620902675,3.95261804825104,5.75528885868214
"2093",23,"UKENMI_ST_TP000225",NA,5.12775486834686,4.20493859616049,6.05163378559241
"2094",24,"UKENMI_ST_TP000225",5.653752477,5.11238903808165,4.21003557392917,6.01285323378247
"2095",25,"UKENMI_ST_TP000225",NA,5.10732721526801,4.18050114052148,6.03536736069384
"2096",26,"UKENMI_ST_TP000225",4.945888134,5.02590740817728,4.12627709047577,5.92834413499909
"2097",27,"UKENMI_ST_TP000225",NA,5.0134686944541,4.08614565698973,5.94048773804032
"2098",28,"UKENMI_ST_TP000225",5.465382402,5.19890042113377,4.296500478564,6.10004637480914
"2099",29,"UKENMI_ST_TP000225",NA,5.07910726737026,4.15357201662644,6.00676690265096
"2100",30,"UKENMI_ST_TP000225",4.608254604,4.97636234649917,4.07579619597876,5.87812543376566
"2101",31,"UKENMI_ST_TP000225",NA,4.92568590204872,3.96283649558419,5.88863519260324
"2102",32,"UKENMI_ST_TP000225",5.676716886,5.00735966430135,4.10797711283308,5.90748099665417
"2103",33,"UKENMI_ST_TP000225",NA,4.93868849032753,4.02311563131379,5.85548663070795
"2104",34,"UKENMI_ST_TP000225",4.34063103,4.6248079822901,3.72253079717681,5.52884619686365
"2105",35,"UKENMI_ST_TP000225",NA,4.72420238871057,3.7965190936586,5.65256861227189
"2106",36,"UKENMI_ST_TP000225",5.161507354,4.77352623167375,3.87189049419731,5.67377156967837
"2107",37,"UKENMI_ST_TP000225",NA,5.13002099803935,4.20136759401972,6.05805735614976
"2108",38,"UKENMI_ST_TP000225",5.396804477,5.13681925817199,4.22871618371392,6.04448081130368
"2109",39,"UKENMI_ST_TP000225",NA,5.4661380518612,4.55029380424676,6.38451199689542
"2110",40,"UKENMI_ST_TP000225",6.013500138,5.26085290565092,4.35706367437539,6.16074011945345
"2111",41,"UKENMI_ST_TP000225",NA,5.44690924385041,4.52075351444195,6.3762825389813
"2112",42,"UKENMI_ST_TP000225",5.331099164,5.38809436765885,4.48777046135172,6.28948978258623
"2113",43,"UKENMI_ST_TP000225",NA,5.4593817883107,4.53591349641899,6.38263041540175
"2114",44,"UKENMI_ST_TP000225",3.393472251,5.27194228179827,4.37107727252833,6.17355602463693
"2115",45,"UKENMI_ST_TP000225",NA,5.27790516171638,4.32673012479276,6.22745408959754
"2026",1,"UKENMI_ST_TP000222",NA,3.89763294059053,2.95041453880801,4.84306281518483
"2027",2,"UKENMI_ST_TP000222",3.759873952,4.02030481030179,3.1170841165847,4.92343171357202
"2028",3,"UKENMI_ST_TP000222",4.811519856,4.17836879099767,3.24994689230394,5.10739430153934
"2029",4,"UKENMI_ST_TP000222",NA,4.15461532488105,3.24887508617116,5.05636747962149
"2030",5,"UKENMI_ST_TP000222",NA,4.34063810242593,3.40148259149616,5.28078265089072
"2031",6,"UKENMI_ST_TP000222",3.855882448,4.59187740565269,3.6916413246862,5.49572566919613
"2032",7,"UKENMI_ST_TP000222",NA,4.38365486438811,3.43937717549645,5.32886590014038
"2033",8,"UKENMI_ST_TP000222",4.161415458,4.55561929719669,3.65593556394083,5.45843509725301
"2034",9,"UKENMI_ST_TP000222",NA,4.6321829640347,3.6922982714612,5.5717814260823
"2035",10,"UKENMI_ST_TP000222",5.045185477,4.88244429313004,3.9814959736264,5.78467330037919
"2036",11,"UKENMI_ST_TP000222",NA,4.90055675604939,3.9617264521568,5.84009440065339
"2037",12,"UKENMI_ST_TP000222",4.619774562,4.87497556660536,3.9745505890791,5.77785404149097
"2038",13,"UKENMI_ST_TP000222",NA,4.79380790882585,3.85490639594992,5.73334326509973
"2039",14,"UKENMI_ST_TP000222",5.067319162,4.87575566331612,3.97278934524118,5.77615715120597
"2040",15,"UKENMI_ST_TP000222",NA,4.84016448974065,3.90059940261401,5.7809302292224
"2041",16,"UKENMI_ST_TP000222",5.254053371,4.97344971258087,4.0728106191889,5.87647087567906
"2042",17,"UKENMI_ST_TP000222",NA,4.80803261530487,3.87117166741472,5.74561588956818
"2043",18,"UKENMI_ST_TP000222",4.722757105,4.72069125789678,3.82053866271521,5.6236601842599
"2044",19,"UKENMI_ST_TP000222",NA,4.61794097985339,3.67811965915275,5.55693048142474
"2045",20,"UKENMI_ST_TP000222",5.087229045,4.43726383549373,3.53275449103669,5.33811855798137
"2046",21,"UKENMI_ST_TP000222",NA,4.61546303121873,3.67589310911867,5.55502403590336
"2047",22,"UKENMI_ST_TP000222",3.894758605,4.5661447918397,3.66659246167365,5.46774920557819
"2048",23,"UKENMI_ST_TP000222",NA,4.74071287473715,3.8090648118946,5.67157904485988
"2049",24,"UKENMI_ST_TP000222",4.490356705,4.84274889965933,3.94070038353673,5.75033551655696
"2050",25,"UKENMI_ST_TP000222",NA,4.70337886017565,3.76349201934066,5.64391119305028
"2051",26,"UKENMI_ST_TP000222",4.861228327,4.48664796515717,3.58234553717062,5.3861782858384
"2052",27,"UKENMI_ST_TP000222",NA,4.64774122090901,3.70585214544102,5.58856050656307
"2053",28,"UKENMI_ST_TP000222",4.815174201,4.8262558046697,3.92403165920577,5.72791293566694
"2054",29,"UKENMI_ST_TP000222",NA,4.730707968391,3.79195574839395,5.67045397790643
"2055",30,"UKENMI_ST_TP000222",4.593096212,4.69767331469895,3.79546302255071,5.59870971818558
"2056",31,"UKENMI_ST_TP000222",NA,4.53304525887156,3.55472698834317,5.51065222169294
"2057",32,"UKENMI_ST_TP000222",5.128485741,4.6617824628572,3.75871139468319,5.566177433484
"2058",33,"UKENMI_ST_TP000222",NA,4.59206064549877,3.67109990677884,5.51299601815159
"2059",34,"UKENMI_ST_TP000222",4.124971,4.21264916036551,3.30734080790586,5.11335062181942
"2060",35,"UKENMI_ST_TP000222",NA,4.38952929757642,3.44615628909879,5.33190194666492
"2061",36,"UKENMI_ST_TP000222",3.38856173,4.45775969837712,3.55731220734258,5.35971897314828
"2062",37,"UKENMI_ST_TP000222",NA,4.77253484731418,3.83062838468092,5.71422872829779
"2063",38,"UKENMI_ST_TP000222",4.165151417,4.57571033844054,3.66363611226238,5.47701220374855
"2064",39,"UKENMI_ST_TP000222",NA,5.07653405559098,4.13751260609273,6.01671542462995
"2065",40,"UKENMI_ST_TP000222",5.384246614,4.86301745250852,3.95863709360062,5.76329857430272
"2066",41,"UKENMI_ST_TP000222",NA,5.0962904057663,4.15590736719304,6.03894107198434
"2067",42,"UKENMI_ST_TP000222",5.055711409,4.96629693302353,4.06420732739215,5.86659922282973
"2068",43,"UKENMI_ST_TP000222",NA,5.03119854358823,4.09090252705415,5.97024490125619
"2069",44,"UKENMI_ST_TP000222",4.64071985,4.88013253709381,3.97862697871331,5.7805647711601
"2070",45,"UKENMI_ST_TP000222",NA,4.90730945582202,3.94816017819653,5.86416722298561
"541",1,"UKENAN_AW_TP000144",NA,4.33717332497823,3.38349441471966,5.2882561601223
"542",2,"UKENAN_AW_TP000144",3.894018201,4.43071592365904,3.51374520209418,5.34565805133921
"543",3,"UKENAN_AW_TP000144",NA,4.59244601960094,3.6542858093644,5.53111716039803
"544",4,"UKENAN_AW_TP000144",4.565652353,4.59733221294326,3.68196566644337,5.5127355117032
"545",5,"UKENAN_AW_TP000144",NA,4.74072022479844,3.79559175221435,5.68789215950504
"546",6,"UKENAN_AW_TP000144",3.976508289,4.98200034918491,4.06547016881546,5.89716955590505
"547",7,"UKENAN_AW_TP000144",NA,4.78742980223196,3.8374807906007,5.73995666741361
"548",8,"UKENAN_AW_TP000144",5.295213159,4.84104079850309,3.92462811389487,5.75581641634912
"549",9,"UKENAN_AW_TP000144",NA,5.05028730731163,4.10253659107131,5.99740734381783
"550",10,"UKENAN_AW_TP000144",5.612534619,5.06789235965314,4.15240986953373,5.98605343072837
"551",11,"UKENAN_AW_TP000144",NA,5.30247488258358,4.35826897649901,6.24992000272381
"552",12,"UKENAN_AW_TP000144",5.155523051,5.30618253791808,4.39063206361153,6.22122637421874
"553",13,"UKENAN_AW_TP000144",NA,5.20123750793411,4.25656148155167,6.14842630093376
"554",14,"UKENAN_AW_TP000144",5.798863048,5.32691132947514,4.41222541112739,6.24182938843526
"555",15,"UKENAN_AW_TP000144",NA,5.24764761532316,4.30227612322643,6.19620783693347
"556",16,"UKENAN_AW_TP000144",4.809772982,5.350494411437,4.43534646564658,6.2658562351634
"557",17,"UKENAN_AW_TP000144",NA,5.18106555593859,4.2379990687674,6.12523450864969
"558",18,"UKENAN_AW_TP000144",5.312256804,5.12738244808806,4.21176390217781,6.04190909802732
"559",19,"UKENAN_AW_TP000144",NA,5.02071118339136,4.07228997722612,5.9680097826206
"560",20,"UKENAN_AW_TP000144",5.013127507,5.03278920645545,4.11622705598697,5.9463457574968
"561",21,"UKENAN_AW_TP000144",NA,5.07456980304034,4.13004654696968,6.01934197649737
"562",22,"UKENAN_AW_TP000144",5.079906383,5.02851722812878,4.1140038977093,5.94410168331437
"563",23,"UKENAN_AW_TP000144",NA,5.14490951437395,4.20374442415456,6.08673593716435
"564",24,"UKENAN_AW_TP000144",5.28947715,5.01760898087313,4.10118259787446,5.93332643239178
"565",25,"UKENAN_AW_TP000144",5.05955423,5.16852973581868,4.2222832442697,6.11585512217081
"566",26,"UKENAN_AW_TP000144",NA,5.17307259591455,4.2580133419327,6.08972064469435
"567",27,"UKENAN_AW_TP000144",NA,5.06486772656292,4.12079378575511,6.00950725756258
"568",28,"UKENAN_AW_TP000144",4.796538581,5.21519672302496,4.29696979667479,6.13224961523981
"569",29,"UKENAN_AW_TP000144",NA,5.1590635037478,4.21575608176389,6.1027116097922
"570",30,"UKENAN_AW_TP000144",4.683304413,5.1523789497029,4.23760751877592,6.06847955567757
"571",31,"UKENAN_AW_TP000144",NA,4.92897887143666,3.94667858498212,5.91036066075826
"572",32,"UKENAN_AW_TP000144",4.232048694,4.90511194266002,3.9868842734042,5.82289003969488
"573",33,"UKENAN_AW_TP000144",NA,4.9925643241512,4.05912390796549,5.92759230759976
"574",34,"UKENAN_AW_TP000144",4.440888748,4.86133234908033,3.94594711586709,5.77656410471755
"575",35,"UKENAN_AW_TP000144",NA,4.80206604775751,3.85504800763338,5.74841094695007
"576",36,"UKENAN_AW_TP000144",5.068310527,4.88856308101867,3.9730214741613,5.80261912205484
"577",37,"UKENAN_AW_TP000144",NA,5.21567927376387,4.26961447783061,6.16146160251189
"578",38,"UKENAN_AW_TP000144",5.387087409,5.13459328954645,4.21747618658586,6.04809236928055
"579",39,"UKENAN_AW_TP000144",NA,5.49912887563917,4.55471909679395,6.44559787473047
"580",40,"UKENAN_AW_TP000144",4.839288028,5.4092432503168,4.49318186528173,6.32497856254736
"581",41,"UKENAN_AW_TP000144",NA,5.54388954150286,4.597101471287,6.49429757418208
"582",42,"UKENAN_AW_TP000144",4.960596012,5.43297337788213,4.51810336683493,6.34878682630611
"583",43,"UKENAN_AW_TP000144",NA,5.44604599123529,4.50286360028865,6.3899216520541
"584",44,"UKENAN_AW_TP000144",5.710266297,5.24596344284504,4.33064207243258,6.16202061347444
"585",45,"UKENAN_AW_TP000144",NA,5.34079085870359,4.38012999455885,6.30031333319565
"3376",1,"UKENNW_UU_TP000018",NA,3.7527201483482,2.8726005248688,4.6332618477812
"3377",2,"UKENNW_UU_TP000018",4.312214638,3.97814201032299,3.12582686093623,4.83266834343059
"3378",3,"UKENNW_UU_TP000018",3.947006945,4.21100683705576,3.34965862854352,5.07484032188488
"3379",4,"UKENNW_UU_TP000018",NA,4.2307254091837,3.36871110117588,5.09119359990789
"3380",5,"UKENNW_UU_TP000018",NA,4.34881852155068,3.47279196519416,5.22555051741995
"3381",6,"UKENNW_UU_TP000018",4.893892536,4.23662691859657,3.38181224960166,5.08734291397303
"3382",7,"UKENNW_UU_TP000018",NA,4.36600459633311,3.47345352056731,5.25904807649357
"3383",8,"UKENNW_UU_TP000018",4.290805018,4.40327071887346,3.55062871938955,5.25555181900439
"3384",9,"UKENNW_UU_TP000018",NA,4.61106371199871,3.7361052635377,5.48656466282861
"3385",10,"UKENNW_UU_TP000018",4.505933599,4.60101818216604,3.74584836180667,5.449848639106
"3386",11,"UKENNW_UU_TP000018",NA,4.89169772364786,4.01424806536513,5.76880421809772
"3387",12,"UKENNW_UU_TP000018",5.180972658,4.84178044351602,3.98681904800965,5.69218577811238
"3388",13,"UKENNW_UU_TP000018",NA,4.77793583039922,3.90932026048405,5.64541095515468
"3389",14,"UKENNW_UU_TP000018",4.500416417,4.77629840703199,3.9223114243657,5.6256587630105
"3390",15,"UKENNW_UU_TP000018",NA,4.81468162534945,3.94457263244429,5.68448229515411
"3391",16,"UKENNW_UU_TP000018",3.010348054,4.81565463932177,3.96085555485031,5.66741996656192
"3392",17,"UKENNW_UU_TP000018",NA,4.88782963718033,4.01801179899685,5.75683763499907
"3393",18,"UKENNW_UU_TP000018",4.859100907,4.7640120291721,3.9121614121556,5.61528248946241
"3394",19,"UKENNW_UU_TP000018",NA,4.49796962840008,3.6253109145221,5.36638398159452
"3395",20,"UKENNW_UU_TP000018",5.390067061,4.48000425993829,3.62563697391984,5.33317633268538
"3396",21,"UKENNW_UU_TP000018",NA,4.63912190516582,3.76844871666114,5.50891691175966
"3397",22,"UKENNW_UU_TP000018",5.166777576,4.32923279613773,3.47039169250401,5.18020285708799
"3398",23,"UKENNW_UU_TP000018",NA,4.59159748249395,3.72291842402083,5.45763386415231
"3399",24,"UKENNW_UU_TP000018",5.731162391,4.47174408952583,3.61660845854086,5.3228096208702
"3400",25,"UKENNW_UU_TP000018",NA,4.73735468253512,3.86589635456321,5.6097101078079
"3401",26,"UKENNW_UU_TP000018",5.577699294,4.6128641918767,3.7620971334498,5.4637212609351
"3402",27,"UKENNW_UU_TP000018",NA,4.50575563300565,3.63497132474069,5.37411053336614
"3403",28,"UKENNW_UU_TP000018",5.813548254,4.68025100498468,3.82764925370885,5.53232481793229
"3404",29,"UKENNW_UU_TP000018",NA,4.68713745947013,3.82290983170434,5.55358144487992
"3405",30,"UKENNW_UU_TP000018",5.315860096,4.82196281358498,3.97044043804371,5.67409589963022
"3406",31,"UKENNW_UU_TP000018",NA,4.59041549388249,3.68225804819542,5.49668244425309
"3407",32,"UKENNW_UU_TP000018",5.807457848,4.84829650105216,3.99925391463417,5.69766785156822
"3408",33,"UKENNW_UU_TP000018",NA,4.5732849610794,3.72161403805536,5.42705866404158
"3409",34,"UKENNW_UU_TP000018",4.536759153,4.46787533085789,3.61624192612126,5.31774823138116
"3410",35,"UKENNW_UU_TP000018",NA,4.38984257322883,3.52388345505438,5.25545932346392
"3411",36,"UKENNW_UU_TP000018",5.537892707,4.37978753332986,3.53020394540454,5.22825514720972
"3412",37,"UKENNW_UU_TP000018",NA,4.76767442872911,3.90186610242593,5.63381396024612
"3413",38,"UKENNW_UU_TP000018",5.394201483,4.73396295693815,3.88422101377167,5.58538532171496
"3414",39,"UKENNW_UU_TP000018",NA,5.14328127833449,4.27865337012057,6.00842186295184
"3415",40,"UKENNW_UU_TP000018",5.880505655,5.08207967919351,4.23041118631936,5.93123720527971
"3416",41,"UKENNW_UU_TP000018",NA,5.07797411021095,4.2049643937555,5.95043170967291
"3417",42,"UKENNW_UU_TP000018",5.436435618,5.19721903057294,4.34715955401262,6.04820851659114
"3418",43,"UKENNW_UU_TP000018",NA,5.02500389955976,4.16161346832499,5.88489926749394
"3419",44,"UKENNW_UU_TP000018",5.351061463,4.84048436791251,3.98751251094397,5.68866357261691
"3420",45,"UKENNW_UU_TP000018",NA,4.99877187526121,4.09823551749617,5.89807439111489
"3421",1,"UKENNW_UU_TP000019",NA,3.93155122335709,3.079293295945,4.78438025808408
"3422",2,"UKENNW_UU_TP000019",4.321526907,4.15778990550549,3.3339031634199,4.98143842171648
"3423",3,"UKENNW_UU_TP000019",NA,4.38267303457741,3.54864615201734,5.21784866149091
"3424",4,"UKENNW_UU_TP000019",4.138596996,4.423551085285,3.59077783378198,5.25473691405433
"3425",5,"UKENNW_UU_TP000019",NA,4.54654967921934,3.69947222246922,5.39426161420745
"3426",6,"UKENNW_UU_TP000019",4.199258499,4.48250997685036,3.65799153128067,5.30478115241688
"3427",7,"UKENNW_UU_TP000019",NA,4.56764482275797,3.70306431362979,5.43251751118158
"3428",8,"UKENNW_UU_TP000019",4.785174375,4.60748647896711,3.78635571419186,5.42811764321504
"3429",9,"UKENNW_UU_TP000019",NA,4.83676031301705,3.9915080875235,5.68281697648325
"3430",10,"UKENNW_UU_TP000019",4.284024,4.87012058632297,4.0475620722044,5.68937001930826
"3431",11,"UKENNW_UU_TP000019",NA,5.1248065290242,4.27670038832372,5.97371595555615
"3432",12,"UKENNW_UU_TP000019",3.671908922,5.04312596495823,4.21902511929647,5.86465017976172
"3433",13,"UKENNW_UU_TP000019",NA,4.97990554385336,4.13997323872205,5.81932248114217
"3434",14,"UKENNW_UU_TP000019",4.325915034,5.00305818803912,4.18087838617339,5.82327308670366
"3435",15,"UKENNW_UU_TP000019",NA,5.0212999856086,4.17837154918037,5.86510849805359
"3436",16,"UKENNW_UU_TP000019",4.013695776,5.00767117064344,4.18258757422655,5.8301168533055
"3437",17,"UKENNW_UU_TP000019",NA,5.08641943735573,4.24598511136961,5.92801805644751
"3438",18,"UKENNW_UU_TP000019",4.219561634,4.93875088077859,4.11736272360621,5.76056814520437
"3439",19,"UKENNW_UU_TP000019",NA,4.72273857125997,3.88105050980441,5.56297824926239
"3440",20,"UKENNW_UU_TP000019",4.57189445,4.65463410278416,3.83113910790569,5.47695921429538
"3441",21,"UKENNW_UU_TP000019",NA,4.85522023734102,4.01217476860022,5.69839330467893
"3442",22,"UKENNW_UU_TP000019",4.115143425,4.5552304740146,3.7296979586314,5.37649906761061
"3443",23,"UKENNW_UU_TP000019",NA,4.8458803869204,4.00773881240734,5.68484317108934
"3444",24,"UKENNW_UU_TP000019",4.638963718,4.69948134697159,3.87362403438394,5.52162417092698
"3445",25,"UKENNW_UU_TP000019",NA,4.92892045437163,4.08764531910986,5.77107499069108
"3446",26,"UKENNW_UU_TP000019",3.613664255,4.75387418959696,3.93108390714073,5.57437548321442
"3447",27,"UKENNW_UU_TP000019",NA,4.74629524614738,3.90355593693688,5.58904127835157
"3448",28,"UKENNW_UU_TP000019",4.810958697,4.84935758913835,4.02514479181477,5.67155182931207
"3449",29,"UKENNW_UU_TP000019",NA,4.86919526738861,4.03302406286929,5.70712112806364
"3450",30,"UKENNW_UU_TP000019",4.907437331,5.04816538242535,4.22590296825126,5.87324955443736
"3451",31,"UKENNW_UU_TP000019",NA,4.80154634646477,3.9202662445095,5.68120318660157
"3452",32,"UKENNW_UU_TP000019",5.473418359,5.05578817933253,4.23253703048459,5.87977592827737
"3453",33,"UKENNW_UU_TP000019",NA,4.77874390922947,3.95806416026204,5.60208872081808
"3454",34,"UKENNW_UU_TP000019",4.906550554,4.6646670915174,3.84408101211879,5.48543634320848
"3455",35,"UKENNW_UU_TP000019",NA,4.57754184187723,3.73739041578952,5.41751666421956
"3456",36,"UKENNW_UU_TP000019",4.706351351,4.582684196863,3.76402920511014,5.40241397941068
"3457",37,"UKENNW_UU_TP000019",NA,4.96503125678877,4.12711760402202,5.80285588589998
"3458",38,"UKENNW_UU_TP000019",4.415462461,4.98440538630533,4.16457237647074,5.80846950465528
"3459",39,"UKENNW_UU_TP000019",NA,5.36882956615739,4.53032395501851,6.20936676841488
"3460",40,"UKENNW_UU_TP000019",5.897643121,5.30089223412131,4.48038295398372,6.12005540310309
"3461",41,"UKENNW_UU_TP000019",NA,5.29377501328405,4.45427410320902,6.1331011696228
"3462",42,"UKENNW_UU_TP000019",4.244083024,5.34920327576581,4.52888632491385,6.16911812850243
"3463",43,"UKENNW_UU_TP000019",NA,5.27173318928905,4.43971780751601,6.10254813405092
"3464",44,"UKENNW_UU_TP000019",4.674903164,5.08773857191977,4.2652302872906,5.90863822308662
"3465",45,"UKENNW_UU_TP000019",NA,5.23165269564604,4.3601448046236,6.10255994278988
"3556",1,"UKENNW_UU_TP000026",NA,4.0743051285121,3.2277361933783,4.92099002374586
"3557",2,"UKENNW_UU_TP000026",4.316908332,4.29485021699316,3.47781104968989,5.11216971255198
"3558",3,"UKENNW_UU_TP000026",NA,4.51906248054733,3.6910257403041,5.34880627554706
"3559",4,"UKENNW_UU_TP000026",4.887295259,4.56138860173242,3.73558296353106,5.38594581732219
"3560",5,"UKENNW_UU_TP000026",NA,4.68542395302552,3.84426800919291,5.5274943838163
"3561",6,"UKENNW_UU_TP000026",5.106185015,4.62068236890984,3.80331711176527,5.43646959813532
"3562",7,"UKENNW_UU_TP000026",NA,4.70371826790606,3.84601842872432,5.56209808182262
"3563",8,"UKENNW_UU_TP000026",4.735320946,4.74960336174989,3.9357624487283,5.56378494554312
"3564",9,"UKENNW_UU_TP000026",NA,4.96975130765647,4.13040436799208,5.81049223761549
"3565",10,"UKENNW_UU_TP000026",4.745675831,5.00476472834539,4.18957167211996,5.81776895445642
"3566",11,"UKENNW_UU_TP000026",NA,5.26023848776754,4.41837739213225,6.10384542638378
"3567",12,"UKENNW_UU_TP000026",4.441588562,5.18370165807831,4.36686039881784,5.9987677439582
"3568",13,"UKENNW_UU_TP000026",NA,5.11398030788263,4.27996633909394,5.94806365518978
"3569",14,"UKENNW_UU_TP000026",5.018213666,5.13987196674696,4.32439958097579,5.9535666759976
"3570",15,"UKENNW_UU_TP000026",NA,5.15860777950019,4.321702502961,5.99637031258376
"3571",16,"UKENNW_UU_TP000026",4.992415664,5.14872519475333,4.33009426194412,5.9648796127423
"3572",17,"UKENNW_UU_TP000026",NA,5.22740830216098,4.39350969772892,6.0629217499618
"3573",18,"UKENNW_UU_TP000026",2.712566164,5.07437018070047,4.25970273479195,5.88969106500992
"3574",19,"UKENNW_UU_TP000026",NA,4.85946124172312,4.02399028838471,5.69384523331265
"3575",20,"UKENNW_UU_TP000026",4.226611371,4.78640478837177,3.96916500355782,5.602602617002
"3576",21,"UKENNW_UU_TP000026",NA,4.99740234617916,4.1607923630185,5.83493007171916
"3577",22,"UKENNW_UU_TP000026",4.879666445,4.69306715173383,3.87405480469357,5.50784868337237
"3578",23,"UKENNW_UU_TP000026",NA,4.9813836300655,4.14937069220642,5.81449514854749
"3579",24,"UKENNW_UU_TP000026",5.19561093,4.8321655584551,4.01261236522664,5.64806046279213
"3580",25,"UKENNW_UU_TP000026",NA,5.06730450501655,4.23236846037572,5.90348343718506
"3581",26,"UKENNW_UU_TP000026",3.449758588,4.88251540154329,4.06626394746303,5.69660466186103
"3582",27,"UKENNW_UU_TP000026",NA,4.88651672424769,4.05052152642309,5.72296916417466
"3583",28,"UKENNW_UU_TP000026",5.114130354,4.99177958208946,4.17492279963592,5.8073699628702
"3584",29,"UKENNW_UU_TP000026",NA,5.00693992841284,4.17729663118975,5.83891729803991
"3585",30,"UKENNW_UU_TP000026",4.891535621,5.18504411935332,4.36986103448493,6.0039518285281
"3586",31,"UKENNW_UU_TP000026",NA,4.93420796188161,4.05919895442812,5.80833937972254
"3587",32,"UKENNW_UU_TP000026",NA,5.18771338050447,4.37164858658962,6.00524413957983
"3588",33,"UKENNW_UU_TP000026",5.331022896,4.91666950244027,4.10177265899942,5.73484330777357
"3589",34,"UKENNW_UU_TP000026",5.60155112,4.81024925833825,3.99665915837651,5.62497916797508
"3590",35,"UKENNW_UU_TP000026",NA,4.71432191402656,3.88071722320614,5.54834715703436
"3591",36,"UKENNW_UU_TP000026",5.340910013,4.72699118942116,3.91518734056823,5.54094251716467
"3592",37,"UKENNW_UU_TP000026",NA,5.09174655530199,4.25940324577657,5.92419324563418
"3593",38,"UKENNW_UU_TP000026",5.745598229,5.11744582759411,4.30440726622584,5.93539624735146
"3594",39,"UKENNW_UU_TP000026",NA,5.51516940345371,4.68273146299767,6.35004635807985
"3595",40,"UKENNW_UU_TP000026",6.076463241,5.43486667844147,4.62152053954998,6.24771561031466
"3596",41,"UKENNW_UU_TP000026",NA,5.43217955437444,4.59871406482247,6.26623998400663
"3597",42,"UKENNW_UU_TP000026",5.726684024,5.48406661116947,4.6707098431926,6.29748777353132
"3598",43,"UKENNW_UU_TP000026",NA,5.40972494465201,4.58408801972068,6.23472931223224
"3599",44,"UKENNW_UU_TP000026",6.187110224,5.21992028629922,4.40400020880743,6.03432295945979
"3600",45,"UKENNW_UU_TP000026",NA,5.36526959346222,4.49898945963675,6.23111915501622
"3781",1,"UKENNW_UU_TP000067",NA,4.10292893436566,3.24441526415022,4.96311315443212
"3782",2,"UKENNW_UU_TP000067",4.778652748,4.32940106800559,3.50200162842326,5.15575554739332
"3783",3,"UKENNW_UU_TP000067",NA,4.55920568176703,3.71985678227844,5.3993028605198
"3784",4,"UKENNW_UU_TP000067",5.101711922,4.60602081757278,3.77223023111751,5.4387216670955
"3785",5,"UKENNW_UU_TP000067",NA,4.7351879360448,3.8842312406845,5.58748475761325
"3786",6,"UKENNW_UU_TP000067",5.108803611,4.70477300707599,3.87914981887983,5.53005686511491
"3787",7,"UKENNW_UU_TP000067",NA,4.75675677428443,3.8894769367733,5.62460749619159
"3788",8,"UKENNW_UU_TP000067",4.276106571,4.79854042131034,3.97582452709095,5.62073433210394
"3789",9,"UKENNW_UU_TP000067",NA,5.03520293532373,4.1857742050009,5.88663143154976
"3790",10,"UKENNW_UU_TP000067",5.23519345,5.10296999093383,4.2800424288008,5.92542714855203
"3791",11,"UKENNW_UU_TP000067",NA,5.33151798693829,4.47966001664467,6.18550340420442
"3792",12,"UKENNW_UU_TP000067",5.160775605,5.23936901117973,4.41456183711525,6.06370178517489
"3793",13,"UKENNW_UU_TP000067",NA,5.16362249985739,4.31741814208602,6.01021495019377
"3794",14,"UKENNW_UU_TP000067",5.612839503,5.20906184984601,4.38551288552278,6.03242680806315
"3795",15,"UKENNW_UU_TP000067",NA,5.21455902378922,4.36549890933764,6.06493270676968
"3796",16,"UKENNW_UU_TP000067",5.47097824,5.203525558095,4.37626380657941,6.02811435824233
"3797",17,"UKENNW_UU_TP000067",NA,5.2817137893387,4.43735937372667,6.12849153353752
"3798",18,"UKENNW_UU_TP000067",5.536220639,5.10480974875999,4.28090134579646,5.92923932053268
"3799",19,"UKENNW_UU_TP000067",NA,4.94055786601031,4.09548232749781,5.78698330744207
"3800",20,"UKENNW_UU_TP000067",5.74842806,4.82796698087625,4.00261818413964,5.65272663621539
"3801",21,"UKENNW_UU_TP000067",NA,5.06085008094415,4.2125559658852,5.91098164540895
"3802",22,"UKENNW_UU_TP000067",5.022771965,4.76738710587611,3.94166036531746,5.59164804725496
"3803",23,"UKENNW_UU_TP000067",NA,5.06195373705357,4.21951534890096,5.90724698691079
"3804",24,"UKENNW_UU_TP000067",5.138830011,4.91091673195027,4.08339139178643,5.73612908613058
"3805",25,"UKENNW_UU_TP000067",NA,5.10504226217746,4.25896151420447,5.95221783965619
"3806",26,"UKENNW_UU_TP000067",5.223280738,4.89903936410953,4.0719999721009,5.72315075933603
"3807",27,"UKENNW_UU_TP000067",NA,4.9569431158634,4.10867444584346,5.80680383188649
"3808",28,"UKENNW_UU_TP000067",5.644057893,5.03474410514302,4.20921433906397,5.85926660766981
"3809",29,"UKENNW_UU_TP000067",NA,5.04057938860651,4.19840101941128,5.88454758956147
"3810",30,"UKENNW_UU_TP000067",5.439735298,5.25222835269162,4.42751096794971,6.08293959743064
"3811",31,"UKENNW_UU_TP000067",NA,4.98747590691042,4.10046650520188,5.87371887867445
"3812",32,"UKENNW_UU_TP000067",5.89925025,5.23139736170392,4.40540717357786,6.05984228990698
"3813",33,"UKENNW_UU_TP000067",NA,4.97195753498453,4.14746437262231,5.79997957949594
"3814",34,"UKENNW_UU_TP000067",4.691845882,4.8554881836132,4.03318986121892,5.67954490777663
"3815",35,"UKENNW_UU_TP000067",NA,4.76097243756956,3.9139882830921,5.60888012017995
"3816",36,"UKENNW_UU_TP000067",5.447372625,4.78436105213769,3.9643168081835,5.60785973481223
"3817",37,"UKENNW_UU_TP000067",NA,5.13105577901079,4.28518819626303,5.97666922482459
"3818",38,"UKENNW_UU_TP000067",4.972686192,5.17978230228072,4.3580476730131,6.00691957232232
"3819",39,"UKENNW_UU_TP000067",NA,5.57647533452058,4.73052389082414,6.42482399844922
"3820",40,"UKENNW_UU_TP000067",3.775512731,5.48394825921243,4.66196989848201,6.30553147583883
"3821",41,"UKENNW_UU_TP000067",NA,5.49369373428826,4.65110833738545,6.33775515795631
"3822",42,"UKENNW_UU_TP000067",6.164219853,5.4931224477541,4.6702344292042,6.31524996711651
"3823",43,"UKENNW_UU_TP000067",NA,5.48886211498015,4.65281080339746,6.32628927577172
"3824",44,"UKENNW_UU_TP000067",4.248613157,5.28714274844681,4.46179861094367,6.11266027703299
"3825",45,"UKENNW_UU_TP000067",NA,5.42326260285086,4.54598827048679,6.3001588848904
"3916",1,"UKENNW_UU_TP000078",NA,4.15829879891795,3.29765590169115,5.02010414609068
"3917",2,"UKENNW_UU_TP000078",4.455241689,4.37704470207974,3.54280670897997,5.21203157627379
"3918",3,"UKENNW_UU_TP000078",NA,4.60358272481961,3.76144083170206,5.4470450573812
"3919",4,"UKENNW_UU_TP000078",5.075106183,4.63665735790694,3.7934886461521,5.47926450816689
"3920",5,"UKENNW_UU_TP000078",NA,4.75826682166581,3.90399797345218,5.61425924823293
"3921",6,"UKENNW_UU_TP000078",4.976381193,4.69010664266844,3.85473790628223,5.52372307909626
"3922",7,"UKENNW_UU_TP000078",NA,4.77947594357491,3.90581398847749,5.65452678290362
"3923",8,"UKENNW_UU_TP000078",NA,4.80556269090003,3.97437086186797,5.63724510550191
"3924",9,"UKENNW_UU_TP000078",4.250415432,5.04822987026123,4.19608634878205,5.90238062623665
"3925",10,"UKENNW_UU_TP000078",5.561802966,5.07468084298572,4.24144446396753,5.90510692484008
"3926",11,"UKENNW_UU_TP000078",NA,5.32815555255003,4.47251720810224,6.18533867948066
"3927",12,"UKENNW_UU_TP000078",4.874192424,5.24697838546547,4.41232629432985,6.07962384373808
"3928",13,"UKENNW_UU_TP000078",NA,5.19660440362633,4.34979501024189,6.04408493194144
"3929",14,"UKENNW_UU_TP000078",5.321917157,5.21316292089377,4.38238953725587,6.04392488292582
"3930",15,"UKENNW_UU_TP000078",NA,5.23826593879204,4.38667756152858,6.09217520374942
"3931",16,"UKENNW_UU_TP000078",4.981667545,5.2175279499558,4.3834413230101,6.05014040879588
"3932",17,"UKENNW_UU_TP000078",4.77578699,5.28368738314507,4.43466489176697,6.13503476032402
"3933",18,"UKENNW_UU_TP000078",5.148763553,5.15488074050689,4.32442768677163,5.98740261401747
"3934",19,"UKENNW_UU_TP000078",NA,4.93161994122233,4.08134468058199,5.78139496639344
"3935",20,"UKENNW_UU_TP000078",5.744640264,4.88905834377198,4.057730384955,5.72139726615217
"3936",21,"UKENNW_UU_TP000078",NA,5.05318998159362,4.20132630836234,5.90524758218481
"3937",22,"UKENNW_UU_TP000078",5.485675674,4.76593114764501,3.93184210724127,5.59779876223896
"3938",23,"UKENNW_UU_TP000078",NA,5.06100438799138,4.21378542427498,5.91018569281968
"3939",24,"UKENNW_UU_TP000078",5.357997638,4.92421744168719,4.08976022628173,5.75640454430786
"3940",25,"UKENNW_UU_TP000078",NA,5.14672068615036,4.2971931997349,5.9978837867619
"3941",26,"UKENNW_UU_TP000078",4.390365537,4.99203012748027,4.16072294269758,5.82314787004048
"3942",27,"UKENNW_UU_TP000078",NA,4.94915470516023,4.09683089463878,5.80227734036604
"3943",28,"UKENNW_UU_TP000078",5.37057103,5.04462422967275,4.20969484262246,5.87791404018073
"3944",29,"UKENNW_UU_TP000078",NA,5.07691673724326,4.23257038357372,5.92396740977393
"3945",30,"UKENNW_UU_TP000078",4.079808016,5.24683923624792,4.41603136161945,6.08086388048883
"3946",31,"UKENNW_UU_TP000078",NA,5.01048703333715,4.12586370610464,5.89422346022922
"3947",32,"UKENNW_UU_TP000078",NA,5.27131677278596,4.4372695969578,6.10721444951798
"3948",33,"UKENNW_UU_TP000078",4.849180962,4.9883260055561,4.16047710574545,5.81872549663503
"3949",34,"UKENNW_UU_TP000078",4.274636764,4.85608620738757,4.02547212766483,5.68682916705537
"3950",35,"UKENNW_UU_TP000078",NA,4.78850096482686,3.94133448465222,5.63626193365607
"3951",36,"UKENNW_UU_TP000078",5.4402727,4.77186039218447,3.94378484155453,5.6003404285231
"3952",37,"UKENNW_UU_TP000078",NA,5.20282098108471,4.35895974370902,6.04832433135928
"3953",38,"UKENNW_UU_TP000078",6.713059818,5.20768412905728,4.37808902381872,6.04229813134415
"3954",39,"UKENNW_UU_TP000078",NA,5.57708272908265,4.73096842833866,6.42457653816497
"3955",40,"UKENNW_UU_TP000078",5.136461269,5.50718295453131,4.67823923421641,6.33666530409168
"3956",41,"UKENNW_UU_TP000078",NA,5.49915508499024,4.65475522265699,6.34428296643085
"3957",42,"UKENNW_UU_TP000078",6.116197797,5.5684199016188,4.73853191383927,6.39945733255514
"3958",43,"UKENNW_UU_TP000078",NA,5.47616872159673,4.637284485831,6.31469137802894
"3959",44,"UKENNW_UU_TP000078",5.757989921,5.30634566771204,4.47492160802967,6.13866321591246
"3960",45,"UKENNW_UU_TP000078",NA,5.45171861668372,4.57561486990512,6.32853314091576
"4096",1,"UKENNW_UU_TP000103",NA,3.79855727471541,2.93655808665582,4.65836282612306
"4097",2,"UKENNW_UU_TP000103",4.10045696,4.02318037150631,3.19218154612616,4.8522931576327
"4098",3,"UKENNW_UU_TP000103",NA,4.25206590363211,3.40812704543128,5.09524334782374
"4099",4,"UKENNW_UU_TP000103",3.758156169,4.29855405169392,3.45715235520042,5.13583664885834
"4100",5,"UKENNW_UU_TP000103",NA,4.42199797729815,3.56383523680827,5.27864895348145
"4101",6,"UKENNW_UU_TP000103",4.782889669,4.36348648459185,3.53096195745168,5.19254654043889
"4102",7,"UKENNW_UU_TP000103",NA,4.43617061731918,3.56230391047235,5.30840523967994
"4103",8,"UKENNW_UU_TP000103",3.955327256,4.49815215467336,3.66932631703303,5.32558703768418
"4104",9,"UKENNW_UU_TP000103",NA,4.69752329776638,3.84264531986739,5.55176001535821
"4105",10,"UKENNW_UU_TP000103",3.706409432,4.7428669751291,3.91475520566135,5.56772228626242
"4106",11,"UKENNW_UU_TP000103",NA,4.99956886771605,4.14217993152036,5.85700675783975
"4107",12,"UKENNW_UU_TP000103",4.338953055,4.92592173977344,4.09455835246715,5.75379977174843
"4108",13,"UKENNW_UU_TP000103",NA,4.84687638615502,3.9964027861553,5.69517502999044
"4109",14,"UKENNW_UU_TP000103",3.900147425,4.87741927669802,4.04556082306917,5.70464635948086
"4110",15,"UKENNW_UU_TP000103",NA,4.88511821952122,4.03349721628533,5.73517709235051
"4111",16,"UKENNW_UU_TP000103",4.183314396,4.89122097125604,4.05603646135387,5.72159875095458
"4112",17,"UKENNW_UU_TP000103",NA,4.97436134774211,4.12382634078499,5.82418661904307
"4113",18,"UKENNW_UU_TP000103",4.582059928,4.80524650173313,3.97366701126459,5.63420697045283
"4114",19,"UKENNW_UU_TP000103",NA,4.60219187597275,3.75057940764989,5.45056511240188
"4115",20,"UKENNW_UU_TP000103",4.632823649,4.51480883549033,3.68013321827459,5.34525098627299
"4116",21,"UKENNW_UU_TP000103",NA,4.74496093357424,3.89174256096033,5.59736649388889
"4117",22,"UKENNW_UU_TP000103",3.332432737,4.43573686213987,3.59961600684011,5.26478666591053
"4118",23,"UKENNW_UU_TP000103",NA,4.71699426869791,3.87058156954081,5.56228630243562
"4119",24,"UKENNW_UU_TP000103",5.175110174,4.55938626070989,3.72287800107441,5.38922763804897
"4120",25,"UKENNW_UU_TP000103",NA,4.80183431174172,3.9486059244452,5.6536288492211
"4121",26,"UKENNW_UU_TP000103",5.018576349,4.59597202809224,3.76200433182962,5.42434804849103
"4122",27,"UKENNW_UU_TP000103",NA,4.63246209723273,3.78027737314368,5.48273983190583
"4123",28,"UKENNW_UU_TP000103",4.701202213,4.73896387229168,3.90540119423264,5.56858401893545
"4124",29,"UKENNW_UU_TP000103",NA,4.74593490486606,3.89855440759167,5.592652912319
"4125",30,"UKENNW_UU_TP000103",3.821945665,4.92777378223646,4.09453997314649,5.76166351288837
"4126",31,"UKENNW_UU_TP000103",NA,4.67071507755297,3.77469725838685,5.56399289428077
"4127",32,"UKENNW_UU_TP000103",5.111384931,4.91171502211844,4.08336065977667,5.73954300110473
"4128",33,"UKENNW_UU_TP000103",NA,4.65271363798696,3.82213655449214,5.48401807073015
"4129",34,"UKENNW_UU_TP000103",5.162535278,4.56586269141642,3.7365347369066,5.39419065605788
"4130",35,"UKENNW_UU_TP000103",NA,4.45409450498549,3.60232178555624,5.30356518079936
"4131",36,"UKENNW_UU_TP000103",5.051257167,4.48300262001821,3.65479021341934,5.31116325852842
"4132",37,"UKENNW_UU_TP000103",NA,4.8067069166546,3.95622887548424,5.65384045881234
"4133",38,"UKENNW_UU_TP000103",5.467543884,4.84799627156387,4.01909599277499,5.67916480066226
"4134",39,"UKENNW_UU_TP000103",NA,5.27193129334636,4.42156471984741,6.12221343388568
"4135",40,"UKENNW_UU_TP000103",6.138832341,5.16830537503346,4.34132565843903,5.9931782290119
"4136",41,"UKENNW_UU_TP000103",NA,5.17572366796467,4.32565446753122,6.02476262099855
"4137",42,"UKENNW_UU_TP000103",4.8854642,5.21305045607659,4.38416400735814,6.038827434635
"4138",43,"UKENNW_UU_TP000103",NA,5.15288225605253,4.30928451127312,5.99355809460747
"4139",44,"UKENNW_UU_TP000103",5.387286978,4.95263830514229,4.12126271273831,5.77911866513484
"4140",45,"UKENNW_UU_TP000103",NA,5.09498769814027,4.20912204064865,5.97804760789246
"4186",1,"UKENNW_UU_TP000115",NA,4.29817250824366,3.43332990781693,5.16538678856201
"4187",2,"UKENNW_UU_TP000115",NA,4.51216436188949,3.67085202294823,5.35559458795286
"4188",3,"UKENNW_UU_TP000115",NA,4.73325329825014,3.88670281289467,5.58215776761853
"4189",4,"UKENNW_UU_TP000115",NA,4.7646202958271,3.91426943167394,5.61560874401146
"4190",5,"UKENNW_UU_TP000115",NA,4.88756220685127,4.02891419683171,5.7491998964984
"4191",6,"UKENNW_UU_TP000115",NA,4.81789609353002,3.9755485421357,5.65914293911496
"4192",7,"UKENNW_UU_TP000115",NA,4.90805442091673,4.02894492183482,5.78960649898488
"4193",8,"UKENNW_UU_TP000115",NA,4.92620069775334,4.08827719951986,5.76582098341521
"4194",9,"UKENNW_UU_TP000115",NA,5.18070215108046,4.32516291952322,6.03875496064212
"4195",10,"UKENNW_UU_TP000115",NA,5.19965839703201,4.35935095898934,6.03762424878132
"4196",11,"UKENNW_UU_TP000115",NA,5.44970237692407,4.58954089724042,6.31188094121619
"4197",12,"UKENNW_UU_TP000115",NA,5.37225687348609,4.53047815782081,6.21316959165597
"4198",13,"UKENNW_UU_TP000115",NA,5.32915053566461,4.47801108488402,6.1823735294096
"4199",14,"UKENNW_UU_TP000115",NA,5.33643078074537,4.49952809343973,6.17556901873853
"4200",15,"UKENNW_UU_TP000115",NA,5.37156658790849,4.51484117952656,6.23175702947871
"4201",16,"UKENNW_UU_TP000115",NA,5.34636432211274,4.50695511215346,6.18580297639509
"4202",17,"UKENNW_UU_TP000115",NA,5.40370772243354,4.54948908930274,6.26155229368885
"4203",18,"UKENNW_UU_TP000115",NA,5.28687780206551,4.45007458511899,6.12702868100403
"4204",19,"UKENNW_UU_TP000115",NA,5.05344645618337,4.19678697811834,5.90996367346717
"4205",20,"UKENNW_UU_TP000115",NA,5.04350724123876,4.20602504963948,5.88447835452087
"4206",21,"UKENNW_UU_TP000115",NA,5.16583119554528,4.3077810699013,6.02446703574277
"4207",22,"UKENNW_UU_TP000115",NA,4.89552472294841,4.05517278580473,5.73561775362839
"4208",23,"UKENNW_UU_TP000115",NA,5.18639629190143,4.33239690052293,6.0437535517759
"4209",24,"UKENNW_UU_TP000115",NA,5.05682513025458,4.21615383378245,5.89683404000434
"4210",25,"UKENNW_UU_TP000115",NA,5.27120458385968,4.41611976962877,6.12911612774117
"4211",26,"UKENNW_UU_TP000115",NA,5.14591474621081,4.308297277607,5.9855726024109
"4212",27,"UKENNW_UU_TP000115",NA,5.06695411521507,4.20823812313762,5.92746877896132
"4213",28,"UKENNW_UU_TP000115",NA,5.15698265776965,4.31424309466974,5.99832837933596
"4214",29,"UKENNW_UU_TP000115",NA,5.20294494788844,4.3534866196043,6.05576453408639
"4215",30,"UKENNW_UU_TP000115",NA,5.35627198389379,4.51955035574132,6.19632471050451
"4216",31,"UKENNW_UU_TP000115",NA,5.14138843220261,4.25717252579913,6.02533500993018
"4217",32,"UKENNW_UU_TP000115",5.145489754,5.40482739264531,4.56406348164885,6.24826483322549
"4218",33,"UKENNW_UU_TP000115",NA,5.10832619438697,4.27672388536897,5.94247188528441
"4219",34,"UKENNW_UU_TP000115",4.421541697,4.96484945786866,4.12681572173056,5.80361464752009
"4220",35,"UKENNW_UU_TP000115",NA,4.91206403867074,4.0624376247997,5.76358670156962
"4221",36,"UKENNW_UU_TP000115",5.144729065,4.86991023590616,4.03465800592719,5.70535060917185
"4222",37,"UKENNW_UU_TP000115",NA,5.35081350443259,4.5041546311686,6.20079942336952
"4223",38,"UKENNW_UU_TP000115",5.460825735,5.34157263537765,4.5044980844714,6.18484482721446
"4224",39,"UKENNW_UU_TP000115",NA,5.68131367611365,4.83049803111363,6.53540922187352
"4225",40,"UKENNW_UU_TP000115",5.82082957,5.6393821351496,4.80475280511716,6.47589369711888
"4226",41,"UKENNW_UU_TP000115",NA,5.62256789787196,4.77598108185983,6.4705519815823
"4227",42,"UKENNW_UU_TP000115",6.04908686,5.70206588055889,4.86511362195633,6.54224175718151
"4228",43,"UKENNW_UU_TP000115",5.244937901,5.58676809378191,4.74367898789216,6.4309335096567
"4229",44,"UKENNW_UU_TP000115",NA,5.43851475784209,4.60087429394525,6.27954598786257
"4230",45,"UKENNW_UU_TP000115",NA,5.58148650421388,4.70419397342533,6.46113028481136
"4231",1,"UKENNW_UU_TP000116",4.539465403,4.13544567872498,3.28645646686996,4.98610658651648
"4232",2,"UKENNW_UU_TP000116",NA,4.34990691126338,3.53049687650967,5.16872951775495
"4233",3,"UKENNW_UU_TP000116",4.467350865,4.57434837056229,3.74212474740301,5.40897664930304
"4234",4,"UKENNW_UU_TP000116",NA,4.62282659422573,3.79639203849698,5.44956316225659
"4235",5,"UKENNW_UU_TP000116",4.895461683,4.75158783226888,3.90978776853796,5.59538649348357
"4236",6,"UKENNW_UU_TP000116",NA,4.72375841407405,3.90608215284985,5.54129994225107
"4237",7,"UKENNW_UU_TP000116",4.934819182,4.77944056202921,3.92030812765068,5.6400696593849
"4238",8,"UKENNW_UU_TP000116",NA,4.80645175136885,3.99165412192176,5.62106038499379
"4239",9,"UKENNW_UU_TP000116",NA,5.05961227686895,4.21947446556477,5.90257716234578
"4240",10,"UKENNW_UU_TP000116",5.207348335,5.1221090563113,4.30756207965941,5.93609748305933
"4241",11,"UKENNW_UU_TP000116",5.326045057,5.34545989083426,4.50225653282027,6.19125328825255
"4242",12,"UKENNW_UU_TP000116",NA,5.24763214757303,4.43042299223424,6.06449776855754
"4243",13,"UKENNW_UU_TP000116",NA,5.18484910019572,4.34802071739807,6.02279426526814
"4244",14,"UKENNW_UU_TP000116",5.430331953,5.22369448572622,4.40888211544919,6.03990892199942
"4245",15,"UKENNW_UU_TP000116",4.748510043,5.23890386047894,4.39849075920317,6.08177088394621
"4246",16,"UKENNW_UU_TP000116",NA,5.22012162262064,4.40171973726526,6.0366465873341
"4247",17,"UKENNW_UU_TP000116",4.185349965,5.29176178621172,4.45590163692538,6.13088709527747
"4248",18,"UKENNW_UU_TP000116",NA,5.12916522396541,4.31411853388515,5.94663079374767
"4249",19,"UKENNW_UU_TP000116",3.521932281,4.96024240204289,4.12365734502,5.79893672813085
"4250",20,"UKENNW_UU_TP000116",NA,4.84842860926057,4.03186599152315,5.66516186399439
"4251",21,"UKENNW_UU_TP000116",3.306161024,5.07080619010231,4.2307334018831,5.91269307141849
"4252",22,"UKENNW_UU_TP000116",NA,4.78232818917518,3.96563914033613,5.59882486849092
"4253",23,"UKENNW_UU_TP000116",4.88836081,5.08265116874342,4.24850592229069,5.92069750796398
"4254",24,"UKENNW_UU_TP000116",NA,4.93928621729959,4.12102215512583,5.75622933453024
"4255",25,"UKENNW_UU_TP000116",NA,5.12531827718214,4.28758523246635,5.96477133049033
"4256",26,"UKENNW_UU_TP000116",5.193310632,4.93672354850813,4.11943954777738,5.75227983858233
"4257",27,"UKENNW_UU_TP000116",4.208003601,4.96987732555631,4.12970181500454,5.81244006261809
"4258",28,"UKENNW_UU_TP000116",NA,5.04800300849835,4.23078041663682,5.86471834252588
"4259",29,"UKENNW_UU_TP000116",4.94204759,5.06086156044141,4.22765195506114,5.89691738481294
"4260",30,"UKENNW_UU_TP000116",NA,5.26418742127361,4.44836869743734,6.08694440011541
"4261",31,"UKENNW_UU_TP000116",NA,5.00520935837721,4.12928356997089,5.88098940781687
"4262",32,"UKENNW_UU_TP000116",5.655185071,5.26161499859241,4.44279284695399,6.08311007097965
"4263",33,"UKENNW_UU_TP000116",4.825107989,4.99597449682946,4.18081340097458,5.81562376586609
"4264",34,"UKENNW_UU_TP000116",NA,4.85543663190493,4.04121290833431,5.67186708387726
"4265",35,"UKENNW_UU_TP000116",NA,4.7741712164099,3.93590997116105,5.61414644093168
"4266",36,"UKENNW_UU_TP000116",5.542222407,4.79140891577145,3.98003361861291,5.60681845387698
"4267",37,"UKENNW_UU_TP000116",5.762018972,5.1715310554782,4.33543528960571,6.00892069328976
"4268",38,"UKENNW_UU_TP000116",NA,5.20087018804429,4.3875104922426,6.02024162566075
"4269",39,"UKENNW_UU_TP000116",4.895650799,5.5765090808695,4.7381597278091,6.41834459787423
"4270",40,"UKENNW_UU_TP000116",NA,5.50685639126406,4.69383977438297,6.31960390285233
"4271",41,"UKENNW_UU_TP000116",4.969730455,5.5067713533422,4.67316632809977,6.34192728022083
"4272",42,"UKENNW_UU_TP000116",NA,5.52055236357779,4.70631451080689,6.33507294130636
"4273",43,"UKENNW_UU_TP000116",5.209920964,5.50240261840893,4.6761264460219,6.33048505565974
"4274",44,"UKENNW_UU_TP000116",NA,5.3100268989673,4.4929880728396,6.12870106052234
"4275",45,"UKENNW_UU_TP000116",NA,5.44971053991209,4.58355402199094,6.31649276209064
"4276",1,"UKENNW_UU_TP000124",NA,4.34891164170243,3.4992449606659,5.20058188687759
"4277",2,"UKENNW_UU_TP000124",5.233837286,4.56415393170516,3.73922881525534,5.39001094420642
"4278",3,"UKENNW_UU_TP000124",NA,4.78888945177468,3.95662749878618,5.62290687277107
"4279",4,"UKENNW_UU_TP000124",4.724496616,4.82119384381463,3.98794991817733,5.65503326030834
"4280",5,"UKENNW_UU_TP000124",NA,4.94476423446656,4.1018577849171,5.78986728734976
"4281",6,"UKENNW_UU_TP000124",5.123695264,4.89807545305864,4.07264210573287,5.72268794673111
"4282",7,"UKENNW_UU_TP000124",NA,4.97127683041208,4.10764584227452,5.83693132813032
"4283",8,"UKENNW_UU_TP000124",5.00127751,4.98650568276123,4.16534976914419,5.80850693633858
"4284",9,"UKENNW_UU_TP000124",NA,5.25074608564886,4.4114672274467,6.0922298450525
"4285",10,"UKENNW_UU_TP000124",4.570668751,5.28477843538619,4.46260272839155,6.10488455928637
"4286",11,"UKENNW_UU_TP000124",NA,5.51911151645914,4.67426773252347,6.36572717867865
"4287",12,"UKENNW_UU_TP000124",5.065296358,5.43138578511848,4.60614305876751,6.25518450490596
"4288",13,"UKENNW_UU_TP000124",NA,5.38903283192798,4.55351493436084,6.226029264687
"4289",14,"UKENNW_UU_TP000124",5.050265314,5.40662941861139,4.58673526014677,6.22902636817051
"4290",15,"UKENNW_UU_TP000124",NA,5.43765660224799,4.59604582204035,6.28252423401921
"4291",16,"UKENNW_UU_TP000124",4.701136455,5.41498263455301,4.59231765270473,6.23675986083896
"4292",17,"UKENNW_UU_TP000124",NA,5.46853750056554,4.62973388460219,6.3105705504509
"4293",18,"UKENNW_UU_TP000124",5.121512319,5.34695611454675,4.52732374857372,6.16947665847825
"4294",19,"UKENNW_UU_TP000124",NA,5.136149166972,4.29604083851445,5.97672534003802
"4295",20,"UKENNW_UU_TP000124",4.755176613,5.09597820701496,4.27586076687539,5.91843416399318
"4296",21,"UKENNW_UU_TP000124",NA,5.23594480693937,4.39318043897062,6.07848215391306
"4297",22,"UKENNW_UU_TP000124",4.501111704,4.96701647241249,4.14468668858509,5.7894845049721
"4298",23,"UKENNW_UU_TP000124",NA,5.26903586707296,4.43205338226346,6.10962758000301
"4299",24,"UKENNW_UU_TP000124",4.131579099,5.13413967711554,4.31102391838118,5.95595767588699
"4300",25,"UKENNW_UU_TP000124",NA,5.32792878732957,4.48791971295817,6.16990701104455
"4301",26,"UKENNW_UU_TP000124",4.040142486,5.19770983694469,4.37747528586479,6.01863523808908
"4302",27,"UKENNW_UU_TP000124",NA,5.14384287051729,4.30162729144505,5.9876325844935
"4303",28,"UKENNW_UU_TP000124",4.474761813,5.21806560440784,4.39209590142298,6.04180391483595
"4304",29,"UKENNW_UU_TP000124",NA,5.26252414846835,4.42921619186373,6.0986740110296
"4305",30,"UKENNW_UU_TP000124",3.004761439,5.41742833300981,4.59777917589289,6.24041574490064
"4306",31,"UKENNW_UU_TP000124",NA,5.20127933344439,4.3313237484518,6.07081987893466
"4307",32,"UKENNW_UU_TP000124",NA,5.46556466911573,4.63984359605559,6.29365634093671
"4308",33,"UKENNW_UU_TP000124",4.953873655,5.17657139512917,4.36139186948949,5.99377375458461
"4309",34,"UKENNW_UU_TP000124",2.933119999,5.02077508481506,4.2003650573064,5.84113906971947
"4310",35,"UKENNW_UU_TP000124",NA,4.96792755866026,4.13153233437846,5.80557299135162
"4311",36,"UKENNW_UU_TP000124",4.740292919,4.93436819185181,4.11680960050482,5.75198870648856
"4312",37,"UKENNW_UU_TP000124",NA,5.41522006481304,4.5824183090401,6.25099609795215
"4313",38,"UKENNW_UU_TP000124",5.6832816,5.40906027982769,4.58949431336561,6.23444776259482
"4314",39,"UKENNW_UU_TP000124",NA,5.75323788847768,4.91756986930409,6.59093775561151
"4315",40,"UKENNW_UU_TP000124",5.315829422,5.70469948281914,4.8870098721057,6.52455929833437
"4316",41,"UKENNW_UU_TP000124",NA,5.68111069584138,4.84837494443188,6.51486188186934
"4317",42,"UKENNW_UU_TP000124",5.802228903,5.74975293618397,4.93021247084332,6.57158243704671
"4318",43,"UKENNW_UU_TP000124",NA,5.65804761768056,4.83042285153724,6.48622830447258
"4319",44,"UKENNW_UU_TP000124",5.802105283,5.51102539958946,4.69010275935449,6.33575369054447
"4320",45,"UKENNW_UU_TP000124",4.879671588,5.6532448684267,4.79203343984662,6.51649762650432
"4321",1,"UKENNW_UU_TP000133",NA,4.29474653718856,3.44166837579825,5.14957656463036
"4322",2,"UKENNW_UU_TP000133",3.478684826,4.50852492425764,3.68160151484502,5.33824186752979
"4323",3,"UKENNW_UU_TP000133",NA,4.73426507326268,3.90036820232307,5.57036951984164
"4324",4,"UKENNW_UU_TP000133",4.496974748,4.75458599077466,3.91734153135247,5.59175760115208
"4325",5,"UKENNW_UU_TP000133",NA,4.87947898903204,4.0319168803637,5.72957195179067
"4326",6,"UKENNW_UU_TP000133",4.75265837,4.77090008529276,3.94095555769319,5.59803805154421
"4327",7,"UKENNW_UU_TP000133",NA,4.89406751908493,4.02816869055196,5.76228305243223
"4328",8,"UKENNW_UU_TP000133",4.63871862,4.91522417611805,4.0900669359756,5.74194053515644
"4329",9,"UKENNW_UU_TP000133",NA,5.15414420756374,4.30905253391971,6.00126432584311
"4330",10,"UKENNW_UU_TP000133",4.814901172,5.14681671239354,4.31755804547717,5.97151080900861
"4331",11,"UKENNW_UU_TP000133",NA,5.42138995489199,4.57245956480467,6.27160622676145
"4332",12,"UKENNW_UU_TP000133",4.909086906,5.3594067118343,4.53097982742482,6.18561934683278
"4333",13,"UKENNW_UU_TP000133",NA,5.31509154316161,4.47529297841013,6.15607475258605
"4334",14,"UKENNW_UU_TP000133",4.901531387,5.31051201491491,4.48573561422876,6.13469589201663
"4335",15,"UKENNW_UU_TP000133",NA,5.34898980332126,4.50470819238984,6.19581063488132
"4336",16,"UKENNW_UU_TP000133",4.959789624,5.33075164071718,4.50334585696496,6.15761511498215
"4337",17,"UKENNW_UU_TP000133",NA,5.39476897941936,4.5520329227866,6.23969080746694
"4338",18,"UKENNW_UU_TP000133",5.036794565,5.28257871972798,4.45864003461367,6.10858689129027
"4339",19,"UKENNW_UU_TP000133",NA,5.02231333416983,4.17648523970938,5.86611429090605
"4340",20,"UKENNW_UU_TP000133",4.927519626,5.03679036409087,4.21195352008377,5.86392369922188
"4341",21,"UKENNW_UU_TP000133",NA,5.1515840235425,4.30627852484696,5.99647721346172
"4342",22,"UKENNW_UU_TP000133",4.701676943,4.87032607052352,4.04164405487723,5.69549751911393
"4343",23,"UKENNW_UU_TP000133",NA,5.1450439641598,4.30296267444387,5.98752304245568
"4344",24,"UKENNW_UU_TP000133",4.825548056,5.03115732181216,4.20352094224227,5.85714631936346
"4345",25,"UKENNW_UU_TP000133",NA,5.26927441328425,4.42632281097561,6.11432009383469
"4346",26,"UKENNW_UU_TP000133",5.222855295,5.15549768459729,4.33180709724158,5.98113172207855
"4347",27,"UKENNW_UU_TP000133",NA,5.03693161251769,4.19114206598015,5.88210943435111
"4348",28,"UKENNW_UU_TP000133",2.893551049,5.1696311403673,4.34129539385948,5.99672870629285
"4349",29,"UKENNW_UU_TP000133",NA,5.20077876641498,4.36343197473149,6.04069159988128
"4350",30,"UKENNW_UU_TP000133",3.549553603,5.34531045557008,4.52082826206103,6.17145952971026
"4351",31,"UKENNW_UU_TP000133",NA,5.12194810775976,4.247152343693,5.99598758381946
"4352",32,"UKENNW_UU_TP000133",4.655418771,5.38814813279902,4.56200949749046,6.21652786666804
"4353",33,"UKENNW_UU_TP000133",NA,5.09330872951333,4.27153246214333,5.9169213234055
"4354",34,"UKENNW_UU_TP000133",4.237977695,4.96843152474818,4.14273601471439,5.79316319152858
"4355",35,"UKENNW_UU_TP000133",NA,4.91556827894255,4.07764742394589,5.75425257599382
"4356",36,"UKENNW_UU_TP000133",5.235481481,4.86958231326776,4.04578676243552,5.69177203014696
"4357",37,"UKENNW_UU_TP000133",NA,5.33046940665914,4.49439026792725,6.16864201866104
"4358",38,"UKENNW_UU_TP000133",5.089363038,5.30546541442458,4.48194241299789,6.13317138117212
"4359",39,"UKENNW_UU_TP000133",NA,5.67489006757787,4.83775876378939,6.51285136291678
"4360",40,"UKENNW_UU_TP000133",5.844944501,5.61062137137229,4.7869254867335,6.43477567516471
"4361",41,"UKENNW_UU_TP000133",NA,5.60761985255955,4.7694446700523,6.44669563080751
"4362",42,"UKENNW_UU_TP000133",5.631295802,5.71628625636748,4.89230107930551,6.54270592459853
"4363",43,"UKENNW_UU_TP000133",NA,5.56653870416938,4.73373133022111,6.39834501321443
"4364",44,"UKENNW_UU_TP000133",5.537528197,5.4045863340318,4.58002610659882,6.22931582405653
"4365",45,"UKENNW_UU_TP000133",NA,5.55790342487267,4.69054937475157,6.42625977734338
"1126",1,"UKENMI_ST_TP000056",NA,4.22182762683487,3.36899495906507,5.07742978764835
"1127",2,"UKENMI_ST_TP000056",3.446080523,4.3787197033833,3.57147676198468,5.18786266182698
"1128",3,"UKENMI_ST_TP000056",NA,4.65580780735665,3.82371791320802,5.49093527560001
"1129",4,"UKENMI_ST_TP000056",4.624044924,4.65990958862702,3.85019894300505,5.46857554986599
"1130",5,"UKENMI_ST_TP000056",NA,4.78288303745221,3.9428164902409,5.6243305166126
"1131",6,"UKENMI_ST_TP000056",3.505003489,4.93075363695533,4.12248644043552,5.73922323341762
"1132",7,"UKENMI_ST_TP000056",NA,4.87448054396145,4.02555555909254,5.72458130235636
"1133",8,"UKENMI_ST_TP000056",4.692986,4.90321045678472,4.09669105283257,5.70856744224329
"1134",9,"UKENMI_ST_TP000056",NA,5.1757001578998,4.33185508759527,6.02305446871028
"1135",10,"UKENMI_ST_TP000056",3.422363857,5.31943066913547,4.5136191555653,6.12780614279961
"1136",11,"UKENMI_ST_TP000056",NA,5.42047703197313,4.57678324440993,6.26652580857366
"1137",12,"UKENMI_ST_TP000056",4.2293779,5.28048197572498,4.47346032587249,6.08800211205283
"1138",13,"UKENMI_ST_TP000056",NA,5.24960681429179,4.40807879581567,6.0925665304367
"1139",14,"UKENMI_ST_TP000056",5.008418521,5.29204377561573,4.48267962143071,6.0980012249624
"1140",15,"UKENMI_ST_TP000056",NA,5.32084547404945,4.47618132780633,6.16852644760719
"1141",16,"UKENMI_ST_TP000056",3.372121531,5.3696250590569,4.5617642745917,6.17602832709449
"1142",17,"UKENMI_ST_TP000056",NA,5.29220381035152,4.45336374653693,6.13207572143426
"1143",18,"UKENMI_ST_TP000056",4.080032529,5.10199492311666,4.29474979143205,5.9105350738398
"1144",19,"UKENMI_ST_TP000056",NA,5.05198140244292,4.2125044838932,5.89350721282818
"1145",20,"UKENMI_ST_TP000056",3.549696101,4.87068078189506,4.06071748550104,5.67816767863251
"1146",21,"UKENMI_ST_TP000056",NA,5.15455262446675,4.30739782152326,6.00257122526177
"1147",22,"UKENMI_ST_TP000056",3.497767605,4.85773089873385,4.05171956517969,5.6637114125351
"1148",23,"UKENMI_ST_TP000056",NA,5.18988858089626,4.3582233006344,6.0237372993549
"1149",24,"UKENMI_ST_TP000056",4.108987771,5.19044803387099,4.38246803810775,6.00237588708916
"1150",25,"UKENMI_ST_TP000056",NA,5.13566839480212,4.29100726088097,5.97920943669585
"1151",26,"UKENMI_ST_TP000056",4.000206241,5.05327181917802,4.24701826538222,5.86070044566553
"1152",27,"UKENMI_ST_TP000056",NA,5.07103745996815,4.22405336991187,5.91985529008728
"1153",28,"UKENMI_ST_TP000056",4.658806725,5.13179104024516,4.32554668635035,5.93854403635888
"1154",29,"UKENMI_ST_TP000056",NA,5.07181559979876,4.23206638661739,5.91063371916209
"1155",30,"UKENMI_ST_TP000056",4.279509179,5.18946445641161,4.38384918290039,5.99777890805259
"1156",31,"UKENMI_ST_TP000056",NA,5.05542255620456,4.17397236836573,5.93585291845712
"1157",32,"UKENMI_ST_TP000056",NA,5.23609859271784,4.42748589457622,6.04987590789946
"1158",33,"UKENMI_ST_TP000056",4.484145433,5.02011043031273,4.20025336686231,5.842303898555
"1159",34,"UKENMI_ST_TP000056",4.264422411,4.81516741547128,4.00751642022291,5.62192089260414
"1160",35,"UKENMI_ST_TP000056",NA,4.77675801322179,3.92768452307926,5.62509024906119
"1161",36,"UKENMI_ST_TP000056",3.500264013,4.79292518554132,3.98796090269187,5.59781306241935
"1162",37,"UKENMI_ST_TP000056",NA,5.2561220340328,4.40921785456342,6.10496830842724
"1163",38,"UKENMI_ST_TP000056",4.878933181,5.13984484567782,4.32878893238203,5.94515580614561
"1164",39,"UKENMI_ST_TP000056",NA,5.57319496759587,4.7270835669673,6.41816407059644
"1165",40,"UKENMI_ST_TP000056",4.181225846,5.48204807277162,4.67542844868411,6.28702258752699
"1166",41,"UKENMI_ST_TP000056",NA,5.52829464080328,4.68465758972367,6.37086787852736
"1167",42,"UKENMI_ST_TP000056",4.553303331,5.46695591463585,4.66074194505705,6.27224279125869
"1168",43,"UKENMI_ST_TP000056",NA,5.56786715795628,4.72768480538303,6.40753090068566
"1169",44,"UKENMI_ST_TP000056",3.898637639,5.30947563323406,4.50231587674688,6.11694647194762
"1170",45,"UKENMI_ST_TP000056",NA,5.51552163987064,4.65295712056508,6.37670410464165
"1216",1,"UKENMI_ST_TP000062",NA,4.03089599182992,3.17418387125751,4.88948198223074
"1217",2,"UKENMI_ST_TP000062",4.856139441,4.12276444546535,3.30776202129235,4.93638117430317
"1218",3,"UKENMI_ST_TP000062",NA,4.46784972937962,3.6285416251676,5.31033149541143
"1219",4,"UKENMI_ST_TP000062",4.749428974,4.46324841886809,3.64904036646457,5.27678775804073
"1220",5,"UKENMI_ST_TP000062",NA,4.5564804478293,3.70916577609872,5.40404921229813
"1221",6,"UKENMI_ST_TP000062",5.439641741,4.77848657266046,3.96400359068199,5.59389421450352
"1222",7,"UKENMI_ST_TP000062",NA,4.70777240302218,3.85589865815365,5.56190038670693
"1223",8,"UKENMI_ST_TP000062",4.999329115,4.72965796154287,3.91793633425774,5.54277504363874
"1224",9,"UKENMI_ST_TP000062",NA,4.98021899639234,4.12743898937666,5.83565380471573
"1225",10,"UKENMI_ST_TP000062",6.147488494,5.16462264167608,4.35199503842272,5.97965637843164
"1226",11,"UKENMI_ST_TP000062",NA,5.24967366005067,4.40358565984024,6.09929156431738
"1227",12,"UKENMI_ST_TP000062",4.530124399,5.11427085173697,4.30160252454888,5.9284249639805
"1228",13,"UKENMI_ST_TP000062",NA,5.07484047470843,4.22859517035075,5.9244084315748
"1229",14,"UKENMI_ST_TP000062",5.300184298,5.07169440544193,4.25570599814154,5.8836630970989
"1230",15,"UKENMI_ST_TP000062",NA,5.11219533769134,4.26020895123155,5.96608519837615
"1231",16,"UKENMI_ST_TP000062",5.305065781,5.22701224883209,4.41308172115899,6.04140924922282
"1232",17,"UKENMI_ST_TP000062",NA,5.04948727700189,4.20468829721122,5.89288187388128
"1233",18,"UKENMI_ST_TP000062",5.273114019,4.87897556120627,4.06577217663191,5.69307826025586
"1234",19,"UKENMI_ST_TP000062",NA,4.84985175357387,4.00115098433462,5.69945861767524
"1235",20,"UKENMI_ST_TP000062",4.995888038,4.66703403531017,3.84706180108499,5.48117334271866
"1236",21,"UKENMI_ST_TP000062",NA,4.96019045428149,4.10911777151161,5.81151582089188
"1237",22,"UKENMI_ST_TP000062",5.076174381,4.63900909123116,3.82562151474672,5.45018595043992
"1238",23,"UKENMI_ST_TP000062",NA,5.00150071783594,4.16118887715098,5.84326203491766
"1239",24,"UKENMI_ST_TP000062",5.302166729,5.04784155738283,4.23489881965253,5.86393816483176
"1240",25,"UKENMI_ST_TP000062",NA,4.95898843013283,4.10842409565673,5.80994354984403
"1241",26,"UKENMI_ST_TP000062",5.293583291,4.89942708172758,4.08717194031361,5.71522384570005
"1242",27,"UKENMI_ST_TP000062",NA,4.86179392938295,4.00893611879085,5.71577925064896
"1243",28,"UKENMI_ST_TP000062",5.811906361,4.9190232142183,4.1051785076725,5.73258927308561
"1244",29,"UKENMI_ST_TP000062",NA,4.86054923354256,4.01345284633483,5.70516162114891
"1245",30,"UKENMI_ST_TP000062",6.005744893,4.87552609315195,4.06177483268394,5.68690408212329
"1246",31,"UKENMI_ST_TP000062",NA,4.84577019662433,3.96065147375611,5.73074169390498
"1247",32,"UKENMI_ST_TP000062",5.043974351,5.03425244103616,4.22024353536384,5.85291960157542
"1248",33,"UKENMI_ST_TP000062",NA,4.79882536495728,3.96898017479959,5.62838866195113
"1249",34,"UKENMI_ST_TP000062",4.264886164,4.56388526993272,3.74824816509735,5.37578001850826
"1250",35,"UKENMI_ST_TP000062",NA,4.53653219852501,3.68174120183064,5.38875832044712
"1251",36,"UKENMI_ST_TP000062",5.043654161,4.57539228177271,3.76277495890342,5.38656988277202
"1252",37,"UKENMI_ST_TP000062",NA,5.08537895137777,4.23316642405698,5.9402404535815
"1253",38,"UKENMI_ST_TP000062",5.386695444,4.93729428126235,4.11679281696653,5.75075528843268
"1254",39,"UKENMI_ST_TP000062",NA,5.34205256440164,4.49404797435761,6.18840428283738
"1255",40,"UKENMI_ST_TP000062",4.682082315,5.28093346906405,4.46879843925278,6.09285931371469
"1256",41,"UKENMI_ST_TP000062",NA,5.31846900053946,4.46660723456733,6.16860594162267
"1257",42,"UKENMI_ST_TP000062",5.703642275,5.26446006703138,4.45206785689856,6.07644434800957
"1258",43,"UKENMI_ST_TP000062",NA,5.38579662739678,4.54027366479111,6.23074332379964
"1259",44,"UKENMI_ST_TP000062",5.305494424,5.06652528427324,4.25071370352349,5.87928655862945
"1260",45,"UKENMI_ST_TP000062",NA,5.33037279370992,4.46444505137965,6.19431888600619
"1396",1,"UKENMI_ST_TP000100",NA,4.26639581312411,3.414034603589,5.11912324828506
"1397",2,"UKENMI_ST_TP000100",4.992490941,4.39829597438657,3.58603340114953,5.21015700436743
"1398",3,"UKENMI_ST_TP000100",NA,4.71314773818786,3.87689809324193,5.55125601609548
"1399",4,"UKENMI_ST_TP000100",4.225870038,4.70605970051472,3.89321764889283,5.51691273867197
"1400",5,"UKENMI_ST_TP000100",NA,4.80398990319058,3.96289329350302,5.64480809050722
"1401",6,"UKENMI_ST_TP000100",4.778833325,4.99305220799266,4.18002587479068,5.80598095699331
"1402",7,"UKENMI_ST_TP000100",NA,4.93692904108705,4.08594987544317,5.78905368024773
"1403",8,"UKENMI_ST_TP000100",4.579222692,4.9549354918001,4.14475348086644,5.76450208381305
"1404",9,"UKENMI_ST_TP000100",NA,5.22016629635585,4.373231851325,6.06963546027055
"1405",10,"UKENMI_ST_TP000100",5.347721289,5.38007554571068,4.57034658738557,6.19005554777843
"1406",11,"UKENMI_ST_TP000100",NA,5.48454152804498,4.64274540981457,6.32854851038844
"1407",12,"UKENMI_ST_TP000100",5.040893518,5.33113178253179,4.51852690598201,6.14161357944712
"1408",13,"UKENMI_ST_TP000100",NA,5.33204117756523,4.49322744591289,6.17400904573848
"1409",14,"UKENMI_ST_TP000100",5.625477246,5.27959945661813,4.46487392602182,6.08953931485458
"1410",15,"UKENMI_ST_TP000100",NA,5.34953781513522,4.50389772317721,6.19688836753688
"1411",16,"UKENMI_ST_TP000100",5.181406108,5.43820716564514,4.62588176456698,6.249469814151
"1412",17,"UKENMI_ST_TP000100",NA,5.29436438278188,4.45538803905239,6.13153332436508
"1413",18,"UKENMI_ST_TP000100",5.466700621,5.14859644973539,4.33697719643979,5.96189371314107
"1414",19,"UKENMI_ST_TP000100",NA,5.08640487941484,4.24594212025123,5.92748297878745
"1415",20,"UKENMI_ST_TP000100",3.209729508,4.92921183406725,4.11522186879859,5.73995455972908
"1416",21,"UKENMI_ST_TP000100",NA,5.19300065499902,4.3450121729549,6.04085120295392
"1417",22,"UKENMI_ST_TP000100",4.878366266,4.8609462378724,4.04900228614357,5.66954479283255
"1418",23,"UKENMI_ST_TP000100",NA,5.22964911828902,4.39567339061019,6.06472306300431
"1419",24,"UKENMI_ST_TP000100",5.45563983,5.2622610466764,4.45205666224389,6.07455894877886
"1420",25,"UKENMI_ST_TP000100",NA,5.19815297524259,4.35292647140562,6.04337301960685
"1421",26,"UKENMI_ST_TP000100",3.677987912,5.14740031664615,4.33691771882788,5.96104246282825
"1422",27,"UKENMI_ST_TP000100",NA,5.09744553118307,4.25022784438738,5.94562639673247
"1423",28,"UKENMI_ST_TP000100",5.656049879,5.15184403587929,4.34144702610513,5.96211577599977
"1424",29,"UKENMI_ST_TP000100",NA,5.09076250074611,4.2476021861957,5.93078486351844
"1425",30,"UKENMI_ST_TP000100",5.464281403,5.13794516794226,4.32668486308849,5.94656306258403
"1426",31,"UKENMI_ST_TP000100",NA,5.09645642622403,4.21615568992848,5.97613422202797
"1427",32,"UKENMI_ST_TP000100",6.322351125,5.31928808745726,4.50563417858423,6.13769169023421
"1428",33,"UKENMI_ST_TP000100",NA,5.04091455817769,4.21926829177035,5.86212578591409
"1429",34,"UKENMI_ST_TP000100",3.422672744,4.80773814356654,3.99421517772973,5.61689677225903
"1430",35,"UKENMI_ST_TP000100",NA,4.775034230037,3.92448529367658,5.62230712958591
"1431",36,"UKENMI_ST_TP000100",5.36987049,4.81487222280739,4.00486994472267,5.62357179277035
"1432",37,"UKENMI_ST_TP000100",NA,5.3334194638773,4.48719399547914,6.18202636338631
"1433",38,"UKENMI_ST_TP000100",5.711662412,5.18008710320576,4.36404013615028,5.98998436533965
"1434",39,"UKENMI_ST_TP000100",NA,5.58233602410547,4.73805207750322,6.42485399664578
"1435",40,"UKENMI_ST_TP000100",6.020976573,5.54453347853889,4.73598257843968,6.35362485003354
"1436",41,"UKENMI_ST_TP000100",NA,5.55216410901179,4.70660699381032,6.39573638018285
"1437",42,"UKENMI_ST_TP000100",5.413126248,5.51908469737225,4.70924825651216,6.32846143547398
"1438",43,"UKENMI_ST_TP000100",NA,5.60786069661158,4.76771019711683,6.44725849121242
"1439",44,"UKENMI_ST_TP000100",5.055559317,5.32843852815023,4.51683665598994,6.13817304468185
"1440",45,"UKENMI_ST_TP000100",NA,5.56368609993338,4.70116878945592,6.42470261583248
"1576",1,"UKENMI_ST_TP000156",3.116048427,3.74459137401195,2.87313808175456,4.61724956585086
"1577",2,"UKENMI_ST_TP000156",NA,3.84511913649917,3.01451809807217,4.67391678069481
"1578",3,"UKENMI_ST_TP000156",2.737141927,4.1844256405845,3.32976215091148,5.04148194566138
"1579",4,"UKENMI_ST_TP000156",NA,4.17708938359815,3.34704536892069,5.00589199591295
"1580",5,"UKENMI_ST_TP000156",3.913014812,4.27067033910524,3.40849688304179,5.13279424861068
"1581",6,"UKENMI_ST_TP000156",NA,4.48938517715074,3.65917543170083,5.31992234600001
"1582",7,"UKENMI_ST_TP000156",3.960653846,4.41999358211191,3.55245664427381,5.28921033105077
"1583",8,"UKENMI_ST_TP000156",NA,4.44179377972957,3.61418819799899,5.27003335978511
"1584",9,"UKENMI_ST_TP000156",3.311294188,4.69440231096778,3.82650021803303,5.56457073892377
"1585",10,"UKENMI_ST_TP000156",NA,4.87911799376095,4.05068380987742,5.70882942937956
"1586",11,"UKENMI_ST_TP000156",4.312260316,4.96562411115774,4.10433489092929,5.82975939659745
"1587",12,"UKENMI_ST_TP000156",NA,4.82767151606951,3.99894011300581,5.65680399393317
"1588",13,"UKENMI_ST_TP000156",4.821272944,4.79114048446694,3.93003000535961,5.65510815403214
"1589",14,"UKENMI_ST_TP000156",NA,4.77934567204547,3.94742186968837,5.60672637781015
"1590",15,"UKENMI_ST_TP000156",3.947557312,4.826489909557,3.95970530864523,5.6947754954394
"1591",16,"UKENMI_ST_TP000156",NA,4.93621893089618,4.10652151412794,5.76585921542882
"1592",17,"UKENMI_ST_TP000156",4.626586891,4.76278567669147,3.9029972705495,5.62085969010848
"1593",18,"UKENMI_ST_TP000156",NA,4.59520365496657,3.7663525132372,5.42464542407027
"1594",19,"UKENMI_ST_TP000156",4.194370329,4.56164686297067,3.69808099624569,5.42584989787834
"1595",20,"UKENMI_ST_TP000156",NA,4.38430899469692,3.54963601050048,5.21359473900329
"1596",21,"UKENMI_ST_TP000156",3.290505905,4.67215162643388,3.80595123348347,5.53837922610939
"1597",22,"UKENMI_ST_TP000156",NA,4.34835729650898,3.5192324622972,5.17479843369308
"1598",23,"UKENMI_ST_TP000156",4.560319403,4.71432690801843,3.85905408351802,5.57064882208063
"1599",24,"UKENMI_ST_TP000156",NA,4.75908325457193,3.93036911658862,5.59021253325182
"1600",25,"UKENMI_ST_TP000156",4.101626043,4.67206957137802,3.80640779721433,5.53783039324076
"1601",26,"UKENMI_ST_TP000156",NA,4.61612938295466,3.78802902727623,5.44722467799878
"1602",27,"UKENMI_ST_TP000156",4.232449712,4.57452941403602,3.70668927197919,5.44312755275243
"1603",28,"UKENMI_ST_TP000156",NA,4.63498250586497,3.80583197062069,5.46362279461946
"1604",29,"UKENMI_ST_TP000156",4.18228779,4.569985613235,3.70776490509748,5.42948198005524
"1605",30,"UKENMI_ST_TP000156",NA,4.58986152872106,3.76047220116087,5.41655085283819
"1606",31,"UKENMI_ST_TP000156",NA,4.56646870842357,3.66702552287668,5.46549821292176
"1607",32,"UKENMI_ST_TP000156",3.213457339,4.7617198587629,3.93136727154149,5.59559136290548
"1608",33,"UKENMI_ST_TP000156",4.076863429,4.5133658802864,3.66825507722242,5.35761154312076
"1609",34,"UKENMI_ST_TP000156",NA,4.27689985398248,3.44585051512413,5.10405895816657
"1610",35,"UKENMI_ST_TP000156",4.068205362,4.24752678388036,3.37780573654587,5.11446241298902
"1611",36,"UKENMI_ST_TP000156",NA,4.287076175631,3.45895429100536,5.11358915504753
"1612",37,"UKENMI_ST_TP000156",3.334838924,4.79979173853773,3.93256609044192,5.66933099360488
"1613",38,"UKENMI_ST_TP000156",NA,4.64912016093927,3.81354240494175,5.47790145167586
"1614",39,"UKENMI_ST_TP000156",4.895572392,5.05329265831218,4.19026965699321,5.91461846210805
"1615",40,"UKENMI_ST_TP000156",NA,4.99652075514915,4.16894481962803,5.82369066118711
"1616",41,"UKENMI_ST_TP000156",4.441389163,5.0261921103895,4.15958908478902,5.89098376740809
"1617",42,"UKENMI_ST_TP000156",NA,4.97838886756693,4.15041725639613,5.80566418637254
"1618",43,"UKENMI_ST_TP000156",4.596557012,5.1014081826645,4.24067615334676,5.96134200745305
"1619",44,"UKENMI_ST_TP000156",NA,4.78281281540175,3.95168837297794,5.61081386653662
"1620",45,"UKENMI_ST_TP000156",NA,5.04005858140595,4.15912244820391,5.91892957022256
"1666",1,"UKENMI_ST_TP000164",NA,4.18823285179276,3.32867560500581,5.04814770519486
"1667",2,"UKENMI_ST_TP000164",NA,4.26537000974844,3.45339812584515,5.07404471841683
"1668",3,"UKENMI_ST_TP000164",5.42979877,4.61968240196205,3.77930603003421,5.46138743107947
"1669",4,"UKENMI_ST_TP000164",NA,4.61426840815801,3.80025477476569,5.42580612923998
"1670",5,"UKENMI_ST_TP000164",NA,4.7095796950911,3.85965027926211,5.55829213017959
"1671",6,"UKENMI_ST_TP000164",5.404188678,4.93775501326365,4.1229797976038,5.75116878125038
"1672",7,"UKENMI_ST_TP000164",NA,4.85811240918874,4.00533473993235,5.71162815177501
"1673",8,"UKENMI_ST_TP000164",5.571872856,4.88706618271865,4.07519498159216,5.6978205736113
"1674",9,"UKENMI_ST_TP000164",NA,5.12756888963745,4.2750683663562,5.9809227259963
"1675",10,"UKENMI_ST_TP000164",6.08085993,5.31792489838072,4.50747575708148,6.12998734091398
"1676",11,"UKENMI_ST_TP000164",NA,5.38995720971781,4.54202518849731,6.23898245965241
"1677",12,"UKENMI_ST_TP000164",5.789667724,5.25776677393255,4.44660964237287,6.069216640867
"1678",13,"UKENMI_ST_TP000164",NA,5.21186479489388,4.36330828857688,6.06107806505139
"1679",14,"UKENMI_ST_TP000164",5.163621307,5.26357925848908,4.44928061529064,6.07290297213745
"1680",15,"UKENMI_ST_TP000164",NA,5.26217343838143,4.41021105461018,6.11490974137711
"1681",16,"UKENMI_ST_TP000164",6.885288428,5.38180167006766,4.56826530369339,6.19390083834729
"1682",17,"UKENMI_ST_TP000164",NA,5.21632122344443,4.36752123161788,6.06267246906374
"1683",18,"UKENMI_ST_TP000164",6.196764683,5.02968323476675,4.21674994978794,5.8417412057952
"1684",19,"UKENMI_ST_TP000164",NA,5.00846796349733,4.15696746023921,5.85930575453853
"1685",20,"UKENMI_ST_TP000164",5.420581546,4.81250898987108,3.99345249344637,5.6243862492751
"1686",21,"UKENMI_ST_TP000164",NA,5.11178056325573,4.25850543886754,5.96404172385317
"1687",22,"UKENMI_ST_TP000164",5.673891452,4.80404009478779,3.99093989470571,5.61383216235372
"1688",23,"UKENMI_ST_TP000164",NA,5.15262077170337,4.31113163113065,5.99372004161141
"1689",24,"UKENMI_ST_TP000164",4.605200884,5.19088460899529,4.37884780126174,6.00481865891909
"1690",25,"UKENMI_ST_TP000164",NA,5.10456367767102,4.25146351969658,5.9561421007997
"1691",26,"UKENMI_ST_TP000164",5.121367828,5.02959992103922,4.21898705479286,5.84092687516458
"1692",27,"UKENMI_ST_TP000164",NA,5.01372452443778,4.15881723782857,5.86857272183401
"1693",28,"UKENMI_ST_TP000164",5.604174518,5.07222880387179,4.25924905031047,5.8835232594175
"1694",29,"UKENMI_ST_TP000164",NA,5.01969570843108,4.17256379722334,5.86394874969266
"1695",30,"UKENMI_ST_TP000164",4.710703716,5.04507890066615,4.23219433117375,5.85501189254482
"1696",31,"UKENMI_ST_TP000164",NA,4.99292349041618,4.10122019050144,5.882710548735
"1697",32,"UKENMI_ST_TP000164",5.30531573,5.13506259866289,4.3253884185752,5.94821909664595
"1698",33,"UKENMI_ST_TP000164",NA,4.94734138390857,4.11821500080341,5.77570508971491
"1699",34,"UKENMI_ST_TP000164",3.722436081,4.71874660930442,3.90326798019667,5.52869184522576
"1700",35,"UKENMI_ST_TP000164",NA,4.70386298163408,3.84558686518129,5.55877914640046
"1701",36,"UKENMI_ST_TP000164",5.09697286,4.73080050508615,3.91809883947283,5.53974985233967
"1702",37,"UKENMI_ST_TP000164",NA,5.22630421466336,4.37057416183884,6.08252665549855
"1703",38,"UKENMI_ST_TP000164",5.074480413,5.08566719066617,4.26577616501317,5.89666003618843
"1704",39,"UKENMI_ST_TP000164",NA,5.49979833896086,4.64690708480137,6.34962866961211
"1705",40,"UKENMI_ST_TP000164",5.364666112,5.41380311641639,4.60229509448576,6.2220698756848
"1706",41,"UKENMI_ST_TP000164",NA,5.48015546881911,4.62451452570036,6.33275692436298
"1707",42,"UKENMI_ST_TP000164",5.915379001,5.4093552776807,4.59682017018158,6.21955031066202
"1708",43,"UKENMI_ST_TP000164",NA,5.53111933721328,4.68032828526719,6.37925017263298
"1709",44,"UKENMI_ST_TP000164",5.96755372,5.21518734743107,4.39979095343073,6.02667620668458
"1710",45,"UKENMI_ST_TP000164",NA,5.48204569316323,4.61552574330356,6.34539848909471
"1846",1,"UKENMI_ST_TP000186",NA,4.29164254144743,3.43551634671382,5.14883210654154
"1847",2,"UKENMI_ST_TP000186",3.9969467,4.47520035570666,3.65095145890045,5.30111417930433
"1848",3,"UKENMI_ST_TP000186",NA,4.64984577308823,3.8106246403552,5.48915187138461
"1849",4,"UKENMI_ST_TP000186",3.441659669,4.70941353183713,3.8810463674677,5.53419142759604
"1850",5,"UKENMI_ST_TP000186",NA,4.85456079428795,4.00403054719281,5.70512093633046
"1851",6,"UKENMI_ST_TP000186",4.559910036,4.84944392167649,4.02289233757269,5.67167479300668
"1852",7,"UKENMI_ST_TP000186",NA,4.85270844289372,3.99479620920898,5.70982611992133
"1853",8,"UKENMI_ST_TP000186",5.012748936,4.94786897436287,4.12349919521145,5.76944092020121
"1854",9,"UKENMI_ST_TP000186",NA,5.17331987731427,4.32491513834977,6.02287318028669
"1855",10,"UKENMI_ST_TP000186",5.755881397,5.25026832336642,4.42909524281068,6.07274711250917
"1856",11,"UKENMI_ST_TP000186",NA,5.43548935149718,4.58727781599319,6.28562755481372
"1857",12,"UKENMI_ST_TP000186",5.304565262,5.35239702737612,4.5309690789104,6.17521355655397
"1858",13,"UKENMI_ST_TP000186",NA,5.26673479295323,4.41240876904108,6.12108274091391
"1859",14,"UKENMI_ST_TP000186",5.656420517,5.43484697325291,4.61428965791867,6.25374533437687
"1860",15,"UKENMI_ST_TP000186",NA,5.34629762337164,4.49817923295635,6.1958481984713
"1861",16,"UKENMI_ST_TP000186",5.95854921,5.43439798424449,4.6099397804743,6.25676195224772
"1862",17,"UKENMI_ST_TP000186",NA,5.39573195789228,4.54960792135442,6.24197421540984
"1863",18,"UKENMI_ST_TP000186",5.09637479,5.19000195844611,4.36525253462058,6.01232414025548
"1864",19,"UKENMI_ST_TP000186",NA,5.08123094099651,4.23468015682091,5.92684310713884
"1865",20,"UKENMI_ST_TP000186",5.730511774,5.0315099718813,4.20764298594753,5.85883450375111
"1866",21,"UKENMI_ST_TP000186",NA,5.21730057011386,4.36843078084208,6.06697525228964
"1867",22,"UKENMI_ST_TP000186",5.924315094,5.08165249250552,4.25955086045466,5.90592892138096
"1868",23,"UKENMI_ST_TP000186",NA,5.20863946816593,4.36683189827099,6.05185700442908
"1869",24,"UKENMI_ST_TP000186",5.4980431,5.12899793954937,4.30476972647377,5.95307227144791
"1870",25,"UKENMI_ST_TP000186",NA,5.19649370677578,4.3468028133384,6.04466234032091
"1871",26,"UKENMI_ST_TP000186",4.812227903,5.04890524898949,4.22265976554147,5.87261245326887
"1872",27,"UKENMI_ST_TP000186",NA,5.18307931002685,4.33531440397124,6.0339758157476
"1873",28,"UKENMI_ST_TP000186",5.130668994,5.21909650004092,4.3956499943192,6.0403832935696
"1874",29,"UKENMI_ST_TP000186",NA,5.17671050839221,4.33378572605904,6.02048674609014
"1875",30,"UKENMI_ST_TP000186",5.976217539,5.27143678517768,4.44760863206913,6.0954612805049
"1876",31,"UKENMI_ST_TP000186",NA,5.10159838713449,4.21264323879976,5.9896287149878
"1877",32,"UKENMI_ST_TP000186",5.446778594,5.11108325477366,4.29114213443778,5.92966525688121
"1878",33,"UKENMI_ST_TP000186",NA,5.01078690864559,4.18215251791084,5.8387165683102
"1879",34,"UKENMI_ST_TP000186",3.952113833,4.98035651806724,4.15389269922537,5.80475063965791
"1880",35,"UKENMI_ST_TP000186",NA,4.88228888575799,4.03245649926042,5.73115234361222
"1881",36,"UKENMI_ST_TP000186",5.141598983,4.86784752930099,4.04342097013204,5.68763252812565
"1882",37,"UKENMI_ST_TP000186",NA,5.20718927009789,4.35670476365376,6.0553950463144
"1883",38,"UKENMI_ST_TP000186",5.217372226,5.24193296825199,4.42133241239192,6.06625165243759
"1884",39,"UKENMI_ST_TP000186",NA,5.63641870411738,4.78813533999229,6.48425872608351
"1885",40,"UKENMI_ST_TP000186",4.936903005,5.57724101932039,4.75338037869429,6.39916495630706
"1886",41,"UKENMI_ST_TP000186",NA,5.65474326257291,4.80647922326108,6.50282507646042
"1887",42,"UKENMI_ST_TP000186",4.342255398,5.52210965874549,4.69708577785446,6.34328293144471
"1888",43,"UKENMI_ST_TP000186",NA,5.65399108779082,4.80966410101312,6.49777673965878
"1889",44,"UKENMI_ST_TP000186",5.532641679,5.45515940380978,4.63263812839616,6.27952331546566
"1890",45,"UKENMI_ST_TP000186",NA,5.51689285210484,4.63729311318742,6.3934148759392
"3196",1,"UKENNE_YW_TP000119",NA,4.12976884537908,3.27743048925438,4.98261152986617
"3197",2,"UKENNE_YW_TP000119",4.643395943,4.34288653950744,3.525318173817,5.1610132769943
"3198",3,"UKENNE_YW_TP000119",NA,4.52277154208536,3.68883141643525,5.35651117662798
"3199",4,"UKENNE_YW_TP000119",5.231218657,4.58796736504051,3.76794727191273,5.40633675627899
"3200",5,"UKENNE_YW_TP000119",NA,4.73445230555864,3.88897786922349,5.58170771069234
"3201",6,"UKENNE_YW_TP000119",5.681086755,4.72276763051227,3.90750231892588,5.53777235637616
"3202",7,"UKENNE_YW_TP000119",NA,4.73132335254046,3.87549767425778,5.58713315362556
"3203",8,"UKENNE_YW_TP000119",5.534299111,4.8178139099497,4.0034110874822,5.63159038653782
"3204",9,"UKENNE_YW_TP000119",NA,5.0200810270077,4.1751272683385,5.86710742280102
"3205",10,"UKENNE_YW_TP000119",5.673553444,5.13184458020295,4.31923762253857,5.94732188129156
"3206",11,"UKENNE_YW_TP000119",NA,5.33250378730086,4.487095587559,6.18089191158248
"3207",12,"UKENNE_YW_TP000119",5.619290539,5.26021864878369,4.44700312507901,6.07607160406484
"3208",13,"UKENNE_YW_TP000119",NA,5.14864404891499,4.30029009718595,5.99707750317125
"3209",14,"UKENNE_YW_TP000119",6.209534826,5.28347597252215,4.46964556616262,6.09641288938151
"3210",15,"UKENNE_YW_TP000119",NA,5.21759435570135,4.37223375823138,6.06397837214534
"3211",16,"UKENNE_YW_TP000119",5.658716158,5.27315357486472,4.45753036206336,6.08715522679378
"3212",17,"UKENNE_YW_TP000119",NA,5.28706658943618,4.44740997472242,6.12914494082137
"3213",18,"UKENNE_YW_TP000119",3.263552446,5.04712887321152,4.22933386746779,5.86267560785183
"3214",19,"UKENNE_YW_TP000119",NA,4.95839585694527,4.11797975714344,5.80025235320144
"3215",20,"UKENNE_YW_TP000119",5.552638204,4.87807376718025,4.06215161343252,5.69733071878488
"3216",21,"UKENNE_YW_TP000119",NA,5.09642913621682,4.25258625775691,5.94301312192059
"3217",22,"UKENNE_YW_TP000119",5.800714433,4.88608025969861,4.07195275667488,5.70217182309035
"3218",23,"UKENNE_YW_TP000119",NA,5.0806926393465,4.24394231327777,5.92046558378041
"3219",24,"UKENNE_YW_TP000119",5.871163365,4.96156058457325,4.14482976630886,5.77813156402103
"3220",25,"UKENNE_YW_TP000119",NA,5.07574440289055,4.23323825320796,5.91810530188335
"3221",26,"UKENNE_YW_TP000119",6.361281049,4.85132000020982,4.02931078173282,5.66886829016458
"3222",27,"UKENNE_YW_TP000119",NA,5.02945995856994,4.18583375934494,5.87624704922844
"3223",28,"UKENNE_YW_TP000119",6.139848056,5.0712268967605,4.2552415215041,5.88549534579031
"3224",29,"UKENNE_YW_TP000119",NA,5.02612974273252,4.18752580531742,5.86486876655846
"3225",30,"UKENNE_YW_TP000119",5.844048211,5.19991463844575,4.38470553598427,6.01894188144281
"3226",31,"UKENNE_YW_TP000119",NA,4.98273328210236,4.09446811738289,5.87017714204917
"3227",32,"UKENNE_YW_TP000119",5.640594422,5.07554059465781,4.26313303489171,5.88797002092868
"3228",33,"UKENNE_YW_TP000119",NA,4.90966068577026,4.08669489159271,5.73251421787067
"3229",34,"UKENNE_YW_TP000119",4.595083069,4.86277606556131,4.04741734819539,5.67793706955618
"3230",35,"UKENNE_YW_TP000119",NA,4.7676394679041,3.92333538447233,5.6128056709898
"3231",36,"UKENNE_YW_TP000119",3.495651677,4.74038986088653,3.92542690424098,5.55186446687129
"3232",37,"UKENNE_YW_TP000119",NA,5.06162960752671,4.21403410392725,5.90603006834747
"3233",38,"UKENNE_YW_TP000119",5.649401782,5.13491692162208,4.32289271153288,5.95267270880772
"3234",39,"UKENNE_YW_TP000119",NA,5.5476316785673,4.70420730761209,6.393386101277
"3235",40,"UKENNE_YW_TP000119",5.574286222,5.47531908543725,4.66191744051703,6.28884189496228
"3236",41,"UKENNE_YW_TP000119",NA,5.53335433296834,4.69300236437037,6.37523238668034
"3237",42,"UKENNE_YW_TP000119",6.14968729,5.40456959233044,4.58916723259391,6.21733844898507
"3238",43,"UKENNE_YW_TP000119",NA,5.53517207087367,4.69884081082544,6.37360867848777
"3239",44,"UKENNE_YW_TP000119",5.111859357,5.3337373420347,4.51963470853878,6.15072624444537
"3240",45,"UKENNE_YW_TP000119",NA,5.38739035729867,4.50981089928519,6.26294828695023
"496",1,"UKENAN_AW_TP000116",NA,4.42840033490372,3.55566987693337,5.30288286582988
"497",2,"UKENAN_AW_TP000116",3.552313549,4.57719637411851,3.73003019733188,5.42611621147977
"498",3,"UKENAN_AW_TP000116",NA,4.74724650051434,3.88870256062551,5.60688797379099
"499",4,"UKENAN_AW_TP000116",3.41733231,4.80039287982932,3.95010332425211,5.64816727954805
"500",5,"UKENAN_AW_TP000116",NA,4.92293677624033,4.05579541846453,5.7902454221138
"501",6,"UKENAN_AW_TP000116",3.705437485,4.95221380250157,4.10313250664933,5.79794202143691
"502",7,"UKENAN_AW_TP000116",NA,4.93383376517569,4.06146101220706,5.80686390672842
"503",8,"UKENAN_AW_TP000116",4.787680446,5.0352028437624,4.1884524200094,5.88131239149862
"504",9,"UKENAN_AW_TP000116",NA,5.26674055936652,4.40090490410329,6.13492702665729
"505",10,"UKENAN_AW_TP000116",4.339162983,5.33446006987309,4.48931527998935,6.18114460459083
"506",11,"UKENAN_AW_TP000116",NA,5.50940585312455,4.64397950259176,6.37667307375463
"507",12,"UKENAN_AW_TP000116",5.135441614,5.41368285343625,4.5679671987212,6.25983654766928
"508",13,"UKENAN_AW_TP000116",NA,5.37089959120025,4.49593788644591,6.24662403911643
"509",14,"UKENAN_AW_TP000116",5.853857174,5.55084528026019,4.70886561903138,6.39163681556616
"510",15,"UKENAN_AW_TP000116",NA,5.44009753292462,4.57444859943076,6.3074985867354
"511",16,"UKENAN_AW_TP000116",5.646475789,5.54368658230427,4.69677133755268,6.38949051031454
"512",17,"UKENAN_AW_TP000116",NA,5.46144136972049,4.59648283340327,6.32622565402655
"513",18,"UKENAN_AW_TP000116",5.862878395,5.30381402331799,4.4572609360378,6.14942746270456
"514",19,"UKENAN_AW_TP000116",NA,5.1695109111492,4.30312479395519,6.03394236601394
"515",20,"UKENAN_AW_TP000116",5.461699034,5.15698469645813,4.31040023462503,6.00653860937531
"516",21,"UKENAN_AW_TP000116",NA,5.30371554627576,4.43792059058249,6.17017466204972
"517",22,"UKENAN_AW_TP000116",5.639845061,5.22183917315172,4.3765503703325,6.06991803917364
"518",23,"UKENAN_AW_TP000116",NA,5.30277795768115,4.44137158662424,6.16489042471643
"519",24,"UKENAN_AW_TP000116",4.950907653,5.25843905332967,4.41270002322489,6.10632671935925
"520",25,"UKENAN_AW_TP000116",NA,5.29260302259833,4.42655035504321,6.15867743469279
"521",26,"UKENAN_AW_TP000116",5.280285157,5.22799977521325,4.38125109717618,6.07641547190679
"522",27,"UKENAN_AW_TP000116",NA,5.29585356485771,4.4316083187659,6.16384532611944
"523",28,"UKENAN_AW_TP000116",4.641503595,5.33351978100888,4.48766297018733,6.17852729527947
"524",29,"UKENAN_AW_TP000116",NA,5.30307156984546,4.44238567270423,6.16641507778456
"525",30,"UKENAN_AW_TP000116",5.294936955,5.31078003847606,4.46304803706597,6.15687562696858
"526",31,"UKENAN_AW_TP000116",NA,5.18589362296889,4.28200859605903,6.08874032168092
"527",32,"UKENAN_AW_TP000116",4.876036951,5.13535086887945,4.29266032662591,5.97685044995815
"528",33,"UKENAN_AW_TP000116",NA,5.08329737888127,4.23253944024298,5.93300471809272
"529",34,"UKENAN_AW_TP000116",4.340625681,5.07003617483323,4.22050290883188,5.91764173062898
"530",35,"UKENAN_AW_TP000116",NA,4.97028978324895,4.10276180656028,5.83609463642756
"531",36,"UKENAN_AW_TP000116",4.544427807,4.97613150768796,4.12876712827713,5.82003362747692
"532",37,"UKENAN_AW_TP000116",NA,5.32204106257963,4.45582677168067,6.18789232558689
"533",38,"UKENAN_AW_TP000116",4.780158755,5.32418452516884,4.47937117186098,6.17213371878328
"534",39,"UKENAN_AW_TP000116",NA,5.69327311328699,4.82623776432977,6.55923691194606
"535",40,"UKENAN_AW_TP000116",4.719419935,5.63231157459634,4.78463723411779,6.47745760201363
"536",41,"UKENAN_AW_TP000116",NA,5.73496705798554,4.86861450811677,6.6017684189309
"537",42,"UKENAN_AW_TP000116",5.169603084,5.59450630383036,4.74752022530897,6.43936107552919
"538",43,"UKENAN_AW_TP000116",NA,5.71308404182677,4.85108608775226,6.57481902519588
"539",44,"UKENAN_AW_TP000116",5.865143458,5.5114530567807,4.66595048431066,6.35823314228666
"540",45,"UKENAN_AW_TP000116",NA,5.60178854684903,4.7078889626469,6.49348168653328
"451",1,"UKENAN_AW_TP000115",NA,4.51686562871488,3.62389590312023,5.41157828958283
"452",2,"UKENAN_AW_TP000115",5.567368304,4.55060904364403,3.68983694756971,5.41214003092566
"453",3,"UKENAN_AW_TP000115",NA,4.76858702272683,3.88817000773888,5.65095143044136
"454",4,"UKENAN_AW_TP000115",5.523851949,4.75936935346372,3.89955066789556,5.61929595835904
"455",5,"UKENAN_AW_TP000115",NA,4.89868778952055,4.0117357550816,5.78623716990059
"456",6,"UKENAN_AW_TP000115",5.334188612,5.07081541359443,4.20859006082095,5.92986660280385
"457",7,"UKENAN_AW_TP000115",NA,4.9549634519889,4.06205867948531,5.84832757651382
"458",8,"UKENAN_AW_TP000115",5.751866777,5.0164877975784,4.15618600476209,5.8761168874249
"459",9,"UKENAN_AW_TP000115",NA,5.30030201250402,4.41245180729564,6.18931242801526
"460",10,"UKENAN_AW_TP000115",5.384008702,5.33140418854263,4.47248851863991,6.19224236796932
"461",11,"UKENAN_AW_TP000115",NA,5.47133866948173,4.58519969429594,6.35854407211069
"462",12,"UKENAN_AW_TP000115",5.799345205,5.39768585418548,4.53838950738832,6.25791221434683
"463",13,"UKENAN_AW_TP000115",NA,5.38621733662361,4.49678597293427,6.27697375312418
"464",14,"UKENAN_AW_TP000115",5.258356764,5.55264986702971,4.68969382345837,6.4123176504801
"465",15,"UKENAN_AW_TP000115",NA,5.43364505217738,4.54610013275849,6.3222955794856
"466",16,"UKENAN_AW_TP000115",4.997816928,5.51640407804582,4.65741360794773,6.37491816639002
"467",17,"UKENAN_AW_TP000115",NA,5.39039876285679,4.50347765806973,6.27814989936584
"468",18,"UKENAN_AW_TP000115",5.356647485,5.33170693241141,4.47357248839336,6.19175497189697
"469",19,"UKENAN_AW_TP000115",NA,5.23569571574146,4.34764502750006,6.12493528030743
"470",20,"UKENAN_AW_TP000115",5.715279953,5.25676550254589,4.39780621432046,6.11648914194007
"471",21,"UKENAN_AW_TP000115",NA,5.30800171302767,4.42172873014864,6.1961445163436
"472",22,"UKENAN_AW_TP000115",5.118840612,5.22284111952928,4.36262977006921,6.0836549521199
"473",23,"UKENAN_AW_TP000115",NA,5.34799262552034,4.46492730274578,6.23265269520328
"474",24,"UKENAN_AW_TP000115",5.223328272,5.30910901271807,4.45050116324416,6.16911939191662
"475",25,"UKENAN_AW_TP000115",NA,5.3292039387494,4.44734879877186,6.21306415541254
"476",26,"UKENAN_AW_TP000115",5.350511446,5.36255076039995,4.50066356749576,6.22712446553773
"477",27,"UKENAN_AW_TP000115",NA,5.25577356969681,4.36942451058404,6.14379835553862
"478",28,"UKENAN_AW_TP000115",5.515474073,5.35342082198337,4.49210016588762,6.21568660669852
"479",29,"UKENAN_AW_TP000115",NA,5.31779639971635,4.43361062916183,6.20425274954827
"480",30,"UKENAN_AW_TP000115",4.489673925,5.30253640868121,4.44346079708874,6.16315959215798
"481",31,"UKENAN_AW_TP000115",NA,5.10956781811212,4.18661369890626,6.03239914730722
"482",32,"UKENAN_AW_TP000115",5.741374994,5.02250482228183,4.15470654191242,5.89579457496095
"483",33,"UKENAN_AW_TP000115",NA,5.10743753595031,4.23122056996324,5.98530972948808
"484",34,"UKENAN_AW_TP000115",5.249146308,5.00994158535513,4.14990328547951,5.87216875893682
"485",35,"UKENAN_AW_TP000115",NA,4.96510938740507,4.0774808347517,5.85346405033666
"486",36,"UKENAN_AW_TP000115",5.342386146,5.0356644807451,4.17512533512607,5.89650519819052
"487",37,"UKENAN_AW_TP000115",NA,5.3842063289687,4.49622968990252,6.27465116223539
"488",38,"UKENAN_AW_TP000115",5.674939898,5.35100192412135,4.4904238550236,6.21330679495004
"489",39,"UKENAN_AW_TP000115",NA,5.64660068929897,4.75734549189572,6.53701044882978
"490",40,"UKENAN_AW_TP000115",6.042790269,5.49502602312743,4.63469040610171,6.35531307543109
"491",41,"UKENAN_AW_TP000115",NA,5.68766714726662,4.79660053176124,6.57981784932572
"492",42,"UKENAN_AW_TP000115",5.51752426,5.54492615107964,4.68287907280587,6.40644065912609
"493",43,"UKENAN_AW_TP000115",NA,5.65226890624963,4.76639415703311,6.53816262918909
"494",44,"UKENAN_AW_TP000115",5.380117869,5.4027950652986,4.54157208990456,6.26562047454026
"495",45,"UKENAN_AW_TP000115",NA,5.60728780033846,4.70492975327585,6.50870003964483
"721",1,"UKENAN_AW_TP000170",NA,4.51603197376476,3.63095231818978,5.40238980701043
"722",2,"UKENAN_AW_TP000170",5.390076894,4.54878258440935,3.69761977088945,5.39993108603708
"723",3,"UKENAN_AW_TP000170",NA,4.77270074330146,3.89962278927892,5.64659526812381
"724",4,"UKENAN_AW_TP000170",5.47712791,4.76074483343002,3.90967774470413,5.61094577377884
"725",5,"UKENAN_AW_TP000170",NA,4.90325516261343,4.02306171969215,5.78317629685178
"726",6,"UKENAN_AW_TP000170",6.105613815,5.0775812096181,4.22304573711871,5.92761069755747
"727",7,"UKENAN_AW_TP000170",NA,4.95337979907131,4.06752653644461,5.83923132224349
"728",8,"UKENAN_AW_TP000170",5.566236177,5.02011172935124,4.1681314207116,5.87056123323101
"729",9,"UKENAN_AW_TP000170",NA,5.30018817835259,4.41981577832405,6.18121444989103
"730",10,"UKENAN_AW_TP000170",3.901344237,5.32662343614384,4.47651116166515,6.17795697676519
"731",11,"UKENAN_AW_TP000170",NA,5.468305727906,4.5898465638718,6.34737155761523
"732",12,"UKENAN_AW_TP000170",5.987528793,5.40278867901839,4.55234501561559,6.25376132465722
"733",13,"UKENAN_AW_TP000170",NA,5.38344367734627,4.50193538336375,6.2657645061059
"734",14,"UKENAN_AW_TP000170",5.628079069,5.55524734708716,4.70125535340904,6.40581599248977
"735",15,"UKENAN_AW_TP000170",NA,5.42989806325499,4.55005891181791,6.31055788280394
"736",16,"UKENAN_AW_TP000170",5.251451418,5.51931759516885,4.66839298314687,6.36872331408534
"737",17,"UKENAN_AW_TP000170",NA,5.38812209411862,4.50730250881058,6.26915261912337
"738",18,"UKENAN_AW_TP000170",5.425552399,5.33588273021833,4.48641872856121,6.18639881397885
"739",19,"UKENAN_AW_TP000170",NA,5.24476710926679,4.36381445938331,6.12590347604007
"740",20,"UKENAN_AW_TP000170",5.537665644,5.26971092853066,4.41962966795503,6.11884207857272
"741",21,"UKENAN_AW_TP000170",NA,5.31692547538644,4.43816054095487,6.19633551170105
"742",22,"UKENAN_AW_TP000170",5.397911628,5.22969218544594,4.37848950594351,6.08034727068471
"743",23,"UKENAN_AW_TP000170",NA,5.350947330751,4.47614178420323,6.22667222465502
"744",24,"UKENAN_AW_TP000170",5.020471184,5.31488584080273,4.46509119334006,6.16443707700565
"745",25,"UKENAN_AW_TP000170",NA,5.34453970063335,4.47101790965156,6.21853788243408
"746",26,"UKENAN_AW_TP000170",5.947523616,5.3776491013998,4.52519097200699,6.23133156338855
"747",27,"UKENAN_AW_TP000170",NA,5.25964676824381,4.38171064177817,6.13806565707812
"748",28,"UKENAN_AW_TP000170",5.739076475,5.36896500057639,4.51735958563326,6.2200838109773
"749",29,"UKENAN_AW_TP000170",NA,5.32908537294955,4.45295729821986,6.20602603820612
"750",30,"UKENAN_AW_TP000170",5.154960444,5.31881357594158,4.46769804142017,6.16945974987425
"751",31,"UKENAN_AW_TP000170",NA,5.12436355789143,4.20813698516185,6.03957529264415
"752",32,"UKENAN_AW_TP000170",6.034919536,5.01550655044598,4.1580173031394,5.87764914694707
"753",33,"UKENAN_AW_TP000170",NA,5.11722967184662,4.25051310971145,5.98442050096764
"754",34,"UKENAN_AW_TP000170",5.185877714,5.01721113663489,4.16656404446843,5.86816603431485
"755",35,"UKENAN_AW_TP000170",NA,4.97538299638747,4.09475148955915,5.85537777658998
"756",36,"UKENAN_AW_TP000170",6.290440071,5.05451458147649,4.20304546673726,5.9044676684855
"757",37,"UKENAN_AW_TP000170",NA,5.3940786236066,4.51464542158571,6.27452554760115
"758",38,"UKENAN_AW_TP000170",6.435970107,5.36384491922814,4.51342245850683,6.214143272484
"759",39,"UKENAN_AW_TP000170",NA,5.67017833609011,4.79084328962235,6.54847459370373
"760",40,"UKENAN_AW_TP000170",5.993112368,5.49296495469251,4.64225523419296,6.34311334354056
"761",41,"UKENAN_AW_TP000170",NA,5.69210090266458,4.80935814992445,6.57488411888202
"762",42,"UKENAN_AW_TP000170",5.542926346,5.55711112998381,4.70500655744982,6.406809835859
"763",43,"UKENAN_AW_TP000170",NA,5.66330076339336,4.78525138823332,6.5400961913857
"764",44,"UKENAN_AW_TP000170",6.189224512,5.41011782366764,4.55917555224701,6.2612322347302
"765",45,"UKENAN_AW_TP000170",NA,5.61834495430751,4.7249313857944,6.5096889445088
"766",1,"UKENAN_AW_TP000200",NA,4.44245231034989,3.56487076897826,5.32190862303769
"767",2,"UKENAN_AW_TP000200",3.919519976,4.4905457677818,3.65084917711241,5.33081707486074
"768",3,"UKENAN_AW_TP000200",NA,4.7087714761534,3.84362076394528,5.57560272218844
"769",4,"UKENAN_AW_TP000200",4.269539177,4.70248116905033,3.86329538722612,5.54120244817094
"770",5,"UKENAN_AW_TP000200",NA,4.84313611370883,3.97058385664518,5.71601464619888
"771",6,"UKENAN_AW_TP000200",4.805747454,5.04188174618766,4.20079707459548,5.88021269412192
"772",7,"UKENAN_AW_TP000200",NA,4.89596152823132,4.01899887136322,5.77339073521557
"773",8,"UKENAN_AW_TP000200",4.542739254,4.97919849568553,4.1395462263897,5.8181306158139
"774",9,"UKENAN_AW_TP000200",NA,5.24613839726921,4.37367959373547,6.11943374612114
"775",10,"UKENAN_AW_TP000200",4.900920721,5.26941209420734,4.43142250866002,6.10895531913482
"776",11,"UKENAN_AW_TP000200",NA,5.40923631705544,4.53845534105148,6.28122234532671
"777",12,"UKENAN_AW_TP000200",5.349402531,5.31250200288808,4.47339922611531,6.15188101947819
"778",13,"UKENAN_AW_TP000200",NA,5.3058700450385,4.43289043293221,6.1804557879124
"779",14,"UKENAN_AW_TP000200",4.739364091,5.51096161004622,4.66899784849297,6.34992733813419
"780",15,"UKENAN_AW_TP000200",NA,5.36533453003829,4.49279614549055,6.23938706295927
"781",16,"UKENAN_AW_TP000200",5.700019416,5.47211991958175,4.63313267165897,6.31045124864807
"782",17,"UKENAN_AW_TP000200",NA,5.34724992330275,4.47599937644785,6.21922873799606
"783",18,"UKENAN_AW_TP000200",5.152933828,5.2721926125396,4.43438931516613,6.11170144972759
"784",19,"UKENAN_AW_TP000200",NA,5.18344347319211,4.30956891105166,6.05777120515428
"785",20,"UKENAN_AW_TP000200",4.009880877,5.1981594520217,4.36001101020981,6.03616916792642
"786",21,"UKENAN_AW_TP000200",NA,5.25129718706503,4.38049957934163,6.12314828359171
"787",22,"UKENAN_AW_TP000200",4.566344272,5.15585976572656,4.31644020903613,5.99487577973487
"788",23,"UKENAN_AW_TP000200",NA,5.2923305935643,4.42497091562452,6.16071939847989
"789",24,"UKENAN_AW_TP000200",4.717463616,5.24814940861993,4.4098533829679,6.08656897109807
"790",25,"UKENAN_AW_TP000200",NA,5.26450836761166,4.39670159219005,6.13291186713594
"791",26,"UKENAN_AW_TP000200",2.953951049,5.31566980933636,4.47498753590941,6.15792784608058
"792",27,"UKENAN_AW_TP000200",NA,5.20484286034753,4.33318526364801,6.0767207376427
"793",28,"UKENAN_AW_TP000200",4.851463057,5.30863019041588,4.46572193254833,6.15100392098676
"794",29,"UKENAN_AW_TP000200",NA,5.26913431861498,4.39930910414302,6.13978222609628
"795",30,"UKENAN_AW_TP000200",5.033818049,5.25585714022576,4.41655480322412,6.09569144445296
"796",31,"UKENAN_AW_TP000200",NA,5.06239368219904,4.15109777814143,5.97284831450585
"797",32,"UKENAN_AW_TP000200",4.942337697,4.93374832542938,4.08930795679759,5.78260029413802
"798",33,"UKENAN_AW_TP000200",NA,5.05838162020484,4.20040404877398,5.91692565820629
"799",34,"UKENAN_AW_TP000200",5.019181188,4.96890423315857,4.12959376463356,5.80862343211593
"800",35,"UKENAN_AW_TP000200",NA,4.91696004533062,4.04338159115773,5.78987227970556
"801",36,"UKENAN_AW_TP000200",3.785755351,4.98942907704164,4.15004727273223,5.82756558141855
"802",37,"UKENAN_AW_TP000200",NA,5.35092155963423,4.47876098028184,6.22420149564292
"803",38,"UKENAN_AW_TP000200",4.957020001,5.31496722126566,4.47622574257194,6.15392405261779
"804",39,"UKENAN_AW_TP000200",NA,5.60676463554932,4.73469715402654,6.47867665028323
"805",40,"UKENAN_AW_TP000200",5.236847993,5.45181146825402,4.61183587672948,6.28956060541478
"806",41,"UKENAN_AW_TP000200",NA,5.64532070381765,4.76869401156122,6.52193917866025
"807",42,"UKENAN_AW_TP000200",4.954407753,5.48974850474427,4.6487892916158,6.3282146216526
"808",43,"UKENAN_AW_TP000200",NA,5.59853247688863,4.72724079104422,6.46853705803219
"809",44,"UKENAN_AW_TP000200",5.12579676,5.33239660469093,4.49279177405616,6.17107867872253
"810",45,"UKENAN_AW_TP000200",NA,5.56986972761496,4.68368167225436,6.45370812853363
"5221",1,"UKENSW_SWS_TP000051",NA,4.62135256547607,3.70860494865372,5.53169322853463
"5222",2,"UKENSW_SWS_TP000051",3.636127704,4.54144236940944,3.65508868166739,5.42674491796023
"5223",3,"UKENSW_SWS_TP000051",NA,4.91076050771135,4.00823570896108,5.81142627683089
"5224",4,"UKENSW_SWS_TP000051",3.468061682,4.82920243581004,3.94316126242815,5.71940947512962
"5225",5,"UKENSW_SWS_TP000051",NA,4.98660774788568,4.08322992074253,5.89223091553064
"5226",6,"UKENSW_SWS_TP000051",5.210035138,5.07738306802958,4.18956224939493,5.96713259288682
"5227",7,"UKENSW_SWS_TP000051",NA,5.07799616484563,4.16819150422582,5.98964436850349
"5228",8,"UKENSW_SWS_TP000051",4.608506582,5.10451371065749,4.21994870664921,5.99141724719804
"5229",9,"UKENSW_SWS_TP000051",NA,5.35046397744572,4.44415138294469,6.25612882416934
"5230",10,"UKENSW_SWS_TP000051",5.713080298,5.51001548957818,4.6247142695648,6.39502279383248
"5231",11,"UKENSW_SWS_TP000051",NA,5.5678019484831,4.66208754572295,6.47529368294967
"5232",12,"UKENSW_SWS_TP000051",6.100068985,5.53011996485699,4.64486011065146,6.41456104843271
"5233",13,"UKENSW_SWS_TP000051",NA,5.46446218695191,4.55513579311416,6.37297765674432
"5234",14,"UKENSW_SWS_TP000051",5.07197101,5.47110019277735,4.58460431328941,6.36466713855713
"5235",15,"UKENSW_SWS_TP000051",NA,5.47393420916796,4.56840539133576,6.38261803183579
"5236",16,"UKENSW_SWS_TP000051",5.500828132,5.59350504800338,4.7076771426575,6.47809332681522
"5237",17,"UKENSW_SWS_TP000051",NA,5.47950381330124,4.57081136867488,6.39026123933898
"5238",18,"UKENSW_SWS_TP000051",5.725947634,5.39991174730205,4.51296470651888,6.28264901044528
"5239",19,"UKENSW_SWS_TP000051",NA,5.20248094878349,4.29381885918771,6.10946897769858
"5240",20,"UKENSW_SWS_TP000051",5.186006003,5.32761831842359,4.4409391117962,6.21192205297401
"5241",21,"UKENSW_SWS_TP000051",NA,5.33292503384861,4.42372391402481,6.23919598229464
"5242",22,"UKENSW_SWS_TP000051",5.721117731,5.26037407387721,4.37347040061163,6.14480740388978
"5243",23,"UKENSW_SWS_TP000051",NA,5.41265659932987,4.50995938913489,6.31402678112041
"5244",24,"UKENSW_SWS_TP000051",6.049642633,5.45907423667225,4.56977056551671,6.34396513304126
"5245",25,"UKENSW_SWS_TP000051",NA,5.39353746185021,4.4842170029169,6.30364562703213
"5246",26,"UKENSW_SWS_TP000051",5.892265942,5.33621751416307,4.43787750174691,6.22942835336628
"5247",27,"UKENSW_SWS_TP000051",NA,5.2902958340515,4.38241612616891,6.19597313727618
"5248",28,"UKENSW_SWS_TP000051",6.442252982,5.45360300547222,4.56669397985904,6.33815967576591
"5249",29,"UKENSW_SWS_TP000051",NA,5.41633856523544,4.5125352919714,6.31877586697476
"5250",30,"UKENSW_SWS_TP000051",5.986072026,5.35928038529646,4.47054635492106,6.24335284442147
"5251",31,"UKENSW_SWS_TP000051",5.392742099,5.21262364915537,4.26971336745201,6.1548102499397
"5252",32,"UKENSW_SWS_TP000051",NA,5.37501176234781,4.47963473930855,6.26833639520328
"5253",33,"UKENSW_SWS_TP000051",NA,5.3072552184179,4.42010420382433,6.19711085012587
"5254",34,"UKENSW_SWS_TP000051",5.62486606,5.13182682225624,4.23713732153971,6.0246081853089
"5255",35,"UKENSW_SWS_TP000051",NA,5.01205530911366,4.10708010255508,5.91963311189523
"5256",36,"UKENSW_SWS_TP000051",4.738657863,5.09833824229062,4.21358706565207,5.9838741557467
"5257",37,"UKENSW_SWS_TP000051",NA,5.43092480655009,4.5267357827772,6.33576977225208
"5258",38,"UKENSW_SWS_TP000051",5.826490556,5.49958259432752,4.61437309531541,6.38503731742915
"5259",39,"UKENSW_SWS_TP000051",NA,5.68777147915978,4.78217974557974,6.59739892153284
"5260",40,"UKENSW_SWS_TP000051",5.894137853,5.58819326625726,4.70326765863301,6.4761533299476
"5261",41,"UKENSW_SWS_TP000051",NA,5.74334644165101,4.83911743927356,6.64852279374912
"5262",42,"UKENSW_SWS_TP000051",5.767251679,5.53831266278202,4.6487579953017,6.43267115112451
"5263",43,"UKENSW_SWS_TP000051",NA,5.68984368465267,4.78361818616058,6.60101771769032
"5264",44,"UKENSW_SWS_TP000051",5.185364744,5.55665656249837,4.67446865232424,6.43984921424651
"5265",45,"UKENSW_SWS_TP000051",NA,5.61424967904836,4.69137826297452,6.54105371953297
"5446",1,"UKENSW_SWS_TP000075",NA,4.67565313980004,3.75672309691417,5.59156262480588
"5447",2,"UKENSW_SWS_TP000075",4.753369133,4.60856861836867,3.71337401826635,5.50163516773276
"5448",3,"UKENSW_SWS_TP000075",NA,4.95931161329809,4.0487580999486,5.86660846794461
"5449",4,"UKENSW_SWS_TP000075",4.025197619,4.89950563175868,4.00443691300518,5.79809859632145
"5450",5,"UKENSW_SWS_TP000075",4.877361765,5.05315409701515,4.14367578489499,5.9644262465282
"5451",6,"UKENSW_SWS_TP000075",NA,5.13746011279187,4.23976108418474,6.03669404151995
"5452",7,"UKENSW_SWS_TP000075",NA,5.13734315881069,4.21978913776918,6.05590818721901
"5453",8,"UKENSW_SWS_TP000075",4.845202971,5.15352275352281,4.25915097708523,6.04865252915648
"5454",9,"UKENSW_SWS_TP000075",NA,5.40439308367095,4.49105201559251,6.31600979794572
"5455",10,"UKENSW_SWS_TP000075",5.369717979,5.56106823784706,4.66549075472324,6.45455075373103
"5456",11,"UKENSW_SWS_TP000075",NA,5.61962189387357,4.70676841193772,6.53279418309641
"5457",12,"UKENSW_SWS_TP000075",5.717370949,5.59159541972487,4.69614449097249,6.48492347741929
"5458",13,"UKENSW_SWS_TP000075",NA,5.53255841305981,4.61738592483991,6.44620905620567
"5459",14,"UKENSW_SWS_TP000075",5.35760533,5.53238967024184,4.63702078374908,6.43311517797176
"5460",15,"UKENSW_SWS_TP000075",NA,5.53183702266828,4.6201393252941,6.44543478672435
"5461",16,"UKENSW_SWS_TP000075",5.754172546,5.64652552938904,4.75053033870071,6.54001047554088
"5462",17,"UKENSW_SWS_TP000075",NA,5.54031022130613,4.62473549923743,6.45747266758298
"5463",18,"UKENSW_SWS_TP000075",5.529268375,5.46425751314749,4.56749932727103,6.35588085557326
"5464",19,"UKENSW_SWS_TP000075",NA,5.26464833762728,4.34773123356126,6.17918777617928
"5465",20,"UKENSW_SWS_TP000075",5.880492365,5.39020591356589,4.49464656167762,6.28283319628382
"5466",21,"UKENSW_SWS_TP000075",NA,5.37255132809909,4.45504161752127,6.28562452384527
"5467",22,"UKENSW_SWS_TP000075",5.261724021,5.31755589193404,4.42110614167129,6.21072535421015
"5468",23,"UKENSW_SWS_TP000075",NA,5.4828613474703,4.57406071520372,6.39023875492587
"5469",24,"UKENSW_SWS_TP000075",5.573911225,5.51960753980199,4.62150712278762,6.41277321435635
"5470",25,"UKENSW_SWS_TP000075",NA,5.45681303917643,4.54274453867449,6.37117984109316
"5471",26,"UKENSW_SWS_TP000075",5.703961848,5.39680274860738,4.49288692019348,6.29498035800029
"5472",27,"UKENSW_SWS_TP000075",NA,5.34341840282312,4.42930037954801,6.25477152491227
"5473",28,"UKENSW_SWS_TP000075",5.942389035,5.50908741598161,4.61293235841445,6.40188369164219
"5474",29,"UKENSW_SWS_TP000075",NA,5.46481376369167,4.55502356217513,6.373004899805
"5475",30,"UKENSW_SWS_TP000075",6.070500281,5.42204798607215,4.52473917410531,6.31499737886537
"5476",31,"UKENSW_SWS_TP000075",NA,5.27106233494841,4.32162811868013,6.21917541302857
"5477",32,"UKENSW_SWS_TP000075",3.156068192,5.42970005981414,4.52950232855927,6.3275258149568
"5478",33,"UKENSW_SWS_TP000075",NA,5.34996840797723,4.45260518789033,6.24792935796124
"5479",34,"UKENSW_SWS_TP000075",5.323803251,5.19042745199801,4.29036786044262,6.0881725785556
"5480",35,"UKENSW_SWS_TP000075",NA,5.08470289763281,4.17362397710564,5.99777444169104
"5481",36,"UKENSW_SWS_TP000075",5.321451242,5.17263517584139,4.27973842873347,6.06631284163458
"5482",37,"UKENSW_SWS_TP000075",NA,5.49273521315461,4.58237176200609,6.40346995582599
"5483",38,"UKENSW_SWS_TP000075",6.102512509,5.55523806596992,4.66175190889704,6.44830980403276
"5484",39,"UKENSW_SWS_TP000075",NA,5.76674945370208,4.85520628211263,6.68248339419674
"5485",40,"UKENSW_SWS_TP000075",5.856436067,5.65174778355848,4.75807472069902,6.54739693844981
"5486",41,"UKENSW_SWS_TP000075",NA,5.78960626529505,4.87724910091518,6.70166771980471
"5487",42,"UKENSW_SWS_TP000075",6.096722557,5.61660324077438,4.71868173439507,6.52038537862576
"5488",43,"UKENSW_SWS_TP000075",NA,5.75366450116356,4.84353195028524,6.66758911801205
"5489",44,"UKENSW_SWS_TP000075",5.878440242,5.61972068704229,4.72805775813769,6.51140874920073
"5490",45,"UKENSW_SWS_TP000075",NA,5.68658623690857,4.75904237337813,6.61676438504506
"1441",1,"UKENMI_ST_TP000120",NA,4.30961418103092,3.40703396494758,5.2108887135255
"1442",2,"UKENMI_ST_TP000120",4.727233616,4.41286538716384,3.52299237138372,5.29892325763884
"1443",3,"UKENMI_ST_TP000120",NA,4.67930402069016,3.78947243494554,5.57314821037671
"1444",4,"UKENMI_ST_TP000120",3.876808037,4.67097012061761,3.77966746985872,5.55485800086161
"1445",5,"UKENMI_ST_TP000120",NA,4.79025444616434,3.8945533809484,5.68883849728968
"1446",6,"UKENMI_ST_TP000120",5.605985804,4.92631086581369,4.03925917545343,5.81009301465603
"1447",7,"UKENMI_ST_TP000120",NA,4.90465424746889,4.00469617440971,5.80661842079703
"1448",8,"UKENMI_ST_TP000120",6.049389899,4.87061078446813,3.98659228088681,5.75521979161397
"1449",9,"UKENMI_ST_TP000120",NA,5.13128872954273,4.23531229710012,6.03164575621458
"1450",10,"UKENMI_ST_TP000120",5.716050438,5.3442316686106,4.45346622350232,6.22848758083843
"1451",11,"UKENMI_ST_TP000120",NA,5.29377134982083,4.39718018181812,6.19270808550067
"1452",12,"UKENMI_ST_TP000120",6.084077009,5.29646002833685,4.40897383259209,6.18236986755774
"1453",13,"UKENMI_ST_TP000120",NA,5.34561953034304,4.45251215681036,6.2426194301819
"1454",14,"UKENMI_ST_TP000120",4.510285674,5.30101453180501,4.4150321800302,6.18762247925955
"1455",15,"UKENMI_ST_TP000120",NA,5.23730224680197,4.34027220789692,6.13644258013341
"1456",16,"UKENMI_ST_TP000120",6.210219467,5.37773347186965,4.49056064563563,6.2618787633321
"1457",17,"UKENMI_ST_TP000120",NA,5.19273080863613,4.29466322847408,6.08761626112345
"1458",18,"UKENMI_ST_TP000120",6.216496072,5.15910031045446,4.27533510117551,6.04469327211568
"1459",19,"UKENMI_ST_TP000120",NA,4.99190579355717,4.09380587455152,5.8885881041667
"1460",20,"UKENMI_ST_TP000120",5.197735473,4.97369761163679,4.08975641064252,5.86442917116059
"1461",21,"UKENMI_ST_TP000120",NA,5.00603397100013,4.09372145753308,5.92016162709802
"1462",22,"UKENMI_ST_TP000120",5.855404605,4.74750000831752,3.85696684065147,5.62479664426287
"1463",23,"UKENMI_ST_TP000120",NA,5.20501074805073,4.31541510384027,6.0971880006634
"1464",24,"UKENMI_ST_TP000120",5.82870473,5.20279203577584,4.31661261319008,6.08629322329251
"1465",25,"UKENMI_ST_TP000120",NA,5.180615623316,4.28426600143924,6.07916836287324
"1466",26,"UKENMI_ST_TP000120",5.901741999,5.03331503436916,4.14964499333225,5.9190153424209
"1467",27,"UKENMI_ST_TP000120",NA,5.08646754523702,4.18802284578677,5.98514365413814
"1468",28,"UKENMI_ST_TP000120",5.991749876,5.15980996116187,4.27608044186066,6.04495755795617
"1469",29,"UKENMI_ST_TP000120",NA,5.03702096412449,4.13859480856601,5.93149240205401
"1470",30,"UKENMI_ST_TP000120",5.091737815,5.04075980761864,4.15664320966594,5.92646234343961
"1471",31,"UKENMI_ST_TP000120",NA,4.98753474263134,4.0420317589683,5.93217655291294
"1472",32,"UKENMI_ST_TP000120",5.934591578,5.28086346123737,4.4030528029483,6.16122730419451
"1473",33,"UKENMI_ST_TP000120",NA,4.96829532436099,4.08291039175038,5.85125057742352
"1474",34,"UKENMI_ST_TP000120",5.066388249,4.70502971814042,3.81921266171155,5.59663947247138
"1475",35,"UKENMI_ST_TP000120",NA,4.77133866533074,3.87028524167976,5.66839380700712
"1476",36,"UKENMI_ST_TP000120",4.768943702,4.87085648985877,3.98711666954974,5.75596326671003
"1477",37,"UKENMI_ST_TP000120",NA,5.28713028682068,4.39037989165441,6.18771875303456
"1478",38,"UKENMI_ST_TP000120",4.803913058,5.23374257447143,4.34921608040734,6.1183533672771
"1479",39,"UKENMI_ST_TP000120",NA,5.57534438131644,4.67881268068686,6.47340382988554
"1480",40,"UKENMI_ST_TP000120",6.149139613,5.5058671968273,4.62124362513991,6.39022072305036
"1481",41,"UKENMI_ST_TP000120",NA,5.49168272818032,4.59522583417611,6.38896992188256
"1482",42,"UKENMI_ST_TP000120",5.765887331,5.47068207905024,4.58656693229026,6.35506230896859
"1483",43,"UKENMI_ST_TP000120",NA,5.54639106131806,4.6538341452468,6.43958905540495
"1484",44,"UKENMI_ST_TP000120",5.027570669,5.31996800974445,4.43519434043267,6.20552440924408
"1485",45,"UKENMI_ST_TP000120",NA,5.45424856436274,4.5301160150456,6.37477349508703
"1891",1,"UKENMI_ST_TP000199",NA,4.26857024722778,3.36781743099388,5.1708716410802
"1892",2,"UKENMI_ST_TP000199",4.827162894,4.31105626003318,3.43962564774191,5.18104484671045
"1893",3,"UKENMI_ST_TP000199",NA,4.58285764205447,3.69597315037534,5.47069547089467
"1894",4,"UKENMI_ST_TP000199",5.404378225,4.63809087133444,3.76595398831888,5.50693489213332
"1895",5,"UKENMI_ST_TP000199",NA,4.72439997701031,3.83003288239301,5.62300560681223
"1896",6,"UKENMI_ST_TP000199",5.686851787,4.886633705022,4.01592311378382,5.75513919415073
"1897",7,"UKENMI_ST_TP000199",NA,4.85008160515588,3.95191541383691,5.74832541160219
"1898",8,"UKENMI_ST_TP000199",5.697297635,4.85574594678195,3.98851474696493,5.72524433375483
"1899",9,"UKENMI_ST_TP000199",NA,5.03049555897038,4.13485563369406,5.92743714126578
"1900",10,"UKENMI_ST_TP000199",NA,5.33813386837149,4.46528197051553,6.20770694767128
"1901",11,"UKENMI_ST_TP000199",6.967589664,5.23144131075209,4.33545606780783,6.13047405426421
"1902",12,"UKENMI_ST_TP000199",5.945215297,5.26183004272962,4.39252593515582,6.13071497664712
"1903",13,"UKENMI_ST_TP000199",NA,5.24682043213799,4.35098007121482,6.1442053260322
"1904",14,"UKENMI_ST_TP000199",5.349157698,5.27300809343417,4.40532792340568,6.14259436108542
"1905",15,"UKENMI_ST_TP000199",NA,5.17820256073392,4.28136644024049,6.07773822808418
"1906",16,"UKENMI_ST_TP000199",NA,5.35647740361245,4.48599185929436,6.22470561182003
"1907",17,"UKENMI_ST_TP000199",5.55774521,5.18053263057687,4.28585474546958,6.07719650062602
"1908",18,"UKENMI_ST_TP000199",3.980220034,5.09405767963582,4.22712652446733,5.96494636306314
"1909",19,"UKENMI_ST_TP000199",NA,4.94579024511474,4.04852875910707,5.84270257254577
"1910",20,"UKENMI_ST_TP000199",NA,4.80042895545301,3.92926767773186,5.67011250632583
"1911",21,"UKENMI_ST_TP000199",5.258019943,4.94598193013457,4.04513611901329,5.84806212014372
"1912",22,"UKENMI_ST_TP000199",4.796224592,4.84989814437466,3.9843918480757,5.71910163597239
"1913",23,"UKENMI_ST_TP000199",NA,5.15577174032938,4.26475257231409,6.04906995065294
"1914",24,"UKENMI_ST_TP000199",5.738850396,5.16483146579947,4.29521086782036,6.03288401241242
"1915",25,"UKENMI_ST_TP000199",NA,5.11718352986365,4.22221948391449,6.01431704025554
"1916",26,"UKENMI_ST_TP000199",6.089588396,4.9769127102909,4.10941284166264,5.84694714125184
"1917",27,"UKENMI_ST_TP000199",NA,5.03662405185912,4.13929253265051,5.93441864304001
"1918",28,"UKENMI_ST_TP000199",5.824954026,5.09128675122462,4.22243407061896,5.96053191347837
"1919",29,"UKENMI_ST_TP000199",NA,5.04548849772594,4.15351808581613,5.9400920730626
"1920",30,"UKENMI_ST_TP000199",5.142164301,4.97965502391032,4.11185159333104,5.85016662083472
"1921",31,"UKENMI_ST_TP000199",NA,4.91800238132302,3.98134475094763,5.85360749819064
"1922",32,"UKENMI_ST_TP000199",5.804402393,5.15686567652641,4.29040635791485,6.02585874509287
"1923",33,"UKENMI_ST_TP000199",NA,4.94216455890808,4.05770300217097,5.82777489430105
"1924",34,"UKENMI_ST_TP000199",5.2337795,4.64231159148997,3.77336644767979,5.51720135386314
"1925",35,"UKENMI_ST_TP000199",NA,4.75968206509649,3.86378712797306,5.65613948204741
"1926",36,"UKENMI_ST_TP000199",4.821228363,4.83520737503811,3.96869258467967,5.70626254808897
"1927",37,"UKENMI_ST_TP000199",NA,5.17524387350118,4.27861381461436,6.07272842761339
"1928",38,"UKENMI_ST_TP000199",NA,5.16804993939246,4.29976631983137,6.03799656520851
"1929",39,"UKENMI_ST_TP000199",6.100608727,5.51482204704699,4.62006059366083,6.41101845238144
"1930",40,"UKENMI_ST_TP000199",5.13040465,5.43548686831087,4.56780509362904,6.30576405830829
"1931",41,"UKENMI_ST_TP000199",NA,5.45347371439687,4.55919620745723,6.35063092270347
"1932",42,"UKENMI_ST_TP000199",5.84263115,5.40033857664769,4.53223350651509,6.2694226499966
"1933",43,"UKENMI_ST_TP000199",NA,5.48626586690333,4.59442534120928,6.37734521167517
"1934",44,"UKENMI_ST_TP000199",5.902695181,5.17105750698113,4.29670822658321,6.03939849660377
"1935",45,"UKENMI_ST_TP000199",NA,5.40496941251912,4.49198112216983,6.31527944859784
"2116",1,"UKENMI_ST_TP000241",4.270533488,4.25100900316712,3.34802392152732,5.15394660675114
"2117",2,"UKENMI_ST_TP000241",NA,4.34100953229013,3.4648207653397,5.21573884386143
"2118",3,"UKENMI_ST_TP000241",4.770375839,4.56579623070231,3.67585130542712,5.45649733856288
"2119",4,"UKENMI_ST_TP000241",NA,4.61902189085183,3.7389768674172,5.4936644133475
"2120",5,"UKENMI_ST_TP000241",5.001663752,4.69330955505144,3.79590788958611,5.59339357482879
"2121",6,"UKENMI_ST_TP000241",NA,4.83285555193276,3.95510468402977,5.70642488128035
"2122",7,"UKENMI_ST_TP000241",5.239768174,4.7988233373143,3.89615057733513,5.70091697529017
"2123",8,"UKENMI_ST_TP000241",NA,4.78370931461713,3.90904275403714,5.6582373579585
"2124",9,"UKENMI_ST_TP000241",NA,5.0259384852895,4.12913024769213,5.92419181319705
"2125",10,"UKENMI_ST_TP000241",5.167331999,5.25085084166913,4.36868253936723,6.12509173933369
"2126",11,"UKENMI_ST_TP000241",6.04371795,5.20210989491189,4.30500395421748,6.10114067948526
"2127",12,"UKENMI_ST_TP000241",NA,5.28710967976953,4.41171940170769,6.16309659982336
"2128",13,"UKENMI_ST_TP000241",5.876634618,5.19920849195896,4.30079894806374,6.09640864591124
"2129",14,"UKENMI_ST_TP000241",NA,5.21289399174956,4.33791817072075,6.0886085439597
"2130",15,"UKENMI_ST_TP000241",5.722883847,5.15730046292496,4.26000561062723,6.05667214991313
"2131",16,"UKENMI_ST_TP000241",NA,5.30709425466368,4.42785261581052,6.18067980813969
"2132",17,"UKENMI_ST_TP000241",5.03576285,5.14278797718707,4.24535436746126,6.04047440221544
"2133",18,"UKENMI_ST_TP000241",NA,4.99600591665528,4.12086643474024,5.87034299070865
"2134",19,"UKENMI_ST_TP000241",5.608285687,4.92236425479086,4.02347934247183,5.81976545690305
"2135",20,"UKENMI_ST_TP000241",NA,4.94083265842204,4.06696258011672,5.82077323818278
"2136",21,"UKENMI_ST_TP000241",5.947261878,4.93972975566695,4.03638923293205,5.84385041597093
"2137",22,"UKENMI_ST_TP000241",NA,4.80001942093096,3.92543064746133,5.67304670576254
"2138",23,"UKENMI_ST_TP000241",5.643823487,5.11026485900647,4.21768028632753,6.00297304920555
"2139",24,"UKENMI_ST_TP000241",NA,5.11114934633322,4.23194295655689,5.98428801849434
"2140",25,"UKENMI_ST_TP000241",5.440296414,5.09477946229281,4.19607921192869,5.99389768603532
"2141",26,"UKENMI_ST_TP000241",NA,4.95473961561765,4.07993418637964,5.83165332652637
"2142",27,"UKENMI_ST_TP000241",4.965135465,5.0040003578706,4.10235235871426,5.90405829625523
"2143",28,"UKENMI_ST_TP000241",NA,5.04559015053843,4.16949041831131,5.92051780025523
"2144",29,"UKENMI_ST_TP000241",4.966457581,5.01921864636782,4.12259673690518,5.91640250993095
"2145",30,"UKENMI_ST_TP000241",NA,4.91361427032221,4.03589956196926,5.78991036560495
"2146",31,"UKENMI_ST_TP000241",5.834170573,4.90413179562357,3.96836737957846,5.83883237495525
"2147",32,"UKENMI_ST_TP000241",NA,5.12391673488523,4.24903098428905,5.99700115882394
"2148",33,"UKENMI_ST_TP000241",5.305637096,4.89207200660973,4.00741587401803,5.77690652892425
"2149",34,"UKENMI_ST_TP000241",NA,4.69473411659961,3.81927607918972,5.57705086671567
"2150",35,"UKENMI_ST_TP000241",4.196230515,4.72416655083527,3.82439840882465,5.6229163885386
"2151",36,"UKENMI_ST_TP000241",NA,4.7841584542202,3.91011165850371,5.6609916109679
"2152",37,"UKENMI_ST_TP000241",5.453756041,5.17419565524593,4.27587281650588,6.07288945436171
"2153",38,"UKENMI_ST_TP000241",NA,5.15875187267492,4.28413921479184,6.03462643326441
"2154",39,"UKENMI_ST_TP000241",4.887163387,5.47561575545864,4.57733691479007,6.37388099002664
"2155",40,"UKENMI_ST_TP000241",NA,5.40997740500648,4.53480807409904,6.28423742992442
"2156",41,"UKENMI_ST_TP000241",5.572906538,5.42217197443042,4.52546460268892,6.32038629843574
"2157",42,"UKENMI_ST_TP000241",NA,5.33058960926377,4.45491150897288,6.20527264854398
"2158",43,"UKENMI_ST_TP000241",6.055430416,5.46613342140397,4.57443422819876,6.35711699147168
"2159",44,"UKENMI_ST_TP000241",NA,5.23275100064546,4.35678652304037,6.10943854279186
"2160",45,"UKENMI_ST_TP000241",NA,5.36539992279755,4.45117311424118,6.2762557802351
"46",1,"UKENAN_AW_TP000023",NA,4.48380848302858,3.57045707831525,5.39481972780067
"47",2,"UKENAN_AW_TP000023",5.88127531,4.49546986796202,3.60595380108426,5.38277783272259
"48",3,"UKENAN_AW_TP000023",NA,4.75700938048998,3.85507600259348,5.65760938880658
"49",4,"UKENAN_AW_TP000023",6.001939518,4.74181410076093,3.84989254703862,5.6331554101236
"50",5,"UKENAN_AW_TP000023",NA,4.89941664431466,3.98948663456611,5.80924189206335
"51",6,"UKENAN_AW_TP000023",5.162744574,4.97196241164432,4.08233602084474,5.85990723241596
"52",7,"UKENAN_AW_TP000023",NA,4.95794027541248,4.04409040705614,5.87186975745475
"53",8,"UKENAN_AW_TP000023",6.455993529,5.00597250593721,4.1142202000058,5.89396452979368
"54",9,"UKENAN_AW_TP000023",NA,5.22187277655838,4.31567685556081,6.12635597447855
"55",10,"UKENAN_AW_TP000023",5.844756531,5.32711952875556,4.44187028589876,6.21168131222959
"56",11,"UKENAN_AW_TP000023",NA,5.40002818525394,4.49549570785309,6.304896680075
"57",12,"UKENAN_AW_TP000023",5.778775472,5.40846828131189,4.52188052461572,6.29239483693537
"58",13,"UKENAN_AW_TP000023",NA,5.35215919822719,4.44924273027701,6.25665644223523
"59",14,"UKENAN_AW_TP000023",5.743155964,5.47388623596798,4.5851044667525,6.35718389095904
"60",15,"UKENAN_AW_TP000023",NA,5.3695613810377,4.46700918325758,6.27250745772548
"61",16,"UKENAN_AW_TP000023",6.162741652,5.47537097638442,4.58611251719247,6.36046694627513
"62",17,"UKENAN_AW_TP000023",NA,5.37359257743474,4.46777659033378,6.27923804144827
"63",18,"UKENAN_AW_TP000023",4.978255793,5.24273244998398,4.35604593750243,6.12847670595836
"64",19,"UKENAN_AW_TP000023",NA,5.12832749480872,4.22256146867559,6.03253394950906
"65",20,"UKENAN_AW_TP000023",3.742155302,5.2040010492737,4.31693878643084,6.08928849725275
"66",21,"UKENAN_AW_TP000023",NA,5.17519708435861,4.26951267413282,6.07976769303437
"67",22,"UKENAN_AW_TP000023",6.441904097,5.12753540200755,4.24015679332947,6.01099389912513
"68",23,"UKENAN_AW_TP000023",NA,5.29334864099351,4.39539827844764,6.19107955150354
"69",24,"UKENAN_AW_TP000023",6.124963615,5.27657271274149,4.39177805688927,6.15988960988895
"70",25,"UKENAN_AW_TP000023",NA,5.26956648525679,4.36398198271001,6.17512638365969
"71",26,"UKENAN_AW_TP000023",5.947744336,5.16459982375142,4.27878118867788,6.0512941510334
"72",27,"UKENAN_AW_TP000023",NA,5.20849954551294,4.30267568183444,6.11223725924298
"73",28,"UKENAN_AW_TP000023",5.75179617,5.28037926333158,4.39306215729089,6.16481530085422
"74",29,"UKENAN_AW_TP000023",NA,5.27972219221939,4.37544037890431,6.18349018994452
"75",30,"UKENAN_AW_TP000023",4.033924161,5.2470246471011,4.35369081416032,6.13605027529363
"76",31,"UKENAN_AW_TP000023",NA,5.08862157148143,4.13908568623666,6.0354207982902
"77",32,"UKENAN_AW_TP000023",5.237842473,5.25952459424308,4.37680397545171,6.14286182236594
"78",33,"UKENAN_AW_TP000023",NA,5.13781295087,4.24380058303754,6.03078649166546
"79",34,"UKENAN_AW_TP000023",5.352689476,4.97881151476547,4.08855384447147,5.86891303918175
"80",35,"UKENAN_AW_TP000023",NA,4.9615737123909,4.05053355247369,5.87046012587339
"81",36,"UKENAN_AW_TP000023",4.034168371,4.99750432873978,4.10867769093933,5.88643042725446
"82",37,"UKENAN_AW_TP000023",NA,5.35676999878317,4.45116948418631,6.26224585223505
"83",38,"UKENAN_AW_TP000023",5.359680266,5.35082443664586,4.46338952788996,6.23534689620721
"84",39,"UKENAN_AW_TP000023",NA,5.65474820346699,4.75281459981371,6.55694159413389
"85",40,"UKENAN_AW_TP000023",5.761843077,5.53604364101837,4.64637050048676,6.42434715885586
"86",41,"UKENAN_AW_TP000023",NA,5.67405562506307,4.76446448094947,6.58498519084153
"87",42,"UKENAN_AW_TP000023",6.0664253,5.56029288766803,4.67120553671477,6.45025197281971
"88",43,"UKENAN_AW_TP000023",NA,5.60072972802194,4.69326359580931,6.5051717009904
"89",44,"UKENAN_AW_TP000023",5.944262703,5.45698805988876,4.56724590917754,6.34515648179268
"90",45,"UKENAN_AW_TP000023",NA,5.56261900363777,4.64438169647942,6.47904995211
"676",1,"UKENAN_AW_TP000161",NA,4.4669946159838,3.56302403116791,5.37220596091207
"677",2,"UKENAN_AW_TP000161",4.680363573,4.48088006287269,3.60549349150756,5.35645807948124
"678",3,"UKENAN_AW_TP000161",NA,4.73991105730216,3.85145961122248,5.62949974605636
"679",4,"UKENAN_AW_TP000161",3.389697376,4.69307678568348,3.81609898198633,5.57092241829011
"680",5,"UKENAN_AW_TP000161",NA,4.91576259472887,4.01806810884495,5.81431725840126
"681",6,"UKENAN_AW_TP000161",3.222336298,4.94166545577755,4.06536327324063,5.8187885009637
"682",7,"UKENAN_AW_TP000161",NA,4.94037468411033,4.0392847553246,5.8426644662628
"683",8,"UKENAN_AW_TP000161",4.554467533,4.99831048886611,4.12210259006408,5.87361738399319
"684",9,"UKENAN_AW_TP000161",NA,5.22515198811269,4.3290824368632,6.12171209278696
"685",10,"UKENAN_AW_TP000161",3.964090461,5.37209441089708,4.49734169749722,6.24714452391364
"686",11,"UKENAN_AW_TP000161",NA,5.40644598312836,4.51011405476478,6.30313303372975
"687",12,"UKENAN_AW_TP000161",4.666241682,5.43147821287206,4.55526051342684,6.30586172038477
"688",13,"UKENAN_AW_TP000161",NA,5.32714024158715,4.43017581583183,6.22656195197381
"689",14,"UKENAN_AW_TP000161",4.95131098,5.50688677911368,4.62944974291922,6.38069328361371
"690",15,"UKENAN_AW_TP000161",NA,5.38164010036625,4.48607395146662,6.27899622519371
"691",16,"UKENAN_AW_TP000161",5.029293769,5.48581733362984,4.60964736239087,6.36097395062861
"692",17,"UKENAN_AW_TP000161",NA,5.38948933700119,4.4939042618324,6.28592396783192
"693",18,"UKENAN_AW_TP000161",5.332500903,5.18701436687639,4.31286044604588,6.06447334600394
"694",19,"UKENAN_AW_TP000161",NA,5.1150837022002,4.2193126458045,6.01193545336927
"695",20,"UKENAN_AW_TP000161",5.242349543,5.19832800162341,4.32414370498391,6.07388922306998
"696",21,"UKENAN_AW_TP000161",NA,5.16569543544311,4.26777789897287,6.06451193120788
"697",22,"UKENAN_AW_TP000161",5.139634927,5.16394948631366,4.28765562426943,6.03815831474579
"698",23,"UKENAN_AW_TP000161",NA,5.28491501684741,4.39395987418059,6.17738336417225
"699",24,"UKENAN_AW_TP000161",4.501481657,5.27414309030841,4.39916185019608,6.14924394875925
"700",25,"UKENAN_AW_TP000161",NA,5.22504194028078,4.32662415900164,6.12415860375227
"701",26,"UKENAN_AW_TP000161",5.671181423,5.1403954418202,4.26569424275413,6.01886321349348
"702",27,"UKENAN_AW_TP000161",NA,5.21450572560508,4.31546126425221,6.1125256022104
"703",28,"UKENAN_AW_TP000161",4.765726736,5.26929267957657,4.39375082841246,6.14319792486178
"704",29,"UKENAN_AW_TP000161",NA,5.26067312251918,4.36717281990794,6.15583017394233
"705",30,"UKENAN_AW_TP000161",4.835020443,5.3149058073257,4.43214540124233,6.19110897199713
"706",31,"UKENAN_AW_TP000161",NA,5.09480396854397,4.16232925947017,6.02579850255704
"707",32,"UKENAN_AW_TP000161",4.67999374,5.27008348064686,4.39563021592379,6.14504509635567
"708",33,"UKENAN_AW_TP000161",4.761299096,5.14469033686109,4.26148999352751,6.02933207717043
"709",34,"UKENAN_AW_TP000161",NA,4.93656251752822,4.06061960832332,5.81484455902682
"710",35,"UKENAN_AW_TP000161",NA,4.95886665683404,4.05877897850023,5.8582980857798
"711",36,"UKENAN_AW_TP000161",4.757112006,4.96723852026318,4.09278967470619,5.84707678428477
"712",37,"UKENAN_AW_TP000161",NA,5.32664742325435,4.42882566244646,6.22746345036465
"713",38,"UKENAN_AW_TP000161",5.416199022,5.33201686985191,4.45751565038339,6.20656115260343
"714",39,"UKENAN_AW_TP000161",NA,5.65405221694765,4.75663338585901,6.55195483329693
"715",40,"UKENAN_AW_TP000161",5.586538892,5.51859257834525,4.64242306716089,6.39529506113168
"716",41,"UKENAN_AW_TP000161",NA,5.66320807739535,4.76589430760945,6.5620004237367
"717",42,"UKENAN_AW_TP000161",5.299244861,5.52311933521965,4.64691499699109,6.40165641352836
"718",43,"UKENAN_AW_TP000161",NA,5.63363242501264,4.7387014550196,6.52630715701258
"719",44,"UKENAN_AW_TP000161",5.624762044,5.48067720608867,4.60369248944637,6.35591119327151
"720",45,"UKENAN_AW_TP000161",NA,5.55337993834226,4.64037069946541,6.46492800426108
"361",1,"UKENAN_AW_TP000082",NA,4.65133104548224,3.72599821278499,5.57480629188329
"362",2,"UKENAN_AW_TP000082",5.269604345,4.67553639140426,3.77746541371958,5.57183014082032
"363",3,"UKENAN_AW_TP000082",NA,4.91788372441013,4.00427020200743,5.83104777942961
"364",4,"UKENAN_AW_TP000082",4.162644162,4.92333180220357,4.02303053316947,5.82324276939829
"365",5,"UKENAN_AW_TP000082",NA,5.05880180627995,4.13631505243943,5.98219550634811
"366",6,"UKENAN_AW_TP000082",7.065255184,5.15987763671372,4.2570161766134,6.05886338941402
"367",7,"UKENAN_AW_TP000082",NA,5.12820390247215,4.20167522768311,6.05525159028762
"368",8,"UKENAN_AW_TP000082",5.280653574,5.17972002009697,4.27698967596202,6.07795759401702
"369",9,"UKENAN_AW_TP000082",NA,5.38456401936484,4.46473095767935,6.3032952447701
"370",10,"UKENAN_AW_TP000082",5.033643758,5.44865009259675,4.55116311486569,6.34798937039177
"371",11,"UKENAN_AW_TP000082",NA,5.55592566111291,4.63786933493373,6.47549646259187
"372",12,"UKENAN_AW_TP000082",5.681749886,5.55546887747399,4.65705360330285,6.45237498947491
"373",13,"UKENAN_AW_TP000082",NA,5.51469381224689,4.59688320856248,6.43456661632939
"374",14,"UKENAN_AW_TP000082",5.86529696,5.65683506995357,4.7557803827096,6.55321912522013
"375",15,"UKENAN_AW_TP000082",NA,5.53054054933607,4.61346937186505,6.4492557855765
"376",16,"UKENAN_AW_TP000082",6.070635481,5.64190666475847,4.74114088231065,6.5396123775203
"377",17,"UKENAN_AW_TP000082",NA,5.52942118362489,4.60927001807661,6.4501039242705
"378",18,"UKENAN_AW_TP000082",5.797547638,5.41694553216869,4.51783491641765,6.31456105831012
"379",19,"UKENAN_AW_TP000082",NA,5.29235990937616,4.37076159906896,6.21205567622653
"380",20,"UKENAN_AW_TP000082",5.417633936,5.37654901883379,4.47895626393305,6.27298812769259
"381",21,"UKENAN_AW_TP000082",NA,5.3468460601492,4.42737321485252,6.26558418999233
"382",22,"UKENAN_AW_TP000082",4.958892049,5.27525294913427,4.37675272972162,6.17178424218589
"383",23,"UKENAN_AW_TP000082",NA,5.46290957642108,4.54901592407896,6.37657666088348
"384",24,"UKENAN_AW_TP000082",5.539170377,5.43752489184221,4.54091546288955,6.33492209196822
"385",25,"UKENAN_AW_TP000082",NA,5.44446218999036,4.52536341302295,6.36351040568502
"386",26,"UKENAN_AW_TP000082",6.451178134,5.30964985742213,4.4129016182809,6.20724411143349
"387",27,"UKENAN_AW_TP000082",NA,5.36455281454546,4.44682468457809,6.2816511070978
"388",28,"UKENAN_AW_TP000082",6.369792406,5.45662306365097,4.55842072090587,6.35270946542403
"389",29,"UKENAN_AW_TP000082",NA,5.44489853905809,4.5279575062198,6.36132949796357
"390",30,"UKENAN_AW_TP000082",6.031130644,5.39132115174063,4.49152754036961,6.29093260332952
"391",31,"UKENAN_AW_TP000082",NA,5.23106578967213,4.27125209449819,6.18750622754754
"392",32,"UKENAN_AW_TP000082",5.407539707,5.41625995278304,4.52300470048967,6.31496464538598
"393",33,"UKENAN_AW_TP000082",NA,5.30374710461927,4.39755228891485,6.21016529819551
"394",34,"UKENAN_AW_TP000082",4.921528286,5.18252392458099,4.28370048870954,6.08073657655852
"395",35,"UKENAN_AW_TP000082",NA,5.12372716812751,4.20336454429285,6.04305341372899
"396",36,"UKENAN_AW_TP000082",4.968330215,5.1664426183172,4.26804889037107,6.06359706558237
"397",37,"UKENAN_AW_TP000082",NA,5.5273684952664,4.60932519956797,6.44525369846106
"398",38,"UKENAN_AW_TP000082",5.937610744,5.53069274427429,4.63163907718698,6.42526381102427
"399",39,"UKENAN_AW_TP000082",NA,5.82188362905895,4.90611563784936,6.73888246013371
"400",40,"UKENAN_AW_TP000082",4.764448172,5.7088131257074,4.8089745329019,6.60608041550453
"401",41,"UKENAN_AW_TP000082",NA,5.83962528549736,4.91817223586788,6.7630321458234
"402",42,"UKENAN_AW_TP000082",5.536677672,5.73467046521849,4.83691759779276,6.63367775771373
"403",43,"UKENAN_AW_TP000082",NA,5.75602392229781,4.83621363480818,6.67365438641143
"404",44,"UKENAN_AW_TP000082",5.175784272,5.54034271761092,4.64043996700694,6.43940537727089
"405",45,"UKENAN_AW_TP000082",NA,5.73266291666471,4.802273435586,6.66175185498223
"631",1,"UKENAN_AW_TP000154",NA,4.50283782379333,3.58450165576873,5.41928180226538
"632",2,"UKENAN_AW_TP000154",4.752157927,4.52163021579696,3.6288403627607,5.41238251299897
"633",3,"UKENAN_AW_TP000154",NA,4.76993226780129,3.8642108217871,5.67507191578784
"634",4,"UKENAN_AW_TP000154",5.141024555,4.77064774854525,3.8761813040433,5.66477984470779
"635",5,"UKENAN_AW_TP000154",NA,4.91093640232667,3.99646472362869,5.82613233786434
"636",6,"UKENAN_AW_TP000154",5.715715619,5.0037959777675,4.10774276746724,5.89749194396937
"637",7,"UKENAN_AW_TP000154",NA,4.97474470322595,4.05513385707126,5.89488604072673
"638",8,"UKENAN_AW_TP000154",6.191147408,5.02287080034774,4.1259687002329,5.91573711682904
"639",9,"UKENAN_AW_TP000154",NA,5.23459309535318,4.32166931154257,6.14627338172758
"640",10,"UKENAN_AW_TP000154",5.310815147,5.3194644245522,4.4278356330828,6.21316816336747
"641",11,"UKENAN_AW_TP000154",NA,5.40726163186074,4.49651828704086,6.31918652213632
"642",12,"UKENAN_AW_TP000154",4.235337016,5.41782510307188,4.52476229932197,6.30902010729231
"643",13,"UKENAN_AW_TP000154",NA,5.36943042430686,4.45880323905186,6.28198184363211
"644",14,"UKENAN_AW_TP000154",6.663339287,5.49175183530015,4.59691164186454,6.38237303275519
"645",15,"UKENAN_AW_TP000154",NA,5.38216343676395,4.47236522209425,6.29333381821363
"646",16,"UKENAN_AW_TP000154",5.49252328,5.48699941427615,4.5921822840031,6.37865985953974
"647",17,"UKENAN_AW_TP000154",NA,5.38276259782893,4.47060794469773,6.29537372112039
"648",18,"UKENAN_AW_TP000154",5.808316431,5.26928627151675,4.37613088885548,6.16098798480262
"649",19,"UKENAN_AW_TP000154",NA,5.14286441152623,4.22953144293602,6.05453740456833
"650",20,"UKENAN_AW_TP000154",5.289373214,5.21924382939829,4.32709645592117,6.10987191729023
"651",21,"UKENAN_AW_TP000154",NA,5.1968635776997,4.28478470325727,6.10824220837893
"652",22,"UKENAN_AW_TP000154",5.263507926,5.1326911589101,4.23915793298155,6.02345168544747
"653",23,"UKENAN_AW_TP000154",NA,5.31255248532297,4.40601672140818,6.21906107312439
"654",24,"UKENAN_AW_TP000154",5.214036631,5.28689503615927,4.3956448874648,6.17819139729862
"655",25,"UKENAN_AW_TP000154",NA,5.2939345154875,4.38170749054857,6.20619381800157
"656",26,"UKENAN_AW_TP000154",5.755675243,5.16665980984431,4.27552267772852,6.0591550709756
"657",27,"UKENAN_AW_TP000154",NA,5.21942585805405,4.30830593732197,6.12951615807146
"658",28,"UKENAN_AW_TP000154",5.326386877,5.30097026066966,4.40809958433871,6.19146994634061
"659",29,"UKENAN_AW_TP000154",NA,5.29727800661529,4.38762662218317,6.20660882993315
"660",30,"UKENAN_AW_TP000154",6.069726609,5.24645580410699,4.35161264922838,6.13999492800769
"661",31,"UKENAN_AW_TP000154",NA,5.08630153594878,4.13466998379375,6.03467258161935
"662",32,"UKENAN_AW_TP000154",4.841009819,5.26989799010198,4.38137773123144,6.1618994332313
"663",33,"UKENAN_AW_TP000154",NA,5.15144221491884,4.25245100888475,6.05066198146437
"664",34,"UKENAN_AW_TP000154",5.734189865,5.01656798978522,4.12345586749972,5.90881067368908
"665",35,"UKENAN_AW_TP000154",NA,4.97520950821455,4.06222349297421,5.88704552314663
"666",36,"UKENAN_AW_TP000154",6.484460331,5.01646385655432,4.1242109606097,5.90832228181659
"667",37,"UKENAN_AW_TP000154",NA,5.37600720444432,4.46560939070313,6.28644200391744
"668",38,"UKENAN_AW_TP000154",6.069521716,5.37340060730558,4.48075674808022,6.26254370646493
"669",39,"UKENAN_AW_TP000154",NA,5.67188999165843,4.76323831309127,6.58185812672049
"670",40,"UKENAN_AW_TP000154",5.924584352,5.55992765268018,4.66649773232522,6.45149939294536
"671",41,"UKENAN_AW_TP000154",NA,5.69120381160845,4.77732399325815,6.60704345169004
"672",42,"UKENAN_AW_TP000154",5.56550038,5.58253838806154,4.69032281854261,6.47645508989385
"673",43,"UKENAN_AW_TP000154",NA,5.6063967512371,4.69402501392457,6.51663599905929
"674",44,"UKENAN_AW_TP000154",5.891278605,5.43705639347306,4.54399747043852,6.32997741731762
"675",45,"UKENAN_AW_TP000154",NA,5.58220756954865,4.65842938609309,6.50479868204204
"811",1,"UKENAN_AW_TP000210",NA,4.28717593435932,3.37309670828356,5.20111461734237
"812",2,"UKENAN_AW_TP000210",3.005367047,4.27858949237934,3.39544724748888,5.16341580460612
"813",3,"UKENAN_AW_TP000210",NA,4.56679460380927,3.66764027162547,5.46658681709171
"814",4,"UKENAN_AW_TP000210",3.920771742,4.57914428516635,3.69549869317304,5.46463860984927
"815",5,"UKENAN_AW_TP000210",NA,4.69967546713273,3.79144783543358,5.60987017290116
"816",6,"UKENAN_AW_TP000210",5.069886616,4.82328448352432,3.9367356555329,5.70558014330704
"817",7,"UKENAN_AW_TP000210",NA,4.77933700166835,3.8664735526904,5.69224396209724
"818",8,"UKENAN_AW_TP000210",4.606270029,4.82408961593558,3.93767720476998,5.70676776944677
"819",9,"UKENAN_AW_TP000210",NA,5.0254060425388,4.11752295366432,5.93338506159614
"820",10,"UKENAN_AW_TP000210",4.998253445,5.12343739178383,4.24003106097541,6.00639621966324
"821",11,"UKENAN_AW_TP000210",NA,5.20260489212194,4.29537770040719,6.11221408843704
"822",12,"UKENAN_AW_TP000210",4.253769477,5.18301538431901,4.29997863676492,6.06660240212157
"823",13,"UKENAN_AW_TP000210",NA,5.15692548809014,4.24949350697086,6.06750719681983
"824",14,"UKENAN_AW_TP000210",5.552313735,5.33550869589404,4.44724538675877,6.21863831922358
"825",15,"UKENAN_AW_TP000210",NA,5.17562410300686,4.26760245030775,6.08592358315915
"826",16,"UKENAN_AW_TP000210",4.908008485,5.31153126360264,4.42509934177404,6.19446679929248
"827",17,"UKENAN_AW_TP000210",NA,5.17851235525764,4.27128483640264,6.08702967792951
"828",18,"UKENAN_AW_TP000210",5.120481308,5.03461968715373,4.15223061862027,5.91872185938645
"829",19,"UKENAN_AW_TP000210",NA,4.92466650727598,4.01380549153916,5.83405531045252
"830",20,"UKENAN_AW_TP000210",4.096096643,5.00793167912032,4.12578516837536,5.89258148080228
"831",21,"UKENAN_AW_TP000210",NA,4.98463029058415,4.07664212317823,5.89305756730354
"832",22,"UKENAN_AW_TP000210",3.72487719,4.90045779385025,4.01751038269053,5.78412688539537
"833",23,"UKENAN_AW_TP000210",NA,5.10436767862729,4.2010370052682,6.00792755376313
"834",24,"UKENAN_AW_TP000210",3.815978477,5.08842341624137,4.20517308911455,5.97166955831822
"835",25,"UKENAN_AW_TP000210",NA,5.09077912257776,4.18362333734236,5.99981099792836
"836",26,"UKENAN_AW_TP000210",3.463261862,4.95551476347207,4.07287528450526,5.84096339831529
"837",27,"UKENAN_AW_TP000210",NA,5.00606920892721,4.09814772621045,5.91421111464756
"838",28,"UKENAN_AW_TP000210",4.806664444,5.09469707673999,4.21056020793073,5.97763377782837
"839",29,"UKENAN_AW_TP000210",NA,5.0842102709192,4.17913729773951,5.99036453943343
"840",30,"UKENAN_AW_TP000210",3.948030693,5.02486826244575,4.14118301843982,5.90914650765478
"841",31,"UKENAN_AW_TP000210",NA,4.87541199337179,3.92792591564109,5.81973261740814
"842",32,"UKENAN_AW_TP000210",3.185499296,5.03744919362479,4.15531100583143,5.92464375871424
"843",33,"UKENAN_AW_TP000210",3.619624133,4.94958090420619,4.05313869422963,5.84617726253837
"844",34,"UKENAN_AW_TP000210",NA,4.76600725757638,3.88346183172842,5.65170215189063
"845",35,"UKENAN_AW_TP000210",NA,4.76642400697118,3.85825072419806,5.67465389997032
"846",36,"UKENAN_AW_TP000210",3.46216354,4.79916562544652,3.91634628858533,5.68323684361751
"847",37,"UKENAN_AW_TP000210",NA,5.16238571080522,4.2544964343831,6.0716261929982
"848",38,"UKENAN_AW_TP000210",3.16787207,5.18935467767724,4.30406670322302,6.07148586201949
"849",39,"UKENAN_AW_TP000210",NA,5.46529272527777,4.55777147478632,6.37429767413206
"850",40,"UKENAN_AW_TP000210",5.077726306,5.34590061994174,4.46201151107204,6.22955582602429
"851",41,"UKENAN_AW_TP000210",NA,5.47324210790625,4.56498901944133,6.38425583430484
"852",42,"UKENAN_AW_TP000210",4.284984551,5.36332628501467,4.47951728840678,6.24849026964898
"853",43,"UKENAN_AW_TP000210",NA,5.39935029043941,4.49079896379267,6.30556364913918
"854",44,"UKENAN_AW_TP000210",4.620586611,5.20680837030409,4.32278939980826,6.09447807680088
"855",45,"UKENAN_AW_TP000210",NA,5.3702427199474,4.45189291254144,6.28698354823551
"856",1,"UKENAN_AW_TP000293",NA,4.57305522583866,3.64383498656179,5.50181420386856
"857",2,"UKENAN_AW_TP000293",3.609022286,4.58641630148874,3.68374749116825,5.48950909547623
"858",3,"UKENAN_AW_TP000293",NA,4.84297376539845,3.92814554165833,5.75868583501024
"859",4,"UKENAN_AW_TP000293",5.118938908,4.84404795291047,3.94133437215264,5.74821406243256
"860",5,"UKENAN_AW_TP000293",NA,4.98238561490422,4.0594428736053,5.90734242436152
"861",6,"UKENAN_AW_TP000293",4.757660005,5.07913442412005,4.17545221582635,5.98127770422327
"862",7,"UKENAN_AW_TP000293",NA,5.05028531365533,4.12261949983978,5.97940389186047
"863",8,"UKENAN_AW_TP000293",3.688971716,5.09744877211976,4.19279313457675,5.99958237992205
"864",9,"UKENAN_AW_TP000293",NA,5.30739487249786,4.38445145865021,6.23050589692201
"865",10,"UKENAN_AW_TP000293",6.302033676,5.39279076450714,4.49122798395438,6.29657467782544
"866",11,"UKENAN_AW_TP000293",NA,5.48180647821134,4.55982089406185,6.40625877659627
"867",12,"UKENAN_AW_TP000293",4.337591647,5.48082820605293,4.57857134755853,6.38320314281729
"868",13,"UKENAN_AW_TP000293",NA,5.44051819225321,4.51795412235772,6.36628838877744
"869",14,"UKENAN_AW_TP000293",4.380722236,5.57761833075498,4.67222389911944,6.47961794505074
"870",15,"UKENAN_AW_TP000293",NA,5.45553302353308,4.53279381566349,6.38078185597224
"871",16,"UKENAN_AW_TP000293",5.396249102,5.56563740267942,4.66162728325783,6.46758426098705
"872",17,"UKENAN_AW_TP000293",NA,5.45600758501291,4.5345083596079,6.37926858175078
"873",18,"UKENAN_AW_TP000293",4.483426233,5.33205946624425,4.43043597792567,6.23455256273891
"874",19,"UKENAN_AW_TP000293",NA,5.21062281666156,4.28661867976357,6.13424044395655
"875",20,"UKENAN_AW_TP000293",5.964936302,5.29302392583603,4.39123317377793,6.19558740038086
"876",21,"UKENAN_AW_TP000293",NA,5.26781299857119,4.34505984267839,6.19129160876141
"877",22,"UKENAN_AW_TP000293",5.143044436,5.19708675877507,4.29443806656067,6.09914496556968
"878",23,"UKENAN_AW_TP000293",NA,5.38459427591634,4.46633963455509,6.30390598538002
"879",24,"UKENAN_AW_TP000293",5.618672583,5.36438263018592,4.46276083201398,6.26713250125415
"880",25,"UKENAN_AW_TP000293",NA,5.3695425859584,4.44753777869832,6.2931329144353
"881",26,"UKENAN_AW_TP000293",5.051130913,5.24065502938715,4.3387506101377,6.14537394283301
"882",27,"UKENAN_AW_TP000293",NA,5.28937399244437,4.36689907728659,6.21229776724517
"883",28,"UKENAN_AW_TP000293",4.997086407,5.37694607582148,4.47420253168675,6.27913546923781
"884",29,"UKENAN_AW_TP000293",NA,5.36723720345225,4.4470904316023,6.2884591839334
"885",30,"UKENAN_AW_TP000293",5.730557293,5.31753552512614,4.41454226501317,6.22071747043599
"886",31,"UKENAN_AW_TP000293",NA,5.15997284378569,4.20062165784444,6.11676481914796
"887",32,"UKENAN_AW_TP000293",3.625659774,5.33877701063555,4.43653067885549,6.24582414773993
"888",33,"UKENAN_AW_TP000293",NA,5.2266504989128,4.31499354306791,6.13932610844916
"889",34,"UKENAN_AW_TP000293",4.155994011,5.08346860650037,4.18167421014496,5.98674866229965
"890",35,"UKENAN_AW_TP000293",NA,5.0479808689736,4.12514450816578,5.97083962509223
"891",36,"UKENAN_AW_TP000293",4.359327965,5.08821742008006,4.18651227738865,5.9911372932908
"892",37,"UKENAN_AW_TP000293",NA,5.44809794354103,4.52604263039218,6.37141111133439
"893",38,"UKENAN_AW_TP000293",5.173375723,5.44962143222479,4.54604666371948,6.35093920976256
"894",39,"UKENAN_AW_TP000293",NA,5.74583708559415,4.82381888490813,6.66999224932466
"895",40,"UKENAN_AW_TP000293",4.474597107,5.62991431145481,4.7273493384479,6.53198706203386
"896",41,"UKENAN_AW_TP000293",NA,5.76049502806811,4.83694025564794,6.68696624020428
"897",42,"UKENAN_AW_TP000293",4.346491158,5.65416585588874,4.75189385280034,6.55912712323785
"898",43,"UKENAN_AW_TP000293",NA,5.67498019638916,4.75224777377555,6.59645703072598
"899",44,"UKENAN_AW_TP000293",3.608553527,5.49457389140528,4.59168958712792,6.39902860743239
"900",45,"UKENAN_AW_TP000293",NA,5.65217417313974,4.71854271616327,6.58530433801645
"4636",1,"UKENSO_SW_TP000022",NA,4.46220101003931,3.55255138472893,5.36948858235834
"4637",2,"UKENSO_SW_TP000022",4.041991261,4.50860000358186,3.62235374456154,5.39002276356496
"4638",3,"UKENSO_SW_TP000022",NA,4.71092558428219,3.81652411865626,5.60615601993853
"4639",4,"UKENSO_SW_TP000022",4.456547982,4.69247944382761,3.80872031900852,5.57832703226176
"4640",5,"UKENSO_SW_TP000022",NA,4.86716780277476,3.96316201513522,5.77200636499329
"4641",6,"UKENSO_SW_TP000022",5.647572774,4.96492524729504,4.07973375511707,5.8476260918874
"4642",7,"UKENSO_SW_TP000022",NA,4.91489429328286,4.00538311643598,5.82580291466585
"4643",8,"UKENSO_SW_TP000022",4.880123887,4.99156492325972,4.10570206343196,5.87387726118666
"4644",9,"UKENSO_SW_TP000022",NA,5.19263359673211,4.28869257301954,6.09582325406584
"4645",10,"UKENSO_SW_TP000022",5.388491543,5.22664320394481,4.34131882606131,6.11349040989289
"4646",11,"UKENSO_SW_TP000022",NA,5.3649140814979,4.46311131225122,6.26965537943664
"4647",12,"UKENSO_SW_TP000022",5.797687704,5.41356707769021,4.52959728006488,6.29531651042241
"4648",13,"UKENSO_SW_TP000022",NA,5.31187075485099,4.41057864639911,6.21571945806945
"4649",14,"UKENSO_SW_TP000022",5.89332731,5.41430220247654,4.5318089957753,6.29585055174538
"4650",15,"UKENSO_SW_TP000022",NA,5.33265541949344,4.43099076147942,6.23673115837692
"4651",16,"UKENSO_SW_TP000022",6.120674109,5.3963182871569,4.5132563238172,6.28137304746575
"4652",17,"UKENSO_SW_TP000022",NA,5.31701819989295,4.41480798523838,6.22036254949479
"4653",18,"UKENSO_SW_TP000022",5.687088813,5.23364562979121,4.34997393009478,6.11526321292715
"4654",19,"UKENSO_SW_TP000022",NA,5.09996901446253,4.19341516746843,6.0033613268067
"4655",20,"UKENSO_SW_TP000022",6.320940884,5.179569686881,4.29501622962495,6.06044067367699
"4656",21,"UKENSO_SW_TP000022",NA,5.12592871676811,4.22388828761484,6.02845324235513
"4657",22,"UKENSO_SW_TP000022",6.416860847,5.07375898655214,4.19116157214277,5.95562790183377
"4658",23,"UKENSO_SW_TP000022",NA,5.26769077319496,4.36959712496611,6.166136155518
"4659",24,"UKENSO_SW_TP000022",5.878676556,5.23443696560556,4.35311731954954,6.11787929538638
"4660",25,"UKENSO_SW_TP000022",NA,5.2767120290743,4.37437345185611,6.18003053085868
"4661",26,"UKENSO_SW_TP000022",5.732650775,5.19632451117079,4.30976542814813,6.07796804754798
"4662",27,"UKENSO_SW_TP000022",NA,5.16333236524776,4.26214533790952,6.06549487385267
"4663",28,"UKENSO_SW_TP000022",5.872363918,5.27992105134919,4.39633597532111,6.16127100098118
"4664",29,"UKENSO_SW_TP000022",NA,5.22868250758549,4.32720941028459,6.12908739324742
"4665",30,"UKENSO_SW_TP000022",5.781402329,5.20864090036237,4.32596383306984,6.09139705063482
"4666",31,"UKENSO_SW_TP000022",NA,5.06138081998634,4.12590272553733,5.99471705786469
"4667",32,"UKENSO_SW_TP000022",5.791549827,5.15377440079863,4.2702085104383,6.04710644958585
"4668",33,"UKENSO_SW_TP000022",NA,5.10840717145846,4.2186723572293,5.99818432061328
"4669",34,"UKENSO_SW_TP000022",3.961851096,4.98637645381021,4.09987004022891,5.86937272085483
"4670",35,"UKENSO_SW_TP000022",NA,4.9185253053556,4.01489092755056,5.82191942931213
"4671",36,"UKENSO_SW_TP000022",5.115662438,4.98063069379229,4.09682918783964,5.86229688394491
"4672",37,"UKENSO_SW_TP000022",NA,5.31533169792274,4.41155956253537,6.21750871590517
"4673",38,"UKENSO_SW_TP000022",5.523394809,5.28856086057468,4.40620910514011,6.17082373641518
"4674",39,"UKENSO_SW_TP000022",NA,5.62857108355592,4.72748573859229,6.53185345808506
"4675",40,"UKENSO_SW_TP000022",5.361248486,5.48566547803357,4.6010554474137,6.36794018379958
"4676",41,"UKENSO_SW_TP000022",NA,5.63313230712279,4.72984650879143,6.53897277721193
"4677",42,"UKENSO_SW_TP000022",5.754835444,5.54745524458953,4.66480634421447,6.42982948221127
"4678",43,"UKENSO_SW_TP000022",NA,5.58413436997823,4.68495605966113,6.4837410671597
"4679",44,"UKENSO_SW_TP000022",5.230814855,5.44073810808264,4.55630991872694,6.32173487152495
"4680",45,"UKENSO_SW_TP000022",NA,5.5309458859354,4.61623798337239,6.44473769115949
"4726",1,"UKENSO_SW_TP000026",NA,4.32079236014601,3.41792464716074,5.22278531178198
"4727",2,"UKENSO_SW_TP000026",5.379070519,4.36140204684861,3.48416694840094,5.23571761896046
"4728",3,"UKENSO_SW_TP000026",NA,4.5506885127482,3.66519709589677,5.43803998771826
"4729",4,"UKENSO_SW_TP000026",5.164510424,4.51324540970987,3.63687494440735,5.39164735059947
"4730",5,"UKENSO_SW_TP000026",NA,4.72479412473055,3.82776244767026,5.62354234244602
"4731",6,"UKENSO_SW_TP000026",5.485207946,4.83586106492967,3.96012529862517,5.70939810155956
"4732",7,"UKENSO_SW_TP000026",NA,4.76228803270438,3.86080578025761,5.66582871013487
"4733",8,"UKENSO_SW_TP000026",4.516552543,4.86319988246769,3.98774255260089,5.73729552048377
"4734",9,"UKENSO_SW_TP000026",NA,5.04662094612912,4.14824423307026,5.94459303126792
"4735",10,"UKENSO_SW_TP000026",6.039952177,5.09935349589439,4.22456032456374,5.97576531746688
"4736",11,"UKENSO_SW_TP000026",NA,5.21139759556114,4.31547283158055,6.11100054391201
"4737",12,"UKENSO_SW_TP000026",6.149869857,5.26254139459234,4.38862408772703,6.13729634517988
"4738",13,"UKENSO_SW_TP000026",NA,5.15590673467858,4.26032327411928,6.054850477102
"4739",14,"UKENSO_SW_TP000026",5.145081404,5.25215518083325,4.3777401079676,6.12584273911809
"4740",15,"UKENSO_SW_TP000026",NA,5.18582938815475,4.28938156519944,6.08528152158348
"4741",16,"UKENSO_SW_TP000026",5.930412621,5.20140074768638,4.32717381318365,6.07714506760086
"4742",17,"UKENSO_SW_TP000026",NA,5.16872922319863,4.27320361380302,6.06620685732909
"4743",18,"UKENSO_SW_TP000026",5.078904704,5.06851700103687,4.19467627036369,5.94255904153741
"4744",19,"UKENSO_SW_TP000026",NA,4.97843185530341,4.0777218056577,5.8770413896021
"4745",20,"UKENSO_SW_TP000026",6.14275683,5.06663462741237,4.19021847295332,5.93999856644222
"4746",21,"UKENSO_SW_TP000026",NA,4.95098946188045,4.05489139414045,5.84830251613055
"4747",22,"UKENSO_SW_TP000026",6.083726731,4.91736785068829,4.04390785673152,5.79233170922025
"4748",23,"UKENSO_SW_TP000026",NA,5.11771795299058,4.22482838910124,6.01173835848991
"4749",24,"UKENSO_SW_TP000026",6.06735847,5.11182842990612,4.23882731937591,5.98815734085779
"4750",25,"UKENSO_SW_TP000026",NA,5.12383274516046,4.22685157993883,6.02241951073789
"4751",26,"UKENSO_SW_TP000026",5.319516807,5.03598951970364,4.15913280519434,5.90951649047828
"4752",27,"UKENSO_SW_TP000026",NA,5.01319694354417,4.11720277588495,5.9108797924804
"4753",28,"UKENSO_SW_TP000026",5.653975043,5.13046271920122,4.25594552236858,6.00462447739219
"4754",29,"UKENSO_SW_TP000026",NA,5.07541529374569,4.17860102469105,5.97112533293179
"4755",30,"UKENSO_SW_TP000026",5.856518499,5.05446840889487,4.18102750546327,5.92954035590127
"4756",31,"UKENSO_SW_TP000026",NA,4.90475736196625,3.97089776698813,5.83619407927099
"4757",32,"UKENSO_SW_TP000026",5.056185028,4.98781345771258,4.11332961955444,5.87257094654669
"4758",33,"UKENSO_SW_TP000026",NA,4.97414490966976,4.09495518460643,5.85474878220189
"4759",34,"UKENSO_SW_TP000026",4.648627627,4.8436539882953,3.96197402189412,5.72137364452948
"4760",35,"UKENSO_SW_TP000026",NA,4.76002071267501,3.86307298595866,5.65735431829758
"4761",36,"UKENSO_SW_TP000026",5.529472507,4.82020301126599,3.94564336408207,5.69365422603208
"4762",37,"UKENSO_SW_TP000026",NA,5.17938713760938,4.28195602077188,6.07697644678066
"4763",38,"UKENSO_SW_TP000026",5.220025359,5.13322951864951,4.25906021159192,6.0074649287534
"4764",39,"UKENSO_SW_TP000026",NA,5.47961105685936,4.58314197700173,6.37846217789815
"4765",40,"UKENSO_SW_TP000026",5.418227164,5.33558324557696,4.46107142944303,6.21059902347856
"4766",41,"UKENSO_SW_TP000026",NA,5.46880534311619,4.57239308941159,6.36810112178023
"4767",42,"UKENSO_SW_TP000026",5.706720922,5.42124600241124,4.54663434346854,6.2954060716512
"4768",43,"UKENSO_SW_TP000026",NA,5.43601749324817,4.54197138880153,6.33065312135562
"4769",44,"UKENSO_SW_TP000026",4.870893425,5.30060858538223,4.42362381545184,6.1739691774872
"4770",45,"UKENSO_SW_TP000026",NA,5.3833240041179,4.47210758753679,6.2929984070859
"4771",1,"UKENSO_SW_TP000028",NA,4.4280134713045,3.50370258013039,5.34992226705379
"4772",2,"UKENSO_SW_TP000028",3.825901346,4.46093642664844,3.55695750411705,5.3612408725181
"4773",3,"UKENSO_SW_TP000028",NA,4.67206692028142,3.76268447767696,5.5819430765867
"4774",4,"UKENSO_SW_TP000028",5.003132691,4.65594226440788,3.7538446546443,5.55929672056779
"4775",5,"UKENSO_SW_TP000028",NA,4.82846194526015,3.91055854534958,5.74707154947792
"4776",6,"UKENSO_SW_TP000028",5.447675584,4.92332806222649,4.02073444176968,5.8238940726028
"4777",7,"UKENSO_SW_TP000028",NA,4.87056033444721,3.94694851377114,5.79499930825232
"4778",8,"UKENSO_SW_TP000028",4.289523169,4.94361214863122,4.04057994452176,5.84398481904493
"4779",9,"UKENSO_SW_TP000028",NA,5.15358899666106,4.23557056905362,6.07080907335103
"4780",10,"UKENSO_SW_TP000028",5.364265109,5.20932393340807,4.30661077259796,6.11287946187996
"4781",11,"UKENSO_SW_TP000028",NA,5.32573472435135,4.40952802500235,6.24443518209096
"4782",12,"UKENSO_SW_TP000028",5.738509477,5.36470514231394,4.46300521239063,6.26475919432415
"4783",13,"UKENSO_SW_TP000028",NA,5.27348225511108,4.35776554598777,6.19108435410351
"4784",14,"UKENSO_SW_TP000028",5.343827869,5.36300591978806,4.46255856628672,6.2630452713715
"4785",15,"UKENSO_SW_TP000028",NA,5.29632017913158,4.38025835140112,6.21436734678039
"4786",16,"UKENSO_SW_TP000028",5.5321194,5.34756847229237,4.44663380748923,6.25001918387154
"4787",17,"UKENSO_SW_TP000028",NA,5.277547636439,4.36082349494886,6.19506704576267
"4788",18,"UKENSO_SW_TP000028",5.2260185,5.18578815508795,4.28443008225586,6.08568898379961
"4789",19,"UKENSO_SW_TP000028",NA,5.07062835422139,4.1501620112765,5.98819151006252
"4790",20,"UKENSO_SW_TP000028",6.034126175,5.14303991135042,4.23991615403717,6.04263669881247
"4791",21,"UKENSO_SW_TP000028",NA,5.07757010985214,4.16129863741371,5.99443963507334
"4792",22,"UKENSO_SW_TP000028",4.967457625,5.03651338180311,4.13582070077998,5.93661147775667
"4793",23,"UKENSO_SW_TP000028",NA,5.22601307222672,4.31330577115876,6.13920465159932
"4794",24,"UKENSO_SW_TP000028",6.437397017,5.20627829096819,4.30618859323259,6.10706429196949
"4795",25,"UKENSO_SW_TP000028",NA,5.23606482341102,4.31935404815887,6.15353781593044
"4796",26,"UKENSO_SW_TP000028",5.623709919,5.14037247864307,4.2363771454615,6.04042153291659
"4797",27,"UKENSO_SW_TP000028",NA,5.13133428861599,4.21527078935729,6.04766858607237
"4798",28,"UKENSO_SW_TP000028",5.42567977,5.23604107120047,4.33443413532649,6.13586881578329
"4799",29,"UKENSO_SW_TP000028",NA,5.1848281618063,4.26839579649125,6.10004754706505
"4800",30,"UKENSO_SW_TP000028",5.720877958,5.16247380586896,4.26137799794679,6.06312830020936
"4801",31,"UKENSO_SW_TP000028",NA,5.01667724590168,4.06437936428832,5.96643915115606
"4802",32,"UKENSO_SW_TP000028",5.431117913,5.13403191437222,4.23313118322033,6.04228688764037
"4803",33,"UKENSO_SW_TP000028",NA,5.07121649798066,4.16621330377672,5.97608133919282
"4804",34,"UKENSO_SW_TP000028",3.540097578,4.94357749489114,4.03886456326092,5.84502048525812
"4805",35,"UKENSO_SW_TP000028",NA,4.87872384672266,3.96097345338925,5.79590312297971
"4806",36,"UKENSO_SW_TP000028",5.564574036,4.93631595124345,4.03473195686394,5.83612894873279
"4807",37,"UKENSO_SW_TP000028",NA,5.2760626657322,4.35755505602838,6.19318356336136
"4808",38,"UKENSO_SW_TP000028",6.101452451,5.25345823503085,4.35305526109767,6.15367396251867
"4809",39,"UKENSO_SW_TP000028",NA,5.58747220108536,4.67166223765575,6.50534355375505
"4810",40,"UKENSO_SW_TP000028",4.901093247,5.44500440105329,4.54286021296965,6.34564726193105
"4811",41,"UKENSO_SW_TP000028",NA,5.58436317774161,4.66784538725158,6.50317176980424
"4812",42,"UKENSO_SW_TP000028",5.930622022,5.51654931368895,4.61565174981498,6.41686672535314
"4813",43,"UKENSO_SW_TP000028",NA,5.54575910470421,4.63234669916448,6.45963526182824
"4814",44,"UKENSO_SW_TP000028",5.173384804,5.40383601811561,4.50092771281172,6.3034706873452
"4815",45,"UKENSO_SW_TP000028",NA,5.48996040695676,4.55982342845059,6.41885318347872
"4861",1,"UKENSO_SW_TP000033",NA,4.28510307579058,3.38327129142327,5.18518548019016
"4862",2,"UKENSO_SW_TP000033",3.951674737,4.34102002370081,3.46630035891671,5.21160601056774
"4863",3,"UKENSO_SW_TP000033",NA,4.52837619824437,3.64336174389589,5.41483680487181
"4864",4,"UKENSO_SW_TP000033",5.698332003,4.48780034868292,3.61547224823241,5.36186853492958
"4865",5,"UKENSO_SW_TP000033",NA,4.6939015261752,3.79831781514789,5.59065996421192
"4866",6,"UKENSO_SW_TP000033",5.781214605,4.80181992727012,3.92917828376993,5.67203668834876
"4867",7,"UKENSO_SW_TP000033",NA,4.73878071840856,3.83875796003582,5.64064821439581
"4868",8,"UKENSO_SW_TP000033",4.310292572,4.83663089484277,3.96337329153035,5.70734952099855
"4869",9,"UKENSO_SW_TP000033",NA,5.01758072409072,4.12092422406121,5.91354290982457
"4870",10,"UKENSO_SW_TP000033",4.659071649,5.04022015008233,4.1662503929221,5.91482752883019
"4871",11,"UKENSO_SW_TP000033",NA,5.18626225740368,4.29225107620012,6.08355206973971
"4872",12,"UKENSO_SW_TP000033",6.026918932,5.24473150395103,4.37356579758192,6.11574009331817
"4873",13,"UKENSO_SW_TP000033",NA,5.12626376835545,4.23241874617471,6.02331864157085
"4874",14,"UKENSO_SW_TP000033",5.071730273,5.23588369669096,4.36463038813752,6.10625892032747
"4875",15,"UKENSO_SW_TP000033",NA,5.15425148540016,4.25982602475926,6.05148169050759
"4876",16,"UKENSO_SW_TP000033",5.833731998,5.20544175741018,4.33530063861171,6.07827552580508
"4877",17,"UKENSO_SW_TP000033",NA,5.14201909998008,4.24814177555735,6.03760662350225
"4878",18,"UKENSO_SW_TP000033",5.101699288,5.05835544433789,4.1874017379084,5.92880188364311
"4879",19,"UKENSO_SW_TP000033",NA,4.92910378330749,4.02958045580239,5.82596748848164
"4880",20,"UKENSO_SW_TP000033",5.572197045,5.02368856542453,4.15092342084139,5.89352322849036
"4881",21,"UKENSO_SW_TP000033",NA,4.94429557958408,4.0501802067779,5.83959951018897
"4882",22,"UKENSO_SW_TP000033",5.838681384,4.88848451078269,4.01803087962066,5.75943820584197
"4883",23,"UKENSO_SW_TP000033",NA,5.09299067755992,4.20217426025134,5.98451260690134
"4884",24,"UKENSO_SW_TP000033",5.178676644,5.06675280377295,4.19727968342464,5.93985414355304
"4885",25,"UKENSO_SW_TP000033",NA,5.09917953177385,4.20435085358188,5.99534386825818
"4886",26,"UKENSO_SW_TP000033",5.228367958,5.02331420602031,4.1485835576164,5.89373378078836
"4887",27,"UKENSO_SW_TP000033",NA,4.97985324202309,4.08579780141239,5.87494490313726
"4888",28,"UKENSO_SW_TP000033",5.371284224,5.10722766767157,4.23552390042498,5.97751823571812
"4889",29,"UKENSO_SW_TP000033",NA,5.05496343823594,4.1600937762774,5.94864572217994
"4890",30,"UKENSO_SW_TP000033",5.608938926,5.03678043240684,4.1661372987142,5.90873224363394
"4891",31,"UKENSO_SW_TP000033",NA,4.88194464682906,3.95332503741952,5.80844612641971
"4892",32,"UKENSO_SW_TP000033",4.872364371,4.95639895790517,4.08346734694157,5.8396782997831
"4893",33,"UKENSO_SW_TP000033",NA,4.9377727908354,4.0586184700495,5.81728493018038
"4894",34,"UKENSO_SW_TP000033",4.632608915,4.8127398001402,3.9359319153471,5.68583140415007
"4895",35,"UKENSO_SW_TP000033",NA,4.73702525476203,3.84179661429492,5.63258041126889
"4896",36,"UKENSO_SW_TP000033",5.419527896,4.79851485409769,3.92690235861285,5.66844928431733
"4897",37,"UKENSO_SW_TP000033",NA,5.14753517833036,4.25151282887081,6.0427022518416
"4898",38,"UKENSO_SW_TP000033",5.221967775,5.09797881101433,4.22652872367781,5.96838201042621
"4899",39,"UKENSO_SW_TP000033",NA,5.45350264512717,4.55918843998784,6.35008421843576
"4900",40,"UKENSO_SW_TP000033",6.234145733,5.31018257406369,4.43761537101476,6.18121110957708
"4901",41,"UKENSO_SW_TP000033",NA,5.45560495534063,4.56064101669694,6.35348178626192
"4902",42,"UKENSO_SW_TP000033",5.845493328,5.37995766301198,4.50894096570846,6.25060672192915
"4903",43,"UKENSO_SW_TP000033",NA,5.40183847152261,4.50976563301693,6.29417782230768
"4904",44,"UKENSO_SW_TP000033",4.755546388,5.26846911204804,4.39497671133333,6.13826730120056
"4905",45,"UKENSO_SW_TP000033",NA,5.35705957984092,4.44929761628739,6.26345495419911
"3646",1,"UKENNW_UU_TP000038",3.517387493,4.36845075223602,3.46561948068029,5.27262291854602
"3647",2,"UKENNW_UU_TP000038",NA,4.48168151464419,3.60291649476584,5.35978270165316
"3648",3,"UKENNW_UU_TP000038",4.546097953,4.63690590733008,3.74605655890548,5.52887063717068
"3649",4,"UKENNW_UU_TP000038",NA,4.65411746453367,3.77592919482919,5.53197640125928
"3650",5,"UKENNW_UU_TP000038",4.536069896,4.79284545090752,3.89291521615856,5.69351667761042
"3651",6,"UKENNW_UU_TP000038",NA,4.948807066953,4.0730269862189,5.82506151430487
"3652",7,"UKENNW_UU_TP000038",NA,4.85795427990815,3.95390000641298,5.76296211394059
"3653",8,"UKENNW_UU_TP000038",5.478229013,4.80852851602926,3.93182047826037,5.68587165459555
"3654",9,"UKENNW_UU_TP000038",5.496945077,5.09671591566844,4.19697302702529,5.99820450884546
"3655",10,"UKENNW_UU_TP000038",NA,5.22374040401529,4.34962589126775,6.09925808825125
"3656",11,"UKENNW_UU_TP000038",5.577704468,5.34211858179806,4.44342069717272,6.24192163996407
"3657",12,"UKENNW_UU_TP000038",NA,5.2694347220928,4.3934237611847,6.14648178438321
"3658",13,"UKENNW_UU_TP000038",5.183799771,5.25045995385844,4.34900774954174,6.15257836761029
"3659",14,"UKENNW_UU_TP000038",NA,5.27683796751708,4.40241347878015,6.15367285438389
"3660",15,"UKENNW_UU_TP000038",5.610777716,5.20651077489599,4.30859351514549,6.10606964037754
"3661",16,"UKENNW_UU_TP000038",NA,5.25219028521499,4.3745530987475,6.13208195191858
"3662",17,"UKENNW_UU_TP000038",5.369091834,5.18046150136881,4.28809898337545,6.0732518131157
"3663",18,"UKENNW_UU_TP000038",NA,5.07171239981802,4.19629850618399,5.94814167503427
"3664",19,"UKENNW_UU_TP000038",6.117143876,4.85869699984392,3.95766885043198,5.76100240810106
"3665",20,"UKENNW_UU_TP000038",NA,5.08677020850173,4.2115679887911,5.96334708136176
"3666",21,"UKENNW_UU_TP000038",4.901995562,4.96145536590095,4.06208049600159,5.86194599411933
"3667",22,"UKENNW_UU_TP000038",NA,4.91852044834075,4.04231995865427,5.79775940721477
"3668",23,"UKENNW_UU_TP000038",5.915088245,5.12760116094961,4.23488009160337,6.02239911670479
"3669",24,"UKENNW_UU_TP000038",NA,5.13091440715299,4.25499148450306,6.00670026602041
"3670",25,"UKENNW_UU_TP000038",5.074304826,5.14755449267611,4.24653874976304,6.04921705065014
"3671",26,"UKENNW_UU_TP000038",NA,4.97530788772277,4.10018929348269,5.85231845126337
"3672",27,"UKENNW_UU_TP000038",5.026691292,5.01159760993093,4.11256611456141,5.91211837146316
"3673",28,"UKENNW_UU_TP000038",NA,5.10400834253753,4.22821249086169,5.98074653049377
"3674",29,"UKENNW_UU_TP000038",5.265005863,5.0869600431628,4.19030712408055,5.98602241800266
"3675",30,"UKENNW_UU_TP000038",NA,4.97084534289446,4.0934756078373,5.84846244651546
"3676",31,"UKENNW_UU_TP000038",NA,5.01037439692219,4.08733729329404,5.93344171977381
"3677",32,"UKENNW_UU_TP000038",5.395559046,5.19369847020207,4.30497731805966,6.07843390056755
"3678",33,"UKENNW_UU_TP000038",4.704684399,5.00368501378367,4.12507596710132,5.88251522198226
"3679",34,"UKENNW_UU_TP000038",NA,4.66061628254422,3.78297140790759,5.53927375794808
"3680",35,"UKENNW_UU_TP000038",NA,4.77255133076437,3.87374689616929,5.67109058867007
"3681",36,"UKENNW_UU_TP000038",3.621433394,4.91439492535488,4.03968141325011,5.7884086468661
"3682",37,"UKENNW_UU_TP000038",5.705521515,5.25153997009714,4.35503389800244,6.14843999800994
"3683",38,"UKENNW_UU_TP000038",NA,5.33681704201185,4.45976685724678,6.21242019381606
"3684",39,"UKENNW_UU_TP000038",NA,5.50096078734646,4.60642871881155,6.39515976181677
"3685",40,"UKENNW_UU_TP000038",6.676019086,5.39693964630674,4.5174988015433,6.27346561881753
"3686",41,"UKENNW_UU_TP000038",5.513707596,5.48009552195779,4.58537306383007,6.37549411315442
"3687",42,"UKENNW_UU_TP000038",NA,5.52164885348085,4.64437921910541,6.39714756310273
"3688",43,"UKENNW_UU_TP000038",5.214547763,5.46083409069944,4.57021069543314,6.35152995294671
"3689",44,"UKENNW_UU_TP000038",NA,5.31301284221403,4.43617710548015,6.18896699238828
"3690",45,"UKENNW_UU_TP000038",NA,5.47584266217949,4.57146878123455,6.37867940549243
"3691",1,"UKENNW_UU_TP000047",NA,4.38417778086853,3.48172476007976,5.28729845188402
"3692",2,"UKENNW_UU_TP000047",NA,4.50432159850322,3.62785258963878,5.38040538925874
"3693",3,"UKENNW_UU_TP000047",NA,4.63799494841787,3.75095316201882,5.52507561816901
"3694",4,"UKENNW_UU_TP000047",NA,4.68533377348809,3.80457286197722,5.56567065799908
"3695",5,"UKENNW_UU_TP000047",NA,4.82813131592442,3.92928644190286,5.72826522047985
"3696",6,"UKENNW_UU_TP000047",NA,4.94895950736016,4.07464935639177,5.82457275074754
"3697",7,"UKENNW_UU_TP000047",NA,4.87068820817575,3.9581303255572,5.78397777406918
"3698",8,"UKENNW_UU_TP000047",NA,4.87354301460194,3.99800828526435,5.75087667944279
"3699",9,"UKENNW_UU_TP000047",5.020936153,5.12199097239187,4.22503722174814,6.02119773928309
"3700",10,"UKENNW_UU_TP000047",5.37041574,5.20020077920914,4.32639656938794,6.07606508892946
"3701",11,"UKENNW_UU_TP000047",NA,5.34496301731255,4.44641664942656,6.24471030868585
"3702",12,"UKENNW_UU_TP000047",NA,5.28477752074459,4.41059797538254,6.16092988324341
"3703",13,"UKENNW_UU_TP000047",5.628974958,5.27872383989357,4.37885842876459,6.18000113031651
"3704",14,"UKENNW_UU_TP000047",6.153849286,5.29795057207559,4.42401928425819,6.17447210300529
"3705",15,"UKENNW_UU_TP000047",NA,5.24282321745259,4.34546618878645,6.14228708483738
"3706",16,"UKENNW_UU_TP000047",5.751506173,5.25103219329705,4.37545529525051,6.12899366420261
"3707",17,"UKENNW_UU_TP000047",NA,5.22901911724575,4.33665023468177,6.12330383767488
"3708",18,"UKENNW_UU_TP000047",6.097648224,5.09802734050365,4.22382568809651,5.97338288000136
"3709",19,"UKENNW_UU_TP000047",NA,4.81458240893779,3.91289130102687,5.71632325353359
"3710",20,"UKENNW_UU_TP000047",5.730880698,5.15130652390953,4.27685106988394,6.02664232027604
"3711",21,"UKENNW_UU_TP000047",NA,4.9631910320956,4.06468231513404,5.86245113154927
"3712",22,"UKENNW_UU_TP000047",5.450004257,4.95945231071968,4.08488409681022,5.83682960349035
"3713",23,"UKENNW_UU_TP000047",NA,5.14685731639401,4.253114359911,6.04354678231915
"3714",24,"UKENNW_UU_TP000047",5.049301785,5.10311584581402,4.22726337200711,5.97756763252713
"3715",25,"UKENNW_UU_TP000047",NA,5.16408556144309,4.26260713625191,6.06561594668668
"3716",26,"UKENNW_UU_TP000047",5.390594306,5.00597908780168,4.13144884539848,5.88072290064433
"3717",27,"UKENNW_UU_TP000047",NA,5.01946950922028,4.12061492087712,5.92033220072937
"3718",28,"UKENNW_UU_TP000047",NA,4.99109813436784,4.11234453829476,5.86790776657547
"3719",29,"UKENNW_UU_TP000047",6.263781001,5.06696411107228,4.16964397336986,5.96451129540725
"3720",30,"UKENNW_UU_TP000047",5.696395833,4.92549884560126,4.0475906707854,5.80201725596316
"3721",31,"UKENNW_UU_TP000047",NA,5.03566786953479,4.12847902092786,5.942804267283
"3722",32,"UKENNW_UU_TP000047",NA,5.22405853278724,4.34061519239356,6.10476233427239
"3723",33,"UKENNW_UU_TP000047",5.633835085,5.00571829156587,4.13992967455838,5.8704926626544
"3724",34,"UKENNW_UU_TP000047",5.346022465,4.66668686359275,3.79200566623727,5.54016197290217
"3725",35,"UKENNW_UU_TP000047",NA,4.79830414762605,3.91392711051808,5.68159494989499
"3726",36,"UKENNW_UU_TP000047",5.877122572,4.8626167260002,3.98721563411645,5.7342008049449
"3727",37,"UKENNW_UU_TP000047",NA,5.3034081300732,4.4207400268388,6.1866327896661
"3728",38,"UKENNW_UU_TP000047",6.299775535,5.41377150315387,4.53971146309529,6.28735484183393
"3729",39,"UKENNW_UU_TP000047",NA,5.55006746529255,4.66914075442391,6.43135016997759
"3730",40,"UKENNW_UU_TP000047",6.502062035,5.49115343450594,4.61694069959464,6.36402287112251
"3731",41,"UKENNW_UU_TP000047",NA,5.5048532383988,4.62255326706729,6.38746439783835
"3732",42,"UKENNW_UU_TP000047",6.399324394,5.60662233381495,4.73230104541572,6.48008178675326
"3733",43,"UKENNW_UU_TP000047",NA,5.47323100059655,4.59671484774239,6.34989132610575
"3734",44,"UKENNW_UU_TP000047",6.792277294,5.41162582977242,4.53599019453238,6.28787492908708
"3735",45,"UKENNW_UU_TP000047",NA,5.53735328448714,4.64668948669295,6.4274446464689
"5716",1,"UKENSW_WXW_TP000101",NA,4.60769439688448,3.6817094804319,5.5329294532494
"5717",2,"UKENSW_WXW_TP000101",4.929792937,4.59190032799984,3.68991650761957,5.49590348491106
"5718",3,"UKENSW_WXW_TP000101",NA,4.90715943875801,3.99245891552518,5.82108190965864
"5719",4,"UKENSW_WXW_TP000101",4.612899367,4.7676376406206,3.86533920079955,5.67214936786865
"5720",5,"UKENSW_WXW_TP000101",NA,4.96991502663898,4.04966297944462,5.89245926702742
"5721",6,"UKENSW_WXW_TP000101",4.941248365,5.13030981984996,4.22829971355715,6.03282669812454
"5722",7,"UKENSW_WXW_TP000101",NA,5.06472188337955,4.14050714913345,5.99019794032697
"5723",8,"UKENSW_WXW_TP000101",5.495414767,5.06075500352729,4.15942664794925,5.96327262028741
"5724",9,"UKENSW_WXW_TP000101",NA,5.36736396261383,4.44590143442248,6.2887805164457
"5725",10,"UKENSW_WXW_TP000101",5.828897656,5.4622945658927,4.55994118438743,6.36403376383107
"5726",11,"UKENSW_WXW_TP000101",NA,5.57472612683661,4.65402885295477,6.49748811856175
"5727",12,"UKENSW_WXW_TP000101",5.832862569,5.51396477586679,4.61152455432401,6.41578308615407
"5728",13,"UKENSW_WXW_TP000101",NA,5.44605804645254,4.51958831953162,6.37289783373638
"5729",14,"UKENSW_WXW_TP000101",5.844773009,5.4588047551228,4.5574360367259,6.36330871568344
"5730",15,"UKENSW_WXW_TP000101",NA,5.45109023615224,4.53016531045276,6.37345066022067
"5731",16,"UKENSW_WXW_TP000101",5.683826217,5.54859957227851,4.64733069391035,6.45004040026735
"5732",17,"UKENSW_WXW_TP000101",NA,5.42272890908552,4.50374069707281,6.34340169829801
"5733",18,"UKENSW_WXW_TP000101",6.005029456,5.31598250252561,4.41425557435146,6.21727319152917
"5734",19,"UKENSW_WXW_TP000101",NA,5.16638425637433,4.24350171908867,6.08908775825186
"5735",20,"UKENSW_WXW_TP000101",5.697148027,5.32840361272056,4.4261781950855,6.23007901380732
"5736",21,"UKENSW_WXW_TP000101",NA,5.30132972673261,4.38137537094049,6.22082597948742
"5737",22,"UKENSW_WXW_TP000101",5.551496877,5.23966053634717,4.33602335578788,6.14164606165596
"5738",23,"UKENSW_WXW_TP000101",NA,5.37565173911318,4.45890988337092,6.29297841864008
"5739",24,"UKENSW_WXW_TP000101",5.948370851,5.39003733650288,4.4876614567263,6.29206248454905
"5740",25,"UKENSW_WXW_TP000101",NA,5.37207443342914,4.45111349594502,6.29415299478724
"5741",26,"UKENSW_WXW_TP000101",5.993823871,5.2886344659425,4.38549855218454,6.19121712806451
"5742",27,"UKENSW_WXW_TP000101",NA,5.27894377931307,4.35685865139042,6.20111827728939
"5743",28,"UKENSW_WXW_TP000101",5.93280799,5.40211327679295,4.49878071634642,6.30572263946707
"5744",29,"UKENSW_WXW_TP000101",NA,5.35245363935743,4.4340082792591,6.27210181788206
"5745",30,"UKENSW_WXW_TP000101",5.142533939,5.32561818623176,4.42368422476236,6.22767933774349
"5746",31,"UKENSW_WXW_TP000101",NA,5.20613486186108,4.24961754639323,6.16176174174692
"5747",32,"UKENSW_WXW_TP000101",4.777570505,5.25628857169207,4.35151854031726,6.16229778086683
"5748",33,"UKENSW_WXW_TP000101",NA,5.20281520477394,4.29312443641811,6.11409729000933
"5749",34,"UKENSW_WXW_TP000101",4.182167205,5.05567649584271,4.15244304660161,5.95823676317916
"5750",35,"UKENSW_WXW_TP000101",NA,4.99170067996888,4.07169506248792,5.91214423837313
"5751",36,"UKENSW_WXW_TP000101",4.547756214,5.05997398857749,4.15865950359107,5.9631439292148
"5752",37,"UKENSW_WXW_TP000101",NA,5.42183163711478,4.50157398512286,6.34333760119159
"5753",38,"UKENSW_WXW_TP000101",5.132743272,5.46180475807314,4.55966762539846,6.36430241855729
"5754",39,"UKENSW_WXW_TP000101",NA,5.69044058749735,4.77130613150065,6.611792046891
"5755",40,"UKENSW_WXW_TP000101",5.752937494,5.56757779695806,4.66437957245745,6.47172127297382
"5756",41,"UKENSW_WXW_TP000101",NA,5.72884628875291,4.80888453059458,6.64963549096103
"5757",42,"UKENSW_WXW_TP000101",5.159653104,5.60361269911677,4.70084398402633,6.50880817400852
"5758",43,"UKENSW_WXW_TP000101",NA,5.68489554085738,4.76483426256986,6.60751056135556
"5759",44,"UKENSW_WXW_TP000101",5.693217854,5.48980645359536,4.58822789967985,6.39200709413076
"5760",45,"UKENSW_WXW_TP000101",NA,5.66533502456292,4.73078947354178,6.6010013821542
"1081",1,"UKENMI_ST_TP000036",NA,4.30730931203894,3.39473597004637,5.21993720261275
"1082",2,"UKENMI_ST_TP000036",5.60796606,4.41388546431649,3.53319486114055,5.29315345926643
"1083",3,"UKENMI_ST_TP000036",NA,4.61341176681122,3.71236960442334,5.51410494088309
"1084",4,"UKENMI_ST_TP000036",6.009245757,4.57045417915673,3.69203653680191,5.44654233591073
"1085",5,"UKENMI_ST_TP000036",5.261092646,4.7531253417893,3.84265384386939,5.66327012561601
"1086",6,"UKENMI_ST_TP000036",NA,4.8949360907877,4.01686791101414,5.76980921485601
"1087",7,"UKENMI_ST_TP000036",NA,4.83931724673014,3.9273754353464,5.75087842319182
"1088",8,"UKENMI_ST_TP000036",5.603922486,4.80295603484814,3.92636388560661,5.67817189202888
"1089",9,"UKENMI_ST_TP000036",NA,5.07232830056606,4.16350650106728,5.98184267620309
"1090",10,"UKENMI_ST_TP000036",5.97554878,5.22943471852502,4.35120843363171,6.10392338911415
"1091",11,"UKENMI_ST_TP000036",NA,5.32386489805394,4.4153464215552,6.23166175735167
"1092",12,"UKENMI_ST_TP000036",4.697175954,5.24944133589014,4.36932280214771,6.12651086348783
"1093",13,"UKENMI_ST_TP000036",NA,5.26728377392945,4.36087521683214,6.17336910754375
"1094",14,"UKENMI_ST_TP000036",5.739287456,5.2333788531777,4.35599614756733,6.11166687645884
"1095",15,"UKENMI_ST_TP000036",NA,5.17800165620097,4.2699346351924,6.08649109111252
"1096",16,"UKENMI_ST_TP000036",5.823519646,5.26574715097971,4.38578390487485,6.14370107845816
"1097",17,"UKENMI_ST_TP000036",NA,5.17390633395941,4.26998384358903,6.07800354372606
"1098",18,"UKENMI_ST_TP000036",NA,5.1030830978859,4.22581389307955,5.98014660483213
"1099",19,"UKENMI_ST_TP000036",5.336030717,4.91041962746511,3.9994733396329,5.82138811776412
"1100",20,"UKENMI_ST_TP000036",4.968632522,4.90693248282004,4.02881383720626,5.78511900967558
"1101",21,"UKENMI_ST_TP000036",NA,4.96659403725472,4.05485872326198,5.87890064239332
"1102",22,"UKENMI_ST_TP000036",5.005522804,4.83990148812062,3.96124842487346,5.71994932727746
"1103",23,"UKENMI_ST_TP000036",NA,5.11096016972763,4.21178880326216,6.00992046329598
"1104",24,"UKENMI_ST_TP000036",5.72910528,5.16411710957029,4.28696910902066,6.04035779217155
"1105",25,"UKENMI_ST_TP000036",NA,5.1070309147361,4.19709811701936,6.01705345832417
"1106",26,"UKENMI_ST_TP000036",5.967631239,4.93005221562218,4.05304791483677,5.80617460229301
"1107",27,"UKENMI_ST_TP000036",NA,5.01593903167458,4.10610906849246,5.92633455245488
"1108",28,"UKENMI_ST_TP000036",5.272134159,5.18279881788471,4.30641623604577,6.05897538789721
"1109",29,"UKENMI_ST_TP000036",NA,5.04106679688065,4.13329357337781,5.95062305589863
"1110",30,"UKENMI_ST_TP000036",6.11103518,5.05119775722729,4.17446079469634,5.92866751075906
"1111",31,"UKENMI_ST_TP000036",NA,4.97897997438189,4.03689018452086,5.92031746213775
"1112",32,"UKENMI_ST_TP000036",NA,5.19770933599211,4.31401753397357,6.07864490250684
"1113",33,"UKENMI_ST_TP000036",5.858323354,4.97367050225869,4.08527674474,5.86200043117976
"1114",34,"UKENMI_ST_TP000036",5.728211861,4.55302313905877,3.67318054872516,5.43332634093283
"1115",35,"UKENMI_ST_TP000036",NA,4.72628557610012,3.81441304183617,5.63771844379252
"1116",36,"UKENMI_ST_TP000036",5.844832673,4.81515742749197,3.9384526394253,5.69134961860936
"1117",37,"UKENMI_ST_TP000036",NA,5.16805923056181,4.25709261945309,6.07818155312204
"1118",38,"UKENMI_ST_TP000036",5.441306324,5.2134024993578,4.33696319901917,6.08984631301616
"1119",39,"UKENMI_ST_TP000036",NA,5.48247932692088,4.57348815134092,6.39101717802917
"1120",40,"UKENMI_ST_TP000036",6.88762251,5.37350707248769,4.49744407118646,6.24940011043519
"1121",41,"UKENMI_ST_TP000036",NA,5.44750080887688,4.53884090140089,6.35676066301582
"1122",42,"UKENMI_ST_TP000036",6.22394683,5.43233452839893,4.55450080878757,6.30784008259097
"1123",43,"UKENMI_ST_TP000036",NA,5.45376490080627,4.54619974777255,6.36001643970858
"1124",44,"UKENMI_ST_TP000036",5.737415585,5.21151690883677,4.33462127202569,6.08709956943847
"1125",45,"UKENMI_ST_TP000036",NA,5.44665872268875,4.52425853122767,6.36743471680751
"1936",1,"UKENMI_ST_TP000207",NA,4.2854582463786,3.3701645757933,5.20166777807028
"1937",2,"UKENMI_ST_TP000207",3.67016313,4.38184588937168,3.49098172501411,5.27008361659631
"1938",3,"UKENMI_ST_TP000207",NA,4.57231178838473,3.6683564449016,5.47668486298915
"1939",4,"UKENMI_ST_TP000207",4.246345039,4.55969219704815,3.67117567695825,5.44661983493382
"1940",5,"UKENMI_ST_TP000207",NA,4.71592816562221,3.8031212951415,5.62823587630881
"1941",6,"UKENMI_ST_TP000207",4.105064247,4.86427141550165,3.97653702907064,5.7502853519165
"1942",7,"UKENMI_ST_TP000207",NA,4.79018907237663,3.87495132793661,5.70538102672665
"1943",8,"UKENMI_ST_TP000207",4.586624234,4.73041079339437,3.84284463282807,5.61732207538941
"1944",9,"UKENMI_ST_TP000207",NA,5.03592690005329,4.12388630062373,5.94949669889152
"1945",10,"UKENMI_ST_TP000207",4.255656494,5.17465398325981,4.28794633871817,6.06004449180658
"1946",11,"UKENMI_ST_TP000207",NA,5.27831591631697,4.36667767319131,6.18948069359981
"1947",12,"UKENMI_ST_TP000207",3.147229912,5.22027417856122,4.33197434319711,6.1077983342454
"1948",13,"UKENMI_ST_TP000207",NA,5.19552127103986,4.28437486847815,6.10624094950538
"1949",14,"UKENMI_ST_TP000207",4.903281359,5.20407849361482,4.31781978087094,6.09209715747471
"1950",15,"UKENMI_ST_TP000207",NA,5.13688091550592,4.22652979476262,6.04844971072661
"1951",16,"UKENMI_ST_TP000207",4.022941256,5.20065162327209,4.31190228366045,6.09033142038545
"1952",17,"UKENMI_ST_TP000207",NA,5.12455504450316,4.21960669290931,6.02995142960135
"1953",18,"UKENMI_ST_TP000207",4.946269502,5.01874785129684,4.13225729010394,5.90552194571364
"1954",19,"UKENMI_ST_TP000207",NA,4.84155427308273,3.92969752679733,5.7550453664718
"1955",20,"UKENMI_ST_TP000207",3.390709141,4.94553053913012,4.05931018845279,5.83439560796169
"1956",21,"UKENMI_ST_TP000207",NA,4.91725628267807,4.0054333094264,5.83110289966489
"1957",22,"UKENMI_ST_TP000207",4.860200492,4.82049572033062,3.93332256485239,5.71119188160933
"1958",23,"UKENMI_ST_TP000207",NA,5.06082396160178,4.15771108037455,5.9648347274129
"1959",24,"UKENMI_ST_TP000207",4.544578448,5.09643410301971,4.20945341098442,5.98316371206585
"1960",25,"UKENMI_ST_TP000207",NA,5.06765739458661,4.15554204884129,5.98028559126551
"1961",26,"UKENMI_ST_TP000207",5.089003732,4.90817903126791,4.02196957778309,5.7971924106725
"1962",27,"UKENMI_ST_TP000207",NA,4.96091370971124,4.04908471777311,5.87397399500363
"1963",28,"UKENMI_ST_TP000207",4.884056367,5.09749594636019,4.2111671732279,5.98377749346128
"1964",29,"UKENMI_ST_TP000207",NA,5.01418444848133,4.10527023362446,5.92605090548993
"1965",30,"UKENMI_ST_TP000207",4.832267701,4.98698330378953,4.10036530456055,5.87454052161556
"1966",31,"UKENMI_ST_TP000207",NA,4.93927856179649,3.99878104275693,5.8792768440982
"1967",32,"UKENMI_ST_TP000207",5.372254395,5.12378501344275,4.22374675900538,6.01730218349221
"1968",33,"UKENMI_ST_TP000207",NA,4.93693381612056,4.04369800310191,5.82991371461265
"1969",34,"UKENMI_ST_TP000207",4.667304857,4.58734257108667,3.69851316756587,5.47966974139531
"1970",35,"UKENMI_ST_TP000207",NA,4.69425002894909,3.7813824882133,5.60700148594596
"1971",36,"UKENMI_ST_TP000207",4.56159372,4.80545225240894,3.91911587800828,5.69091074795357
"1972",37,"UKENMI_ST_TP000207",NA,5.1472364512003,4.23541384143978,6.05900735576782
"1973",38,"UKENMI_ST_TP000207",5.014250283,5.20437409715441,4.31741847255109,6.09009375563327
"1974",39,"UKENMI_ST_TP000207",NA,5.43125976114144,4.52143809751063,6.34041059938552
"1975",40,"UKENMI_ST_TP000207",4.504066877,5.30508279549533,4.4161175416178,6.19132791445077
"1976",41,"UKENMI_ST_TP000207",NA,5.40820777136,4.4989033856244,6.31845666326633
"1977",42,"UKENMI_ST_TP000207",5.390868906,5.40209057722492,4.51402895515634,6.28756892448194
"1978",43,"UKENMI_ST_TP000207",NA,5.40274272266965,4.49514157003216,6.30946633791777
"1979",44,"UKENMI_ST_TP000207",5.449692108,5.1876144148231,4.30004571628072,6.07349446651244
"1980",45,"UKENMI_ST_TP000207",NA,5.40392419167879,4.48181934928267,6.32422330249238
"3961",1,"UKENNW_UU_TP000084",NA,4.4179158316164,3.51338770097989,5.32598910963409
"3962",2,"UKENNW_UU_TP000084",3.599970392,4.51961135927818,3.63696156291543,5.40125024372441
"3963",3,"UKENNW_UU_TP000084",NA,4.6612571855666,3.7675530664656,5.55649718383989
"3964",4,"UKENNW_UU_TP000084",NA,4.709986192381,3.82796312042065,5.59218429276682
"3965",5,"UKENNW_UU_TP000084",NA,4.85664181133022,3.955097602593,5.75964876403011
"3966",6,"UKENNW_UU_TP000084",4.526939335,4.98097430284286,4.10073731213421,5.86235427695878
"3967",7,"UKENNW_UU_TP000084",NA,4.90643054587319,4.00218570801037,5.81269043792539
"3968",8,"UKENNW_UU_TP000084",4.326593086,4.82806921128407,3.9452562712812,5.71004677801453
"3969",9,"UKENNW_UU_TP000084",NA,5.10183593897981,4.19032525507247,6.01517479084748
"3970",10,"UKENNW_UU_TP000084",5.279725609,5.21173682209255,4.33947124382701,6.0871421229996
"3971",11,"UKENNW_UU_TP000084",NA,5.40176152624282,4.50050327947216,6.30439460279302
"3972",12,"UKENNW_UU_TP000084",5.435690092,5.23586115885193,4.35449604831783,6.11713098815047
"3973",13,"UKENNW_UU_TP000084",NA,5.26324186308574,4.34741125822248,6.17995423817684
"3974",14,"UKENNW_UU_TP000084",5.721441179,5.31417652043428,4.4410849113358,6.19134917264715
"3975",15,"UKENNW_UU_TP000084",NA,5.21549434734325,4.31526709543437,6.11648373979138
"3976",16,"UKENNW_UU_TP000084",5.31509159,5.22903093297141,4.34673416777948,6.11546053888792
"3977",17,"UKENNW_UU_TP000084",NA,5.15031115468783,4.25087869261409,6.0463241455186
"3978",18,"UKENNW_UU_TP000084",5.58337177,5.04426909516855,4.1642194941347,5.92715971789637
"3979",19,"UKENNW_UU_TP000084",NA,4.81266595545314,3.90829682423269,5.7150172393206
"3980",20,"UKENNW_UU_TP000084",4.56015389,5.13562595250252,4.25506798194361,6.01987662457621
"3981",21,"UKENNW_UU_TP000084",NA,4.90228527676282,3.9961518951275,5.80439437888556
"3982",22,"UKENNW_UU_TP000084",5.016765905,4.93396749040307,4.0538882747911,5.81865803981674
"3983",23,"UKENNW_UU_TP000084",NA,5.1581588840378,4.26270498228665,6.05598122765337
"3984",24,"UKENNW_UU_TP000084",4.949393032,5.15482598420924,4.27468935762244,6.03627843120645
"3985",25,"UKENNW_UU_TP000084",NA,5.17473539166484,4.25949703244607,6.09052318001804
"3986",26,"UKENNW_UU_TP000084",4.333447025,4.98938639355979,4.11582067721357,5.8682223464544
"3987",27,"UKENNW_UU_TP000084",NA,4.99432524308974,4.09309551369648,5.89526161650186
"3988",28,"UKENNW_UU_TP000084",4.917772421,5.19703947764684,4.31710240616796,6.0796034808107
"3989",29,"UKENNW_UU_TP000084",NA,5.13134844605595,4.23349915024079,6.03214734313405
"3990",30,"UKENNW_UU_TP000084",6.268933166,5.07229692587501,4.1917382528329,5.95314384772101
"3991",31,"UKENNW_UU_TP000084",NA,5.04414661766112,4.1027199394735,5.98569523950171
"3992",32,"UKENNW_UU_TP000084",NA,5.34290169115242,4.46132370365109,6.22261101775325
"3993",33,"UKENNW_UU_TP000084",5.859402521,5.05061018185852,4.16760941099392,5.93368638912437
"3994",34,"UKENNW_UU_TP000084",4.795180299,4.81402201677218,3.93348780366341,5.69508141034628
"3995",35,"UKENNW_UU_TP000084",NA,4.82027532509908,3.90524131860321,5.73489970591908
"3996",36,"UKENNW_UU_TP000084",5.684524627,5.07959014831052,4.20621254809428,5.9555868469023
"3997",37,"UKENNW_UU_TP000084",NA,5.30826717099982,4.40742404454716,6.21307900224555
"3998",38,"UKENNW_UU_TP000084",5.416346331,5.38332469736004,4.49975894156594,6.26326641819842
"3999",39,"UKENNW_UU_TP000084",NA,5.52037465175202,4.61935864753548,6.4188895721254
"4000",40,"UKENNW_UU_TP000084",4.798173524,5.40797976628557,4.51711080075637,6.29028330443436
"4001",41,"UKENNW_UU_TP000084",NA,5.50609668643786,4.60636470797604,6.40501536536192
"4002",42,"UKENNW_UU_TP000084",5.400869219,5.56886147887259,4.68818441381325,6.44883339912764
"4003",43,"UKENNW_UU_TP000084",6.172672164,5.49530596493834,4.60019959511906,6.39030953752747
"4004",44,"UKENNW_UU_TP000084",NA,5.31495736918511,4.4307176014741,6.19498049432621
"4005",45,"UKENNW_UU_TP000084",NA,5.48476383221738,4.559850345669,6.40779119430787
"2206",1,"UKENNE_NU_TP000012",NA,4.30873122799398,3.37430124143309,5.24298997448795
"2207",2,"UKENNE_NU_TP000012",3.504627784,4.34894465370089,3.43864762991755,5.25834150170021
"2208",3,"UKENNE_NU_TP000012",4.384472018,4.60135941034949,3.68280516927764,5.51977178396389
"2209",4,"UKENNE_NU_TP000012",NA,4.54756726598543,3.63346425231172,5.46067344786021
"2210",5,"UKENNE_NU_TP000012",NA,4.70683174412888,3.77624257850542,5.63816726006151
"2211",6,"UKENNE_NU_TP000012",5.084801029,4.87228996723897,3.96339395981839,5.78174556871288
"2212",7,"UKENNE_NU_TP000012",NA,4.78244546473331,3.8471384663104,5.71855152288118
"2213",8,"UKENNE_NU_TP000012",5.023518873,4.78091367541513,3.87103805065214,5.69051586662048
"2214",9,"UKENNE_NU_TP000012",NA,5.06165258784028,4.13025265280597,5.99400042355582
"2215",10,"UKENNE_NU_TP000012",5.048911064,5.12962229190559,4.22137903038742,6.03785745729668
"2216",11,"UKENNE_NU_TP000012",NA,5.27703323330946,4.3474723922278,6.20774533682924
"2217",12,"UKENNE_NU_TP000012",5.677315536,5.24582086145879,4.33701686906657,6.15442228171484
"2218",13,"UKENNE_NU_TP000012",NA,5.183260148747,4.25201513152342,6.11586215295498
"2219",14,"UKENNE_NU_TP000012",5.13552313,5.26419731132521,4.35638486929688,6.17240689317527
"2220",15,"UKENNE_NU_TP000012",NA,5.1507294402368,4.22102389131379,6.08141129925807
"2221",16,"UKENNE_NU_TP000012",5.54375177,5.27574757452369,4.36723491483474,6.183908929903
"2222",17,"UKENNE_NU_TP000012",NA,5.14857349902055,4.2198977321669,6.07799184237628
"2223",18,"UKENNE_NU_TP000012",5.736090051,5.02170502026372,4.11341953548397,5.92961210622157
"2224",19,"UKENNE_NU_TP000012",NA,4.89895009836111,3.96734846690557,5.83016000293363
"2225",20,"UKENNE_NU_TP000012",5.730521419,5.06913861854282,4.16081657894391,5.97704424097638
"2226",21,"UKENNE_NU_TP000012",NA,5.00806075165567,4.07912866945898,5.93705706350697
"2227",22,"UKENNE_NU_TP000012",5.123316371,4.97290133750506,4.06364169438122,5.88136166793022
"2228",23,"UKENNE_NU_TP000012",NA,5.09482580427959,4.16959584130959,6.02099306338363
"2229",24,"UKENNE_NU_TP000012",5.242419451,5.10178178020753,4.19347415116246,6.01018373055949
"2230",25,"UKENNE_NU_TP000012",NA,5.09250392668734,4.16156056389059,6.02310145311452
"2231",26,"UKENNE_NU_TP000012",5.428378326,4.97549875683051,4.06668889654466,5.884392682492
"2232",27,"UKENNE_NU_TP000012",NA,5.00412080141407,4.07407225095398,5.93397699958395
"2233",28,"UKENNE_NU_TP000012",5.690193074,5.06133747019944,4.15055884179729,5.97162887192133
"2234",29,"UKENNE_NU_TP000012",NA,5.07922724518426,4.15119608864596,6.00755769176317
"2235",30,"UKENNE_NU_TP000012",4.194208063,5.04218069952224,4.13184084331538,5.95097180406472
"2236",31,"UKENNE_NU_TP000012",NA,4.96131382074379,4.00588949797383,5.91728406800147
"2237",32,"UKENNE_NU_TP000012",3.408595936,5.03233216489372,4.12390507597459,5.94031787198099
"2238",33,"UKENNE_NU_TP000012",NA,4.92267440485297,4.00381029621273,5.84226895168373
"2239",34,"UKENNE_NU_TP000012",5.316077539,4.80880719574807,3.8996357407401,5.7174383383981
"2240",35,"UKENNE_NU_TP000012",NA,4.72156852299857,3.79105742033087,5.65131792274274
"2241",36,"UKENNE_NU_TP000012",4.932919506,4.83630362964875,3.92762477415948,5.74425304494362
"2242",37,"UKENNE_NU_TP000012",NA,5.14326011935739,4.21301055682459,6.07366551114248
"2243",38,"UKENNE_NU_TP000012",2.996223554,5.04275619236207,4.12852187391833,5.95442678238071
"2244",39,"UKENNE_NU_TP000012",NA,5.44592337634036,4.51673923389461,6.37481204257525
"2245",40,"UKENNE_NU_TP000012",6.185098415,5.30688395460295,4.39678313910796,6.21600212747965
"2246",41,"UKENNE_NU_TP000012",NA,5.45528252337281,4.52598615453781,6.38502178859067
"2247",42,"UKENNE_NU_TP000012",5.704371259,5.38830940809447,4.47891209696932,6.2964600908349
"2248",43,"UKENNE_NU_TP000012",NA,5.42148605296644,4.49425016380189,6.34877611681862
"2249",44,"UKENNE_NU_TP000012",6.245439999,5.20124185379181,4.29128642920206,6.10946400332465
"2250",45,"UKENNE_NU_TP000012",NA,5.39500040236926,4.4508587627429,6.33846220723103
"2251",1,"UKENNE_NU_TP000028",NA,4.4409734056151,3.51912692170181,5.36327933608702
"2252",2,"UKENNE_NU_TP000028",NA,4.46206656758086,3.56264926887567,5.36143841185464
"2253",3,"UKENNE_NU_TP000028",NA,4.7293116521246,3.82074278093233,5.6388072028157
"2254",4,"UKENNE_NU_TP000028",NA,4.66861670196144,3.76827295278866,5.56898483585546
"2255",5,"UKENNE_NU_TP000028",4.976490082,4.83138237295928,3.91470401010619,5.74993493364608
"2256",6,"UKENNE_NU_TP000028",NA,4.98367531312721,4.08546587282563,5.8833904364744
"2257",7,"UKENNE_NU_TP000028",4.477889051,4.90631844346889,3.98525348747549,5.82930386596479
"2258",8,"UKENNE_NU_TP000028",NA,4.90656273792006,4.00706882133713,5.80766787763121
"2259",9,"UKENNE_NU_TP000028",3.766460705,5.19362590188649,4.27511556392181,6.11365540670202
"2260",10,"UKENNE_NU_TP000028",NA,5.27016253943486,4.37202405348072,6.1699280174148
"2261",11,"UKENNE_NU_TP000028",4.242766358,5.39976167488359,4.48258752542778,6.31921038770308
"2262",12,"UKENNE_NU_TP000028",NA,5.36669540762285,4.46813427369917,6.26589119835318
"2263",13,"UKENNE_NU_TP000028",5.303297427,5.31091593494513,4.39190518762911,6.23208953398894
"2264",14,"UKENNE_NU_TP000028",NA,5.36605542880067,4.46884223594542,6.26420321968224
"2265",15,"UKENNE_NU_TP000028",5.349799075,5.27689466342309,4.35926693180528,6.1963076003513
"2266",16,"UKENNE_NU_TP000028",NA,5.39414188575564,4.4965525874799,6.29277332841037
"2267",17,"UKENNE_NU_TP000028",5.666552072,5.27121463892552,4.35527214105917,6.18896863891735
"2268",18,"UKENNE_NU_TP000028",NA,5.14934726226067,4.25156327774421,6.04768558219523
"2269",19,"UKENNE_NU_TP000028",5.52924106,5.0253684565488,4.1055454632066,5.94534350309033
"2270",20,"UKENNE_NU_TP000028",NA,5.1872743516936,4.28893761604863,6.08569240390406
"2271",21,"UKENNE_NU_TP000028",4.64042086,5.13262993620052,4.21601973730953,6.05019375774207
"2272",22,"UKENNE_NU_TP000028",NA,5.07828603342476,4.17999504866304,5.97636194829589
"2273",23,"UKENNE_NU_TP000028",4.700641171,5.22053753955743,4.30779877465635,6.13487027976161
"2274",24,"UKENNE_NU_TP000028",NA,5.23318247956612,4.3354191711717,6.13193185471808
"2275",25,"UKENNE_NU_TP000028",5.448164524,5.21606752728135,4.29881017628899,6.13383810980764
"2276",26,"UKENNE_NU_TP000028",NA,5.12256095506093,4.22477753412989,6.02125452061297
"2277",27,"UKENNE_NU_TP000028",4.749408765,5.12617026214672,4.20960013296494,6.04360115958693
"2278",28,"UKENNE_NU_TP000028",NA,5.21159591405078,4.31146112685288,6.11319991483034
"2279",29,"UKENNE_NU_TP000028",4.113084575,5.20361135576033,4.28898159829614,6.11949224107307
"2280",30,"UKENNE_NU_TP000028",NA,5.16581755856571,4.26821594265824,6.06344278269922
"2281",31,"UKENNE_NU_TP000028",4.947672301,5.08863401128428,4.1478116841904,6.03095961556761
"2282",32,"UKENNE_NU_TP000028",NA,5.15018559113614,4.25173258214829,6.04878662027641
"2283",33,"UKENNE_NU_TP000028",5.432372797,5.05515183952458,4.14862969462691,5.96330423734631
"2284",34,"UKENNE_NU_TP000028",NA,4.91589315410898,4.01672954933128,5.81442637969352
"2285",35,"UKENNE_NU_TP000028",5.090647459,4.84885858641326,3.93227394988971,5.76560524273426
"2286",36,"UKENNE_NU_TP000028",NA,4.95311822229075,4.05523255188347,5.85052068833165
"2287",37,"UKENNE_NU_TP000028",4.455233572,5.27864825526569,4.36149095241474,6.19695506090739
"2288",38,"UKENNE_NU_TP000028",NA,5.2298796893161,4.32648716330663,6.13368473279268
"2289",39,"UKENNE_NU_TP000028",5.275809054,5.56544306045974,4.65022766597604,6.48168462844187
"2290",40,"UKENNE_NU_TP000028",NA,5.43515626334672,4.53537776765654,6.33507981107142
"2291",41,"UKENNE_NU_TP000028",5.795579758,5.57491932431614,4.65962312342421,6.49175628880959
"2292",42,"UKENNE_NU_TP000028",NA,5.50457782482848,4.60696035173117,6.401890494969
"2293",43,"UKENNE_NU_TP000028",5.858576618,5.54335520692485,4.63062846965481,6.45743393398823
"2294",44,"UKENNE_NU_TP000028",NA,5.32496325472145,4.42730366646693,6.22291213813816
"2295",45,"UKENNE_NU_TP000028",4.212916741,5.52129498207872,4.59258356743727,6.45051119069876
"2296",1,"UKENNE_NU_TP000030",NA,4.51603173168829,3.570182774462,5.46233872560491
"2297",2,"UKENNE_NU_TP000030",3.50831687,4.54595316729816,3.62270775024462,5.46870026081473
"2298",3,"UKENNE_NU_TP000030",4.205182086,4.80461030052709,3.87275767277876,5.73690522492332
"2299",4,"UKENNE_NU_TP000030",NA,4.74814498987336,3.82210624383996,5.67345176949914
"2300",5,"UKENNE_NU_TP000030",NA,4.90907728748234,3.96731797928061,5.85228883659861
"2301",6,"UKENNE_NU_TP000030",4.785042564,5.07007663677143,4.14829571061784,5.99340987329769
"2302",7,"UKENNE_NU_TP000030",NA,4.98390680157375,4.03830771749608,5.9310458506008
"2303",8,"UKENNE_NU_TP000030",4.535813744,4.98232916581672,4.05896145793759,5.906766333754
"2304",9,"UKENNE_NU_TP000030",NA,5.27042048321689,4.32809122740165,6.21402976622161
"2305",10,"UKENNE_NU_TP000030",5.118918801,5.33717952821038,4.41551305547429,6.26004979319828
"2306",11,"UKENNE_NU_TP000030",NA,5.47743851244648,4.53601383875973,6.42052398035727
"2307",12,"UKENNE_NU_TP000030",5.670830932,5.44576536781494,4.52320280135784,6.36857287778055
"2308",13,"UKENNE_NU_TP000030",NA,5.38508467000735,4.44165364245282,6.33044873847741
"2309",14,"UKENNE_NU_TP000030",5.999008611,5.45497282332511,4.53396149176506,6.37686836123179
"2310",15,"UKENNE_NU_TP000030",NA,5.35424594727241,4.41290202267475,6.29709397846314
"2311",16,"UKENNE_NU_TP000030",6.366517224,5.47439364235201,4.55283109225528,6.39655410586337
"2312",17,"UKENNE_NU_TP000030",NA,5.34955671064839,4.40875753102368,6.29173083772475
"2313",18,"UKENNE_NU_TP000030",5.958005148,5.22576327595619,4.30399554554386,6.14756876701962
"2314",19,"UKENNE_NU_TP000030",NA,5.10162665658159,4.15784677871066,6.04518913033286
"2315",20,"UKENNE_NU_TP000030",3.377710814,5.27278795811396,4.3508116212127,6.19436594864151
"2316",21,"UKENNE_NU_TP000030",NA,5.21028517693103,4.26918265214624,6.1518439562053
"2317",22,"UKENNE_NU_TP000030",5.875964944,5.16551193547044,4.24309610324691,6.08711788483297
"2318",23,"UKENNE_NU_TP000030",NA,5.29660877191445,4.35916913506377,6.23547475444286
"2319",24,"UKENNE_NU_TP000030",5.462397535,5.30820900764494,4.38671416061408,6.23047055250529
"2320",25,"UKENNE_NU_TP000030",NA,5.29410762951593,4.35222124617808,6.23590862292484
"2321",26,"UKENNE_NU_TP000030",6.217315413,5.19216602279499,4.27037345873553,6.11478148284997
"2322",27,"UKENNE_NU_TP000030",NA,5.20476448290894,4.26346207151696,6.14641703990473
"2323",28,"UKENNE_NU_TP000030",5.612556123,5.27276862361816,4.34874337943076,6.19774530084288
"2324",29,"UKENNE_NU_TP000030",NA,5.28192620372578,4.34247930531844,6.22211856425282
"2325",30,"UKENNE_NU_TP000030",5.095187745,5.24148457051876,4.31930556321309,6.16313455285652
"2326",31,"UKENNE_NU_TP000030",NA,5.16427190107889,4.19877069573022,6.13109702412743
"2327",32,"UKENNE_NU_TP000030",5.989936651,5.23103810129097,4.30759991360528,6.15487283512034
"2328",33,"UKENNE_NU_TP000030",NA,5.12946781192606,4.19758366335476,6.06304470051552
"2329",34,"UKENNE_NU_TP000030",5.423789046,5.0065268421197,4.08346633161417,5.92841369785747
"2330",35,"UKENNE_NU_TP000030",NA,4.92592580827503,3.98459002866174,5.86713467491794
"2331",36,"UKENNE_NU_TP000030",5.122897853,5.04021185269339,4.11835488962229,5.96127593548838
"2332",37,"UKENNE_NU_TP000030",NA,5.35362185929319,4.41259322689598,6.29566638114163
"2333",38,"UKENNE_NU_TP000030",5.555020671,5.26735290467888,4.34095811899337,6.19345811262112
"2334",39,"UKENNE_NU_TP000030",NA,5.64518939284926,4.70484259818653,6.58595818367057
"2335",40,"UKENNE_NU_TP000030",6.289501711,5.50981727985341,4.58557192531923,6.4338723300617
"2336",41,"UKENNE_NU_TP000030",NA,5.65369562442755,4.71353461812645,6.59482001184879
"2337",42,"UKENNE_NU_TP000030",6.260894743,5.5884153427938,4.66663616005698,6.50938255745975
"2338",43,"UKENNE_NU_TP000030",NA,5.6211594002666,4.68314925163066,6.56008396746584
"2339",44,"UKENNE_NU_TP000030",6.270124047,5.39802802009149,4.47597367602844,6.31983819318495
"2340",45,"UKENNE_NU_TP000030",NA,5.59766904674098,4.64358465379677,6.55202763328332
"2341",1,"UKENNE_NU_TP000031",NA,4.41640197105408,3.50149263717311,5.33172642714106
"2342",2,"UKENNE_NU_TP000031",3.65000043,4.4315872046114,3.53984648112128,5.32339786330403
"2343",3,"UKENNE_NU_TP000031",4.178379186,4.70525606502849,3.80329006522484,5.60813098838219
"2344",4,"UKENNE_NU_TP000031",NA,4.64324991786925,3.75118450357343,5.53538252909214
"2345",5,"UKENNE_NU_TP000031",NA,4.80648042995657,3.89707567847658,5.71770838483741
"2346",6,"UKENNE_NU_TP000031",3.877867468,4.95307681867087,4.0621692780128,5.84525845987663
"2347",7,"UKENNE_NU_TP000031",NA,4.88228263816569,3.96913590497864,5.79729177733509
"2348",8,"UKENNE_NU_TP000031",3.393269098,4.88136343374236,3.99033859554967,5.77363109573105
"2349",9,"UKENNE_NU_TP000031",NA,5.16968441342159,4.25941697905825,6.08116809592314
"2350",10,"UKENNE_NU_TP000031",4.76261932,5.25314604952886,4.36313407314062,6.14427992470693
"2351",11,"UKENNE_NU_TP000031",NA,5.37390712992737,4.46438853969537,6.28545216093761
"2352",12,"UKENNE_NU_TP000031",5.203777066,5.33745112995952,4.44650211488014,6.22909031220821
"2353",13,"UKENNE_NU_TP000031",NA,5.28305436884403,4.37141502794487,6.19691965348433
"2354",14,"UKENNE_NU_TP000031",5.058078574,5.3291847798071,4.43944218967607,6.21978521544821
"2355",15,"UKENNE_NU_TP000031",NA,5.2520942036811,4.3417664025199,6.16416436034813
"2356",16,"UKENNE_NU_TP000031",4.736936203,5.36822484123271,4.47773465068931,6.25978450622843
"2357",17,"UKENNE_NU_TP000031",NA,5.2446383009667,4.33580556341358,6.15532026367294
"2358",18,"UKENNE_NU_TP000031",4.912173281,5.12428732348577,4.23377107716298,6.0153894113849
"2359",19,"UKENNE_NU_TP000031",NA,5.00065188732711,4.08761863543901,5.91381251277771
"2360",20,"UKENNE_NU_TP000031",4.809241398,5.15894488901913,4.26857730092515,6.04919086840467
"2361",21,"UKENNE_NU_TP000031",NA,5.1069400930732,4.1976913257477,6.01711581345305
"2362",22,"UKENNE_NU_TP000031",4.473358724,5.0484612754463,4.15788520532465,5.93898281087536
"2363",23,"UKENNE_NU_TP000031",NA,5.19585233830394,4.29044006941119,6.1027934494327
"2364",24,"UKENNE_NU_TP000031",4.287164541,5.20875519846035,4.31874402906285,6.09936755626249
"2365",25,"UKENNE_NU_TP000031",NA,5.1921613011106,4.28254379637341,6.10219051222008
"2366",26,"UKENNE_NU_TP000031",4.948552378,5.10199356987911,4.21203085657589,5.9924479047762
"2367",27,"UKENNE_NU_TP000031",NA,5.10229097419106,4.19363629810293,6.01161085071088
"2368",28,"UKENNE_NU_TP000031",5.092442863,5.19459366448778,4.30369464456917,6.08630702129803
"2369",29,"UKENNE_NU_TP000031",NA,5.18016785423037,4.27310578655143,6.08830007546428
"2370",30,"UKENNE_NU_TP000031",4.881957234,5.14085057905693,4.25081534187527,6.03086986462513
"2371",31,"UKENNE_NU_TP000031",NA,5.06363243385005,4.13054540812392,5.99823136259908
"2372",32,"UKENNE_NU_TP000031",5.324692797,5.12131783051968,4.230297063124,6.01255517061296
"2373",33,"UKENNE_NU_TP000031",NA,5.03077680490425,4.13215583263213,5.93079585672614
"2374",34,"UKENNE_NU_TP000031",5.03591662,4.88421732350715,3.99262950767082,5.7753392824719
"2375",35,"UKENNE_NU_TP000031",NA,4.82472115422273,3.91547588503031,5.73394385379226
"2376",36,"UKENNE_NU_TP000031",4.767265716,4.92467300774963,4.03420861190753,5.81452430386282
"2377",37,"UKENNE_NU_TP000031",NA,5.25463116351427,4.34464869107979,6.16544735515086
"2378",38,"UKENNE_NU_TP000031",2.408315622,5.22571940198949,4.32890145172876,6.12256112705515
"2379",39,"UKENNE_NU_TP000031",NA,5.53940843624858,4.63132002317086,6.44852983239218
"2380",40,"UKENNE_NU_TP000031",5.263928033,5.4117050458033,4.51910301421,6.30447993006488
"2381",41,"UKENNE_NU_TP000031",NA,5.54493912601052,4.6368498296634,6.45430554431599
"2382",42,"UKENNE_NU_TP000031",5.03854104,5.4771056927438,4.5867658519477,6.36699041333075
"2383",43,"UKENNE_NU_TP000031",NA,5.51841522712114,4.61283481415761,6.42524278091307
"2384",44,"UKENNE_NU_TP000031",5.263848675,5.30126729778287,4.41122035242309,6.19143936355323
"2385",45,"UKENNE_NU_TP000031",NA,5.49559257034748,4.57485907197049,6.41676560547615
"2386",1,"UKENNE_NU_TP000039",NA,4.54412252269419,3.61212180738289,5.4766929762897
"2387",2,"UKENNE_NU_TP000039",NA,4.57703216938765,3.66697968991483,5.48614992300741
"2388",3,"UKENNE_NU_TP000039",NA,4.83782462274169,3.92022552684765,5.75577563053568
"2389",4,"UKENNE_NU_TP000039",NA,4.7811399299588,3.87007554155287,5.69162464226159
"2390",5,"UKENNE_NU_TP000039",NA,4.94143587090113,4.01368640207428,5.87054548373258
"2391",6,"UKENNE_NU_TP000039",NA,5.1005126013324,4.19337112308402,6.0088830131487
"2392",7,"UKENNE_NU_TP000039",NA,5.0165879178632,4.08442004039402,5.95013096639112
"2393",8,"UKENNE_NU_TP000039",NA,5.01825494371475,4.11002533433279,5.92716173981527
"2394",9,"UKENNE_NU_TP000039",NA,5.29362889008716,4.36345328127732,6.22508479248605
"2395",10,"UKENNE_NU_TP000039",NA,5.370527916535,4.46371534925468,6.27852641362549
"2396",11,"UKENNE_NU_TP000039",NA,5.5112866772748,4.58343513386558,6.44052162131974
"2397",12,"UKENNE_NU_TP000039",NA,5.47822541059309,4.57078818653796,6.38568993094464
"2398",13,"UKENNE_NU_TP000039",NA,5.41990426109279,4.49005673701578,6.3516278079353
"2399",14,"UKENNE_NU_TP000039",NA,5.49151318000877,4.58480427037777,6.39866033035711
"2400",15,"UKENNE_NU_TP000039",NA,5.38362815251289,4.4548430946523,6.31362928134708
"2401",16,"UKENNE_NU_TP000039",NA,5.50984014008016,4.60226208790868,6.41716009437462
"2402",17,"UKENNE_NU_TP000039",NA,5.38350389993054,4.45698149518442,6.31107885789499
"2403",18,"UKENNE_NU_TP000039",NA,5.25811369232921,4.35102279260164,6.16506960630046
"2404",19,"UKENNE_NU_TP000039",NA,5.13469818787537,4.20455334499008,6.06461492876017
"2405",20,"UKENNE_NU_TP000039",NA,5.29846667621053,4.39091850474492,6.20531861768614
"2406",21,"UKENNE_NU_TP000039",NA,5.24372769099324,4.31666077312908,6.17103759854195
"2407",22,"UKENNE_NU_TP000039",NA,5.20395402876942,4.29549342859666,6.11115424984292
"2408",23,"UKENNE_NU_TP000039",NA,5.33086774700567,4.4075383069572,6.25544523066071
"2409",24,"UKENNE_NU_TP000039",NA,5.33599671073408,4.42920606128833,6.24375124950529
"2410",25,"UKENNE_NU_TP000039",NA,5.32650634014311,4.39830983664014,6.25481093721902
"2411",26,"UKENNE_NU_TP000039",NA,5.21034750592263,4.30348092115039,6.11864040514338
"2412",27,"UKENNE_NU_TP000039",5.697291888,5.23694845322153,4.30983491934918,6.1644157457473
"2413",28,"UKENNE_NU_TP000039",NA,5.30433709168168,4.39532673249144,6.21456107108465
"2414",29,"UKENNE_NU_TP000039",5.947811375,5.31106962339064,4.3857419175253,6.23741458962841
"2415",30,"UKENNE_NU_TP000039",NA,5.27663966006996,4.36889283925109,6.18348704079111
"2416",31,"UKENNE_NU_TP000039",NA,5.19439058506641,4.24263567760685,6.14709725526098
"2417",32,"UKENNE_NU_TP000039",6.008263766,5.25732887403645,4.35011478218237,6.16432268848702
"2418",33,"UKENNE_NU_TP000039",4.595877293,5.15371759709657,4.23706236086914,6.07184882499961
"2419",34,"UKENNE_NU_TP000039",NA,5.03328136990427,4.12495949839196,5.9408642670686
"2420",35,"UKENNE_NU_TP000039",5.113797697,4.95619352074945,4.02807039799481,5.88401360645492
"2421",36,"UKENNE_NU_TP000039",NA,5.06046114195838,4.15290834755978,5.96746093406325
"2422",37,"UKENNE_NU_TP000039",5.917503544,5.37516700093199,4.44573177394657,6.30532278246928
"2423",38,"UKENNE_NU_TP000039",NA,5.30344155404053,4.39114040599144,6.21543385934322
"2424",39,"UKENNE_NU_TP000039",6.10161421,5.67835656079717,4.75183398204639,6.60480289987935
"2425",40,"UKENNE_NU_TP000039",NA,5.54083956600099,4.6325558082957,6.44870843818192
"2426",41,"UKENNE_NU_TP000039",5.495386707,5.68972446455143,4.76297399440602,6.61744184484107
"2427",42,"UKENNE_NU_TP000039",NA,5.6149283896786,4.70692605447025,6.52219340656155
"2428",43,"UKENNE_NU_TP000039",5.655415572,5.65564892349348,4.73160557898395,6.58044699012398
"2429",44,"UKENNE_NU_TP000039",NA,5.43989370106995,4.53224091272867,6.34651019852761
"2430",45,"UKENNE_NU_TP000039",NA,5.62702896121816,4.68695773223269,6.56694745625571
"2431",1,"UKENNE_NU_TP000046",NA,4.51040098480497,3.59243169093807,5.42822738974926
"2432",2,"UKENNE_NU_TP000046",5.097258986,4.55122848715282,3.65857189777002,5.4431809554945
"2433",3,"UKENNE_NU_TP000046",NA,4.80093953642688,3.89951526809192,5.70243276319957
"2434",4,"UKENNE_NU_TP000046",5.356729404,4.74679176593045,3.84994070392495,5.64295831035341
"2435",5,"UKENNE_NU_TP000046",NA,4.90638859407226,3.99251148697828,5.8213153022953
"2436",6,"UKENNE_NU_TP000046",3.857857366,5.07365705421845,4.18247683462542,5.9658671086953
"2437",7,"UKENNE_NU_TP000046",NA,4.98198598818194,4.06392934808288,5.90112698336521
"2438",8,"UKENNE_NU_TP000046",5.350609139,4.9790655934718,4.08644077710801,5.87179475550379
"2439",9,"UKENNE_NU_TP000046",NA,5.2635921045938,4.34942187637705,6.17878358751105
"2440",10,"UKENNE_NU_TP000046",3.346877663,5.32800956710532,4.43698364675633,6.21896436741423
"2441",11,"UKENNE_NU_TP000046",NA,5.47678623328683,4.56374579203653,6.39118676309286
"2442",12,"UKENNE_NU_TP000046",5.96467228,5.44628894248907,4.55475706545699,6.33791809739745
"2443",13,"UKENNE_NU_TP000046",NA,5.38495500835687,4.46962991921727,6.30173446653671
"2444",14,"UKENNE_NU_TP000046",5.916166551,5.46660641519195,4.57613840670823,6.35775685929321
"2445",15,"UKENNE_NU_TP000046",NA,5.35070292950106,4.43756755782581,6.26501505205666
"2446",16,"UKENNE_NU_TP000046",6.005491908,5.47539615058196,4.5842768450891,6.36645619518876
"2447",17,"UKENNE_NU_TP000046",NA,5.34849765491342,4.43596744666728,6.26199549529528
"2448",18,"UKENNE_NU_TP000046",5.328153092,5.22278074957017,4.33157621774143,6.11364279015544
"2449",19,"UKENNE_NU_TP000046",NA,5.09922462265389,4.18360852298169,6.01448965248255
"2450",20,"UKENNE_NU_TP000046",4.975107978,5.27339801739395,4.38226830605188,6.16423282284961
"2451",21,"UKENNE_NU_TP000046",NA,5.21028906946291,4.29710535448043,6.12347527161746
"2452",22,"UKENNE_NU_TP000046",5.852577355,5.17458099592447,4.28229270290398,6.06608287253721
"2453",23,"UKENNE_NU_TP000046",NA,5.2963443073137,4.38741076932032,6.20611780985992
"2454",24,"UKENNE_NU_TP000046",5.435251511,5.30405198743614,4.41266500023454,6.19554751323131
"2455",25,"UKENNE_NU_TP000046",NA,5.29324379877975,4.3784729558613,6.20761176366668
"2456",26,"UKENNE_NU_TP000046",NA,5.17817157648904,4.28672475593665,6.06982387522611
"2457",27,"UKENNE_NU_TP000046",NA,5.20329024281022,4.29023646159624,6.11641790336039
"2458",28,"UKENNE_NU_TP000046",5.950269133,5.25716684881232,4.36377461242229,6.15040362634689
"2459",29,"UKENNE_NU_TP000046",NA,5.27905017394187,4.36778556385032,6.19087707607622
"2460",30,"UKENNE_NU_TP000046",5.204212839,5.23977868130979,4.34777190366242,6.13075952480347
"2461",31,"UKENNE_NU_TP000046",NA,5.16061372865001,4.22254728886038,6.09973636965063
"2462",32,"UKENNE_NU_TP000046",5.640903476,5.23263781421089,4.34163641263498,6.12411682421116
"2463",33,"UKENNE_NU_TP000046",NA,5.1221335680923,4.21989862352309,6.02562646190031
"2464",34,"UKENNE_NU_TP000046",5.24957683,5.01247971983822,4.12063767486829,5.90395541545408
"2465",35,"UKENNE_NU_TP000046",NA,4.92143111383363,4.00798050238249,5.83441231299973
"2466",36,"UKENNE_NU_TP000046",5.386565162,5.04079289045166,4.14946218723525,5.93158638557196
"2467",37,"UKENNE_NU_TP000046",NA,5.34562004714127,4.43233396739192,6.25930479709159
"2468",38,"UKENNE_NU_TP000046",4.838510814,5.23433616176443,4.33714485505241,6.12888991403385
"2469",39,"UKENNE_NU_TP000046",NA,5.6452321618267,4.73299510409535,6.55752318031043
"2470",40,"UKENNE_NU_TP000046",5.99878627,5.5063709818291,4.61347049498158,6.39849921641433
"2471",41,"UKENNE_NU_TP000046",NA,5.65474279933856,4.74213787102978,6.56800744679422
"2472",42,"UKENNE_NU_TP000046",6.09952239,5.59019699918819,4.6981029537176,6.48121849524684
"2473",43,"UKENNE_NU_TP000046",NA,5.62119668386912,4.7106829121047,6.53204802896112
"2474",44,"UKENNE_NU_TP000046",6.087335372,5.39705549272071,4.50505280343129,6.2877649230402
"2475",45,"UKENNE_NU_TP000046",NA,5.59494462504977,4.6683976526635,6.52125993104739
"2476",1,"UKENNE_NU_TP000048",NA,4.54519016887027,3.62419698168025,5.46670342555476
"2477",2,"UKENNE_NU_TP000048",NA,4.56871360069603,3.67118203494359,5.46637095049953
"2478",3,"UKENNE_NU_TP000048",NA,4.83382177584,3.92666432971109,5.74188756026124
"2479",4,"UKENNE_NU_TP000048",NA,4.7756603423149,3.87649544276279,5.67479534110627
"2480",5,"UKENNE_NU_TP000048",NA,4.93671550437749,4.02053902505921,5.85477199538677
"2481",6,"UKENNE_NU_TP000048",NA,5.09171419466619,4.19543837243717,5.98969469585237
"2482",7,"UKENNE_NU_TP000048",NA,5.01171866308172,4.09168153690801,5.93371071680302
"2483",8,"UKENNE_NU_TP000048",NA,5.00871623749711,4.11123043607353,5.90772560971411
"2484",9,"UKENNE_NU_TP000048",NA,5.29783133286158,4.38015648190049,6.21712039738645
"2485",10,"UKENNE_NU_TP000048",NA,5.36988504048836,4.473513875468,6.26781792698663
"2486",11,"UKENNE_NU_TP000048",NA,5.50470314390403,4.58800889645165,6.42370085032914
"2487",12,"UKENNE_NU_TP000048",NA,5.47244856243947,4.57577612300281,6.36983529821943
"2488",13,"UKENNE_NU_TP000048",NA,5.41491459215972,4.49654099678258,6.33548838937402
"2489",14,"UKENNE_NU_TP000048",NA,5.47704332891217,4.58179568306637,6.37343326451237
"2490",15,"UKENNE_NU_TP000048",NA,5.38208832622889,4.46514083202112,6.30090132243517
"2491",16,"UKENNE_NU_TP000048",NA,5.49989568106252,4.60405972426215,6.39687627326103
"2492",17,"UKENNE_NU_TP000048",NA,5.3766193716147,4.46097840154652,6.29409870445615
"2493",18,"UKENNE_NU_TP000048",NA,5.25413377437995,4.3581057501803,6.15074790407547
"2494",19,"UKENNE_NU_TP000048",NA,5.12975428355642,4.21027940664739,6.04945151766318
"2495",20,"UKENNE_NU_TP000048",NA,5.29625903876001,4.39995273891726,6.19286464912286
"2496",21,"UKENNE_NU_TP000048",NA,5.23745361875881,4.32138950682576,6.15451059615969
"2497",22,"UKENNE_NU_TP000048",NA,5.18654670606836,4.29027793697076,6.08288691934559
"2498",23,"UKENNE_NU_TP000048",NA,5.3247962231681,4.41253290644487,6.23878000043845
"2499",24,"UKENNE_NU_TP000048",5.438003391,5.33678819376485,4.44095376237266,6.23372752618776
"2500",25,"UKENNE_NU_TP000048",NA,5.32152647008944,4.40521331922992,6.238384874426
"2501",26,"UKENNE_NU_TP000048",5.163405064,5.22481422177345,4.32899024113722,6.12156897389396
"2502",27,"UKENNE_NU_TP000048",NA,5.23094746700679,4.31528562431881,6.14757360399828
"2503",28,"UKENNE_NU_TP000048",6.004713298,5.30860297945381,4.41039349313975,6.20807411784367
"2504",29,"UKENNE_NU_TP000048",NA,5.30910170054401,4.39519223884934,6.22429913818096
"2505",30,"UKENNE_NU_TP000048",5.568908067,5.26948189160123,4.37374829992589,6.1652752519338
"2506",31,"UKENNE_NU_TP000048",NA,5.1933856214723,4.25351578900326,6.13486382830635
"2507",32,"UKENNE_NU_TP000048",NA,5.25953471161156,4.36276528532244,6.15662789262441
"2508",33,"UKENNE_NU_TP000048",5.21225001,5.16025366036216,4.25434753220483,6.06782321261715
"2509",34,"UKENNE_NU_TP000048",4.972508375,5.0292324719645,4.1319079738346,5.92606941509613
"2510",35,"UKENNE_NU_TP000048",NA,4.9538682019444,4.03803998719444,5.86988795985948
"2511",36,"UKENNE_NU_TP000048",6.055738384,5.0652660804455,4.16918918358924,5.96095803500328
"2512",37,"UKENNE_NU_TP000048",NA,5.38279212862532,4.46615617761236,6.30059170702821
"2513",38,"UKENNE_NU_TP000048",5.336016999,5.31454773941639,4.41249195003855,6.21651066945157
"2514",39,"UKENNE_NU_TP000048",NA,5.67169409597207,4.75690348202529,6.58751257265121
"2515",40,"UKENNE_NU_TP000048",5.789724613,5.54024126377903,4.64207323842149,6.438518710394
"2516",41,"UKENNE_NU_TP000048",NA,5.67967190723587,4.76497181850622,6.59586768492156
"2517",42,"UKENNE_NU_TP000048",6.48980743,5.61465399615594,4.71875552506594,6.51019658413503
"2518",43,"UKENNE_NU_TP000048",NA,5.64808552214664,4.73591475284614,6.56163408000473
"2519",44,"UKENNE_NU_TP000048",6.254942817,5.42501196741907,4.52917674389476,6.32119574310367
"2520",45,"UKENNE_NU_TP000048",NA,5.62625002634284,4.69840540348406,6.55466740299161
"2566",1,"UKENNE_NU_TP000055",NA,4.38878355622843,3.46043467459748,5.3172938233874
"2567",2,"UKENNE_NU_TP000055",4.509759811,4.40902658985899,3.50407945032724,5.31375139804882
"2568",3,"UKENNE_NU_TP000055",4.202738614,4.67719870672414,3.76242315098114,5.59259295676458
"2569",4,"UKENNE_NU_TP000055",NA,4.6175681709212,3.71128627661464,5.52354476594033
"2570",5,"UKENNE_NU_TP000055",NA,4.77940632290902,3.85588552254017,5.70451763580039
"2571",6,"UKENNE_NU_TP000055",5.31301811,4.93141596184566,4.02772721480007,5.83635020949627
"2572",7,"UKENNE_NU_TP000055",NA,4.85442341808559,3.92680104797786,5.78369718568804
"2573",8,"UKENNE_NU_TP000055",5.186134367,4.85269777553633,3.94812522328096,5.75849372428852
"2574",9,"UKENNE_NU_TP000055",NA,5.14088759823083,4.21625666724084,6.06681047497782
"2575",10,"UKENNE_NU_TP000055",5.7271343,5.2167061252271,4.31331705871356,6.12134847779541
"2576",11,"UKENNE_NU_TP000055",NA,5.34729904016991,4.42382956527543,6.2728015381512
"2577",12,"UKENNE_NU_TP000055",5.750652061,5.31425389094732,4.41004987519253,6.21881720391711
"2578",13,"UKENNE_NU_TP000055",NA,5.25814957970181,4.33278279685498,6.18542331762475
"2579",14,"UKENNE_NU_TP000055",6.065852159,5.31486984677377,4.41187807621365,6.21853954508009
"2580",15,"UKENNE_NU_TP000055",NA,5.2247823097056,4.300733392627,6.15038261423874
"2581",16,"UKENNE_NU_TP000055",5.930739115,5.34201993727978,4.43866539317984,6.24614279090715
"2582",17,"UKENNE_NU_TP000055",NA,5.21905035781184,4.29651115907935,6.14313519448268
"2583",18,"UKENNE_NU_TP000055",6.266238968,5.09709752115572,4.19363317837831,6.00082402814947
"2584",19,"UKENNE_NU_TP000055",NA,4.97296364345253,4.04628996263436,5.89956735648953
"2585",20,"UKENNE_NU_TP000055",5.74675284,5.1364479151973,4.23270617964263,6.04007694151892
"2586",21,"UKENNE_NU_TP000055",NA,5.08026463401057,4.15697326314345,6.00426324985143
"2587",22,"UKENNE_NU_TP000055",5.837912694,5.02635131775143,4.12237313864542,5.93000220471495
"2588",23,"UKENNE_NU_TP000055",NA,5.16800192142138,4.24875966514491,6.0886137422159
"2589",24,"UKENNE_NU_TP000055",5.569325027,5.18044612628982,4.27711144128701,6.08447085193677
"2590",25,"UKENNE_NU_TP000055",NA,5.16413851885091,4.23967814408208,6.08886378542331
"2591",26,"UKENNE_NU_TP000055",5.983664375,5.06991804532007,4.16647981786095,5.97389655676452
"2592",27,"UKENNE_NU_TP000055",NA,5.07371305080895,4.15031739953117,5.99776443427424
"2593",28,"UKENNE_NU_TP000055",5.577346924,5.15707786203809,4.25199600188612,6.06316101329437
"2594",29,"UKENNE_NU_TP000055",NA,5.15173532429196,4.23019841774876,6.07426433217896
"2595",30,"UKENNE_NU_TP000055",5.565207643,5.11285347055584,4.20909154302325,6.01635893981434
"2596",31,"UKENNE_NU_TP000055",NA,5.03640392407911,4.08899310001054,5.98515719410806
"2597",32,"UKENNE_NU_TP000055",6.203374198,5.09950428302046,4.19526470526318,6.00367315153843
"2598",33,"UKENNE_NU_TP000055",NA,5.00320677847742,4.09061091326852,5.91711716188364
"2599",34,"UKENNE_NU_TP000055",5.497542092,4.86676159260882,3.96184385863646,5.77083259536439
"2600",35,"UKENNE_NU_TP000055",NA,4.79678181326038,3.87282212803828,5.72061305240323
"2601",36,"UKENNE_NU_TP000055",5.118808417,4.90401181593234,4.00011056680042,5.80713152187404
"2602",37,"UKENNE_NU_TP000055",NA,5.22633076474269,4.30233905227901,6.15114442609694
"2603",38,"UKENNE_NU_TP000055",5.363742637,5.17213838650848,4.26190572475829,6.08216052885635
"2604",39,"UKENNE_NU_TP000055",NA,5.51359398914362,4.59106167356223,6.43690542747829
"2605",40,"UKENNE_NU_TP000055",5.921762199,5.38353298305402,4.47818483938336,6.2886832639884
"2606",41,"UKENNE_NU_TP000055",NA,5.52201094963078,4.59956399092118,6.44567801640706
"2607",42,"UKENNE_NU_TP000055",6.304193684,5.45460811139237,4.55080404782809,6.35773216926992
"2608",43,"UKENNE_NU_TP000055",NA,5.49088652438258,4.57109315892966,6.41175582061419
"2609",44,"UKENNE_NU_TP000055",5.901108414,5.27007003856518,4.36639054613063,6.17377831990943
"2610",45,"UKENNE_NU_TP000055",NA,5.46909178259742,4.53380910504642,6.40466834853269
"5131",1,"UKENSW_SWS_TP000024",NA,4.70649051265705,3.69800299186537,5.71455534970606
"5132",2,"UKENSW_SWS_TP000024",4.798677486,4.67055387506426,3.70387007522158,5.63637926462588
"5133",3,"UKENSW_SWS_TP000024",NA,4.9831673001824,3.98839515539806,5.97759636399548
"5134",4,"UKENSW_SWS_TP000024",5.325857016,4.78846974499405,3.81937268697035,5.75583903485504
"5135",5,"UKENSW_SWS_TP000024",NA,5.16006399734973,4.17235757667495,6.14863228977653
"5136",6,"UKENSW_SWS_TP000024",5.520982373,5.27173307646633,4.29845296231665,6.24572535498369
"5137",7,"UKENSW_SWS_TP000024",NA,5.22268417939438,4.21941846023132,6.22716979278214
"5138",8,"UKENSW_SWS_TP000024",5.873492594,5.1783604002022,4.2119443520924,6.14441528079905
"5139",9,"UKENSW_SWS_TP000024",NA,5.45183738873426,4.45015320597623,6.45267735518373
"5140",10,"UKENSW_SWS_TP000024",6.29932299,5.67437109099922,4.70784234212884,6.6396059320959
"5141",11,"UKENSW_SWS_TP000024",NA,5.74224797371096,4.7426245338483,6.7433117450891
"5142",12,"UKENSW_SWS_TP000024",5.961592768,5.77421015707592,4.80815863619639,6.74003753072541
"5143",13,"UKENSW_SWS_TP000024",NA,5.56459789671508,4.55777368567936,6.57111434446183
"5144",14,"UKENSW_SWS_TP000024",6.16433052,5.5780183404987,4.61032685406168,6.54681513421398
"5145",15,"UKENSW_SWS_TP000024",NA,5.62173450054522,4.62205725732012,6.62314671287727
"5146",16,"UKENSW_SWS_TP000024",6.208792308,5.78043284601139,4.81384043556035,6.7456283614676
"5147",17,"UKENSW_SWS_TP000024",NA,5.66891422775376,4.66555663629755,6.67315769885249
"5148",18,"UKENSW_SWS_TP000024",5.760491683,5.63249707941503,4.66634242392313,6.59746478391936
"5149",19,"UKENSW_SWS_TP000024",NA,5.4165684276993,4.41399124808809,6.41842810199353
"5150",20,"UKENSW_SWS_TP000024",5.683702087,5.5399000406734,4.57324372974032,6.50552398317853
"5151",21,"UKENSW_SWS_TP000024",NA,5.43377143360165,4.43477175315483,6.4318860995265
"5152",22,"UKENSW_SWS_TP000024",5.786690976,5.49197918640055,4.52535797493405,6.45792979707643
"5153",23,"UKENSW_SWS_TP000024",NA,5.59691989380537,4.60180272012432,6.59254894800339
"5154",24,"UKENSW_SWS_TP000024",5.958929025,5.73318644677114,4.7638944177806,6.7008462814451
"5155",25,"UKENSW_SWS_TP000024",NA,5.55866866545066,4.5634052339585,6.55450049335931
"5156",26,"UKENSW_SWS_TP000024",NA,5.61693753785015,4.64996206971766,6.58338730569696
"5157",27,"UKENSW_SWS_TP000024",NA,5.41828437071803,4.41748492518093,6.41813042841751
"5158",28,"UKENSW_SWS_TP000024",6.051514903,5.76792512469224,4.8021235334269,6.7345041681265
"5159",29,"UKENSW_SWS_TP000024",NA,5.57271163493436,4.5776488520936,6.56784164297672
"5160",30,"UKENSW_SWS_TP000024",5.539810764,5.6760450645995,4.70882149667648,6.64271554048414
"5161",31,"UKENSW_SWS_TP000024",NA,5.41782376480037,4.41244787598487,6.42319199965389
"5162",32,"UKENSW_SWS_TP000024",NA,5.28060734873053,4.30341391703256,6.2560102261819
"5163",33,"UKENSW_SWS_TP000024",6.376826442,5.42158199386504,4.4341194711214,6.41005148230594
"5164",34,"UKENSW_SWS_TP000024",NA,5.30791116177518,4.34193148045826,6.27343974710234
"5165",35,"UKENSW_SWS_TP000024",NA,5.16153575805862,4.16371741168836,6.15964254478644
"5166",36,"UKENSW_SWS_TP000024",5.328323768,5.25077623307739,4.28513913341286,6.21607033662056
"5167",37,"UKENSW_SWS_TP000024",NA,5.62868120861842,4.632225897819,6.62572415289591
"5168",38,"UKENSW_SWS_TP000024",5.991446217,5.72038664076116,4.75473271694446,6.6867517000078
"5169",39,"UKENSW_SWS_TP000024",NA,5.90740456593872,4.91145502945806,6.90516965713465
"5170",40,"UKENSW_SWS_TP000024",6.053504586,5.78067769466801,4.81484997216784,6.74820585479464
"5171",41,"UKENSW_SWS_TP000024",NA,5.83923456254461,4.84364416697928,6.83606390332984
"5172",42,"UKENSW_SWS_TP000024",5.449181763,5.81780354352203,4.85063839249978,6.78711577321066
"5173",43,"UKENSW_SWS_TP000024",NA,5.87651546188115,4.88268683907208,6.87249150256777
"5174",44,"UKENSW_SWS_TP000024",6.195264965,5.69652879042768,4.73096557748659,6.66201368273816
"5175",45,"UKENSW_SWS_TP000024",NA,5.7649606997732,4.75480700879862,6.7761080480901
"5401",1,"UKENSW_SWS_TP000064",5.391310839,4.63480147899336,3.67149943964507,5.59703778303529
"5402",2,"UKENSW_SWS_TP000064",NA,4.63692114040898,3.71354125515998,5.56047991586259
"5403",3,"UKENSW_SWS_TP000064",6.037061282,4.90922327523546,3.95963660468847,5.85795411426411
"5404",4,"UKENSW_SWS_TP000064",NA,4.78233351723764,3.85557628179997,5.70888290724295
"5405",5,"UKENSW_SWS_TP000064",5.188897003,5.09310461949436,4.14503831723042,6.04200658100859
"5406",6,"UKENSW_SWS_TP000064",NA,5.19818243848372,4.27031818692489,6.12684777900472
"5407",7,"UKENSW_SWS_TP000064",5.794483997,5.15521192409553,4.19537758383247,6.11604742697853
"5408",8,"UKENSW_SWS_TP000064",NA,5.13907429664303,4.21499600011751,6.06348693969594
"5409",9,"UKENSW_SWS_TP000064",6.21643723,5.37838127599775,4.42000717395254,6.33528811398212
"5410",10,"UKENSW_SWS_TP000064",NA,5.60817134856806,4.68304014371639,6.53067020038218
"5411",11,"UKENSW_SWS_TP000064",6.827285018,5.67098425096736,4.71524883715488,6.62775967818895
"5412",12,"UKENSW_SWS_TP000064",NA,5.68656619644739,4.76180257021898,6.60978686077455
"5413",13,"UKENSW_SWS_TP000064",6.294237383,5.47821373819567,4.51271487135493,6.44253160866969
"5414",14,"UKENSW_SWS_TP000064",NA,5.54456752038759,4.61905138007758,6.47280293870397
"5415",15,"UKENSW_SWS_TP000064",6.120048384,5.5557572500954,4.60042991289775,6.51256216813199
"5416",16,"UKENSW_SWS_TP000064",NA,5.71058541590377,4.78552943994256,6.6331789484305
"5417",17,"UKENSW_SWS_TP000064",5.916678614,5.59818272744598,4.63937514592782,6.55764497027226
"5418",18,"UKENSW_SWS_TP000064",NA,5.54899090330794,4.62406720879499,6.47153945362506
"5419",19,"UKENSW_SWS_TP000064",5.307135046,5.3515806984456,4.39288976608067,6.30887190207466
"5420",20,"UKENSW_SWS_TP000064",NA,5.4616453499955,4.5370979418691,6.38392186003043
"5421",21,"UKENSW_SWS_TP000064",6.71896698,5.36077915805528,4.40520146497078,6.31462934339821
"5422",22,"UKENSW_SWS_TP000064",NA,5.41130420090686,4.48598527320292,6.33443408634637
"5423",23,"UKENSW_SWS_TP000064",5.326259469,5.51680037351336,4.56655038015413,6.46653196232737
"5424",24,"UKENSW_SWS_TP000064",NA,5.64576427747492,4.71674591804634,6.57067442085424
"5425",25,"UKENSW_SWS_TP000064",NA,5.49207334844212,4.54084947042067,6.44339284196756
"5426",26,"UKENSW_SWS_TP000064",NA,5.52250765787973,4.59762637716098,6.44535263252668
"5427",27,"UKENSW_SWS_TP000064",5.895964163,5.35538952572905,4.39869533580511,6.31040555427935
"5428",28,"UKENSW_SWS_TP000064",NA,5.6534416547019,4.72978599248558,6.57623294569224
"5429",29,"UKENSW_SWS_TP000064",6.158805681,5.50145448127824,4.55046937766827,6.45173332492859
"5430",30,"UKENSW_SWS_TP000064",NA,5.55974853119518,4.63418394553479,6.48283430595258
"5431",31,"UKENSW_SWS_TP000064",NA,5.33699747069458,4.36980570955386,6.30358399905845
"5432",32,"UKENSW_SWS_TP000064",NA,5.25500876217021,4.32613018042749,6.18259960999024
"5433",33,"UKENSW_SWS_TP000064",5.483096562,5.34817225185547,4.40704108428238,6.28984912331228
"5434",34,"UKENSW_SWS_TP000064",NA,5.2030551017271,4.2791198543646,6.12501167380028
"5435",35,"UKENSW_SWS_TP000064",5.090215149,5.09686913777202,4.14273019982328,6.05124523527046
"5436",36,"UKENSW_SWS_TP000064",NA,5.17685397131677,4.25388575757228,6.09969595980794
"5437",37,"UKENSW_SWS_TP000064",5.490514734,5.56270049515332,4.61031214551371,6.51529960675301
"5438",38,"UKENSW_SWS_TP000064",NA,5.61201003538801,4.68921898529135,6.53453357771815
"5439",39,"UKENSW_SWS_TP000064",5.139161269,5.84132904141067,4.88963088814636,6.7946931479074
"5440",40,"UKENSW_SWS_TP000064",NA,5.70711812051572,4.78518976330202,6.63022572570589
"5441",41,"UKENSW_SWS_TP000064",6.60206409,5.7762264988433,4.82479158956914,6.72860097871153
"5442",42,"UKENSW_SWS_TP000064",NA,5.745479331657,4.82212510253211,6.67149652525045
"5443",43,"UKENSW_SWS_TP000064",NA,5.82084800275754,4.87188484690407,6.77195657883627
"5444",44,"UKENSW_SWS_TP000064",5.547092113,5.63701809221279,4.71458036522686,6.55926801403785
"5445",45,"UKENSW_SWS_TP000064",NA,5.70398946428423,4.73994852545243,6.66918328050648
"5626",1,"UKENSW_WXW_TP000086",NA,4.48317627742631,3.53756187467417,5.42836575934968
"5627",2,"UKENSW_WXW_TP000086",4.369170902,4.47647220437178,3.57080795471794,5.38356743757047
"5628",3,"UKENSW_WXW_TP000086",NA,4.7277180481476,3.79823653888316,5.65771161521241
"5629",4,"UKENSW_WXW_TP000086",3.535705079,4.72619113602148,3.82106821177981,5.6339897805547
"5630",5,"UKENSW_WXW_TP000086",NA,4.93784419563191,4.00542789230044,5.87294198117976
"5631",6,"UKENSW_WXW_TP000086",5.150657507,5.03752489997817,4.13201885668404,5.94495941195166
"5632",7,"UKENSW_WXW_TP000086",NA,4.99569899309322,4.05636561132047,5.93721380480023
"5633",8,"UKENSW_WXW_TP000086",5.092156521,4.98763489004747,4.0832642144513,5.89470788055049
"5634",9,"UKENSW_WXW_TP000086",NA,5.21368226051549,4.2752331551784,6.15202774999211
"5635",10,"UKENSW_WXW_TP000086",5.145130185,5.47770477075131,4.57089535617916,6.3829363970777
"5636",11,"UKENSW_WXW_TP000086",NA,5.51714788340686,4.58039726711423,6.45644061568247
"5637",12,"UKENSW_WXW_TP000086",5.454277103,5.49113874147342,4.58485520729907,6.39631553876333
"5638",13,"UKENSW_WXW_TP000086",NA,5.28980747884709,4.33859270073573,6.24066146821559
"5639",14,"UKENSW_WXW_TP000086",4.651739623,5.41545534011303,4.50926566146976,6.32756592162291
"5640",15,"UKENSW_WXW_TP000086",NA,5.40017246141106,4.46307158146518,6.34003459368714
"5641",16,"UKENSW_WXW_TP000086",5.493783,5.57373074871134,4.66775647900827,6.47880688278068
"5642",17,"UKENSW_WXW_TP000086",NA,5.43832023244043,4.50227701706041,6.37682508008598
"5643",18,"UKENSW_WXW_TP000086",5.521939087,5.35506435683047,4.45012218496768,6.25983198663628
"5644",19,"UKENSW_WXW_TP000086",NA,5.20009603050209,4.26121192572121,6.13847376481534
"5645",20,"UKENSW_WXW_TP000086",5.362778051,5.2890117324787,4.38284564163422,6.1934807789589
"5646",21,"UKENSW_WXW_TP000086",NA,5.19488064784949,4.25820633181077,6.13067487829009
"5647",22,"UKENSW_WXW_TP000086",5.224282138,5.24370768482905,4.3368321591134,6.1491900686753
"5648",23,"UKENSW_WXW_TP000086",NA,5.35208633815644,4.41985166082407,6.28458629306878
"5649",24,"UKENSW_WXW_TP000086",5.426166125,5.47387817669345,4.56226847312924,6.38153901353721
"5650",25,"UKENSW_WXW_TP000086",NA,5.32165435002207,4.38904154339516,6.25501788627343
"5651",26,"UKENSW_WXW_TP000086",5.802202832,5.30963680763557,4.40413563950006,6.21419418217081
"5652",27,"UKENSW_WXW_TP000086",NA,5.19549025698049,4.25602005022379,6.13382212084151
"5653",28,"UKENSW_WXW_TP000086",6.119987105,5.394778265022,4.48960140016738,6.29865601968339
"5654",29,"UKENSW_WXW_TP000086",NA,5.35217615268516,4.42020241857656,6.28405791846419
"5655",30,"UKENSW_WXW_TP000086",5.641325929,5.34830188970583,4.44238357645485,6.25227114124755
"5656",31,"UKENSW_WXW_TP000086",NA,5.1701521938931,4.21394763987155,6.12570984685613
"5657",32,"UKENSW_WXW_TP000086",5.223383667,5.20626472621874,4.29964156041922,6.11311943170628
"5658",33,"UKENSW_WXW_TP000086",NA,5.1876260603744,4.26581628455774,6.1107772043088
"5659",34,"UKENSW_WXW_TP000086",5.612551821,5.04725208494704,4.14179692299211,5.95102478454595
"5660",35,"UKENSW_WXW_TP000086",NA,4.9505563168104,4.01589350861852,5.88648563558786
"5661",36,"UKENSW_WXW_TP000086",4.608219874,5.01692472654125,4.11255467854316,5.92339575257273
"5662",37,"UKENSW_WXW_TP000086",NA,5.41045652109211,4.47642028310832,6.3453207964592
"5663",38,"UKENSW_WXW_TP000086",5.386649776,5.3959800718411,4.4914471428131,6.30086228461559
"5664",39,"UKENSW_WXW_TP000086",NA,5.69490566761977,4.76235156261191,6.62994139987563
"5665",40,"UKENSW_WXW_TP000086",5.440647813,5.56214959842924,4.65739575399469,6.46873053174327
"5666",41,"UKENSW_WXW_TP000086",NA,5.62291947672712,4.69030186421831,6.5573017463123
"5667",42,"UKENSW_WXW_TP000086",5.13651932,5.59144176263479,4.6866555658196,6.50023592225913
"5668",43,"UKENSW_WXW_TP000086",NA,5.67132829760145,4.74273230249915,6.60277333205986
"5669",44,"UKENSW_WXW_TP000086",6.110926983,5.47920726533744,4.5745046267812,6.38480957767899
"5670",45,"UKENSW_WXW_TP000086",NA,5.54808523649021,4.6041239727418,6.49431516519511
"3601",1,"UKENNW_UU_TP000027",NA,4.40521370787453,3.4785759454299,5.3317965234781
"3602",2,"UKENNW_UU_TP000027",3.247209071,4.48568368700943,3.58777004580099,5.38388070970282
"3603",3,"UKENNW_UU_TP000027",NA,4.66922700995078,3.76279923136692,5.57661708495282
"3604",4,"UKENNW_UU_TP000027",5.083587637,4.73717302307115,3.83710727736653,5.63759098761922
"3605",5,"UKENNW_UU_TP000027",NA,4.87385440577767,3.95906488060705,5.79002972385577
"3606",6,"UKENNW_UU_TP000027",3.936318398,4.95783690364686,4.0602797076249,5.85760104382819
"3607",7,"UKENNW_UU_TP000027",NA,4.89761924891347,3.97741360142991,5.81974050130419
"3608",8,"UKENNW_UU_TP000027",4.175769931,4.92893197616461,4.03186658806096,5.82798247883269
"3609",9,"UKENNW_UU_TP000027",NA,5.11619782734729,4.19765575082238,6.03685660586691
"3610",10,"UKENNW_UU_TP000027",5.531914677,5.27858314243807,4.38069055121779,6.17983397318681
"3611",11,"UKENNW_UU_TP000027",NA,5.38030386181673,4.4641836186655,6.29911364957708
"3612",12,"UKENNW_UU_TP000027",5.076427895,5.41662155061092,4.51925594809522,6.31444230598085
"3613",13,"UKENNW_UU_TP000027",NA,5.34972698922671,4.43412661918221,6.26730182819901
"3614",14,"UKENNW_UU_TP000027",5.35475796,5.39237798782251,4.49638199251205,6.28976649409431
"3615",15,"UKENNW_UU_TP000027",NA,5.30288484899309,4.38688285179109,6.22059558332114
"3616",16,"UKENNW_UU_TP000027",5.401560687,5.42798416944364,4.53117376085053,6.32648261866332
"3617",17,"UKENNW_UU_TP000027",NA,5.37267075687773,4.45665771989395,6.29064187099488
"3618",18,"UKENNW_UU_TP000027",4.951771304,5.26723126406492,4.36904826999079,6.16547512456983
"3619",19,"UKENNW_UU_TP000027",NA,5.1448721931697,4.22691033271593,6.06385518113981
"3620",20,"UKENNW_UU_TP000027",5.320384208,5.13964757830637,4.24178907465739,6.03778387484457
"3621",21,"UKENNW_UU_TP000027",NA,5.12682963728098,4.2105970484638,6.043859085662
"3622",22,"UKENNW_UU_TP000027",4.920578153,5.11698930800075,4.22070124309593,6.01365170863803
"3623",23,"UKENNW_UU_TP000027",NA,5.23930014618939,4.32662993261852,6.1547090266276
"3624",24,"UKENNW_UU_TP000027",5.303169222,5.2645113739431,4.36841495509363,6.16278995635294
"3625",25,"UKENNW_UU_TP000027",NA,5.25058750713302,4.33494344340308,6.16648064007686
"3626",26,"UKENNW_UU_TP000027",4.785960134,5.26730935116362,4.36907141074422,6.16489592642081
"3627",27,"UKENNW_UU_TP000027",NA,5.15176199246576,4.23586414824568,6.06908715755468
"3628",28,"UKENNW_UU_TP000027",5.188913875,5.37677947207,4.47888386314695,6.27475638075977
"3629",29,"UKENNW_UU_TP000027",NA,5.26086980549565,4.348762522173,6.17400429085735
"3630",30,"UKENNW_UU_TP000027",4.708291709,5.24990253014666,4.35365372306469,6.14595305675244
"3631",31,"UKENNW_UU_TP000027",NA,5.1791747125834,4.24125625417992,6.11864765524399
"3632",32,"UKENNW_UU_TP000027",5.270130447,5.23637635432535,4.3374385685459,6.13421450525235
"3633",33,"UKENNW_UU_TP000027",NA,5.1158391082011,4.21296045050102,6.01982657916271
"3634",34,"UKENNW_UU_TP000027",5.407865795,4.9345901354161,4.03526678858598,5.83249825653708
"3635",35,"UKENNW_UU_TP000027",NA,4.89788991966646,3.98007702184067,5.81455640940177
"3636",36,"UKENNW_UU_TP000027",5.569329766,5.00144828580145,4.10390520886468,5.89759232269676
"3637",37,"UKENNW_UU_TP000027",NA,5.27938497464323,4.35985742085187,6.19913361881907
"3638",38,"UKENNW_UU_TP000027",5.702077995,5.20926229027204,4.31007568270293,6.11104227419975
"3639",39,"UKENNW_UU_TP000027",NA,5.6106939390933,4.69553091322075,6.52789916458105
"3640",40,"UKENNW_UU_TP000027",5.677893065,5.55749878033306,4.65968819711383,6.45402639064211
"3641",41,"UKENNW_UU_TP000027",NA,5.35504307618459,4.38831852315259,6.31996959770878
"3642",42,"UKENNW_UU_TP000027",5.831553625,5.60061081309129,4.7016999442939,6.49767067874369
"3643",43,"UKENNW_UU_TP000027",NA,5.63289402489066,4.72161267774873,6.54628671279267
"3644",44,"UKENNW_UU_TP000027",4.665606362,5.4259481639844,4.52889483651933,6.32231538870312
"3645",45,"UKENNW_UU_TP000027",NA,5.46563205924676,4.53918338623181,6.39222676266925
"4366",1,"UKENSO_SW_TP000001",NA,4.16812581047862,3.2462708004826,5.09078942897151
"4367",2,"UKENSO_SW_TP000001",NA,4.25594645067666,3.36663580968739,5.14792247458053
"4368",3,"UKENSO_SW_TP000001",4.977552098,4.44447851324285,3.54043037806927,5.35098396465689
"4369",4,"UKENSO_SW_TP000001",NA,4.51620719706183,3.6263514937703,5.40693014247426
"4370",5,"UKENSO_SW_TP000001",NA,4.64450417138693,3.73173889850379,5.56054136112701
"4371",6,"UKENSO_SW_TP000001",4.932833197,4.72698216414423,3.83809962084675,5.61869062917434
"4372",7,"UKENSO_SW_TP000001",4.784552631,4.68638518063278,3.76851867433479,5.60660927249179
"4373",8,"UKENSO_SW_TP000001",NA,4.69421969701693,3.80634909858541,5.58446706826016
"4374",9,"UKENSO_SW_TP000001",5.499620355,4.95787029427172,4.0407133005518,5.87555294781109
"4375",10,"UKENSO_SW_TP000001",NA,5.1857317345592,4.29424961606692,6.0754497586174
"4376",11,"UKENSO_SW_TP000001",5.724023869,5.22571509401086,4.31160112259053,6.14271414893483
"4377",12,"UKENSO_SW_TP000001",NA,5.15145319973445,4.26376509379044,6.04148883456124
"4378",13,"UKENSO_SW_TP000001",NA,5.08701076458621,4.17245589662361,6.00353800742878
"4379",14,"UKENSO_SW_TP000001",3.669032815,5.21191262191381,4.32452536040381,6.1011223176768
"4380",15,"UKENSO_SW_TP000001",5.538698277,5.11823701592148,4.2014624371959,6.03798755296229
"4381",16,"UKENSO_SW_TP000001",NA,5.27487729700104,4.38565786901888,6.16437059098927
"4382",17,"UKENSO_SW_TP000001",5.620239768,5.14265547929704,4.22889191105414,6.05952007256088
"4383",18,"UKENSO_SW_TP000001",NA,5.04414931536455,4.15620317345557,5.93497318145971
"4384",19,"UKENSO_SW_TP000001",4.325388896,4.92111597111704,4.00287954592216,5.83936911161631
"4385",20,"UKENSO_SW_TP000001",NA,4.99063920637312,4.10073059527631,5.88050901306008
"4386",21,"UKENSO_SW_TP000001",5.017613097,4.90732172831414,3.99317503921347,5.82237741228165
"4387",22,"UKENSO_SW_TP000001",NA,4.89019597399528,4.00133224613564,5.78004740417023
"4388",23,"UKENSO_SW_TP000001",5.93431163,5.03499028293379,4.12672897450734,5.94492465815932
"4389",24,"UKENSO_SW_TP000001",NA,5.1332402376447,4.24176332430854,6.02290668048453
"4390",25,"UKENSO_SW_TP000001",5.150799427,5.066276036602,4.15726902770714,5.97691425677087
"4391",26,"UKENSO_SW_TP000001",NA,4.98134302158126,4.09248351715725,5.87004825420387
"4392",27,"UKENSO_SW_TP000001",5.076046702,4.95196286231495,4.03513901507784,5.86870284160794
"4393",28,"UKENSO_SW_TP000001",NA,5.12429239775099,4.23696974104937,6.01180565129537
"4394",29,"UKENSO_SW_TP000001",4.27154913,5.06149528248351,4.14989126006521,5.97376331554744
"4395",30,"UKENSO_SW_TP000001",NA,4.98059974778037,4.09369662814238,5.86866138618207
"4396",31,"UKENSO_SW_TP000001",NA,4.6741780252734,3.67858379193783,5.66575165875134
"4397",32,"UKENSO_SW_TP000001",4.820299966,4.88933030095355,3.99721754465112,5.78417056496346
"4398",33,"UKENSO_SW_TP000001",4.775780192,4.9110344394398,4.01764923819324,5.80630472310139
"4399",34,"UKENSO_SW_TP000001",NA,4.74353184771102,3.85580947769882,5.63146230309429
"4400",35,"UKENSO_SW_TP000001",5.479287146,4.69310362648948,3.77932427758453,5.60737803527159
"4401",36,"UKENSO_SW_TP000001",NA,4.83778191737206,3.94979680357601,5.72584659324277
"4402",37,"UKENSO_SW_TP000001",6.08710977,5.06857766156761,4.15385104992818,5.98510780258668
"4403",38,"UKENSO_SW_TP000001",NA,4.99166671431747,4.10246119452296,5.88317512960592
"4404",39,"UKENSO_SW_TP000001",5.848149791,5.40717093588844,4.49602906011937,6.32033607711061
"4405",40,"UKENSO_SW_TP000001",NA,5.19526333074197,4.30634227303037,6.08648932444135
"4406",41,"UKENSO_SW_TP000001",6.047058965,5.33930676632621,4.42730406215713,6.25363776377487
"4407",42,"UKENSO_SW_TP000001",NA,5.37251245010692,4.48528401515794,6.26101118527392
"4408",43,"UKENSO_SW_TP000001",4.844459322,5.45235257405753,4.54744378130402,6.35799190259083
"4409",44,"UKENSO_SW_TP000001",NA,5.27174734990097,4.38216373908931,6.16138013518602
"4410",45,"UKENSO_SW_TP000001",NA,5.34630776164778,4.42788704107964,6.26393991767326
"4501",1,"UKENSO_SW_TP000011",NA,4.48608504667587,3.55888330633088,5.41219305961117
"4502",2,"UKENSO_SW_TP000011",3.53165267,4.56941835959166,3.67296205679543,5.46666552090098
"4503",3,"UKENSO_SW_TP000011",5.356683556,4.76214919357158,3.85010715134056,5.67443831843909
"4504",4,"UKENSO_SW_TP000011",NA,4.83462442399286,3.93662544118102,5.73080692817032
"4505",5,"UKENSO_SW_TP000011",NA,4.96388284231313,4.04262515111976,5.88620398913064
"4506",6,"UKENSO_SW_TP000011",5.442871894,5.04306328802644,4.14566521155157,5.94118263290835
"4507",7,"UKENSO_SW_TP000011",NA,5.00238353128278,4.07502971415997,5.92995438060409
"4508",8,"UKENSO_SW_TP000011",4.914712448,5.00945303572222,4.11265294023566,5.90625413715913
"4509",9,"UKENSO_SW_TP000011",NA,5.27388453931266,4.3495593934546,6.1965243260843
"4510",10,"UKENSO_SW_TP000011",5.93607877,5.50175271435903,4.60052767483035,6.39845909124691
"4511",11,"UKENSO_SW_TP000011",NA,5.54593427068994,4.62421282366499,6.46855285223305
"4512",12,"UKENSO_SW_TP000011",6.051960033,5.47129157667441,4.57473311699113,6.36751474660911
"4513",13,"UKENSO_SW_TP000011",NA,5.41014072749356,4.48819716242912,6.33186833290533
"4514",14,"UKENSO_SW_TP000011",5.762977505,5.53092918738199,4.63449102233525,6.42659200929597
"4515",15,"UKENSO_SW_TP000011",NA,5.43307416636396,4.51139230299647,6.35589952158302
"4516",16,"UKENSO_SW_TP000011",4.61614934,5.59186602133187,4.69375457354448,6.4872864635369
"4517",17,"UKENSO_SW_TP000011",NA,5.46180171107444,4.53942498638671,6.38498556598997
"4518",18,"UKENSO_SW_TP000011",4.898502717,5.36325836366507,4.46740732781479,6.25922424589504
"4519",19,"UKENSO_SW_TP000011",NA,5.23698142044336,4.31060815865229,6.1611503868951
"4520",20,"UKENSO_SW_TP000011",5.434447974,5.30741485236396,4.4097410357157,6.20241079744206
"4521",21,"UKENSO_SW_TP000011",NA,5.22513879458605,4.30290596115759,6.14605963719204
"4522",22,"UKENSO_SW_TP000011",4.823060363,5.21078370717961,4.31400748097749,6.10602375039255
"4523",23,"UKENSO_SW_TP000011",NA,5.344632200031,4.42971879664911,6.25983077494702
"4524",24,"UKENSO_SW_TP000011",5.518165223,5.44585411966047,4.54567695254094,6.34212991468229
"4525",25,"UKENSO_SW_TP000011",NA,5.37968377625776,4.46213911413065,6.2972128401215
"4526",26,"UKENSO_SW_TP000011",5.139237856,5.30279198776771,4.40544658322202,6.19815164113872
"4527",27,"UKENSO_SW_TP000011",NA,5.2627835411364,4.33828127862059,6.18560975276848
"4528",28,"UKENSO_SW_TP000011",5.165066893,5.43319065496902,4.53729268772412,6.32773879484014
"4529",29,"UKENSO_SW_TP000011",NA,5.37161992827359,4.45147965069233,6.29090880072212
"4530",30,"UKENSO_SW_TP000011",4.862883951,5.29219404747022,4.39598262178851,6.18794721765504
"4531",31,"UKENSO_SW_TP000011",NA,4.99117338510694,3.98632072341033,5.99130678976806
"4532",32,"UKENSO_SW_TP000011",4.886216175,5.19371985261335,4.29408367214745,6.09504617641646
"4533",33,"UKENSO_SW_TP000011",NA,5.22224417433308,4.32068774199762,6.12387099102613
"4534",34,"UKENSO_SW_TP000011",5.50158109,5.05506255422081,4.15767476043269,5.95043183216134
"4535",35,"UKENSO_SW_TP000011",NA,5.00629398535286,4.08236515502137,5.92897692267
"4536",36,"UKENSO_SW_TP000011",4.870444941,5.15093243894469,4.25325038538893,6.04622727113838
"4537",37,"UKENSO_SW_TP000011",NA,5.38304602486621,4.46056715101681,6.30563047927172
"4538",38,"UKENSO_SW_TP000011",4.344283603,5.3095275964539,4.41194873286538,6.20766934528756
"4539",39,"UKENSO_SW_TP000011",NA,5.72046655098619,4.80008831217369,6.64119907587706
"4540",40,"UKENSO_SW_TP000011",4.981852846,5.50537740889409,4.60912261202429,6.40257082380948
"4541",41,"UKENSO_SW_TP000011",NA,5.64760018449051,4.7269115350546,6.56893052241146
"4542",42,"UKENSO_SW_TP000011",5.707991111,5.68104505877799,4.78511998207097,6.57649904188835
"4543",43,"UKENSO_SW_TP000011",NA,5.76389525200925,4.85055835794163,6.67647698038521
"4544",44,"UKENSO_SW_TP000011",5.07196957,5.58213865857992,4.68356427180068,6.47876832213782
"4545",45,"UKENSO_SW_TP000011",NA,5.65794533578877,4.73166913029456,6.58169833954415
"4546",1,"UKENSO_SW_TP000013",NA,4.38003745524004,3.44126753983015,5.31788262322386
"4547",2,"UKENSO_SW_TP000013",4.422357225,4.45261321205704,3.54622821151215,5.36036488559573
"4548",3,"UKENSO_SW_TP000013",NA,4.65680957514891,3.73311241415866,5.58136184773288
"4549",4,"UKENSO_SW_TP000013",4.720711696,4.74097311314508,3.83240918265498,5.64719583498185
"4550",5,"UKENSO_SW_TP000013",NA,4.8620697934141,3.92778135312164,5.79772240327204
"4551",6,"UKENSO_SW_TP000013",5.638980688,4.93867159836257,4.03047054958631,5.8475450113193
"4552",7,"UKENSO_SW_TP000013",NA,4.90798699696115,3.96859434668174,5.84770426344396
"4553",8,"UKENSO_SW_TP000013",5.00012755,4.908814234647,4.00306576206704,5.81527927162134
"4554",9,"UKENSO_SW_TP000013",NA,5.17761775626724,4.24133095556795,6.11227528708
"4555",10,"UKENSO_SW_TP000013",4.887400722,5.40416828719002,4.4943051645657,6.30945341039788
"4556",11,"UKENSO_SW_TP000013",NA,5.43400278615399,4.50101996419807,6.3682434643979
"4557",12,"UKENSO_SW_TP000013",5.787362081,5.3539023807073,4.44893822834353,6.25986191626205
"4558",13,"UKENSO_SW_TP000013",NA,5.29288020002869,4.35903217439976,6.22698858062782
"4559",14,"UKENSO_SW_TP000013",5.626877128,5.43487969418599,4.52947263467189,6.33987323439219
"4560",15,"UKENSO_SW_TP000013",NA,5.33275349282745,4.39826324982632,6.26849961751731
"4561",16,"UKENSO_SW_TP000013",5.794886766,5.5018511968729,4.59370603581316,6.40723896292528
"4562",17,"UKENSO_SW_TP000013",NA,5.36247624998225,4.42759337317858,6.29853977001779
"4563",18,"UKENSO_SW_TP000013",4.904065612,5.25856582566416,4.35289869408818,6.16524077669742
"4564",19,"UKENSO_SW_TP000013",NA,5.14370175776974,4.20480555243655,6.08016614962003
"4565",20,"UKENSO_SW_TP000013",5.263257141,5.20945620168709,4.30164477287267,6.11451046098384
"4566",21,"UKENSO_SW_TP000013",NA,5.1232376447554,4.1886715196052,6.05659780633662
"4567",22,"UKENSO_SW_TP000013",5.977097574,5.09596762165065,4.18884431595762,6.00156694338748
"4568",23,"UKENSO_SW_TP000013",5.801385261,5.24061089192191,4.31361909934691,6.16778160182589
"4569",24,"UKENSO_SW_TP000013",NA,5.3362300288254,4.42557315425104,6.24232105080586
"4570",25,"UKENSO_SW_TP000013",NA,5.27660907216131,4.34671329570375,6.20635995528895
"4571",26,"UKENSO_SW_TP000013",5.261460423,5.18138420601149,4.27220522579634,6.08808957407247
"4572",27,"UKENSO_SW_TP000013",NA,5.16521277627025,4.22727993148524,6.10103716570397
"4573",28,"UKENSO_SW_TP000013",4.873484562,5.33355305917556,4.42707833790529,6.23838765238839
"4574",29,"UKENSO_SW_TP000013",NA,5.2736943374732,4.3397612076561,6.20635240978633
"4575",30,"UKENSO_SW_TP000013",4.317109626,5.1818908130817,4.2756028830745,6.08779146924247
"4576",31,"UKENSO_SW_TP000013",NA,4.88467097677213,3.8652486535472,5.89893670589377
"4577",32,"UKENSO_SW_TP000013",5.153982611,5.08447494998308,4.17308271154049,5.99880028695498
"4578",33,"UKENSO_SW_TP000013",NA,5.12226857563307,4.21169625555187,6.03336408915747
"4579",34,"UKENSO_SW_TP000013",3.6037577,4.96503820609448,4.05710164990864,5.87092399514031
"4580",35,"UKENSO_SW_TP000013",NA,4.90921598722964,3.97172804479018,5.84536441421909
"4581",36,"UKENSO_SW_TP000013",3.908390887,5.07081596422633,4.16253083681056,5.97633419576796
"4582",37,"UKENSO_SW_TP000013",NA,5.27901980042973,4.34296332719203,6.21537365809198
"4583",38,"UKENSO_SW_TP000013",6.18843869,5.1895929215142,4.2813178244164,6.09812163174774
"4584",39,"UKENSO_SW_TP000013",NA,5.62269624784971,4.68840926083178,6.55713855461624
"4585",40,"UKENSO_SW_TP000013",5.348463855,5.39115009554931,4.48447076900006,6.2992005262975
"4586",41,"UKENSO_SW_TP000013",NA,5.55830053168352,4.62364481663407,6.49355972178757
"4587",42,"UKENSO_SW_TP000013",5.479056971,5.60114999482756,4.69343378770263,6.50784563406596
"4588",43,"UKENSO_SW_TP000013",NA,5.67153666208569,4.74486374634919,6.59633306013664
"4589",44,"UKENSO_SW_TP000013",4.5711645,5.48929984277567,4.57973114437151,6.39671073828795
"4590",45,"UKENSO_SW_TP000013",NA,5.57505709414404,4.63749423522296,6.50912481964462
"5581",1,"UKENSW_WXW_TP000038",NA,4.43166410763429,3.49929314678815,5.36362342976617
"5582",2,"UKENSW_WXW_TP000038",5.078979892,4.52588608002902,3.6245968306544,5.42872706862651
"5583",3,"UKENSW_WXW_TP000038",NA,4.70143975366879,3.78544041032471,5.61806456400766
"5584",4,"UKENSW_WXW_TP000038",4.635824214,4.74183123002063,3.84017881360674,5.64350770609564
"5585",5,"UKENSW_WXW_TP000038",NA,4.90074076425521,3.97791314192394,5.82515339472862
"5586",6,"UKENSW_WXW_TP000038",5.069649036,4.98736416223846,4.08523829561587,5.89073508605478
"5587",7,"UKENSW_WXW_TP000038",NA,4.9268570498502,3.99735362420022,5.85732408014235
"5588",8,"UKENSW_WXW_TP000038",4.859663706,4.95674891885314,4.05556363371611,5.85873957459103
"5589",9,"UKENSW_WXW_TP000038",NA,5.19604330109799,4.26915016693647,6.12220667384397
"5590",10,"UKENSW_WXW_TP000038",5.407781386,5.42066214430642,4.51673798088397,6.3222020291816
"5591",11,"UKENSW_WXW_TP000038",NA,5.48758469345075,4.56244545782503,6.41447701201102
"5592",12,"UKENSW_WXW_TP000038",5.10880631,5.42826730677766,4.52770845515047,6.32892231789119
"5593",13,"UKENSW_WXW_TP000038",NA,5.34570930154703,4.42136705246458,6.27062978292177
"5594",14,"UKENSW_WXW_TP000038",5.478608073,5.4461070653302,4.54577705565401,6.34722537065562
"5595",15,"UKENSW_WXW_TP000038",NA,5.36564826342154,4.440759549136,6.29227270770173
"5596",16,"UKENSW_WXW_TP000038",5.665301097,5.50193619078967,4.5999710544363,6.40252311085243
"5597",17,"UKENSW_WXW_TP000038",NA,5.39247563905141,4.46857377337329,6.31788176162781
"5598",18,"UKENSW_WXW_TP000038",5.348812251,5.31213735332646,4.41135754288531,6.21318626018419
"5599",19,"UKENSW_WXW_TP000038",NA,5.1584143528754,4.23005844615265,6.08573721664771
"5600",20,"UKENSW_WXW_TP000038",5.141566494,5.2451762195155,4.34337136817176,6.14578866763433
"5601",21,"UKENSW_WXW_TP000038",NA,5.15742189825321,4.23328432127582,6.08134403360368
"5602",22,"UKENSW_WXW_TP000038",5.598605537,5.17042292259843,4.26902253256565,6.07124102486271
"5603",23,"UKENSW_WXW_TP000038",NA,5.2928011264604,4.37317175447122,6.21318806168797
"5604",24,"UKENSW_WXW_TP000038",4.921295785,5.39638742241281,4.49204002097875,6.29845338962863
"5605",25,"UKENSW_WXW_TP000038",NA,5.31555950294694,4.39444235603278,6.23753197486428
"5606",26,"UKENSW_WXW_TP000038",4.713237832,5.27974412525819,4.37799703672628,6.18079630629079
"5607",27,"UKENSW_WXW_TP000038",NA,5.18707580816706,4.25993227640808,6.11348670658656
"5608",28,"UKENSW_WXW_TP000038",5.082333204,5.38352084338713,4.48227622840766,6.28418502757757
"5609",29,"UKENSW_WXW_TP000038",NA,5.30177232905824,4.3799637364484,6.22381361726839
"5610",30,"UKENSW_WXW_TP000038",5.416914881,5.24450842472053,4.34362097506442,6.1453401699082
"5611",31,"UKENSW_WXW_TP000038",NA,4.95961753733411,3.96857371658409,5.94711662544557
"5612",32,"UKENSW_WXW_TP000038",5.480322247,5.12817967919143,4.22533669069108,6.03257865191822
"5613",33,"UKENSW_WXW_TP000038",NA,5.14841688119713,4.2391080965859,6.05839492451569
"5614",34,"UKENSW_WXW_TP000038",4.954406383,4.95592368026076,4.0540712768189,5.85632220049475
"5615",35,"UKENSW_WXW_TP000038",NA,4.93423406689398,4.00918218817235,5.85900069653667
"5616",36,"UKENSW_WXW_TP000038",5.004366759,5.0298360332161,4.12890683813779,5.92998286845589
"5617",37,"UKENSW_WXW_TP000038",NA,5.33385851752239,4.40967681082474,6.25884455404471
"5618",38,"UKENSW_WXW_TP000038",5.002173571,5.28040458109127,4.37864103891563,6.18360821186737
"5619",39,"UKENSW_WXW_TP000038",NA,5.65434754301342,4.73203040085448,6.57799289790852
"5620",40,"UKENSW_WXW_TP000038",5.550707794,5.47722157001111,4.57577338693409,6.37975620363663
"5621",41,"UKENSW_WXW_TP000038",NA,5.5710632957167,4.64800428054776,6.49535423160388
"5622",42,"UKENSW_WXW_TP000038",4.831961656,5.57993442635205,4.67876536791989,6.48155697537522
"5623",43,"UKENSW_WXW_TP000038",NA,5.68986603981165,4.7712369609132,6.60938020988367
"5624",44,"UKENSW_WXW_TP000038",5.571641183,5.50060351505465,4.59843779663917,6.40241617878169
"5625",45,"UKENSW_WXW_TP000038",NA,5.56506938275918,4.6334799787653,6.49605503451864
"4411",1,"UKENSO_SW_TP000004",NA,4.31674558792482,3.40340389718973,5.22979454773572
"4412",2,"UKENSO_SW_TP000004",3.600289418,4.41001186668089,3.52301121538834,5.29850348078743
"4413",3,"UKENSO_SW_TP000004",NA,4.62039246200387,3.72126879982754,5.52139987708313
"4414",4,"UKENSO_SW_TP000004",3.992628578,4.70118593139879,3.81368159834298,5.58828816621941
"4415",5,"UKENSO_SW_TP000004",NA,4.82140544022427,3.91389449712713,5.7312096367629
"4416",6,"UKENSO_SW_TP000004",4.348946801,4.90240952717191,4.01545241626229,5.79086324743985
"4417",7,"UKENSO_SW_TP000004",NA,4.82587823661638,3.91221007752438,5.74060035451762
"4418",8,"UKENSO_SW_TP000004",4.61831332,4.86437381722667,3.97831717652464,5.75195278234458
"4419",9,"UKENSO_SW_TP000004",NA,5.15231488714192,4.24087898246159,6.06353203328738
"4420",10,"UKENSO_SW_TP000004",5.217208996,5.33464985266898,4.44559026409436,6.22141132529161
"4421",11,"UKENSO_SW_TP000004",NA,5.4068582384116,4.49836936197185,6.31799700100539
"4422",12,"UKENSO_SW_TP000004",6.050740894,5.30507268873461,4.41914433545266,6.19296616901372
"4423",13,"UKENSO_SW_TP000004",NA,5.28073659553191,4.37278645047609,6.19064795959705
"4424",14,"UKENSO_SW_TP000004",5.279031743,5.39623149510025,4.5106040991112,6.28240784823973
"4425",15,"UKENSO_SW_TP000004",NA,5.29548165151738,4.38509290274837,6.20833860619321
"4426",16,"UKENSO_SW_TP000004",4.834795874,5.44442171825407,4.55817763784261,6.33041510831687
"4427",17,"UKENSO_SW_TP000004",NA,5.31477324401053,4.40646019410372,6.22537319022196
"4428",18,"UKENSO_SW_TP000004",5.261560524,5.19995511460377,4.31481010935983,6.08734751379364
"4429",19,"UKENSO_SW_TP000004",NA,5.10125154373019,4.18818613792665,6.01341257415482
"4430",20,"UKENSO_SW_TP000004",5.184202571,5.16772248033049,4.27966703834621,6.05450909465956
"4431",21,"UKENSO_SW_TP000004",NA,5.06582733946854,4.15725472276465,5.97485770345785
"4432",22,"UKENSO_SW_TP000004",5.19321303,5.06096230601208,4.17442533056215,5.94783535043755
"4433",23,"UKENSO_SW_TP000004",NA,5.17558733631861,4.27248386101839,6.07965219043998
"4434",24,"UKENSO_SW_TP000004",3.869722144,5.2725813817833,4.38359748639238,6.15923360299636
"4435",25,"UKENSO_SW_TP000004",NA,5.22641461076281,4.32050206616308,6.13327909358023
"4436",26,"UKENSO_SW_TP000004",5.278352289,5.13714468945265,4.24879708749109,6.02438320254678
"4437",27,"UKENSO_SW_TP000004",NA,5.14328903203513,4.23203831967867,6.05451714065303
"4438",28,"UKENSO_SW_TP000004",4.650708597,5.27845661139943,4.39199879906232,6.16407035561283
"4439",29,"UKENSO_SW_TP000004",NA,5.24347661269549,4.33590891798615,6.15135375768977
"4440",30,"UKENSO_SW_TP000004",5.112377127,5.17090758678134,4.28519734036669,6.05730879427444
"4441",31,"UKENSO_SW_TP000004",NA,4.85819981164171,3.86902767026518,5.84331229721744
"4442",32,"UKENSO_SW_TP000004",4.928744242,5.05139903799928,4.16188990518804,5.94378901123305
"4443",33,"UKENSO_SW_TP000004",NA,5.07431252822077,4.1860877004988,5.96348212026839
"4444",34,"UKENSO_SW_TP000004",3.499478946,4.91369411806693,4.02689596655942,5.79963046139119
"4445",35,"UKENSO_SW_TP000004",NA,4.87988808208167,3.97009656175069,5.78967945121353
"4446",36,"UKENSO_SW_TP000004",4.030300534,5.03479688838625,4.1472075096158,5.92076377751746
"4447",37,"UKENSO_SW_TP000004",NA,5.18679924511874,4.2761450822378,6.09798455529099
"4448",38,"UKENSO_SW_TP000004",6.189771456,5.15544063782868,4.26819626820512,6.043763837349
"4449",39,"UKENSO_SW_TP000004",NA,5.57283150770583,4.66592891886459,6.48107139474006
"4450",40,"UKENSO_SW_TP000004",5.510915938,5.34268611130282,4.45420367240279,6.23396904382944
"4451",41,"UKENSO_SW_TP000004",NA,5.52030952747489,4.61270945647965,6.42988384603048
"4452",42,"UKENSO_SW_TP000004",5.23274251,5.55602496379347,4.66931230583695,6.44254395702012
"4453",43,"UKENSO_SW_TP000004",NA,5.6093126119429,4.70816632943477,6.51049603839832
"4454",44,"UKENSO_SW_TP000004",5.576266543,5.43661263991327,4.54812999671457,6.3242419001491
"4455",45,"UKENSO_SW_TP000004",NA,5.54291722726665,4.62829590625461,6.45551356043976
"4456",1,"UKENSO_SW_TP000008",NA,4.49829263272873,3.56688912562669,5.42876746657728
"4457",2,"UKENSO_SW_TP000008",4.308806434,4.58788730803895,3.68404724054028,5.49261730811467
"4458",3,"UKENSO_SW_TP000008",NA,4.79026275339278,3.87193017396185,5.70900469584608
"4459",4,"UKENSO_SW_TP000008",4.722835396,4.86242721584681,3.95652299374091,5.76643639218149
"4460",5,"UKENSO_SW_TP000008",NA,4.99151764972311,4.0648633953248,5.91931766040259
"4461",6,"UKENSO_SW_TP000008",5.068378273,5.07244447117112,4.16701131741953,5.97861428076676
"4462",7,"UKENSO_SW_TP000008",NA,5.01312027519732,4.0808458880964,5.94573677301979
"4463",8,"UKENSO_SW_TP000008",4.819473219,5.03711934005469,4.13289639477803,5.94183049730783
"4464",9,"UKENSO_SW_TP000008",NA,5.31167436761541,4.38215334755299,6.23956399549993
"4465",10,"UKENSO_SW_TP000008",5.468812343,5.50806117274856,4.60075656821343,6.41146184347374
"4466",11,"UKENSO_SW_TP000008",NA,5.56903332931916,4.6428751719636,6.49661829789965
"4467",12,"UKENSO_SW_TP000008",5.705315739,5.48279440399794,4.57964668840643,6.38675471055724
"4468",13,"UKENSO_SW_TP000008",NA,5.43693487620196,4.51104901452497,6.36334632192564
"4469",14,"UKENSO_SW_TP000008",5.429472977,5.55437077766463,4.65120556308505,6.45716459359853
"4470",15,"UKENSO_SW_TP000008",NA,5.45854988467216,4.53183773239872,6.3867209186339
"4471",16,"UKENSO_SW_TP000008",4.410017522,5.61387438834109,4.70866379230539,6.51708164108913
"4472",17,"UKENSO_SW_TP000008",NA,5.48753299261299,4.5601800880727,6.415916705027
"4473",18,"UKENSO_SW_TP000008",4.894487806,5.38173124488156,4.47789844868208,6.28581645135358
"4474",19,"UKENSO_SW_TP000008",NA,5.26777281697828,4.33619953195708,6.19699638983752
"4475",20,"UKENSO_SW_TP000008",5.745505861,5.3352251778662,4.42931404716793,6.23834189754926
"4476",21,"UKENSO_SW_TP000008",NA,5.24230955660145,4.31560989106553,6.16814391468514
"4477",22,"UKENSO_SW_TP000008",5.741759917,5.23373503216903,4.32903470860149,6.13711383422602
"4478",23,"UKENSO_SW_TP000008",NA,5.35732390080852,4.43701573046496,6.27792046566529
"4479",24,"UKENSO_SW_TP000008",4.226158194,5.45197235619353,4.54485056857791,6.35538372280551
"4480",25,"UKENSO_SW_TP000008",NA,5.39937064730279,4.475707694553,6.32305671059006
"4481",26,"UKENSO_SW_TP000008",4.980566788,5.31046429055201,4.40396218060501,6.21458526944156
"4482",27,"UKENSO_SW_TP000008",NA,5.29950258363853,4.36971612610425,6.22752223479561
"4483",28,"UKENSO_SW_TP000008",4.397201978,5.4580726990751,4.55331834547329,6.36088753088737
"4484",29,"UKENSO_SW_TP000008",NA,5.40448788656841,4.47875007796855,6.32923720080502
"4485",30,"UKENSO_SW_TP000008",4.064946015,5.33191869921289,4.42756548411407,6.23580734104401
"4486",31,"UKENSO_SW_TP000008",NA,5.0038519612744,3.98755600662844,6.01519377899886
"4487",32,"UKENSO_SW_TP000008",5.550564496,5.21361610016095,4.30723622442329,6.12275262479065
"4488",33,"UKENSO_SW_TP000008",NA,5.2404491205127,4.33338459238533,6.14778933789007
"4489",34,"UKENSO_SW_TP000008",3.742530069,5.08012619241141,4.1743444640754,5.98382375799728
"4490",35,"UKENSO_SW_TP000008",NA,5.04173059651731,4.11223896932291,5.96987033187078
"4491",36,"UKENSO_SW_TP000008",4.225282663,5.18938485869991,4.2824165540426,6.09314224058345
"4492",37,"UKENSO_SW_TP000008",NA,5.38964217756534,4.4613540030965,6.31793913829965
"4493",38,"UKENSO_SW_TP000008",5.689250537,5.33837966773446,4.43303733844008,6.2442087160046
"4494",39,"UKENSO_SW_TP000008",NA,5.74816875553606,4.82181286280263,6.6747262718171
"4495",40,"UKENSO_SW_TP000008",4.648670245,5.52687689192134,4.62227524992334,6.43319787507652
"4496",41,"UKENSO_SW_TP000008",NA,5.68257202702029,4.75654521314798,6.60940330804832
"4497",42,"UKENSO_SW_TP000008",5.500200218,5.7183391647245,4.81342272237612,6.62197162209136
"4498",43,"UKENSO_SW_TP000008",NA,5.78318616302132,4.86335761158271,6.70187281439823
"4499",44,"UKENSO_SW_TP000008",4.570680453,5.60461061398569,4.69844531935056,6.50870315393971
"4500",45,"UKENSO_SW_TP000008",NA,5.69423851039029,4.76178956533634,6.62379744881932
"4591",1,"UKENSO_SW_TP000016",4.555878257,4.55221337222758,3.62707328697851,5.47518541781133
"4592",2,"UKENSO_SW_TP000016",NA,4.65168448190561,3.75135098930657,5.55131965340933
"4593",3,"UKENSO_SW_TP000016",4.458379583,4.84596838119054,3.93227387935174,5.75851818407073
"4594",4,"UKENSO_SW_TP000016",NA,4.90591924782361,4.00187563075498,5.80750579716907
"4595",5,"UKENSO_SW_TP000016",4.461234587,5.05050552837123,4.12817937294005,5.97236478036299
"4596",6,"UKENSO_SW_TP000016",NA,5.13890245503305,4.23316546267836,6.04317421734482
"4597",7,"UKENSO_SW_TP000016",NA,5.05635910537171,4.12559017230841,5.98605635312311
"4598",8,"UKENSO_SW_TP000016",4.932348134,5.09518230865139,4.18916517839654,5.99940095945604
"4599",9,"UKENSO_SW_TP000016",5.236523701,5.36653592584054,4.44160089341121,6.28899728341394
"4600",10,"UKENSO_SW_TP000016",NA,5.54412758806823,4.63904345724338,6.44559404800961
"4601",11,"UKENSO_SW_TP000016",3.738757158,5.6329971473616,4.71224254903428,6.55434286723281
"4602",12,"UKENSO_SW_TP000016",NA,5.5513964175455,4.64860068854353,6.45292523926698
"4603",13,"UKENSO_SW_TP000016",4.740921451,5.51785056285721,4.59756369393684,6.43760439308031
"4604",14,"UKENSO_SW_TP000016",NA,5.61060096824265,4.70675531625664,6.51250671626241
"4605",15,"UKENSO_SW_TP000016",5.397926269,5.5201324227821,4.59860119742623,6.44146334375727
"4606",16,"UKENSO_SW_TP000016",NA,5.65752888342602,4.75226499241256,6.55997656125199
"4607",17,"UKENSO_SW_TP000016",4.166395336,5.54137594744035,4.61874350811478,6.46365548621311
"4608",18,"UKENSO_SW_TP000016",NA,5.43161134070279,4.53061108523632,6.33148413653934
"4609",19,"UKENSO_SW_TP000016",5.249979207,5.31159134754805,4.3864041976659,6.23407167559618
"4610",20,"UKENSO_SW_TP000016",NA,5.38100061894574,4.47835723007787,6.28063489211723
"4611",21,"UKENSO_SW_TP000016",4.539905297,5.28733936507913,4.36832246308553,6.20494404095842
"4612",22,"UKENSO_SW_TP000016",NA,5.28752854522698,4.38864646467339,6.18554144630675
"4613",23,"UKENSO_SW_TP000016",5.099023802,5.40534687005951,4.49216627367825,6.31824272100996
"4614",24,"UKENSO_SW_TP000016",NA,5.50246705913025,4.59926098975975,6.40239990730982
"4615",25,"UKENSO_SW_TP000016",4.913062348,5.4511470680162,4.53433313734137,6.36753386274144
"4616",26,"UKENSO_SW_TP000016",NA,5.37811772172194,4.47652673617131,6.27733035107484
"4617",27,"UKENSO_SW_TP000016",5.145825497,5.35063807117766,4.4292232051806,6.27028601913082
"4618",28,"UKENSO_SW_TP000016",NA,5.5088638453187,4.60805567561221,6.40761665366438
"4619",29,"UKENSO_SW_TP000016",5.255884125,5.453052510273,4.5360330021211,6.36908228258045
"4620",30,"UKENSO_SW_TP000016",NA,5.39764110456177,4.49559860009361,6.29800806015253
"4621",31,"UKENSO_SW_TP000016",NA,5.04962867636622,4.03557608063049,6.05869108038408
"4622",32,"UKENSO_SW_TP000016",NA,5.26856761963299,4.36914031084455,6.16908397665601
"4623",33,"UKENSO_SW_TP000016",4.024859783,5.28744965850176,4.38360012424709,6.19037892387553
"4624",34,"UKENSO_SW_TP000016",NA,5.11817116781639,4.21601791977334,6.01789141510573
"4625",35,"UKENSO_SW_TP000016",4.394728495,5.09220954712641,4.17047952217386,6.01199888123723
"4626",36,"UKENSO_SW_TP000016",NA,5.21717870571713,4.31469469429449,6.11668400082489
"4627",37,"UKENSO_SW_TP000016",3.967321496,5.43885473448277,4.51930017212336,6.35737728790319
"4628",38,"UKENSO_SW_TP000016",NA,5.41261746676679,4.5110707364685,6.31321114969593
"4629",39,"UKENSO_SW_TP000016",5.848721285,5.79739108002361,4.87892209039716,6.71554468354579
"4630",40,"UKENSO_SW_TP000016",NA,5.59162638925417,4.69138202589058,6.49207048830086
"4631",41,"UKENSO_SW_TP000016",5.380113942,5.7256270833148,4.80770117995718,6.64354435001759
"4632",42,"UKENSO_SW_TP000016",NA,5.75480800250651,4.85359549919088,6.65415724350841
"4633",43,"UKENSO_SW_TP000016",5.164925485,5.82867346775536,4.91455696189031,6.74184278907132
"4634",44,"UKENSO_SW_TP000016",NA,5.64386266420649,4.74237948967381,6.54322218681682
"4635",45,"UKENSO_SW_TP000016",NA,5.7284230408123,4.80024500644675,6.6541010406917
"4951",1,"UKENSO_SW_TP000090",NA,4.53303396231623,3.60004838276699,5.46272396645224
"4952",2,"UKENSO_SW_TP000090",3.385897225,4.67533982062868,3.75658474779494,5.59313765356468
"4953",3,"UKENSO_SW_TP000090",NA,4.8935026736218,3.97052575798467,5.81638319798333
"4954",4,"UKENSO_SW_TP000090",4.545502723,4.97848548251911,4.05687973521675,5.89825332660332
"4955",5,"UKENSO_SW_TP000090",NA,5.09158549964933,4.16084276228346,6.0222947761375
"4956",6,"UKENSO_SW_TP000090",5.027078549,5.18532546128816,4.26431548647844,6.10474476186084
"4957",7,"UKENSO_SW_TP000090",NA,5.06209186642208,4.12576519837178,5.99719055965438
"4958",8,"UKENSO_SW_TP000090",4.765822116,5.12065099621313,4.19958835408534,6.04064947843705
"4959",9,"UKENSO_SW_TP000090",NA,5.45250298029084,4.5199404036348,6.38430305692571
"4960",10,"UKENSO_SW_TP000090",5.016371462,5.57482692014626,4.65365238353592,6.49297319098718
"4961",11,"UKENSO_SW_TP000090",NA,5.68866160515991,4.75902887736168,6.61990885979453
"4962",12,"UKENSO_SW_TP000090",5.511241655,5.55415446978158,4.63483136450347,6.47294647008568
"4963",13,"UKENSO_SW_TP000090",NA,5.57773215769364,4.64927290866699,6.50728016575831
"4964",14,"UKENSO_SW_TP000090",4.569344473,5.6596949485949,4.74053384859514,6.57768117183088
"4965",15,"UKENSO_SW_TP000090",NA,5.57322102604373,4.64365591125713,6.50388401811792
"4966",16,"UKENSO_SW_TP000090",5.158591098,5.68692820649594,4.76644863967613,6.60571479943735
"4967",17,"UKENSO_SW_TP000090",NA,5.57457038895975,4.64329316985831,6.50583818478429
"4968",18,"UKENSO_SW_TP000090",4.430407033,5.43907159423419,4.52033111175038,6.35775008776375
"4969",19,"UKENSO_SW_TP000090",NA,5.38130991096844,4.44807528660491,6.31310802393218
"4970",20,"UKENSO_SW_TP000090",5.600347425,5.4287441934015,4.50744560712204,6.34694146783053
"4971",21,"UKENSO_SW_TP000090",NA,5.30614740179318,4.37652257109064,6.23436564580417
"4972",22,"UKENSO_SW_TP000090",3.954531199,5.33288499034884,4.41293391087198,6.25119466615348
"4973",23,"UKENSO_SW_TP000090",NA,5.38238337273079,4.45706089974685,6.30588031197728
"4974",24,"UKENSO_SW_TP000090",4.883272093,5.52584592793747,4.60540669345084,6.44335903257446
"4975",25,"UKENSO_SW_TP000090",NA,5.47116089100241,4.54266084263859,6.39890191523416
"4976",26,"UKENSO_SW_TP000090",4.173356733,5.40626655636841,4.48674984944793,6.32348499379822
"4977",27,"UKENSO_SW_TP000090",NA,5.44672741763324,4.51688223288673,6.37691061987101
"4978",28,"UKENSO_SW_TP000090",4.372145553,5.53283011586407,4.61337347180065,6.45032859103387
"4979",29,"UKENSO_SW_TP000090",NA,5.51656466152486,4.58816276553771,6.44462039908719
"4980",30,"UKENSO_SW_TP000090",5.552040946,5.46432258966288,4.54409326437728,6.38352118136188
"4981",31,"UKENSO_SW_TP000090",NA,5.19315308850097,4.19667297948047,6.18611206483917
"4982",32,"UKENSO_SW_TP000090",5.238413973,5.30791459577041,4.39676789486908,6.21992769040233
"4983",33,"UKENSO_SW_TP000090",NA,5.33404925704473,4.42172340214794,6.24607616175753
"4984",34,"UKENSO_SW_TP000090",6.334722255,5.17099334096717,4.24935125964893,6.09022841320252
"4985",35,"UKENSO_SW_TP000090",NA,5.16984602142518,4.23692186972674,6.10169782642899
"4986",36,"UKENSO_SW_TP000090",4.919276284,5.30582006131768,4.38448944989087,6.22470649720951
"4987",37,"UKENSO_SW_TP000090",NA,5.37460330205003,4.44173653460248,6.30415267474436
"4988",38,"UKENSO_SW_TP000090",4.090978056,5.42899099056862,4.50868891815823,6.34768597560164
"4989",39,"UKENSO_SW_TP000090",NA,5.83415755859831,4.90498497092878,6.76288078037673
"4990",40,"UKENSO_SW_TP000090",5.158574811,5.57641895718764,4.65540587585581,6.49672228129586
"4991",41,"UKENSO_SW_TP000090",NA,5.77565531538604,4.84654486392705,6.70478779306135
"4992",42,"UKENSO_SW_TP000090",5.714630804,5.81631818693564,4.89612579230134,6.73424558171432
"4993",43,"UKENSO_SW_TP000090",NA,5.85547715945535,4.9314404357902,6.77817571886539
"4994",44,"UKENSO_SW_TP000090",5.205961604,5.68905900823874,4.7684737374626,6.60741199996453
"4995",45,"UKENSO_SW_TP000090",NA,5.8090905776316,4.86317199523949,6.75250282930285
"5491",1,"UKENSW_WXW_TP000004",NA,4.36469959069962,3.52129545332003,5.20715311119475
"5492",2,"UKENSW_WXW_TP000004",3.7413082,4.40162438081297,3.60259862087232,5.19955562320842
"5493",3,"UKENSW_WXW_TP000004",NA,4.62951636654984,3.80559217595657,5.45317365190274
"5494",4,"UKENSW_WXW_TP000004",3.743686016,4.68684048479914,3.88904157838345,5.48706934195225
"5495",5,"UKENSW_WXW_TP000004",NA,4.80951636033086,3.97576654703713,5.64661529354531
"5496",6,"UKENSW_WXW_TP000004",4.56382528,4.90904492791909,4.11184162639158,5.70719260380626
"5497",7,"UKENSW_WXW_TP000004",NA,4.78892779132414,3.95035612195469,5.62904948060916
"5498",8,"UKENSW_WXW_TP000004",4.314193063,4.81828577209459,4.02112631429249,5.61657976570186
"5499",9,"UKENSW_WXW_TP000004",NA,5.09006461831238,4.25213214545159,5.92720935885135
"5500",10,"UKENSW_WXW_TP000004",4.972731845,5.30441569121652,4.50722762866661,6.10227604659528
"5501",11,"UKENSW_WXW_TP000004",NA,5.36205875563343,4.52818869409908,6.19679020308448
"5502",12,"UKENSW_WXW_TP000004",4.84303599,5.35400018340893,4.554469274036,6.15098338633334
"5503",13,"UKENSW_WXW_TP000004",NA,5.18924188864861,4.34993417499961,6.02745088055782
"5504",14,"UKENSW_WXW_TP000004",3.783023381,5.1809498660923,4.38387981525869,5.98078478262465
"5505",15,"UKENSW_WXW_TP000004",NA,5.26528977134092,4.43155580679361,6.10097651535533
"5506",16,"UKENSW_WXW_TP000004",5.023324465,5.44608231059536,4.64760771858345,6.24424174939639
"5507",17,"UKENSW_WXW_TP000004",NA,5.2568299323027,4.42632992516251,6.09053712957416
"5508",18,"UKENSW_WXW_TP000004",4.310048554,5.09196420371117,4.29546675082463,5.89177947400322
"5509",19,"UKENSW_WXW_TP000004",NA,5.03108898322054,4.19759627597289,5.86429566169572
"5510",20,"UKENSW_WXW_TP000004",5.021300956,5.10175254443831,4.30350114763479,5.89822375620975
"5511",21,"UKENSW_WXW_TP000004",NA,5.08271469666851,4.2492388251321,5.91453762647472
"5512",22,"UKENSW_WXW_TP000004",4.631843993,5.05410779054018,4.25710561218281,5.85097595045833
"5513",23,"UKENSW_WXW_TP000004",NA,5.2092724655303,4.38104077253361,6.03739483077607
"5514",24,"UKENSW_WXW_TP000004",5.168561725,5.19192031784511,4.39264078036731,5.98801663910962
"5515",25,"UKENSW_WXW_TP000004",NA,5.15787211957411,4.32695748116722,5.98931412932182
"5516",26,"UKENSW_WXW_TP000004",3.98427441,5.03430420214977,4.23612283470817,5.82984020895695
"5517",27,"UKENSW_WXW_TP000004",NA,5.01368666634903,4.17806504521485,5.84792288888188
"5518",28,"UKENSW_WXW_TP000004",4.546089914,5.11186077658269,4.31334625272994,5.90740882264819
"5519",29,"UKENSW_WXW_TP000004",NA,5.14452282370995,4.31661294551655,5.97350093011413
"5520",30,"UKENSW_WXW_TP000004",4.820864184,5.08242044038063,4.28694342463585,5.88068509319259
"5521",31,"UKENSW_WXW_TP000004",NA,4.9929279706776,4.1361337316624,5.84927801912081
"5522",32,"UKENSW_WXW_TP000004",4.780727584,5.07038510784821,4.26916430511774,5.87035367621577
"5523",33,"UKENSW_WXW_TP000004",NA,4.95199299551211,4.13673494571584,5.76904297621477
"5524",34,"UKENSW_WXW_TP000004",4.653304996,4.8708771838937,4.07404709964616,5.66801255687143
"5525",35,"UKENSW_WXW_TP000004",NA,4.81304403783425,3.98106155016914,5.64689427516031
"5526",36,"UKENSW_WXW_TP000004",2.488326723,4.86334679270342,4.0675961523432,5.66188464042272
"5527",37,"UKENSW_WXW_TP000004",NA,5.22747672123881,4.39561842540869,6.05957969874044
"5528",38,"UKENSW_WXW_TP000004",4.392130102,5.18531371949753,4.38769084871843,5.98343082040875
"5529",39,"UKENSW_WXW_TP000004",NA,5.51594501307411,4.6854498897697,6.34986016530844
"5530",40,"UKENSW_WXW_TP000004",5.027968972,5.3786939474027,4.58196561678335,6.17657647999885
"5531",41,"UKENSW_WXW_TP000004",NA,5.48962406663074,4.65890072162754,6.32134363131532
"5532",42,"UKENSW_WXW_TP000004",4.093935978,5.40593033870946,4.60911341605669,6.20777470472783
"5533",43,"UKENSW_WXW_TP000004",NA,5.49356163023636,4.66896377363897,6.31935112955267
"5534",44,"UKENSW_WXW_TP000004",4.240399632,5.39508940247088,4.59774770626566,6.1933331647127
"5535",45,"UKENSW_WXW_TP000004",NA,5.4043865523034,4.56055308817784,6.24890500323562
"5671",1,"UKENSW_WXW_TP000100",NA,4.69086453920159,3.82458492339487,5.55567744665954
"5672",2,"UKENSW_WXW_TP000100",3.725560857,4.68113885840604,3.84989314473512,5.51269802202983
"5673",3,"UKENSW_WXW_TP000100",NA,4.96056213901633,4.11107645058958,5.80920865916245
"5674",4,"UKENSW_WXW_TP000100",4.747183838,4.88468635247391,4.05437232598694,5.71604918851218
"5675",5,"UKENSW_WXW_TP000100",NA,5.12360653808277,4.26745380537129,5.98342754409487
"5676",6,"UKENSW_WXW_TP000100",4.794776326,5.21434133665544,4.38495910584481,6.04470302159554
"5677",7,"UKENSW_WXW_TP000100",NA,5.11234570300715,4.25108066669994,5.97544542388389
"5678",8,"UKENSW_WXW_TP000100",5.206861298,5.14460810139413,4.31578929124236,5.97512903223552
"5679",9,"UKENSW_WXW_TP000100",NA,5.4134889917388,4.55295219866391,6.27317170796594
"5680",10,"UKENSW_WXW_TP000100",5.805198433,5.57693076990667,4.7457690302573,6.40675780984132
"5681",11,"UKENSW_WXW_TP000100",NA,5.6855080838971,4.82810375383112,6.54422643318489
"5682",12,"UKENSW_WXW_TP000100",5.277748391,5.64236508941966,4.81143158355111,6.4710073104983
"5683",13,"UKENSW_WXW_TP000100",NA,5.5052438010941,4.64302768880831,6.36647953542885
"5684",14,"UKENSW_WXW_TP000100",5.839593124,5.5029045826343,4.67303536898357,6.33789430796026
"5685",15,"UKENSW_WXW_TP000100",NA,5.58319942608115,4.72650181860637,6.44209779032172
"5686",16,"UKENSW_WXW_TP000100",5.707239078,5.70970677882778,4.87900510514791,6.53875849638296
"5687",17,"UKENSW_WXW_TP000100",NA,5.58021149883866,4.72637018305411,6.436868355051
"5688",18,"UKENSW_WXW_TP000100",5.416633997,5.46799018646569,4.63947186113209,6.29813277202155
"5689",19,"UKENSW_WXW_TP000100",NA,5.33617140234689,4.47989941306872,6.19236501183998
"5690",20,"UKENSW_WXW_TP000100",5.033745431,5.42560170883039,4.59511782648409,6.25472662609203
"5691",21,"UKENSW_WXW_TP000100",NA,5.40839776424977,4.55116532052434,6.26319556918516
"5692",22,"UKENSW_WXW_TP000100",5.359488494,5.37697884846235,4.54594357717016,6.20632303356967
"5693",23,"UKENSW_WXW_TP000100",NA,5.52387455143586,4.67187497505269,6.37648602122273
"5694",24,"UKENSW_WXW_TP000100",5.918276429,5.50173284333909,4.66922359029153,6.33035226072755
"5695",25,"UKENSW_WXW_TP000100",NA,5.47739225143522,4.62273185205521,6.33298121091212
"5696",26,"UKENSW_WXW_TP000100",5.395056191,5.43044550688477,4.60052001157909,6.25992066079222
"5697",27,"UKENSW_WXW_TP000100",NA,5.33066061689219,4.47170649059219,6.18792453227475
"5698",28,"UKENSW_WXW_TP000100",5.039879919,5.50866248961116,4.67837385527544,6.33785257117614
"5699",29,"UKENSW_WXW_TP000100",NA,5.47879754913881,4.62708435322302,6.33061677366786
"5700",30,"UKENSW_WXW_TP000100",5.265547757,5.44265938803725,4.61393143233149,6.27228280630991
"5701",31,"UKENSW_WXW_TP000100",NA,5.30865510296787,4.42873513762084,6.18857209682784
"5702",32,"UKENSW_WXW_TP000100",5.59218832,5.38563484910191,4.55312099521651,6.21819157291586
"5703",33,"UKENSW_WXW_TP000100",NA,5.30409795354631,4.46191264942366,6.14871444030672
"5704",34,"UKENSW_WXW_TP000100",5.272980309,5.19766216281259,4.36755142278093,6.02801987243709
"5705",35,"UKENSW_WXW_TP000100",NA,5.127830465119,4.27342703249358,5.9849883541538
"5706",36,"UKENSW_WXW_TP000100",5.256950415,5.17090933048888,4.34233205609532,6.00257672056555
"5707",37,"UKENSW_WXW_TP000100",NA,5.54077749402396,4.68640205137897,6.39610878523124
"5708",38,"UKENSW_WXW_TP000100",5.169249312,5.53269545547713,4.70235048798615,6.36361549703631
"5709",39,"UKENSW_WXW_TP000100",NA,5.82752494726027,4.97382992350993,6.68585329082561
"5710",40,"UKENSW_WXW_TP000100",5.991223677,5.67667969758615,4.84596358178991,6.50941040541323
"5711",41,"UKENSW_WXW_TP000100",NA,5.81166846860812,4.95780818635287,6.66639669393356
"5712",42,"UKENSW_WXW_TP000100",5.779229707,5.72028840249452,4.89027682518119,6.55605302799855
"5713",43,"UKENSW_WXW_TP000100",NA,5.7913207903265,4.94004351147114,6.64583166957298
"5714",44,"UKENSW_WXW_TP000100",5.227704298,5.70996676896515,4.88030887500758,6.54091421187899
"5715",45,"UKENSW_WXW_TP000100",NA,5.70691718706972,4.83936318139641,6.57701710667953
"5761",1,"UKENTH_TWU_TP000010",3.692810809,4.12350582328853,3.27687804377513,4.9697425172893
"5762",2,"UKENTH_TWU_TP000010",NA,4.07212001872268,3.26902463054077,4.87890568907018
"5763",3,"UKENTH_TWU_TP000010",4.525526926,4.39911948161993,3.57046098183609,5.22970621355024
"5764",4,"UKENTH_TWU_TP000010",NA,4.36343748953682,3.55815639697134,5.16599954162554
"5765",5,"UKENTH_TWU_TP000010",3.821737044,4.58678027112684,3.74545645134742,5.42922267162598
"5766",6,"UKENTH_TWU_TP000010",NA,4.68624831540529,3.8808835318776,5.48820500369949
"5767",7,"UKENTH_TWU_TP000010",5.843227089,4.577345914994,3.73278730134991,5.42284831085256
"5768",8,"UKENTH_TWU_TP000010",NA,4.62639702520276,3.82211627605105,5.4281957882924
"5769",9,"UKENTH_TWU_TP000010",4.688065092,4.86612908901211,4.0217630007491,5.70949916625198
"5770",10,"UKENTH_TWU_TP000010",NA,5.06757521160703,4.25793606895615,5.87027692878292
"5771",11,"UKENTH_TWU_TP000010",NA,5.12183573155968,4.28215613470424,5.96255061861533
"5772",12,"UKENTH_TWU_TP000010",NA,5.03372766112992,4.23169346758468,5.83746460198257
"5773",13,"UKENTH_TWU_TP000010",NA,4.98435010749758,4.14462648127916,5.82566218062812
"5774",14,"UKENTH_TWU_TP000010",NA,5.16481491390798,4.35890064001383,5.96766164122479
"5775",15,"UKENTH_TWU_TP000010",NA,5.02356453215758,4.18441331459364,5.86499928951669
"5776",16,"UKENTH_TWU_TP000010",4.666089603,5.18534156271441,4.37623738616357,5.98777642750654
"5777",17,"UKENTH_TWU_TP000010",NA,5.02339272246967,4.18620735592198,5.86241301332315
"5778",18,"UKENTH_TWU_TP000010",4.96872585,4.85388240496702,4.05215254243852,5.65866429626731
"5779",19,"UKENTH_TWU_TP000010",NA,4.79008241571503,3.94694955450196,5.63121882958702
"5780",20,"UKENTH_TWU_TP000010",5.079978076,4.82121876244758,4.01905385354707,5.62567346573204
"5781",21,"UKENTH_TWU_TP000010",5.577176862,4.86583965996636,4.02685745106361,5.70486191423082
"5782",22,"UKENTH_TWU_TP000010",NA,4.7912622087496,3.98897447351098,5.59492116510098
"5783",23,"UKENTH_TWU_TP000010",5.168635653,4.9868004977718,4.15224780443467,5.81969658938811
"5784",24,"UKENTH_TWU_TP000010",NA,4.89571663768959,4.09144601752797,5.69765279444569
"5785",25,"UKENTH_TWU_TP000010",NA,4.94124325120766,4.10380970033924,5.77906690480274
"5786",26,"UKENTH_TWU_TP000010",5.129964309,4.79272675738745,3.99010742932331,5.59585182513605
"5787",27,"UKENTH_TWU_TP000010",5.371034328,4.77343743884067,3.93244164056544,5.61518247127116
"5788",28,"UKENTH_TWU_TP000010",NA,4.90242067998444,4.10031209837618,5.7067231763869
"5789",29,"UKENTH_TWU_TP000010",NA,4.90970769732895,4.07394653318368,5.74557131090379
"5790",30,"UKENTH_TWU_TP000010",5.709554293,4.78509505119667,3.98287384141393,5.59513192153138
"5791",31,"UKENTH_TWU_TP000010",NA,4.66259325635974,3.77729475995856,5.54418015340449
"5792",32,"UKENTH_TWU_TP000010",4.665959556,4.74211798771405,3.9359722829107,5.55132462712599
"5793",33,"UKENTH_TWU_TP000010",5.693909526,4.75288641858073,3.93460990695931,5.57446307912567
"5794",34,"UKENTH_TWU_TP000010",NA,4.60574093165947,3.8022212491039,5.4087399691765
"5795",35,"UKENTH_TWU_TP000010",4.884533771,4.58690218726082,3.7456046452121,5.42834139360092
"5796",36,"UKENTH_TWU_TP000010",NA,4.67632452843317,3.87391304125317,5.47959573950455
"5797",37,"UKENTH_TWU_TP000010",NA,4.98308188961927,4.14292821945327,5.82317858683348
"5798",38,"UKENTH_TWU_TP000010",5.90403448,4.96508967382679,4.16370747565928,5.7703899412753
"5799",39,"UKENTH_TWU_TP000010",5.804706897,5.29867079685825,4.45980047925772,6.13753525754963
"5800",40,"UKENTH_TWU_TP000010",NA,5.07779754374072,4.27485348077042,5.88429403834908
"5801",41,"UKENTH_TWU_TP000010",NA,5.32288900298015,4.48338749578979,6.16406539159746
"5802",42,"UKENTH_TWU_TP000010",6.036033196,5.27687291643439,4.47260351222895,6.07875423361313
"5803",43,"UKENTH_TWU_TP000010",6.241339719,5.26030094033535,4.42942719009705,6.08814382627285
"5804",44,"UKENTH_TWU_TP000010",NA,5.14479780835978,4.33979707192874,5.95084854446692
"5805",45,"UKENTH_TWU_TP000010",NA,5.22787123931598,4.38145673119813,6.06938972609147
"6256",1,"UKENTH_TWU_TP000100",NA,3.98745578201027,3.14020206353986,4.83395470648192
"6257",2,"UKENTH_TWU_TP000100",4.11801768,3.94439679883749,3.15003330649876,4.74257625126779
"6258",3,"UKENTH_TWU_TP000100",4.260882957,4.23664535777286,3.40518321792217,5.06846667838738
"6259",4,"UKENTH_TWU_TP000100",NA,4.27790274729338,3.48100639157957,5.07401994985541
"6260",5,"UKENTH_TWU_TP000100",NA,4.45883996014063,3.61130584009481,5.30688442865677
"6261",6,"UKENTH_TWU_TP000100",5.155706771,4.50974465605521,3.71016826951173,5.30340683432846
"6262",7,"UKENTH_TWU_TP000100",NA,4.42561452614565,3.57448568663347,5.27802823588497
"6263",8,"UKENTH_TWU_TP000100",4.993400704,4.46973681721936,3.67366918061066,5.26503110648135
"6264",9,"UKENTH_TWU_TP000100",NA,4.74267264493928,3.8916549829763,5.59136179773769
"6265",10,"UKENTH_TWU_TP000100",5.457746045,4.94982526134262,4.1511916210974,5.74362405751098
"6266",11,"UKENTH_TWU_TP000100",NA,4.98177673920057,4.13731515922747,5.82764977546677
"6267",12,"UKENTH_TWU_TP000100",3.389568871,4.90850547953596,4.1147871159703,5.70626819880833
"6268",13,"UKENTH_TWU_TP000100",NA,4.8375326920832,3.99298064443506,5.68383486019099
"6269",14,"UKENTH_TWU_TP000100",5.595764655,5.05531684499137,4.25763959028902,5.85001677568271
"6270",15,"UKENTH_TWU_TP000100",NA,4.89010080602656,4.0466222139872,5.73506122400233
"6271",16,"UKENTH_TWU_TP000100",5.217953991,5.08696975877325,4.29032701178513,5.88428627022671
"6272",17,"UKENTH_TWU_TP000100",NA,4.89288170529215,4.04904155431173,5.73794669284455
"6273",18,"UKENTH_TWU_TP000100",4.800563153,4.63133557094357,3.83301750384994,5.42653479693503
"6274",19,"UKENTH_TWU_TP000100",NA,4.66174422281154,3.811573620659,5.5093631461823
"6275",20,"UKENTH_TWU_TP000100",4.712510536,4.73729654788746,3.93928477482686,5.53416347329329
"6276",21,"UKENTH_TWU_TP000100",NA,4.72826904571593,3.8825838315184,5.57308644813926
"6277",22,"UKENTH_TWU_TP000100",4.984079027,4.63233833718603,3.83239819377422,5.42796827081304
"6278",23,"UKENTH_TWU_TP000100",NA,4.86381827284111,4.02988781174633,5.69561927232397
"6279",24,"UKENTH_TWU_TP000100",5.70754608,4.75681685847802,3.96029142733705,5.55195723475148
"6280",25,"UKENTH_TWU_TP000100",NA,4.81948562209933,3.97620511177734,5.66258202764966
"6281",26,"UKENTH_TWU_TP000100",5.427684252,4.60075556686356,3.80092867547126,5.39457066528701
"6282",27,"UKENTH_TWU_TP000100",NA,4.6270897843271,3.78004839088773,5.47403614703237
"6283",28,"UKENTH_TWU_TP000100",5.13330045,4.75341563975852,3.95760580239503,5.54874175759523
"6284",29,"UKENTH_TWU_TP000100",NA,4.78476892559064,3.94111219859107,5.62709149024756
"6285",30,"UKENTH_TWU_TP000100",6.006023716,4.64153099690201,3.84659285607896,5.44141357812321
"6286",31,"UKENTH_TWU_TP000100",NA,4.5150484200089,3.61776892895809,5.40796538040765
"6287",32,"UKENTH_TWU_TP000100",4.588082346,4.61561789537149,3.80951906655654,5.42647834411975
"6288",33,"UKENTH_TWU_TP000100",NA,4.60241231897716,3.7960573580815,5.41095102049872
"6289",34,"UKENTH_TWU_TP000100",5.402613308,4.46353370866373,3.66291332256417,5.25844347236892
"6290",35,"UKENTH_TWU_TP000100",NA,4.45682845508633,3.60870053893189,5.30388992900293
"6291",36,"UKENTH_TWU_TP000100",4.380643778,4.56827725659085,3.77092235561047,5.36313215365713
"6292",37,"UKENTH_TWU_TP000100",NA,4.85208384615061,4.00662173512924,5.69747294230539
"6293",38,"UKENTH_TWU_TP000100",5.481078862,4.80118070207628,4.00664073994126,5.59951924887952
"6294",39,"UKENTH_TWU_TP000100",NA,5.1739810830813,4.32874104350747,6.01842136458069
"6295",40,"UKENTH_TWU_TP000100",6.301595476,4.91432655222004,4.11894819628101,5.71405741518352
"6296",41,"UKENTH_TWU_TP000100",NA,5.19951064063356,4.35447150340836,6.04532955620767
"6297",42,"UKENTH_TWU_TP000100",5.582335312,5.20131831667066,4.40286902575026,5.99691017121501
"6298",43,"UKENTH_TWU_TP000100",NA,5.17530310110098,4.34625367904554,6.00249208160002
"6299",44,"UKENTH_TWU_TP000100",5.51081057,5.07048554797539,4.2695032666616,5.87150986444296
"6300",45,"UKENTH_TWU_TP000100",NA,5.14570359099051,4.3101745258502,5.97640717054048
"6346",1,"UKENTH_TWU_TP000103",NA,3.61912446121535,2.74795680382089,4.48802277976854
"6347",2,"UKENTH_TWU_TP000103",4.325357756,3.64588905197703,2.82595567158295,4.4691561874868
"6348",3,"UKENTH_TWU_TP000103",NA,3.88665474074658,3.0326349771055,4.74125277094899
"6349",4,"UKENTH_TWU_TP000103",5.364435515,3.79710588773508,2.97263572895412,4.61841976607832
"6350",5,"UKENTH_TWU_TP000103",NA,4.09511322849218,3.22776004927677,4.9618357981465
"6351",6,"UKENTH_TWU_TP000103",5.56056701,4.30708447318965,3.48319033643564,5.13128609945656
"6352",7,"UKENTH_TWU_TP000103",NA,4.05703587554877,3.18480089125528,4.92929375477592
"6353",8,"UKENTH_TWU_TP000103",5.255437581,4.17193582395204,3.34677388305517,4.99435952945787
"6354",9,"UKENTH_TWU_TP000103",NA,4.36779797719579,3.49761365377086,5.23558398799001
"6355",10,"UKENTH_TWU_TP000103",5.690207667,4.46726459516837,3.63996128080445,5.28609720057166
"6356",11,"UKENTH_TWU_TP000103",NA,4.60727986891196,3.74446947205161,5.47083265548891
"6357",12,"UKENTH_TWU_TP000103",6.003075194,4.45985500228263,3.63801588787873,5.28102481221235
"6358",13,"UKENTH_TWU_TP000103",NA,4.46558579828826,3.60296776541714,5.32965646223495
"6359",14,"UKENTH_TWU_TP000103",6.375010694,4.66443661402908,3.83855842195988,5.48470570485455
"6360",15,"UKENTH_TWU_TP000103",NA,4.51238253530091,3.65049566772916,5.37552586055514
"6361",16,"UKENTH_TWU_TP000103",6.06910831,4.69942181685012,3.87560275568412,5.52048173207814
"6362",17,"UKENTH_TWU_TP000103",NA,4.52241107314188,3.66050191650882,5.3846896450308
"6363",18,"UKENTH_TWU_TP000103",5.551214881,4.33561293640485,3.51351238409564,5.15541687698674
"6364",19,"UKENTH_TWU_TP000103",NA,4.28879515495594,3.41952369154118,5.15474039332367
"6365",20,"UKENTH_TWU_TP000103",5.804840432,4.27835208045665,3.45212078553939,5.09673016783903
"6366",21,"UKENTH_TWU_TP000103",NA,4.37389744733007,3.51096729052207,5.23561040282457
"6367",22,"UKENTH_TWU_TP000103",5.195998043,4.23690657529468,3.41363826340158,5.05572226092806
"6368",23,"UKENTH_TWU_TP000103",NA,4.49044225868318,3.63175016024201,5.3465357653111
"6369",24,"UKENTH_TWU_TP000103",6.182335714,4.33188678719687,3.50772537695776,5.15121279840518
"6370",25,"UKENTH_TWU_TP000103",NA,4.43840691175085,3.57336127437457,5.30264630614812
"6371",26,"UKENTH_TWU_TP000103",6.317669133,4.26699198693635,3.44445635694713,5.08644330611553
"6372",27,"UKENTH_TWU_TP000103",NA,4.23913733331847,3.37406791202796,5.10439908750044
"6373",28,"UKENTH_TWU_TP000103",6.000734369,4.29367375669278,3.46568743173729,5.11360224882641
"6374",29,"UKENTH_TWU_TP000103",NA,4.42047833641092,3.55704223972254,5.28142205838842
"6375",30,"UKENTH_TWU_TP000103",6.313534879,4.25212924943259,3.42847960438057,5.07678475151474
"6376",31,"UKENTH_TWU_TP000103",NA,4.18660985384558,3.28198150908497,5.08702482505004
"6377",32,"UKENTH_TWU_TP000103",6.441846453,4.25554732717661,3.43434623949337,5.08338444281287
"6378",33,"UKENTH_TWU_TP000103",NA,4.23557313498555,3.39136530270425,5.08170068142809
"6379",34,"UKENTH_TWU_TP000103",6.138588328,4.16681052127858,3.34164784061875,4.98767447220754
"6380",35,"UKENTH_TWU_TP000103",NA,4.07795136162124,3.21181011341754,4.94299536878165
"6381",36,"UKENTH_TWU_TP000103",6.785324036,4.15566127097124,3.33536997462596,4.97779653446903
"6382",37,"UKENTH_TWU_TP000103",NA,4.50077337940883,3.63768389928112,5.36280549334894
"6383",38,"UKENTH_TWU_TP000103",6.110913349,4.4936946960154,3.67266005280208,5.31427794426327
"6384",39,"UKENTH_TWU_TP000103",NA,4.80610408868176,3.94518132335624,5.66647145546872
"6385",40,"UKENTH_TWU_TP000103",6.173138997,4.60047793094748,3.77722782074492,5.42308013503717
"6386",41,"UKENTH_TWU_TP000103",NA,4.83323286962463,3.96831553843452,5.69836604767657
"6387",42,"UKENTH_TWU_TP000103",6.705960576,4.83985389382896,4.01952049771097,5.66148106445155
"6388",43,"UKENTH_TWU_TP000103",NA,4.75215024775568,3.90315227059014,5.59798628027937
"6389",44,"UKENTH_TWU_TP000103",6.192744794,4.60559486448559,3.77565908869734,5.43391255629588
"6390",45,"UKENTH_TWU_TP000103",NA,4.72011203076411,3.8437645295095,5.5905088224328
"6391",1,"UKENTH_TWU_TP000106",NA,4.12907560553804,3.28377140258385,4.97459964832254
"6392",2,"UKENTH_TWU_TP000106",3.707546285,4.16859363833666,3.383385288764,4.96364404989851
"6393",3,"UKENTH_TWU_TP000106",NA,4.36192131810621,3.53486518839226,5.18983163439092
"6394",4,"UKENTH_TWU_TP000106",4.334945783,4.39016255392442,3.60271112703701,5.17933267833912
"6395",5,"UKENTH_TWU_TP000106",NA,4.61422326939616,3.77102444122452,5.45900443059663
"6396",6,"UKENTH_TWU_TP000106",4.623904679,4.81131430846572,4.02700716878158,5.60340439554712
"6397",7,"UKENTH_TWU_TP000106",NA,4.56570608255109,3.71915469511233,5.41480913810018
"6398",8,"UKENTH_TWU_TP000106",NA,4.63440818895026,3.84846859296143,5.42113924578445
"6399",9,"UKENTH_TWU_TP000106",4.767724439,4.88978598392628,4.03985768628462,5.73855981388273
"6400",10,"UKENTH_TWU_TP000106",NA,5.02562999026169,4.23406214728309,5.81098436212569
"6401",11,"UKENTH_TWU_TP000106",4.449008199,5.12258308806927,4.28045684050958,5.96746814642327
"6402",12,"UKENTH_TWU_TP000106",NA,4.9985319858921,4.21274980772201,5.78726164342951
"6403",13,"UKENTH_TWU_TP000106",4.333125262,4.96594846878464,4.12345264974171,5.81146908200834
"6404",14,"UKENTH_TWU_TP000106",4.412976581,5.18262102453827,4.39395046069117,5.96905461557459
"6405",15,"UKENTH_TWU_TP000106",NA,5.02648618127894,4.18457237213533,5.87106476595899
"6406",16,"UKENTH_TWU_TP000106",5.020798839,5.21358236906316,4.42823187937136,6.00184332650687
"6407",17,"UKENTH_TWU_TP000106",NA,5.03885286175054,4.19922120436169,5.880916976298
"6408",18,"UKENTH_TWU_TP000106",4.245717188,4.72100867538973,3.92867155041763,5.506527036783
"6409",19,"UKENTH_TWU_TP000106",NA,4.81290424394503,3.96563213412412,5.65877628903919
"6410",20,"UKENTH_TWU_TP000106",4.542922285,4.78440361238078,3.98730902515588,5.57045315809788
"6411",21,"UKENTH_TWU_TP000106",NA,4.87934554859879,4.0380279976749,5.72098547005194
"6412",22,"UKENTH_TWU_TP000106",4.870503793,4.76330826816123,3.97382571585099,5.54904909393078
"6413",23,"UKENTH_TWU_TP000106",NA,5.01238473472096,4.178127461351,5.84588769396657
"6414",24,"UKENTH_TWU_TP000106",4.836428679,4.86528517410713,4.076368006846,5.65102285328534
"6415",25,"UKENTH_TWU_TP000106",NA,4.96509053051753,4.12298813692486,5.80830974498304
"6416",26,"UKENTH_TWU_TP000106",4.231697352,4.79982520785241,4.01446155877266,5.58782518622861
"6417",27,"UKENTH_TWU_TP000106",NA,4.7471163212285,3.90374708970767,5.59175536942267
"6418",28,"UKENTH_TWU_TP000106",4.663868389,4.84516194981141,4.05680538108391,5.63101815092782
"6419",29,"UKENTH_TWU_TP000106",NA,4.94204869860304,4.10227752944572,5.78130409734874
"6420",30,"UKENTH_TWU_TP000106",4.024400553,4.81798737812603,4.03310293373024,5.61192504734772
"6421",31,"UKENTH_TWU_TP000106",NA,4.67085424469288,3.78283011972033,5.5553199310459
"6422",32,"UKENTH_TWU_TP000106",5.044927265,4.75310125875918,3.96224891478081,5.5507828483424
"6423",33,"UKENTH_TWU_TP000106",NA,4.72228381522723,3.91156519775855,5.53533734253888
"6424",34,"UKENTH_TWU_TP000106",3.650894579,4.66034052832254,3.86952467024555,5.44834955516147
"6425",35,"UKENTH_TWU_TP000106",NA,4.59211865669874,3.7493455305493,5.43511157709006
"6426",36,"UKENTH_TWU_TP000106",4.487174861,4.66859470290376,3.88143577127143,5.45438961781697
"6427",37,"UKENTH_TWU_TP000106",NA,5.00909066992298,4.16731164978592,5.85228586598288
"6428",38,"UKENTH_TWU_TP000106",4.741579654,4.9699585612399,4.18464468395355,5.75763360674177
"6429",39,"UKENTH_TWU_TP000106",NA,5.32666705888066,4.48441529468769,6.16999140867368
"6430",40,"UKENTH_TWU_TP000106",4.683587658,5.06307613402855,4.27647985275743,5.85140304075619
"6431",41,"UKENTH_TWU_TP000106",NA,5.35397277418379,4.51226449683906,6.19759963150129
"6432",42,"UKENTH_TWU_TP000106",5.071427626,5.38035777174745,4.59370038632233,6.16941597295446
"6433",43,"UKENTH_TWU_TP000106",NA,5.31971880268059,4.50224590843745,6.13728823601114
"6434",44,"UKENTH_TWU_TP000106",4.724201459,5.20350900463853,4.40640532709734,6.00125045374279
"6435",45,"UKENTH_TWU_TP000106",NA,5.28322004791913,4.44164927718437,6.12075995050419
"6661",1,"UKENTH_TWU_TP000133",NA,3.49730132776088,2.64186115479309,4.35174727778532
"6662",2,"UKENTH_TWU_TP000133",4.510783462,3.4626497039824,2.66363403581735,4.26426396312905
"6663",3,"UKENTH_TWU_TP000133",NA,3.73095775619893,2.89073643611217,4.57016432498935
"6664",4,"UKENTH_TWU_TP000133",3.909977917,3.82807109692337,3.02807342286763,4.63031105003241
"6665",5,"UKENTH_TWU_TP000133",NA,3.97686824371929,3.11959895020399,4.83487689795044
"6666",6,"UKENTH_TWU_TP000133",4.77602232,4.04584646954561,3.24452392646937,4.84368422529542
"6667",7,"UKENTH_TWU_TP000133",NA,3.92922257546539,3.06733222692696,4.79242580921885
"6668",8,"UKENTH_TWU_TP000133",5.222741917,3.96785230340672,3.16749224822435,4.76642708058468
"6669",9,"UKENTH_TWU_TP000133",NA,4.26564636091175,3.40266921662069,5.12655108071602
"6670",10,"UKENTH_TWU_TP000133",5.461022864,4.45523553191568,3.6534691731487,5.25333697652485
"6671",11,"UKENTH_TWU_TP000133",NA,4.49418489706104,3.63884984601448,5.35127087662056
"6672",12,"UKENTH_TWU_TP000133",5.0058108,4.41453497018167,3.61633869303236,5.21587455152392
"6673",13,"UKENTH_TWU_TP000133",NA,4.34502866266797,3.48906507037752,5.20256453688852
"6674",14,"UKENTH_TWU_TP000133",5.097482857,4.55961142332541,3.75820636835478,5.35832908499777
"6675",15,"UKENTH_TWU_TP000133",NA,4.40303961242478,3.54791703189998,5.25942389330429
"6676",16,"UKENTH_TWU_TP000133",5.745200034,4.6021699460923,3.8039928093662,5.40338444822267
"6677",17,"UKENTH_TWU_TP000133",NA,4.40771896562207,3.55412069436074,5.26270726019015
"6678",18,"UKENTH_TWU_TP000133",5.217270977,4.11192562072866,3.30967553438911,4.91014501063803
"6679",19,"UKENTH_TWU_TP000133",NA,4.18375485606591,3.32411479132855,5.04150127841314
"6680",20,"UKENTH_TWU_TP000133",5.112230031,4.24642089056022,3.44279962636961,5.04714597995911
"6681",21,"UKENTH_TWU_TP000133",NA,4.24049258292856,3.38565989027267,5.09505245479428
"6682",22,"UKENTH_TWU_TP000133",2.94423992,4.16197334459578,3.35871226989643,4.96304079167827
"6683",23,"UKENTH_TWU_TP000133",NA,4.38128998182232,3.53969575313841,5.22153773396339
"6684",24,"UKENTH_TWU_TP000133",5.554572598,4.25671865613349,3.4564413561139,5.05558341272668
"6685",25,"UKENTH_TWU_TP000133",NA,4.33360127452023,3.47952667427294,5.1879448919041
"6686",26,"UKENTH_TWU_TP000133",5.721064103,4.13718789689262,3.33651372792321,4.93551944875943
"6687",27,"UKENTH_TWU_TP000133",NA,4.13180387564201,3.27395145697059,4.98941541148112
"6688",28,"UKENTH_TWU_TP000133",5.844048559,4.2693843750871,3.47029939110576,5.06848947167072
"6689",29,"UKENTH_TWU_TP000133",NA,4.30326876354333,3.44880640950184,5.15644809279886
"6690",30,"UKENTH_TWU_TP000133",5.544040315,4.17700470673866,3.3784954997749,4.98005109434469
"6691",31,"UKENTH_TWU_TP000133",NA,4.03345716121707,3.12740653328722,4.93531942037657
"6692",32,"UKENTH_TWU_TP000133",NA,4.13808824586132,3.32359708070143,4.95648798571424
"6693",33,"UKENTH_TWU_TP000133",5.258391779,4.09455952210858,3.28290258809683,4.90649211966195
"6694",34,"UKENTH_TWU_TP000133",5.080295497,3.96752573815501,3.16122037426116,4.76731833453923
"6695",35,"UKENTH_TWU_TP000133",NA,3.97086697122113,3.11386375394,4.82695354294251
"6696",36,"UKENTH_TWU_TP000133",5.529510794,4.08177885266046,3.28164722521255,4.87999469799144
"6697",37,"UKENTH_TWU_TP000133",NA,4.37160235724386,3.51660023752146,5.22738614793383
"6698",38,"UKENTH_TWU_TP000133",5.673483617,4.30320875310358,3.50521971576963,5.10422610542926
"6699",39,"UKENTH_TWU_TP000133",NA,4.6918489577471,3.83675372359914,5.54655223324317
"6700",40,"UKENTH_TWU_TP000133",5.231230265,4.41246185429284,3.61078663124615,5.21742118160224
"6701",41,"UKENTH_TWU_TP000133",NA,4.71833836273694,3.86280735658873,5.57509386014054
"6702",42,"UKENTH_TWU_TP000133",4.882038627,4.7317666601844,3.92930917708347,5.53286624628672
"6703",43,"UKENTH_TWU_TP000133",NA,4.71749013050022,3.88176303859162,5.55404223741996
"6704",44,"UKENTH_TWU_TP000133",4.298488587,4.58675103654114,3.78112399018479,5.39204645740974
"6705",45,"UKENTH_TWU_TP000133",5.478801438,4.69261406892715,3.85533332376087,5.52784115418017
"1",1,"UKENAN_AW_TP000016",NA,4.20769917313579,3.35238262096472,5.06212846104507
"2",2,"UKENAN_AW_TP000016",3.166716595,4.18879329904536,3.375814559662,5.00328691043648
"3",3,"UKENAN_AW_TP000016",NA,4.4940594799171,3.65631112350382,5.33285692168489
"4",4,"UKENAN_AW_TP000016",4.399067904,4.44424385733349,3.63089466527795,5.25871219532076
"5",5,"UKENAN_AW_TP000016",NA,4.6687930347768,3.82004906279146,5.51829858596506
"6",6,"UKENAN_AW_TP000016",4.798044081,4.82648182441392,4.00707873678243,5.63970390005129
"7",7,"UKENAN_AW_TP000016",NA,4.65577926002613,3.80343985766776,5.50884504376917
"8",8,"UKENAN_AW_TP000016",5.232496879,4.76078636918634,3.94400085573089,5.57305955229126
"9",9,"UKENAN_AW_TP000016",NA,4.95061284474545,4.0993141734629,5.80122797759986
"10",10,"UKENAN_AW_TP000016",4.194496483,5.08751903334344,4.27087480734327,5.89920222737046
"11",11,"UKENAN_AW_TP000016",NA,5.19780025260506,4.35061899591789,6.04660730581021
"12",12,"UKENAN_AW_TP000016",3.188630181,5.10991618658832,4.29814883468736,5.92666235959653
"13",13,"UKENAN_AW_TP000016",NA,5.06991615493418,4.22347319405633,5.91852567787186
"14",14,"UKENAN_AW_TP000016",6.306866468,5.23065448962517,4.41233769074689,6.0433662094768
"15",15,"UKENAN_AW_TP000016",NA,5.10552326112361,4.25874722155655,5.95487018141308
"16",16,"UKENAN_AW_TP000016",5.303425248,5.31754233572739,4.50110198464624,6.13147743660518
"17",17,"UKENAN_AW_TP000016",NA,5.10275847427154,4.25795929762467,5.94901783855848
"18",18,"UKENAN_AW_TP000016",4.390269909,4.98803110849799,4.1754812397753,5.80114430837538
"19",19,"UKENAN_AW_TP000016",NA,4.87239361131239,4.02205943947768,5.72082333885326
"20",20,"UKENAN_AW_TP000016",5.671741487,4.89599666749303,4.08389570550851,5.71014589586417
"21",21,"UKENAN_AW_TP000016",NA,4.95328000490431,4.10692650957573,5.79995469433166
"22",22,"UKENAN_AW_TP000016",3.953577011,4.85661007779915,4.04440298002421,5.67052270301065
"23",23,"UKENAN_AW_TP000016",NA,5.06221009634806,4.21941802984827,5.90406663571794
"24",24,"UKENAN_AW_TP000016",4.126032452,4.96798709259453,4.15466221580101,5.78091183114347
"25",25,"UKENAN_AW_TP000016",NA,5.02736721627412,4.18119806719448,5.87443488528614
"26",26,"UKENAN_AW_TP000016",4.096269631,4.89249458499861,4.07972395902984,5.70614925050012
"27",27,"UKENAN_AW_TP000016",NA,4.85125468787674,4.0034331424976,5.69999143006464
"28",28,"UKENAN_AW_TP000016",4.342471563,4.98789713945327,4.17435585472636,5.80092773409237
"29",29,"UKENAN_AW_TP000016",NA,4.99227331883627,4.14914327644774,5.83509629195878
"30",30,"UKENAN_AW_TP000016",3.660576284,4.89397437858606,4.08144201534553,5.71044644628921
"31",31,"UKENAN_AW_TP000016",NA,4.76682477719803,3.88164970536567,5.64919123135657
"32",32,"UKENAN_AW_TP000016",3.344399242,4.86142644724059,4.04794365120553,5.68320702031881
"33",33,"UKENAN_AW_TP000016",NA,4.82275970839096,3.99282710536742,5.65574205697785
"34",34,"UKENAN_AW_TP000016",3.84208184,4.68979188608174,3.87465634403046,5.50311661611028
"35",35,"UKENAN_AW_TP000016",NA,4.66964504339438,3.82164114226369,5.51776631324231
"36",36,"UKENAN_AW_TP000016",4.935562603,4.68510433879822,3.8725806702419,5.49973256411394
"37",37,"UKENAN_AW_TP000016",NA,5.07768219227736,4.23109994343245,5.92442241201169
"38",38,"UKENAN_AW_TP000016",5.473430513,5.07189847384164,4.25996749803634,5.88627763768488
"39",39,"UKENAN_AW_TP000016",NA,5.37714765374265,4.53125117328158,6.22373677602051
"40",40,"UKENAN_AW_TP000016",NA,5.18729085727554,4.37318239485301,6.00159272565267
"41",41,"UKENAN_AW_TP000016",NA,5.40540385313193,4.558430842659,6.25421824275139
"42",42,"UKENAN_AW_TP000016",NA,5.30649372288953,4.49293517958469,6.11874167355179
"43",43,"UKENAN_AW_TP000016",NA,5.30187146583657,4.45960652635525,6.14220343485829
"44",44,"UKENAN_AW_TP000016",NA,5.10563554989893,4.29154928402617,5.92260557674246
"45",45,"UKENAN_AW_TP000016",NA,5.28640812920697,4.42869334054235,6.14124474262515
"91",1,"UKENAN_AW_TP000037",NA,4.43645005958028,3.57773514782286,5.29491055031133
"92",2,"UKENAN_AW_TP000037",3.903311068,4.36333338054475,3.55321613290161,5.17136916755561
"93",3,"UKENAN_AW_TP000037",NA,4.73878410384133,3.89888559191582,5.57952427556961
"94",4,"UKENAN_AW_TP000037",5.183000937,4.71763809257933,3.90963950557851,5.52716795092379
"95",5,"UKENAN_AW_TP000037",NA,4.89721787726208,4.0461036991759,5.74946100502982
"96",6,"UKENAN_AW_TP000037",4.947731398,5.0692205352408,4.25815839080527,5.87783971342324
"97",7,"UKENAN_AW_TP000037",NA,4.90348889677558,4.05066533185227,5.75684457628609
"98",8,"UKENAN_AW_TP000037",4.313605257,5.00069070235733,4.18956223893618,5.80757166966961
"99",9,"UKENAN_AW_TP000037",NA,5.18053765573638,4.32697398437552,6.03435718097925
"100",10,"UKENAN_AW_TP000037",5.384973196,5.41499286790225,4.60519648119127,6.22345447475237
"101",11,"UKENAN_AW_TP000037",NA,5.42959327896951,4.57893178399661,6.2813327159743
"102",12,"UKENAN_AW_TP000037",5.076687378,5.37733817950913,4.57135595741331,6.18923943503094
"103",13,"UKENAN_AW_TP000037",NA,5.31947918173073,4.46988769169916,6.17090926471153
"104",14,"UKENAN_AW_TP000037",5.630214491,5.44542568447039,4.63411607101759,6.25259527068482
"105",15,"UKENAN_AW_TP000037",NA,5.33517562625098,4.48515394020708,6.18762286555418
"106",16,"UKENAN_AW_TP000037",5.31335313,5.60569557874223,4.79737281316288,6.41645952964165
"107",17,"UKENAN_AW_TP000037",NA,5.332444610441,4.48490137624212,6.18137430014565
"108",18,"UKENAN_AW_TP000037",4.963939863,5.22436046062572,4.41670442795495,6.03209471331686
"109",19,"UKENAN_AW_TP000037",NA,5.10471406410382,4.25189915068405,5.95585047582794
"110",20,"UKENAN_AW_TP000037",4.87561066,5.0703573186073,4.2633161783724,5.88007675972308
"111",21,"UKENAN_AW_TP000037",NA,5.17027992986629,4.32110509672041,6.02057890209024
"112",22,"UKENAN_AW_TP000037",5.063259459,5.08542424154922,4.27905382129159,5.89511200450733
"113",23,"UKENAN_AW_TP000037",NA,5.28856548008333,4.44245892507891,6.13405048771602
"114",24,"UKENAN_AW_TP000037",5.001672052,5.21961615322105,4.41094689255247,6.02654411190399
"115",25,"UKENAN_AW_TP000037",NA,5.24254482098108,4.3940815583652,6.09256462071609
"116",26,"UKENAN_AW_TP000037",4.876278364,5.15137816121221,4.34477900414693,5.96080831280005
"117",27,"UKENAN_AW_TP000037",NA,5.08802439991689,4.2367107583812,5.93997458754473
"118",28,"UKENAN_AW_TP000037",4.923187599,5.21856231945312,4.40821188562567,6.02594946135305
"119",29,"UKENAN_AW_TP000037",NA,5.22136623194195,4.37809877423908,6.0659105134712
"120",30,"UKENAN_AW_TP000037",5.154712338,5.13347390022692,4.32660318145582,5.94298317071131
"121",31,"UKENAN_AW_TP000037",NA,5.00756342313256,4.12176752587585,5.89086684252672
"122",32,"UKENAN_AW_TP000037",4.734279882,5.09482026023058,4.28553648782654,5.90814236737432
"123",33,"UKENAN_AW_TP000037",NA,5.04849396998275,4.21589426885126,5.88403269100745
"124",34,"UKENAN_AW_TP000037",3.838015623,4.82054509416639,4.00816939770138,5.62844593141106
"125",35,"UKENAN_AW_TP000037",NA,4.90273080998285,4.05197428705539,5.75413615419688
"126",36,"UKENAN_AW_TP000037",4.45439103,4.86790547718401,4.05990364171446,5.67701753505233
"127",37,"UKENAN_AW_TP000037",NA,5.30002213794929,4.45009772550054,6.15104802336655
"128",38,"UKENAN_AW_TP000037",5.245269379,5.30027246811599,4.49398307146988,6.114583590345
"129",39,"UKENAN_AW_TP000037",NA,5.60654231792914,4.75672839028618,6.45755488475506
"130",40,"UKENAN_AW_TP000037",5.147973496,5.43024743561599,4.62266636732287,6.2378623070246
"131",41,"UKENAN_AW_TP000037",NA,5.62829197363742,4.77905905324486,6.48041384099553
"132",42,"UKENAN_AW_TP000037",4.639684283,5.47991387690674,4.66989933554366,6.28659558989877
"133",43,"UKENAN_AW_TP000037",NA,5.49370938511956,4.64352901685855,6.34146089697902
"134",44,"UKENAN_AW_TP000037",6.105386941,5.37258039953978,4.56431624064188,6.1894191530882
"135",45,"UKENAN_AW_TP000037",NA,5.51844720406033,4.65968732629044,6.37489963744439
"181",1,"UKENAN_AW_TP000051",NA,3.67468801237267,2.81232276436538,4.53479895263679
"182",2,"UKENAN_AW_TP000051",4.796108887,3.67422404063627,2.85617334280214,4.49459438231032
"183",3,"UKENAN_AW_TP000051",NA,3.95138012453628,3.10624957772068,4.79670971696506
"184",4,"UKENAN_AW_TP000051",4.795404645,3.88774731305284,3.06692500516259,4.7068949437966
"185",5,"UKENAN_AW_TP000051",NA,4.14229580281436,3.28457942669732,4.99977130119005
"186",6,"UKENAN_AW_TP000051",5.587934523,4.31603412810408,3.49276167559943,5.13605478612055
"187",7,"UKENAN_AW_TP000051",NA,4.11741913763846,3.25498871821092,4.97969953004935
"188",8,"UKENAN_AW_TP000051",5.549685277,4.21242639461229,3.38899601979468,5.03175807156544
"189",9,"UKENAN_AW_TP000051",NA,4.41852813325756,3.55888430666657,5.27632647467831
"190",10,"UKENAN_AW_TP000051",5.430129731,4.550325557803,3.72574564990467,5.36758647141121
"191",11,"UKENAN_AW_TP000051",NA,4.66525338222184,3.81155633109848,5.51957530447223
"192",12,"UKENAN_AW_TP000051",5.862402829,4.55537837951529,3.73707178765137,5.37500043052435
"193",13,"UKENAN_AW_TP000051",NA,4.53224358139939,3.67878549795705,5.38670954379371
"194",14,"UKENAN_AW_TP000051",5.779262099,4.70227658969917,3.87804999212459,5.52045971197223
"195",15,"UKENAN_AW_TP000051",NA,4.57089088150187,3.7180925083261,5.42491684533148
"196",16,"UKENAN_AW_TP000051",4.864241185,4.76400048634034,3.94131786910327,5.58291867669251
"197",17,"UKENAN_AW_TP000051",NA,4.57542636438184,3.72291246168451,5.42844576465276
"198",18,"UKENAN_AW_TP000051",4.906298551,4.40973596123583,3.59081318713444,5.22760046182908
"199",19,"UKENAN_AW_TP000051",NA,4.34118811765437,3.48247612768631,5.19711588329616
"200",20,"UKENAN_AW_TP000051",5.426653515,4.34025878894961,3.52019860285821,5.15731893753356
"201",21,"UKENAN_AW_TP000051",NA,4.42326509401607,3.56980056412686,5.27589738110633
"202",22,"UKENAN_AW_TP000051",5.41641016,4.31133890467452,3.49222433116523,5.12868524789059
"203",23,"UKENAN_AW_TP000051",NA,4.53801005931443,3.68863218954874,5.38535482893545
"204",24,"UKENAN_AW_TP000051",5.518475377,4.40769128340282,3.58707495512809,5.22497356644884
"205",25,"UKENAN_AW_TP000051",NA,4.49038106396248,3.63576205638429,5.34449639668246
"206",26,"UKENAN_AW_TP000051",5.795185548,4.34373660396156,3.52484752189677,5.16173020828404
"207",27,"UKENAN_AW_TP000051",NA,4.30961074969844,3.45375018476388,5.16526982266363
"208",28,"UKENAN_AW_TP000051",5.279331829,4.39958885534677,3.57794920796185,5.21776856574614
"209",29,"UKENAN_AW_TP000051",NA,4.46494348465717,3.6120394904668,5.31612184490981
"210",30,"UKENAN_AW_TP000051",5.369455119,4.33430200238457,3.51367444079915,5.15774909484641
"211",31,"UKENAN_AW_TP000051",NA,4.2377238197669,3.34210424698489,5.12971678184073
"212",32,"UKENAN_AW_TP000051",4.869042736,4.32121583504887,3.50208282483912,5.14562859167987
"213",33,"UKENAN_AW_TP000051",NA,4.29516720187349,3.45905887362122,5.13279216888057
"214",34,"UKENAN_AW_TP000051",5.868759311,4.17822993594464,3.35641170087956,4.99629098540278
"215",35,"UKENAN_AW_TP000051",NA,4.13608365814729,3.27931439111641,4.9918183600317
"216",36,"UKENAN_AW_TP000051",5.760341207,4.19580754485818,3.37750044182356,5.0148011062705
"217",37,"UKENAN_AW_TP000051",NA,4.54916170765255,3.69531656766098,5.40205009667553
"218",38,"UKENAN_AW_TP000051",6.655031988,4.53906729497843,3.7208635455075,5.35759683620974
"219",39,"UKENAN_AW_TP000051",NA,4.85442390655354,4.00271447068575,5.70598513775048
"220",40,"UKENAN_AW_TP000051",6.47401441,4.64464901110667,3.82364490155301,5.46475908159523
"221",41,"UKENAN_AW_TP000051",NA,4.87977553679098,4.02429867065213,5.73587529516252
"222",42,"UKENAN_AW_TP000051",5.798553401,4.84164811447279,4.02260083684815,5.65908963858435
"223",43,"UKENAN_AW_TP000051",NA,4.79858020577685,3.95344373235128,5.64088988336868
"224",44,"UKENAN_AW_TP000051",3.358993107,4.64622781587171,3.82332070830416,5.46869433222423
"225",45,"UKENAN_AW_TP000051",NA,4.76716849220685,3.90114112487211,5.62842076593764
"316",1,"UKENAN_AW_TP000069",NA,4.0800238986301,3.22327280404801,4.93622268905383
"317",2,"UKENAN_AW_TP000069",2.780945214,4.02759989519264,3.2143019433804,4.84282644050015
"318",3,"UKENAN_AW_TP000069",NA,4.3672972411418,3.52862992237286,5.20721707083822
"319",4,"UKENAN_AW_TP000069",2.875723854,4.33525902196326,3.52156824180273,5.14918223507455
"320",5,"UKENAN_AW_TP000069",NA,4.54203467067908,3.69162122291714,5.39329576368721
"321",6,"UKENAN_AW_TP000069",5.208349592,4.68906897047159,3.87185720201451,5.5018507147421
"322",7,"UKENAN_AW_TP000069",NA,4.54418181868328,3.69082814587025,5.39787591465766
"323",8,"UKENAN_AW_TP000069",3.050394259,4.62134778506805,3.80509584969385,5.43317085398182
"324",9,"UKENAN_AW_TP000069",NA,4.82070103136922,3.96756405802128,5.67314029024576
"325",10,"UKENAN_AW_TP000069",3.784867635,5.02148658592202,4.203007604448,5.83384008161537
"326",11,"UKENAN_AW_TP000069",NA,5.07874092961597,4.22954295759188,5.92844769552095
"327",12,"UKENAN_AW_TP000069",4.57376694,5.01262957772751,4.20112280281145,5.82833400757275
"328",13,"UKENAN_AW_TP000069",NA,4.94327952348306,4.09441517567177,5.79326469042291
"329",14,"UKENAN_AW_TP000069",4.713552074,5.08937661985565,4.27091263824902,5.90141592684614
"330",15,"UKENAN_AW_TP000069",NA,4.97841198235865,4.13012136198512,5.82879088420094
"331",16,"UKENAN_AW_TP000069",4.587114908,5.20137109588637,4.3849847245308,6.01514103205585
"332",17,"UKENAN_AW_TP000069",NA,4.97884406273419,4.13236981002695,5.82676963117736
"333",18,"UKENAN_AW_TP000069",3.475336839,4.83769819826388,4.02538909690889,5.65107180027674
"334",19,"UKENAN_AW_TP000069",NA,4.74856917868296,3.8964656752232,5.59840388342835
"335",20,"UKENAN_AW_TP000069",3.136761124,4.73502604398086,3.92249134848736,5.5496154709399
"336",21,"UKENAN_AW_TP000069",NA,4.82184102959339,3.97372837470703,5.67018462205848
"337",22,"UKENAN_AW_TP000069",2.897817283,4.74122337102444,3.92929616606427,5.55556564417591
"338",23,"UKENAN_AW_TP000069",NA,4.93771595045527,4.0927129766549,5.7809412001599
"339",24,"UKENAN_AW_TP000069",4.685477241,4.85314033604326,4.03914478313328,5.66518153121379
"340",25,"UKENAN_AW_TP000069",NA,4.89977259466627,4.05185827721898,5.74834976807222
"341",26,"UKENAN_AW_TP000069",3.521932868,4.78160688115098,3.96956770356489,5.59597065745256
"342",27,"UKENAN_AW_TP000069",NA,4.73231364939366,3.88171110156707,5.5834922071274
"343",28,"UKENAN_AW_TP000069",5.083967893,4.84562894531193,4.0310035720316,5.65913936898975
"344",29,"UKENAN_AW_TP000069",NA,4.86458662771159,4.02015823508655,5.70893848263799
"345",30,"UKENAN_AW_TP000069",3.464791183,4.75821327998954,3.94584860358166,5.57651523430286
"346",31,"UKENAN_AW_TP000069",NA,4.62636361385833,3.73357413223161,5.51522719085523
"347",32,"UKENAN_AW_TP000069",3.304894256,4.72940029455664,3.916366003583,5.54744444324845
"348",33,"UKENAN_AW_TP000069",NA,4.70367331490285,3.87204064257024,5.53821063348408
"349",34,"UKENAN_AW_TP000069",3.024636607,4.51238854843677,3.69686238540467,5.32445628077264
"350",35,"UKENAN_AW_TP000069",NA,4.54333721735767,3.69338723199709,5.39370872551303
"351",36,"UKENAN_AW_TP000069",3.423211066,4.57257345637682,3.7600189258199,5.38626447162278
"352",37,"UKENAN_AW_TP000069",NA,4.93901456160596,4.08995369617793,5.7881877778623
"353",38,"UKENAN_AW_TP000069",5.06197873,4.95892033743533,4.14773704922955,5.77574417487024
"354",39,"UKENAN_AW_TP000069",NA,5.24981277571305,4.40210108212948,6.09758628163522
"355",40,"UKENAN_AW_TP000069",4.384190703,5.04453800424087,4.23093785253188,5.85828385630505
"356",41,"UKENAN_AW_TP000069",NA,5.277072850262,4.4283344431065,6.12789130658749
"357",42,"UKENAN_AW_TP000069",4.524430418,5.1818942723531,4.36664978695535,5.99329811459665
"358",43,"UKENAN_AW_TP000069",NA,5.18735026262435,4.34334528413109,6.02840203701904
"359",44,"UKENAN_AW_TP000069",4.47439468,5.04883063996551,4.23568280023034,5.86615567526905
"360",45,"UKENAN_AW_TP000069",NA,5.17100755910148,4.31262227311347,6.02537810532302
"2926",1,"UKENNE_YW_TP000095",3.547733582,4.47421735531786,3.62174148445454,5.32739468197615
"2927",2,"UKENNE_YW_TP000095",NA,4.43898127720498,3.62495016984286,5.25073951162016
"2928",3,"UKENNE_YW_TP000095",3.859322886,4.76193830350945,3.92604294468357,5.59976208755389
"2929",4,"UKENNE_YW_TP000095",NA,4.60126538897078,3.78627377940812,5.41470650781415
"2930",5,"UKENNE_YW_TP000095",4.049664442,4.94022587132621,4.0942169068452,5.78740382361012
"2931",6,"UKENNE_YW_TP000095",NA,4.86979390017737,4.05557326468207,5.68675239864654
"2932",7,"UKENNE_YW_TP000095",4.141306656,4.8807932273609,4.02833514427578,5.73476190753104
"2933",8,"UKENNE_YW_TP000095",NA,5.00790474267139,4.19523070515343,5.82033728098913
"2934",9,"UKENNE_YW_TP000095",4.568814982,5.20420707606133,4.3574661120381,6.05174129801673
"2935",10,"UKENNE_YW_TP000095",NA,5.29036078106578,4.47911860496307,6.10271869768295
"2936",11,"UKENNE_YW_TP000095",4.930566355,5.45439200023659,4.61012689407691,6.30023684220007
"2937",12,"UKENNE_YW_TP000095",NA,5.41218458243279,4.60104589070162,6.22373334245559
"2938",13,"UKENNE_YW_TP000095",NA,5.37851881143457,4.53479503826795,6.22502198684397
"2939",14,"UKENNE_YW_TP000095",5.424955616,5.49208303527847,4.68073049792567,6.30397570473544
"2940",15,"UKENNE_YW_TP000095",4.768407066,5.36062573492355,4.51708353362029,6.20597257175656
"2941",16,"UKENNE_YW_TP000095",NA,5.55349696538711,4.74166245995631,6.36595706999223
"2942",17,"UKENNE_YW_TP000095",4.528944127,5.39089246038179,4.54774575563547,6.23421387477928
"2943",18,"UKENNE_YW_TP000095",NA,5.30884624653017,4.49904864130615,6.12406293816454
"2944",19,"UKENNE_YW_TP000095",3.519786003,5.16034304255088,4.31532541576518,6.00404079849457
"2945",20,"UKENNE_YW_TP000095",NA,5.2777161403372,4.46634816825143,6.090339740432
"2946",21,"UKENNE_YW_TP000095",4.371896744,5.21739261337549,4.37328216997248,6.06112254079776
"2947",22,"UKENNE_YW_TP000095",NA,5.29700324042557,4.48074936838392,6.11006144787121
"2948",23,"UKENNE_YW_TP000095",4.170685418,5.33010294353382,4.490684834507,6.17049853366791
"2949",24,"UKENNE_YW_TP000095",NA,5.27692332736912,4.46578211279596,6.08889612927617
"2950",25,"UKENNE_YW_TP000095",4.463034986,5.24076547670418,4.39429044564078,6.0870690094697
"2951",26,"UKENNE_YW_TP000095",NA,5.23446123827677,4.42320170107779,6.04816523607063
"2952",27,"UKENNE_YW_TP000095",5.09171785,5.16122873060725,4.31646297499845,6.00515126081142
"2953",28,"UKENNE_YW_TP000095",NA,5.2799338667663,4.46754744459258,6.09147732983731
"2954",29,"UKENNE_YW_TP000095",4.908313041,5.25957486411598,4.41988900644857,6.10082952824787
"2955",30,"UKENNE_YW_TP000095",NA,5.30238780920777,4.48886568229911,6.11442751592658
"2956",31,"UKENNE_YW_TP000095",NA,5.13937382259943,4.27097802483165,6.00867338553991
"2957",32,"UKENNE_YW_TP000095",3.986050243,5.22967970454029,4.41772534430294,6.04459096168274
"2958",33,"UKENNE_YW_TP000095",3.875880952,5.10054454698902,4.27153468611599,5.93200346118764
"2959",34,"UKENNE_YW_TP000095",NA,4.88169596004328,4.06865159969982,5.6941356039977
"2960",35,"UKENNE_YW_TP000095",3.898227482,4.95407024754134,4.10786053084498,5.79896438365002
"2961",36,"UKENNE_YW_TP000095",NA,4.94227518789367,4.13116115202982,5.75757518289798
"2962",37,"UKENNE_YW_TP000095",4.219304823,5.32571610437777,4.48321505416738,6.17047159671105
"2963",38,"UKENNE_YW_TP000095",NA,5.28345355435054,4.47160124751818,6.09472416191817
"2964",39,"UKENNE_YW_TP000095",4.60982866,5.65628157926085,4.81196240742079,6.49960873179949
"2965",40,"UKENNE_YW_TP000095",NA,5.46997109818326,4.65648128839015,6.28127161618743
"2966",41,"UKENNE_YW_TP000095",5.179168325,5.68351007404733,4.83903302964123,6.53040126775363
"2967",42,"UKENNE_YW_TP000095",NA,5.52296343802732,4.71115249807811,6.33603572682859
"2968",43,"UKENNE_YW_TP000095",5.15962546,5.59861701509868,4.75832564424404,6.43810190416773
"2969",44,"UKENNE_YW_TP000095",NA,5.54019622923894,4.72629183437816,6.35176318670024
"2970",45,"UKENNE_YW_TP000095",NA,5.53920323176115,4.68113701696561,6.39739097947537
"4996",1,"UKENSO_SW_TP000091",5.076883779,4.53216996417874,3.65202117032073,5.41273115121423
"4997",2,"UKENSO_SW_TP000091",NA,4.57626814604712,3.72644094021876,5.42887406399283
"4998",3,"UKENSO_SW_TP000091",4.864055441,4.81696518706974,3.95443561049357,5.68128071829062
"4999",4,"UKENSO_SW_TP000091",NA,4.80722221096022,3.95600346172446,5.65795606849529
"5000",5,"UKENSO_SW_TP000091",5.053609274,5.00631732943265,4.13381991464016,5.88072639110828
"5001",6,"UKENSO_SW_TP000091",NA,5.11262602580865,4.26074355320309,5.96143918469791
"5002",7,"UKENSO_SW_TP000091",5.245378709,4.92255629828293,4.04335273961777,5.80434487072902
"5003",8,"UKENSO_SW_TP000091",NA,4.99863670512886,4.14947230433838,5.85075530259313
"5004",9,"UKENSO_SW_TP000091",5.193642309,5.32259822726629,4.44587646346125,6.19842170597289
"5005",10,"UKENSO_SW_TP000091",NA,5.41411066314242,4.56527334456996,6.26423334650998
"5006",11,"UKENSO_SW_TP000091",5.370743382,5.54036650145795,4.66806161901887,6.4161565116088
"5007",12,"UKENSO_SW_TP000091",NA,5.53581370056351,4.68568794083401,6.38515658297496
"5008",13,"UKENSO_SW_TP000091",5.726347341,5.43224724206306,4.56108798308918,6.30666045506858
"5009",14,"UKENSO_SW_TP000091",NA,5.44800079880031,4.5990634978794,6.29847503247104
"5010",15,"UKENSO_SW_TP000091",5.597402956,5.4474244949834,4.57569828599594,6.32167495495644
"5011",16,"UKENSO_SW_TP000091",NA,5.50730391825356,4.65858050284521,6.35848687429666
"5012",17,"UKENSO_SW_TP000091",5.349382548,5.41646741170635,4.54678240662942,6.287862438036
"5013",18,"UKENSO_SW_TP000091",NA,5.29022839780905,4.44163709832463,6.14159123386253
"5014",19,"UKENSO_SW_TP000091",5.727181033,5.2342224979315,4.36036422153673,6.10691767688098
"5015",20,"UKENSO_SW_TP000091",NA,5.36274762842654,4.50593930989398,6.21330481761939
"5016",21,"UKENSO_SW_TP000091",4.286493962,5.27170037563394,4.4005329261972,6.14341118179665
"5017",22,"UKENSO_SW_TP000091",NA,5.25126999113355,4.40108325371435,6.10046584271634
"5018",23,"UKENSO_SW_TP000091",5.284649666,5.3795178457505,4.51149878683,6.249317085557
"5019",24,"UKENSO_SW_TP000091",NA,5.403587041025,4.5516682494757,6.25339028384106
"5020",25,"UKENSO_SW_TP000091",5.348867565,5.37693593033742,4.50557534957169,6.25014745740187
"5021",26,"UKENSO_SW_TP000091",NA,5.28438379773679,4.43390450284057,6.13363799385499
"5022",27,"UKENSO_SW_TP000091",5.638341821,5.22243116674734,4.34976200631589,6.0958407764759
"5023",28,"UKENSO_SW_TP000091",NA,5.37729907931461,4.5275893375414,6.2269535836347
"5024",29,"UKENSO_SW_TP000091",4.976977978,5.32888849395748,4.45767724927204,6.19884603177894
"5025",30,"UKENSO_SW_TP000091",NA,5.339578211098,4.48879899586526,6.18908280119827
"5026",31,"UKENSO_SW_TP000091",NA,5.13389599482187,4.2303490860085,6.0363505629981
"5027",32,"UKENSO_SW_TP000091",5.005597167,5.25297188156928,4.40353014830004,6.10752984103402
"5028",33,"UKENSO_SW_TP000091",5.455663592,5.1822051987798,4.32513942823797,6.04142833380121
"5029",34,"UKENSO_SW_TP000091",NA,5.0016184087944,4.15096335564122,5.85444256901989
"5030",35,"UKENSO_SW_TP000091",4.748376919,5.02119789237968,4.14856459686102,5.89365525255534
"5031",36,"UKENSO_SW_TP000091",NA,5.09827480160365,4.24737854668499,5.9478427978783
"5032",37,"UKENSO_SW_TP000091",5.863471372,5.35262611159623,4.48002111885012,6.22748119360516
"5033",38,"UKENSO_SW_TP000091",NA,5.35622605008572,4.5046450099753,6.20709411218374
"5034",39,"UKENSO_SW_TP000091",5.561180587,5.72902134953025,4.85554961228964,6.60475134405699
"5035",40,"UKENSO_SW_TP000091",NA,5.49165945826508,4.64116569468071,6.34442304533372
"5036",41,"UKENSO_SW_TP000091",5.19615949,5.73026590808943,4.85985381850071,6.6030014873662
"5037",42,"UKENSO_SW_TP000091",NA,5.67335102690501,4.82232472329699,6.52297203328266
"5038",43,"UKENSO_SW_TP000091",5.626152086,5.67164188483873,4.80290617768388,6.54181930479047
"5039",44,"UKENSO_SW_TP000091",NA,5.48536060058363,4.63526623422847,6.33591331213842
"5040",45,"UKENSO_SW_TP000091",NA,5.61212033842448,4.72613633532262,6.49668806388627
"5176",1,"UKENSW_SWS_TP000025",NA,4.57158961660505,3.62860188360674,5.51453304360237
"5177",2,"UKENSW_SWS_TP000025",4.92367286,4.65623634806586,3.73946033355843,5.57444845629152
"5178",3,"UKENSW_SWS_TP000025",NA,4.82194332345037,3.89080460721476,5.75300552680207
"5179",4,"UKENSW_SWS_TP000025",4.369831794,4.74761189694761,3.8312037486635,5.66487364260516
"5180",5,"UKENSW_SWS_TP000025",NA,4.97163262188365,4.03712178217411,5.90758538365053
"5181",6,"UKENSW_SWS_TP000025",5.280104844,5.03628932274012,4.11975935275182,5.953587923829
"5182",7,"UKENSW_SWS_TP000025",NA,5.02819877413036,4.08782488284503,5.96988914326547
"5183",8,"UKENSW_SWS_TP000025",6.146437845,4.97163802833957,4.05578351627156,5.88873734518845
"5184",9,"UKENSW_SWS_TP000025",NA,5.29273013605399,4.35560707142918,6.23021842253044
"5185",10,"UKENSW_SWS_TP000025",6.553380114,5.45493012991833,4.54032430841433,6.36999312301963
"5186",11,"UKENSW_SWS_TP000025",NA,5.5605597323477,4.62382407676938,6.49864125551704
"5187",12,"UKENSW_SWS_TP000025",6.347702783,5.46278603697218,4.54697805879926,6.37795465828174
"5188",13,"UKENSW_SWS_TP000025",NA,5.42042769477517,4.48287630221837,6.35849740620753
"5189",14,"UKENSW_SWS_TP000025",5.765275567,5.41218550030729,4.49576171240443,6.3302526384702
"5190",15,"UKENSW_SWS_TP000025",NA,5.45697066125297,4.52054289579093,6.39517572745188
"5191",16,"UKENSW_SWS_TP000025",6.053145857,5.5866576091319,4.67119137085651,6.50233606322842
"5192",17,"UKENSW_SWS_TP000025",NA,5.46749974434805,4.53021082417373,6.40607396845425
"5193",18,"UKENSW_SWS_TP000025",6.009335945,5.398900761285,4.48335784089045,6.31405799623857
"5194",19,"UKENSW_SWS_TP000025",NA,5.20624611902452,4.26673927575089,6.14566262582658
"5195",20,"UKENSW_SWS_TP000025",5.759091481,5.30257713737319,4.38754516185183,6.2173683168943
"5196",21,"UKENSW_SWS_TP000025",NA,5.25132227454387,4.31448882738189,6.18800434697973
"5197",22,"UKENSW_SWS_TP000025",4.944469715,5.22370074534172,4.30845469758284,6.13829018577262
"5198",23,"UKENSW_SWS_TP000025",NA,5.38433819062396,4.4501567079659,6.31896386750982
"5199",24,"UKENSW_SWS_TP000025",6.481304174,5.39656347536575,4.48091306192956,6.31141739340058
"5200",25,"UKENSW_SWS_TP000025",NA,5.33531705077433,4.39695401368709,6.27429969488091
"5201",26,"UKENSW_SWS_TP000025",5.787018945,5.40231500996848,4.48524131082069,6.31895820972717
"5202",27,"UKENSW_SWS_TP000025",NA,5.20896241411007,4.2685326582606,6.14961820943787
"5203",28,"UKENSW_SWS_TP000025",5.237375523,5.5313739546806,4.61508525808065,6.44786081449808
"5204",29,"UKENSW_SWS_TP000025",NA,5.31983445745815,4.38512692388879,6.25537785312039
"5205",30,"UKENSW_SWS_TP000025",6.160412354,5.42852824337993,4.51276288942469,6.34421253864164
"5206",31,"UKENSW_SWS_TP000025",NA,5.26355401699277,4.30630961630615,6.22183313009322
"5207",32,"UKENSW_SWS_TP000025",6.255519914,5.11850580569581,4.19622210969081,6.04076855908691
"5208",33,"UKENSW_SWS_TP000025",NA,5.22225087239695,4.29508087375171,6.15025263622136
"5209",34,"UKENSW_SWS_TP000025",5.957748318,5.11858519762801,4.20240464187736,6.03438342614032
"5210",35,"UKENSW_SWS_TP000025",NA,5.07386986649146,4.13709874561292,6.01128170176821
"5211",36,"UKENSW_SWS_TP000025",5.248426199,5.15734126992358,4.24239476948028,6.07241136547577
"5212",37,"UKENSW_SWS_TP000025",NA,5.39725500420143,4.4597665265964,6.33560868578818
"5213",38,"UKENSW_SWS_TP000025",5.827136746,5.42937589978046,4.51307917424421,6.34536526841844
"5214",39,"UKENSW_SWS_TP000025",NA,5.72866601686747,4.79249674909189,6.66655586511396
"5215",40,"UKENSW_SWS_TP000025",5.948784634,5.47641412938245,4.55759051812304,6.39538784896288
"5216",41,"UKENSW_SWS_TP000025",NA,5.67464486033731,4.73750487876707,6.61283110818004
"5217",42,"UKENSW_SWS_TP000025",5.698965445,5.58586965901505,4.6694721458397,6.50365600351015
"5218",43,"UKENSW_SWS_TP000025",NA,5.72028159338476,4.78619286048018,6.65565774025847
"5219",44,"UKENSW_SWS_TP000025",6.505153977,5.4950755286108,4.58010036839314,6.41046227464059
"5220",45,"UKENSW_SWS_TP000025",NA,5.68996981801423,4.73813664965404,6.64212322087288
"5041",1,"UKENSW_SWS_TP000002",NA,4.5252480676004,3.57169011810134,5.47764837062538
"5042",2,"UKENSW_SWS_TP000002",4.396748123,4.47210699159155,3.54201709271179,5.4028110104836
"5043",3,"UKENSW_SWS_TP000002",NA,4.75737033481881,3.81235304059188,5.70065783557508
"5044",4,"UKENSW_SWS_TP000002",4.906555931,4.71691491308553,3.78625389915698,5.65058824056352
"5045",5,"UKENSW_SWS_TP000002",NA,4.91499430209554,3.96902298605061,5.86194355546403
"5046",6,"UKENSW_SWS_TP000002",5.451175455,5.01896215101871,4.08870992599594,5.94980649132074
"5047",7,"UKENSW_SWS_TP000002",NA,4.97335620044666,4.02067332715694,5.92625469007869
"5048",8,"UKENSW_SWS_TP000002",5.607547939,4.94980185462218,4.01938229715478,5.8812880146726
"5049",9,"UKENSW_SWS_TP000002",NA,5.22555141659467,4.27572079941469,6.17430932259852
"5050",10,"UKENSW_SWS_TP000002",5.911282592,5.38454473927799,4.4539594498384,6.31338805291901
"5051",11,"UKENSW_SWS_TP000002",NA,5.5082349668681,4.56040857454121,6.45592129982562
"5052",12,"UKENSW_SWS_TP000002",5.517787839,5.41453249773564,4.48337247908176,6.34361559494341
"5053",13,"UKENSW_SWS_TP000002",NA,5.32646013204524,4.37249111028872,6.27894312630487
"5054",14,"UKENSW_SWS_TP000002",5.070881611,5.38315519938792,4.45079983895499,6.31827052115661
"5055",15,"UKENSW_SWS_TP000002",NA,5.4016917153903,4.45479223587428,6.34951578883708
"5056",16,"UKENSW_SWS_TP000002",5.915088414,5.4962924089187,4.5659285789081,6.42515239271023
"5057",17,"UKENSW_SWS_TP000002",NA,5.40396507171109,4.45598152022919,6.35256120626973
"5058",18,"UKENSW_SWS_TP000002",5.931868181,5.32645656315646,4.39627919890087,6.25454735103023
"5059",19,"UKENSW_SWS_TP000002",NA,5.13823174736308,4.18591435923634,6.08956598617537
"5060",20,"UKENSW_SWS_TP000002",5.794263958,5.24346171250597,4.3144503462313,6.17133076174434
"5061",21,"UKENSW_SWS_TP000002",NA,5.2106578181068,4.2611152908298,6.15821617436301
"5062",22,"UKENSW_SWS_TP000002",6.011010316,5.22057551750547,4.29093606044092,6.14867972367859
"5063",23,"UKENSW_SWS_TP000002",NA,5.33401566703,4.3899226352743,6.27823785968783
"5064",24,"UKENSW_SWS_TP000002",6.307274977,5.34137531384006,4.40935658198363,6.26996527915675
"5065",25,"UKENSW_SWS_TP000002",NA,5.27935992348541,4.32878152320892,6.22978734329725
"5066",26,"UKENSW_SWS_TP000002",5.515417246,5.30184598294945,4.37037242027865,6.23045592477487
"5067",27,"UKENSW_SWS_TP000002",NA,5.17776804091709,4.22851180531948,6.12660981302513
"5068",28,"UKENSW_SWS_TP000002",5.892270547,5.39095951324318,4.46020873698354,6.31897637277725
"5069",29,"UKENSW_SWS_TP000002",NA,5.29441426811929,4.34947911043191,6.2395318002526
"5070",30,"UKENSW_SWS_TP000002",6.698645188,5.3163890879101,4.38535187009806,6.24497335006847
"5071",31,"UKENSW_SWS_TP000002",NA,5.20416904008072,4.23655779162033,6.17187609685364
"5072",32,"UKENSW_SWS_TP000002",6.703543024,5.14950761492237,4.21897695692234,6.08105458054626
"5073",33,"UKENSW_SWS_TP000002",NA,5.16150065138769,4.22441828477787,6.09857581535883
"5074",34,"UKENSW_SWS_TP000002",5.065962965,5.04074618038149,4.10892482811764,5.97003216270126
"5075",35,"UKENSW_SWS_TP000002",NA,5.0133955226065,4.06449499020735,5.96256626740637
"5076",36,"UKENSW_SWS_TP000002",5.108230102,5.03656007042673,4.10755182316421,5.96561014246853
"5077",37,"UKENSW_SWS_TP000002",NA,5.33194594166466,4.38399683387319,6.28023040545725
"5078",38,"UKENSW_SWS_TP000002",6.503005469,5.36465350355449,4.43574984658126,6.29265285952251
"5079",39,"UKENSW_SWS_TP000002",NA,5.65757587547167,4.71090179029903,6.60625978858629
"5080",40,"UKENSW_SWS_TP000002",4.841602964,5.51893685177065,4.58996957326885,6.44798078800034
"5081",41,"UKENSW_SWS_TP000002",NA,5.5929237539946,4.63961775576545,6.54583647673728
"5082",42,"UKENSW_SWS_TP000002",5.789973575,5.58372467259112,4.65440899572974,6.51582610687253
"5083",43,"UKENSW_SWS_TP000002",NA,5.63013093563812,4.68228334750711,6.57818760458561
"5084",44,"UKENSW_SWS_TP000002",5.447991729,5.4478994295244,4.52009813616454,6.37590879219966
"5085",45,"UKENSW_SWS_TP000002",NA,5.60885378974477,4.64456425634167,6.57244043010184
"5086",1,"UKENSW_SWS_TP000016",NA,4.78679594392311,3.83428030050571,5.73911616971632
"5087",2,"UKENSW_SWS_TP000016",NA,4.74531295187565,3.81482413881002,5.67691650899366
"5088",3,"UKENSW_SWS_TP000016",NA,5.01904533399801,4.0759022564632,5.96185588127388
"5089",4,"UKENSW_SWS_TP000016",NA,4.97933524039154,4.04830344497252,5.91297162786143
"5090",5,"UKENSW_SWS_TP000016",NA,5.17574870684981,4.23151435133813,6.12144669724258
"5091",6,"UKENSW_SWS_TP000016",NA,5.28286120252809,4.35208717596858,6.21440146366243
"5092",7,"UKENSW_SWS_TP000016",NA,5.2341082031407,4.28406694066952,6.18518829213293
"5093",8,"UKENSW_SWS_TP000016",NA,5.21503654755138,4.28528272797112,6.14630859409168
"5094",9,"UKENSW_SWS_TP000016",NA,5.48498566437921,4.53723319788121,6.43271727025047
"5095",10,"UKENSW_SWS_TP000016",NA,5.64386420392182,4.71428543968918,6.57305157893724
"5096",11,"UKENSW_SWS_TP000016",NA,5.76945257540324,4.82280525937928,6.71709768033706
"5097",12,"UKENSW_SWS_TP000016",NA,5.68119184370559,4.75089939761564,6.61082197950465
"5098",13,"UKENSW_SWS_TP000016",NA,5.59072165005252,4.63977641170872,6.54163851488031
"5099",14,"UKENSW_SWS_TP000016",NA,5.63470065697296,4.70232706920345,6.56939502036958
"5100",15,"UKENSW_SWS_TP000016",NA,5.65837920555947,4.71211370134537,6.60621385597693
"5101",16,"UKENSW_SWS_TP000016",NA,5.75638685563682,4.8260102045276,6.68620023289083
"5102",17,"UKENSW_SWS_TP000016",NA,5.66799473980939,4.72103341620324,6.61616935409905
"5103",18,"UKENSW_SWS_TP000016",NA,5.58908599770874,4.65932684300708,6.51801797044168
"5104",19,"UKENSW_SWS_TP000016",NA,5.40667755998753,4.45751190425673,6.35593541811787
"5105",20,"UKENSW_SWS_TP000016",NA,5.50730642823656,4.57767861391773,6.43670466978118
"5106",21,"UKENSW_SWS_TP000016",5.592361135,5.46685114817707,4.51889493785062,6.41423143449114
"5107",22,"UKENSW_SWS_TP000016",NA,5.48407397399542,4.5541718212052,6.41349451586157
"5108",23,"UKENSW_SWS_TP000016",5.97648293,5.59944671308945,4.65524083774292,6.54461522973803
"5109",24,"UKENSW_SWS_TP000016",NA,5.60823733818157,4.67667005398324,6.53825443495719
"5110",25,"UKENSW_SWS_TP000016",5.358058121,5.53268876591423,4.58221871213683,6.48361847458512
"5111",26,"UKENSW_SWS_TP000016",NA,5.57182146505191,4.63918296400048,6.50322351452679
"5112",27,"UKENSW_SWS_TP000016",5.878648893,5.43274271959813,4.48361376835176,6.38239995136551
"5113",28,"UKENSW_SWS_TP000016",NA,5.66886264120885,4.73757251604261,6.59901369965936
"5114",29,"UKENSW_SWS_TP000016",6.658635402,5.55456765143235,4.60973727400548,6.50057023223121
"5115",30,"UKENSW_SWS_TP000016",NA,5.58540791881408,4.6542827534875,6.51520882598868
"5116",31,"UKENSW_SWS_TP000016",NA,5.46827017717786,4.50172387907675,6.43561407036178
"5117",32,"UKENSW_SWS_TP000016",5.8163882,5.40655375637617,4.47356374899925,6.34114623109557
"5118",33,"UKENSW_SWS_TP000016",5.705971553,5.41953418377159,4.48206926424294,6.35774159860926
"5119",34,"UKENSW_SWS_TP000016",NA,5.3045637711668,4.37252073585328,6.23556329975951
"5120",35,"UKENSW_SWS_TP000016",3.777684695,5.27637185616533,4.32979072588642,6.22373402897856
"5121",36,"UKENSW_SWS_TP000016",NA,5.30488258458647,4.37561281501822,6.23463524226344
"5122",37,"UKENSW_SWS_TP000016",5.639577066,5.59872885116362,4.65130092828003,6.54719671145632
"5123",38,"UKENSW_SWS_TP000016",NA,5.64601993118941,4.71617883077657,6.57587969756451
"5124",39,"UKENSW_SWS_TP000016",5.542643884,5.9200389866818,4.9737554744795,6.86843463970629
"5125",40,"UKENSW_SWS_TP000016",NA,5.78159594059896,4.85027686207113,6.71404568225292
"5126",41,"UKENSW_SWS_TP000016",5.917819946,5.86345679235765,4.9134384277876,6.81404535104699
"5127",42,"UKENSW_SWS_TP000016",NA,5.84144496330144,4.9106606851798,6.77469334868701
"5128",43,"UKENSW_SWS_TP000016",4.18408935,5.89141814607681,4.9446394386845,6.83915351730565
"5129",44,"UKENSW_SWS_TP000016",NA,5.7097698996016,4.78027072970524,6.64010861226167
"5130",45,"UKENSW_SWS_TP000016",3.412911541,5.8736139784652,4.90952947080838,6.8377903936988
"1351",1,"UKENMI_ST_TP000099",NA,4.31989456935859,3.41042676870616,5.23020822316389
"1352",2,"UKENMI_ST_TP000099",4.720913345,4.32767651860749,3.44313984716427,5.21465144712112
"1353",3,"UKENMI_ST_TP000099",NA,4.57393066606369,3.67889632379151,5.4698448054564
"1354",4,"UKENMI_ST_TP000099",5.176699445,4.57339813114083,3.68660797668779,5.46130585936801
"1355",5,"UKENMI_ST_TP000099",NA,4.73484863856436,3.83003725129627,5.64175706384931
"1356",6,"UKENMI_ST_TP000099",4.955166006,4.89561803647643,4.01029772058066,5.7808663037764
"1357",7,"UKENMI_ST_TP000099",NA,4.82703614174531,3.91861129318827,5.73604419932413
"1358",8,"UKENMI_ST_TP000099",3.931687789,4.81742650471455,3.9329813196516,5.70136051410666
"1359",9,"UKENMI_ST_TP000099",NA,5.0425856528645,4.13188373361021,5.95441809523468
"1360",10,"UKENMI_ST_TP000099",5.406704958,5.25788645337003,4.37113864386727,6.14164843096728
"1361",11,"UKENMI_ST_TP000099",NA,5.37246799839215,4.46834341572101,6.27693536836275
"1362",12,"UKENMI_ST_TP000099",5.536471389,5.23354209106788,4.34943674168906,6.11798232360341
"1363",13,"UKENMI_ST_TP000099",NA,5.17494809860823,4.26606355670322,6.08425233001862
"1364",14,"UKENMI_ST_TP000099",4.809722973,5.21387929176202,4.32919771872376,6.10067800747227
"1365",15,"UKENMI_ST_TP000099",NA,5.25768990170163,4.35126436393614,6.16595974626208
"1366",16,"UKENMI_ST_TP000099",5.743742829,5.3921017982352,4.50611877428857,6.27760485798826
"1367",17,"UKENMI_ST_TP000099",NA,5.21857028472416,4.31570686646545,6.12284324167368
"1368",18,"UKENMI_ST_TP000099",2.859074012,5.12471353981238,4.24034684247175,6.00941224370367
"1369",19,"UKENMI_ST_TP000099",NA,5.0203967290063,4.11453468710023,5.92667828106681
"1370",20,"UKENMI_ST_TP000099",5.318963821,4.9948121067463,4.10953130656659,5.88372451696387
"1371",21,"UKENMI_ST_TP000099",NA,5.06140546513233,4.15848903542075,5.96499555588271
"1372",22,"UKENMI_ST_TP000099",4.698001251,5.05261282097519,4.16816570990755,5.93747394890944
"1373",23,"UKENMI_ST_TP000099",NA,5.18071622347745,4.2776993675484,6.08415849580668
"1374",24,"UKENMI_ST_TP000099",4.862479569,5.25367169267569,4.36504469179985,6.1405484904648
"1375",25,"UKENMI_ST_TP000099",NA,5.14347260341995,4.23916236575927,6.04873009383169
"1376",26,"UKENMI_ST_TP000099",5.432619791,5.11600874084743,4.23124037497379,6.00121903505998
"1377",27,"UKENMI_ST_TP000099",NA,5.02938166345633,4.12214663301179,5.93711104182276
"1378",28,"UKENMI_ST_TP000099",5.229524243,5.18721845503142,4.30288762116887,6.07164226056726
"1379",29,"UKENMI_ST_TP000099",NA,5.10313151829434,4.2003529699943,6.00712139691671
"1380",30,"UKENMI_ST_TP000099",5.016827181,5.10045656778218,4.21698485004226,5.98586916975855
"1381",31,"UKENMI_ST_TP000099",NA,5.03676554404403,4.11093967386301,5.96254453071408
"1382",32,"UKENMI_ST_TP000099",5.46685296,5.06773170464049,4.18251050254538,5.95264421728979
"1383",33,"UKENMI_ST_TP000099",NA,5.01405631408781,4.11860809195365,5.90981398020882
"1384",34,"UKENMI_ST_TP000099",4.723753281,4.84577584201895,3.96221714710722,5.73099235968604
"1385",35,"UKENMI_ST_TP000099",NA,4.80927207088403,3.90433932271727,5.71466713469796
"1386",36,"UKENMI_ST_TP000099",5.060164665,4.83204956517576,3.94773478660852,5.7177505739996
"1387",37,"UKENMI_ST_TP000099",NA,5.18129332376015,4.27535282235233,6.08827591091855
"1388",38,"UKENMI_ST_TP000099",5.374284528,5.14492854058564,4.2579129942004,6.03425708125696
"1389",39,"UKENMI_ST_TP000099",NA,5.46627308993046,4.56399470097313,6.36927086753943
"1390",40,"UKENMI_ST_TP000099",5.426081749,5.39645085903112,4.51130720378225,6.28238193557333
"1391",41,"UKENMI_ST_TP000099",NA,5.47049494196479,4.56624907003925,6.37560918639885
"1392",42,"UKENMI_ST_TP000099",4.342402236,5.41407230190427,4.52928125137585,6.29969098852064
"1393",43,"UKENMI_ST_TP000099",5.906828347,5.53795804766799,4.63637413618126,6.4400658479403
"1394",44,"UKENMI_ST_TP000099",NA,5.27222980859777,4.38767724098363,6.15845282143582
"1395",45,"UKENMI_ST_TP000099",NA,5.4948554675832,4.57069294219234,6.41903709365793
"1981",1,"UKENMI_ST_TP000208",NA,4.47082986608356,3.54573583984579,5.39612830606304
"1982",2,"UKENMI_ST_TP000208",4.915911284,4.46919203081718,3.57458283376953,5.36613281902704
"1983",3,"UKENMI_ST_TP000208",NA,4.71667147924986,3.80709060806083,5.62615195633642
"1984",4,"UKENMI_ST_TP000208",5.576511177,4.72566188681935,3.82781793811875,5.62418953883814
"1985",5,"UKENMI_ST_TP000208",NA,4.87929557584016,3.95908247814406,5.80088814138308
"1986",6,"UKENMI_ST_TP000208",5.066778577,5.03918599814816,4.14369366414849,5.93383747213055
"1987",7,"UKENMI_ST_TP000208",NA,4.96596370083571,4.04205882397295,5.88961897873771
"1988",8,"UKENMI_ST_TP000208",6.066233226,4.93072899837957,4.035224131137,5.82484466001224
"1989",9,"UKENMI_ST_TP000208",NA,5.18845605754284,4.26529610854306,6.11215624008634
"1990",10,"UKENMI_ST_TP000208",5.147386908,5.41543603852718,4.51795869388785,6.3094278004844
"1991",11,"UKENMI_ST_TP000208",NA,5.495795345766,4.57608016371261,6.41499832015082
"1992",12,"UKENMI_ST_TP000208",5.912582898,5.37224435293529,4.47725020350036,6.26668854840624
"1993",13,"UKENMI_ST_TP000208",NA,5.29723247538259,4.3718436950774,6.22224041825286
"1994",14,"UKENMI_ST_TP000208",5.660383944,5.33439864657188,4.43937523902771,6.23077358607649
"1995",15,"UKENMI_ST_TP000208",NA,5.39290627049975,4.47204541677889,6.31510637397453
"1996",16,"UKENMI_ST_TP000208",6.188044399,5.54667616069438,4.65038018663479,6.44190128712152
"1997",17,"UKENMI_ST_TP000208",NA,5.36797560454822,4.44932365989264,6.2877610740963
"1998",18,"UKENMI_ST_TP000208",4.806949918,5.27730679849589,4.38250377911179,6.17161984278746
"1999",19,"UKENMI_ST_TP000208",NA,5.15664126175488,4.23530996823573,6.07750921988131
"2000",20,"UKENMI_ST_TP000208",5.578316281,5.15682683312289,4.26216729856804,6.05395924466806
"2001",21,"UKENMI_ST_TP000208",NA,5.19478261265499,4.27555659178909,6.11345124134546
"2002",22,"UKENMI_ST_TP000208",5.057660086,5.20442817384303,4.30936182406293,6.09896451120251
"2003",23,"UKENMI_ST_TP000208",NA,5.31516557263166,4.39739558596406,6.23282527270766
"2004",24,"UKENMI_ST_TP000208",5.476297589,5.41097799191411,4.51218319587708,6.30738786124702
"2005",25,"UKENMI_ST_TP000208",NA,5.28840577659624,4.36871806587641,6.2083004235573
"2006",26,"UKENMI_ST_TP000208",3.264449799,5.25007212820453,4.35491507338044,6.14423313641738
"2007",27,"UKENMI_ST_TP000208",NA,5.17505347949119,4.25330038754509,6.0967507997875
"2008",28,"UKENMI_ST_TP000208",4.713342226,5.31785279919453,4.42281155994068,6.21191078928312
"2009",29,"UKENMI_ST_TP000208",NA,5.25340295987637,4.33563705717779,6.17191965359144
"2010",30,"UKENMI_ST_TP000208",5.514757657,5.25192876797822,4.35780039142905,6.14770791522974
"2011",31,"UKENMI_ST_TP000208",NA,5.15417326197209,4.21109308023162,6.09650642447215
"2012",32,"UKENMI_ST_TP000208",NA,5.19044894689235,4.29362249853894,6.0873811760479
"2013",33,"UKENMI_ST_TP000208",4.182980469,5.14985789773898,4.23958509058838,6.06017012031946
"2014",34,"UKENMI_ST_TP000208",5.000474306,5.00848497902689,4.11365967542464,5.90403367759442
"2015",35,"UKENMI_ST_TP000208",NA,4.96756161936786,4.04653859463703,5.88890139592875
"2016",36,"UKENMI_ST_TP000208",3.790386204,4.9613854400368,4.06646718164034,5.85694502205018
"2017",37,"UKENMI_ST_TP000208",NA,5.32343310271707,4.40215919269037,6.24519033653279
"2018",38,"UKENMI_ST_TP000208",5.295053712,5.27414763047277,4.37786168972138,6.17227711662252
"2019",39,"UKENMI_ST_TP000208",NA,5.6203472286049,4.70221673048985,6.53921946848953
"2020",40,"UKENMI_ST_TP000208",5.610578928,5.52672997355809,4.63213605461872,6.42185077632133
"2021",41,"UKENMI_ST_TP000208",NA,5.61322104660181,4.69319974993346,6.53354342782187
"2022",42,"UKENMI_ST_TP000208",5.797572208,5.54089252662606,4.64598897225467,6.43592914355934
"2023",43,"UKENMI_ST_TP000208",NA,5.67322416961573,4.75665497044714,6.58970528920323
"2024",44,"UKENMI_ST_TP000208",5.477180611,5.42250178143866,4.52805442886191,6.31819040071587
"2025",45,"UKENMI_ST_TP000208",NA,5.63666951796989,4.69987382468821,6.57303692329906
"2161",1,"UKENMI_ST_TP000256",NA,4.37584133968381,3.46447053268961,5.2880806564072
"2162",2,"UKENMI_ST_TP000256",5.022753245,4.38752753897051,3.49814230934849,5.2794866608858
"2163",3,"UKENMI_ST_TP000256",NA,4.63265506923895,3.7341802675621,5.53243656612307
"2164",4,"UKENMI_ST_TP000256",5.100466404,4.63601689173914,3.74425531971908,5.52879204715808
"2165",5,"UKENMI_ST_TP000256",NA,4.79732253503768,3.88971499560778,5.70725708713473
"2166",6,"UKENMI_ST_TP000256",5.054719033,4.96922348134382,4.07899375824883,5.85919185029148
"2167",7,"UKENMI_ST_TP000256",NA,4.90362529051867,3.99326489315253,5.81461550731582
"2168",8,"UKENMI_ST_TP000256",5.065340753,4.90035543091397,4.01095079155093,5.78960253530102
"2169",9,"UKENMI_ST_TP000256",NA,5.10372750657169,4.18800121306278,6.02090684755124
"2170",10,"UKENMI_ST_TP000256",5.567731019,5.31971950630419,4.42829953780359,6.20776954088261
"2171",11,"UKENMI_ST_TP000256",NA,5.46157144708319,4.5559811136039,6.36816120847631
"2172",12,"UKENMI_ST_TP000256",6.815586989,5.30071109681742,4.41190455780427,6.19028785236554
"2173",13,"UKENMI_ST_TP000256",NA,5.25077857440464,4.33928110456152,6.16324310951555
"2174",14,"UKENMI_ST_TP000256",5.118588623,5.28772825355057,4.39836295917548,6.17914248664639
"2175",15,"UKENMI_ST_TP000256",NA,5.3242447154937,4.41540185662335,6.23517141252173
"2176",16,"UKENMI_ST_TP000256",5.331831085,5.45396820483834,4.56194342845606,6.345567520631
"2177",17,"UKENMI_ST_TP000256",NA,5.27328207940669,4.36849428036668,6.17935445745032
"2178",18,"UKENMI_ST_TP000256",5.115394084,5.17459777565426,4.28520608468162,6.06405821446229
"2179",19,"UKENMI_ST_TP000256",NA,5.08969390382955,4.18097593540469,5.99912169526367
"2180",20,"UKENMI_ST_TP000256",5.763097172,5.0232523034477,4.13167965736999,5.91894104577838
"2181",21,"UKENMI_ST_TP000256",NA,5.1323800193958,4.22841785398738,6.03757978680493
"2182",22,"UKENMI_ST_TP000256",5.180337742,5.10296961259943,4.21346860078166,5.99331337952015
"2183",23,"UKENMI_ST_TP000256",NA,5.24981900392157,4.34398608592085,6.15633916534699
"2184",24,"UKENMI_ST_TP000256",5.107264914,5.31382311596229,4.4206358189749,6.20518703021415
"2185",25,"UKENMI_ST_TP000256",NA,5.20863111482346,4.30185748194672,6.11654359149123
"2186",26,"UKENMI_ST_TP000256",5.279214247,5.19140712269781,4.30248498319214,6.08129222803927
"2187",27,"UKENMI_ST_TP000256",NA,5.08761486657548,4.17828634447596,5.99739365365327
"2188",28,"UKENMI_ST_TP000256",4.753063993,5.26926508078636,4.38035808950223,6.1585611254123
"2189",29,"UKENMI_ST_TP000256",NA,5.16125314251173,4.25598325476638,6.06760402424001
"2190",30,"UKENMI_ST_TP000256",3.402337687,5.1499126611078,4.26160962895457,6.04003716815855
"2191",31,"UKENMI_ST_TP000256",NA,5.09847348015009,4.17004019434596,6.02728023812686
"2192",32,"UKENMI_ST_TP000256",4.969277375,5.13433322195908,4.24428927373417,6.02433429146289
"2193",33,"UKENMI_ST_TP000256",NA,5.07957990722336,4.18087808755943,5.97880982127207
"2194",34,"UKENMI_ST_TP000256",5.130128847,4.8838846738238,3.99521707987559,5.77496813754039
"2195",35,"UKENMI_ST_TP000256",NA,4.85447657468359,3.94628761825468,5.76288723778085
"2196",36,"UKENMI_ST_TP000256",4.992771134,4.90559034733788,4.01638465003203,5.79650376504973
"2197",37,"UKENMI_ST_TP000256",NA,5.23972230508189,4.33063210625329,6.15013644218607
"2198",38,"UKENMI_ST_TP000256",5.498835259,5.20990563505397,4.31724454124665,6.10502178250967
"2199",39,"UKENMI_ST_TP000256",NA,5.51888184787592,4.61455008703229,6.42366017937434
"2200",40,"UKENMI_ST_TP000256",5.993684156,5.44691897244277,4.55638092447729,6.3384346532706
"2201",41,"UKENMI_ST_TP000256",NA,5.53283465587875,4.625359523082,6.44153015852249
"2202",42,"UKENMI_ST_TP000256",4.963943171,5.49083693289594,4.60129844510544,6.38128290223291
"2203",43,"UKENMI_ST_TP000256",NA,5.60534888437788,4.70063833617077,6.51096607192587
"2204",44,"UKENMI_ST_TP000256",5.699526777,5.31872625996434,4.4283720926577,6.21117002386158
"2205",45,"UKENMI_ST_TP000256",NA,5.5604422934103,4.63112906655786,6.48991199493659
"1036",1,"UKENMI_ST_TP000018",NA,3.83985838671697,2.92110671738271,4.75962336639771
"1037",2,"UKENMI_ST_TP000018",NA,4.02270725246167,3.14389106758768,4.90395042939198
"1038",3,"UKENMI_ST_TP000018",NA,4.10681190997049,3.19930387431977,5.01321137277699
"1039",4,"UKENMI_ST_TP000018",4.57832679,4.15181914010768,3.2702986418462,5.03005856412813
"1040",5,"UKENMI_ST_TP000018",NA,4.30504819465851,3.39876492863697,5.21101887093551
"1041",6,"UKENMI_ST_TP000018",4.908290844,4.45319983922238,3.56954376293641,5.33498574477722
"1042",7,"UKENMI_ST_TP000018",NA,4.39373464740788,3.47333260793835,5.31311280485202
"1043",8,"UKENMI_ST_TP000018",5.215266794,4.47975431818722,3.59901048055572,5.35732500678958
"1044",9,"UKENMI_ST_TP000018",NA,4.54747429293355,3.62967358317391,5.46505874780102
"1045",10,"UKENMI_ST_TP000018",5.023153487,4.81258040621406,3.93387706821555,5.69012772241264
"1046",11,"UKENMI_ST_TP000018",NA,4.9283033891521,4.0141265816157,5.84053890781109
"1047",12,"UKENMI_ST_TP000018",5.461305879,4.63473975325156,3.75426573330735,5.51260536774008
"1048",13,"UKENMI_ST_TP000018",NA,4.79800432402033,3.88278228115599,5.71370897700524
"1049",14,"UKENMI_ST_TP000018",5.182321535,4.78990439663739,3.91166905162257,5.66856464104292
"1050",15,"UKENMI_ST_TP000018",NA,4.78575505953952,3.87080861656226,5.70057225543206
"1051",16,"UKENMI_ST_TP000018",5.751232033,4.85385218622647,3.97463876719257,5.73211083248968
"1052",17,"UKENMI_ST_TP000018",NA,4.79390591355487,3.88240081086263,5.70602456606898
"1053",18,"UKENMI_ST_TP000018",5.643248262,4.75200142147318,3.86973074111996,5.63538872013705
"1054",19,"UKENMI_ST_TP000018",NA,4.55643107257096,3.64911308027246,5.4624466748623
"1055",20,"UKENMI_ST_TP000018",5.912919851,4.23857027819779,3.35300018260557,5.1212377282837
"1056",21,"UKENMI_ST_TP000018",NA,4.5329248393889,3.6208864249177,5.4448788759452
"1057",22,"UKENMI_ST_TP000018",5.432700132,4.52672391914636,3.64832681496629,5.40438035429044
"1058",23,"UKENMI_ST_TP000018",NA,4.76622451754589,3.85433477640608,5.677632388075
"1059",24,"UKENMI_ST_TP000018",5.753566875,4.74298585445501,3.86466907809499,5.62125809700277
"1060",25,"UKENMI_ST_TP000018",NA,4.67477618489285,3.75913812977301,5.59066517178841
"1061",26,"UKENMI_ST_TP000018",5.696408465,4.56246814870575,3.6806227487294,5.4400571979215
"1062",27,"UKENMI_ST_TP000018",NA,4.58998206783377,3.67371162371433,5.50695369291559
"1063",28,"UKENMI_ST_TP000018",5.721264811,4.8005033664622,3.92211902887698,5.67945691873147
"1064",29,"UKENMI_ST_TP000018",NA,4.66364632084946,3.75131324938737,5.5766677149813
"1065",30,"UKENMI_ST_TP000018",5.620468937,4.73193293697437,3.85321994758478,5.6114869504748
"1066",31,"UKENMI_ST_TP000018",NA,4.58428793575119,3.63699547820186,5.53029269270654
"1067",32,"UKENMI_ST_TP000018",5.967047265,4.81282712341605,3.93109477294807,5.69542341531928
"1068",33,"UKENMI_ST_TP000018",NA,4.58633096866488,3.68872013159466,5.48338660570438
"1069",34,"UKENMI_ST_TP000018",4.512497964,4.20245789946395,3.3212715370758,5.08041729306062
"1070",35,"UKENMI_ST_TP000018",NA,4.39595214026858,3.4784862144739,5.31371596612921
"1071",36,"UKENMI_ST_TP000018",5.176289786,4.4490904041318,3.5712142582651,5.32957374810172
"1072",37,"UKENMI_ST_TP000018",NA,4.68293045480797,3.76643272881092,5.59790674975536
"1073",38,"UKENMI_ST_TP000018",5.10199741,4.75465300011488,3.87571037641128,5.6343968943745
"1074",39,"UKENMI_ST_TP000018",NA,5.05449424908724,4.14148414288394,5.9675259831827
"1075",40,"UKENMI_ST_TP000018",6.552474199,5.03998692918877,4.16225759253357,5.92016283001003
"1076",41,"UKENMI_ST_TP000018",NA,5.01924217836077,4.10517178896048,5.93357129234362
"1077",42,"UKENMI_ST_TP000018",5.814969377,5.03919975303132,4.16029646872212,5.91644257623192
"1078",43,"UKENMI_ST_TP000018",NA,5.07016174810408,4.15713749481626,5.98204222624772
"1079",44,"UKENMI_ST_TP000018",5.922320887,4.79134791728624,3.91182516390029,5.6688248343242
"1080",45,"UKENMI_ST_TP000018",NA,5.03624724962285,4.0954561243594,5.97536344493794
"1171",1,"UKENMI_ST_TP000060",NA,4.30072203713926,3.38997880377462,5.21080223184957
"1172",2,"UKENMI_ST_TP000060",3.669353962,4.41901177427878,3.54189009848214,5.29513480522717
"1173",3,"UKENMI_ST_TP000060",NA,4.57444250246667,3.67662617955092,5.47131163587927
"1174",4,"UKENMI_ST_TP000060",4.683211358,4.58721423556179,3.70468988732281,5.46596633483034
"1175",5,"UKENMI_ST_TP000060",NA,4.75058833305209,3.84893330065,5.65110732248285
"1176",6,"UKENMI_ST_TP000060",5.702473328,4.89477666013087,4.01174242357254,5.77564345573221
"1177",7,"UKENMI_ST_TP000060",NA,4.83687580349221,3.92359382109765,5.74889856974058
"1178",8,"UKENMI_ST_TP000060",5.680554518,4.92996190578802,4.048598245833,5.80873654497666
"1179",9,"UKENMI_ST_TP000060",NA,5.03027473351489,4.12359553174133,5.93665969209032
"1180",10,"UKENMI_ST_TP000060",6.317096447,5.21945025946887,4.34235128406518,6.09467545963473
"1181",11,"UKENMI_ST_TP000060",NA,5.36273130660727,4.46071256058981,6.26312860420056
"1182",12,"UKENMI_ST_TP000060",NA,5.12132691947575,4.2427970533202,5.99851364040326
"1183",13,"UKENMI_ST_TP000060",5.839366627,5.21561624751651,4.31133207503704,6.1190209170077
"1184",14,"UKENMI_ST_TP000060",NA,5.22239230324654,4.34390089174778,6.09951504684439
"1185",15,"UKENMI_ST_TP000060",NA,5.23934438868446,4.33778202635987,6.14083168368824
"1186",16,"UKENMI_ST_TP000060",5.983471424,5.3109061544914,4.43109244545714,6.18976639805094
"1187",17,"UKENMI_ST_TP000060",NA,5.22640303936871,4.3220116211738,6.13004669104142
"1188",18,"UKENMI_ST_TP000060",6.038999019,5.19430142251855,4.31181382041135,6.07599430807762
"1189",19,"UKENMI_ST_TP000060",NA,5.02191377669981,4.11986003159316,5.92222454860861
"1190",20,"UKENMI_ST_TP000060",5.532743789,4.84457608724651,3.96041331556851,5.72921927537353
"1191",21,"UKENMI_ST_TP000060",NA,5.01577820261378,4.11241572046396,5.91889980326212
"1192",22,"UKENMI_ST_TP000060",NA,5.01890489639753,4.13960308009696,5.89736646507939
"1193",23,"UKENMI_ST_TP000060",4.562158718,5.20620764040857,4.30426824450936,6.1068438522715
"1194",24,"UKENMI_ST_TP000060",5.441624379,5.17730159085613,4.29714645341934,6.05573095522726
"1195",25,"UKENMI_ST_TP000060",NA,5.14174600448911,4.23457200160651,6.04815960457398
"1196",26,"UKENMI_ST_TP000060",5.439443186,5.09591427821409,4.21505371611042,5.97553048432295
"1197",27,"UKENMI_ST_TP000060",NA,5.03679595931295,4.12930980315067,5.94366359353594
"1198",28,"UKENMI_ST_TP000060",5.236408312,5.22775862794289,4.34748420555493,6.10680673197623
"1199",29,"UKENMI_ST_TP000060",NA,5.11554621916075,4.2118880626405,6.01859433530418
"1200",30,"UKENMI_ST_TP000060",4.212262944,5.1436307711717,4.26205133830185,6.02362033396064
"1201",31,"UKENMI_ST_TP000060",NA,5.04454750073195,4.1117485611059,5.97619094743008
"1202",32,"UKENMI_ST_TP000060",NA,5.19251917061605,4.31365155346248,6.06997253379155
"1203",33,"UKENMI_ST_TP000060",5.211291922,5.01483600721149,4.12665443467807,5.90166729630022
"1204",34,"UKENMI_ST_TP000060",5.057619946,4.75695966243246,3.87538049002164,5.63786899218136
"1205",35,"UKENMI_ST_TP000060",NA,4.8408224662005,3.93016609173068,5.75025176660058
"1206",36,"UKENMI_ST_TP000060",4.202532683,4.87013059041773,3.99033385970141,5.74894662939319
"1207",37,"UKENMI_ST_TP000060",NA,5.16809841175553,4.26082811584584,6.0734052485567
"1208",38,"UKENMI_ST_TP000060",5.406175532,5.20028869616714,4.31875213026067,6.07915927033826
"1209",39,"UKENMI_ST_TP000060",NA,5.49657147185046,4.59006087909889,6.40174176521982
"1210",40,"UKENMI_ST_TP000060",6.070685403,5.49606537062576,4.61740998510225,6.37372708706955
"1211",41,"UKENMI_ST_TP000060",NA,5.46780974110915,4.56136387326652,6.3733150999269
"1212",42,"UKENMI_ST_TP000060",6.049763307,5.49077477931122,4.60959736598643,6.36898018652898
"1213",43,"UKENMI_ST_TP000060",NA,5.52242429493811,4.61769229327941,6.42544481111357
"1214",44,"UKENMI_ST_TP000060",5.699803861,5.27608829986592,4.39489817254428,6.15436341096684
"1215",45,"UKENMI_ST_TP000060",NA,5.47834187783626,4.54941514466046,6.40525571989929
"1711",1,"UKENMI_ST_TP000180",3.791614865,4.31722605917016,3.41933272053053,5.21596040281844
"1712",2,"UKENMI_ST_TP000180",NA,4.44044841851865,3.57946680173357,5.30240018806319
"1713",3,"UKENMI_ST_TP000180",4.988490604,4.58608901443271,3.699030698526,5.47291780255943
"1714",4,"UKENMI_ST_TP000180",NA,4.54865637410345,3.68136447379573,5.41122244781637
"1715",5,"UKENMI_ST_TP000180",4.681757685,4.78106887558417,3.89015737578148,5.67268784524562
"1716",6,"UKENMI_ST_TP000180",NA,4.97561718065627,4.11356978836452,5.83771404704943
"1717",7,"UKENMI_ST_TP000180",5.034886411,4.87465094200217,3.9768764329841,5.77223636113156
"1718",8,"UKENMI_ST_TP000180",NA,5.00159580660766,4.14061708728722,5.86303452520715
"1719",9,"UKENMI_ST_TP000180",5.430542942,5.02466081771116,4.12392871868438,5.92562515644947
"1720",10,"UKENMI_ST_TP000180",NA,5.30143002177037,4.44044111225712,6.16135204397304
"1721",11,"UKENMI_ST_TP000180",5.167430604,5.45007183100763,4.56055583078598,6.34015397806761
"1722",12,"UKENMI_ST_TP000180",NA,5.23211988567483,4.37150902538934,6.09400065614046
"1723",13,"UKENMI_ST_TP000180",5.743462233,5.28580834692012,4.39123732645819,6.18163366392014
"1724",14,"UKENMI_ST_TP000180",NA,5.1796925136935,4.31634957933677,6.04018738002924
"1725",15,"UKENMI_ST_TP000180",5.013383862,5.2688087095175,4.37467106597949,6.16390116877202
"1726",16,"UKENMI_ST_TP000180",NA,5.4045013311274,4.54148725494871,6.26821884036412
"1727",17,"UKENMI_ST_TP000180",4.301478939,5.25669778200797,4.36826463093819,6.1456449434181
"1728",18,"UKENMI_ST_TP000180",NA,5.21188557580334,4.35016384578857,6.07434612486857
"1729",19,"UKENMI_ST_TP000180",4.646653987,5.04619790051252,4.15380276118164,5.93835760375877
"1730",20,"UKENMI_ST_TP000180",NA,4.80251981783992,3.93508268644668,5.67108552807089
"1731",21,"UKENMI_ST_TP000180",NA,5.04126570790049,4.15304033135744,5.93000593658083
"1732",22,"UKENMI_ST_TP000180",2.630518336,5.04917093532868,4.18865350461659,5.9104893912613
"1733",23,"UKENMI_ST_TP000180",5.421122258,5.2398105617721,4.34830637222296,6.1317084864742
"1734",24,"UKENMI_ST_TP000180",NA,5.24549487865185,4.38476895756486,6.1061732750676
"1735",25,"UKENMI_ST_TP000180",5.115907969,5.1577975231787,4.26354503049264,6.05269797315772
"1736",26,"UKENMI_ST_TP000180",NA,5.12505019258439,4.26458766835011,5.98566560544794
"1737",27,"UKENMI_ST_TP000180",4.874591832,5.05279823874993,4.15772117534021,5.94842150236459
"1738",28,"UKENMI_ST_TP000180",NA,5.2961527669984,4.43552440031994,6.15817725863941
"1739",29,"UKENMI_ST_TP000180",3.912328159,5.12809481719581,4.23666105637033,6.02011289201528
"1740",30,"UKENMI_ST_TP000180",NA,5.13339415793631,4.27212025903729,5.99348990263382
"1741",31,"UKENMI_ST_TP000180",NA,5.07375061432186,4.15209891370363,5.99524270550697
"1742",32,"UKENMI_ST_TP000180",5.59846624,5.24386683842328,4.38260225772287,6.10575059478001
"1743",33,"UKENMI_ST_TP000180",4.319314172,5.04823757884765,4.1652804843264,5.93102876098891
"1744",34,"UKENMI_ST_TP000180",NA,4.71249779159048,3.85064991229989,5.57367991243933
"1745",35,"UKENMI_ST_TP000180",3.935088254,4.84020236515337,3.94426840095365,5.73593771878868
"1746",36,"UKENMI_ST_TP000180",NA,4.86469846848637,4.00380488920999,5.72496851106391
"1747",37,"UKENMI_ST_TP000180",5.679089654,5.1653636572766,4.26993985379824,6.06024650620353
"1748",38,"UKENMI_ST_TP000180",NA,5.1668263129553,4.30230656855474,6.02976123153933
"1749",39,"UKENMI_ST_TP000180",5.531291454,5.50776927905262,4.61866428208413,6.3966964851041
"1750",40,"UKENMI_ST_TP000180",NA,5.47822898723476,4.61796903115545,6.33908756944476
"1751",41,"UKENMI_ST_TP000180",5.143851967,5.49938253406574,4.60578171090498,6.39345383702774
"1752",42,"UKENMI_ST_TP000180",NA,5.49611118500047,4.63489049582959,6.35591198670973
"1753",43,"UKENMI_ST_TP000180",5.47909246,5.56509703234508,4.67309667307752,6.45689044526579
"1754",44,"UKENMI_ST_TP000180",NA,5.22669351623232,4.36416157517024,6.08700588484461
"1755",45,"UKENMI_ST_TP000180",NA,5.51626965890671,4.59477681014545,6.43683621625802
"1801",1,"UKENMI_ST_TP000184",NA,4.27434746429324,3.36120127738956,5.18637376901462
"1802",2,"UKENMI_ST_TP000184",5.563502456,4.3890087011712,3.50632865427488,5.26936828795016
"1803",3,"UKENMI_ST_TP000184",NA,4.56009252942633,3.66024243132325,5.45894220448453
"1804",4,"UKENMI_ST_TP000184",5.394037456,4.59890629339852,3.71075268987461,5.48393544812524
"1805",5,"UKENMI_ST_TP000184",NA,4.72562967394542,3.82068094991402,5.62885355254676
"1806",6,"UKENMI_ST_TP000184",5.541600202,4.85311884446382,3.96394179131471,5.7396959342046
"1807",7,"UKENMI_ST_TP000184",NA,4.81068974407123,3.89308004409391,5.72682957646602
"1808",8,"UKENMI_ST_TP000184",3.208206971,4.8895056088136,4.00239421879608,5.77344963676747
"1809",9,"UKENMI_ST_TP000184",NA,5.02206414634347,4.11547881847326,5.92847870579248
"1810",10,"UKENMI_ST_TP000184",6.256002548,5.16778519340718,4.28597404691225,6.04777137071689
"1811",11,"UKENMI_ST_TP000184",NA,5.32112805094271,4.41738926276635,6.22275405215584
"1812",12,"UKENMI_ST_TP000184",6.241204515,5.07671419930891,4.19217911349442,5.95929079024357
"1813",13,"UKENMI_ST_TP000184",NA,5.18077009517046,4.27520722801242,6.0847623612224
"1814",14,"UKENMI_ST_TP000184",5.734932436,5.23562112182062,4.35232363979638,6.11831562621493
"1815",15,"UKENMI_ST_TP000184",NA,5.22075060274744,4.31845380934825,6.12272545303381
"1816",16,"UKENMI_ST_TP000184",NA,5.25568082237727,4.37013129291856,6.14014650681885
"1817",17,"UKENMI_ST_TP000184",5.750316025,5.20442302672217,4.29640778698052,6.11142658131799
"1818",18,"UKENMI_ST_TP000184",4.963383617,5.16297756095305,4.2742027380954,6.05009272998272
"1819",19,"UKENMI_ST_TP000184",NA,5.00364947457055,4.09854145554081,5.90729480528804
"1820",20,"UKENMI_ST_TP000184",4.824766716,4.87505433710108,3.98677640509457,5.76413152405155
"1821",21,"UKENMI_ST_TP000184",NA,4.98697674347927,4.08054241526527,5.89323773504713
"1822",22,"UKENMI_ST_TP000184",4.356993897,4.99623696882415,4.11109382020613,5.88040100858981
"1823",23,"UKENMI_ST_TP000184",NA,5.18674787663415,4.28299587179406,6.0889701478962
"1824",24,"UKENMI_ST_TP000184",5.49551272,5.12642103767503,4.24038645945392,6.01045288197793
"1825",25,"UKENMI_ST_TP000184",NA,5.12301936611343,4.21311355506034,6.03179955175369
"1826",26,"UKENMI_ST_TP000184",4.75025148,5.0801995690926,4.19345716039477,5.96643731278493
"1827",27,"UKENMI_ST_TP000184",NA,5.0157640879683,4.10615501893237,5.92467199266718
"1828",28,"UKENMI_ST_TP000184",4.833091189,5.17760243842696,4.29106933457036,6.06250087483359
"1829",29,"UKENMI_ST_TP000184",NA,5.10390666504094,4.19815582595838,6.008844317871
"1830",30,"UKENMI_ST_TP000184",4.986272892,5.12403508553798,4.23602461759161,6.01049250606602
"1831",31,"UKENMI_ST_TP000184",NA,5.01577384062515,4.07996832619232,5.95011189592914
"1832",32,"UKENMI_ST_TP000184",NA,5.15174134401998,4.26806093989866,6.03204767865811
"1833",33,"UKENMI_ST_TP000184",5.380642627,4.98711585944876,4.09815618592885,5.8740016346052
"1834",34,"UKENMI_ST_TP000184",3.246779095,4.77338290129328,3.88575746740833,5.66125684649897
"1835",35,"UKENMI_ST_TP000184",NA,4.82932918976601,3.91443063566443,5.74279613389226
"1836",36,"UKENMI_ST_TP000184",5.525633387,4.84447808511841,3.95901332852127,5.72810083635677
"1837",37,"UKENMI_ST_TP000184",NA,5.17211663700568,4.2621959628053,6.07975809875649
"1838",38,"UKENMI_ST_TP000184",5.545046641,5.21351067954658,4.32608111985925,6.09758768900715
"1839",39,"UKENMI_ST_TP000184",NA,5.48344499175482,4.57216466080363,6.39307113375785
"1840",40,"UKENMI_ST_TP000184",4.665209565,5.48394071477264,4.59928486118223,6.36616157352401
"1841",41,"UKENMI_ST_TP000184",NA,5.45029866430883,4.54125325138315,6.35811022966259
"1842",42,"UKENMI_ST_TP000184",5.712398577,5.4853270387468,4.59746657425278,6.36956799718838
"1843",43,"UKENMI_ST_TP000184",NA,5.48704071873739,4.57976109922773,6.39210053107534
"1844",44,"UKENMI_ST_TP000184",5.003213201,5.30320334360694,4.41576482893117,6.18768544012755
"1845",45,"UKENMI_ST_TP000184",6.131944775,5.45766143166303,4.52773743454264,6.38513670050582
"991",1,"UKENAN_AW_TP000308",NA,4.20956910843471,3.30462169491962,5.11466497422951
"992",2,"UKENAN_AW_TP000308",4.407294191,4.38962737395025,3.52929156719626,5.25312449954192
"993",3,"UKENAN_AW_TP000308",NA,4.4611265252287,3.5674583113536,5.35609875107543
"994",4,"UKENAN_AW_TP000308",4.106128217,4.43742916208144,3.57653101392725,5.29780178127827
"995",5,"UKENAN_AW_TP000308",NA,4.7033842453709,3.80251426239562,5.60696977611426
"996",6,"UKENAN_AW_TP000308",5.01052449,4.85546597842348,3.99307467354689,5.71565051381059
"997",7,"UKENAN_AW_TP000308",NA,4.677571340977,3.77203956538836,5.58347981506096
"998",8,"UKENAN_AW_TP000308",5.621184532,4.68491526204142,3.82486538077157,5.54537363111013
"999",9,"UKENAN_AW_TP000308",NA,4.97863756362986,4.06310723413585,5.89451981378864
"1000",10,"UKENAN_AW_TP000308",4.818510834,4.99123088013763,4.13410989553757,5.84890453537243
"1001",11,"UKENAN_AW_TP000308",NA,5.1788351882449,4.27752583681536,6.08215386754104
"1002",12,"UKENAN_AW_TP000308",5.260653026,5.06199003551384,4.19940226831988,5.922968456488
"1003",13,"UKENAN_AW_TP000308",NA,4.96168915953698,4.05722617243516,5.86586516985344
"1004",14,"UKENAN_AW_TP000308",5.583964744,5.22044680761524,4.35995492205138,6.08130425071315
"1005",15,"UKENAN_AW_TP000308",NA,5.08095718316057,4.17642240461813,5.98647228794329
"1006",16,"UKENAN_AW_TP000308",6.012233013,5.26118616588548,4.4005169290156,6.12141007805342
"1007",17,"UKENAN_AW_TP000308",NA,5.12128720311079,4.22017549297775,6.02389186887474
"1008",18,"UKENAN_AW_TP000308",4.841688864,4.99523929343683,4.13595866201982,5.85659655560146
"1009",19,"UKENAN_AW_TP000308",NA,4.91477638150571,3.99684904950638,5.83244834206531
"1010",20,"UKENAN_AW_TP000308",4.539094202,5.12458049517375,4.26759722983315,5.98272668471751
"1011",21,"UKENAN_AW_TP000308",NA,4.95052467505996,4.05008071966575,5.85281323978445
"1012",22,"UKENAN_AW_TP000308",3.661698183,4.89698727078127,4.03492146084295,5.75855554673914
"1013",23,"UKENAN_AW_TP000308",NA,5.11674576067636,4.21808578178851,6.01802315209677
"1014",24,"UKENAN_AW_TP000308",5.00593502,4.95922159128447,4.09518490586341,5.82228032955736
"1015",25,"UKENAN_AW_TP000308",NA,5.07217473003342,4.15654960183894,5.98889078713838
"1016",26,"UKENAN_AW_TP000308",5.029463776,4.95863682160246,4.10151016651056,5.81546272801237
"1017",27,"UKENAN_AW_TP000308",NA,4.75442619749524,3.84663750677464,5.65924030954881
"1018",28,"UKENAN_AW_TP000308",4.974193923,5.10018526046883,4.24071459555049,5.96044317071256
"1019",29,"UKENAN_AW_TP000308",NA,5.05456895233501,4.15294139954989,5.95766769494262
"1020",30,"UKENAN_AW_TP000308",4.243044771,5.02353482173462,4.16286566329785,5.88356684487159
"1021",31,"UKENAN_AW_TP000308",NA,4.84475082072866,3.91421696660801,5.77483901744213
"1022",32,"UKENAN_AW_TP000308",3.772547139,4.78636944335499,3.9252647343872,5.64876100621741
"1023",33,"UKENAN_AW_TP000308",NA,4.85790198293514,3.96868747078393,5.74866636706265
"1024",34,"UKENAN_AW_TP000308",4.586040029,4.82855071266618,3.96789586675203,5.69186001355433
"1025",35,"UKENAN_AW_TP000308",NA,4.67939031229017,3.77659037780331,5.58140166236313
"1026",36,"UKENAN_AW_TP000308",4.550260043,4.79239752945306,3.93062930180447,5.65239320107175
"1027",37,"UKENAN_AW_TP000308",NA,5.13411566241568,4.23196492524075,6.03814426154849
"1028",38,"UKENAN_AW_TP000308",5.932570411,5.07123137228976,4.21091878972018,5.93151037613094
"1029",39,"UKENAN_AW_TP000308",NA,5.43824873519611,4.53651561214807,6.34240029166996
"1030",40,"UKENAN_AW_TP000308",5.759910233,5.23866614817226,4.37904832857415,6.10002226391478
"1031",41,"UKENAN_AW_TP000308",NA,5.47490284468777,4.57287085676417,6.37966249478173
"1032",42,"UKENAN_AW_TP000308",5.107133323,5.42226445694155,4.56194964589447,6.28275019117556
"1033",43,"UKENAN_AW_TP000308",NA,5.40853770084018,4.49706039329466,6.31998630355281
"1034",44,"UKENAN_AW_TP000308",5.093228574,5.31196005878347,4.45056196408214,6.17776408398149
"1035",45,"UKENAN_AW_TP000308",NA,5.42599063226397,4.49789802784877,6.35345862118861
"4681",1,"UKENSO_SW_TP000025",NA,4.26227103520908,3.35648502628131,5.16838040684651
"4682",2,"UKENSO_SW_TP000025",4.318644228,4.38816649296802,3.52625073981969,5.25266331701331
"4683",3,"UKENSO_SW_TP000025",NA,4.51347573875054,3.61921736686088,5.40919287775035
"4684",4,"UKENSO_SW_TP000025",3.986108349,4.49764318082969,3.63464223424051,5.35959159585703
"4685",5,"UKENSO_SW_TP000025",NA,4.70764678593223,3.80659157243745,5.61011832806396
"4686",6,"UKENSO_SW_TP000025",5.221641282,4.88588899731987,4.02150492815168,5.7475658693627
"4687",7,"UKENSO_SW_TP000025",NA,4.71393148477282,3.80813357643581,5.62048673731716
"4688",8,"UKENSO_SW_TP000025",5.392361278,4.70352810463461,3.84155135382829,5.56733782372139
"4689",9,"UKENSO_SW_TP000025",NA,5.00193820438989,4.09452285435862,5.90934565546553
"4690",10,"UKENSO_SW_TP000025",5.029632869,4.98373390311702,4.12102138105303,5.84538756570839
"4691",11,"UKENSO_SW_TP000025",NA,5.22670366457781,4.32574076781279,6.12979799381221
"4692",12,"UKENSO_SW_TP000025",5.662902741,5.2286606504862,4.36688709290617,6.09168292445348
"4693",13,"UKENSO_SW_TP000025",NA,5.04965065506003,4.14752934417153,5.95293579898384
"4694",14,"UKENSO_SW_TP000025",5.304800985,5.19998594030672,4.33734671746135,6.06154487058803
"4695",15,"UKENSO_SW_TP000025",NA,5.14735681723006,4.24514459042143,6.05097250195062
"4696",16,"UKENSO_SW_TP000025",5.28602126,5.33233985907663,4.47061540002168,6.19457025749427
"4697",17,"UKENSO_SW_TP000025",NA,5.14725650695219,4.24685185193753,6.04887043512726
"4698",18,"UKENSO_SW_TP000025",5.520215198,5.04679847502141,4.18563720720497,5.9097257283084
"4699",19,"UKENSO_SW_TP000025",NA,4.94976489271356,4.04129934170655,5.85763054248538
"4700",20,"UKENSO_SW_TP000025",5.249777544,5.15618559131995,4.29253622285322,6.01835408798627
"4701",21,"UKENSO_SW_TP000025",NA,4.95846801885318,4.05821651933052,5.85995919686899
"4702",22,"UKENSO_SW_TP000025",5.462198011,4.97686774570164,4.11354252549128,5.83853257048142
"4703",23,"UKENSO_SW_TP000025",NA,5.11682714293647,4.21832013766521,6.01663884513819
"4704",24,"UKENSO_SW_TP000025",6.247539207,5.03219257437622,4.16912606412638,5.89479410689854
"4705",25,"UKENSO_SW_TP000025",NA,5.09790292556731,4.19159895455834,6.0050684970206
"4706",26,"UKENSO_SW_TP000025",5.329878957,5.00578949363297,4.1432110848527,5.86668872809774
"4707",27,"UKENSO_SW_TP000025",NA,4.88485227285586,3.98157545960264,5.78771700464516
"4708",28,"UKENSO_SW_TP000025",5.539825622,5.15059401642105,4.28874869392527,6.01258436356249
"4709",29,"UKENSO_SW_TP000025",NA,5.05058459723118,4.14862409660738,5.95265341336493
"4710",30,"UKENSO_SW_TP000025",5.66054026,5.12162255385948,4.25923096415495,5.98392602550256
"4711",31,"UKENSO_SW_TP000025",NA,4.874327543925,3.94023928808318,5.80737950868406
"4712",32,"UKENSO_SW_TP000025",5.363856033,4.8340736807796,3.9715876817322,5.69874291245058
"4713",33,"UKENSO_SW_TP000025",4.925692451,4.91032203764097,4.01954567472002,5.80276077867315
"4714",34,"UKENSO_SW_TP000025",NA,4.73168396496468,3.86957898609854,5.5943767194554
"4715",35,"UKENSO_SW_TP000025",NA,4.74308751635579,3.84091086665987,5.64539443653062
"4716",36,"UKENSO_SW_TP000025",4.66643854,4.87454639300544,4.01214235525697,5.73594700405159
"4717",37,"UKENSO_SW_TP000025",NA,5.14045099284477,4.23839787712314,6.04321824726584
"4718",38,"UKENSO_SW_TP000025",4.874083354,5.03798266603861,4.17325094132057,5.89950601667925
"4719",39,"UKENSO_SW_TP000025",NA,5.44973649959937,4.5483913614358,6.35240055174863
"4720",40,"UKENSO_SW_TP000025",5.287433242,5.26317865332989,4.40136912531561,6.12645298358553
"4721",41,"UKENSO_SW_TP000025",NA,5.47237995660184,4.57078568730496,6.3755769233003
"4722",42,"UKENSO_SW_TP000025",5.490644916,5.44098183715819,4.57906766187402,6.3028047113793
"4723",43,"UKENSO_SW_TP000025",NA,5.42235486207918,4.51830130271855,6.32603447888869
"4724",44,"UKENSO_SW_TP000025",5.336908227,5.23003123872288,4.3682055067697,6.0929898487443
"4725",45,"UKENSO_SW_TP000025",NA,5.44461978867033,4.52234208090511,6.36601225481246
"4816",1,"UKENSO_SW_TP000030",NA,4.34481601049992,3.43212865291349,5.2560219688703
"4817",2,"UKENSO_SW_TP000030",5.229394425,4.45147089277857,3.57580687812441,5.32765180371712
"4818",3,"UKENSO_SW_TP000030",4.741367124,4.58990373348509,3.6889920090401,5.49053676210651
"4819",4,"UKENSO_SW_TP000030",NA,4.61017499835596,3.73157055379875,5.48668543980273
"4820",5,"UKENSO_SW_TP000030",NA,4.80116296595858,3.89073320478868,5.71163158543812
"4821",6,"UKENSO_SW_TP000030",5.376508119,4.96394530840869,4.08305147078741,5.84008669216066
"4822",7,"UKENSO_SW_TP000030",NA,4.79003118139399,3.87591311047614,5.70335307993923
"4823",8,"UKENSO_SW_TP000030",5.612874258,4.76781415593975,3.89006231365036,5.64471990393711
"4824",9,"UKENSO_SW_TP000030",NA,5.08976208250198,4.17599845490557,6.0020320294853
"4825",10,"UKENSO_SW_TP000030",5.879451596,5.11881928476712,4.2434460508996,5.99294442005651
"4826",11,"UKENSO_SW_TP000030",NA,5.30432145271509,4.39934000738758,6.21002150735521
"4827",12,"UKENSO_SW_TP000030",5.858546127,5.24667321097722,4.37017993692871,6.12061055528345
"4828",13,"UKENSO_SW_TP000030",NA,5.12085162188283,4.21460955609576,6.02631149191122
"4829",14,"UKENSO_SW_TP000030",5.571206214,5.2802910438941,4.40404145380447,6.15441933343436
"4830",15,"UKENSO_SW_TP000030",NA,5.22490202781899,4.31932325615435,6.13028250932402
"4831",16,"UKENSO_SW_TP000030",4.159921612,5.3819862531084,4.50351397070449,6.25770866226904
"4832",17,"UKENSO_SW_TP000030",NA,5.22973337780926,4.32043154610487,6.13862507525755
"4833",18,"UKENSO_SW_TP000030",5.080684447,5.09528489345205,4.21751183394405,5.97282693611244
"4834",19,"UKENSO_SW_TP000030",NA,5.04750644001996,4.12993012433341,5.96286489105738
"4835",20,"UKENSO_SW_TP000030",6.29782855,5.23038662803318,4.34988891677057,6.10687224789724
"4836",21,"UKENSO_SW_TP000030",NA,5.03549782250683,4.12686897806524,5.94364567688916
"4837",22,"UKENSO_SW_TP000030",5.423252221,5.06825997274463,4.18894202217193,5.94461038129622
"4838",23,"UKENSO_SW_TP000030",NA,5.20198084200507,4.29903180116121,6.10495078938018
"4839",24,"UKENSO_SW_TP000030",5.351252226,5.15726241797505,4.27916413569376,6.03363932013371
"4840",25,"UKENSO_SW_TP000030",NA,5.18132588602195,4.2646412462174,6.0972429768342
"4841",26,"UKENSO_SW_TP000030",5.645032664,5.07605118967894,4.19832835064997,5.95051974481438
"4842",27,"UKENSO_SW_TP000030",NA,4.95851550836768,4.04740996370493,5.8667560308857
"4843",28,"UKENSO_SW_TP000030",5.655880598,5.23125968797817,4.35201363656174,6.10894371900835
"4844",29,"UKENSO_SW_TP000030",NA,5.14333022163338,4.23223621312395,6.05292505228323
"4845",30,"UKENSO_SW_TP000030",5.39012699,5.18924139255158,4.30797010090789,6.06739121862687
"4846",31,"UKENSO_SW_TP000030",NA,4.96449636607312,4.01967834973616,5.90726597513596
"4847",32,"UKENSO_SW_TP000030",5.071008085,4.92673939620854,4.05543132133946,5.79935497384011
"4848",33,"UKENSO_SW_TP000030",6.028402341,4.98064543961636,4.08686186698159,5.87464275848024
"4849",34,"UKENSO_SW_TP000030",NA,4.87252039308894,3.99161054958034,5.75306434716758
"4850",35,"UKENSO_SW_TP000030",NA,4.82181321773564,3.90716767461872,5.7344204488422
"4851",36,"UKENSO_SW_TP000030",5.297862681,4.93567345309464,4.0540222351097,5.81303499782524
"4852",37,"UKENSO_SW_TP000030",NA,5.22599929792349,4.315124349196,6.13610638255182
"4853",38,"UKENSO_SW_TP000030",5.877446593,5.17031431477369,4.29065404703494,6.04696316059508
"4854",39,"UKENSO_SW_TP000030",NA,5.54050680700157,4.63571343101548,6.44513664073158
"4855",40,"UKENSO_SW_TP000030",6.314151259,5.30592683487713,4.42547604369053,6.18575211688009
"4856",41,"UKENSO_SW_TP000030",NA,5.55569506472995,4.64432948976538,6.46725135724349
"4857",42,"UKENSO_SW_TP000030",6.17232415,5.5175275548801,4.63758251157459,6.39409085133163
"4858",43,"UKENSO_SW_TP000030",NA,5.51924330603707,4.60488496636887,6.43160305029092
"4859",44,"UKENSO_SW_TP000030",5.858652333,5.33289929747107,4.4542976399758,6.21057495706109
"4860",45,"UKENSO_SW_TP000030",NA,5.5346110672062,4.60274455999014,6.46417052547436
"6301",1,"UKENTH_TWU_TP000102",NA,4.05620024207298,3.1644176797845,4.94808038707771
"6302",2,"UKENTH_TWU_TP000102",3.158053901,4.21862460434501,3.37087448770757,5.068262677987
"6303",3,"UKENTH_TWU_TP000102",NA,4.3091095396088,3.42916767106949,5.18999026644565
"6304",4,"UKENTH_TWU_TP000102",3.822963103,4.31149252574125,3.46319566446864,5.16013921988726
"6305",5,"UKENTH_TWU_TP000102",NA,4.58375537951752,3.69503069264105,5.47554472462873
"6306",6,"UKENTH_TWU_TP000102",4.831558756,4.73094491797854,3.88133709480195,5.57899057486025
"6307",7,"UKENTH_TWU_TP000102",NA,4.52362175673573,3.63095153375672,5.41628221561468
"6308",8,"UKENTH_TWU_TP000102",4.228199704,4.527289756527,3.67806114323458,5.37537620617673
"6309",9,"UKENTH_TWU_TP000102",NA,4.84952626057657,3.93961708658757,5.75961181736378
"6310",10,"UKENTH_TWU_TP000102",4.953883799,4.91162243535026,4.07131165363545,5.75322437186856
"6311",11,"UKENTH_TWU_TP000102",NA,5.03353647391305,4.14612647505549,5.92235373947062
"6312",12,"UKENTH_TWU_TP000102",4.807575675,4.8371234124811,3.98122386718508,5.68889383336478
"6313",13,"UKENTH_TWU_TP000102",NA,4.77773667148963,3.88441242708231,5.66930344998205
"6314",14,"UKENTH_TWU_TP000102",4.996455125,5.09212013016868,4.24446124684429,5.93987794239572
"6315",15,"UKENTH_TWU_TP000102",NA,4.93153712246115,4.04009296899598,5.82299135922593
"6316",16,"UKENTH_TWU_TP000102",3.347450464,5.09306138350254,4.24262339233034,5.94137352923415
"6317",17,"UKENTH_TWU_TP000102",NA,4.98745600733246,4.09916472555282,5.87697417593457
"6318",18,"UKENTH_TWU_TP000102",4.537488561,4.83005746751543,3.9830661528733,5.67875074237801
"6319",19,"UKENTH_TWU_TP000102",NA,4.78514385828515,3.87169256866391,5.69797965411969
"6320",20,"UKENTH_TWU_TP000102",4.628484662,5.00187616411018,4.16072593216058,5.8449836820016
"6321",21,"UKENTH_TWU_TP000102",NA,4.82604235052522,3.93847673167446,5.71525821665456
"6322",22,"UKENTH_TWU_TP000102",4.141781813,4.76961642470639,3.92181624595946,5.61750362054564
"6323",23,"UKENTH_TWU_TP000102",NA,5.00330719544569,4.11794968897775,5.89144715336895
"6324",24,"UKENTH_TWU_TP000102",4.403884507,4.84952011150635,3.99526200580833,5.70358609240673
"6325",25,"UKENTH_TWU_TP000102",NA,4.93136197176656,4.02040102766051,5.84305033249592
"6326",26,"UKENTH_TWU_TP000102",4.681005642,4.81322855097586,3.97187780193174,5.65514548955844
"6327",27,"UKENTH_TWU_TP000102",NA,4.55782922735658,3.65489994526533,5.45615653416037
"6328",28,"UKENTH_TWU_TP000102",3.952198108,4.94570737271112,4.09853738729089,5.79369750211563
"6329",29,"UKENTH_TWU_TP000102",NA,4.94972937081127,4.06110123391837,5.84025669792262
"6330",30,"UKENTH_TWU_TP000102",3.203337417,4.84523021560673,3.99563657539367,5.69332087537171
"6331",31,"UKENTH_TWU_TP000102",NA,4.68357872286262,3.760768718318,5.60579054218393
"6332",32,"UKENTH_TWU_TP000102",3.898794133,4.62832448163574,3.77910465542569,5.47724221703928
"6333",33,"UKENTH_TWU_TP000102",NA,4.70756629489119,3.83410809386628,5.58192707533386
"6334",34,"UKENTH_TWU_TP000102",4.502969411,4.7774859244663,3.92514344675336,5.63459917669787
"6335",35,"UKENTH_TWU_TP000102",NA,4.52000152041506,3.62869241814538,5.40985936636417
"6336",36,"UKENTH_TWU_TP000102",3.941863862,4.60054446741326,3.74628460137976,5.45103002567006
"6337",37,"UKENTH_TWU_TP000102",NA,5.00947625048286,4.11968703651887,5.90137829973153
"6338",38,"UKENTH_TWU_TP000102",4.114496481,4.99070277077668,4.14339561122826,5.83950894272648
"6339",39,"UKENTH_TWU_TP000102",NA,5.31765431008955,4.42929955403376,6.20854535198029
"6340",40,"UKENTH_TWU_TP000102",4.642032476,5.09362291814144,4.24621630568518,5.94254644975868
"6341",41,"UKENTH_TWU_TP000102",NA,5.35292889343604,4.46357540554359,6.2450050572836
"6342",42,"UKENTH_TWU_TP000102",5.078287431,5.27870333689785,4.42952982865144,6.12683864659436
"6343",43,"UKENTH_TWU_TP000102",NA,5.29813454660984,4.39371673295537,6.20231322010907
"6344",44,"UKENTH_TWU_TP000102",4.63004442,5.21340382561164,4.36359167732164,6.06746030934095
"6345",45,"UKENTH_TWU_TP000102",NA,5.29516047034274,4.37392434173179,6.2151591427058
"3286",1,"UKENNW_UU_TP000012",NA,4.45081042682865,3.46283873024453,5.43816766245696
"3287",2,"UKENNW_UU_TP000012",4.925826852,4.33976044094945,3.37207276627135,5.30708635731998
"3288",3,"UKENNW_UU_TP000012",5.762935108,4.56149995647646,3.58331511885374,5.54036014201733
"3289",4,"UKENNW_UU_TP000012",NA,4.67600250552402,3.70863876571109,5.64132173537536
"3290",5,"UKENNW_UU_TP000012",NA,4.80678651993315,3.82469976334058,5.78941198901347
"3291",6,"UKENNW_UU_TP000012",5.348575626,4.91937936060272,3.95521052407913,5.8857997400906
"3292",7,"UKENNW_UU_TP000012",NA,4.82248372874931,3.83331293012742,5.81247202346
"3293",8,"UKENNW_UU_TP000012",5.441088055,4.8248624143146,3.85994046711326,5.79288343442089
"3294",9,"UKENNW_UU_TP000012",NA,5.17806468566432,4.19600704716597,6.16257635886808
"3295",10,"UKENNW_UU_TP000012",5.220904333,5.28956672996102,4.3264966656476,6.2577098861215
"3296",11,"UKENNW_UU_TP000012",NA,5.30452086064705,4.32180172579355,6.28833506608265
"3297",12,"UKENNW_UU_TP000012",5.996235495,5.34928903176226,4.38561154071611,6.31518174805954
"3298",13,"UKENNW_UU_TP000012",NA,5.30889756737411,4.32576100514116,6.29388033104973
"3299",14,"UKENNW_UU_TP000012",4.77881928,5.23988937482687,4.27239759104844,6.20930946388474
"3300",15,"UKENNW_UU_TP000012",NA,5.33520203207652,4.35240647882058,6.31958866765546
"3301",16,"UKENNW_UU_TP000012",4.521161089,5.26354271329703,4.2970856440499,6.23588175883805
"3302",17,"UKENNW_UU_TP000012",NA,5.26107398015008,4.2801692287886,6.24253083015094
"3303",18,"UKENNW_UU_TP000012",4.95731477,5.15229444167111,4.18837589077775,6.11759351515899
"3304",19,"UKENNW_UU_TP000012",NA,5.02050069988653,4.03586213968916,6.00727212464343
"3305",20,"UKENNW_UU_TP000012",5.30253511,5.074990469656,4.10053843796186,6.04406917597834
"3306",21,"UKENNW_UU_TP000012",NA,5.03028227108407,4.04728271041688,6.01504033131667
"3307",22,"UKENNW_UU_TP000012",4.976812306,5.11009262194177,4.1449353422806,6.07402674115169
"3308",23,"UKENNW_UU_TP000012",NA,5.32433316128276,4.34592940696028,6.30481316326154
"3309",24,"UKENNW_UU_TP000012",4.502868959,5.27435170359512,4.30985400586847,6.23868159191363
"3310",25,"UKENNW_UU_TP000012",NA,5.22346838368775,4.24097403985326,6.20611011516313
"3311",26,"UKENNW_UU_TP000012",6.306852716,5.18257498848817,4.2182321201377,6.14757166833308
"3312",27,"UKENNW_UU_TP000012",NA,5.24538842312407,4.2637016104344,6.22888294188109
"3313",28,"UKENNW_UU_TP000012",6.046605492,5.18016046036113,4.21677051761103,6.14780712495995
"3314",29,"UKENNW_UU_TP000012",NA,5.20527348116017,4.22626581925493,6.1864118287577
"3315",30,"UKENNW_UU_TP000012",6.477029124,5.09022447351453,4.1268435561582,6.05767050426004
"3316",31,"UKENNW_UU_TP000012",NA,5.11461606746638,4.11382302847466,6.11778345634715
"3317",32,"UKENNW_UU_TP000012",5.623631707,5.14322688422897,4.1747800479553,6.10742338327355
"3318",33,"UKENNW_UU_TP000012",5.494497171,4.9791064865832,4.00757230714765,5.95129088997426
"3319",34,"UKENNW_UU_TP000012",NA,4.79044520898746,3.82013762251855,5.75784031683488
"3320",35,"UKENNW_UU_TP000012",NA,4.8396520711073,3.85502018780689,5.8223994156538
"3321",36,"UKENNW_UU_TP000012",4.381968456,4.93282240885768,3.96360995689938,5.89581567603165
"3322",37,"UKENNW_UU_TP000012",NA,5.07613815151639,4.06930816365298,6.07844955173661
"3323",38,"UKENNW_UU_TP000012",5.029070277,5.13521491009678,4.15352415549771,6.11027192877605
"3324",39,"UKENNW_UU_TP000012",NA,5.47883069418834,4.49789693309499,6.46002781698393
"3325",40,"UKENNW_UU_TP000012",5.617581322,5.44160674584472,4.47012838111867,6.40492369426995
"3326",41,"UKENNW_UU_TP000012",NA,5.02832034135596,3.9353391714291,6.11388404504495
"3327",42,"UKENNW_UU_TP000012",6.261167329,5.50021071597701,4.53354206533784,6.46300055845337
"3328",43,"UKENNW_UU_TP000012",NA,5.58838446097868,4.61122752445715,6.56779120697574
"3329",44,"UKENNW_UU_TP000012",5.87312256,5.38460860477045,4.41708169205471,6.34770891681534
"3330",45,"UKENNW_UU_TP000012",NA,5.31735076611837,4.31543398450098,6.31507058600299
"3736",1,"UKENNW_UU_TP000050",4.096038701,4.50964361762848,3.5365837327505,5.48220498188252
"3737",2,"UKENNW_UU_TP000050",NA,4.45912031356073,3.51121194272784,5.40505630688607
"3738",3,"UKENNW_UU_TP000050",5.173743213,4.6044256502408,3.64374628652907,5.56448029452731
"3739",4,"UKENNW_UU_TP000050",NA,4.75585922871073,3.80293721749653,5.70591780547158
"3740",5,"UKENNW_UU_TP000050",5.274374177,4.89062777247736,3.92152805636427,5.85924747097132
"3741",6,"UKENNW_UU_TP000050",NA,5.00942431838866,4.06171555472707,5.95688588481103
"3742",7,"UKENNW_UU_TP000050",5.435471542,4.89049488926419,3.91132812412916,5.86919413163717
"3743",8,"UKENNW_UU_TP000050",NA,4.85319462674006,3.90091111690252,5.80457578848321
"3744",9,"UKENNW_UU_TP000050",4.704773561,5.22368560493645,4.25575077128723,6.19266915190013
"3745",10,"UKENNW_UU_TP000050",NA,5.32071102176619,4.37408888517706,6.27066434295393
"3746",11,"UKENNW_UU_TP000050",5.221406038,5.38935921967671,4.41994186042822,6.35874075708032
"3747",12,"UKENNW_UU_TP000050",NA,5.40213114765023,4.45542017141967,6.35049275995937
"3748",13,"UKENNW_UU_TP000050",5.332583786,5.37003522522513,4.40006747109061,6.3403174830575
"3749",14,"UKENNW_UU_TP000050",NA,5.31142458890948,4.36154668002146,6.26086766260646
"3750",15,"UKENNW_UU_TP000050",5.229470634,5.41441768345726,4.44519965585072,6.38409313134737
"3751",16,"UKENNW_UU_TP000050",NA,5.21237893168261,4.25682915190593,6.16973235827824
"3752",17,"UKENNW_UU_TP000050",5.103635189,5.32287647372464,4.35569234088462,6.28983921694987
"3753",18,"UKENNW_UU_TP000050",NA,5.21556093166155,4.26908268326973,6.16297266568504
"3754",19,"UKENNW_UU_TP000050",4.904426179,5.06355477869178,4.0924490356674,6.03638748914469
"3755",20,"UKENNW_UU_TP000050",NA,5.1718233266486,4.21498752086181,6.12342899437234
"3756",21,"UKENNW_UU_TP000050",4.755295184,5.0848758774963,4.11576046318625,6.05561392789323
"3757",22,"UKENNW_UU_TP000050",NA,5.17980770764555,4.232808256146,6.12604754371016
"3758",23,"UKENNW_UU_TP000050",3.647695708,5.39735784922799,4.43252213478808,6.36271894159733
"3759",24,"UKENNW_UU_TP000050",NA,5.35659722641935,4.40994277332712,6.30347412920934
"3760",25,"UKENNW_UU_TP000050",5.489405968,5.26142404278825,4.29068322409983,6.23102989027423
"3761",26,"UKENNW_UU_TP000050",NA,5.26575634539542,4.31980322504517,6.21389661861778
"3762",27,"UKENNW_UU_TP000050",3.141164358,5.30490289422954,4.33735039901969,6.2737516507358
"3763",28,"UKENNW_UU_TP000050",NA,5.16436132727884,4.21581706559113,6.11557132319886
"3764",29,"UKENNW_UU_TP000050",5.322229166,5.2599795647154,4.29517607360285,6.2258787964806
"3765",30,"UKENNW_UU_TP000050",NA,5.13989831811631,4.19375454205685,6.08964059874238
"3766",31,"UKENNW_UU_TP000050",NA,5.18236838423326,4.1937844086247,6.17204683973217
"3767",32,"UKENNW_UU_TP000050",5.520950132,5.26741471116537,4.31644052007282,6.21300993044495
"3768",33,"UKENNW_UU_TP000050",4.909201439,4.99319681680582,4.03320919709722,5.95154180573628
"3769",34,"UKENNW_UU_TP000050",NA,4.87675055581999,3.9280962212111,5.82339790926291
"3770",35,"UKENNW_UU_TP000050",5.319603685,4.91903846579101,3.94999343581454,5.8861485896281
"3771",36,"UKENNW_UU_TP000050",NA,5.04462697148795,4.09408452925606,5.99007560635901
"3772",37,"UKENNW_UU_TP000050",5.718114028,5.24649898169612,4.27256228228153,6.21709860905737
"3773",38,"UKENNW_UU_TP000050",NA,5.30235219148473,4.34630390723284,6.25161610555794
"3774",39,"UKENNW_UU_TP000050",5.109946764,5.56534271290333,4.60054975692303,6.53014009092828
"3775",40,"UKENNW_UU_TP000050",NA,5.5628024788755,4.60733613787148,6.51022845935545
"3776",41,"UKENNW_UU_TP000050",6.16852821,5.32668830176977,4.32957298025283,6.32015749420558
"3777",42,"UKENNW_UU_TP000050",NA,5.60935726289771,4.66023239472058,6.55391493484099
"3778",43,"UKENNW_UU_TP000050",5.159633705,5.64438248827992,4.68257871997408,6.60706184425374
"3779",44,"UKENNW_UU_TP000050",NA,5.49365582828628,4.54226560307093,6.43902752779677
"3780",45,"UKENNW_UU_TP000050",NA,5.40467449243493,4.41727541683674,6.387106236892
"3871",1,"UKENNW_UU_TP000076",NA,4.36896945059391,3.39256767129177,5.34591015160429
"3872",2,"UKENNW_UU_TP000076",4.800775006,4.28175360252984,3.32921252916247,5.23359738779871
"3873",3,"UKENNW_UU_TP000076",NA,4.46886066807279,3.50639234529861,5.43291153030093
"3874",4,"UKENNW_UU_TP000076",5.086225657,4.60115887567607,3.64612546323508,5.55456642192931
"3875",5,"UKENNW_UU_TP000076",NA,4.73627802959994,3.76503070186403,5.70831901133218
"3876",6,"UKENNW_UU_TP000076",5.138122075,4.86126205209871,3.91214990181823,5.81253995891469
"3877",7,"UKENNW_UU_TP000076",NA,4.7801094463149,3.80401604343373,5.75802753504104
"3878",8,"UKENNW_UU_TP000076",5.05260354,4.7526743876335,3.80291229222468,5.70477153567798
"3879",9,"UKENNW_UU_TP000076",NA,5.10070687052708,4.13020994096052,6.07441744372995
"3880",10,"UKENNW_UU_TP000076",5.380638556,5.17747458192093,4.22891847625586,6.13210159833411
"3881",11,"UKENNW_UU_TP000076",NA,5.23975811957419,4.26858972857044,6.21232771567911
"3882",12,"UKENNW_UU_TP000076",5.901847093,5.25383859374636,4.30554608977351,6.20582789938227
"3883",13,"UKENNW_UU_TP000076",NA,5.23126941642994,4.25880270447708,6.20575093288736
"3884",14,"UKENNW_UU_TP000076",6.014292357,5.16589379378208,4.21519896351423,6.11873130846196
"3885",15,"UKENNW_UU_TP000076",NA,5.26186115521653,4.28981791336275,6.23585644765233
"3886",16,"UKENNW_UU_TP000076",5.641515977,5.10889216752183,4.15630159265098,6.06668319635154
"3887",17,"UKENNW_UU_TP000076",NA,5.19433676126099,4.22538022184624,6.16517902929009
"3888",18,"UKENNW_UU_TP000076",5.991916645,5.06438921961376,4.11536728294312,6.01684756057727
"3889",19,"UKENNW_UU_TP000076",NA,4.94079229143012,3.96761143373514,5.91747821762752
"3890",20,"UKENNW_UU_TP000076",5.495521411,5.04554291049504,4.08958814744812,5.99768763361206
"3891",21,"UKENNW_UU_TP000076",NA,4.94872369188914,3.97716443180451,5.92375751202869
"3892",22,"UKENNW_UU_TP000076",4.871091816,5.03020366435558,4.08000626346107,5.98081245113568
"3893",23,"UKENNW_UU_TP000076",NA,5.24541803976304,4.27728634105756,6.21599732854776
"3894",24,"UKENNW_UU_TP000076",4.520462087,5.22060653848819,4.27057930271387,6.17192728434114
"3895",25,"UKENNW_UU_TP000076",NA,5.10186702312227,4.12828001632472,6.07521340752717
"3896",26,"UKENNW_UU_TP000076",5.87916147,5.10924849606705,4.16046339953675,6.06160792658143
"3897",27,"UKENNW_UU_TP000076",NA,5.16486524391011,4.1942552046314,6.13794909267753
"3898",28,"UKENNW_UU_TP000076",5.974011316,5.11504510219121,4.16652991699185,6.06881145886501
"3899",29,"UKENNW_UU_TP000076",NA,5.13142599464565,4.16337914997399,6.10220106328373
"3900",30,"UKENNW_UU_TP000076",5.809412677,5.01342120528716,4.06499416838517,5.96781867346264
"3901",31,"UKENNW_UU_TP000076",NA,5.03816105321174,4.04828002852835,6.03053549623605
"3902",32,"UKENNW_UU_TP000076",5.736683325,5.1356606622939,4.18083385795447,6.08518213795129
"3903",33,"UKENNW_UU_TP000076",NA,4.88073844184752,3.92031217672308,5.84180862246339
"3904",34,"UKENNW_UU_TP000076",4.631499944,4.7489932259782,3.79626774385199,5.69942748191166
"3905",35,"UKENNW_UU_TP000076",NA,4.77447509854648,3.80198105406987,5.74569198235867
"3906",36,"UKENNW_UU_TP000076",5.383858792,4.89841986545759,3.942932318511,5.84764324294912
"3907",37,"UKENNW_UU_TP000076",NA,5.05939348306855,4.0761016025992,6.04044881589033
"3908",38,"UKENNW_UU_TP000076",5.041661919,5.14140199495297,4.18376147465169,6.09450216182134
"3909",39,"UKENNW_UU_TP000076",NA,5.42358673211257,4.45205212456307,6.39684068613654
"3910",40,"UKENNW_UU_TP000076",5.450431546,5.43283316213826,4.47677546152689,6.38162682365818
"3911",41,"UKENNW_UU_TP000076",NA,5.14488028180159,4.13666962751611,6.14994937146455
"3912",42,"UKENNW_UU_TP000076",6.546954107,5.44456638314887,4.49191987742462,6.39354209269917
"3913",43,"UKENNW_UU_TP000076",NA,5.506241743989,4.540344021402,6.47442897257549
"3914",44,"UKENNW_UU_TP000076",3.485578646,5.33536767864608,4.38119654104872,6.2847248647107
"3915",45,"UKENNW_UU_TP000076",NA,5.25990166169549,4.27203331457897,6.24468971774386
"4051",1,"UKENNW_UU_TP000102",NA,4.28882680561479,3.3423793544159,5.23434582172745
"4052",2,"UKENNW_UU_TP000102",4.884091133,4.22622886871086,3.32349646645935,5.12299049596123
"4053",3,"UKENNW_UU_TP000102",NA,4.36057754563583,3.43928922540892,5.27872427710907
"4054",4,"UKENNW_UU_TP000102",4.549385182,4.56614634913796,3.65347347217858,5.47589119589071
"4055",5,"UKENNW_UU_TP000102",NA,4.68484555052773,3.74217061211563,5.62662628114727
"4056",6,"UKENNW_UU_TP000102",2.741016752,4.82735910866305,3.92766385401375,5.72639383528515
"4057",7,"UKENNW_UU_TP000102",NA,4.68453127511667,3.72967998319228,5.6384491636325
"4058",8,"UKENNW_UU_TP000102",4.885688796,4.65622996660322,3.75270956340556,5.55714235070094
"4059",9,"UKENNW_UU_TP000102",NA,4.9903772931568,4.05305722982353,5.92885580664834
"4060",10,"UKENNW_UU_TP000102",2.998087838,5.03143003305841,4.13272192970775,5.93067993441798
"4061",11,"UKENNW_UU_TP000102",NA,5.17122754027816,4.22860038382811,6.11322257840785
"4062",12,"UKENNW_UU_TP000102",4.052804513,5.13686362927458,4.23867620610403,6.03707173609962
"4063",13,"UKENNW_UU_TP000102",NA,5.14581747863295,4.20308044401323,6.08886398097444
"4064",14,"UKENNW_UU_TP000102",4.407943832,5.05571457361895,4.15418130924281,5.95389368008054
"4065",15,"UKENNW_UU_TP000102",NA,5.19417253075877,4.25243224583894,6.13629724405344
"4066",16,"UKENNW_UU_TP000102",5.459259546,4.86282562288806,3.9554586432995,5.76496319822101
"4067",17,"UKENNW_UU_TP000102",NA,5.10142134631416,4.16412330657483,6.03878075929328
"4068",18,"UKENNW_UU_TP000102",5.484507623,4.97405185613139,4.0759940225371,5.87364989703968
"4069",19,"UKENNW_UU_TP000102",NA,4.81515052150681,3.8706245577761,5.76125439243734
"4070",20,"UKENNW_UU_TP000102",4.679094295,5.02194815877622,4.11802436486178,5.92320107035424
"4071",21,"UKENNW_UU_TP000102",NA,4.82103620862988,3.87824221775099,5.76597008316205
"4072",22,"UKENNW_UU_TP000102",3.321354558,4.95221931021758,4.05377998437532,5.85084442856218
"4073",23,"UKENNW_UU_TP000102",NA,5.17198275567731,4.23452231313554,6.10956117959518
"4074",24,"UKENNW_UU_TP000102",5.314874955,5.14952406987628,4.25188286585871,6.04942596062858
"4075",25,"UKENNW_UU_TP000102",NA,5.02532923385938,4.07900641473814,5.96983911147877
"4076",26,"UKENNW_UU_TP000102",5.010333611,5.05756757234338,4.15930559725903,5.96248935588136
"4077",27,"UKENNW_UU_TP000102",NA,5.06905557322344,4.12754233017052,6.0113569937463
"4078",28,"UKENNW_UU_TP000102",5.183615897,4.85487391581163,3.95217255346266,5.75472487557572
"4079",29,"UKENNW_UU_TP000102",NA,5.02239639105227,4.08355372218263,5.96093215857248
"4080",30,"UKENNW_UU_TP000102",4.701463875,4.8291600250425,3.92824958258455,5.72927461259698
"4081",31,"UKENNW_UU_TP000102",NA,4.95070335988008,3.98837696994056,5.91318914304016
"4082",32,"UKENNW_UU_TP000102",5.53862837,5.14018077678525,4.23725327240825,6.03809836243156
"4083",33,"UKENNW_UU_TP000102",NA,4.78414218211617,3.85555033350044,5.70981610806171
"4084",34,"UKENNW_UU_TP000102",4.397402911,4.6425199443133,3.74152929517281,5.53954329938837
"4085",35,"UKENNW_UU_TP000102",NA,4.70851215500686,3.76513122385196,5.64896135109713
"4086",36,"UKENNW_UU_TP000102",4.688541554,4.93058794049209,4.02947877157522,5.83001689890096
"4087",37,"UKENNW_UU_TP000102",NA,5.07088303094062,4.12545558876227,6.01149260893857
"4088",38,"UKENNW_UU_TP000102",5.089757407,5.20554333491277,4.29946924006083,6.10444173144269
"4089",39,"UKENNW_UU_TP000102",NA,5.3784441612384,4.44202440450967,6.31434259623989
"4090",40,"UKENNW_UU_TP000102",5.252414034,5.49246163793295,4.58729893657276,6.39308832284338
"4091",41,"UKENNW_UU_TP000102",NA,5.17208781916927,4.2127711262802,6.12756528854377
"4092",42,"UKENNW_UU_TP000102",5.913020585,5.46260389806622,4.5610745324902,6.35973772813901
"4093",43,"UKENNW_UU_TP000102",NA,5.41854011186106,4.48546277826889,6.35061538512986
"4094",44,"UKENNW_UU_TP000102",5.383032284,5.35771926050349,4.45353763320918,6.25620194196626
"4095",45,"UKENNW_UU_TP000102",NA,5.24140655369366,4.28447761492839,6.19253979842467
"2791",1,"UKENNE_YW_TP000082",2.987183824,3.73298864914829,2.76623944316037,4.69732820686656
"2792",2,"UKENNE_YW_TP000082",NA,3.82024631974058,2.86370278753241,4.77530102602591
"2793",3,"UKENNE_YW_TP000082",4.579476349,4.03862380612747,3.06979552899226,5.0089237653106
"2794",4,"UKENNE_YW_TP000082",NA,4.02285225005459,3.07559326477487,4.96502327440984
"2795",5,"UKENNE_YW_TP000082",3.923898586,4.2407687151854,3.26339519306655,5.21757664244328
"2796",6,"UKENNE_YW_TP000082",NA,4.22862333708721,3.28330004180267,5.17164102155306
"2797",7,"UKENNE_YW_TP000082",NA,4.28068457505155,3.29947610710126,5.26239002273824
"2798",8,"UKENNE_YW_TP000082",4.607304458,4.40442059413483,3.46345509724323,5.35149061587918
"2799",9,"UKENNE_YW_TP000082",NA,4.59634611991151,3.6193640248376,5.57461886759154
"2800",10,"UKENNE_YW_TP000082",3.849646237,4.66716131468524,3.72577146791541,5.6144727968948
"2801",11,"UKENNE_YW_TP000082",5.159508718,4.74850479709507,3.77197809144191,5.72557400630639
"2802",12,"UKENNE_YW_TP000082",NA,4.6778967459133,3.73540725966254,5.62111161988434
"2803",13,"UKENNE_YW_TP000082",4.991108327,4.72140196485326,3.7427791028649,5.70208747304632
"2804",14,"UKENNE_YW_TP000082",NA,4.716103335446,3.77301763718442,5.65837435260347
"2805",15,"UKENNE_YW_TP000082",4.864541747,4.73695522967745,3.75931394561754,5.71522257799638
"2806",16,"UKENNE_YW_TP000082",NA,4.83342379964145,3.89238975037272,5.78018621971821
"2807",17,"UKENNE_YW_TP000082",4.855532568,4.69820536762639,3.73888832673797,5.65952055141095
"2808",18,"UKENNE_YW_TP000082",NA,4.48039611595612,3.52684599891266,5.44078577190072
"2809",19,"UKENNE_YW_TP000082",4.886101991,4.44185482035687,3.48015448494963,5.40588653733153
"2810",20,"UKENNE_YW_TP000082",NA,4.58272246311478,3.62727709994589,5.5349977625209
"2811",21,"UKENNE_YW_TP000082",4.68891903,4.42323704606899,3.4621255367737,5.38710079289977
"2812",22,"UKENNE_YW_TP000082",NA,4.53651023927601,3.58043492181312,5.48854345226139
"2813",23,"UKENNE_YW_TP000082",4.82920761,4.75105411498645,3.79369126085543,5.71084741403128
"2814",24,"UKENNE_YW_TP000082",NA,4.67701656697006,3.72340376616404,5.62991943767796
"2815",25,"UKENNE_YW_TP000082",4.192268105,4.68902752003821,3.72676115487737,5.65297458916877
"2816",26,"UKENNE_YW_TP000082",NA,4.50274865473722,3.55040521921846,5.45969537276771
"2817",27,"UKENNE_YW_TP000082",4.618863241,4.71645950354788,3.75664048098193,5.67874382699184
"2818",28,"UKENNE_YW_TP000082",NA,4.68070055495547,3.72728760159281,5.63407311553365
"2819",29,"UKENNE_YW_TP000082",5.064342654,4.61291376255703,3.65418178387976,5.57218167532665
"2820",30,"UKENNE_YW_TP000082",NA,4.56529797244397,3.61075603595259,5.51777048070743
"2821",31,"UKENNE_YW_TP000082",NA,4.4818343457011,3.48379406719714,5.48006995472014
"2822",32,"UKENNE_YW_TP000082",4.160002757,4.68289586375155,3.73627235833279,5.62602765995503
"2823",33,"UKENNE_YW_TP000082",4.564991095,4.20860586043231,3.25317989869827,5.16012819449147
"2824",34,"UKENNE_YW_TP000082",NA,4.30901877188842,3.35368461143118,5.26207535304848
"2825",35,"UKENNE_YW_TP000082",2.794091433,4.35903325787842,3.39598598127205,5.32224404134322
"2826",36,"UKENNE_YW_TP000082",NA,4.34641614746413,3.38918274582883,5.29790754752045
"2827",37,"UKENNE_YW_TP000082",4.549278318,4.54811469161053,3.58348756192335,5.50943851577091
"2828",38,"UKENNE_YW_TP000082",NA,4.64387042292554,3.68960808219882,5.59791345425266
"2829",39,"UKENNE_YW_TP000082",6.521716393,4.93434035739796,3.97455552067332,5.89513539362791
"2830",40,"UKENNE_YW_TP000082",NA,4.89623177124132,3.94123596460035,5.84889056909131
"2831",41,"UKENNE_YW_TP000082",5.347074068,4.85745652903291,3.89714952530067,5.81842545837676
"2832",42,"UKENNE_YW_TP000082",NA,4.9228450363091,3.96754111436271,5.87480898863508
"2833",43,"UKENNE_YW_TP000082",4.768053949,5.06977143396499,4.11289357532417,6.02824772158275
"2834",44,"UKENNE_YW_TP000082",NA,4.85887761859632,3.90135366377155,5.81124345768671
"2835",45,"UKENNE_YW_TP000082",NA,4.83613310823967,3.84853644769937,5.82249276799735
"2971",1,"UKENNE_YW_TP000096",NA,4.1027000118738,3.14747659296679,5.05864592378248
"2972",2,"UKENNE_YW_TP000096",5.326451148,4.13032262507796,3.19234114067758,5.0668776946831
"2973",3,"UKENNE_YW_TP000096",NA,4.33368642977665,3.38307463085982,5.28629373048084
"2974",4,"UKENNE_YW_TP000096",5.360041031,4.36714655294458,3.433303140376,5.29741324855009
"2975",5,"UKENNE_YW_TP000096",NA,4.55774186678745,3.59846629535651,5.51685951280118
"2976",6,"UKENNE_YW_TP000096",5.467778227,4.60758406133243,3.67723648447964,5.53971268528573
"2977",7,"UKENNE_YW_TP000096",NA,4.59670926137088,3.63398377852409,5.56030105637322
"2978",8,"UKENNE_YW_TP000096",5.376042446,4.65474067298904,3.72622552058049,5.5870842046595
"2979",9,"UKENNE_YW_TP000096",NA,4.90941586996299,3.95108402168083,5.87007655148144
"2980",10,"UKENNE_YW_TP000096",5.753946778,4.95813119264493,4.02916920388958,5.89393914907687
"2981",11,"UKENNE_YW_TP000096",NA,5.06029098997461,4.10151376131487,6.02003850385425
"2982",12,"UKENNE_YW_TP000096",5.682774244,4.98792517726347,4.05843290776854,5.92047605793235
"2983",13,"UKENNE_YW_TP000096",NA,5.02888441318299,4.06800642387676,5.9919962832995
"2984",14,"UKENNE_YW_TP000096",5.566660413,5.00498728840063,4.07427669077249,5.9356413519503
"2985",15,"UKENNE_YW_TP000096",NA,5.0563635981398,4.09671156517326,6.01725724628417
"2986",16,"UKENNE_YW_TP000096",5.206701789,5.06953257319917,4.14046111401389,6.00389493858275
"2987",17,"UKENNE_YW_TP000096",NA,5.00583153081989,4.05697747225533,5.95717604975279
"2988",18,"UKENNE_YW_TP000096",5.724461136,4.80740799213108,3.87292299256417,5.74954741408381
"2989",19,"UKENNE_YW_TP000096",NA,4.7543558881023,3.80248225936035,5.70968071874849
"2990",20,"UKENNE_YW_TP000096",3.396676314,4.86754589338685,3.92934611847222,5.80222851275188
"2991",21,"UKENNE_YW_TP000096",NA,4.72964756892874,3.77833577993196,5.68485005317166
"2992",22,"UKENNE_YW_TP000096",4.363830487,4.82064415977905,3.88342687438867,5.75403002888762
"2993",23,"UKENNE_YW_TP000096",NA,5.061680124372,4.11419383593602,6.01139982696277
"2994",24,"UKENNE_YW_TP000096",4.393346463,5.01044136045302,4.0756407055463,5.94533809107357
"2995",25,"UKENNE_YW_TP000096",NA,4.95261164629519,3.99842316480451,5.90660013786533
"2996",26,"UKENNE_YW_TP000096",3.749629399,4.83698934843864,3.90396799473877,5.77644363342167
"2997",27,"UKENNE_YW_TP000096",NA,5.00671326292857,4.0572338487347,5.95807701085801
"2998",28,"UKENNE_YW_TP000096",4.810508501,4.98831513592099,4.0536342587505,5.92382857679111
"2999",29,"UKENNE_YW_TP000096",NA,4.93425701266042,3.98668506355769,5.88350272651629
"3000",30,"UKENNE_YW_TP000096",4.246815889,4.85587100107792,3.92091929962219,5.79016997899484
"3001",31,"UKENNE_YW_TP000096",NA,4.81298724376565,3.8337175049377,5.7932368131314
"3002",32,"UKENNE_YW_TP000096",4.697234447,4.99805279333053,4.06058464326951,5.92905906461508
"3003",33,"UKENNE_YW_TP000096",NA,4.59467468772635,3.65410944729352,5.5360693459568
"3004",34,"UKENNE_YW_TP000096",4.899136743,4.6434588082323,3.7066281011195,5.57839998892862
"3005",35,"UKENNE_YW_TP000096",NA,4.64387015591656,3.69022850267274,5.59617225240731
"3006",36,"UKENNE_YW_TP000096",5.008097799,4.70178761390392,3.76184819201957,5.63524803114121
"3007",37,"UKENNE_YW_TP000096",NA,4.8989597930291,3.94512362380673,5.8517888759484
"3008",38,"UKENNE_YW_TP000096",5.792041952,4.97261105383356,4.03643784631366,5.90867796722198
"3009",39,"UKENNE_YW_TP000096",NA,5.25490487425728,4.30564403242228,6.20553333328626
"3010",40,"UKENNE_YW_TP000096",4.617208349,5.23693900557928,4.29970513165471,6.1715464508333
"3011",41,"UKENNE_YW_TP000096",NA,5.12807576384417,4.17496030684019,6.08160509194234
"3012",42,"UKENNE_YW_TP000096",5.28704466,5.24380557733159,4.30663603726249,6.17724668588437
"3013",43,"UKENNE_YW_TP000096",NA,5.35088296640171,4.40438581569252,6.29776839337681
"3014",44,"UKENNE_YW_TP000096",4.580100659,5.17862842462972,4.23967302594859,6.11253251943947
"3015",45,"UKENNE_YW_TP000096",NA,5.15065551098118,4.18119743861737,6.11911853880941
"3511",1,"UKENNW_UU_TP000024",NA,3.98022517486804,2.99513770956754,4.96553187118129
"3512",2,"UKENNW_UU_TP000024",4.925980906,3.95639121345799,3.00675637164684,4.90211271634151
"3513",3,"UKENNW_UU_TP000024",5.312347155,4.09562729782957,3.12535870138301,5.06410719307931
"3514",4,"UKENNW_UU_TP000024",NA,4.22467331033008,3.26942866853086,5.17440912187082
"3515",5,"UKENNW_UU_TP000024",NA,4.37767019520606,3.39325384162612,5.36005316711472
"3516",6,"UKENNW_UU_TP000024",4.953244875,4.51391847070681,3.56814529939855,5.46134002891477
"3517",7,"UKENNW_UU_TP000024",NA,4.42444505066692,3.43543897162479,5.41265418999741
"3518",8,"UKENNW_UU_TP000024",4.80801705,4.37835719922504,3.42999496272871,5.32434949373138
"3519",9,"UKENNW_UU_TP000024",NA,4.70755944591077,3.72734829230053,5.68893830451062
"3520",10,"UKENNW_UU_TP000024",4.899737982,4.68608281518173,3.73941182362746,5.6336419854083
"3521",11,"UKENNW_UU_TP000024",NA,4.87864371473846,3.89554183886393,5.86075047622384
"3522",12,"UKENNW_UU_TP000024",5.143124195,4.75329136136856,3.80602264742412,5.70182198935309
"3523",13,"UKENNW_UU_TP000024",NA,4.83907717526092,3.85192107574338,5.82584543199636
"3524",14,"UKENNW_UU_TP000024",4.502961774,4.73932720581434,3.78721899032806,5.68611660863473
"3525",15,"UKENNW_UU_TP000024",NA,4.88174435539738,3.89851244396402,5.86431592658646
"3526",16,"UKENNW_UU_TP000024",4.904747338,4.64719769309699,3.69432673971144,5.59711878283382
"3527",17,"UKENNW_UU_TP000024",NA,4.7941068495973,3.81524098920451,5.7730337213017
"3528",18,"UKENNW_UU_TP000024",4.957219962,4.57988867908076,3.63198636125702,5.52906361864071
"3529",19,"UKENNW_UU_TP000024",NA,4.55139980087536,3.56774486998214,5.53750408218842
"3530",20,"UKENNW_UU_TP000024",4.719599258,4.65757158566604,3.70159928257556,5.60671606395172
"3531",21,"UKENNW_UU_TP000024",NA,4.51880435788474,3.53540334932171,5.5049308576076
"3532",22,"UKENNW_UU_TP000024",3.825102312,4.58113164811771,3.63100636810183,5.52560179980719
"3533",23,"UKENNW_UU_TP000024",NA,4.87357587980308,3.8962083276854,5.85043906677611
"3534",24,"UKENNW_UU_TP000024",4.047169849,4.88927476871474,3.94204399412543,5.83735111594203
"3535",25,"UKENNW_UU_TP000024",NA,4.69709840772666,3.70439622501371,5.68570455917769
"3536",26,"UKENNW_UU_TP000024",5.294207418,4.65931326663952,3.71381046050419,5.60985465811771
"3537",27,"UKENNW_UU_TP000024",NA,4.7847497360431,3.80330169964226,5.7659039775423
"3538",28,"UKENNW_UU_TP000024",5.438766619,4.80440853993486,3.85800306996131,5.75329299929264
"3539",29,"UKENNW_UU_TP000024",NA,4.75844081432061,3.77936857134879,5.73774093878404
"3540",30,"UKENNW_UU_TP000024",6.030569678,4.62007035226178,3.67123867322294,5.56887642334358
"3541",31,"UKENNW_UU_TP000024",NA,4.6425205267016,3.63692005886917,5.64803337199019
"3542",32,"UKENNW_UU_TP000024",NA,4.88526078498445,3.93145322930358,5.83146528036685
"3543",33,"UKENNW_UU_TP000024",5.83280684,4.49837042764461,3.5358093676129,5.46208014517147
"3544",34,"UKENNW_UU_TP000024",5.818196734,4.4893214615706,3.5404572113714,5.43685961805462
"3545",35,"UKENNW_UU_TP000024",NA,4.42149942353061,3.43402985441028,5.40452824232606
"3546",36,"UKENNW_UU_TP000024",4.968304996,4.64261047237346,3.68643799318102,5.58998433402759
"3547",37,"UKENNW_UU_TP000024",NA,4.77260124844947,3.7872145729461,5.75489295511653
"3548",38,"UKENNW_UU_TP000024",5.184223743,4.88981999814218,3.93764706837375,5.83729382641632
"3549",39,"UKENNW_UU_TP000024",NA,5.06437411153866,4.08650142332644,6.04197213988889
"3550",40,"UKENNW_UU_TP000024",6.44981798,5.17565950565664,4.2232691918766,6.12434697936441
"3551",41,"UKENNW_UU_TP000024",NA,4.90521305566932,3.91260714133328,5.89477950268204
"3552",42,"UKENNW_UU_TP000024",6.116344913,5.08694608204005,4.1345536429883,6.03149801576003
"3553",43,"UKENNW_UU_TP000024",NA,5.12303355823008,4.14570727237025,6.09765048565774
"3554",44,"UKENNW_UU_TP000024",5.619040979,5.04156861514471,4.08976992285375,5.98711451747466
"3555",45,"UKENNW_UU_TP000024",NA,4.96168488232589,3.96508059841964,5.95389938563288
"3826",1,"UKENNW_UU_TP000068",NA,4.34045087357616,3.35890546553939,5.32407861351446
"3827",2,"UKENNW_UU_TP000068",NA,4.32091639963316,3.37999218260935,5.25948585584931
"3828",3,"UKENNW_UU_TP000068",NA,4.42907375240279,3.46860016787152,5.38763529389976
"3829",4,"UKENNW_UU_TP000068",NA,4.5944604064331,3.64295027486797,5.54205503246293
"3830",5,"UKENNW_UU_TP000068",NA,4.7343609098389,3.75433628640778,5.71367682646925
"3831",6,"UKENNW_UU_TP000068",NA,4.88131482045681,3.94429738522783,5.82122723913206
"3832",7,"UKENNW_UU_TP000068",NA,4.77738291778941,3.7923893802982,5.76262181095408
"3833",8,"UKENNW_UU_TP000068",NA,4.71568816708141,3.77515972825128,5.65407406385733
"3834",9,"UKENNW_UU_TP000068",NA,5.0539100850903,4.07794164175182,6.03292773122171
"3835",10,"UKENNW_UU_TP000068",NA,5.02735134017017,4.08861396488857,5.96738089954489
"3836",11,"UKENNW_UU_TP000068",NA,5.23541879254065,4.25581279855264,6.21522427208776
"3837",12,"UKENNW_UU_TP000068",NA,5.10796852664209,4.17035496955496,6.049236535291
"3838",13,"UKENNW_UU_TP000068",5.088868844,5.19159128723155,4.20931490346414,6.17492965856437
"3839",14,"UKENNW_UU_TP000068",NA,5.07214033142253,4.12959481607373,6.00976669128802
"3840",15,"UKENNW_UU_TP000068",5.295557207,5.24022562727789,4.26075893298748,6.22059503947478
"3841",16,"UKENNW_UU_TP000068",NA,4.90742213145422,3.95889486719806,5.84806303699166
"3842",17,"UKENNW_UU_TP000068",5.494959209,5.13780864296964,4.16391134993299,6.11295531864415
"3843",18,"UKENNW_UU_TP000068",NA,4.93495083162146,3.99605338812152,5.87549917996187
"3844",19,"UKENNW_UU_TP000068",4.11756468,4.90428410379981,3.92484159707296,5.88839794746465
"3845",20,"UKENNW_UU_TP000068",NA,5.03435116298566,4.08954914390462,5.97504872195738
"3846",21,"UKENNW_UU_TP000068",5.489168073,4.87250134642452,3.89344627220227,5.85666817819186
"3847",22,"UKENNW_UU_TP000068",NA,4.95251747544299,4.01315839232841,5.89006088434308
"3848",23,"UKENNW_UU_TP000068",4.560550131,5.23024404049659,4.25552656496797,6.20583293102523
"3849",24,"UKENNW_UU_TP000068",NA,5.26105394569552,4.32427725824412,6.20271997530575
"3850",25,"UKENNW_UU_TP000068",5.730244739,5.05271319042496,4.06517647411766,6.03743547716591
"3851",26,"UKENNW_UU_TP000068",NA,5.03261070082145,4.09647431287752,5.97686667369822
"3852",27,"UKENNW_UU_TP000068",5.270593927,5.13546983848496,4.15840744764636,6.1141303901866
"3853",28,"UKENNW_UU_TP000068",NA,5.14923800535149,4.21276913089281,6.09309940723474
"3854",29,"UKENNW_UU_TP000068",5.90358198,5.1124380637518,4.13790338218908,6.08895535992959
"3855",30,"UKENNW_UU_TP000068",NA,4.97061097867865,4.03311951049825,5.91258366034853
"3856",31,"UKENNW_UU_TP000068",NA,5.00107458055966,4.00058874994836,6.00249409585071
"3857",32,"UKENNW_UU_TP000068",5.348830751,5.26526199964378,4.31942651418969,6.20658594174672
"3858",33,"UKENNW_UU_TP000068",5.77653662,4.85799696118284,3.89715478346372,5.82070042994582
"3859",34,"UKENNW_UU_TP000068",NA,4.82645207360141,3.88679513703143,5.76547529714259
"3860",35,"UKENNW_UU_TP000068",5.110257659,4.77529778128244,3.79213411386982,5.75511310586459
"3861",36,"UKENNW_UU_TP000068",NA,5.03081942434888,4.08579516502029,5.96999839469102
"3862",37,"UKENNW_UU_TP000068",5.487985378,5.14399872078477,4.1623401401687,6.12318360686467
"3863",38,"UKENNW_UU_TP000068",NA,5.27930827842405,4.33691030061211,6.21771129080788
"3864",39,"UKENNW_UU_TP000068",5.757981371,5.42359492940119,4.44758896592283,6.40049798542897
"3865",40,"UKENNW_UU_TP000068",NA,5.5599342137772,4.61765478432773,6.50007992391326
"3866",41,"UKENNW_UU_TP000068",5.502629408,5.26269913712334,4.27468281112459,6.24855726438836
"3867",42,"UKENNW_UU_TP000068",NA,5.45843977160612,4.51566928668256,6.39441261709733
"3868",43,"UKENNW_UU_TP000068",4.884389627,5.47283220909844,4.50032033006016,6.44393646307435
"3869",44,"UKENNW_UU_TP000068",NA,5.40757413902152,4.46521543975066,6.34467223931034
"3870",45,"UKENNW_UU_TP000068",NA,5.31267315019619,4.32075213132714,6.30072872618062
"6706",1,"UKENTH_TWU_TP000139",NA,4.25019389254693,3.29210930644097,5.20881201378272
"6707",2,"UKENTH_TWU_TP000139",4.960279318,4.24496782236734,3.31613108877198,5.17502324243369
"6708",3,"UKENTH_TWU_TP000139",4.471821002,4.4644109975789,3.51714931803351,5.4106830275859
"6709",4,"UKENTH_TWU_TP000139",NA,4.55605958682651,3.62375445057686,5.48347137629973
"6710",5,"UKENTH_TWU_TP000139",NA,4.61349813132766,3.66034610463875,5.56965165576252
"6711",6,"UKENTH_TWU_TP000139",5.047517835,4.77187477750461,3.84399086212408,5.69917194515727
"6712",7,"UKENTH_TWU_TP000139",NA,4.73510543388663,3.77718395100649,5.69240161939272
"6713",8,"UKENTH_TWU_TP000139",4.183225059,4.71859096083132,3.79043883115306,5.64544055099061
"6714",9,"UKENTH_TWU_TP000139",NA,5.03136821670012,4.07736430200832,5.98542327990013
"6715",10,"UKENTH_TWU_TP000139",5.291786809,5.20507405077521,4.27163271397436,6.13152274901976
"6716",11,"UKENTH_TWU_TP000139",NA,5.20556432393897,4.25208333106812,6.15867266586538
"6717",12,"UKENTH_TWU_TP000139",4.890683964,5.23995205680645,4.30747903064567,6.16667567459646
"6718",13,"UKENTH_TWU_TP000139",NA,5.05219658447887,4.09402248585702,6.00971358603028
"6719",14,"UKENTH_TWU_TP000139",5.54201606,5.12994943135018,4.20393970028332,6.05933447212388
"6720",15,"UKENTH_TWU_TP000139",NA,5.18759826514953,4.23266916199344,6.14415849280908
"6721",16,"UKENTH_TWU_TP000139",6.077295796,5.29376058605777,4.36317314461283,6.21996057221623
"6722",17,"UKENTH_TWU_TP000139",NA,5.11849812066581,4.16657226516797,6.07247314504934
"6723",18,"UKENTH_TWU_TP000139",5.620641829,4.90151798637624,3.97561739693896,5.83452256264344
"6724",19,"UKENTH_TWU_TP000139",NA,4.8937400700439,3.93859107809432,5.84833937752729
"6725",20,"UKENTH_TWU_TP000139",4.634203592,5.01145737063472,4.08375412268603,5.93833088504061
"6726",21,"UKENTH_TWU_TP000139",NA,4.91518201607635,3.96118595656363,5.8671136777955
"6727",22,"UKENTH_TWU_TP000139",5.327323889,4.88748840056418,3.96115514101632,5.81635828267345
"6728",23,"UKENTH_TWU_TP000139",NA,5.14412658411301,4.19495152557236,6.09301344940211
"6729",24,"UKENTH_TWU_TP000139",6.6538712,5.09237084957216,4.16290973996967,6.02084026217714
"6730",25,"UKENTH_TWU_TP000139",NA,5.05036099569426,4.09996736861584,6.00073289465979
"6731",26,"UKENTH_TWU_TP000139",5.754400341,4.90410128575071,3.97757651492787,5.83403050584032
"6732",27,"UKENTH_TWU_TP000139",NA,5.04397963241302,4.09006173698679,5.99841000336802
"6733",28,"UKENTH_TWU_TP000139",5.28235115,5.0166779356139,4.09027007547078,5.94524767884214
"6734",29,"UKENTH_TWU_TP000139",NA,5.03571861051939,4.08491244284407,5.98859985716234
"6735",30,"UKENTH_TWU_TP000139",5.607754065,4.868039371124,3.9413177929687,5.80151812748322
"6736",31,"UKENTH_TWU_TP000139",NA,4.75996257797252,3.77240202948604,5.74392198975747
"6737",32,"UKENTH_TWU_TP000139",5.53732801,4.91550687151856,3.9832743769296,5.84665048366806
"6738",33,"UKENTH_TWU_TP000139",NA,4.81941216012712,3.88346214976684,5.75646856918206
"6739",34,"UKENTH_TWU_TP000139",5.110472427,4.72160508455645,3.79355082837328,5.64916211337007
"6740",35,"UKENTH_TWU_TP000139",NA,4.67237054997383,3.71848635326125,5.6264229964935
"6741",36,"UKENTH_TWU_TP000139",5.352053142,4.73402424544865,3.80799724002936,5.66377969842645
"6742",37,"UKENTH_TWU_TP000139",NA,5.08123459105395,4.1262894593044,6.03549578732675
"6743",38,"UKENTH_TWU_TP000139",4.629453578,5.0734416204017,4.1463241967564,6.00404530699882
"6744",39,"UKENTH_TWU_TP000139",NA,5.34746083685292,4.39589492424823,6.2995750334802
"6745",40,"UKENTH_TWU_TP000139",5.253582891,5.21083972042865,4.28313996635037,6.13879383099462
"6746",41,"UKENTH_TWU_TP000139",NA,5.31479790605743,4.36172399802985,6.26781079548783
"6747",42,"UKENTH_TWU_TP000139",5.365269308,5.29005210830952,4.36368909321855,6.21945090155296
"6748",43,"UKENTH_TWU_TP000139",NA,5.4405417840233,4.49563260972836,6.38399945634738
"6749",44,"UKENTH_TWU_TP000139",5.50443488,5.21440766657544,4.28524408333893,6.14545430482199
"6750",45,"UKENTH_TWU_TP000139",NA,5.30233601577112,4.34000853378198,6.26313325003671
"6796",1,"UKENTH_TWU_TP000159",NA,4.04768791468153,3.09473079333904,5.00165202124265
"6797",2,"UKENTH_TWU_TP000159",2.996654663,4.03557051569391,3.10790794630665,4.96749880518073
"6798",3,"UKENTH_TWU_TP000159",NA,4.2975846378425,3.35812904909384,5.23779630634037
"6799",4,"UKENTH_TWU_TP000159",3.691115546,4.34731488048679,3.41580425137168,5.27427996202712
"6800",5,"UKENTH_TWU_TP000159",NA,4.40374740690172,3.45440197403479,5.35485697458907
"6801",6,"UKENTH_TWU_TP000159",4.224396559,4.62606346400174,3.69645864844807,5.55157633982336
"6802",7,"UKENTH_TWU_TP000159",NA,4.66612468923727,3.71308185951265,5.61952324348252
"6803",8,"UKENTH_TWU_TP000159",4.262417848,4.58675926741421,3.65854411623268,5.51340438410179
"6804",9,"UKENTH_TWU_TP000159",NA,4.84905348377096,3.90054264987593,5.79792238499451
"6805",10,"UKENTH_TWU_TP000159",5.39272607,5.05798104735047,4.12610247158284,5.98450853967817
"6806",11,"UKENTH_TWU_TP000159",NA,5.0522949212418,4.09759072175478,6.00783096786905
"6807",12,"UKENTH_TWU_TP000159",4.428726334,5.00410122462675,4.07666008613875,5.93151063037464
"6808",13,"UKENTH_TWU_TP000159",NA,4.92065772410693,3.9628821223951,5.88008854989028
"6809",14,"UKENTH_TWU_TP000159",5.732579766,5.08416750576162,4.15522702762186,6.0117645404123
"6810",15,"UKENTH_TWU_TP000159",NA,5.03857891586,4.0794072766486,6.00050660445864
"6811",16,"UKENTH_TWU_TP000159",4.29166581,5.10334031764699,4.17581320061029,6.02600021350695
"6812",17,"UKENTH_TWU_TP000159",NA,4.96855470307023,4.01284480171944,5.92656184297864
"6813",18,"UKENTH_TWU_TP000159",5.050697857,4.74903978734971,3.82671193336752,5.6793436952265
"6814",19,"UKENTH_TWU_TP000159",NA,4.74748073507841,3.78768560550388,5.70696433656106
"6815",20,"UKENTH_TWU_TP000159",5.034025639,4.80868171922312,3.88661553951911,5.73505145140519
"6816",21,"UKENTH_TWU_TP000159",NA,4.81608873898221,3.86674188545174,5.76514376133516
"6817",22,"UKENTH_TWU_TP000159",5.243437949,4.6625057887701,3.73634427798958,5.59598507614444
"6818",23,"UKENTH_TWU_TP000159",NA,4.98934430654891,4.04504049851396,5.93325875897378
"6819",24,"UKENTH_TWU_TP000159",4.584029342,4.99741427238809,4.0681917905044,5.92630688983036
"6820",25,"UKENTH_TWU_TP000159",NA,4.93553830195986,3.98306774630255,5.88829202067971
"6821",26,"UKENTH_TWU_TP000159",4.599447444,4.78116593435652,3.85834447139061,5.70407314573917
"6822",27,"UKENTH_TWU_TP000159",NA,4.9112834374865,3.96186026305144,5.86151092742459
"6823",28,"UKENTH_TWU_TP000159",5.108408339,4.93678105235768,4.0103747670608,5.86384198372614
"6824",29,"UKENTH_TWU_TP000159",NA,4.89805889833135,3.94348976227884,5.85362293905376
"6825",30,"UKENTH_TWU_TP000159",4.498472843,4.77725545375932,3.85562606593089,5.70639538405406
"6826",31,"UKENTH_TWU_TP000159",NA,4.55058868779791,3.55153062728719,5.54613136044988
"6827",32,"UKENTH_TWU_TP000159",3.39075652,4.72565019632925,3.79756064147858,5.65498445152476
"6828",33,"UKENTH_TWU_TP000159",NA,4.76413712698901,3.83343018759803,5.69576125240021
"6829",34,"UKENTH_TWU_TP000159",4.7003734,4.56434014778958,3.63828062518474,5.49282278365543
"6830",35,"UKENTH_TWU_TP000159",NA,4.52979209533691,3.58025519551511,5.47945923208262
"6831",36,"UKENTH_TWU_TP000159",4.771741273,4.65997110779072,3.73236797697067,5.58611184257563
"6832",37,"UKENTH_TWU_TP000159",NA,4.92837871794607,3.96983509135895,5.88670618417241
"6833",38,"UKENTH_TWU_TP000159",4.849150581,5.00885926380646,4.08527925151811,5.93201413911253
"6834",39,"UKENTH_TWU_TP000159",NA,5.22838079389303,4.28055525318863,6.17590988337144
"6835",40,"UKENTH_TWU_TP000159",5.061502396,5.07478705334117,4.1478534097016,6.00205273063369
"6836",41,"UKENTH_TWU_TP000159",NA,5.20618139147979,4.24958629035128,6.1631407530023
"6837",42,"UKENTH_TWU_TP000159",5.074976807,5.23864567492124,4.31503280129265,6.16120820590055
"6838",43,"UKENTH_TWU_TP000159",NA,5.33871697622117,4.39663613462139,6.27829826487704
"6839",44,"UKENTH_TWU_TP000159",5.271638435,5.05233340670677,4.12442668124278,5.98424195770539
"6840",45,"UKENTH_TWU_TP000159",NA,5.18690387958357,4.22810845984691,6.14223863535632
"2656",1,"UKENNE_YW_TP000054",NA,4.26764273927838,3.29287337089584,5.24494340436374
"2657",2,"UKENNE_YW_TP000054",NA,4.26915520169059,3.33011828323028,5.20579192805018
"2658",3,"UKENNE_YW_TP000054",NA,4.5247586525592,3.55997888445915,5.489550525198
"2659",4,"UKENNE_YW_TP000054",NA,4.50510266371236,3.57002166522836,5.44245102489873
"2660",5,"UKENNE_YW_TP000054",NA,4.74546375974688,3.77436340199465,5.71522876576157
"2661",6,"UKENNE_YW_TP000054",NA,4.82906944754411,3.89527522175026,5.77332667840186
"2662",7,"UKENNE_YW_TP000054",NA,4.7617143279693,3.7874000832162,5.73645300541665
"2663",8,"UKENNE_YW_TP000054",NA,4.75988981150115,3.82313053879398,5.69492005644771
"2664",9,"UKENNE_YW_TP000054",NA,5.10869269740544,4.1376613092697,6.08053953834247
"2665",10,"UKENNE_YW_TP000054",NA,5.13023047023257,4.19592986955759,6.06680913060282
"2666",11,"UKENNE_YW_TP000054",NA,5.23703676732782,4.26717606551437,6.20672226183209
"2667",12,"UKENNE_YW_TP000054",NA,5.303010568445,4.36953457447932,6.24278363435779
"2668",13,"UKENNE_YW_TP000054",NA,5.1464765888366,4.17472976381647,6.12098442971125
"2669",14,"UKENNE_YW_TP000054",NA,5.26863646419133,4.33348830935982,6.20370839422274
"2670",15,"UKENNE_YW_TP000054",NA,5.25808071116654,4.28716536886477,6.2290558077324
"2671",16,"UKENNE_YW_TP000054",NA,5.25716279415408,4.3211045699148,6.19236151515152
"2672",17,"UKENNE_YW_TP000054",NA,5.19095585493187,4.22630665870522,6.15677077148005
"2673",18,"UKENNE_YW_TP000054",NA,4.7102999630541,3.76615565554508,5.65139359443403
"2674",19,"UKENNE_YW_TP000054",NA,4.93658442551045,3.97126625390173,5.9052623306649
"2675",20,"UKENNE_YW_TP000054",NA,5.09830073769874,4.16216386850724,6.03697687843827
"2676",21,"UKENNE_YW_TP000054",NA,4.92800408236021,3.95831906473946,5.9021675184793
"2677",22,"UKENNE_YW_TP000054",NA,5.04521746147695,4.10806345009742,5.97958670029786
"2678",23,"UKENNE_YW_TP000054",NA,5.19433279920935,4.23261373265065,6.15769519677571
"2679",24,"UKENNE_YW_TP000054",NA,5.13550925896069,4.19921721008402,6.07315658482557
"2680",25,"UKENNE_YW_TP000054",NA,5.02838505855975,4.05894345912326,5.99752928498014
"2681",26,"UKENNE_YW_TP000054",NA,5.05514793749263,4.12035132248759,5.99755881813803
"2682",27,"UKENNE_YW_TP000054",NA,5.14181440202436,4.1706690185467,6.11281137772765
"2683",28,"UKENNE_YW_TP000054",NA,5.13174719019159,4.19749248077399,6.06784845501875
"2684",29,"UKENNE_YW_TP000054",NA,5.05183814198057,4.08830840867349,6.01666705149801
"2685",30,"UKENNE_YW_TP000054",NA,5.225069905982,4.28439847400747,6.16378449865409
"2686",31,"UKENNE_YW_TP000054",NA,4.93686304009264,3.93898963569827,5.9346948996191
"2687",32,"UKENNE_YW_TP000054",NA,5.14112833399015,4.20205379807896,6.07493592215534
"2688",33,"UKENNE_YW_TP000054",NA,4.82194422898876,3.87455342014513,5.76963274861709
"2689",34,"UKENNE_YW_TP000054",4.056894132,4.68872212806709,3.74318835323588,5.63338590481835
"2690",35,"UKENNE_YW_TP000054",NA,4.77619746350766,3.80134453204193,5.74870147611147
"2691",36,"UKENNE_YW_TP000054",3.185133108,4.76325375942266,3.82425930329423,5.6963810041322
"2692",37,"UKENNE_YW_TP000054",NA,5.10458521208617,4.13340347163734,6.07638803919887
"2693",38,"UKENNE_YW_TP000054",5.836379289,5.16113926886519,4.2254477583202,6.09600693274256
"2694",39,"UKENNE_YW_TP000054",NA,5.38845960969946,4.41888664878614,6.35904566513121
"2695",40,"UKENNE_YW_TP000054",6.158582395,5.26439189688123,4.32816462458388,6.20138177904943
"2696",41,"UKENNE_YW_TP000054",NA,5.3801249741522,4.41576430363979,6.34663964609625
"2697",42,"UKENNE_YW_TP000054",4.858032634,5.40641286333855,4.47025585309746,6.34415837555606
"2698",43,"UKENNE_YW_TP000054",NA,5.51030332762801,4.54643360431642,6.47189220056385
"2699",44,"UKENNE_YW_TP000054",4.479727447,5.24570806032766,4.30466156999075,6.18088312935074
"2700",45,"UKENNE_YW_TP000054",NA,5.3073399332763,4.31975160152483,6.29297223531687
"2701",1,"UKENNE_YW_TP000057",NA,4.16886447287114,3.22014755510958,5.12030006918186
"2702",2,"UKENNE_YW_TP000057",3.340205111,4.17208129087355,3.26084317257448,5.08101861832334
"2703",3,"UKENNE_YW_TP000057",3.712219899,4.41719986298902,3.48009746426248,5.35496077110721
"2704",4,"UKENNE_YW_TP000057",NA,4.40517376627786,3.49739493266814,5.31397990189018
"2705",5,"UKENNE_YW_TP000057",NA,4.6435535572754,3.70037035091998,5.58659194945363
"2706",6,"UKENNE_YW_TP000057",4.012211352,4.73058684220876,3.82449712668853,5.64587041452083
"2707",7,"UKENNE_YW_TP000057",NA,4.65832479892441,3.71221388091117,5.60543614741364
"2708",8,"UKENNE_YW_TP000057",4.523617498,4.6103578191022,3.70029862913809,5.51682659778602
"2709",9,"UKENNE_YW_TP000057",NA,5.00656479124092,4.06260179595867,5.95183644780072
"2710",10,"UKENNE_YW_TP000057",4.557626451,5.01013730317251,4.10318416526516,5.91824403998452
"2711",11,"UKENNE_YW_TP000057",NA,5.13701446579561,4.19431610317425,6.07990818956819
"2712",12,"UKENNE_YW_TP000057",4.712316747,5.21182536740959,4.30612460900946,6.12621708185309
"2713",13,"UKENNE_YW_TP000057",NA,5.03980057616291,4.09442491401902,5.9878367738532
"2714",14,"UKENNE_YW_TP000057",4.223190057,5.14401388217679,4.23653690796057,6.05134366362856
"2715",15,"UKENNE_YW_TP000057",NA,5.15655205818077,4.21271501803865,6.10122692668249
"2716",16,"UKENNE_YW_TP000057",3.763943182,5.12245990691027,4.21482702725385,6.03035244700472
"2717",17,"UKENNE_YW_TP000057",NA,5.07628207228638,4.13906406385995,6.01549080161049
"2718",18,"UKENNE_YW_TP000057",3.798885089,4.63824488316207,3.72414643208363,5.55189116266834
"2719",19,"UKENNE_YW_TP000057",NA,4.82406405574872,3.88521638478045,5.76632704003529
"2720",20,"UKENNE_YW_TP000057",3.584599468,4.99551834269759,4.08826788984931,5.90731847976413
"2721",21,"UKENNE_YW_TP000057",NA,4.80771791511914,3.86420774951461,5.75572273483022
"2722",22,"UKENNE_YW_TP000057",4.501631611,4.91379178728471,4.00572104647764,5.8202072129045
"2723",23,"UKENNE_YW_TP000057",NA,5.09378006294484,4.15895620510646,6.03027657654155
"2724",24,"UKENNE_YW_TP000057",4.824145691,5.02019937690745,4.11166958487859,5.92930636849626
"2725",25,"UKENNE_YW_TP000057",NA,4.92286740489073,3.98087343804063,5.86490883407518
"2726",26,"UKENNE_YW_TP000057",4.872454266,4.9270161501178,4.02023158253339,5.83929728647636
"2727",27,"UKENNE_YW_TP000057",NA,5.03095424071193,4.08711927324886,5.97521793654145
"2728",28,"UKENNE_YW_TP000057",4.71316851,5.00396316530499,4.09708946475303,5.91176858290955
"2729",29,"UKENNE_YW_TP000057",NA,4.95766809728708,4.02134828240535,5.8954664666711
"2730",30,"UKENNE_YW_TP000057",5.009220097,5.13332097324224,4.2225861111778,6.04486903088814
"2731",31,"UKENNE_YW_TP000057",NA,4.83057429167201,3.86007625702119,5.80151180110366
"2732",32,"UKENNE_YW_TP000057",4.944613054,5.0525680716367,4.14054484875145,5.95893784925946
"2733",33,"UKENNE_YW_TP000057",NA,4.72418576695418,3.80721524027833,5.64012188860645
"2734",34,"UKENNE_YW_TP000057",5.164125101,4.61041853083253,3.69055252158722,5.53070505601447
"2735",35,"UKENNE_YW_TP000057",NA,4.66934128257619,3.72137570857509,5.61571686532347
"2736",36,"UKENNE_YW_TP000057",5.30568897,4.72877857472847,3.82152318266871,5.63522631225113
"2737",37,"UKENNE_YW_TP000057",NA,5.00480573260631,4.05996175792154,5.95030724043216
"2738",38,"UKENNE_YW_TP000057",5.355037353,5.06292901277324,4.15549437826292,5.96966731206473
"2739",39,"UKENNE_YW_TP000057",NA,5.27721499802719,4.33395842348674,6.22245134255526
"2740",40,"UKENNE_YW_TP000057",NA,5.15427151904942,4.24528671888658,6.06231268468694
"2741",41,"UKENNE_YW_TP000057",NA,5.26091163119166,4.32347334116977,6.20011428402706
"2742",42,"UKENNE_YW_TP000057",4.440240979,5.30740845996692,4.39926285221416,6.21629903026821
"2743",43,"UKENNE_YW_TP000057",NA,5.39609144422167,4.46006021785275,6.33042119433336
"2744",44,"UKENNE_YW_TP000057",NA,5.14898437164746,4.23745237038868,6.05661773759792
"2745",45,"UKENNE_YW_TP000057",NA,5.20848394907962,4.24837978513685,6.16687914742017
"2746",1,"UKENNE_YW_TP000063",NA,4.1449544679968,3.20960908285866,5.07442565000005
"2747",2,"UKENNE_YW_TP000063",3.427502064,4.28506383940078,3.35443505649982,5.21424098232811
"2748",3,"UKENNE_YW_TP000063",NA,4.51811199860122,3.56995766092503,5.4672592358286
"2749",4,"UKENNE_YW_TP000063",4.003934354,4.45681022578573,3.54510010702434,5.3621959633172
"2750",5,"UKENNE_YW_TP000063",NA,4.71753493773147,3.76165524109715,5.67217506593726
"2751",6,"UKENNE_YW_TP000063",4.685677962,4.64330297394989,3.73074118113088,5.549439059425
"2752",7,"UKENNE_YW_TP000063",NA,4.75810593386119,3.79910182830024,5.71791078327545
"2753",8,"UKENNE_YW_TP000063",5.046887731,4.92319375358131,4.01803502185969,5.83939860309717
"2754",9,"UKENNE_YW_TP000063",3.453726754,5.08420467542945,4.12868291881221,6.04027496040942
"2755",10,"UKENNE_YW_TP000063",5.152719417,5.16728755475897,4.26261900769628,6.07734667391983
"2756",11,"UKENNE_YW_TP000063",NA,5.22983909574227,4.27522896767376,6.18445916083005
"2757",12,"UKENNE_YW_TP000063",5.536538948,5.16210949066841,4.25486514591027,6.06778991895611
"2758",13,"UKENNE_YW_TP000063",NA,5.18643174778497,4.22976076593008,6.14590255202623
"2759",14,"UKENNE_YW_TP000063",3.875241512,5.23490875939732,4.32811995938112,6.14057078111301
"2760",15,"UKENNE_YW_TP000063",NA,5.21909509208047,4.26344724267923,6.1747665720714
"2761",16,"UKENNE_YW_TP000063",4.560756905,5.35962710514477,4.4549110615843,6.27230983140947
"2762",17,"UKENNE_YW_TP000063",NA,5.17264620601271,4.24771999887362,6.09955975949235
"2763",18,"UKENNE_YW_TP000063",4.839230554,4.84756037095456,3.9184983558618,5.78311703282206
"2764",19,"UKENNE_YW_TP000063",NA,4.91523791623743,3.98872044881749,5.84420077194913
"2765",20,"UKENNE_YW_TP000063",4.918627585,5.06908310911909,4.14011610432886,5.99524081390538
"2766",21,"UKENNE_YW_TP000063",NA,4.9063180418448,3.97980860405579,5.83586664211088
"2767",22,"UKENNE_YW_TP000063",4.119672986,5.05078000518919,4.12099507342317,5.97667402862692
"2768",23,"UKENNE_YW_TP000063",NA,5.23335422125865,4.31101553171287,6.15937633388996
"2769",24,"UKENNE_YW_TP000063",4.898673344,5.14556019724888,4.21871751496305,6.0726211128073
"2770",25,"UKENNE_YW_TP000063",NA,5.17211804917591,4.24487491415151,6.10443442074571
"2771",26,"UKENNE_YW_TP000063",3.868591844,4.98578394616761,4.06038243148142,5.9172579868585
"2772",27,"UKENNE_YW_TP000063",NA,5.21606537229212,4.29043398586659,6.1463170618288
"2773",28,"UKENNE_YW_TP000063",4.003859121,5.16985837250404,4.24327632846408,6.09713884638249
"2774",29,"UKENNE_YW_TP000063",NA,5.06609905866996,4.14133098582573,5.99080719380098
"2775",30,"UKENNE_YW_TP000063",4.711192546,5.10635268198585,4.17512645825878,6.03277423617215
"2776",31,"UKENNE_YW_TP000063",NA,4.95216236278382,3.97383108754938,5.9306800163023
"2777",32,"UKENNE_YW_TP000063",NA,5.19064951216571,4.28395065408337,6.09857188146608
"2778",33,"UKENNE_YW_TP000063",5.735082259,4.59628229730268,3.66654192458069,5.5146085799543
"2779",34,"UKENNE_YW_TP000063",4.660709285,4.72909924070928,3.80011880477438,5.65659690815999
"2780",35,"UKENNE_YW_TP000063",NA,4.86018755906223,3.93160221067035,5.79189604695895
"2781",36,"UKENNE_YW_TP000063",4.710595308,4.73597528905568,3.80371225950188,5.66081503991526
"2782",37,"UKENNE_YW_TP000063",NA,4.98200843246151,4.04860501291117,5.90889521243663
"2783",38,"UKENNE_YW_TP000063",4.802738652,5.13508275726056,4.2072145756902,6.06171887809359
"2784",39,"UKENNE_YW_TP000063",NA,5.39750211204577,4.47172717045609,6.32481713221705
"2785",40,"UKENNE_YW_TP000063",6.198528415,5.31929684581388,4.39195745308672,6.24629070811344
"2786",41,"UKENNE_YW_TP000063",NA,5.35102876062289,4.42575387215839,6.27727939176652
"2787",42,"UKENNE_YW_TP000063",6.118856532,5.4029010976744,4.47537419480419,6.32937841582663
"2788",43,"UKENNE_YW_TP000063",NA,5.57618578987295,4.65423903602533,6.50178485195974
"2789",44,"UKENNE_YW_TP000063",6.067039023,5.30015338482325,4.36879078194467,6.22555589498606
"2790",45,"UKENNE_YW_TP000063",NA,5.29975153499804,4.33233891853553,6.26553376531688
"2836",1,"UKENNE_YW_TP000086",NA,4.16661065268278,3.20374089044198,5.13012984252233
"2837",2,"UKENNE_YW_TP000086",NA,4.22164120829074,3.28223111486559,5.15942129305809
"2838",3,"UKENNE_YW_TP000086",NA,4.40957147039276,3.44996398098434,5.37065600118536
"2839",4,"UKENNE_YW_TP000086",NA,4.42709073229944,3.49004408113105,5.3585765472584
"2840",5,"UKENNE_YW_TP000086",NA,4.63368860945195,3.66554217984956,5.60059352423299
"2841",6,"UKENNE_YW_TP000086",NA,4.6915152462578,3.75910082095561,5.62587286481052
"2842",7,"UKENNE_YW_TP000086",NA,4.67211616060673,3.70051222061323,5.64402729145175
"2843",8,"UKENNE_YW_TP000086",NA,4.70673546508215,3.77509396419558,5.64080284631602
"2844",9,"UKENNE_YW_TP000086",NA,4.96899833366952,4.00119789386517,5.93840152975029
"2845",10,"UKENNE_YW_TP000086",NA,4.98087638713762,4.04952038290498,5.91609289538548
"2846",11,"UKENNE_YW_TP000086",NA,5.13434381151186,4.16710035872459,6.10158409081771
"2847",12,"UKENNE_YW_TP000086",NA,5.0190339061343,4.08705194640298,5.95351225965659
"2848",13,"UKENNE_YW_TP000086",NA,5.09320933138809,4.12254200479441,6.06615557400663
"2849",14,"UKENNE_YW_TP000086",NA,5.05094720999226,4.11702065572257,5.98235289255565
"2850",15,"UKENNE_YW_TP000086",NA,5.11424807231565,4.14648867239784,6.08225997208364
"2851",16,"UKENNE_YW_TP000086",NA,5.1102778201712,4.17930498321963,6.04703366001166
"2852",17,"UKENNE_YW_TP000086",NA,5.05173543417774,4.09524023484328,6.0101236533609
"2853",18,"UKENNE_YW_TP000086",NA,4.82378405918618,3.88675844886072,5.77079164008821
"2854",19,"UKENNE_YW_TP000086",NA,4.79306284357329,3.83379567144491,5.75605151583657
"2855",20,"UKENNE_YW_TP000086",NA,4.95732370835266,4.01778025792699,5.8937308055275
"2856",21,"UKENNE_YW_TP000086",NA,4.75952219414491,3.80036889703595,5.7233516300081
"2857",22,"UKENNE_YW_TP000086",NA,4.8289892377742,3.88751787722445,5.76367730136046
"2858",23,"UKENNE_YW_TP000086",NA,5.12239552418253,4.16732497633657,6.0789775757577
"2859",24,"UKENNE_YW_TP000086",NA,5.08030266986465,4.14355734155789,6.01821690960563
"2860",25,"UKENNE_YW_TP000086",NA,5.02660442941312,4.06339340091049,5.98992609060156
"2861",26,"UKENNE_YW_TP000086",NA,4.89039943338126,3.95581666388919,5.83417765547017
"2862",27,"UKENNE_YW_TP000086",NA,5.05350297247782,4.09612726720602,6.01272266244212
"2863",28,"UKENNE_YW_TP000086",NA,5.06488109485372,4.12801867430641,6.00247263835617
"2864",29,"UKENNE_YW_TP000086",NA,4.99927308830852,4.0437375818752,5.95654289431478
"2865",30,"UKENNE_YW_TP000086",NA,4.92869432087616,3.98835684575656,5.86439760570557
"2866",31,"UKENNE_YW_TP000086",NA,4.86202300052186,3.87150001932453,5.85294812155717
"2867",32,"UKENNE_YW_TP000086",NA,5.12309410951577,4.18110239257838,6.05777543820375
"2868",33,"UKENNE_YW_TP000086",NA,4.67520022060148,3.72936198094234,5.62082082440088
"2869",34,"UKENNE_YW_TP000086",5.552148342,4.73920453893542,3.80119346824989,5.67818015981575
"2870",35,"UKENNE_YW_TP000086",NA,4.7135503486914,3.74921684952964,5.67610063258019
"2871",36,"UKENNE_YW_TP000086",5.370465877,4.82939755711596,3.88705127864448,5.76477186946104
"2872",37,"UKENNE_YW_TP000086",NA,4.98351233002702,4.02188219489538,5.94313317089777
"2873",38,"UKENNE_YW_TP000086",6.083062014,5.09495015869079,4.15501916858298,6.03219533797595
"2874",39,"UKENNE_YW_TP000086",NA,5.3089918093403,4.35115752429236,6.26759541863412
"2875",40,"UKENNE_YW_TP000086",6.194675843,5.30535873733266,4.36768219568609,6.24226947054526
"2876",41,"UKENNE_YW_TP000086",NA,5.2182227045583,4.25956377575612,6.17747419165408
"2877",42,"UKENNE_YW_TP000086",5.82755588,5.32233549470353,4.38224764788526,6.25782732057725
"2878",43,"UKENNE_YW_TP000086",NA,5.42628602350596,4.47184423526379,6.37996375489609
"2879",44,"UKENNE_YW_TP000086",4.294273814,5.23603760352754,4.29442116423699,6.17163117095207
"2880",45,"UKENNE_YW_TP000086",NA,5.21868260463642,4.23837189599421,6.19671468985873
"2881",1,"UKENNE_YW_TP000094",NA,4.16693680910793,3.21482773558096,5.11743571955843
"2882",2,"UKENNE_YW_TP000094",3.31819103,4.25951055309261,3.32246838719021,5.19432595371407
"2883",3,"UKENNE_YW_TP000094",NA,4.45568995683732,3.50015283875737,5.41150049156249
"2884",4,"UKENNE_YW_TP000094",3.996702707,4.44753512466291,3.5164765214502,5.37242838846939
"2885",5,"UKENNE_YW_TP000094",NA,4.67496391360759,3.71138263706367,5.63663788004977
"2886",6,"UKENNE_YW_TP000094",4.24607952,4.6836438687246,3.75499695823624,5.61019624539496
"2887",7,"UKENNE_YW_TP000094",NA,4.71882599792392,3.75242668367933,5.68506217478184
"2888",8,"UKENNE_YW_TP000094",5.315390207,4.78956916934774,3.86420000572386,5.71923897948156
"2889",9,"UKENNE_YW_TP000094",NA,5.02559968432825,4.06311068891753,5.98859038448511
"2890",10,"UKENNE_YW_TP000094",5.473442863,5.06122888050445,4.13619367164094,5.9905192006498
"2891",11,"UKENNE_YW_TP000094",NA,5.17855519450894,4.21693595806013,6.13965094427816
"2892",12,"UKENNE_YW_TP000094",5.255923252,5.08175405015739,4.15563275353141,6.00865072889405
"2893",13,"UKENNE_YW_TP000094",NA,5.13357392878023,4.16913507804981,6.09983012120657
"2894",14,"UKENNE_YW_TP000094",5.16124394,5.12975015192056,4.20265140778115,6.05482754106725
"2895",15,"UKENNE_YW_TP000094",NA,5.16222532578008,4.20051554271226,6.12365314505077
"2896",16,"UKENNE_YW_TP000094",5.451275711,5.19363436645044,4.26827523723299,6.12456363335675
"2897",17,"UKENNE_YW_TP000094",NA,5.0951581566872,4.14870931972816,6.04277202209558
"2898",18,"UKENNE_YW_TP000094",4.739561057,4.86112939061185,3.92478391958133,5.80616384121359
"2899",19,"UKENNE_YW_TP000094",NA,4.85578533291961,3.90707777289371,5.8069494092456
"2900",20,"UKENNE_YW_TP000094",4.77627306,5.01183992379588,4.07437619132896,5.94604188236681
"2901",21,"UKENNE_YW_TP000094",NA,4.82719656798669,3.87894219152459,5.77882685408718
"2902",22,"UKENNE_YW_TP000094",4.770647202,4.91816316634552,3.97987706344245,5.85095137079246
"2903",23,"UKENNE_YW_TP000094",NA,5.17265274550626,4.22886541138505,6.11808711050893
"2904",24,"UKENNE_YW_TP000094",4.11584659,5.10723589490319,4.17223579945891,6.04185809384708
"2905",25,"UKENNE_YW_TP000094",NA,5.08240145901916,4.13122210874933,6.03456915467312
"2906",26,"UKENNE_YW_TP000094",4.787633313,4.93376423712312,4.00064899541163,5.87363807177629
"2907",27,"UKENNE_YW_TP000094",NA,5.11702544210818,4.17080853288944,6.06526325626194
"2908",28,"UKENNE_YW_TP000094",5.154325156,5.09799241705256,4.16315709364377,6.03226132709201
"2909",29,"UKENNE_YW_TP000094",NA,5.03521153512554,4.09015296235107,5.98083475071589
"2910",30,"UKENNE_YW_TP000094",5.698117009,5.00853401420798,4.06968425265292,5.94246337693991
"2911",31,"UKENNE_YW_TP000094",NA,4.90244243150191,3.91710810803102,5.88770069962345
"2912",32,"UKENNE_YW_TP000094",6.045629604,5.16030270022919,4.22794601857628,6.08779364802021
"2913",33,"UKENNE_YW_TP000094",NA,4.65642640783699,3.71720626744858,5.59117698277649
"2914",34,"UKENNE_YW_TP000094",5.403643122,4.74781032309156,3.81099690454602,5.68332435890795
"2915",35,"UKENNE_YW_TP000094",NA,4.77398505362096,3.82124319672288,5.72577141198967
"2916",36,"UKENNE_YW_TP000094",6.069204952,4.81507427458214,3.87477384473996,5.74806946402559
"2917",37,"UKENNE_YW_TP000094",NA,4.99750032480831,4.04550351280907,5.94543373296957
"2918",38,"UKENNE_YW_TP000094",4.8857509,5.12594599807893,4.18854230909916,6.05998109094829
"2919",39,"UKENNE_YW_TP000094",NA,5.34915928850442,4.40126226878149,6.29722753490145
"2920",40,"UKENNE_YW_TP000094",5.840899801,5.3097071621243,4.37352661207073,6.24336707362205
"2921",41,"UKENNE_YW_TP000094",NA,5.28022568430856,4.33263614943008,6.22791259120043
"2922",42,"UKENNE_YW_TP000094",5.081015411,5.36604775949779,4.42855335020491,6.29957939640915
"2923",43,"UKENNE_YW_TP000094",NA,5.48108165219979,4.53677379912522,6.42510309210324
"2924",44,"UKENNE_YW_TP000094",5.643323272,5.25652735284837,4.31644197894067,6.18968086828768
"2925",45,"UKENNE_YW_TP000094",NA,5.25239770550707,4.27769277318188,6.22454868077488
"3061",1,"UKENNE_YW_TP000102",NA,4.30905425647524,3.35168618560692,5.26641352850325
"3062",2,"UKENNE_YW_TP000102",5.14873374,4.36073062281149,3.42808148363103,5.2917011018363
"3063",3,"UKENNE_YW_TP000102",NA,4.60011001402551,3.64546291757522,5.55555931949512
"3064",4,"UKENNE_YW_TP000102",5.057519333,4.58271723313012,3.65719683057467,5.50828207216168
"3065",5,"UKENNE_YW_TP000102",NA,4.80866497037417,3.84705877094489,5.76916852166585
"3066",6,"UKENNE_YW_TP000102",5.661750126,4.84785480312514,3.92382593581432,5.77662571443896
"3067",7,"UKENNE_YW_TP000102",NA,4.84196648303191,3.8772268769374,5.80780955507513
"3068",8,"UKENNE_YW_TP000102",5.588575464,4.90870389256262,3.98558543623641,5.8364494344862
"3069",9,"UKENNE_YW_TP000102",NA,5.16939450733891,4.20770356496185,6.13216532893021
"3070",10,"UKENNE_YW_TP000102",5.564141072,5.22717164242649,4.30430634865547,6.15491344827844
"3071",11,"UKENNE_YW_TP000102",NA,5.31337783724093,4.3529618893596,6.27385516429705
"3072",12,"UKENNE_YW_TP000102",5.510399878,5.3055558591274,4.38174537309979,6.23162624475582
"3073",13,"UKENNE_YW_TP000102",NA,5.24876300009255,4.2860550622775,6.21431115941097
"3074",14,"UKENNE_YW_TP000102",6.16801252,5.33336046322559,4.40887314742512,6.25814649610856
"3075",15,"UKENNE_YW_TP000102",NA,5.31436358865922,4.35289914565355,6.27594113060863
"3076",16,"UKENNE_YW_TP000102",5.558141913,5.3672024490171,4.44330930393327,6.29393739202293
"3077",17,"UKENNE_YW_TP000102",NA,5.25074397323409,4.30228978880216,6.20106331043362
"3078",18,"UKENNE_YW_TP000102",5.151098954,4.84751548790587,3.91285656312392,5.78388387809308
"3079",19,"UKENNE_YW_TP000102",NA,5.00252255673308,4.05252446688052,5.95590428336508
"3080",20,"UKENNE_YW_TP000102",5.345978945,5.15996752253379,4.22907769610178,6.09059990122026
"3081",21,"UKENNE_YW_TP000102",NA,4.99348467130012,4.041932727988,5.94928008776018
"3082",22,"UKENNE_YW_TP000102",5.020304142,5.12492142337319,4.19338324247951,6.05417173039975
"3083",23,"UKENNE_YW_TP000102",NA,5.28951792367509,4.34320310113099,6.23833460223888
"3084",24,"UKENNE_YW_TP000102",4.948887417,5.22702116649433,4.29739378231138,6.1582319173315
"3085",25,"UKENNE_YW_TP000102",NA,5.16797320481392,4.21478225426295,6.12295501718614
"3086",26,"UKENNE_YW_TP000102",5.395723945,5.11447212972666,4.18585867789065,6.05134102695191
"3087",27,"UKENNE_YW_TP000102",NA,5.24457388502701,4.29268973377404,6.19812211484568
"3088",28,"UKENNE_YW_TP000102",4.989526097,5.23725788942581,4.30857542517857,6.16873837660573
"3089",29,"UKENNE_YW_TP000102",NA,5.14114281745622,4.19320352452381,6.09058911834846
"3090",30,"UKENNE_YW_TP000102",6.162195192,5.23889113817795,4.30481540308412,6.16980176186857
"3091",31,"UKENNE_YW_TP000102",NA,5.02350893323965,4.0378056871951,6.00950729986351
"3092",32,"UKENNE_YW_TP000102",5.670834596,5.25066588047919,4.32211142274358,6.17540087130626
"3093",33,"UKENNE_YW_TP000102",NA,4.8195030902678,3.87968062566,5.75734928527881
"3094",34,"UKENNE_YW_TP000102",4.321095751,4.78407314949001,3.85007398282726,5.71696036823991
"3095",35,"UKENNE_YW_TP000102",NA,4.88598773836988,3.93031837543252,5.84117222656292
"3096",36,"UKENNE_YW_TP000102",4.252279877,4.81787522140637,3.88204788499694,5.74555082708493
"3097",37,"UKENNE_YW_TP000102",NA,5.14419930886373,4.19026306811219,6.09691391353533
"3098",38,"UKENNE_YW_TP000102",6.080100666,5.23653087605158,4.30571059485537,6.16598910404439
"3099",39,"UKENNE_YW_TP000102",NA,5.47250381673762,4.52146900706123,6.42499285900286
"3100",40,"UKENNE_YW_TP000102",4.554142671,5.37214633937438,4.44151517194931,6.30313292473832
"3101",41,"UKENNE_YW_TP000102",NA,5.44920007529366,4.50038044808346,6.40004932805846
"3102",42,"UKENNE_YW_TP000102",5.446575163,5.4915877313488,4.56168160177807,6.42226940251115
"3103",43,"UKENNE_YW_TP000102",NA,5.60879768350155,4.66210465535118,6.55552339360383
"3104",44,"UKENNE_YW_TP000102",5.65302477,5.33805195573539,4.40315475615754,6.26701389428465
"3105",45,"UKENNE_YW_TP000102",NA,5.37833254666383,4.40329056395405,6.35196547398226
"3106",1,"UKENNE_YW_TP000107",3.151602837,4.02616039479912,3.08351169836311,4.96501589216272
"3107",2,"UKENNE_YW_TP000107",NA,4.13734215498697,3.20445631610737,5.06794340035917
"3108",3,"UKENNE_YW_TP000107",2.864522012,4.35615271980519,3.40612818104784,5.30644960403208
"3109",4,"UKENNE_YW_TP000107",NA,4.31932393560398,3.39746147566968,5.2346532488495
"3110",5,"UKENNE_YW_TP000107",4.196275745,4.56424556703544,3.60617071453251,5.52042507566895
"3111",6,"UKENNE_YW_TP000107",NA,4.53385319352694,3.61308223689491,5.45017445589454
"3112",7,"UKENNE_YW_TP000107",3.628697472,4.60457416598655,3.64304312001067,5.56597552513227
"3113",8,"UKENNE_YW_TP000107",NA,4.72231800184066,3.80683737667773,5.64479966042568
"3114",9,"UKENNE_YW_TP000107",4.646883621,4.92216079122622,3.96486153423298,5.87964204807117
"3115",10,"UKENNE_YW_TP000107",NA,4.98263992890376,4.06738192388283,5.90258775620229
"3116",11,"UKENNE_YW_TP000107",5.093136961,5.07087625151628,4.11471509579766,6.02649721235095
"3117",12,"UKENNE_YW_TP000107",NA,4.99648430690951,4.07966867928728,5.91288635789899
"3118",13,"UKENNE_YW_TP000107",4.219373272,5.02881769096194,4.07036007610738,5.98931397492144
"3119",14,"UKENNE_YW_TP000107",NA,5.05131378529337,4.13408974203502,5.96682399916587
"3120",15,"UKENNE_YW_TP000107",3.469890863,5.05724197260739,4.10066647248219,6.01341062076958
"3121",16,"UKENNE_YW_TP000107",NA,5.1478653180202,4.23269722000104,6.06937799627491
"3122",17,"UKENNE_YW_TP000107",5.079220277,5.00383909987371,4.0687543043678,5.94023337606966
"3123",18,"UKENNE_YW_TP000107",NA,4.72853923945498,3.79624487832521,5.66849838001565
"3124",19,"UKENNE_YW_TP000107",4.11522379,4.75254718454161,3.81550890713455,5.6917038842618
"3125",20,"UKENNE_YW_TP000107",NA,4.90908621832667,3.97637668245567,5.83854606984953
"3126",21,"UKENNE_YW_TP000107",4.993432229,4.73160391830014,3.7947373312743,5.67137946528708
"3127",22,"UKENNE_YW_TP000107",NA,4.84956752402851,3.91626683362533,5.77807147219402
"3128",23,"UKENNE_YW_TP000107",3.962467253,5.06957825445537,4.13744853751967,6.00401885304556
"3129",24,"UKENNE_YW_TP000107",NA,4.99219327697921,4.06180484364245,5.92201837243132
"3130",25,"UKENNE_YW_TP000107",4.212071917,4.99819041718501,4.05984408461574,5.93918341907492
"3131",26,"UKENNE_YW_TP000107",NA,4.83192483594719,3.90317629469816,5.76671889830748
"3132",27,"UKENNE_YW_TP000107",3.293783519,5.03314461824072,4.09771845999353,5.97149194692903
"3133",28,"UKENNE_YW_TP000107",NA,5.00184388980326,4.07184776763549,5.9315114285523
"3134",29,"UKENNE_YW_TP000107",3.104608162,4.92025775552926,3.98590277582377,5.85468501595032
"3135",30,"UKENNE_YW_TP000107",NA,4.92717666408049,3.9924670929125,5.85677492688298
"3136",31,"UKENNE_YW_TP000107",NA,4.79498725466447,3.8147000558379,5.77516900940269
"3137",32,"UKENNE_YW_TP000107",5.006478428,5.03673198916935,4.11700155848313,5.95377185929493
"3138",33,"UKENNE_YW_TP000107",3.654196641,4.49599424910638,3.56348330547404,5.42060034198912
"3139",34,"UKENNE_YW_TP000107",NA,4.60583259483817,3.67333720056307,5.53643859126703
"3140",35,"UKENNE_YW_TP000107",4.710047959,4.68393244130827,3.74367498369221,5.62473858016812
"3141",36,"UKENNE_YW_TP000107",NA,4.64873399029749,3.71343207292456,5.57667182451675
"3142",37,"UKENNE_YW_TP000107",3.108071611,4.85758868316951,3.9158904571598,5.79387096699796
"3143",38,"UKENNE_YW_TP000107",NA,4.99159869988625,4.05909376783229,5.92114937103524
"3144",39,"UKENNE_YW_TP000107",5.363305665,5.24243602482433,4.30590057179986,6.17946657189011
"3145",40,"UKENNE_YW_TP000107",NA,5.17331625432907,4.24228102562376,6.10232759143882
"3146",41,"UKENNE_YW_TP000107",5.727606947,5.17900487313921,4.2430794580706,6.11511610305734
"3147",42,"UKENNE_YW_TP000107",NA,5.25081791527876,4.31871259989086,6.17991570032759
"3148",43,"UKENNE_YW_TP000107",5.294263682,5.39706048537877,4.46444639200162,6.33084648678556
"3149",44,"UKENNE_YW_TP000107",NA,5.14186494400159,4.20663965999226,6.07034700728888
"3150",45,"UKENNE_YW_TP000107",NA,5.14514833122792,4.17576620580329,6.11223937084833
"3241",1,"UKENNE_YW_TP000141",NA,4.46052495455104,3.50630667098872,5.41771079106406
"3242",2,"UKENNE_YW_TP000141",4.888523228,4.45209236375423,3.54140496547462,5.36029907869064
"3243",3,"UKENNE_YW_TP000141",NA,4.70290110362287,3.76423574672039,5.64200846493154
"3244",4,"UKENNE_YW_TP000141",4.922790146,4.67612937428819,3.76829682545438,5.58481077232954
"3245",5,"UKENNE_YW_TP000141",NA,4.94050285213069,3.99657884516944,5.88513547265393
"3246",6,"UKENNE_YW_TP000141",4.994291379,5.02370720554061,4.11701680195019,5.94056583455363
"3247",7,"UKENNE_YW_TP000141",NA,4.93851149058124,3.99140539074954,5.88656088270807
"3248",8,"UKENNE_YW_TP000141",2.99990461,4.86091834881128,3.94791246745901,5.76738250774853
"3249",9,"UKENNE_YW_TP000141",NA,5.30370638919321,4.35914397718116,6.25025699346133
"3250",10,"UKENNE_YW_TP000141",5.145913222,5.28011544241963,4.3721494206122,6.18747770262044
"3251",11,"UKENNE_YW_TP000141",NA,5.42444320081342,4.48073762295861,6.36867183536001
"3252",12,"UKENNE_YW_TP000141",4.931312388,5.53951827198026,4.63283261772716,6.45743795814367
"3253",13,"UKENNE_YW_TP000141",NA,5.30890637514635,4.36240009985086,6.25747723841979
"3254",14,"UKENNE_YW_TP000141",6.085007043,5.4291132375708,4.52137028727546,6.33620300717209
"3255",15,"UKENNE_YW_TP000141",NA,5.45867208497083,4.51417810020129,6.40499200621998
"3256",16,"UKENNE_YW_TP000141",5.066793381,5.40030660169098,4.49208842234007,6.3076886308942
"3257",17,"UKENNE_YW_TP000141",NA,5.37606230509488,4.43652587268203,6.31814954279631
"3258",18,"UKENNE_YW_TP000141",5.453805406,4.90571991024861,3.99151133992029,5.81771015876303
"3259",19,"UKENNE_YW_TP000141",NA,5.11690963170119,4.17588464217837,6.06150865532244
"3260",20,"UKENNE_YW_TP000141",5.062914722,5.28580288477313,4.37943571027198,6.19865011325808
"3261",21,"UKENNE_YW_TP000141",NA,5.10089085097919,4.15176275751843,6.05460954744452
"3262",22,"UKENNE_YW_TP000141",4.039137099,5.18893794491836,4.28294486784943,6.09311489347807
"3263",23,"UKENNE_YW_TP000141",NA,5.36977589126759,4.43271772198569,6.30851278163484
"3264",24,"UKENNE_YW_TP000141",4.495052103,5.29069875019552,4.38230952376647,6.19914315244413
"3265",25,"UKENNE_YW_TP000141",NA,5.17497811379595,4.23061085772451,6.1184566692862
"3266",26,"UKENNE_YW_TP000141",3.07906741,5.20276467265506,4.29620290835846,6.11313275456467
"3267",27,"UKENNE_YW_TP000141",NA,5.30816563827318,4.3586001750676,6.25815527031453
"3268",28,"UKENNE_YW_TP000141",5.536364506,5.25909681610401,4.35365120158711,6.16402249407015
"3269",29,"UKENNE_YW_TP000141",NA,5.22738189233903,4.28848590028656,6.16740746899968
"3270",30,"UKENNE_YW_TP000141",5.346463093,5.44522719584757,4.53618524822194,6.35751010339445
"3271",31,"UKENNE_YW_TP000141",NA,5.11057249552915,4.13603734579476,6.08560166843998
"3272",32,"UKENNE_YW_TP000141",4.007838024,5.32118314301587,4.41169898600899,6.22608341820248
"3273",33,"UKENNE_YW_TP000141",NA,5.03709234180538,4.12350884413831,5.95014456419697
"3274",34,"UKENNE_YW_TP000141",5.143068137,4.89415501570273,3.96958918990361,5.82020763120713
"3275",35,"UKENNE_YW_TP000141",NA,4.94316666338127,3.98979406547282,5.89498268299819
"3276",36,"UKENNE_YW_TP000141",2.999253691,5.0442898819287,4.14080515773883,5.95114151169259
"3277",37,"UKENNE_YW_TP000141",NA,5.29727789144447,4.34701767766707,6.2486407082584
"3278",38,"UKENNE_YW_TP000141",3.975954624,5.34503456796923,4.44031346620056,6.24997384456727
"3279",39,"UKENNE_YW_TP000141",NA,5.55867737670174,4.61000307494174,6.50922181165089
"3280",40,"UKENNE_YW_TP000141",5.799763149,5.42670049312816,4.51989405712899,6.33279298474032
"3281",41,"UKENNE_YW_TP000141",NA,5.55075101317069,4.61074296626469,6.49266479998531
"3282",42,"UKENNE_YW_TP000141",4.753918619,5.58137551014307,4.67399732135373,6.48992939551722
"3283",43,"UKENNE_YW_TP000141",NA,5.6755821918151,4.73721183737943,6.61256094093854
"3284",44,"UKENNE_YW_TP000141",5.426168785,5.43423114791272,4.52444002920025,6.34172356602407
"3285",45,"UKENNE_YW_TP000141",NA,5.49689892571263,4.53296505356565,6.45940453479602
"5806",1,"UKENTH_TWU_TP000013",NA,4.31496720607605,3.48050835406477,5.1486991680115
"5807",2,"UKENTH_TWU_TP000013",4.114532034,4.17254747711215,3.38330616321358,4.95981298416894
"5808",3,"UKENTH_TWU_TP000013",NA,4.55851419758993,3.74280326522142,5.37317507968194
"5809",4,"UKENTH_TWU_TP000013",4.106888982,4.64141331924565,3.85002051720031,5.43407156624832
"5810",5,"UKENTH_TWU_TP000013",NA,4.61744981207934,3.77655112706627,5.45905644839144
"5811",6,"UKENTH_TWU_TP000013",4.883894227,4.92997774737858,4.13968988710348,5.71684758716082
"5812",7,"UKENTH_TWU_TP000013",NA,4.84344183756637,4.00217216684544,5.68466030747408
"5813",8,"UKENTH_TWU_TP000013",4.882352086,4.77317786609855,3.98475910704702,5.56004191867718
"5814",9,"UKENTH_TWU_TP000013",NA,5.12192835037753,4.28986970649328,5.95314251174383
"5815",10,"UKENTH_TWU_TP000013",5.567715746,5.27262208976406,4.48272654115745,6.0605563148542
"5816",11,"UKENTH_TWU_TP000013",NA,5.27347970830344,4.44092964006942,6.10656178069201
"5817",12,"UKENTH_TWU_TP000013",5.268859498,5.18782705370416,4.39460986932387,5.976521626809
"5818",13,"UKENTH_TWU_TP000013",NA,5.24023814969897,4.40088860573164,6.07936788915453
"5819",14,"UKENTH_TWU_TP000013",5.69956858,5.28455208132299,4.49821554641067,6.07230719342521
"5820",15,"UKENTH_TWU_TP000013",NA,5.26595379694753,4.42648516017691,6.10624133538005
"5821",16,"UKENTH_TWU_TP000013",5.934674752,5.27146318839861,4.48355569956071,6.05858740738319
"5822",17,"UKENTH_TWU_TP000013",NA,5.16567065919206,4.3270367439196,6.00602379298773
"5823",18,"UKENTH_TWU_TP000013",5.659771593,4.97926627974093,4.19074337213613,5.77110184136553
"5824",19,"UKENTH_TWU_TP000013",NA,5.00789163241291,4.16676245560667,5.84758304454157
"5825",20,"UKENTH_TWU_TP000013",5.272365903,5.08248647468598,4.29114145309078,5.87293417181194
"5826",21,"UKENTH_TWU_TP000013",NA,5.01832062279517,4.18395815689314,5.85267278179939
"5827",22,"UKENTH_TWU_TP000013",4.992916636,5.0014962208436,4.2096892031981,5.79285527325054
"5828",23,"UKENTH_TWU_TP000013",NA,5.18984610513729,4.37203586202011,6.00784574208593
"5829",24,"UKENTH_TWU_TP000013",5.077525983,5.12116011078468,4.3299943126215,5.90992145275512
"5830",25,"UKENTH_TWU_TP000013",NA,5.14469746896331,4.30522516255532,5.98448523116111
"5831",26,"UKENTH_TWU_TP000013",5.692449561,5.08039969664552,4.2920737259645,5.86889411458699
"5832",27,"UKENTH_TWU_TP000013",NA,5.15449409342504,4.31419440773406,5.99275945882914
"5833",28,"UKENTH_TWU_TP000013",5.300740321,5.12007706679058,4.33230376934459,5.90786306084363
"5834",29,"UKENTH_TWU_TP000013",NA,5.0940883063257,4.25549039042515,5.93236264461594
"5835",30,"UKENTH_TWU_TP000013",5.087875446,5.03592833037965,4.24748565906034,5.82331954929068
"5836",31,"UKENTH_TWU_TP000013",NA,4.91335631746056,3.99037590050634,5.83335185320251
"5837",32,"UKENTH_TWU_TP000013",NA,4.94622987277661,4.15215558050851,5.74158422817038
"5838",33,"UKENTH_TWU_TP000013",5.150162887,4.91507462430887,4.11258212043538,5.71885498446578
"5839",34,"UKENTH_TWU_TP000013",5.430036509,4.67969473682287,3.88968485687275,5.46776314569927
"5840",35,"UKENTH_TWU_TP000013",NA,4.81558249265289,3.97876904051602,5.65214686439901
"5841",36,"UKENTH_TWU_TP000013",4.910255568,4.84747009818802,4.05959174500628,5.63685946843507
"5842",37,"UKENTH_TWU_TP000013",NA,5.13889170519502,4.29845964739994,5.97993633228877
"5843",38,"UKENTH_TWU_TP000013",3.827658878,5.2216791978418,4.4342036538468,6.00888741911122
"5844",39,"UKENTH_TWU_TP000013",NA,5.48955284677743,4.65509275237472,6.32474104391866
"5845",40,"UKENTH_TWU_TP000013",5.337143545,5.27067348353393,4.47983564491513,6.06230972170948
"5846",41,"UKENTH_TWU_TP000013",NA,5.47480164722973,4.63531044143146,6.3159213188019
"5847",42,"UKENTH_TWU_TP000013",6.026846834,5.4319729780862,4.64330086166549,6.22139141527723
"5848",43,"UKENTH_TWU_TP000013",NA,5.50163855185415,4.67559406908071,6.32825211610989
"5849",44,"UKENTH_TWU_TP000013",5.939952261,5.19363643097237,4.4017605404548,5.98478527747036
"5850",45,"UKENTH_TWU_TP000013",NA,5.51227905731955,4.6864086212468,6.33797362646708
"6481",1,"UKENTH_TWU_TP000116",NA,4.40796332145995,3.56387116040796,5.25172135923042
"6482",2,"UKENTH_TWU_TP000116",NA,4.29030893798894,3.49079730834811,5.08961727394672
"6483",3,"UKENTH_TWU_TP000116",NA,4.65662566423219,3.83474961697127,5.47762258099795
"6484",4,"UKENTH_TWU_TP000116",5.508242628,4.7116681365074,3.90760569501887,5.51561315687518
"6485",5,"UKENTH_TWU_TP000116",NA,4.70616747822577,3.85968413146709,5.55338710184824
"6486",6,"UKENTH_TWU_TP000116",5.019210621,5.02367684228973,4.22190133182575,5.82193932591478
"6487",7,"UKENTH_TWU_TP000116",NA,4.95675991146731,4.11027092923888,5.80358115524796
"6488",8,"UKENTH_TWU_TP000116",5.004803385,4.8564250432186,4.05541241786437,5.65493286490758
"6489",9,"UKENTH_TWU_TP000116",NA,5.19812448431495,4.35774657690488,6.03739696277442
"6490",10,"UKENTH_TWU_TP000116",6.35563578,5.3829843474358,4.58132240229902,6.1824964362721
"6491",11,"UKENTH_TWU_TP000116",NA,5.38867663598169,4.5483437592975,6.22962272410642
"6492",12,"UKENTH_TWU_TP000116",5.539023967,5.28857084109208,4.48477246934466,6.08801253645004
"6493",13,"UKENTH_TWU_TP000116",NA,5.34021080161098,4.49251900527833,6.18771829748656
"6494",14,"UKENTH_TWU_TP000116",5.959989231,5.37014791219436,4.57258271727524,6.1699293071568
"6495",15,"UKENTH_TWU_TP000116",NA,5.35188430721066,4.50517907343016,6.1994679103736
"6496",16,"UKENTH_TWU_TP000116",5.469105036,5.38830581718466,4.58853866848312,6.18648256469254
"6497",17,"UKENTH_TWU_TP000116",NA,5.25956806391608,4.41469980717087,6.10635102950311
"6498",18,"UKENTH_TWU_TP000116",5.813502078,5.08398853959667,4.28429194056289,5.88821514355051
"6499",19,"UKENTH_TWU_TP000116",NA,5.09258404657556,4.24459630444044,5.93945417283108
"6500",20,"UKENTH_TWU_TP000116",5.159730944,5.14592817934215,4.34542795669143,5.94585870605708
"6501",21,"UKENTH_TWU_TP000116",NA,5.13049698200181,4.28984874686052,5.97137520698178
"6502",22,"UKENTH_TWU_TP000116",4.988890637,5.10282743611788,4.302286615358,5.90436365998189
"6503",23,"UKENTH_TWU_TP000116",NA,5.28923060733153,4.46016155460061,6.11855386034182
"6504",24,"UKENTH_TWU_TP000116",NA,5.27234861244032,4.47191029916791,6.07267009369952
"6505",25,"UKENTH_TWU_TP000116",5.616449301,5.24453847285992,4.39795647450885,6.09172883245282
"6506",26,"UKENTH_TWU_TP000116",5.725400772,5.17822294685068,4.38021651631843,5.97750911991065
"6507",27,"UKENTH_TWU_TP000116",NA,5.23271449093669,4.38749748914095,6.0764058859309
"6508",28,"UKENTH_TWU_TP000116",6.003776416,5.21460828157777,4.4159442248139,6.01415017116648
"6509",29,"UKENTH_TWU_TP000116",NA,5.17911813267239,4.33478147843167,6.02346947178397
"6510",30,"UKENTH_TWU_TP000116",4.333470483,5.11756476878544,4.3191231921258,5.91650691271306
"6511",31,"UKENTH_TWU_TP000116",NA,5.01810114581076,4.09844466389924,5.93505287376312
"6512",32,"UKENTH_TWU_TP000116",NA,5.03433308964475,4.23192813371815,5.83638165562114
"6513",33,"UKENTH_TWU_TP000116",5.884998517,5.01177751451023,4.19467352926077,5.83079361128785
"6514",34,"UKENTH_TWU_TP000116",5.727596419,4.80035148323719,4.00085638034243,5.60024991835487
"6515",35,"UKENTH_TWU_TP000116",NA,4.89188894902336,4.04891796831258,5.73482983258474
"6516",36,"UKENTH_TWU_TP000116",6.360407816,4.90846169106291,4.10945381023382,5.70939517407801
"6517",37,"UKENTH_TWU_TP000116",NA,5.25271138659121,4.40527356694812,6.1012806511113
"6518",38,"UKENTH_TWU_TP000116",4.453393755,5.30948531749435,4.51088521905846,6.10775884014728
"6519",39,"UKENTH_TWU_TP000116",NA,5.57648549845465,4.73654175668319,6.41741670178085
"6520",40,"UKENTH_TWU_TP000116",4.271747838,5.39825777246307,4.59790440506254,6.19981266717108
"6521",41,"UKENTH_TWU_TP000116",NA,5.57008534091992,4.72352489937354,6.41819704010906
"6522",42,"UKENTH_TWU_TP000116",6.259981309,5.48516625649389,4.68659982785062,6.28457720878101
"6523",43,"UKENTH_TWU_TP000116",6.250085461,5.59107885116686,4.75681851503006,6.42574287001653
"6524",44,"UKENTH_TWU_TP000116",NA,5.29528567346505,4.49432402913344,6.09704189926653
"6525",45,"UKENTH_TWU_TP000116",NA,5.57252052213802,4.73052850794428,6.41348104254932
"6526",1,"UKENTH_TWU_TP000122",NA,4.13282843788528,3.29953883152854,4.96571320601264
"6527",2,"UKENTH_TWU_TP000122",3.758866213,4.00413522092809,3.2201985230137,4.78697299494325
"6528",3,"UKENTH_TWU_TP000122",NA,4.36162989167746,3.54945989135938,5.17280134653245
"6529",4,"UKENTH_TWU_TP000122",4.156985863,4.46377553102897,3.67684776144223,5.25186925520945
"6530",5,"UKENTH_TWU_TP000122",NA,4.43504653670031,3.59702129378241,5.27379111193362
"6531",6,"UKENTH_TWU_TP000122",2.929892182,4.77452596182841,3.98855705001494,5.55805085289735
"6532",7,"UKENTH_TWU_TP000122",NA,4.70355290171309,3.86600429754059,5.54232135735243
"6533",8,"UKENTH_TWU_TP000122",4.785241565,4.60948809758158,3.82563395733823,5.39236178453683
"6534",9,"UKENTH_TWU_TP000122",NA,4.93137873731735,4.10141738351738,5.76076369840733
"6535",10,"UKENTH_TWU_TP000122",5.557723523,5.11437119742203,4.33037420031595,5.89798665256338
"6536",11,"UKENTH_TWU_TP000122",NA,5.11433799036236,4.28250491761663,5.94691366107887
"6537",12,"UKENTH_TWU_TP000122",5.783646442,4.96447786093424,4.17013250041013,5.75303769830263
"6538",13,"UKENTH_TWU_TP000122",NA,5.07135639566665,4.2336740533381,5.90915861977196
"6539",14,"UKENTH_TWU_TP000122",5.239990137,5.15101249026708,4.36990422394411,5.93421740191148
"6540",15,"UKENTH_TWU_TP000122",NA,5.0897444173772,4.24780856175564,5.93300011420946
"6541",16,"UKENTH_TWU_TP000122",5.972693106,5.11877414834193,4.33697583963165,5.90072566387697
"6542",17,"UKENTH_TWU_TP000122",NA,4.99907302828927,4.16014369290907,5.84036981599022
"6543",18,"UKENTH_TWU_TP000122",3.804103256,4.7955379885152,4.01310779276871,5.58148361648206
"6544",19,"UKENTH_TWU_TP000122",NA,4.84273687554093,4.00072126319141,5.68420699894157
"6545",20,"UKENTH_TWU_TP000122",5.795769127,4.87860482243976,4.09397297940632,5.66304919799856
"6546",21,"UKENTH_TWU_TP000122",NA,4.86499732912123,4.03324117157991,5.69794309728552
"6547",22,"UKENTH_TWU_TP000122",3.979956442,4.79033792179357,4.00447697753976,5.57569132241997
"6548",23,"UKENTH_TWU_TP000122",NA,5.01035693294503,4.19202813001522,5.82926498364088
"6549",24,"UKENTH_TWU_TP000122",5.215220879,4.99303949805805,4.210316607215,5.77626307774038
"6550",25,"UKENTH_TWU_TP000122",NA,4.98177883975804,4.14243719760969,5.82217163492343
"6551",26,"UKENTH_TWU_TP000122",2.660969155,4.93015654419599,4.14934386829503,5.7127586959026
"6552",27,"UKENTH_TWU_TP000122",NA,4.98448670331386,4.1470227756323,5.82092980590638
"6553",28,"UKENTH_TWU_TP000122",4.434237722,4.98408887680696,4.20248119679521,5.76728614438548
"6554",29,"UKENTH_TWU_TP000122",NA,4.92887371987095,4.09102906310168,5.76741425740216
"6555",30,"UKENTH_TWU_TP000122",4.291241056,4.89179768762757,4.11084108796656,5.67453295719634
"6556",31,"UKENTH_TWU_TP000122",NA,4.76036722543985,3.85295743144652,5.66544704039939
"6557",32,"UKENTH_TWU_TP000122",NA,4.74107003741983,3.95116390372948,5.53065912448872
"6558",33,"UKENTH_TWU_TP000122",4.564232595,4.76275514161091,3.96422210088377,5.56336841868986
"6559",34,"UKENTH_TWU_TP000122",4.154166118,4.53724670697959,3.75440623360963,5.32109860899301
"6560",35,"UKENTH_TWU_TP000122",NA,4.63577314684338,3.80161131002142,5.4701380006624
"6561",36,"UKENTH_TWU_TP000122",4.460528468,4.70634456957111,3.92433581511831,5.49118761372304
"6562",37,"UKENTH_TWU_TP000122",NA,4.97905429499134,4.13782427351279,5.82131797520442
"6563",38,"UKENTH_TWU_TP000122",5.263926107,5.07858282218172,4.29750123965916,5.8609702683764
"6564",39,"UKENTH_TWU_TP000122",NA,5.31819605866247,4.48620313404741,6.15143167172189
"6565",40,"UKENTH_TWU_TP000122",5.18281967,5.1346438915303,4.34883244685243,5.9228552014049
"6566",41,"UKENTH_TWU_TP000122",NA,5.30254130069516,4.46212595359683,6.14502395688077
"6567",42,"UKENTH_TWU_TP000122",5.056034843,5.26816814978964,4.4861997638708,6.05147208995888
"6568",43,"UKENTH_TWU_TP000122",NA,5.36128292942582,4.53759953511123,6.18684320563295
"6569",44,"UKENTH_TWU_TP000122",5.611459785,5.02724702389812,4.24147559414377,5.8132890493295
"6570",45,"UKENTH_TWU_TP000122",5.121418245,5.34819907570761,4.5268872995834,6.17001569274899
"1306",1,"UKENMI_ST_TP000074",NA,4.19673898087345,3.36747623167676,5.02868262659035
"1307",2,"UKENMI_ST_TP000074",4.511804133,4.26418883485029,3.48051847817842,5.049062897115
"1308",3,"UKENMI_ST_TP000074",NA,4.51426846305762,3.70855993626647,5.32286450487758
"1309",4,"UKENMI_ST_TP000074",4.364833791,4.61294425691046,3.82584480635961,5.40330601723657
"1310",5,"UKENMI_ST_TP000074",NA,4.61211593123429,3.79125502346433,5.43438054553948
"1311",6,"UKENMI_ST_TP000074",4.702038124,4.74190045600564,3.95243150637425,5.52748708061743
"1312",7,"UKENMI_ST_TP000074",NA,4.79594743475241,3.96693490537006,5.62550605696324
"1313",8,"UKENMI_ST_TP000074",4.468293307,4.79763573882334,4.0152786674325,5.57999152203249
"1314",9,"UKENMI_ST_TP000074",NA,4.90299711574899,4.07769332042332,5.72971678755375
"1315",10,"UKENMI_ST_TP000074",5.07954174,5.11842401763671,4.3334309836967,5.90124567346355
"1316",11,"UKENMI_ST_TP000074",NA,5.2813155358397,4.45458620360208,6.1079258301947
"1317",12,"UKENMI_ST_TP000074",5.344319682,5.01104644239144,4.22803325612582,5.79472899109907
"1318",13,"UKENMI_ST_TP000074",NA,5.23743273307159,4.41148597821279,6.06511853086629
"1319",14,"UKENMI_ST_TP000074",4.381582998,5.27421592436598,4.49252016346214,6.05729537870127
"1320",15,"UKENMI_ST_TP000074",NA,5.10184287963907,4.27571585979293,5.92976694660018
"1321",16,"UKENMI_ST_TP000074",4.985030507,5.16136462005192,4.37618242476381,5.94448475011297
"1322",17,"UKENMI_ST_TP000074",NA,5.10340255200093,4.28246667926335,5.92619821842304
"1323",18,"UKENMI_ST_TP000074",4.798450354,5.00979694897444,4.22741926798825,5.79514446216889
"1324",19,"UKENMI_ST_TP000074",NA,4.86738324277229,4.04585778639884,5.69084185811247
"1325",20,"UKENMI_ST_TP000074",5.079563031,4.76696693604894,3.98340454168869,5.55250732559973
"1326",21,"UKENMI_ST_TP000074",NA,4.88171175726742,4.05681445090521,5.70733331434706
"1327",22,"UKENMI_ST_TP000074",4.725797491,4.753589560934,3.9712308449582,5.53664625798296
"1328",23,"UKENMI_ST_TP000074",5.093282976,5.05595921522772,4.23490162537764,5.87938381709207
"1329",24,"UKENMI_ST_TP000074",NA,4.97764085874501,4.19503887773731,5.75997136867713
"1330",25,"UKENMI_ST_TP000074",NA,5.05560542242194,4.22779719170966,5.88403643331092
"1331",26,"UKENMI_ST_TP000074",5.230676438,4.92070503219893,4.13887838225829,5.70419177839092
"1332",27,"UKENMI_ST_TP000074",NA,4.96718494257024,4.14277543206748,5.7937743425842
"1333",28,"UKENMI_ST_TP000074",5.284542232,5.10889678559525,4.32704212880535,5.89346716030236
"1334",29,"UKENMI_ST_TP000074",NA,4.99473487431714,4.17429738843311,5.81691597296568
"1335",30,"UKENMI_ST_TP000074",5.304290873,5.03325195553964,4.25182181511436,5.81726869318833
"1336",31,"UKENMI_ST_TP000074",NA,4.91967444590638,4.05458523737918,5.78355592480406
"1337",32,"UKENMI_ST_TP000074",5.397854729,5.07274614796982,4.28474840344046,5.8608353965169
"1338",33,"UKENMI_ST_TP000074",NA,4.94408728811706,4.14507100587028,5.7456873633753
"1339",34,"UKENMI_ST_TP000074",5.369821558,4.56094240184481,3.77769072808415,5.3475338833648
"1340",35,"UKENMI_ST_TP000074",NA,4.67995110690583,3.85252204785931,5.50829154130928
"1341",36,"UKENMI_ST_TP000074",4.050864484,4.60003689992511,3.81578407700636,5.38217625725488
"1342",37,"UKENMI_ST_TP000074",NA,5.09072438029335,4.26488745955313,5.91627553142691
"1343",38,"UKENMI_ST_TP000074",5.133835089,5.14905924633441,4.36600410334989,5.93110233035117
"1344",39,"UKENMI_ST_TP000074",NA,5.43717131865349,4.61271644356874,6.26123616709058
"1345",40,"UKENMI_ST_TP000074",4.907100273,5.34179054044472,4.55780419773585,6.12469582479719
"1346",41,"UKENMI_ST_TP000074",NA,5.40446981110481,4.5793499666453,6.23047070682017
"1347",42,"UKENMI_ST_TP000074",5.170826623,5.33450720085459,4.55296272911744,6.11633449284912
"1348",43,"UKENMI_ST_TP000074",NA,5.39935630600476,4.57610204956178,6.22147894216206
"1349",44,"UKENMI_ST_TP000074",5.212602332,5.17219970124567,4.38821140641287,5.95534191485644
"1350",45,"UKENMI_ST_TP000074",NA,5.35690187246246,4.51318566181409,6.19836985200745
"1486",1,"UKENMI_ST_TP000137",NA,4.25652749832927,3.41745545141524,5.09805018853735
"1487",2,"UKENMI_ST_TP000137",5.106031025,4.27533687469382,3.48479957419863,5.06634347130327
"1488",3,"UKENMI_ST_TP000137",NA,4.5905984740787,3.77899668616388,5.40580928121344
"1489",4,"UKENMI_ST_TP000137",4.348827722,4.64719506347772,3.85075358276311,5.44577321140141
"1490",5,"UKENMI_ST_TP000137",NA,4.65188396619588,3.82010670270021,5.48516705887441
"1491",6,"UKENMI_ST_TP000137",6.465506456,4.81545265586558,4.01878245752147,5.60776251660787
"1492",7,"UKENMI_ST_TP000137",NA,4.86019904049418,4.02447294478158,5.69666848878603
"1493",8,"UKENMI_ST_TP000137",5.975207498,4.85922823237596,4.06889189076492,5.64976374725621
"1494",9,"UKENMI_ST_TP000137",NA,4.96167901794256,4.12560187334924,5.79915008521327
"1495",10,"UKENMI_ST_TP000137",6.036730052,5.2212213066764,4.43226300295684,6.00996241472336
"1496",11,"UKENMI_ST_TP000137",NA,5.33212050471486,4.49649325159251,6.16737406151712
"1497",12,"UKENMI_ST_TP000137",5.936700929,5.0935625657059,4.30481767649055,5.88379879587986
"1498",13,"UKENMI_ST_TP000137",NA,5.29587959494959,4.45969086796996,6.1341002481793
"1499",14,"UKENMI_ST_TP000137",5.597865602,5.3383577902229,4.54918359145056,6.12715748194126
"1500",15,"UKENMI_ST_TP000137",NA,5.1607504742284,4.32482228627719,5.99807920703026
"1501",16,"UKENMI_ST_TP000137",6.125528717,5.29607147280941,4.50772496713745,6.08508898889742
"1502",17,"UKENMI_ST_TP000137",NA,5.15800906703502,4.32642315404705,5.99165373922698
"1503",18,"UKENMI_ST_TP000137",6.086365586,5.06833493581444,4.27996324251091,5.85979168836519
"1504",19,"UKENMI_ST_TP000137",NA,4.93766388258221,4.1046269916478,5.77236144161243
"1505",20,"UKENMI_ST_TP000137",4.275877592,4.84890151371081,4.05823505425428,5.64368256350208
"1506",21,"UKENMI_ST_TP000137",NA,4.95059684825607,4.11647934225319,5.78538708208054
"1507",22,"UKENMI_ST_TP000137",5.541081523,4.81426461869759,4.02338046988511,5.60634014372968
"1508",23,"UKENMI_ST_TP000137",NA,5.11388455887175,4.28277145311143,5.94673082646829
"1509",24,"UKENMI_ST_TP000137",7.193350277,5.0341699539358,4.24492810496516,5.82228697749743
"1510",25,"UKENMI_ST_TP000137",NA,5.11535224007251,4.27807066070185,5.95353970820377
"1511",26,"UKENMI_ST_TP000137",4.46188863,5.00785025886807,4.21993654587759,5.79793737635709
"1512",27,"UKENMI_ST_TP000137",NA,5.04222734890757,4.2076650512738,5.87864481859869
"1513",28,"UKENMI_ST_TP000137",5.96775422,5.15621674073286,4.3670284672292,5.94703050794924
"1514",29,"UKENMI_ST_TP000137",NA,5.05173070026478,4.22237805113695,5.88278215074343
"1515",30,"UKENMI_ST_TP000137",5.773731184,5.04648986340913,4.2584806660795,5.83551268000167
"1516",31,"UKENMI_ST_TP000137",NA,4.95987433214864,4.08363524017495,5.83489577217273
"1517",32,"UKENMI_ST_TP000137",5.664167542,5.0579980379963,4.26725436770686,5.85051124836731
"1518",33,"UKENMI_ST_TP000137",NA,4.96877397064604,4.15734757198214,5.78207607905924
"1519",34,"UKENMI_ST_TP000137",4.02685225,4.57260419945755,3.78256609877627,5.36360916835695
"1520",35,"UKENMI_ST_TP000137",NA,4.73314234728001,3.89632320839355,5.5707678459019
"1521",36,"UKENMI_ST_TP000137",5.541030384,4.62011068479291,3.82733290208686,5.4099568968413
"1522",37,"UKENMI_ST_TP000137",NA,5.13688836728902,4.30001439217089,5.97353249250163
"1523",38,"UKENMI_ST_TP000137",3.540661321,5.16547876874904,4.37303602741688,5.95502323555137
"1524",39,"UKENMI_ST_TP000137",NA,5.47750294083992,4.64305832337849,6.31241186514389
"1525",40,"UKENMI_ST_TP000137",5.11597311,5.3716790616917,4.58278369771877,6.15994247558479
"1526",41,"UKENMI_ST_TP000137",NA,5.45554771797131,4.61912155775572,6.29295222523978
"1527",42,"UKENMI_ST_TP000137",5.319851066,5.37087350317764,4.58309891121015,6.1597799780111
"1528",43,"UKENMI_ST_TP000137",NA,5.44890147734805,4.61236373929525,6.28406288678343
"1529",44,"UKENMI_ST_TP000137",5.571647412,5.21529227533586,4.42550665186645,6.0052570437372
"1530",45,"UKENMI_ST_TP000137",NA,5.41465786922544,4.56492475141124,6.26252916172387
"1531",1,"UKENMI_ST_TP000143",NA,4.44251390697959,3.58500355661729,5.30121551582411
"1532",2,"UKENMI_ST_TP000143",NA,4.51499809470282,3.70407839440912,5.32651646116195
"1533",3,"UKENMI_ST_TP000143",4.806718357,4.71981948348283,3.88344002852172,5.55641538068418
"1534",4,"UKENMI_ST_TP000143",NA,4.78430033697295,3.96779349617694,5.60006590381315
"1535",5,"UKENMI_ST_TP000143",5.786178574,4.85228083272233,4.00151521845015,5.70307981423917
"1536",6,"UKENMI_ST_TP000143",NA,4.95707066960944,4.14189773285665,5.76887058998244
"1537",7,"UKENMI_ST_TP000143",5.036503439,4.99788041905553,4.13874864899493,5.85631776450064
"1538",8,"UKENMI_ST_TP000143",NA,4.99078307274371,4.17360181652852,5.80269094941686
"1539",9,"UKENMI_ST_TP000143",6.083054162,5.13071611480443,4.278209700079,5.98383002156339
"1540",10,"UKENMI_ST_TP000143",NA,5.32199579161996,4.5085521819472,6.13400761549562
"1541",11,"UKENMI_ST_TP000143",5.750895178,5.51012311941849,4.65794591010986,6.36172269038184
"1542",12,"UKENMI_ST_TP000143",NA,5.28151127989381,4.47020680934702,6.09413540538576
"1543",13,"UKENMI_ST_TP000143",4.85216068,5.44172740234898,4.58886023680452,6.29503102814807
"1544",14,"UKENMI_ST_TP000143",NA,5.54095040654781,4.73052998582179,6.3515175144587
"1545",15,"UKENMI_ST_TP000143",6.358289703,5.32614267311828,4.47591807798656,6.1770420861621
"1546",16,"UKENMI_ST_TP000143",NA,5.39288001570289,4.58054504367336,6.20316995367398
"1547",17,"UKENMI_ST_TP000143",6.117393636,5.35080902200114,4.50193601487809,6.20015762153044
"1548",18,"UKENMI_ST_TP000143",NA,5.19912918779589,4.38768208676255,6.01011360341363
"1549",19,"UKENMI_ST_TP000143",5.544311172,5.08319464113631,4.23314974304112,5.93386818351438
"1550",20,"UKENMI_ST_TP000143",NA,5.09376630607547,4.28168157119597,5.90877965591494
"1551",21,"UKENMI_ST_TP000143",NA,5.14639879241749,4.29512970120017,5.9982036642928
"1552",22,"UKENMI_ST_TP000143",5.272685394,5.06594242556817,4.25723453345675,5.87606650327916
"1553",23,"UKENMI_ST_TP000143",5.473391231,5.26198781703044,4.41412912342266,6.11094368208688
"1554",24,"UKENMI_ST_TP000143",NA,5.21324836423295,4.40128535900296,6.02496928428773
"1555",25,"UKENMI_ST_TP000143",4.470565133,5.28760126895962,4.43108202648513,6.14342587937187
"1556",26,"UKENMI_ST_TP000143",NA,5.15534056309686,4.34413364777715,5.96643579925446
"1557",27,"UKENMI_ST_TP000143",NA,5.19485704495273,4.34312669013211,6.04719776238536
"1558",28,"UKENMI_ST_TP000143",4.473540623,5.3480216128964,4.53650053949509,6.1609838477134
"1559",29,"UKENMI_ST_TP000143",4.974099001,5.24149188038882,4.39186115121429,6.09117804547342
"1560",30,"UKENMI_ST_TP000143",NA,5.33631024210467,4.52330664422914,6.15142561068966
"1561",31,"UKENMI_ST_TP000143",NA,5.15035318735976,4.25644475880407,6.0424954974924
"1562",32,"UKENMI_ST_TP000143",5.522592567,5.26827933704232,4.4557971225723,6.07884853711462
"1563",33,"UKENMI_ST_TP000143",6.40378945,5.17429634166555,4.34611278871343,6.0028827109494
"1564",34,"UKENMI_ST_TP000143",NA,4.86886680982904,4.0565997346995,5.68318018868013
"1565",35,"UKENMI_ST_TP000143",NA,4.92220747800733,4.06557829957107,5.7782523302156
"1566",36,"UKENMI_ST_TP000143",5.188475583,4.80034676806546,3.98434703393478,5.61106342570034
"1567",37,"UKENMI_ST_TP000143",NA,5.31219538687948,4.45974087207951,6.1633086986677
"1568",38,"UKENMI_ST_TP000143",5.497787922,5.40518697001365,4.59492599983184,6.21376896638887
"1569",39,"UKENMI_ST_TP000143",NA,5.68272395861585,4.83242332061093,6.53183839650795
"1570",40,"UKENMI_ST_TP000143",5.78534556,5.60914684133536,4.79633971346207,6.42121416685852
"1571",41,"UKENMI_ST_TP000143",5.532669689,5.67534956651522,4.82171986296158,6.52915819230044
"1572",42,"UKENMI_ST_TP000143",NA,5.52051066569339,4.70902192444659,6.32906187228076
"1573",43,"UKENMI_ST_TP000143",6.028567894,5.63658121520363,4.78666125378231,6.48486270537752
"1574",44,"UKENMI_ST_TP000143",NA,5.44847305822371,4.63644336875224,6.25918784961849
"1575",45,"UKENMI_ST_TP000143",NA,5.5719825791379,4.69947963171681,6.44156740804732
"1621",1,"UKENMI_ST_TP000163",NA,4.19917643772359,3.36255204468585,5.03845700547706
"1622",2,"UKENMI_ST_TP000163",4.129505003,4.23902390725562,3.44823876650302,5.03167132116564
"1623",3,"UKENMI_ST_TP000163",NA,4.49723678973905,3.68421332454688,5.31350763048984
"1624",4,"UKENMI_ST_TP000163",4.407145152,4.53762031193606,3.74203868005842,5.33391738747783
"1625",5,"UKENMI_ST_TP000163",NA,4.58749561895657,3.75759126017831,5.41888326857039
"1626",6,"UKENMI_ST_TP000163",3.692491087,4.71274187208339,3.91533798243427,5.50573230558749
"1627",7,"UKENMI_ST_TP000163",NA,4.76223121076058,3.92692552375633,5.59812590780868
"1628",8,"UKENMI_ST_TP000163",4.879146766,4.77132910135627,3.97800972351136,5.562321769154
"1629",9,"UKENMI_ST_TP000163",NA,4.89493613494561,4.06332797093633,5.72818965994908
"1630",10,"UKENMI_ST_TP000163",5.700346113,5.10138287149157,4.31045841974661,5.89139657287279
"1631",11,"UKENMI_ST_TP000163",NA,5.25088557996432,4.41796391088702,6.08387334787592
"1632",12,"UKENMI_ST_TP000163",5.239501563,5.02031018227121,4.22960304025454,5.81379379239395
"1633",13,"UKENMI_ST_TP000163",NA,5.20157779742686,4.36696609814167,6.03784602362242
"1634",14,"UKENMI_ST_TP000163",5.121295017,5.28978446161827,4.49793555787946,6.08147223974758
"1635",15,"UKENMI_ST_TP000163",NA,5.086548413447,4.25369660041972,5.92129006508743
"1636",16,"UKENMI_ST_TP000163",4.900787562,5.19961067716535,4.40873954408783,5.99050514686808
"1637",17,"UKENMI_ST_TP000163",NA,5.09448751019698,4.26503558317461,5.92574599430723
"1638",18,"UKENMI_ST_TP000163",3.596342697,4.98092235789136,4.19116250748529,5.77337544349296
"1639",19,"UKENMI_ST_TP000163",NA,4.85255072315184,4.02203488388556,5.68469996180009
"1640",20,"UKENMI_ST_TP000163",3.506143822,4.83493922681518,4.04361330283451,5.63199564781266
"1641",21,"UKENMI_ST_TP000163",NA,4.89683396493141,4.06602210455154,5.7289923722804
"1642",22,"UKENMI_ST_TP000163",4.395796662,4.81113933553937,4.0205266136406,5.60421899236831
"1643",23,"UKENMI_ST_TP000163",NA,5.02617081594839,4.19766030387792,5.856634623502
"1644",24,"UKENMI_ST_TP000163",4.029805609,4.96733939532577,4.17728714317148,5.75767849743216
"1645",25,"UKENMI_ST_TP000163",NA,5.04096683872876,4.20684320412527,5.87549044431535
"1646",26,"UKENMI_ST_TP000163",4.022717311,4.94987121418178,4.16038635848143,5.74202109080715
"1647",27,"UKENMI_ST_TP000163",NA,4.96950414538565,4.13854126714647,5.80194501726217
"1648",28,"UKENMI_ST_TP000163",4.63803201,5.09675102056701,4.30696521681968,5.88811838365323
"1649",29,"UKENMI_ST_TP000163",NA,4.99534836006952,4.16767931533553,5.82438013401246
"1650",30,"UKENMI_ST_TP000163",4.439774527,5.02312161987029,4.23335324713849,5.81418836992746
"1651",31,"UKENMI_ST_TP000163",NA,4.89638157405181,4.02797233068442,5.76383321932616
"1652",32,"UKENMI_ST_TP000163",NA,4.96432060053499,4.17255321250733,5.75632282526893
"1653",33,"UKENMI_ST_TP000163",4.452110028,4.89909333268467,4.09028753558643,5.7090381183014
"1654",34,"UKENMI_ST_TP000163",4.745416509,4.56608804277189,3.77380814978422,5.36129198407974
"1655",35,"UKENMI_ST_TP000163",NA,4.67123969116002,3.83795740576351,5.50501110914393
"1656",36,"UKENMI_ST_TP000163",5.037780134,4.54365944037041,3.7492225262116,5.33505162935415
"1657",37,"UKENMI_ST_TP000163",NA,5.06498721501318,4.23230991294955,5.89761294875875
"1658",38,"UKENMI_ST_TP000163",4.951428468,5.12001897055818,4.32849442361758,5.90944949663785
"1659",39,"UKENMI_ST_TP000163",NA,5.41248348030082,4.58025197641156,6.24455931602695
"1660",40,"UKENMI_ST_TP000163",4.990373642,5.32309212909744,4.53282294299327,6.11379256789978
"1661",41,"UKENMI_ST_TP000163",NA,5.40449078413127,4.57176953766053,6.23815573532853
"1662",42,"UKENMI_ST_TP000163",5.117076958,5.26863590309637,4.47885597098682,6.05834740701664
"1663",43,"UKENMI_ST_TP000163",NA,5.3821080502743,4.55133562302268,6.21152184202784
"1664",44,"UKENMI_ST_TP000163",4.633702354,5.18002545847701,4.38954111238921,5.97083855004067
"1665",45,"UKENMI_ST_TP000163",NA,5.32879082527077,4.48005280809125,6.17519140803909
"3151",1,"UKENNE_YW_TP000112",NA,4.40866516235222,3.57711788216476,5.24295316312499
"3152",2,"UKENNE_YW_TP000112",4.04181964,4.50597849441947,3.72193327889989,5.29145259866091
"3153",3,"UKENNE_YW_TP000112",NA,4.67439480387143,3.86465326687398,5.48427123338528
"3154",4,"UKENNE_YW_TP000112",4.232915857,4.79359756253058,4.00439109350309,5.58507540444687
"3155",5,"UKENNE_YW_TP000112",NA,4.8438210739681,4.01845262929904,5.67036530583599
"3156",6,"UKENNE_YW_TP000112",5.180507289,4.960180277547,4.17539494378863,5.74554039640266
"3157",7,"UKENNE_YW_TP000112",NA,4.96717342491718,4.13249266347671,5.80197743031827
"3158",8,"UKENNE_YW_TP000112",3.635503016,4.93654345071108,4.14414117612812,5.72341263817002
"3159",9,"UKENNE_YW_TP000112",NA,5.08932631213083,4.26316196448293,5.91766824640237
"3160",10,"UKENNE_YW_TP000112",4.524014678,5.2883287113888,4.5055773884619,6.07301081377617
"3161",11,"UKENNE_YW_TP000112",NA,5.49615043010917,4.66833206743109,6.32464906014715
"3162",12,"UKENNE_YW_TP000112",6.405036415,5.25944769623923,4.4749743581727,6.04618789491962
"3163",13,"UKENNE_YW_TP000112",NA,5.40896926434164,4.57891050509348,6.23983939529176
"3164",14,"UKENNE_YW_TP000112",5.01641415,5.49767754452982,4.71478993241206,6.28330276442693
"3165",15,"UKENNE_YW_TP000112",NA,5.28997407200056,4.46316007832097,6.11800814123365
"3166",16,"UKENNE_YW_TP000112",4.818638338,5.30662876985786,4.52047749373238,6.09115935034888
"3167",17,"UKENNE_YW_TP000112",NA,5.32730661013228,4.50373368240053,6.1521429700293
"3168",18,"UKENNE_YW_TP000112",4.007582486,5.15303627266844,4.36822980191767,5.93790208919894
"3169",19,"UKENNE_YW_TP000112",NA,5.0399917444978,4.21471343694011,5.86705907199297
"3170",20,"UKENNE_YW_TP000112",5.527291165,5.052570503754,4.2683000562226,5.83911614787121
"3171",21,"UKENNE_YW_TP000112",NA,5.10958546115858,4.28358667641365,5.93747182969571
"3172",22,"UKENNE_YW_TP000112",4.808205949,5.0044085946123,4.2204206123328,5.78909060861928
"3173",23,"UKENNE_YW_TP000112",NA,5.22831661788364,4.40458964314146,6.05456630458783
"3174",24,"UKENNE_YW_TP000112",4.803002497,5.17429513065984,4.39042589682024,5.95931649188515
"3175",25,"UKENNE_YW_TP000112",NA,5.25932237972028,4.42846952056792,6.09020086847402
"3176",26,"UKENNE_YW_TP000112",4.654452084,5.06897873997908,4.28360472412339,5.85301341109177
"3177",27,"UKENNE_YW_TP000112",NA,5.13727340098449,4.31158155654206,5.96456221272148
"3178",28,"UKENNE_YW_TP000112",4.899498647,5.3170170400885,4.53329457834672,6.10428601889373
"3179",29,"UKENNE_YW_TP000112",NA,5.20927650870255,4.38597240506429,6.03329447957021
"3180",30,"UKENNE_YW_TP000112",6.124395428,5.34769250060078,4.56174672743977,6.13918522056442
"3181",31,"UKENNE_YW_TP000112",NA,5.13306360539104,4.2638536276254,6.00104853570599
"3182",32,"UKENNE_YW_TP000112",5.138488646,5.31353179685813,4.52433432526388,6.1010252300311
"3183",33,"UKENNE_YW_TP000112",4.338561669,5.18077659602839,4.37535142208936,5.98824835655836
"3184",34,"UKENNE_YW_TP000112",NA,4.89806365427078,4.11516385809209,5.68594697849348
"3185",35,"UKENNE_YW_TP000112",NA,4.90013292435737,4.06980089845203,5.73139815385954
"3186",36,"UKENNE_YW_TP000112",5.769177584,4.81645735607032,4.02675625056858,5.60098327635866
"3187",37,"UKENNE_YW_TP000112",NA,5.28947980022526,4.46240323936889,6.11570230586913
"3188",38,"UKENNE_YW_TP000112",5.12892045,5.414163691981,4.63247930012727,6.19605180715693
"3189",39,"UKENNE_YW_TP000112",NA,5.68481527550309,4.85739360894575,6.51140875919368
"3190",40,"UKENNE_YW_TP000112",4.749782988,5.62259609549861,4.83827257968706,6.40797549910899
"3191",41,"UKENNE_YW_TP000112",NA,5.66162164192325,4.83601032504661,6.48852796570989
"3192",42,"UKENNE_YW_TP000112",5.364180616,5.51899424573027,4.73337235085557,6.30155112724445
"3193",43,"UKENNE_YW_TP000112",NA,5.61781438778809,4.79721477895813,6.43867741424488
"3194",44,"UKENNE_YW_TP000112",5.303019445,5.432285536173,4.64641434863891,6.21766889330721
"3195",45,"UKENNE_YW_TP000112",NA,5.54498481862435,4.69390479190975,6.39357683352874
"2611",1,"UKENNE_YW_TP000029",NA,4.39636810051626,3.55410633462579,5.23941142591213
"2612",2,"UKENNE_YW_TP000029",NA,4.43117668091206,3.62233397311475,5.23970667099779
"2613",3,"UKENNE_YW_TP000029",NA,4.6415618174315,3.81890848097946,5.46715202522629
"2614",4,"UKENNE_YW_TP000029",5.264336663,4.67736660446543,3.86323419685292,5.49047199503664
"2615",5,"UKENNE_YW_TP000029",NA,4.81930867831421,3.98291093509283,5.65671092760999
"2616",6,"UKENNE_YW_TP000029",4.323300171,4.91378694487002,4.10510701116929,5.72814417324052
"2617",7,"UKENNE_YW_TP000029",NA,4.90332970048227,4.05817455022677,5.74998919215249
"2618",8,"UKENNE_YW_TP000029",4.292530365,4.99060720903683,4.18534977675158,5.79934061173033
"2619",9,"UKENNE_YW_TP000029",NA,5.06207521526785,4.22657023265508,5.90000991483511
"2620",10,"UKENNE_YW_TP000029",5.239737955,5.18770273098582,4.38063933576014,6.0014556591176
"2621",11,"UKENNE_YW_TP000029",NA,5.44854967672416,4.61367579065264,6.28643696238638
"2622",12,"UKENNE_YW_TP000029",5.011528902,5.39372210798271,4.58682185881251,6.20490176946156
"2623",13,"UKENNE_YW_TP000029",NA,5.37570276965586,4.53545557601442,6.2182536283706
"2624",14,"UKENNE_YW_TP000029",5.000376582,5.45403708016593,4.64532866672114,6.26137966453224
"2625",15,"UKENNE_YW_TP000029",NA,5.2780729940764,4.44267173636031,6.11541950539797
"2626",16,"UKENNE_YW_TP000029",5.438212957,5.38440429523989,4.57647061305424,6.19538073200437
"2627",17,"UKENNE_YW_TP000029",NA,5.34817536666833,4.51356064757781,6.18526592326442
"2628",18,"UKENNE_YW_TP000029",4.624841012,5.15979831587429,4.34953782314139,5.96844824791275
"2629",19,"UKENNE_YW_TP000029",NA,5.04972900611545,4.21443450316486,5.88792949709135
"2630",20,"UKENNE_YW_TP000029",4.647936244,5.13437207045492,4.32740499169588,5.94495187704294
"2631",21,"UKENNE_YW_TP000029",NA,5.1644159538796,4.33039646897208,6.0020395748472
"2632",22,"UKENNE_YW_TP000029",5.644633702,5.11965006873532,4.31218762371075,5.92828920494533
"2633",23,"UKENNE_YW_TP000029",NA,5.17383866556857,4.34035472569651,6.01072831171144
"2634",24,"UKENNE_YW_TP000029",4.462428547,5.1756047792773,4.36904972491919,5.98541933682731
"2635",25,"UKENNE_YW_TP000029",NA,5.24798758393354,4.41096784044704,6.08459975232904
"2636",26,"UKENNE_YW_TP000029",3.033032453,5.15105481857582,4.34371535978211,5.9590890542888
"2637",27,"UKENNE_YW_TP000029",NA,5.15960022057049,4.32820936521126,5.993415842865
"2638",28,"UKENNE_YW_TP000029",4.896125322,5.27261817401014,4.46442662991355,6.07959660046833
"2639",29,"UKENNE_YW_TP000029",NA,5.2319274410851,4.40163700661392,6.06351260614228
"2640",30,"UKENNE_YW_TP000029",4.847775814,5.2728851262805,4.46571779363995,6.0821150195313
"2641",31,"UKENNE_YW_TP000029",NA,5.11953120613713,4.2457662557012,5.99346451310341
"2642",32,"UKENNE_YW_TP000029",4.00097251,5.25174170329261,4.4439664861594,6.05704830515941
"2643",33,"UKENNE_YW_TP000029",NA,5.12317288067521,4.30443751170723,5.94243573499194
"2644",34,"UKENNE_YW_TP000029",4.277473194,4.94923356377976,4.13859505970604,5.75688290481829
"2645",35,"UKENNE_YW_TP000029",NA,4.86165917441897,4.02721908426057,5.69487001674072
"2646",36,"UKENNE_YW_TP000029",3.544725736,4.93760914432086,4.12862293943003,5.74400322964148
"2647",37,"UKENNE_YW_TP000029",NA,5.24111729441103,4.40695064773647,6.07469457430842
"2648",38,"UKENNE_YW_TP000029",4.590483307,5.2331570100939,4.42631811951831,6.04357587694688
"2649",39,"UKENNE_YW_TP000029",NA,5.70371674487933,4.87197540642256,6.53745943585755
"2650",40,"UKENNE_YW_TP000029",5.10493131,5.58546569835422,4.77510333123374,6.39347977604678
"2651",41,"UKENNE_YW_TP000029",NA,5.68168535924485,4.84951309925909,6.51631329443674
"2652",42,"UKENNE_YW_TP000029",5.129465227,5.56871102819216,4.76080345793274,6.37478502831516
"2653",43,"UKENNE_YW_TP000029",NA,5.58828513419532,4.75886851042427,6.41863920412171
"2654",44,"UKENNE_YW_TP000029",5.998165445,5.47124352451031,4.66235605504714,6.27845277084428
"2655",45,"UKENNE_YW_TP000029",NA,5.47534396337289,4.61265836516497,6.33727339878167
"3016",1,"UKENNE_YW_TP000098",2.462898439,4.16231141781856,3.33886357731286,4.98544823542641
"3017",2,"UKENNE_YW_TP000098",NA,4.26332646885261,3.47674672618509,5.04913382645949
"3018",3,"UKENNE_YW_TP000098",NA,4.45208759091599,3.64899108953315,5.25631234647932
"3019",4,"UKENNE_YW_TP000098",2.945785667,4.53499232913597,3.74474713765487,5.32514777816803
"3020",5,"UKENNE_YW_TP000098",NA,4.64407548856611,3.82707865727214,5.46266393113231
"3021",6,"UKENNE_YW_TP000098",2.717565376,4.77107441888542,3.98596291335569,5.5602858425144
"3022",7,"UKENNE_YW_TP000098",NA,4.7135671672585,3.88123076742613,5.5465431307731
"3023",8,"UKENNE_YW_TP000098",4.949211095,4.83291634681543,4.05120760491219,5.6187484934668
"3024",9,"UKENNE_YW_TP000098",NA,4.83184496100479,4.01551011477886,5.64851962278613
"3025",10,"UKENNE_YW_TP000098",4.440866405,5.01502104122439,4.23324340419327,5.80088356027602
"3026",11,"UKENNE_YW_TP000098",NA,5.29723702271956,4.48103819241643,6.1172336169366
"3027",12,"UKENNE_YW_TP000098",4.01206831,5.18506401343341,4.39986308558176,5.97485821966321
"3028",13,"UKENNE_YW_TP000098",NA,5.18261629337928,4.36343519365765,6.00372771079532
"3029",14,"UKENNE_YW_TP000098",4.340065144,5.19466388370602,4.40648322886318,5.98101832315171
"3030",15,"UKENNE_YW_TP000098",NA,5.0554718773125,4.23807062060506,5.87353168973973
"3031",16,"UKENNE_YW_TP000098",5.185790288,5.11009082233351,4.32517386852126,5.8966646228126
"3032",17,"UKENNE_YW_TP000098",4.435157778,5.17313284386591,4.35991418416338,5.98974740461049
"3033",18,"UKENNE_YW_TP000098",NA,4.93158801995323,4.14495600819161,5.71761335590482
"3034",19,"UKENNE_YW_TP000098",4.045234505,4.83765083719182,4.02180042451739,5.65597510733001
"3035",20,"UKENNE_YW_TP000098",NA,4.87950462151008,4.09516787333848,5.66439661306238
"3036",21,"UKENNE_YW_TP000098",4.061618431,4.97035187498406,4.15464791770003,5.78999772091645
"3037",22,"UKENNE_YW_TP000098",NA,4.80302880569245,4.01687191362763,5.58826047550662
"3038",23,"UKENNE_YW_TP000098",4.647172825,4.97081977457119,4.15683437869406,5.78705986493946
"3039",24,"UKENNE_YW_TP000098",NA,4.9226132005178,4.13822485629378,5.70710572516193
"3040",25,"UKENNE_YW_TP000098",4.944262015,5.05006449607159,4.23239796747606,5.86764800587495
"3041",26,"UKENNE_YW_TP000098",NA,4.85832491608437,4.0713481542902,5.64339774257255
"3042",27,"UKENNE_YW_TP000098",4.916461056,4.89436204756242,4.08070416676235,5.70849329894583
"3043",28,"UKENNE_YW_TP000098",NA,5.04938074917447,4.26280148294199,5.83445720353341
"3044",29,"UKENNE_YW_TP000098",4.108645918,5.00703958127435,4.1941866254308,5.81972596815154
"3045",30,"UKENNE_YW_TP000098",NA,5.10099571032306,4.31752458019975,5.8867607476188
"3046",31,"UKENNE_YW_TP000098",NA,4.92905845167791,4.06148957402195,5.7963500743533
"3047",32,"UKENNE_YW_TP000098",4.983310427,5.14843825936558,4.36681434612053,5.93031304983036
"3048",33,"UKENNE_YW_TP000098",2.346099083,4.99296579078466,4.1992894691101,5.78877743267905
"3049",34,"UKENNE_YW_TP000098",NA,4.80089063710854,4.01970612766737,5.58330647975506
"3050",35,"UKENNE_YW_TP000098",4.616988962,4.66215158843236,3.84554570622809,5.47776996889168
"3051",36,"UKENNE_YW_TP000098",NA,4.79472841115567,4.01369944720678,5.57602383219329
"3052",37,"UKENNE_YW_TP000098",3.363673694,5.02199202328172,4.20295845875024,5.83846143559948
"3053",38,"UKENNE_YW_TP000098",NA,5.15401501525997,4.37271723422243,5.93818221210313
"3054",39,"UKENNE_YW_TP000098",4.62955415,5.58254364669469,4.76903203955514,6.40085679756659
"3055",40,"UKENNE_YW_TP000098",NA,5.45244997182604,4.6698032754135,6.235860399822
"3056",41,"UKENNE_YW_TP000098",4.449337503,5.52106750175833,4.70855401129787,6.33760824183248
"3057",42,"UKENNE_YW_TP000098",NA,5.41314011488942,4.63167168616432,6.19471380213542
"3058",43,"UKENNE_YW_TP000098",5.279447185,5.40406740451087,4.59485732581786,6.21514512077359
"3059",44,"UKENNE_YW_TP000098",NA,5.2567369480828,4.47417033363006,6.0391544465918
"3060",45,"UKENNE_YW_TP000098",NA,5.30252531051318,4.44755754612283,6.15608175571866
"5851",1,"UKENTH_TWU_TP000014",NA,3.91839358387972,3.05911487829028,4.77769596303227
"5852",2,"UKENTH_TWU_TP000014",3.372705821,3.93425129755552,3.14397222163127,4.72728674021809
"5853",3,"UKENTH_TWU_TP000014",NA,4.06897029775804,3.23351097088328,4.90368826347742
"5854",4,"UKENTH_TWU_TP000014",3.919093827,4.14844701336823,3.35387353126131,4.94293318528056
"5855",5,"UKENTH_TWU_TP000014",NA,4.21090082354258,3.35201739473489,5.07151639393049
"5856",6,"UKENTH_TWU_TP000014",3.993905784,4.62589425744608,3.83516922537087,5.41760695227347
"5857",7,"UKENTH_TWU_TP000014",NA,4.42307657886842,3.56175637224541,5.28579635976065
"5858",8,"UKENTH_TWU_TP000014",3.740024228,4.44661519236385,3.6559107223998,5.23893594219145
"5859",9,"UKENTH_TWU_TP000014",NA,4.6737028651516,3.82050617686321,5.52709271623052
"5860",10,"UKENTH_TWU_TP000014",4.004731453,4.76017343358509,3.96998887297773,5.5513602050804
"5861",11,"UKENTH_TWU_TP000014",NA,4.843424033553,3.99073143169556,5.69770622470039
"5862",12,"UKENTH_TWU_TP000014",3.967141529,4.86948171605712,4.07968325616841,5.66050089973667
"5863",13,"UKENTH_TWU_TP000014",NA,4.8256690737343,3.97151270088413,5.68097384929951
"5864",14,"UKENTH_TWU_TP000014",4.465498942,4.93789587982871,4.14850804621076,5.72773359307025
"5865",15,"UKENTH_TWU_TP000014",NA,4.82548631754752,3.96318860782095,5.68934161504588
"5866",16,"UKENTH_TWU_TP000014",3.975362232,4.83713166163089,4.04495060761368,5.62853655420804
"5867",17,"UKENTH_TWU_TP000014",NA,4.74947719163779,3.89004702708267,5.61095194841579
"5868",18,"UKENTH_TWU_TP000014",4.422067806,4.51181421571194,3.72066183721157,5.30263016856111
"5869",19,"UKENTH_TWU_TP000014",NA,4.61535237760151,3.75217354682854,5.47856799296074
"5870",20,"UKENTH_TWU_TP000014",5.011757266,4.66801973538123,3.8772743501023,5.45836229926131
"5871",21,"UKENTH_TWU_TP000014",NA,4.58420631797756,3.72859862533878,5.4408870737122
"5872",22,"UKENTH_TWU_TP000014",4.318907098,4.49256743558101,3.70145233784706,5.28291712477212
"5873",23,"UKENTH_TWU_TP000014",NA,4.70313438216143,3.85267582713145,5.55366742528037
"5874",24,"UKENTH_TWU_TP000014",NA,4.68916940189342,3.8999658847319,5.47840391450876
"5875",25,"UKENTH_TWU_TP000014",NA,4.73734318029627,3.88012520442597,5.59571676279127
"5876",26,"UKENTH_TWU_TP000014",4.690651191,4.68637525596129,3.89655453544918,5.47576662386752
"5877",27,"UKENTH_TWU_TP000014",NA,4.74452473905232,3.88336979961812,5.60499907153884
"5878",28,"UKENTH_TWU_TP000014",4.41199186,4.76714356417892,3.97726210666911,5.55663943009869
"5879",29,"UKENTH_TWU_TP000014",NA,4.69381632486239,3.83501104803054,5.553296323619
"5880",30,"UKENTH_TWU_TP000014",3.690253433,4.63857728905157,3.8428921978292,5.43167454492785
"5881",31,"UKENTH_TWU_TP000014",NA,4.52267194943414,3.61403636008415,5.4300435523172
"5882",32,"UKENTH_TWU_TP000014",3.453162545,4.41131600920096,3.62079257893934,5.20274559165557
"5883",33,"UKENTH_TWU_TP000014",NA,4.50754008698206,3.69094049316863,5.32425413785492
"5884",34,"UKENTH_TWU_TP000014",4.544197123,4.31018276020388,3.51316406267027,5.11052504398425
"5885",35,"UKENTH_TWU_TP000014",NA,4.38484447524345,3.52655941942105,5.242543960433
"5886",36,"UKENTH_TWU_TP000014",3.323060366,4.48699740717417,3.69478782578684,5.27815776512721
"5887",37,"UKENTH_TWU_TP000014",NA,4.74202385616414,3.88050611024594,5.6043842156553
"5888",38,"UKENTH_TWU_TP000014",4.159152179,4.77524280590885,3.98511179338828,5.56510293902237
"5889",39,"UKENTH_TWU_TP000014",NA,5.04318397899732,4.18546355504103,5.90211508284373
"5890",40,"UKENTH_TWU_TP000014",3.973991899,4.87384026784203,4.08457453159191,5.66383957082379
"5891",41,"UKENTH_TWU_TP000014",NA,5.02589740610939,4.16345499159497,5.89028662230368
"5892",42,"UKENTH_TWU_TP000014",4.250696242,5.07835979248659,4.28841014070025,5.86999087816676
"5893",43,"UKENTH_TWU_TP000014",NA,5.08194766605477,4.23140462481607,5.93332056923577
"5894",44,"UKENTH_TWU_TP000014",4.690615041,4.85437467078628,4.06406551021388,5.64729669117742
"5895",45,"UKENTH_TWU_TP000014",NA,5.06555994341472,4.20910307732821,5.92085814293279
"5941",1,"UKENTH_TWU_TP000021",NA,4.67925702670203,3.56641333001183,5.79120711433181
"5942",2,"UKENTH_TWU_TP000021",4.072517563,4.61028134096945,3.54617316506083,5.6743723171681
"5943",3,"UKENTH_TWU_TP000021",NA,4.86743583057237,3.77232589975008,5.96229961960214
"5944",4,"UKENTH_TWU_TP000021",3.658742309,4.97722578444084,3.91047985752676,6.04390680933015
"5945",5,"UKENTH_TWU_TP000021",NA,4.97528727825121,3.86304626509026,6.08794971832988
"5946",6,"UKENTH_TWU_TP000021",5.300252869,5.42120172758883,4.35584386811564,6.48669040897629
"5947",7,"UKENTH_TWU_TP000021",NA,5.26634369426182,4.1510560981459,6.38316233571696
"5948",8,"UKENTH_TWU_TP000021",4.131682786,5.2114005909635,4.14346961435806,6.2790583716195
"5949",9,"UKENTH_TWU_TP000021",NA,5.45121398903438,4.34571596594865,6.55741586565347
"5950",10,"UKENTH_TWU_TP000021",3.775208016,5.59110033574174,4.52292746368287,6.65902332001042
"5951",11,"UKENTH_TWU_TP000021",NA,5.64234075307689,4.53513890968939,6.75131548914451
"5952",12,"UKENTH_TWU_TP000021",3.744444775,5.54185348189902,4.47425016575387,6.60901090166793
"5953",13,"UKENTH_TWU_TP000021",NA,5.60627472792086,4.49630601485104,6.7177205183082
"5954",14,"UKENTH_TWU_TP000021",4.795964852,5.76885184399844,4.70363482285003,6.83424675349128
"5955",15,"UKENTH_TWU_TP000021",NA,5.61986529105263,4.49989973220093,6.7416535204825
"5956",16,"UKENTH_TWU_TP000021",4.703574014,5.67832254040905,4.61497532960483,6.7416028923544
"5957",17,"UKENTH_TWU_TP000021",NA,5.55028340739901,4.4334852355059,6.66862531989104
"5958",18,"UKENTH_TWU_TP000021",3.214566771,5.27107130032503,4.20655768658967,6.33496993982985
"5959",19,"UKENTH_TWU_TP000021",NA,5.39800007806186,4.27546641226987,6.52098952345146
"5960",20,"UKENTH_TWU_TP000021",2.87235703,5.4015292110166,4.33778671868445,6.46495224680754
"5961",21,"UKENTH_TWU_TP000021",NA,5.41465092431174,4.30285074961128,6.52736488257978
"5962",22,"UKENTH_TWU_TP000021",3.173387026,5.25674477084268,4.1919039462461,6.32105857566063
"5963",23,"UKENTH_TWU_TP000021",NA,5.51646461895967,4.40919671492528,6.62432551861122
"5964",24,"UKENTH_TWU_TP000021",3.427115977,5.52961764261712,4.46453962769141,6.59480713670569
"5965",25,"UKENTH_TWU_TP000021",NA,5.53287523142382,4.41397946013945,6.6526548740769
"5966",26,"UKENTH_TWU_TP000021",4.021705005,5.49885286726236,4.43512093464217,6.56267299085446
"5967",27,"UKENTH_TWU_TP000021",NA,5.53250079138828,4.41545283880147,6.64978914973963
"5968",28,"UKENTH_TWU_TP000021",3.357064324,5.5767479535719,4.512365756582,6.64131537951247
"5969",29,"UKENTH_TWU_TP000021",NA,5.48728091816993,4.36912106672285,6.60599082899049
"5970",30,"UKENTH_TWU_TP000021",4.024052914,5.46181362829091,4.39817404883489,6.52574181026401
"5971",31,"UKENTH_TWU_TP000021",NA,5.32173536051755,4.15797882492404,6.48406800253332
"5972",32,"UKENTH_TWU_TP000021",3.817606111,5.23843909873377,4.16928509632702,6.30845353712015
"5973",33,"UKENTH_TWU_TP000021",NA,5.31460262704022,4.22974311826285,6.40032238015239
"5974",34,"UKENTH_TWU_TP000021",3.63851122,5.12321629854528,4.05536695552458,6.19195334222341
"5975",35,"UKENTH_TWU_TP000021",NA,5.17509875383298,4.06059023914486,6.28934948587465
"5976",36,"UKENTH_TWU_TP000021",4.162292522,5.31930530861267,4.25464787059307,6.38449250013324
"5977",37,"UKENTH_TWU_TP000021",NA,5.54012412782216,4.41967386131693,6.66104195036238
"5978",38,"UKENTH_TWU_TP000021",4.062665801,5.68514575702824,4.62083299998039,6.74995965953661
"5979",39,"UKENTH_TWU_TP000021",NA,5.85364542757401,4.74051416710748,6.96848399030612
"5980",40,"UKENTH_TWU_TP000021",4.112327426,5.70852733101133,4.64315191782043,6.77403140633939
"5981",41,"UKENTH_TWU_TP000021",NA,5.83849200265004,4.71933645502425,6.95909237264269
"5982",42,"UKENTH_TWU_TP000021",5.211970551,5.85637231788759,4.79150949338486,6.92152519195812
"5983",43,"UKENTH_TWU_TP000021",4.562680715,5.9201031888934,4.81197040280917,7.02948894372505
"5984",44,"UKENTH_TWU_TP000021",NA,5.57592206931839,4.51085271744261,6.64086560722972
"5985",45,"UKENTH_TWU_TP000021",NA,5.87393538059902,4.76547753973511,6.98194566296365
"6076",1,"UKENTH_TWU_TP000052",2.97614197,3.99813824919589,3.14213219210933,4.85416407442534
"6077",2,"UKENTH_TWU_TP000052",NA,4.01906411347849,3.23285508375508,4.80813839961727
"6078",3,"UKENTH_TWU_TP000052",3.432535746,4.14775952731205,3.31581755290703,4.97874259711169
"6079",4,"UKENTH_TWU_TP000052",NA,4.21611714895816,3.42564474391559,5.00575128743201
"6080",5,"UKENTH_TWU_TP000052",4.256411491,4.289226894916,3.43368953742179,5.14651624331771
"6081",6,"UKENTH_TWU_TP000052",NA,4.70258546084378,3.91652324596735,5.48939540562179
"6082",7,"UKENTH_TWU_TP000052",3.424788399,4.49352858526865,3.63542774870342,5.35263557996166
"6083",8,"UKENTH_TWU_TP000052",NA,4.53179967625882,3.74563012163739,5.31997351767816
"6084",9,"UKENTH_TWU_TP000052",NA,4.7502245369445,3.90041184630153,5.59976316408183
"6085",10,"UKENTH_TWU_TP000052",4.435834235,4.83373718725979,4.0479681225213,5.62053862449742
"6086",11,"UKENTH_TWU_TP000052",3.994158706,4.91994216839251,4.07000233341973,5.77142692049015
"6087",12,"UKENTH_TWU_TP000052",NA,4.95912439082079,4.17357265029101,5.74597351469298
"6088",13,"UKENTH_TWU_TP000052",2.955008199,4.9027077277304,4.05144635145305,5.75495011188295
"6089",14,"UKENTH_TWU_TP000052",NA,5.01266740667647,4.2274623549421,5.79831511106988
"6090",15,"UKENTH_TWU_TP000052",3.588387889,4.90141970522334,4.04244881238796,5.76172162184775
"6091",16,"UKENTH_TWU_TP000052",NA,4.90822175118564,4.11990852560289,5.69491858522552
"6092",17,"UKENTH_TWU_TP000052",4.12041037,4.82581360217704,3.96995665730932,5.68356562905916
"6093",18,"UKENTH_TWU_TP000052",NA,4.60146264312006,3.81541931832369,5.38720792912543
"6094",19,"UKENTH_TWU_TP000052",NA,4.69428716273498,3.83471960525779,5.55345357087444
"6095",20,"UKENTH_TWU_TP000052",4.193629299,4.75346134038828,3.96718848135137,5.53905256114294
"6096",21,"UKENTH_TWU_TP000052",4.215805831,4.65702306743223,3.8046017033871,5.51038188634532
"6097",22,"UKENTH_TWU_TP000052",NA,4.56600229229326,3.77836541004885,5.35204902228207
"6098",23,"UKENTH_TWU_TP000052",4.673348939,4.77835871774352,3.93047709659511,5.62616416098998
"6099",24,"UKENTH_TWU_TP000052",NA,4.76247646400416,3.97711514460281,5.54746869199719
"6100",25,"UKENTH_TWU_TP000052",NA,4.8119002052683,3.95816658861177,5.66664566624601
"6101",26,"UKENTH_TWU_TP000052",4.288852076,4.75990934287063,3.97366219152718,5.54531624466223
"6102",27,"UKENTH_TWU_TP000052",2.193900494,4.82107036422742,3.96249624365498,5.67851330667769
"6103",28,"UKENTH_TWU_TP000052",NA,4.84080627530717,4.0544645974985,5.62625746407381
"6104",29,"UKENTH_TWU_TP000052",4.60319709,4.76961770469857,3.9138340146957,5.62599305407286
"6105",30,"UKENTH_TWU_TP000052",NA,4.70854145395636,3.9147002272843,5.4984408554105
"6106",31,"UKENTH_TWU_TP000052",3.989851703,4.59290997558103,3.68349206421557,5.50066937768953
"6107",32,"UKENTH_TWU_TP000052",NA,4.47515069970365,3.6887062640707,5.26227416572854
"6108",33,"UKENTH_TWU_TP000052",3.829729018,4.58755732802946,3.77332964076846,5.40205988417726
"6109",34,"UKENTH_TWU_TP000052",NA,4.38200633720629,3.58923398573204,5.17814452080605
"6110",35,"UKENTH_TWU_TP000052",3.088058227,4.46039403312003,3.60487160398481,5.31503175522645
"6111",36,"UKENTH_TWU_TP000052",NA,4.56300555409358,3.77478699218187,5.34968891170922
"6112",37,"UKENTH_TWU_TP000052",4.555481275,4.81787955491063,3.95989665063357,5.67671133554352
"6113",38,"UKENTH_TWU_TP000052",NA,4.84501815705371,4.05895402360997,5.63051524495296
"6114",39,"UKENTH_TWU_TP000052",4.85099212,5.11661160077949,4.26208569617763,5.97216347578292
"6115",40,"UKENTH_TWU_TP000052",NA,4.95315415821534,4.16801655086945,5.73909804784493
"6116",41,"UKENTH_TWU_TP000052",4.967069514,5.10000449441916,4.24120373475712,5.96066376645233
"6117",42,"UKENTH_TWU_TP000052",NA,5.15567968314086,4.36990565090139,5.94307519311873
"6118",43,"UKENTH_TWU_TP000052",NA,5.15524569056948,4.30736114895521,6.00357137005798
"6119",44,"UKENTH_TWU_TP000052",NA,4.93238318743921,4.14606267946359,5.72150110301944
"6120",45,"UKENTH_TWU_TP000052",NA,5.1362254824965,4.28124028022564,5.98948335344506
"6121",1,"UKENTH_TWU_TP000054",NA,4.00460943687018,3.15324428646048,4.85583918164561
"6122",2,"UKENTH_TWU_TP000054",3.857142316,3.99826232381909,3.21124167633029,4.78801934351717
"6123",3,"UKENTH_TWU_TP000054",NA,4.16569629634977,3.33591744335733,4.99432930222216
"6124",4,"UKENTH_TWU_TP000054",3.276497623,4.25873598637569,3.46780395547315,5.04930079730558
"6125",5,"UKENTH_TWU_TP000054",NA,4.29751183528869,3.44529703396635,5.15100173840399
"6126",6,"UKENTH_TWU_TP000054",4.524515727,4.72607866431258,3.93716782917677,5.51471211651046
"6127",7,"UKENTH_TWU_TP000054",NA,4.53612766217227,3.68200654984245,5.39147953169369
"6128",8,"UKENTH_TWU_TP000054",4.954555814,4.53501509650346,3.74586091845674,5.32434431247396
"6129",9,"UKENTH_TWU_TP000054",NA,4.76395303019478,3.92052634814728,5.60737546108357
"6130",10,"UKENTH_TWU_TP000054",4.549804199,4.86309993225645,4.07411133844391,5.65249593807878
"6131",11,"UKENTH_TWU_TP000054",NA,4.94055360112793,4.09475385073228,5.78758530647408
"6132",12,"UKENTH_TWU_TP000054",4.226346829,4.922609497733,4.13358911507293,5.71292627578125
"6133",13,"UKENTH_TWU_TP000054",NA,4.91443801458487,4.06670091173388,5.76292508319145
"6134",14,"UKENTH_TWU_TP000054",4.813184644,5.05465556055901,4.26585226576999,5.84307949284895
"6135",15,"UKENTH_TWU_TP000054",NA,4.92000068271509,4.06262894183928,5.77879036248597
"6136",16,"UKENTH_TWU_TP000054",4.799150764,4.96245292124334,4.17379266142078,5.75077537753561
"6137",17,"UKENTH_TWU_TP000054",NA,4.84832394440266,3.99390448687961,5.70485595347796
"6138",18,"UKENTH_TWU_TP000054",5.058662091,4.59432344169844,3.8042972040503,5.38297324063508
"6139",19,"UKENTH_TWU_TP000054",NA,4.70581219837481,3.84765226501887,5.56381340091573
"6140",20,"UKENTH_TWU_TP000054",4.325040317,4.73410743028361,3.9457836225076,5.52170696001216
"6141",21,"UKENTH_TWU_TP000054",NA,4.69581604352533,3.84667043103767,5.54649713733012
"6142",22,"UKENTH_TWU_TP000054",4.626576259,4.57633831298793,3.78763230849118,5.3645830931831
"6143",23,"UKENTH_TWU_TP000054",NA,4.80599717043127,3.96168676518124,5.65045628381973
"6144",24,"UKENTH_TWU_TP000054",5.017950943,4.78398287292962,3.99656844433413,5.57173388502568
"6145",25,"UKENTH_TWU_TP000054",NA,4.83506886627633,3.98277094539084,5.6886201509884
"6146",26,"UKENTH_TWU_TP000054",4.813372644,4.7918309299645,4.00430468749046,5.57946170617549
"6147",27,"UKENTH_TWU_TP000054",NA,4.83493567982396,3.9803262111143,5.68866003869074
"6148",28,"UKENTH_TWU_TP000054",4.713521542,4.87079814172923,4.08284578772488,5.65861193079051
"6149",29,"UKENTH_TWU_TP000054",NA,4.79081967408035,3.93753731402863,5.64504103887254
"6150",30,"UKENTH_TWU_TP000054",4.895071006,4.7477076473462,3.95839081635266,5.53573659794835
"6151",31,"UKENTH_TWU_TP000054",NA,4.62112128462249,3.71842239752213,5.52226703496608
"6152",32,"UKENTH_TWU_TP000054",4.721506259,4.51691811050364,3.72659117699693,5.31120692493563
"6153",33,"UKENTH_TWU_TP000054",NA,4.60263982377957,3.78842213882396,5.41723309286474
"6154",34,"UKENTH_TWU_TP000054",5.261926693,4.41291648516414,3.61995389390357,5.21018340819473
"6155",35,"UKENTH_TWU_TP000054",NA,4.47921025163399,3.62741968154186,5.33036310387349
"6156",36,"UKENTH_TWU_TP000054",4.419607547,4.59807882998934,3.80950187220223,5.38635792798285
"6157",37,"UKENTH_TWU_TP000054",NA,4.84227789654618,3.98576327466665,5.69981337519087
"6158",38,"UKENTH_TWU_TP000054",4.987435523,4.91241928664521,4.12503712815678,5.70003127953766
"6159",39,"UKENTH_TWU_TP000054",NA,5.14470137717211,4.29301381214429,5.99763953065511
"6160",40,"UKENTH_TWU_TP000054",5.257712105,4.98717779154353,4.19960236873159,5.77590004813971
"6161",41,"UKENTH_TWU_TP000054",NA,5.1296509938614,4.27234634111077,5.98903380688648
"6162",42,"UKENTH_TWU_TP000054",5.154620179,5.16459060576182,4.37676291986564,5.95462022059425
"6163",43,"UKENTH_TWU_TP000054",NA,5.19217060582175,4.34794569147444,6.03729455368021
"6164",44,"UKENTH_TWU_TP000054",5.173341971,4.93095613474222,4.14296466406272,5.72166959127029
"6165",45,"UKENTH_TWU_TP000054",NA,5.16490632676487,4.3155470186286,6.01271369293774
"6571",1,"UKENTH_TWU_TP000125",NA,4.10189074196791,3.25256762269126,4.95090149923814
"6572",2,"UKENTH_TWU_TP000125",3.704249776,4.12867461786601,3.3476763735334,4.9121183259399
"6573",3,"UKENTH_TWU_TP000125",NA,4.25227753695414,3.42558576821786,5.07788566535269
"6574",4,"UKENTH_TWU_TP000125",3.753827831,4.31106905464583,3.52664688987799,5.09407025146226
"6575",5,"UKENTH_TWU_TP000125",NA,4.39311937431503,3.54303710515678,5.24447240335594
"6576",6,"UKENTH_TWU_TP000125",4.11310554,4.80565867436331,4.02548749608144,5.58606712208906
"6577",7,"UKENTH_TWU_TP000125",NA,4.59857837066071,3.74540162448073,5.45261633091017
"6578",8,"UKENTH_TWU_TP000125",3.268786576,4.64142404779755,3.86070997960245,5.42371283197582
"6579",9,"UKENTH_TWU_TP000125",NA,4.85079669577482,4.00629933912539,5.69496926310451
"6580",10,"UKENTH_TWU_TP000125",4.250119168,4.91945154678265,4.13873036207425,5.70054699670338
"6581",11,"UKENTH_TWU_TP000125",NA,5.02185119080099,4.17676600166527,5.8684404608982
"6582",12,"UKENTH_TWU_TP000125",2.932020403,5.06730312513366,4.28691522954547,5.84891301621971
"6583",13,"UKENTH_TWU_TP000125",NA,5.00810948198436,4.16172294531878,5.85569039525263
"6584",14,"UKENTH_TWU_TP000125",4.545987757,5.11961654685941,4.33954215103331,5.9003017619856
"6585",15,"UKENTH_TWU_TP000125",NA,5.00033451370442,4.14724149353708,5.85477650973617
"6586",16,"UKENTH_TWU_TP000125",4.205955211,5.01142815414351,4.22928956956063,5.79205611247249
"6587",17,"UKENTH_TWU_TP000125",NA,4.92691046840025,4.07636030375293,5.77908392238897
"6588",18,"UKENTH_TWU_TP000125",3.99379909,4.71472508637774,3.93458223165227,5.49467792825602
"6589",19,"UKENTH_TWU_TP000125",NA,4.79273914201494,3.93844254541534,5.64673302859659
"6590",20,"UKENTH_TWU_TP000125",4.96308072,4.85789650912975,4.07733460890884,5.63777208114813
"6591",21,"UKENTH_TWU_TP000125",NA,4.7599751089338,3.91254101257534,5.60815433874075
"6592",22,"UKENTH_TWU_TP000125",3.821092645,4.66481577374188,3.88237199187871,5.44543315108613
"6593",23,"UKENTH_TWU_TP000125",NA,4.87852349288835,4.03533579773702,5.72181519934182
"6594",24,"UKENTH_TWU_TP000125",4.203727641,4.85582460231449,4.07553391491408,5.63546231122487
"6595",25,"UKENTH_TWU_TP000125",NA,4.9167907047469,4.06811409842028,5.76646264591051
"6596",26,"UKENTH_TWU_TP000125",4.04988352,4.87119382537437,4.09083995489905,5.65100614703967
"6597",27,"UKENTH_TWU_TP000125",NA,4.9190101210183,4.06632749383783,5.77082544352864
"6598",28,"UKENTH_TWU_TP000125",4.317919754,4.94379920539682,4.16280294726537,5.72398271587614
"6599",29,"UKENTH_TWU_TP000125",NA,4.86707717270188,4.01636219586764,5.71816703198249
"6600",30,"UKENTH_TWU_TP000125",4.174254431,4.80951394489436,4.02180507656608,5.59322290111307
"6601",31,"UKENTH_TWU_TP000125",NA,4.70577792968788,3.80918619094707,5.60110294587106
"6602",32,"UKENTH_TWU_TP000125",3.601862376,4.5750813968049,3.79341447435412,5.35742391331903
"6603",33,"UKENTH_TWU_TP000125",NA,4.69339126018136,3.88327007810778,5.50396214059158
"6604",34,"UKENTH_TWU_TP000125",5.067303267,4.47990296228839,3.69318557879562,5.26890936800135
"6605",35,"UKENTH_TWU_TP000125",NA,4.56232969212267,3.71203968744273,5.41158063687863
"6606",36,"UKENTH_TWU_TP000125",3.465481338,4.66779102656414,3.88580133862024,5.44831534139807
"6607",37,"UKENTH_TWU_TP000125",NA,4.92321244837561,4.07080745239427,5.77613457161703
"6608",38,"UKENTH_TWU_TP000125",5.139668665,4.94481663572371,4.16449246171568,5.72434318078104
"6609",39,"UKENTH_TWU_TP000125",NA,5.2177530671783,4.36884051814657,6.06761887531477
"6610",40,"UKENTH_TWU_TP000125",5.04584258,5.06321562003323,4.28313678082993,5.84405426399899
"6611",41,"UKENTH_TWU_TP000125",NA,5.20354204987614,4.34941347233328,6.05922489916413
"6612",42,"UKENTH_TWU_TP000125",4.566628903,5.25524307387504,4.47486424508503,6.03690766400597
"6613",43,"UKENTH_TWU_TP000125",NA,5.24753032049281,4.40384091488317,6.09136359603992
"6614",44,"UKENTH_TWU_TP000125",5.205024447,5.03257070413637,4.2512730689376,5.81603756598118
"6615",45,"UKENTH_TWU_TP000125",NA,5.23701832416335,4.38618960592572,6.08624677833431
"6616",1,"UKENTH_TWU_TP000126",NA,4.39330741487424,3.54906021836123,5.2369856756291
"6617",2,"UKENTH_TWU_TP000126",2.798675769,4.38002457764541,3.59685920731451,5.16508532810451
"6618",3,"UKENTH_TWU_TP000126",NA,4.56952246291898,3.74442815190976,5.39400977428689
"6619",4,"UKENTH_TWU_TP000126",2.612029596,4.63666054249634,3.85022922497554,5.42115929326612
"6620",5,"UKENTH_TWU_TP000126",NA,4.68394240664745,3.83936416646395,5.52916746121239
"6621",6,"UKENTH_TWU_TP000126",4.343336517,5.1234537937458,4.33690814470406,5.90792673725803
"6622",7,"UKENTH_TWU_TP000126",NA,4.92945559821123,4.08263538489703,5.7772711673933
"6623",8,"UKENTH_TWU_TP000126",4.50889228,4.94660521319113,4.16150086193579,5.73155855137268
"6624",9,"UKENTH_TWU_TP000126",NA,5.14095734987633,4.30431682513531,5.97725346681415
"6625",10,"UKENTH_TWU_TP000126",4.807082461,5.21773880254273,4.43038562282804,6.00328525245322
"6626",11,"UKENTH_TWU_TP000126",NA,5.33296554900587,4.494233274681,6.17243344963932
"6627",12,"UKENTH_TWU_TP000126",4.14114856,5.29896240676175,4.51446665439409,6.08409944021766
"6628",13,"UKENTH_TWU_TP000126",NA,5.30498289755199,4.46441708727813,6.14595786216343
"6629",14,"UKENTH_TWU_TP000126",4.905365145,5.48165987451688,4.69681455773809,6.2660466766819
"6630",15,"UKENTH_TWU_TP000126",NA,5.29938675057668,4.45093179533884,6.14906177239047
"6631",16,"UKENTH_TWU_TP000126",4.793452722,5.37194774491769,4.58793082448807,6.15478065960462
"6632",17,"UKENTH_TWU_TP000126",NA,5.23713164520426,4.39052239553999,6.08525846754961
"6633",18,"UKENTH_TWU_TP000126",5.312142057,5.02651448760073,4.24286843968439,5.80963680784682
"6634",19,"UKENTH_TWU_TP000126",NA,5.08541476132663,4.23479531904191,5.9355648756074
"6635",20,"UKENTH_TWU_TP000126",5.104411568,5.11246238703538,4.32896809830711,5.89557192617109
"6636",21,"UKENTH_TWU_TP000126",NA,5.09285513149921,4.25113229365856,5.93575339972852
"6637",22,"UKENTH_TWU_TP000126",4.674739188,4.94296182051345,4.15745306525442,5.72633347674949
"6638",23,"UKENTH_TWU_TP000126",NA,5.19346869385458,4.35602638135616,6.03083073216049
"6639",24,"UKENTH_TWU_TP000126",4.388953619,5.13243763536616,4.34702380758022,5.91582372936465
"6640",25,"UKENTH_TWU_TP000126",NA,5.22394579192962,4.37921127272121,6.06947459007672
"6641",26,"UKENTH_TWU_TP000126",2.910101873,5.19418338204341,4.41055000209817,5.9776300518455
"6642",27,"UKENTH_TWU_TP000126",NA,5.20965354368127,4.36300578081486,6.0550998651224
"6643",28,"UKENTH_TWU_TP000126",2.765747654,5.2615624402631,4.47684199201659,6.04481547425675
"6644",29,"UKENTH_TWU_TP000126",NA,5.17520826302487,4.32892280850669,6.02195882031471
"6645",30,"UKENTH_TWU_TP000126",2.624982349,5.13180556111721,4.34730190852305,5.91453421615892
"6646",31,"UKENTH_TWU_TP000126",NA,5.01725511658481,4.12598637182369,5.9069386347726
"6647",32,"UKENTH_TWU_TP000126",4.179651914,4.87695611259115,4.08912572878839,5.67021031080745
"6648",33,"UKENTH_TWU_TP000126",NA,5.00113672002133,4.18845609177846,5.81471524537371
"6649",34,"UKENTH_TWU_TP000126",4.856640389,4.78803979304087,4.00163132495681,5.57768987727652
"6650",35,"UKENTH_TWU_TP000126",NA,4.86220263215473,4.0170844535483,5.70620647169866
"6651",36,"UKENTH_TWU_TP000126",4.469483984,5.00287130511915,4.21918264070702,5.78781472480557
"6652",37,"UKENTH_TWU_TP000126",NA,5.23874760374305,4.38982727530297,6.08815231106137
"6653",38,"UKENTH_TWU_TP000126",5.095867904,5.32551503638993,4.54204335057412,6.10945930262757
"6654",39,"UKENTH_TWU_TP000126",NA,5.52911835619845,4.68698976433816,6.37200586449363
"6655",40,"UKENTH_TWU_TP000126",5.261691685,5.40600316574621,4.62146490935743,6.19226234378447
"6656",41,"UKENTH_TWU_TP000126",NA,5.52018434201993,4.66993342022515,6.37188725755306
"6657",42,"UKENTH_TWU_TP000126",5.538322311,5.52690468881559,4.74284287561884,6.31269764061619
"6658",43,"UKENTH_TWU_TP000126",NA,5.56212121299355,4.72154066089635,6.40236660709581
"6659",44,"UKENTH_TWU_TP000126",4.550962273,5.30017643828925,4.5157244817025,6.08573796331431
"6660",45,"UKENTH_TWU_TP000126",NA,5.53616055602553,4.69023040331129,6.37951694355263
"136",1,"UKENAN_AW_TP000050",NA,4.3115255628029,3.45112952298127,5.17268316193072
"137",2,"UKENAN_AW_TP000050",4.897693102,4.26381274385189,3.4598908525025,5.06731846995891
"138",3,"UKENAN_AW_TP000050",NA,4.52293426130548,3.67950288647415,5.36825766208955
"139",4,"UKENAN_AW_TP000050",4.832915852,4.57188960131361,3.76784163204453,5.3756909542958
"140",5,"UKENAN_AW_TP000050",NA,4.60584134771515,3.74985645690504,5.46327476884653
"141",6,"UKENAN_AW_TP000050",4.721391894,5.06355736546113,4.25796975151541,5.86963633664855
"142",7,"UKENAN_AW_TP000050",NA,4.8294053185186,3.97143215424701,5.68876426767078
"143",8,"UKENAN_AW_TP000050",5.292221938,4.88224209681756,4.07728169348161,5.68639496517705
"144",9,"UKENAN_AW_TP000050",NA,5.02783074729235,4.17532464803781,5.88058638697261
"145",10,"UKENAN_AW_TP000050",4.155512852,5.13090789259435,4.32713640408735,5.93460722916196
"146",11,"UKENAN_AW_TP000050",NA,5.25885392390559,4.40504182140698,6.11386205235193
"147",12,"UKENAN_AW_TP000050",5.065095524,5.12255226637876,4.31860800555832,5.92602824330548
"148",13,"UKENAN_AW_TP000050",NA,5.22632673140102,4.37057126166166,6.08356521362532
"149",14,"UKENAN_AW_TP000050",5.88115928,5.43743599841802,4.63240880470059,6.24320209818321
"150",15,"UKENAN_AW_TP000050",NA,5.19169442330864,4.33230669884103,6.0530394747084
"151",16,"UKENAN_AW_TP000050",5.696996406,5.33885778394256,4.53547357672685,6.14346969444823
"152",17,"UKENAN_AW_TP000050",NA,5.14616237079791,4.28912541507157,6.00526542317161
"153",18,"UKENAN_AW_TP000050",5.196838841,5.04202266852827,4.239426216804,5.84799211108162
"154",19,"UKENAN_AW_TP000050",NA,4.96921972585785,4.10821692074847,5.8304785959693
"155",20,"UKENAN_AW_TP000050",5.769608556,5.0020071109801,4.19991353807525,5.80809985772082
"156",21,"UKENAN_AW_TP000050",NA,5.01252727819812,4.15853374076392,5.86820034877627
"157",22,"UKENAN_AW_TP000050",5.108007771,4.86866975236357,4.06508482539995,5.67196017476339
"158",23,"UKENAN_AW_TP000050",NA,5.10096801662986,4.2498467418322,5.95290806251151
"159",24,"UKENAN_AW_TP000050",5.832983137,5.01055988252722,4.2069413518102,5.81342752846974
"160",25,"UKENAN_AW_TP000050",NA,5.12843272829025,4.27525187817542,5.98254935669056
"161",26,"UKENAN_AW_TP000050",4.816893515,5.09606738579753,4.29246965066808,5.89932311039712
"162",27,"UKENAN_AW_TP000050",NA,5.10151535516209,4.24473383208154,5.95773108791306
"163",28,"UKENAN_AW_TP000050",5.920946011,5.18104349661455,4.37665999344792,5.9844289487558
"164",29,"UKENAN_AW_TP000050",NA,5.08686833140762,4.23188635033375,5.94263319866709
"165",30,"UKENAN_AW_TP000050",5.516945447,5.03958357406107,4.23663171642298,5.84338369350612
"166",31,"UKENAN_AW_TP000050",NA,4.93167757645764,4.03959622261549,5.82289975895508
"167",32,"UKENAN_AW_TP000050",6.064806948,4.70944064635771,3.9021845315486,5.51916797065683
"168",33,"UKENAN_AW_TP000050",NA,4.90002077974976,4.06656603473282,5.73415497846729
"169",34,"UKENAN_AW_TP000050",6.077370959,4.65422241037714,3.84956561651908,5.46032341016757
"170",35,"UKENAN_AW_TP000050",NA,4.76086965313067,3.90481471039937,5.61645552500284
"171",36,"UKENAN_AW_TP000050",4.730940126,4.82487207621165,4.02228758799529,5.62814561092089
"172",37,"UKENAN_AW_TP000050",NA,5.15716040185925,4.29843599298507,6.01657043178644
"173",38,"UKENAN_AW_TP000050",5.528363757,5.23020086379822,4.42672673791845,6.03327557757123
"174",39,"UKENAN_AW_TP000050",NA,5.43726697474238,4.58273018991655,6.29257132556866
"175",40,"UKENAN_AW_TP000050",5.792439746,5.28400517374724,4.4778551207341,6.08985854532591
"176",41,"UKENAN_AW_TP000050",NA,5.4415295754478,4.5806694062836,6.3040100611547
"177",42,"UKENAN_AW_TP000050",5.651528593,5.30109056636277,4.49605121787675,6.10550545284622
"178",43,"UKENAN_AW_TP000050",NA,5.44111419005091,4.58482719457048,6.29623809802572
"179",44,"UKENAN_AW_TP000050",3.053906262,5.18225799828484,4.37740975550968,5.98698274482955
"180",45,"UKENAN_AW_TP000050",NA,5.40706005591088,4.54371095089869,6.26812919809109
"5536",1,"UKENSW_WXW_TP000005",NA,4.4577337086935,3.53830063561415,5.37778902213563
"5537",2,"UKENSW_WXW_TP000005",4.729654876,4.40915121409313,3.53569426270041,5.28461193377149
"5538",3,"UKENSW_WXW_TP000005",NA,4.71256432198519,3.81048565793478,5.61442193574558
"5539",4,"UKENSW_WXW_TP000005",5.462411531,4.64331460550469,3.76865587602917,5.52058212170208
"5540",5,"UKENSW_WXW_TP000005",NA,4.80133424845947,3.88945914439421,5.71574575724846
"5541",6,"UKENSW_WXW_TP000005",5.485437434,4.95348323650573,4.08069020255774,5.82703861058796
"5542",7,"UKENSW_WXW_TP000005",NA,4.91803450275001,4.00352508302188,5.83335371471774
"5543",8,"UKENSW_WXW_TP000005",4.921169482,4.91437987155749,4.04159580524839,5.78822409969912
"5544",9,"UKENSW_WXW_TP000005",NA,5.1563176315225,4.24082438191655,6.07181775134478
"5545",10,"UKENSW_WXW_TP000005",6.417367418,5.36991315303081,4.49450692954522,6.24442020342134
"5546",11,"UKENSW_WXW_TP000005",NA,5.40255483631757,4.49117019810224,6.3152002929645
"5547",12,"UKENSW_WXW_TP000005",5.911387071,5.40367355275145,4.52844574970592,6.27870532107048
"5548",13,"UKENSW_WXW_TP000005",NA,5.28010447725843,4.36057944186811,6.19990281527268
"5549",14,"UKENSW_WXW_TP000005",5.073329736,5.23553937270266,4.36195930019573,6.11066589038509
"5550",15,"UKENSW_WXW_TP000005",NA,5.31790646751417,4.40445265626023,6.23362272375482
"5551",16,"UKENSW_WXW_TP000005",6.166123028,5.49077382136135,4.61699901391845,6.36605506399489
"5552",17,"UKENSW_WXW_TP000005",NA,5.28025199367443,4.36988500730589,6.19344886053868
"5553",18,"UKENSW_WXW_TP000005",5.694308398,5.11161082420399,4.23828036307462,5.98623543888378
"5554",19,"UKENSW_WXW_TP000005",NA,5.08461457372425,4.17152419283503,5.99829712410009
"5555",20,"UKENSW_WXW_TP000005",5.264436408,5.21773891616301,4.34501593789249,6.09217458826934
"5556",21,"UKENSW_WXW_TP000005",NA,5.16741700182821,4.25577351137858,6.07900033295217
"5557",22,"UKENSW_WXW_TP000005",5.684147528,5.10804030234232,4.23508407592819,5.98242232552134
"5558",23,"UKENSW_WXW_TP000005",NA,5.29754513848365,4.3891926088313,6.20577417368344
"5559",24,"UKENSW_WXW_TP000005",5.685741999,5.38916395747141,4.5155049422902,6.26334766494105
"5560",25,"UKENSW_WXW_TP000005",NA,5.24127520647853,4.3317799982345,6.15123399170049
"5561",26,"UKENSW_WXW_TP000005",5.4262334,5.09357658670912,4.21897256134521,5.96575660707463
"5562",27,"UKENSW_WXW_TP000005",NA,5.12613649576236,4.21408269278757,6.03760505170071
"5563",28,"UKENSW_WXW_TP000005",5.178558337,5.22066993968424,4.34696416360025,6.09292764428168
"5564",29,"UKENSW_WXW_TP000005",NA,5.19709536766979,4.28895534556438,6.10531114053012
"5565",30,"UKENSW_WXW_TP000005",5.362323562,5.14860032365754,4.27637839464715,6.02264998429808
"5566",31,"UKENSW_WXW_TP000005",NA,5.07518625584674,4.13913426069004,6.01067595059097
"5567",32,"UKENSW_WXW_TP000005",5.355891138,5.18761799078524,4.31134058447737,6.06555297981076
"5568",33,"UKENSW_WXW_TP000005",NA,5.02372517632664,4.12791766468947,5.9194174447228
"5569",34,"UKENSW_WXW_TP000005",5.490448921,4.95294013766833,4.08054393604217,5.82737098961441
"5570",35,"UKENSW_WXW_TP000005",NA,4.83557993363103,3.92533311270493,5.74693694043695
"5571",36,"UKENSW_WXW_TP000005",5.641982682,4.72463241958675,3.84913189592742,5.59845342263247
"5572",37,"UKENSW_WXW_TP000005",NA,5.34365883018078,4.43251431768171,6.25565691913808
"5573",38,"UKENSW_WXW_TP000005",5.292398221,5.2401565083741,4.36635452685674,6.11436281924045
"5574",39,"UKENSW_WXW_TP000005",NA,5.54977500982017,4.64129010790225,6.45982383758067
"5575",40,"UKENSW_WXW_TP000005",5.838942358,5.46687723833263,4.59418799222993,6.34178924936135
"5576",41,"UKENSW_WXW_TP000005",NA,5.57913538688647,4.66883816054325,6.49017784862079
"5577",42,"UKENSW_WXW_TP000005",5.777003046,5.37695118663839,4.5035921272818,6.25092532131138
"5578",43,"UKENSW_WXW_TP000005",NA,5.55969829498925,4.65726254771773,6.46352906823563
"5579",44,"UKENSW_WXW_TP000005",6.179185601,5.3374334989644,4.46405392168454,6.21084641330902
"5580",45,"UKENSW_WXW_TP000005",NA,5.40828791666419,4.4838540799745,6.33240652737192
"2521",1,"UKENNE_NU_TP000051",NA,4.43392905539556,3.53072452825431,5.33783610615939
"2522",2,"UKENNE_NU_TP000051",4.912985273,4.34798637932048,3.48243769272262,5.21369039157736
"2523",3,"UKENNE_NU_TP000051",4.705288235,4.64033905937265,3.76543330658792,5.51645409413563
"2524",4,"UKENNE_NU_TP000051",NA,4.75319804493075,3.8773760961115,5.62967132318528
"2525",5,"UKENNE_NU_TP000051",NA,4.86833616669279,3.97495906121382,5.76298786844878
"2526",6,"UKENNE_NU_TP000051",5.538569139,4.80418659765645,3.93830300094609,5.67269531812464
"2527",7,"UKENNE_NU_TP000051",NA,4.89352220465728,3.99454320123749,5.79439009064131
"2528",8,"UKENNE_NU_TP000051",4.727429466,4.912312310783,4.04938704872569,5.77729945626692
"2529",9,"UKENNE_NU_TP000051",NA,5.06099133583085,4.16439904107376,5.95945052972306
"2530",10,"UKENNE_NU_TP000051",4.813834236,5.12126691147669,4.25719434148987,5.98667883626512
"2531",11,"UKENNE_NU_TP000051",NA,5.34196155017893,4.44815359144973,6.23735589833713
"2532",12,"UKENNE_NU_TP000051",5.611156238,5.44055168610297,4.57771067582305,6.30486172931961
"2533",13,"UKENNE_NU_TP000051",NA,5.32550988585632,4.43241207718822,6.22054781091747
"2534",14,"UKENNE_NU_TP000051",6.208434329,5.40040904631018,4.53834400586364,6.26339336616243
"2535",15,"UKENNE_NU_TP000051",NA,5.31533877680604,4.42294618316241,6.20961045917093
"2536",16,"UKENNE_NU_TP000051",5.585677846,5.47375890674152,4.61090228807885,6.3387279710554
"2537",17,"UKENNE_NU_TP000051",NA,5.36820348409794,4.47651873363014,6.26125922905676
"2538",18,"UKENNE_NU_TP000051",5.193000839,5.30607836756594,4.44239580110833,6.17122031786755
"2539",19,"UKENNE_NU_TP000051",NA,5.12466089607477,4.23163860888113,6.01954855678687
"2540",20,"UKENNE_NU_TP000051",5.693474379,5.08578330271291,4.22233475400916,5.94973127761904
"2541",21,"UKENNE_NU_TP000051",NA,5.15595049505933,4.26480684775519,6.04859835133799
"2542",22,"UKENNE_NU_TP000051",5.603358274,5.16919108755009,4.30620062466922,6.0333228922725
"2543",23,"UKENNE_NU_TP000051",NA,5.23356250837043,4.34316605839584,6.1268683435395
"2544",24,"UKENNE_NU_TP000051",5.345498623,5.19732481016996,4.3353081710092,6.06169760323856
"2545",25,"UKENNE_NU_TP000051",NA,5.28175380817438,4.38950031249193,6.17462189432434
"2546",26,"UKENNE_NU_TP000051",5.017589204,5.1969503795618,4.33297978031002,6.06205504574868
"2547",27,"UKENNE_NU_TP000051",NA,5.14622073572891,4.26140355036374,6.03233401984682
"2548",28,"UKENNE_NU_TP000051",4.483677445,5.37924237258763,4.51759390681988,6.24142042655057
"2549",29,"UKENNE_NU_TP000051",NA,5.21775061283669,4.33472222687961,6.10199952737344
"2550",30,"UKENNE_NU_TP000051",5.148772699,5.13503385663959,4.2726625962333,5.99579330585477
"2551",31,"UKENNE_NU_TP000051",NA,5.12169200861151,4.20734413925045,6.03697469430037
"2552",32,"UKENNE_NU_TP000051",5.65711866,5.22558455956788,4.36216356943681,6.08731373824691
"2553",33,"UKENNE_NU_TP000051",NA,5.05442348498074,4.17879686704067,5.93070765455157
"2554",34,"UKENNE_NU_TP000051",5.675064481,5.01539620379618,4.1524534571195,5.87730729588738
"2555",35,"UKENNE_NU_TP000051",NA,4.90463610422465,4.01780428934691,5.79058745095947
"2556",36,"UKENNE_NU_TP000051",5.581010738,5.01134094176525,4.14866138117589,5.87267541627495
"2557",37,"UKENNE_NU_TP000051",NA,5.30424184603293,4.41807685270647,6.19208914293752
"2558",38,"UKENNE_NU_TP000051",3.203879475,5.07970905807779,4.21388703917548,5.94507111899839
"2559",39,"UKENNE_NU_TP000051",NA,5.64725702273564,4.76206308779879,6.53289886789853
"2560",40,"UKENNE_NU_TP000051",5.396058301,5.64136467629959,4.77802608902181,6.50430296890266
"2561",41,"UKENNE_NU_TP000051",NA,5.61579653661458,4.7309441323754,6.50102971437268
"2562",42,"UKENNE_NU_TP000051",5.900587622,5.66347554302427,4.79958483619948,6.5260103549819
"2563",43,"UKENNE_NU_TP000051",NA,5.57944429175959,4.69663424333898,6.46280848417677
"2564",44,"UKENNE_NU_TP000051",5.08712781,5.56044881354188,4.69770962945114,6.42309606313584
"2565",45,"UKENNE_NU_TP000051",NA,5.3801320988136,4.47101068827619,6.28834840519552
"5896",1,"UKENTH_TWU_TP000015",NA,3.99350600929964,3.0769231479439,4.90972003855011
"5897",2,"UKENTH_TWU_TP000015",4.533701796,3.91466922191836,3.04520146186293,4.78732971871704
"5898",3,"UKENTH_TWU_TP000015",NA,4.22530100004066,3.32716397582252,5.12395106453352
"5899",4,"UKENTH_TWU_TP000015",4.920774112,4.10472709465502,3.23351738778754,4.97714640127903
"5900",5,"UKENTH_TWU_TP000015",NA,4.39711720077234,3.48684725332987,5.30996763630381
"5901",6,"UKENTH_TWU_TP000015",5.291188143,4.60950004442894,3.73874341510982,5.47964211761353
"5902",7,"UKENTH_TWU_TP000015",NA,4.45502782996908,3.54121549918886,5.36934189083434
"5903",8,"UKENTH_TWU_TP000015",4.54535395,4.523845785267,3.6537229240605,5.39490970105669
"5904",9,"UKENTH_TWU_TP000015",NA,4.72050140044991,3.80597481722163,5.63548942207007
"5905",10,"UKENTH_TWU_TP000015",5.207189816,4.86530083877144,3.99654733620254,5.73448331901658
"5906",11,"UKENTH_TWU_TP000015",NA,4.8683062310748,3.96226668921801,5.7765547795009
"5907",12,"UKENTH_TWU_TP000015",5.074133979,4.76231451351047,3.8891653702,5.63450838843554
"5908",13,"UKENTH_TWU_TP000015",NA,4.72096867467996,3.81240044556932,5.63017847542211
"5909",14,"UKENTH_TWU_TP000015",5.275729652,4.97040494703866,4.1002528601354,5.84038045579863
"5910",15,"UKENTH_TWU_TP000015",NA,4.82600620099948,3.91266614050098,5.74063195130934
"5911",16,"UKENTH_TWU_TP000015",5.063791443,4.86978077680865,4.00031655609176,5.73960099380895
"5912",17,"UKENTH_TWU_TP000015",NA,4.8368569032991,3.92636229622277,5.7493472866046
"5913",18,"UKENTH_TWU_TP000015",4.069552244,4.69782199062953,3.82948126575448,5.56806155837919
"5914",19,"UKENTH_TWU_TP000015",NA,4.67396255381719,3.74941698380413,5.59845758146187
"5915",20,"UKENTH_TWU_TP000015",4.74909116,4.84934698470239,3.98022022197206,5.71758649958145
"5916",21,"UKENTH_TWU_TP000015",NA,4.70348922839437,3.79521651858457,5.61300364707429
"5917",22,"UKENTH_TWU_TP000015",5.427977514,4.49762011349391,3.62724471476476,5.36782594081647
"5918",23,"UKENTH_TWU_TP000015",NA,4.89029204704602,3.98298082078605,5.79873309034119
"5919",24,"UKENTH_TWU_TP000015",5.538265927,4.83403931751004,3.96155502692649,5.70627876387568
"5920",25,"UKENTH_TWU_TP000015",NA,4.8042041023975,3.88589857525026,5.72349097804411
"5921",26,"UKENTH_TWU_TP000015",4.413028395,4.71604137478432,3.84814681822239,5.58529294760152
"5922",27,"UKENTH_TWU_TP000015",NA,4.54128589690104,3.62742191092015,5.45336160526867
"5923",28,"UKENTH_TWU_TP000015",5.514537317,4.72863309272743,3.85990984573893,5.59891250789789
"5924",29,"UKENTH_TWU_TP000015",NA,4.78085410957291,3.87061281843331,5.6928234394276
"5925",30,"UKENTH_TWU_TP000015",4.779730197,4.59181549600922,3.72267412176465,5.46228419547986
"5926",31,"UKENTH_TWU_TP000015",NA,4.59070292219595,3.63913507687641,5.54108175895488
"5927",32,"UKENTH_TWU_TP000015",5.011385329,4.52585989658605,3.65453445282922,5.39942707153507
"5928",33,"UKENTH_TWU_TP000015",4.27179876,4.67373976933404,3.78316613167697,5.5654510317447
"5929",34,"UKENTH_TWU_TP000015",NA,4.61681207920392,3.74452444427318,5.49218718587825
"5930",35,"UKENTH_TWU_TP000015",NA,4.36404126621102,3.45327043988307,5.27440908489682
"5931",36,"UKENTH_TWU_TP000015",4.471137275,4.46606722762175,3.59543207977745,5.33604427605323
"5932",37,"UKENTH_TWU_TP000015",NA,4.94065959146495,4.02807470546767,5.85460581897124
"5933",38,"UKENTH_TWU_TP000015",4.669684964,4.92718111727692,4.05723049220032,5.79715050932738
"5934",39,"UKENTH_TWU_TP000015",NA,5.16837083380963,4.25821256835069,6.08088050654441
"5935",40,"UKENTH_TWU_TP000015",4.682050968,5.05084722030426,4.18167812864287,5.9208655692289
"5936",41,"UKENTH_TWU_TP000015",NA,5.18068847919912,4.26961474076296,6.09417377448879
"5937",42,"UKENTH_TWU_TP000015",5.464174453,5.13312178534447,4.2628040918001,6.00332861065809
"5938",43,"UKENTH_TWU_TP000015",NA,5.11482422798359,4.20468393503691,6.02569185065492
"5939",44,"UKENTH_TWU_TP000015",5.085423721,4.93016596091929,4.05979999164681,5.80373504731864
"5940",45,"UKENTH_TWU_TP000015",NA,4.99271339661237,4.06630162085401,5.91851525492548
"5986",1,"UKENTH_TWU_TP000033",NA,4.29021173121688,3.38614726187516,5.19374410053265
"5987",2,"UKENTH_TWU_TP000033",3.377917795,4.16156921271411,3.31095857130661,5.01359746175406
"5988",3,"UKENTH_TWU_TP000033",NA,4.53484386589728,3.65358693286689,5.41613226286339
"5989",4,"UKENTH_TWU_TP000033",5.209623851,4.4136504052505,3.56182843232995,5.26566165543311
"5990",5,"UKENTH_TWU_TP000033",NA,4.64127434623881,3.74264494600028,5.54110390228054
"5991",6,"UKENTH_TWU_TP000033",4.744120977,4.77621688922236,3.9201832913688,5.62920672172986
"5992",7,"UKENTH_TWU_TP000033",NA,4.77956614053167,3.87890355470137,5.68097120859231
"5993",8,"UKENTH_TWU_TP000033",4.391652521,4.80901111824809,3.95953202561974,5.6592045374318
"5994",9,"UKENTH_TWU_TP000033",NA,5.01897955212884,4.12501528371722,5.91318491262669
"5995",10,"UKENTH_TWU_TP000033",5.13722822,5.26828888809677,4.41842307265043,6.11902882986879
"5996",11,"UKENTH_TWU_TP000033",NA,5.1770200153457,4.28434083793253,6.07121914251902
"5997",12,"UKENTH_TWU_TP000033",4.563494575,5.14990332554655,4.29972376902615,6.00017985558673
"5998",13,"UKENTH_TWU_TP000033",NA,5.06833959975877,4.17218312273054,5.96551768727665
"5999",14,"UKENTH_TWU_TP000033",5.684627108,5.27169999773102,4.42308979786493,6.12072585644457
"6000",15,"UKENTH_TWU_TP000033",NA,5.1589487400652,4.25931927982974,6.06012870238473
"6001",16,"UKENTH_TWU_TP000033",5.453979942,5.29699318039607,4.44701376074408,6.14963678638277
"6002",17,"UKENTH_TWU_TP000033",NA,5.13198819114944,4.23377382360852,6.03190182886895
"6003",18,"UKENTH_TWU_TP000033",5.047208762,4.96456429896546,4.11627992146656,5.81358645578993
"6004",19,"UKENTH_TWU_TP000033",NA,4.95009161685664,4.04604309420877,5.85382805390628
"6005",20,"UKENTH_TWU_TP000033",NA,5.11568697357802,4.26697032895184,5.96442491624008
"6006",21,"UKENTH_TWU_TP000033",NA,4.99765803082196,4.10270029030253,5.89335691600204
"6007",22,"UKENTH_TWU_TP000033",NA,4.75640642057792,3.90403415313609,5.60702258223527
"6008",23,"UKENTH_TWU_TP000033",5.147266715,5.17948302783264,4.28652147983122,6.07263343510976
"6009",24,"UKENTH_TWU_TP000033",4.886714995,5.13497671624234,4.28418413759322,5.98642040290863
"6010",25,"UKENTH_TWU_TP000033",NA,5.09248876629175,4.1977492478252,5.98791562378942
"6011",26,"UKENTH_TWU_TP000033",4.52152913,4.94231346738423,4.09131059926167,5.7925284972586
"6012",27,"UKENTH_TWU_TP000033",NA,4.92440309587482,4.02686763997483,5.82206720488582
"6013",28,"UKENTH_TWU_TP000033",4.882467458,5.05603542726778,4.20711583635254,5.90681986746786
"6014",29,"UKENTH_TWU_TP000033",NA,5.03727751026692,4.13995963606656,5.93551763292498
"6015",30,"UKENTH_TWU_TP000033",4.167668933,4.92731434699378,4.07814423647959,5.7787902581041
"6016",31,"UKENTH_TWU_TP000033",NA,4.87762804769255,3.92955465515619,5.82380213737203
"6017",32,"UKENTH_TWU_TP000033",NA,4.89287631965138,4.03040014897711,5.7580935627319
"6018",33,"UKENTH_TWU_TP000033",5.156295505,4.96566664702151,4.10350819217862,5.82881279122755
"6019",34,"UKENTH_TWU_TP000033",3.728524495,4.83233538691931,3.98306873248692,5.68243129759171
"6020",35,"UKENTH_TWU_TP000033",NA,4.70061475605768,3.80404527775634,5.59744280073461
"6021",36,"UKENTH_TWU_TP000033",4.800259251,4.80156026581773,3.95288322982007,5.65141367009016
"6022",37,"UKENTH_TWU_TP000033",NA,5.20845059206597,4.30822813395965,6.1094153915153
"6023",38,"UKENTH_TWU_TP000033",5.535982984,5.128224691321,4.27788686690362,5.9772604121975
"6024",39,"UKENTH_TWU_TP000033",NA,5.45812379960514,4.56322313468839,6.35412062202499
"6025",40,"UKENTH_TWU_TP000033",NA,5.28666274851751,4.43797131443967,6.13577726684975
"6026",41,"UKENTH_TWU_TP000033",NA,5.46429039178787,4.56526055024218,6.36474561753329
"6027",42,"UKENTH_TWU_TP000033",5.78563861,5.42700618868411,4.57822708290884,6.27611063720354
"6028",43,"UKENTH_TWU_TP000033",NA,5.42407132105698,4.53784834874854,6.31100503128398
"6029",44,"UKENTH_TWU_TP000033",NA,5.23169646138736,4.38050367066921,6.08488269916632
"6030",45,"UKENTH_TWU_TP000033",5.542301291,5.29990258282777,4.40538464470632,6.19414909904711
"6031",1,"UKENTH_TWU_TP000050",NA,4.24863948342453,3.34948544823478,5.14686547491805
"6032",2,"UKENTH_TWU_TP000050",4.138199744,4.12984430982381,3.26873336926621,4.99346888686159
"6033",3,"UKENTH_TWU_TP000050",NA,4.46363243910758,3.5824406305509,5.3448677989654
"6034",4,"UKENTH_TWU_TP000050",4.747094043,4.3613984653116,3.49891026433691,5.22529793459316
"6035",5,"UKENTH_TWU_TP000050",NA,4.61102134020699,3.71788529703998,5.50603305918699
"6036",6,"UKENTH_TWU_TP000050",4.79456197,4.78746297778895,3.9243495356608,5.64854402527873
"6037",7,"UKENTH_TWU_TP000050",NA,4.67482782667806,3.77756380349047,5.57246644189851
"6038",8,"UKENTH_TWU_TP000050",4.723244815,4.71805118262113,3.85711554379207,5.57944887928702
"6039",9,"UKENTH_TWU_TP000050",NA,4.94806623259981,4.05293605203836,5.84282217265185
"6040",10,"UKENTH_TWU_TP000050",5.064254974,5.10205673664277,4.24113690672293,5.96262304044874
"6041",11,"UKENTH_TWU_TP000050",NA,5.09132908539727,4.20111313377418,5.9836489984176
"6042",12,"UKENTH_TWU_TP000050",4.45059162,5.09880725720756,4.23737652771898,5.96002202523231
"6043",13,"UKENTH_TWU_TP000050",NA,4.99122811534045,4.0998869783316,5.88375878022603
"6044",14,"UKENTH_TWU_TP000050",5.463779994,5.13624702626921,4.27493425182645,5.99663687769231
"6045",15,"UKENTH_TWU_TP000050",NA,5.0713046940747,4.17777943129761,5.96605564067442
"6046",16,"UKENTH_TWU_TP000050",5.37261611,5.09467901906625,4.23358612007362,5.95626794307485
"6047",17,"UKENTH_TWU_TP000050",NA,5.05237229184467,4.16027807251659,5.94594689677149
"6048",18,"UKENTH_TWU_TP000050",4.908452854,4.91741812814245,4.05691920794203,5.77884989094512
"6049",19,"UKENTH_TWU_TP000050",NA,4.90342477074317,4.0027791613121,5.80362631447201
"6050",20,"UKENTH_TWU_TP000050",4.733577254,5.09361520513513,4.22898716517421,5.95550797425476
"6051",21,"UKENTH_TWU_TP000050",NA,4.89624911875138,4.0052853998997,5.78753054216899
"6052",22,"UKENTH_TWU_TP000050",4.449332637,4.76221662175143,3.90015928664848,5.62290764731044
"6053",23,"UKENTH_TWU_TP000050",NA,5.0983676974664,4.20862166884716,5.98804813056471
"6054",24,"UKENTH_TWU_TP000050",5.594355055,5.03792744885764,4.17519476043823,5.89959811316598
"6055",25,"UKENTH_TWU_TP000050",NA,5.0215161866782,4.12587824123518,5.91763579583351
"6056",26,"UKENTH_TWU_TP000050",4.319669205,4.92606658293356,4.06541295680949,5.78650977832126
"6057",27,"UKENTH_TWU_TP000050",NA,4.8249099041841,3.93146968824919,5.71761200948863
"6058",28,"UKENTH_TWU_TP000050",5.276039635,4.954156068825,4.09330484957475,5.81632944046535
"6059",29,"UKENTH_TWU_TP000050",NA,4.97966425632524,4.08780117271638,5.87212114419067
"6060",30,"UKENTH_TWU_TP000050",5.748334236,4.87103270467206,4.010405737905,5.73361201765164
"6061",31,"UKENTH_TWU_TP000050",NA,4.8158696283869,3.88069347863131,5.74919628940219
"6062",32,"UKENTH_TWU_TP000050",5.255090245,4.80299283787574,3.94061774413759,5.66842839780749
"6063",33,"UKENTH_TWU_TP000050",NA,4.88449287196429,4.01020918058613,5.75918767030941
"6064",34,"UKENTH_TWU_TP000050",5.012902681,4.78676268376833,3.92361338472737,5.65162158348324
"6065",35,"UKENTH_TWU_TP000050",NA,4.60613819485632,3.71296380592136,5.4984760291819
"6066",36,"UKENTH_TWU_TP000050",5.378319617,4.68470284897819,3.82332940492329,5.54518278980867
"6067",37,"UKENTH_TWU_TP000050",NA,5.14885808343759,4.25511075688963,6.04299229915767
"6068",38,"UKENTH_TWU_TP000050",5.580995122,5.09305260718467,4.23061440033693,5.95383109952587
"6069",39,"UKENTH_TWU_TP000050",NA,5.38356521666738,4.49242999492864,6.27518635700413
"6070",40,"UKENTH_TWU_TP000050",3.447094187,5.24384847666217,4.38299706087967,6.10580105293108
"6071",41,"UKENTH_TWU_TP000050",NA,5.3769924620462,4.48439143777408,6.27097483159266
"6072",42,"UKENTH_TWU_TP000050",5.434722278,5.34177862032827,4.47995993569662,6.20279783133778
"6073",43,"UKENTH_TWU_TP000050",NA,5.32046073427083,4.42966504882954,6.21165019303076
"6074",44,"UKENTH_TWU_TP000050",5.615590988,5.14645994600416,4.28555387478002,6.00981029605234
"6075",45,"UKENTH_TWU_TP000050",NA,5.20716187159815,4.29866800834021,6.11468041693218
"6166",1,"UKENTH_TWU_TP000073",4.29831765,4.27299135480966,3.35837687935377,5.18721370237035
"6167",2,"UKENTH_TWU_TP000073",3.610817236,4.14902962845579,3.28168483549245,5.01859313400671
"6168",3,"UKENTH_TWU_TP000073",NA,4.51413565352894,3.6202620000259,5.40772786941698
"6169",4,"UKENTH_TWU_TP000073",4.929519288,4.39239578284279,3.52357787619864,5.26143757692587
"6170",5,"UKENTH_TWU_TP000073",NA,4.63500009835677,3.72616991532391,5.54514588166009
"6171",6,"UKENTH_TWU_TP000073",4.232178755,4.79522894506646,3.92456008004866,5.66239955813376
"6172",7,"UKENTH_TWU_TP000073",NA,4.74148180718529,3.82946783700421,5.65361968525711
"6173",8,"UKENTH_TWU_TP000073",5.047347249,4.78231468624667,3.91503698946614,5.6502052420127
"6174",9,"UKENTH_TWU_TP000073",NA,4.99765194543304,4.09187824457864,5.90340832515164
"6175",10,"UKENTH_TWU_TP000073",5.061132436,5.19797695942171,4.33014517132706,6.06565016050356
"6176",11,"UKENTH_TWU_TP000073",NA,5.14156828548237,4.2386499195568,6.04633061563208
"6177",12,"UKENTH_TWU_TP000073",4.374784095,5.12731767253546,4.2592308688021,5.99544676707378
"6178",13,"UKENTH_TWU_TP000073",NA,5.03772020158439,4.13224602246865,5.94443391479271
"6179",14,"UKENTH_TWU_TP000073",5.355109107,5.21524318655105,4.34802820884881,6.0817121979965
"6180",15,"UKENTH_TWU_TP000073",NA,5.12805680904496,4.21893116429236,6.03851056521662
"6181",16,"UKENTH_TWU_TP000073",4.607343715,5.22068752632981,4.35450370966718,6.08999791947517
"6182",17,"UKENTH_TWU_TP000073",NA,5.10169335631116,4.19411162547381,6.01114500721338
"6183",18,"UKENTH_TWU_TP000073",5.532816965,4.9489390704622,4.0828497388884,5.81646160246885
"6184",19,"UKENTH_TWU_TP000073",NA,4.93332355690412,4.01851176540067,5.84744034755924
"6185",20,"UKENTH_TWU_TP000073",5.250868991,5.10300509501556,4.23447358625332,5.96990243730391
"6186",21,"UKENTH_TWU_TP000073",NA,4.964849426984,4.05919484875261,5.87094894720703
"6187",22,"UKENTH_TWU_TP000073",5.670279373,4.75220935389026,3.88270617787673,5.61917114791954
"6188",23,"UKENTH_TWU_TP000073",NA,5.15581922411879,4.25190301141305,6.05912590729997
"6189",24,"UKENTH_TWU_TP000073",4.314899141,5.08953008134875,4.22074589469299,5.95763405174543
"6190",25,"UKENTH_TWU_TP000073",NA,5.07296444418393,4.16411923490842,5.98168054011074
"6191",26,"UKENTH_TWU_TP000073",5.853000604,4.95026831243925,4.08098959055553,5.81808668702235
"6192",27,"UKENTH_TWU_TP000073",NA,4.89184950035931,3.98279088389937,5.79976567145063
"6193",28,"UKENTH_TWU_TP000073",5.453998076,5.01583383913522,4.14856765123247,5.88454294518622
"6194",29,"UKENTH_TWU_TP000073",NA,5.02599088628403,4.11748787545292,5.93452250966239
"6195",30,"UKENTH_TWU_TP000073",5.530246708,4.91573700306742,4.04880203859544,5.78573766902572
"6196",31,"UKENTH_TWU_TP000073",NA,4.85690496157393,3.90433504157925,5.80755935980388
"6197",32,"UKENTH_TWU_TP000073",NA,4.8722809644484,3.9981197123715,5.75049114484273
"6198",33,"UKENTH_TWU_TP000073",5.112510431,4.93331814034166,4.05225338430464,5.81495254658015
"6199",34,"UKENTH_TWU_TP000073",5.638787837,4.8221847615794,3.95436444143393,5.69068406018279
"6200",35,"UKENTH_TWU_TP000073",NA,4.66977156753342,3.76205571737914,5.57718075263021
"6201",36,"UKENTH_TWU_TP000073",6.292970794,4.75578193174618,3.8893450078065,5.62276910203291
"6202",37,"UKENTH_TWU_TP000073",NA,5.18783112062547,4.27796240427316,6.09788216850288
"6203",38,"UKENTH_TWU_TP000073",3.269047342,5.12681447579202,4.25879248721678,5.99310648608927
"6204",39,"UKENTH_TWU_TP000073",NA,5.43247973062796,4.52662621498106,6.33940983310887
"6205",40,"UKENTH_TWU_TP000073",5.170552264,5.27683758575471,4.41005695193045,6.14386112143743
"6206",41,"UKENTH_TWU_TP000073",NA,5.44035778204729,4.53117046681564,6.35044116147799
"6207",42,"UKENTH_TWU_TP000073",5.418448041,5.40084942681279,4.53304245551319,6.2674802979049
"6208",43,"UKENTH_TWU_TP000073",NA,5.39016336839479,4.48887116829088,6.29114203788232
"6209",44,"UKENTH_TWU_TP000073",5.314904821,5.20050291882803,4.33189484821519,6.0701623283631
"6210",45,"UKENTH_TWU_TP000073",5.992845646,5.27132079420742,4.35875184650876,6.18267626218199
"6211",1,"UKENTH_TWU_TP000084",NA,4.18951658563184,3.27505660327775,5.10397487557238
"6212",2,"UKENTH_TWU_TP000084",4.421613524,4.1089247164015,3.24443484969289,4.97744620468386
"6213",3,"UKENTH_TWU_TP000084",3.260843892,4.42687941368688,3.53248029241702,5.32207426146957
"6214",4,"UKENTH_TWU_TP000084",NA,4.30357264992961,3.43709523832386,5.17151706571835
"6215",5,"UKENTH_TWU_TP000084",NA,4.58179924889383,3.67433279796331,5.4920168995037
"6216",6,"UKENTH_TWU_TP000084",4.869693589,4.79957429382146,3.93366466556929,5.66502018163965
"6217",7,"UKENTH_TWU_TP000084",NA,4.66888553921985,3.75841518632998,5.58029163862339
"6218",8,"UKENTH_TWU_TP000084",3.672312835,4.73336918468691,3.86767116427544,5.60073390592483
"6219",9,"UKENTH_TWU_TP000084",NA,4.92108391216194,4.01347774879305,5.82961797008833
"6220",10,"UKENTH_TWU_TP000084",5.090004239,5.08115646706051,4.21561943447081,5.94713251306514
"6221",11,"UKENTH_TWU_TP000084",NA,5.06977604364585,4.16799285177044,5.97404400380941
"6222",12,"UKENTH_TWU_TP000084",5.626981159,4.95636023115967,4.08687300356504,5.82499297938286
"6223",13,"UKENTH_TWU_TP000084",NA,4.93332746827859,4.02934072967264,5.8384222846053
"6224",14,"UKENTH_TWU_TP000084",4.481871984,5.17647087333384,4.31081350619667,6.04165664493286
"6225",15,"UKENTH_TWU_TP000084",NA,5.03676324579775,4.12579801994464,5.94932856738992
"6226",16,"UKENTH_TWU_TP000084",5.11451675,5.11429864901977,4.25091082736581,5.97986201556826
"6227",17,"UKENTH_TWU_TP000084",NA,5.03918343355969,4.13106653453104,5.9497176055407
"6228",18,"UKENTH_TWU_TP000084",3.484497842,4.88425182857852,4.02108559838214,5.74956204654599
"6229",19,"UKENTH_TWU_TP000084",NA,4.8716904565158,3.95177073269586,5.79170497893798
"6230",20,"UKENTH_TWU_TP000084",4.777146722,5.01888063246809,4.15347731951892,5.8827774608413
"6231",21,"UKENTH_TWU_TP000084",NA,4.90862477761259,4.00334725220006,5.81540114278092
"6232",22,"UKENTH_TWU_TP000084",5.047306553,4.67084265180144,3.80471602621477,5.5363154790671
"6233",23,"UKENTH_TWU_TP000084",NA,5.08703241247497,4.18230106876627,5.99271052737295
"6234",24,"UKENTH_TWU_TP000084",5.125437895,5.04020691860511,4.17413590097962,5.90684569497419
"6235",25,"UKENTH_TWU_TP000084",NA,5.00554819075667,4.09243170444782,5.92001260079706
"6236",26,"UKENTH_TWU_TP000084",4.536544134,4.90527858009697,4.04209070281983,5.77005915650115
"6237",27,"UKENTH_TWU_TP000084",NA,4.76752721098868,3.85811147974475,5.67586324613556
"6238",28,"UKENTH_TWU_TP000084",4.728760083,4.93691949989451,4.07357411185351,5.8026324377345
"6239",29,"UKENTH_TWU_TP000084",NA,4.97572184565827,4.06822175242914,5.8851294251453
"6240",30,"UKENTH_TWU_TP000084",5.11875535,4.81645596201063,3.95271372193587,5.68346939289164
"6241",31,"UKENTH_TWU_TP000084",NA,4.79097526731814,3.84146355178655,5.73930946966031
"6242",32,"UKENTH_TWU_TP000084",4.109576888,4.755470035025,3.88755320874629,5.62736200175415
"6243",33,"UKENTH_TWU_TP000084",4.218063571,4.87889199607574,3.99413968374433,5.76509505359899
"6244",34,"UKENTH_TWU_TP000084",NA,4.80368797345619,3.93746567743206,5.67251014640874
"6245",35,"UKENTH_TWU_TP000084",NA,4.57615810789004,3.66874541861195,5.48363252793538
"6246",36,"UKENTH_TWU_TP000084",4.008045721,4.69710798225695,3.83308935877621,5.56182129441331
"6247",37,"UKENTH_TWU_TP000084",NA,5.13632666385271,4.22596189418006,6.04804727130844
"6248",38,"UKENTH_TWU_TP000084",4.908403155,5.12690924721601,4.26240498700467,5.99177880858005
"6249",39,"UKENTH_TWU_TP000084",NA,5.36858744246019,4.46126663378302,6.2782078286121
"6250",40,"UKENTH_TWU_TP000084",5.030651018,5.2477485751582,4.38420167496837,6.11241063752724
"6251",41,"UKENTH_TWU_TP000084",NA,5.38071020909521,4.47197459461366,6.2919290806189
"6252",42,"UKENTH_TWU_TP000084",5.357662783,5.3406332881751,4.47575265208935,6.2055304827661
"6253",43,"UKENTH_TWU_TP000084",NA,5.32675858790525,4.42382485685581,6.23069753114041
"6254",44,"UKENTH_TWU_TP000084",5.32433097,5.11788081388838,4.25288229510992,5.98566506711518
"6255",45,"UKENTH_TWU_TP000084",NA,5.19819377678408,4.28110589376315,6.11500391812384
"6436",1,"UKENTH_TWU_TP000113",NA,3.86862762551611,2.95256965506536,4.78392224791273
"6437",2,"UKENTH_TWU_TP000113",3.326971186,3.79310357959082,2.92988279159477,4.6585048430162
"6438",3,"UKENTH_TWU_TP000113",NA,4.11191807817367,3.21587558894839,5.00760125919195
"6439",4,"UKENTH_TWU_TP000113",3.709173625,3.98394010058958,3.11885229780816,4.84903325510799
"6440",5,"UKENTH_TWU_TP000113",NA,4.2597113837301,3.34933696389161,5.17146186240228
"6441",6,"UKENTH_TWU_TP000113",4.170151604,4.49975127668593,3.6361714148769,5.36238331678449
"6442",7,"UKENTH_TWU_TP000113",NA,4.36708445022424,3.45331276265452,5.28100204590701
"6443",8,"UKENTH_TWU_TP000113",3.899681029,4.42948022210885,3.56441061997634,5.29496584833578
"6444",9,"UKENTH_TWU_TP000113",NA,4.60601366702096,3.69867507399584,5.51334954005828
"6445",10,"UKENTH_TWU_TP000113",4.51482626,4.7663852201672,3.90147922912041,5.63037245556354
"6446",11,"UKENTH_TWU_TP000113",NA,4.75731036268476,3.85501970043012,5.66065039424873
"6447",12,"UKENTH_TWU_TP000113",4.496975401,4.6178419545321,3.74876356361118,5.48481023258746
"6448",13,"UKENTH_TWU_TP000113",NA,4.61820434292145,3.71359645125469,5.52289078529482
"6449",14,"UKENTH_TWU_TP000113",4.3671804,4.8796155166586,4.01541679358616,5.74242699295734
"6450",15,"UKENTH_TWU_TP000113",NA,4.72451388134121,3.81087963022803,5.63889470308479
"6451",16,"UKENTH_TWU_TP000113",4.635090128,4.8196551678779,3.95765396011997,5.68283297456022
"6452",17,"UKENTH_TWU_TP000113",NA,4.7267045096278,3.81507488688814,5.63975390969071
"6453",18,"UKENTH_TWU_TP000113",3.280216469,4.55939348308768,3.69743211472788,5.4219847663342
"6454",19,"UKENTH_TWU_TP000113",NA,4.55411066613364,3.63112213534814,5.47667595595644
"6455",20,"UKENTH_TWU_TP000113",3.787171405,4.67795815474041,3.81353281614823,5.54020284156809
"6456",21,"UKENTH_TWU_TP000113",NA,4.60137232882643,3.69314161595853,5.51036655347106
"6457",22,"UKENTH_TWU_TP000113",4.319773248,4.34093514050177,3.47585812977146,5.20454498970793
"6458",23,"UKENTH_TWU_TP000113",NA,4.77243925818922,3.86523024928374,5.6795891166213
"6459",24,"UKENTH_TWU_TP000113",4.137991965,4.73092993086079,3.86624315541653,5.59514391969362
"6460",25,"UKENTH_TWU_TP000113",NA,4.69343526675503,3.77669649334592,5.61066410405954
"6461",26,"UKENTH_TWU_TP000113",4.653158372,4.58949555349389,3.72785379075033,5.45148432342511
"6462",27,"UKENTH_TWU_TP000113",NA,4.46010358074092,3.54798324543607,5.37061624649953
"6463",28,"UKENTH_TWU_TP000113",4.366813432,4.61970046248178,3.7571464507388,5.48282022646657
"6464",29,"UKENTH_TWU_TP000113",NA,4.66265050439712,3.75095650719524,5.57522162231507
"6465",30,"UKENTH_TWU_TP000113",4.562233333,4.50695482640171,3.64445493645295,5.37102074057474
"6466",31,"UKENTH_TWU_TP000113",NA,4.48094696714698,3.5286256469217,5.43149484918941
"6467",32,"UKENTH_TWU_TP000113",4.108384819,4.44987397910238,3.58137273792433,5.32077432649675
"6468",33,"UKENTH_TWU_TP000113",NA,4.56867697281808,3.68264349055199,5.45508392268514
"6469",34,"UKENTH_TWU_TP000113",4.441716389,4.48849780072965,3.62384057892363,5.35417636341069
"6470",35,"UKENTH_TWU_TP000113",NA,4.26422797295452,3.35379492688371,5.17391851679399
"6471",36,"UKENTH_TWU_TP000113",3.131982698,4.40372320151215,3.54128572291923,5.26639846131911
"6472",37,"UKENTH_TWU_TP000113",NA,4.82132351714702,3.90784808368609,5.73537442165319
"6473",38,"UKENTH_TWU_TP000113",4.253415273,4.82810776890469,3.9654515734178,5.69037039114933
"6474",39,"UKENTH_TWU_TP000113",NA,5.05675277389588,4.14807005810829,5.96671829396273
"6475",40,"UKENTH_TWU_TP000113",3.943379172,4.94192257290829,4.07916780700653,5.80462693093327
"6476",41,"UKENTH_TWU_TP000113",NA,5.06848873224358,4.15542075904558,5.98311129224627
"6477",42,"UKENTH_TWU_TP000113",4.626749567,5.03619198522247,4.17305897027352,5.89887545325675
"6478",43,"UKENTH_TWU_TP000113",NA,5.02184555239674,4.11735766335197,5.92648451098537
"6479",44,"UKENTH_TWU_TP000113",4.891591387,4.79267120214514,3.92821792051957,5.65794268244408
"6480",45,"UKENTH_TWU_TP000113",NA,4.8878693119404,3.97039398680185,5.80416006434087
"6751",1,"UKENTH_TWU_TP000155",NA,4.18352991576781,3.26777977776497,5.09878174276847
"6752",2,"UKENTH_TWU_TP000155",4.709406204,4.07135870794053,3.20410067808344,4.94160448721188
"6753",3,"UKENTH_TWU_TP000155",NA,4.42090033188333,3.52611821074889,5.3157808084728
"6754",4,"UKENTH_TWU_TP000155",5.409032445,4.29997559083632,3.43115154712215,5.16941119553728
"6755",5,"UKENTH_TWU_TP000155",NA,4.54875890828355,3.63933357063579,5.45992850532993
"6756",6,"UKENTH_TWU_TP000155",5.130314044,4.7237331628179,3.85356868637421,5.59089594399444
"6757",7,"UKENTH_TWU_TP000155",NA,4.6605576714405,3.74775339143848,5.57363508373244
"6758",8,"UKENTH_TWU_TP000155",4.633804772,4.70570907785504,3.8382435504127,5.57413296679127
"6759",9,"UKENTH_TWU_TP000155",NA,4.9097824592422,4.00299170754357,5.81672946312832
"6760",10,"UKENTH_TWU_TP000155",5.31829893,5.10835405689291,4.24045025066367,5.9763492835895
"6761",11,"UKENTH_TWU_TP000155",NA,5.0570088794109,4.15349540125946,5.96244556002782
"6762",12,"UKENTH_TWU_TP000155",5.436101639,5.01095018766033,4.14203346313823,5.87915666369567
"6763",13,"UKENTH_TWU_TP000155",NA,4.94359503266041,4.03741016047625,5.85089155408306
"6764",14,"UKENTH_TWU_TP000155",5.490921983,5.14191644645793,4.27445303374859,6.0082711511081
"6765",15,"UKENTH_TWU_TP000155",NA,5.0394671668893,4.12844796202644,5.95174128776922
"6766",16,"UKENTH_TWU_TP000155",5.904786651,5.1398298457259,4.27390582487133,6.00857077746946
"6767",17,"UKENTH_TWU_TP000155",NA,5.02050760527652,4.11124304559824,5.93171606292499
"6768",18,"UKENTH_TWU_TP000155",4.964145107,4.86177850454603,3.99595073289892,5.72888102805058
"6769",19,"UKENTH_TWU_TP000155",NA,4.85098470533277,3.93365514194755,5.76767558781305
"6770",20,"UKENTH_TWU_TP000155",5.027403101,5.00879704487126,4.14044745581668,5.8752183894104
"6771",21,"UKENTH_TWU_TP000155",NA,4.88397467719891,3.97695068157813,5.79168915694146
"6772",22,"UKENTH_TWU_TP000155",4.892993891,4.64957855309275,3.77964503275054,5.51694865007556
"6773",23,"UKENTH_TWU_TP000155",NA,5.0673873615985,4.16140865132185,5.97328546346039
"6774",24,"UKENTH_TWU_TP000155",4.857625012,5.01664086868783,4.14878997038839,5.88474353444709
"6775",25,"UKENTH_TWU_TP000155",NA,4.98519639473883,4.07487881668421,5.89603450359761
"6776",26,"UKENTH_TWU_TP000155",5.307972088,4.86454275209115,3.9968317211164,5.73226589981196
"6777",27,"UKENTH_TWU_TP000155",NA,4.79128681907869,3.88123164423361,5.70086835472298
"6778",28,"UKENTH_TWU_TP000155",5.082885941,4.93354589617276,4.06733988683972,5.80241794377768
"6779",29,"UKENTH_TWU_TP000155",NA,4.94194861778891,4.03300186221732,5.85192876275793
"6780",30,"UKENTH_TWU_TP000155",5.10070697,4.82808603808068,3.96159745355429,5.69844654163366
"6781",31,"UKENTH_TWU_TP000155",NA,4.77041597660041,3.81556415074628,5.7234601986818
"6782",32,"UKENTH_TWU_TP000155",NA,4.77677666500979,3.90271659560559,5.65490152795418
"6783",33,"UKENTH_TWU_TP000155",4.076814673,4.8545998412127,3.97250640111733,5.73780822462105
"6784",34,"UKENTH_TWU_TP000155",3.402047802,4.74641835327281,3.87861920586405,5.61546372433782
"6785",35,"UKENTH_TWU_TP000155",NA,4.5784405967346,3.66969389865629,5.48719483774582
"6786",36,"UKENTH_TWU_TP000155",5.649797125,4.68137508711326,3.81518325050629,5.54862994238073
"6787",37,"UKENTH_TWU_TP000155",NA,5.10415318482726,4.19211428184529,6.01699409968919
"6788",38,"UKENTH_TWU_TP000155",5.622208238,5.06168424577177,4.194360598277,5.92813637103945
"6789",39,"UKENTH_TWU_TP000155",NA,5.34598596487759,4.43773771729264,6.25583473807036
"6790",40,"UKENTH_TWU_TP000155",5.029360293,5.20359477752284,4.33741284927115,6.07046280328676
"6791",41,"UKENTH_TWU_TP000155",NA,5.3552980103811,4.44499182914426,6.26710538134626
"6792",42,"UKENTH_TWU_TP000155",NA,5.31560847246418,4.44802365998682,6.18231221427297
"6793",43,"UKENTH_TWU_TP000155",6.535414976,5.30659304904721,4.40508063263836,6.20860743236328
"6794",44,"UKENTH_TWU_TP000155",4.90173357,5.1050951504765,4.23749008591688,5.97454586263597
"6795",45,"UKENTH_TWU_TP000155",6.489925534,5.18450825977502,4.27215373465429,6.09639479303264
"4906",1,"UKENSO_SW_TP000083",3.520087358,4.59014718198492,3.66118166680721,5.51933601466285
"4907",2,"UKENSO_SW_TP000083",NA,4.40134841484903,3.50588498238582,5.29788152095166
"4908",3,"UKENSO_SW_TP000083",4.962526326,4.80325702285538,3.89009360109854,5.71785221210528
"4909",4,"UKENSO_SW_TP000083",NA,4.70832647324817,3.81333724333358,5.60600335997054
"4910",5,"UKENSO_SW_TP000083",4.924509499,4.91229054312717,3.99062729536981,5.83659081629893
"4911",6,"UKENSO_SW_TP000083",NA,5.07095666033996,4.17634771995057,5.96606228526983
"4912",7,"UKENSO_SW_TP000083",4.521152384,4.97937755336463,4.05199364807655,5.90830255205185
"4913",8,"UKENSO_SW_TP000083",NA,5.00402058673067,4.11097111976169,5.89908036317389
"4914",9,"UKENSO_SW_TP000083",5.816504472,5.27071281083492,4.34770355753144,6.19457655606422
"4915",10,"UKENSO_SW_TP000083",NA,5.41164338741058,4.51648150764945,6.30760107412657
"4916",11,"UKENSO_SW_TP000083",5.876989895,5.39602064814004,4.47505044311143,6.32020218047988
"4917",12,"UKENSO_SW_TP000083",NA,5.51913771427498,4.62498136546155,6.41556656627311
"4918",13,"UKENSO_SW_TP000083",5.747931953,5.34823463227712,4.4263455503252,6.27313878143587
"4919",14,"UKENSO_SW_TP000083",NA,5.39377054034249,4.49926052061344,6.28871704093641
"4920",15,"UKENSO_SW_TP000083",5.649787917,5.41298319522113,4.49112867673175,6.33752296958218
"4921",16,"UKENSO_SW_TP000083",NA,5.42287758233726,4.52918499809172,6.31888421319205
"4922",17,"UKENSO_SW_TP000083",5.43796502,5.35107068163393,4.43125544870765,6.27338886056909
"4923",18,"UKENSO_SW_TP000083",NA,5.22470191870828,4.33099172028607,6.11960135909149
"4924",19,"UKENSO_SW_TP000083",5.380980011,5.21333219030878,4.28801267643481,6.13935523213123
"4925",20,"UKENSO_SW_TP000083",NA,5.41544349267525,4.51792974569912,6.31293323203232
"4926",21,"UKENSO_SW_TP000083",4.843536588,5.19418366406685,4.27451907512853,6.11516884550696
"4927",22,"UKENSO_SW_TP000083",NA,5.10671012228647,4.21014603996451,6.00244298000817
"4928",23,"UKENSO_SW_TP000083",4.321886969,5.40519203191043,4.48666411366449,6.3245396760124
"4929",24,"UKENSO_SW_TP000083",NA,5.2963235567301,4.40043951721774,6.19248905816417
"4930",25,"UKENSO_SW_TP000083",5.104755112,5.33397746128875,4.41404399245802,6.2555596394798
"4931",26,"UKENSO_SW_TP000083",NA,5.20121838924465,4.30510358124108,6.09664885846278
"4932",27,"UKENSO_SW_TP000083",6.057462086,5.20086708556016,4.27974957703096,6.12367436879417
"4933",28,"UKENSO_SW_TP000083",NA,5.23371438569269,4.33919952846016,6.12916914314683
"4934",29,"UKENSO_SW_TP000083",5.758984712,5.28011859074094,4.36142520962364,6.20039231803074
"4935",30,"UKENSO_SW_TP000083",NA,5.24123911945259,4.34677843850871,6.1399514872031
"4936",31,"UKENSO_SW_TP000083",NA,5.11999761329236,4.15311407535176,6.08561847813862
"4937",32,"UKENSO_SW_TP000083",4.948222774,5.20630064071652,4.31220268911487,6.10473176364488
"4938",33,"UKENSO_SW_TP000083",5.355819854,5.16129167465538,4.25279887360905,6.0709347318609
"4939",34,"UKENSO_SW_TP000083",NA,5.08664866805198,4.19088072226094,5.98715556867904
"4940",35,"UKENSO_SW_TP000083",5.507061918,4.94106162934518,4.02082033704812,5.86199711436566
"4941",36,"UKENSO_SW_TP000083",NA,4.9861254735076,4.09237405097794,5.88144124258302
"4942",37,"UKENSO_SW_TP000083",3.841895515,5.42963171714822,4.50771146396675,6.35230697273345
"4943",38,"UKENSO_SW_TP000083",NA,5.35016955053021,4.45225965957255,6.24690556558305
"4944",39,"UKENSO_SW_TP000083",5.617812117,5.69319709848142,4.77409946472982,6.61399796909793
"4945",40,"UKENSO_SW_TP000083",NA,5.52694009798418,4.63163692496938,6.42465957803644
"4946",41,"UKENSO_SW_TP000083",5.415395056,5.67530845918553,4.75505032415847,6.59781800066193
"4947",42,"UKENSO_SW_TP000083",NA,5.64990614538635,4.75520935898916,6.54671132481817
"4948",43,"UKENSO_SW_TP000083",5.402218894,5.61709740839457,4.69870079964495,6.53756717369022
"4949",44,"UKENSO_SW_TP000083",NA,5.45618687336175,4.56130075175368,6.35408660653802
"4950",45,"UKENSO_SW_TP000083",NA,5.51084574207025,4.57057869345466,6.45135084480829
"226",1,"UKENAN_AW_TP000055",NA,4.38517174403848,3.47535407595009,5.2947105645138
"227",2,"UKENAN_AW_TP000055",5.540512309,4.29802354608313,3.43514451388358,5.16215029404892
"228",3,"UKENAN_AW_TP000055",NA,4.6187224881407,3.72453911510586,5.51368287746427
"229",4,"UKENAN_AW_TP000055",4.985310684,4.49817442875803,3.63311780653585,5.36227137922789
"230",5,"UKENAN_AW_TP000055",NA,4.78609621677047,3.88204898290465,5.69194727407863
"231",6,"UKENAN_AW_TP000055",5.619124489,5.0012529132231,4.13378544589176,5.86571159700945
"232",7,"UKENAN_AW_TP000055",NA,4.83943569162377,3.93141056203932,5.74810784372786
"233",8,"UKENAN_AW_TP000055",5.902979332,4.92408563847083,4.06111570527474,5.78771253116072
"234",9,"UKENAN_AW_TP000055",NA,5.09131739333021,4.18186005601691,6.00108892175114
"235",10,"UKENAN_AW_TP000055",5.753202799,5.16523943224588,4.30283058882552,6.02847776467219
"236",11,"UKENAN_AW_TP000055",NA,5.27411048569402,4.37177501356465,6.17841261668747
"237",12,"UKENAN_AW_TP000055",6.138007862,5.1753245882162,4.31220519722632,6.03936230005112
"238",13,"UKENAN_AW_TP000055",NA,5.13917838773368,4.23547097579202,6.04373510954628
"239",14,"UKENAN_AW_TP000055",6.105286922,5.39662814691006,4.5327059710174,6.2601181678214
"240",15,"UKENAN_AW_TP000055",NA,5.21255909050626,4.30719573738902,6.11913413430458
"241",16,"UKENAN_AW_TP000055",5.927706237,5.27403102178936,4.41089126545095,6.13752546094464
"242",17,"UKENAN_AW_TP000055",NA,5.22799506635131,4.3242474652499,6.13297800531258
"243",18,"UKENAN_AW_TP000055",5.595401442,5.15276755969429,4.2903785163342,6.01718745917381
"244",19,"UKENAN_AW_TP000055",NA,5.0478925469214,4.1323382783392,5.96320164264231
"245",20,"UKENAN_AW_TP000055",5.24006301,5.24003465526886,4.3761775600445,6.1031097027406
"246",21,"UKENAN_AW_TP000055",NA,5.09697122729527,4.19433609062269,6.00065037901723
"247",22,"UKENAN_AW_TP000055",4.840594142,4.9875233581638,4.12488987763973,5.85057492439272
"248",23,"UKENAN_AW_TP000055",NA,5.24891256367989,4.34784903746968,6.15138305440335
"249",24,"UKENAN_AW_TP000055",4.191441981,5.24644489085862,4.38194008386208,6.11039464689824
"250",25,"UKENAN_AW_TP000055",NA,5.19310853023137,4.28626289552043,6.10080621888941
"251",26,"UKENAN_AW_TP000055",5.400553665,5.0727998993443,4.20927843759511,5.93576786558145
"252",27,"UKENAN_AW_TP000055",NA,4.95071928260072,4.04542150454983,5.85471371458975
"253",28,"UKENAN_AW_TP000055",5.53131295,5.11373383379339,4.24997420074431,5.97658089433974
"254",29,"UKENAN_AW_TP000055",NA,5.16293867845561,4.25909751418786,6.06773990284882
"255",30,"UKENAN_AW_TP000055",5.337972361,4.95997793600101,4.09574023626999,5.82341048364655
"256",31,"UKENAN_AW_TP000055",NA,4.99542799406515,4.06431913325779,5.92573220930032
"257",32,"UKENAN_AW_TP000055",5.504637152,4.9169944344068,4.05192189523504,5.78565072541658
"258",33,"UKENAN_AW_TP000055",NA,5.03252201811602,4.14555712846249,5.9199081238251
"259",34,"UKENAN_AW_TP000055",4.301491864,4.95073196375461,4.085047798853,5.81853055054185
"260",35,"UKENAN_AW_TP000055",NA,4.76207962016063,3.85686075167406,5.66636773461779
"261",36,"UKENAN_AW_TP000055",5.481517276,4.86405004641488,3.999640957683,5.72678634421198
"262",37,"UKENAN_AW_TP000055",NA,5.32082678577963,4.41563917852515,6.22670990117648
"263",38,"UKENAN_AW_TP000055",5.996806222,5.35591551976919,4.49136610819795,6.2195040099598
"264",39,"UKENAN_AW_TP000055",NA,5.53648455457129,4.63365183290675,6.44098328246767
"265",40,"UKENAN_AW_TP000055",5.70725031,5.45533487372688,4.59261416913127,6.31928949556661
"266",41,"UKENAN_AW_TP000055",NA,5.56127648092947,4.65575196460905,6.46866330223371
"267",42,"UKENAN_AW_TP000055",5.749413122,5.48451381133723,4.62180994622267,6.34779961079009
"268",43,"UKENAN_AW_TP000055",NA,5.47529559485535,4.56854730963262,6.38180092573732
"269",44,"UKENAN_AW_TP000055",5.962374237,5.24653012045784,4.38261222764326,6.11303556993561
"270",45,"UKENAN_AW_TP000055",NA,5.37117418116414,4.4488103281989,6.29250604343725
"271",1,"UKENAN_AW_TP000063",NA,4.41737353919104,3.50759121044135,5.32737839901081
"272",2,"UKENAN_AW_TP000063",4.732276406,4.33059293893391,3.46262202308677,5.19956313060955
"273",3,"UKENAN_AW_TP000063",NA,4.6465816739988,3.75129139726175,5.54343196799514
"274",4,"UKENAN_AW_TP000063",4.351264677,4.58186328168262,3.71433360964739,5.450252166872
"275",5,"UKENAN_AW_TP000063",NA,4.78639007495899,3.88360625069801,5.69123056679263
"276",6,"UKENAN_AW_TP000063",5.884596895,4.94557441913581,4.06958373060754,5.81724985399582
"277",7,"UKENAN_AW_TP000063",NA,4.84874190378084,3.94182865707114,5.75739923270415
"278",8,"UKENAN_AW_TP000063",4.452948572,4.93392762175552,4.06711203615633,5.80249344200323
"279",9,"UKENAN_AW_TP000063",NA,5.10023336505996,4.19331608914998,6.00800089172058
"280",10,"UKENAN_AW_TP000063",4.864112628,5.1875893406526,4.32047379573151,6.0584233446787
"281",11,"UKENAN_AW_TP000063",NA,5.30071657591153,4.39826862590874,6.20582322727407
"282",12,"UKENAN_AW_TP000063",5.396537063,5.25728927324216,4.39066966424022,6.12667784902833
"283",13,"UKENAN_AW_TP000063",NA,5.19680077422842,4.29284874351344,6.10333740305613
"284",14,"UKENAN_AW_TP000063",5.320283,5.39005604991975,4.52248791355225,6.25870769088978
"285",15,"UKENAN_AW_TP000063",NA,5.24414551147652,4.339582246376,6.15106572492663
"286",16,"UKENAN_AW_TP000063",5.623831682,5.30476885723213,4.43800961891368,6.17275212807799
"287",17,"UKENAN_AW_TP000063",NA,5.23628145472165,4.33426316365555,6.14015281444986
"288",18,"UKENAN_AW_TP000063",5.343431727,5.18223651711135,4.31580552275696,6.05111227213336
"289",19,"UKENAN_AW_TP000063",NA,5.05191643293605,4.14081004698725,5.96327218962492
"290",20,"UKENAN_AW_TP000063",4.509596201,5.22158025644076,4.35179470462688,6.09014089702649
"291",21,"UKENAN_AW_TP000063",NA,5.10810921642875,4.20602676433079,6.0117786971337
"292",22,"UKENAN_AW_TP000063",5.71706844,5.0587803821437,4.19221052850428,5.92684862341369
"293",23,"UKENAN_AW_TP000063",NA,5.24316827508298,4.34238037795695,6.14554422120985
"294",24,"UKENAN_AW_TP000063",3.815986809,5.26395925290337,4.39660245509042,6.13226955089223
"295",25,"UKENAN_AW_TP000063",NA,5.205101536791,4.31101845552801,6.10059276396067
"296",26,"UKENAN_AW_TP000063",6.08338466,5.09416987855023,4.22143045029559,5.96758514958757
"297",27,"UKENAN_AW_TP000063",NA,5.02459221194052,4.12177989373793,5.92824168246928
"298",28,"UKENAN_AW_TP000063",5.614009396,5.17066261866911,4.30358525654323,6.03802427615383
"299",29,"UKENAN_AW_TP000063",NA,5.1663173701151,4.2649558402141,6.06879833181911
"300",30,"UKENAN_AW_TP000063",5.764542265,5.04274280181486,4.17597002723311,5.9110402959883
"301",31,"UKENAN_AW_TP000063",NA,5.00458626861534,4.07459410743818,5.93416675340516
"302",32,"UKENAN_AW_TP000063",3.349461938,4.98141239677168,4.11226188063781,5.85441042340361
"303",33,"UKENAN_AW_TP000063",NA,5.03513300629595,4.1453177265562,5.9259324340594
"304",34,"UKENAN_AW_TP000063",4.757292417,4.86743681474536,3.99962156747031,5.7359168840873
"305",35,"UKENAN_AW_TP000063",NA,4.79905797231501,3.89589571314441,5.70221604991009
"306",36,"UKENAN_AW_TP000063",4.663980974,4.90856841462895,4.04145636514148,5.77563958729841
"307",37,"UKENAN_AW_TP000063",NA,5.31798331814234,4.41433939710683,6.22241907735318
"308",38,"UKENAN_AW_TP000063",4.313849885,5.34855854331322,4.47927328412819,6.21677746703735
"309",39,"UKENAN_AW_TP000063",NA,5.5331340206947,4.63017491762887,6.43795867538398
"310",40,"UKENAN_AW_TP000063",6.07427022,5.41225018182586,4.54540624696236,6.27935408562784
"311",41,"UKENAN_AW_TP000063",NA,5.56122684927554,4.65708670365326,6.46749576082301
"312",42,"UKENAN_AW_TP000063",5.801063577,5.43925476183408,4.5723145845204,6.30685666974584
"313",43,"UKENAN_AW_TP000063",NA,5.47755485138721,4.57418626440756,6.38126956792413
"314",44,"UKENAN_AW_TP000063",5.10965731,5.27130057525654,4.40383595427468,6.14233459337989
"315",45,"UKENAN_AW_TP000063",NA,5.38210592366179,4.46347107709972,6.30028137929926
"586",1,"UKENAN_AW_TP000148",NA,4.58008372815574,3.63648530345718,5.52411607049793
"587",2,"UKENAN_AW_TP000148",5.180301605,4.48184829567223,3.5732106528618,5.39169398743054
"588",3,"UKENAN_AW_TP000148",NA,4.80467295997736,3.87418771448035,5.73655488315431
"589",4,"UKENAN_AW_TP000148",5.8186772,4.74881873530089,3.84207032186157,5.65652142754999
"590",5,"UKENAN_AW_TP000148",NA,4.94464312723099,4.00761308393876,5.88342064215881
"591",6,"UKENAN_AW_TP000148",5.3353372,5.10400557715894,4.19187456582442,6.01383578103532
"592",7,"UKENAN_AW_TP000148",NA,5.00235812810896,4.0601846565204,5.94583782734344
"593",8,"UKENAN_AW_TP000148",5.650181095,5.06300836686635,4.15648102557641,5.97098402508588
"594",9,"UKENAN_AW_TP000148",NA,5.25192180796652,4.31086193096808,6.19375661109843
"595",10,"UKENAN_AW_TP000148",5.398564786,5.34595984960465,4.43893351164763,6.2560305860443
"596",11,"UKENAN_AW_TP000148",NA,5.4588273852307,4.52157758223675,6.39841029906607
"597",12,"UKENAN_AW_TP000148",6.492433844,5.44664419214599,4.54087372758491,6.35466041695271
"598",13,"UKENAN_AW_TP000148",NA,5.36478606515611,4.42700666005342,6.30451716130489
"599",14,"UKENAN_AW_TP000148",6.566738285,5.52198978117428,4.61624646231077,6.42858169310527
"600",15,"UKENAN_AW_TP000148",NA,5.40422760353673,4.46566586143642,6.34500007472629
"601",16,"UKENAN_AW_TP000148",5.980446697,5.46611176978002,4.5601900744152,6.37326638970104
"602",17,"UKENAN_AW_TP000148",NA,5.39015488632926,4.45494266079643,6.32672595714535
"603",18,"UKENAN_AW_TP000148",5.782893311,5.33581223159076,4.4306053070282,6.24255612042156
"604",19,"UKENAN_AW_TP000148",NA,5.20761638768659,4.2647496576675,6.1506730475953
"605",20,"UKENAN_AW_TP000148",5.592834044,5.39074384870596,4.48178058294514,6.29896058622743
"606",21,"UKENAN_AW_TP000148",NA,5.26356660386933,4.32750076957374,6.2011733670334
"607",22,"UKENAN_AW_TP000148",5.462188182,5.24339709200901,4.33721071076926,6.15120759840071
"608",23,"UKENAN_AW_TP000148",NA,5.39871825895821,4.46341727141974,6.335859578048
"609",24,"UKENAN_AW_TP000148",5.844976799,5.43028423306618,4.52347674127082,6.33826972662653
"610",25,"UKENAN_AW_TP000148",NA,5.36186925910682,4.43166062414467,6.29366504044253
"611",26,"UKENAN_AW_TP000148",6.584593487,5.26687588732127,4.35533386671941,6.17961168803177
"612",27,"UKENAN_AW_TP000148",NA,5.18632957446503,4.24817918163357,6.12579032975496
"613",28,"UKENAN_AW_TP000148",6.305743678,5.33572629136041,4.42859659170064,6.24409566329421
"614",29,"UKENAN_AW_TP000148",NA,5.31845396134043,4.38290060296833,6.25561351748241
"615",30,"UKENAN_AW_TP000148",6.123546146,5.22277091808097,4.31607725750509,6.13125443863758
"616",31,"UKENAN_AW_TP000148",NA,5.15978412060591,4.19660301077139,6.12251527167095
"617",32,"UKENAN_AW_TP000148",5.239455735,5.15222192844073,4.24208448076272,6.06593156157876
"618",33,"UKENAN_AW_TP000148",NA,5.1923424968006,4.26636097507481,6.11951196512194
"619",34,"UKENAN_AW_TP000148",6.330146717,4.98069032476635,4.07287928950523,5.88896350667748
"620",35,"UKENAN_AW_TP000148",NA,4.95706405011469,4.02036401322565,5.89383574028972
"621",36,"UKENAN_AW_TP000148",6.009705256,5.06904204273349,4.16245628490119,5.97592892110265
"622",37,"UKENAN_AW_TP000148",NA,5.4700326900285,4.53350985082542,6.40755998064007
"623",38,"UKENAN_AW_TP000148",5.972001797,5.4900704367989,4.58191429712385,6.39780392086114
"624",39,"UKENAN_AW_TP000148",NA,5.68675429716537,4.74923848993845,6.62638593134491
"625",40,"UKENAN_AW_TP000148",5.95819655,5.56036033355854,4.65415553604313,6.46707330824904
"626",41,"UKENAN_AW_TP000148",NA,5.71389236278055,4.77518251005879,6.65474529229664
"627",42,"UKENAN_AW_TP000148",5.464590736,5.59766560269876,4.69050022588598,6.5059448441469
"628",43,"UKENAN_AW_TP000148",NA,5.63079932827489,4.69379162790938,6.56867281104063
"629",44,"UKENAN_AW_TP000148",5.599685083,5.43276304028793,4.52480421225156,6.34392615608672
"630",45,"UKENAN_AW_TP000148",NA,5.53689195672027,4.58247492678751,6.49125217561923
"901",1,"UKENAN_AW_TP000303",NA,4.33490920752706,3.4370864287272,5.23224392601917
"902",2,"UKENAN_AW_TP000303",5.812266377,4.25582206526151,3.40921240793361,5.10434147993905
"903",3,"UKENAN_AW_TP000303",NA,4.56000130907675,3.68000430946977,5.44032333523835
"904",4,"UKENAN_AW_TP000303",4.440931475,4.43953817001011,3.59040021898857,5.28815103260592
"905",5,"UKENAN_AW_TP000303",NA,4.74451364373716,3.85245709586535,5.63859901254717
"906",6,"UKENAN_AW_TP000303",5.130376299,4.96619177255158,4.11805665849566,5.81339939539099
"907",7,"UKENAN_AW_TP000303",NA,4.77902028464624,3.88234353540869,5.67621465404758
"908",8,"UKENAN_AW_TP000303",5.199834823,4.86361619494369,4.01730107411053,5.7113721331282
"909",9,"UKENAN_AW_TP000303",NA,5.0397070515961,4.1393978468241,5.9403513743682
"910",10,"UKENAN_AW_TP000303",5.343497967,5.1217849078124,4.27658294525189,5.9677529870745
"911",11,"UKENAN_AW_TP000303",NA,5.21649318697535,4.32577210399249,6.10920275217656
"912",12,"UKENAN_AW_TP000303",5.625978256,5.14855650737876,4.30207809351991,5.99591307331935
"913",13,"UKENAN_AW_TP000303",NA,5.07055846616918,4.17838842365499,5.96332881189943
"914",14,"UKENAN_AW_TP000303",5.632566769,5.3237158152869,4.47708125826423,6.17090947179024
"915",15,"UKENAN_AW_TP000303",NA,5.1474826638896,4.25289496445386,6.043758824059
"916",16,"UKENAN_AW_TP000303",6.021630255,5.18719696837289,4.34018332840261,6.03411114092045
"917",17,"UKENAN_AW_TP000303",NA,5.17252774301286,4.2812590908505,6.06531110143629
"918",18,"UKENAN_AW_TP000303",5.452838223,5.08077520746824,4.23491426710987,5.92834974503467
"919",19,"UKENAN_AW_TP000303",NA,5.00016117387683,4.0951720025531,5.90495479697374
"920",20,"UKENAN_AW_TP000303",5.544692427,5.21243846153502,4.36552290235256,6.05862607867491
"921",21,"UKENAN_AW_TP000303",NA,5.03906465992823,4.14865354344359,5.93054223380383
"922",22,"UKENAN_AW_TP000303",5.125400728,4.92432099006482,4.0773113447184,5.77079955416116
"923",23,"UKENAN_AW_TP000303",NA,5.20698657343964,4.31816105930303,6.09722081228369
"924",24,"UKENAN_AW_TP000303",4.625124595,5.20606857846749,4.35797927943267,6.05407815604481
"925",25,"UKENAN_AW_TP000303",NA,5.14070394603192,4.24216286925787,6.04020733910351
"926",26,"UKENAN_AW_TP000303",4.876719113,5.05291019797329,4.20775033035414,5.89886756259756
"927",27,"UKENAN_AW_TP000303",NA,4.87182545234167,3.9768697118252,5.76499857289249
"928",28,"UKENAN_AW_TP000303",5.565296283,5.07398724993713,4.22742731443405,5.92067125092665
"929",29,"UKENAN_AW_TP000303",NA,5.11479228116841,4.22301331465807,6.00776445159609
"930",30,"UKENAN_AW_TP000303",5.545472352,4.90536755450368,4.05727086478365,5.75262245887447
"931",31,"UKENAN_AW_TP000303",NA,4.94171788401555,4.02214327452599,5.86058101097237
"932",32,"UKENAN_AW_TP000303",5.232906908,4.82461241918742,3.97575689617105,5.67538970896747
"933",33,"UKENAN_AW_TP000303",NA,4.9861026822515,4.11487785844183,5.85834144365612
"934",34,"UKENAN_AW_TP000303",4.770060012,4.88863399028079,4.03745111927717,5.74210854171587
"935",35,"UKENAN_AW_TP000303",NA,4.6972983700031,3.80444413708037,5.58924162407054
"936",36,"UKENAN_AW_TP000303",6.060337374,4.78454122589768,3.9355922175687,5.63176247202842
"937",37,"UKENAN_AW_TP000303",NA,5.27534300112727,4.38302050115079,6.16862838943613
"938",38,"UKENAN_AW_TP000303",5.174020856,5.29219778635497,4.44539272139699,6.13896251421011
"939",39,"UKENAN_AW_TP000303",NA,5.49005681671938,4.5992460871164,6.38285943953937
"940",40,"UKENAN_AW_TP000303",5.723262332,5.40961006794337,4.5634559635573,6.25724634761844
"941",41,"UKENAN_AW_TP000303",NA,5.51168891728445,4.61851410739379,6.40705173950808
"942",42,"UKENAN_AW_TP000303",6.434190051,5.43306230974253,4.58663870137917,6.28002188390879
"943",43,"UKENAN_AW_TP000303",NA,5.42195080277774,4.52541682745774,6.31847882384006
"944",44,"UKENAN_AW_TP000303",6.405937603,5.21898272429753,4.37134537801634,6.0694790862418
"945",45,"UKENAN_AW_TP000303",NA,5.31707446836939,4.40309605675907,6.23016891090729
"946",1,"UKENAN_AW_TP000307",NA,4.44519564266989,3.54607281650368,5.34448042775932
"947",2,"UKENAN_AW_TP000307",4.281559694,4.35350566153076,3.50341613886451,5.20583231831005
"948",3,"UKENAN_AW_TP000307",NA,4.66027732154785,3.77929472682127,5.54252274986714
"949",4,"UKENAN_AW_TP000307",3.835059895,4.56452674478586,3.71229059577762,5.41749854158815
"950",5,"UKENAN_AW_TP000307",NA,4.83292304880052,3.94097008180457,5.72743745580443
"951",6,"UKENAN_AW_TP000307",4.652592936,5.05257687526765,4.20093173241058,5.90391466858911
"952",7,"UKENAN_AW_TP000307",NA,4.87288499544949,3.97640055947156,5.77065804199377
"953",8,"UKENAN_AW_TP000307",5.172190684,4.93020528829875,4.08108794998812,5.78121607801957
"954",9,"UKENAN_AW_TP000307",NA,5.12964734883148,4.23002865395633,6.03009811768964
"955",10,"UKENAN_AW_TP000307",4.07973722,5.20774769713979,4.35839031639632,6.05855393481507
"956",11,"UKENAN_AW_TP000307",NA,5.31991479027989,4.42798993914626,6.21455381139498
"957",12,"UKENAN_AW_TP000307",5.642774134,5.30810388601179,4.45883782126942,6.16000956629479
"958",13,"UKENAN_AW_TP000307",NA,5.19515788994552,4.30197792959599,6.09018759002833
"959",14,"UKENAN_AW_TP000307",4.974525631,5.38284558668734,4.53283534569036,6.23332164718027
"960",15,"UKENAN_AW_TP000307",NA,5.26021766639888,4.36604326465372,6.15646935548631
"961",16,"UKENAN_AW_TP000307",5.52662724,5.30127431853646,4.4522277893863,6.15141700374666
"962",17,"UKENAN_AW_TP000307",NA,5.26593215452851,4.3748259255861,6.15887126950348
"963",18,"UKENAN_AW_TP000307",5.394069028,5.17776014335059,4.3291261063945,6.0280870480269
"964",19,"UKENAN_AW_TP000307",NA,5.091801827446,4.18784334704882,5.99618651685502
"965",20,"UKENAN_AW_TP000307",5.245796686,5.31660065485359,4.46429406727945,6.16825806896207
"966",21,"UKENAN_AW_TP000307",NA,5.12859782120326,4.23748426911976,6.02138402008283
"967",22,"UKENAN_AW_TP000307",4.429330599,5.08121702228795,4.23178124627381,5.93196710075766
"968",23,"UKENAN_AW_TP000307",NA,5.29239724195128,4.40241432866714,6.18425724118066
"969",24,"UKENAN_AW_TP000307",5.079309534,5.33254219257383,4.48255045121107,6.18374233014516
"970",25,"UKENAN_AW_TP000307",NA,5.23890066470337,4.34407498543502,6.13520710283562
"971",26,"UKENAN_AW_TP000307",5.159023032,5.15968824056936,4.31039910837867,6.01024308367611
"972",27,"UKENAN_AW_TP000307",NA,5.00735480156807,4.1136661083673,5.90088441303078
"973",28,"UKENAN_AW_TP000307",5.063319717,5.20535899141453,4.35627064967487,6.0560649873597
"974",29,"UKENAN_AW_TP000307",NA,5.20126976120554,4.30941235192032,6.09462684598177
"975",30,"UKENAN_AW_TP000307",5.312357592,5.06988268384177,4.22064708002775,5.92051379236808
"976",31,"UKENAN_AW_TP000307",NA,5.03175132658712,4.10808460141041,5.95481999136813
"977",32,"UKENAN_AW_TP000307",4.477155709,4.96517959796356,4.11443769167124,5.81862932678374
"978",33,"UKENAN_AW_TP000307",NA,5.08163044353321,4.21140561097772,5.95297116429833
"979",34,"UKENAN_AW_TP000307",4.772987739,4.89967276359003,4.04451058345453,5.75630330558465
"980",35,"UKENAN_AW_TP000307",NA,4.80619830492248,3.91352384637321,5.69871933659265
"981",36,"UKENAN_AW_TP000307",4.522078411,4.90234815088199,4.05154500521448,5.75229833663424
"982",37,"UKENAN_AW_TP000307",NA,5.36295398411206,4.47007902856305,6.25692002152536
"983",38,"UKENAN_AW_TP000307",3.989561588,5.35854494886869,4.5073101020343,6.20898993895151
"984",39,"UKENAN_AW_TP000307",NA,5.57694831260182,4.68443863808531,6.4718674636713
"985",40,"UKENAN_AW_TP000307",5.199317207,5.48032698748428,4.6314052940666,6.33060680010849
"986",41,"UKENAN_AW_TP000307",NA,5.59870152080801,4.7059084994439,6.49380055429301
"987",42,"UKENAN_AW_TP000307",5.412165335,5.51795132546302,4.66853092250656,6.3681757106133
"988",43,"UKENAN_AW_TP000307",NA,5.50789703381712,4.61208395267506,6.4042916037781
"989",44,"UKENAN_AW_TP000307",5.205152084,5.28776549058712,4.43779379800956,6.14017818457558
"990",45,"UKENAN_AW_TP000307",NA,5.41304858052409,4.50054921039765,6.32513055055628
