"site_code","date","weighted_mobility"
"UKENAN_AW_TP000016","2021-05-03",0
"UKENAN_AW_TP000016","2021-05-10",-20.686802661924
"UKENAN_AW_TP000016","2021-05-17",-19.2696578876473
"UKENAN_AW_TP000016","2021-05-24",-18.8264538970736
"UKENAN_AW_TP000016","2021-05-31",-31.8180884359926
"UKENAN_AW_TP000016","2021-06-07",-18.6872368054053
"UKENAN_AW_TP000016","2021-06-14",-16.8117489778244
"UKENAN_AW_TP000016","2021-06-21",-16.9769529285429
"UKENAN_AW_TP000016","2021-06-28",-17.1342255616616
"UKENAN_AW_TP000016","2021-07-05",-17.6981569589718
"UKENAN_AW_TP000016","2021-07-12",-18.5369548456767
"UKENAN_AW_TP000016","2021-07-19",-20.9882348683438
"UKENAN_AW_TP000016","2021-07-26",-26.4116467435418
"UKENAN_AW_TP000016","2021-08-02",-28.5173798020416
"UKENAN_AW_TP000016","2021-08-09",-28.5212369249711
"UKENAN_AW_TP000016","2021-08-16",-28.5210922104773
"UKENAN_AW_TP000016","2021-08-23",-27.1222200493918
"UKENAN_AW_TP000016","2021-08-30",-32.2238789132214
"UKENAN_AW_TP000016","2021-09-06",-20.8952799429566
"UKENAN_AW_TP000016","2021-09-13",-20.9059830247825
"UKENAN_AW_TP000016","2021-09-20",-20.7600646887116
"UKENAN_AW_TP000016","2021-09-27",-19.6576822524132
"UKENAN_AW_TP000016","2021-10-04",-19.6575375379194
"UKENAN_AW_TP000016","2021-10-11",-18.9284021898907
"UKENAN_AW_TP000016","2021-10-18",-18.236680355207
"UKENAN_AW_TP000016","2021-10-25",-25.8179437214988
"UKENAN_AW_TP000016","2021-11-01",-19.5515150504321
"UKENAN_AW_TP000016","2021-11-08",-17.6648176402971
"UKENAN_AW_TP000016","2021-11-15",-18.2137546893706
"UKENAN_AW_TP000016","2021-11-22",-17.8104465473805
"UKENAN_AW_TP000016","2021-11-29",-17.5462831398117
"UKENAN_AW_TP000016","2021-12-06",-16.8435687943145
"UKENAN_AW_TP000016","2021-12-13",-17.1188694271905
"UKENAN_AW_TP000016","2021-12-20",-26.5605539155796
"UKENAN_AW_TP000016","2021-12-27",-62.5633980370527
"UKENAN_AW_TP000016","2022-01-03",-41.6668658320544
"UKENAN_AW_TP000016","2022-01-10",-20.6169904741138
"UKENAN_AW_TP000016","2022-01-17",-18.3759698041222
"UKENAN_AW_TP000016","2022-01-24",-18.6362760887614
"UKENAN_AW_TP000016","2022-01-31",-17.2368250697007
"UKENAN_AW_TP000016","2022-02-07",-16.3763315903566
"UKENAN_AW_TP000016","2022-02-14",-23.1025002912629
"UKENAN_AW_TP000016","2022-02-21",-20.7943446515959
"UKENAN_AW_TP000016","2022-02-28",-15.9408418456419
"UKENAN_AW_TP000016","2022-03-07",-16.935971721256
"UKENAN_AW_TP000016","2022-03-14",-16.2546635394106
"UKENAN_AW_TP000016","2022-03-21",-17.7931145783988
"UKENAN_AW_TP000016","2022-03-28",-18.4923335872009
"UKENAN_AW_TP000016","2022-04-04",-22.9556413109825
"UKENAN_AW_TP000016","2022-04-11",-23.8472088455034
"UKENAN_AW_TP000016","2022-04-18",-34.6873091626522
"UKENAN_AW_TP000016","2022-04-25",-14.6654688555191
"UKENAN_AW_TP000023","2021-05-03",0
"UKENAN_AW_TP000023","2021-05-10",-5.96612366317752
"UKENAN_AW_TP000023","2021-05-17",-3.24892106430425
"UKENAN_AW_TP000023","2021-05-24",-2.6709269735277
"UKENAN_AW_TP000023","2021-05-31",-13.1207899698406
"UKENAN_AW_TP000023","2021-06-07",-1.96033035841834
"UKENAN_AW_TP000023","2021-06-14",0.469684338290894
"UKENAN_AW_TP000023","2021-06-21",-2.07627460254253
"UKENAN_AW_TP000023","2021-06-28",-3.92026618878147
"UKENAN_AW_TP000023","2021-07-05",-4.06386519791547
"UKENAN_AW_TP000023","2021-07-12",-3.64115282877909
"UKENAN_AW_TP000023","2021-07-19",-7.48880822393443
"UKENAN_AW_TP000023","2021-07-26",-13.3416061025079
"UKENAN_AW_TP000023","2021-08-02",-13.4802295439394
"UKENAN_AW_TP000023","2021-08-09",-14.908735217835
"UKENAN_AW_TP000023","2021-08-16",-15.6178430423387
"UKENAN_AW_TP000023","2021-08-23",-14.197300633461
"UKENAN_AW_TP000023","2021-08-30",-17.7556436886615
"UKENAN_AW_TP000023","2021-09-06",-6.31964853926946
"UKENAN_AW_TP000023","2021-09-13",-6.04415346571557
"UKENAN_AW_TP000023","2021-09-20",-5.62581136540852
"UKENAN_AW_TP000023","2021-09-27",-6.47853337320215
"UKENAN_AW_TP000023","2021-10-04",-5.64762730319125
"UKENAN_AW_TP000023","2021-10-11",-5.49893133310702
"UKENAN_AW_TP000023","2021-10-18",-6.79116055764938
"UKENAN_AW_TP000023","2021-10-25",-15.0747959280408
"UKENAN_AW_TP000023","2021-11-01",-9.08416705483254
"UKENAN_AW_TP000023","2021-11-08",-6.23714224881028
"UKENAN_AW_TP000023","2021-11-15",-4.39821727520963
"UKENAN_AW_TP000023","2021-11-22",-5.12190952265102
"UKENAN_AW_TP000023","2021-11-29",-5.41782784636973
"UKENAN_AW_TP000023","2021-12-06",-3.565832530697
"UKENAN_AW_TP000023","2021-12-13",-0.855952491604545
"UKENAN_AW_TP000023","2021-12-20",-6.59444160016725
"UKENAN_AW_TP000023","2021-12-27",-47.1622215368354
"UKENAN_AW_TP000023","2022-01-03",-25.1519264538951
"UKENAN_AW_TP000023","2022-01-10",-3.15690202159761
"UKENAN_AW_TP000023","2022-01-17",-3.14232265671186
"UKENAN_AW_TP000023","2022-01-24",-2.57090420138727
"UKENAN_AW_TP000023","2022-01-31",-2.56504514195223
"UKENAN_AW_TP000023","2022-02-07",-2.28443287524016
"UKENAN_AW_TP000023","2022-02-14",-10.1459763495243
"UKENAN_AW_TP000023","2022-02-21",-4.86028229601796
"UKENAN_AW_TP000023","2022-02-28",-1.41561742169512
"UKENAN_AW_TP000023","2022-03-07",0.287661691685428
"UKENAN_AW_TP000023","2022-03-14",-1.27430470801558
"UKENAN_AW_TP000023","2022-03-21",0.0106019567459792
"UKENAN_AW_TP000023","2022-03-28",-2.3996757175034
"UKENAN_AW_TP000023","2022-04-04",-7.12492756827837
"UKENAN_AW_TP000023","2022-04-11",-7.26204704494822
"UKENAN_AW_TP000023","2022-04-18",-16.6724865768613
"UKENAN_AW_TP000023","2022-04-25",2.19064179101637
"UKENAN_AW_TP000037","2021-05-03",0
"UKENAN_AW_TP000037","2021-05-10",-21.5844584752076
"UKENAN_AW_TP000037","2021-05-17",-20.2316791124021
"UKENAN_AW_TP000037","2021-05-24",-19.1776614299336
"UKENAN_AW_TP000037","2021-05-31",-32.9825661234394
"UKENAN_AW_TP000037","2021-06-07",-19.9142094103993
"UKENAN_AW_TP000037","2021-06-14",-17.8235111926655
"UKENAN_AW_TP000037","2021-06-21",-18.9448622879511
"UKENAN_AW_TP000037","2021-06-28",-20.1166588565613
"UKENAN_AW_TP000037","2021-07-05",-19.6422634802173
"UKENAN_AW_TP000037","2021-07-12",-19.9140637609814
"UKENAN_AW_TP000037","2021-07-19",-25.3890990178128
"UKENAN_AW_TP000037","2021-07-26",-28.9031714286712
"UKENAN_AW_TP000037","2021-08-02",-30.2622507386822
"UKENAN_AW_TP000037","2021-08-09",-29.9422055116165
"UKENAN_AW_TP000037","2021-08-16",-28.692891498343
"UKENAN_AW_TP000037","2021-08-23",-28.2199041894909
"UKENAN_AW_TP000037","2021-08-30",-32.4393216202023
"UKENAN_AW_TP000037","2021-09-06",-20.3527924304551
"UKENAN_AW_TP000037","2021-09-13",-20.1343106167739
"UKENAN_AW_TP000037","2021-09-20",-21.3511719766155
"UKENAN_AW_TP000037","2021-09-27",-22.0437568565636
"UKENAN_AW_TP000037","2021-10-04",-21.8130864534442
"UKENAN_AW_TP000037","2021-10-11",-20.5173031108506
"UKENAN_AW_TP000037","2021-10-18",-21.3513726506262
"UKENAN_AW_TP000037","2021-10-25",-27.8202870076023
"UKENAN_AW_TP000037","2021-11-01",-22.465789910855
"UKENAN_AW_TP000037","2021-11-08",-19.70291847063
"UKENAN_AW_TP000037","2021-11-15",-19.3094306242808
"UKENAN_AW_TP000037","2021-11-22",-19.7572744549095
"UKENAN_AW_TP000037","2021-11-29",-20.128265695452
"UKENAN_AW_TP000037","2021-12-06",-18.9322965081687
"UKENAN_AW_TP000037","2021-12-13",-18.3331778300776
"UKENAN_AW_TP000037","2021-12-20",-26.454486978575
"UKENAN_AW_TP000037","2021-12-27",-65.0310394229762
"UKENAN_AW_TP000037","2022-01-03",-43.1700936826498
"UKENAN_AW_TP000037","2022-01-10",-20.7872179496234
"UKENAN_AW_TP000037","2022-01-17",-20.1863688345041
"UKENAN_AW_TP000037","2022-01-24",-20.051594933165
"UKENAN_AW_TP000037","2022-01-31",-19.6658318268646
"UKENAN_AW_TP000037","2022-02-07",-18.797500069942
"UKENAN_AW_TP000037","2022-02-14",-25.7931571188914
"UKENAN_AW_TP000037","2022-02-21",-21.5434455774802
"UKENAN_AW_TP000037","2022-02-28",-18.3360029778977
"UKENAN_AW_TP000037","2022-03-07",-18.6495489730947
"UKENAN_AW_TP000037","2022-03-14",-19.4101444227448
"UKENAN_AW_TP000037","2022-03-21",-19.8940227792872
"UKENAN_AW_TP000037","2022-03-28",-19.0501087237056
"UKENAN_AW_TP000037","2022-04-04",-23.6147689833608
"UKENAN_AW_TP000037","2022-04-11",-25.2225234201138
"UKENAN_AW_TP000037","2022-04-18",-36.9909518773406
"UKENAN_AW_TP000037","2022-04-25",-16.6767164380465
"UKENAN_AW_TP000050","2021-05-03",0
"UKENAN_AW_TP000050","2021-05-10",-37.5019610102844
"UKENAN_AW_TP000050","2021-05-17",-35.8123745069522
"UKENAN_AW_TP000050","2021-05-24",-33.4246781325519
"UKENAN_AW_TP000050","2021-05-31",-39.7886829630164
"UKENAN_AW_TP000050","2021-06-07",-29.6115196830019
"UKENAN_AW_TP000050","2021-06-14",-26.3385547767757
"UKENAN_AW_TP000050","2021-06-21",-27.0001044440941
"UKENAN_AW_TP000050","2021-06-28",-27.403976661712
"UKENAN_AW_TP000050","2021-07-05",-29.7777434567747
"UKENAN_AW_TP000050","2021-07-12",-28.8997467486036
"UKENAN_AW_TP000050","2021-07-19",-28.6965821192542
"UKENAN_AW_TP000050","2021-07-26",-32.2855191139383
"UKENAN_AW_TP000050","2021-08-02",-33.2611752576615
"UKENAN_AW_TP000050","2021-08-09",-35.4394377015689
"UKENAN_AW_TP000050","2021-08-16",-35.8391727461038
"UKENAN_AW_TP000050","2021-08-23",-36.4719748680549
"UKENAN_AW_TP000050","2021-08-30",-39.3171678937324
"UKENAN_AW_TP000050","2021-09-06",-30.5156623179836
"UKENAN_AW_TP000050","2021-09-13",-31.3824199040428
"UKENAN_AW_TP000050","2021-09-20",-31.3445018231051
"UKENAN_AW_TP000050","2021-09-27",-29.7999298878407
"UKENAN_AW_TP000050","2021-10-04",-28.9439419333973
"UKENAN_AW_TP000050","2021-10-11",-28.3983927727719
"UKENAN_AW_TP000050","2021-10-18",-27.9171741359023
"UKENAN_AW_TP000050","2021-10-25",-32.3708811660608
"UKENAN_AW_TP000050","2021-11-01",-27.7583110244535
"UKENAN_AW_TP000050","2021-11-08",-23.9018788766642
"UKENAN_AW_TP000050","2021-11-15",-21.957127703519
"UKENAN_AW_TP000050","2021-11-22",-21.2194753583176
"UKENAN_AW_TP000050","2021-11-29",-21.4289981274798
"UKENAN_AW_TP000050","2021-12-06",-22.7881246338511
"UKENAN_AW_TP000050","2021-12-13",-28.0396469182273
"UKENAN_AW_TP000050","2021-12-20",-39.9095644520084
"UKENAN_AW_TP000050","2021-12-27",-66.3237847468403
"UKENAN_AW_TP000050","2022-01-03",-46.4703426721469
"UKENAN_AW_TP000050","2022-01-10",-26.62982765428
"UKENAN_AW_TP000050","2022-01-17",-26.7820330100459
"UKENAN_AW_TP000050","2022-01-24",-25.8462746951327
"UKENAN_AW_TP000050","2022-01-31",-23.2919991922828
"UKENAN_AW_TP000050","2022-02-07",-24.1990099618287
"UKENAN_AW_TP000050","2022-02-14",-28.1286435530742
"UKENAN_AW_TP000050","2022-02-21",-25.5257769790525
"UKENAN_AW_TP000050","2022-02-28",-20.7182355183052
"UKENAN_AW_TP000050","2022-03-07",-20.2807600701709
"UKENAN_AW_TP000050","2022-03-14",-18.9473352972643
"UKENAN_AW_TP000050","2022-03-21",-20.8257761987813
"UKENAN_AW_TP000050","2022-03-28",-23.2372833974432
"UKENAN_AW_TP000050","2022-04-04",-28.2418647638721
"UKENAN_AW_TP000050","2022-04-11",-29.0519190045069
"UKENAN_AW_TP000050","2022-04-18",-36.9496703998133
"UKENAN_AW_TP000050","2022-04-25",-17.7214590075461
"UKENAN_AW_TP000051","2021-05-03",0
"UKENAN_AW_TP000051","2021-05-10",-19.0738676591323
"UKENAN_AW_TP000051","2021-05-17",-17.310825839781
"UKENAN_AW_TP000051","2021-05-24",-14.7907522632005
"UKENAN_AW_TP000051","2021-05-31",-28.2520665242073
"UKENAN_AW_TP000051","2021-06-07",-15.7003230742517
"UKENAN_AW_TP000051","2021-06-14",-13.8899248222498
"UKENAN_AW_TP000051","2021-06-21",-14.0103893975568
"UKENAN_AW_TP000051","2021-06-28",-13.8431309101314
"UKENAN_AW_TP000051","2021-07-05",-13.9903309801681
"UKENAN_AW_TP000051","2021-07-12",-14.4042173480595
"UKENAN_AW_TP000051","2021-07-19",-20.3365648924577
"UKENAN_AW_TP000051","2021-07-26",-23.8271588101191
"UKENAN_AW_TP000051","2021-08-02",-25.8245241829201
"UKENAN_AW_TP000051","2021-08-09",-25.583863841461
"UKENAN_AW_TP000051","2021-08-16",-24.5417793830194
"UKENAN_AW_TP000051","2021-08-23",-24.1455747717624
"UKENAN_AW_TP000051","2021-08-30",-27.3314702844554
"UKENAN_AW_TP000051","2021-09-06",-16.8856135581694
"UKENAN_AW_TP000051","2021-09-13",-17.4366927221441
"UKENAN_AW_TP000051","2021-09-20",-17.4160043829053
"UKENAN_AW_TP000051","2021-09-27",-17.5835565734185
"UKENAN_AW_TP000051","2021-10-04",-17.7140627975516
"UKENAN_AW_TP000051","2021-10-11",-17.418379684864
"UKENAN_AW_TP000051","2021-10-18",-17.4427398707444
"UKENAN_AW_TP000051","2021-10-25",-24.027149275325
"UKENAN_AW_TP000051","2021-11-01",-18.8512610193446
"UKENAN_AW_TP000051","2021-11-08",-16.3752987842852
"UKENAN_AW_TP000051","2021-11-15",-15.8385671078985
"UKENAN_AW_TP000051","2021-11-22",-15.5204502654669
"UKENAN_AW_TP000051","2021-11-29",-15.0818344753547
"UKENAN_AW_TP000051","2021-12-06",-14.1555738911976
"UKENAN_AW_TP000051","2021-12-13",-13.6552360952991
"UKENAN_AW_TP000051","2021-12-20",-22.4886446171805
"UKENAN_AW_TP000051","2021-12-27",-55.6377443705645
"UKENAN_AW_TP000051","2022-01-03",-37.0664321353737
"UKENAN_AW_TP000051","2022-01-10",-17.4136716045942
"UKENAN_AW_TP000051","2022-01-17",-16.5832135743097
"UKENAN_AW_TP000051","2022-01-24",-16.3509386056776
"UKENAN_AW_TP000051","2022-01-31",-15.4286765877181
"UKENAN_AW_TP000051","2022-02-07",-14.962739268812
"UKENAN_AW_TP000051","2022-02-14",-22.6078887481252
"UKENAN_AW_TP000051","2022-02-21",-18.432749772584
"UKENAN_AW_TP000051","2022-02-28",-14.1199628927002
"UKENAN_AW_TP000051","2022-03-07",-14.5915564234618
"UKENAN_AW_TP000051","2022-03-14",-14.3959391829788
"UKENAN_AW_TP000051","2022-03-21",-13.6776137362456
"UKENAN_AW_TP000051","2022-03-28",-13.1799259425793
"UKENAN_AW_TP000051","2022-04-04",-19.6675440774763
"UKENAN_AW_TP000051","2022-04-11",-20.920895146961
"UKENAN_AW_TP000051","2022-04-18",-29.1281699499236
"UKENAN_AW_TP000051","2022-04-25",-11.7167150645729
"UKENAN_AW_TP000055","2021-05-03",0
"UKENAN_AW_TP000055","2021-05-10",-29.0866929091844
"UKENAN_AW_TP000055","2021-05-17",-28.0925833119849
"UKENAN_AW_TP000055","2021-05-24",-25.682980120249
"UKENAN_AW_TP000055","2021-05-31",-36.5645500280759
"UKENAN_AW_TP000055","2021-06-07",-26.265407277648
"UKENAN_AW_TP000055","2021-06-14",-22.7023238143884
"UKENAN_AW_TP000055","2021-06-21",-23.1314128345996
"UKENAN_AW_TP000055","2021-06-28",-23.2772070026245
"UKENAN_AW_TP000055","2021-07-05",-23.9889725029033
"UKENAN_AW_TP000055","2021-07-12",-24.8448024731781
"UKENAN_AW_TP000055","2021-07-19",-28.8454778441145
"UKENAN_AW_TP000055","2021-07-26",-32.1296116774139
"UKENAN_AW_TP000055","2021-08-02",-33.6930725759842
"UKENAN_AW_TP000055","2021-08-09",-33.8439347855754
"UKENAN_AW_TP000055","2021-08-16",-32.4190980940505
"UKENAN_AW_TP000055","2021-08-23",-32.8439109403318
"UKENAN_AW_TP000055","2021-08-30",-34.4275613665065
"UKENAN_AW_TP000055","2021-09-06",-24.1306580528479
"UKENAN_AW_TP000055","2021-09-13",-23.9913214814559
"UKENAN_AW_TP000055","2021-09-20",-24.4204510841153
"UKENAN_AW_TP000055","2021-09-27",-24.8439950154071
"UKENAN_AW_TP000055","2021-10-04",-25.6959832643519
"UKENAN_AW_TP000055","2021-10-11",-23.5596920245674
"UKENAN_AW_TP000055","2021-10-18",-23.8476436962857
"UKENAN_AW_TP000055","2021-10-25",-32.979841511246
"UKENAN_AW_TP000055","2021-11-01",-25.8462274052398
"UKENAN_AW_TP000055","2021-11-08",-22.9953097900619
"UKENAN_AW_TP000055","2021-11-15",-22.5653284393869
"UKENAN_AW_TP000055","2021-11-22",-22.4223385152042
"UKENAN_AW_TP000055","2021-11-29",-23.5658688509584
"UKENAN_AW_TP000055","2021-12-06",-22.8493977251709
"UKENAN_AW_TP000055","2021-12-13",-23.8407640579843
"UKENAN_AW_TP000055","2021-12-20",-32.9841458047337
"UKENAN_AW_TP000055","2021-12-27",-66.015056531754
"UKENAN_AW_TP000055","2022-01-03",-44.9993995431592
"UKENAN_AW_TP000055","2022-01-10",-23.5642663130479
"UKENAN_AW_TP000055","2022-01-17",-23.1340375652082
"UKENAN_AW_TP000055","2022-01-24",-22.5593965006935
"UKENAN_AW_TP000055","2022-01-31",-22.1277683046232
"UKENAN_AW_TP000055","2022-02-07",-21.9870815526501
"UKENAN_AW_TP000055","2022-02-14",-28.8405610637775
"UKENAN_AW_TP000055","2022-02-21",-25.2778743786366
"UKENAN_AW_TP000055","2022-02-28",-21.4131111375351
"UKENAN_AW_TP000055","2022-03-07",-20.7081623503133
"UKENAN_AW_TP000055","2022-03-14",-21.2816264768981
"UKENAN_AW_TP000055","2022-03-21",-21.7107974469888
"UKENAN_AW_TP000055","2022-03-28",-21.7017547501197
"UKENAN_AW_TP000055","2022-04-04",-28.5533372859601
"UKENAN_AW_TP000055","2022-04-11",-30.9806196586388
"UKENAN_AW_TP000055","2022-04-18",-37.433878497059
"UKENAN_AW_TP000055","2022-04-25",-18.8444207522115
"UKENAN_AW_TP000063","2021-05-03",0
"UKENAN_AW_TP000063","2021-05-10",-29.5658201152078
"UKENAN_AW_TP000063","2021-05-17",-28.7291929441167
"UKENAN_AW_TP000063","2021-05-24",-26.7086772580649
"UKENAN_AW_TP000063","2021-05-31",-39.3252403388074
"UKENAN_AW_TP000063","2021-06-07",-28.133145549426
"UKENAN_AW_TP000063","2021-06-14",-25.8310187148703
"UKENAN_AW_TP000063","2021-06-21",-26.8146061660289
"UKENAN_AW_TP000063","2021-06-28",-27.4188598351403
"UKENAN_AW_TP000063","2021-07-05",-28.3450033653539
"UKENAN_AW_TP000063","2021-07-12",-28.3819316002471
"UKENAN_AW_TP000063","2021-07-19",-31.9656695833068
"UKENAN_AW_TP000063","2021-07-26",-35.6799552975925
"UKENAN_AW_TP000063","2021-08-02",-35.8063998916082
"UKENAN_AW_TP000063","2021-08-09",-36.6676458859614
"UKENAN_AW_TP000063","2021-08-16",-36.5937894161751
"UKENAN_AW_TP000063","2021-08-23",-36.6143051022268
"UKENAN_AW_TP000063","2021-08-30",-37.6799552975925
"UKENAN_AW_TP000063","2021-09-06",-27.6307176510682
"UKENAN_AW_TP000063","2021-09-13",-28.3491065025643
"UKENAN_AW_TP000063","2021-09-20",-28.6102019650165
"UKENAN_AW_TP000063","2021-09-27",-28.6430270626993
"UKENAN_AW_TP000063","2021-10-04",-28.1413518238467
"UKENAN_AW_TP000063","2021-10-11",-27.545304429156
"UKENAN_AW_TP000063","2021-10-18",-27.1372486866364
"UKENAN_AW_TP000063","2021-10-25",-35.0025978181999
"UKENAN_AW_TP000063","2021-11-01",-30.0067009554103
"UKENAN_AW_TP000063","2021-11-08",-25.7415023557478
"UKENAN_AW_TP000063","2021-11-15",-26.5986452128906
"UKENAN_AW_TP000063","2021-11-22",-26.5050257165577
"UKENAN_AW_TP000063","2021-11-29",-26.8071525511134
"UKENAN_AW_TP000063","2021-12-06",-25.5214382653991
"UKENAN_AW_TP000063","2021-12-13",-26.5740263896285
"UKENAN_AW_TP000063","2021-12-20",-36.7981936171875
"UKENAN_AW_TP000063","2021-12-27",-66.896668910236
"UKENAN_AW_TP000063","2022-01-03",-47.0190103670413
"UKENAN_AW_TP000063","2022-01-10",-27.3047246527556
"UKENAN_AW_TP000063","2022-01-17",-25.8638438125531
"UKENAN_AW_TP000063","2022-01-24",-26.0272166414621
"UKENAN_AW_TP000063","2022-01-31",-24.4639943444542
"UKENAN_AW_TP000063","2022-02-07",-25.0354229158828
"UKENAN_AW_TP000063","2022-02-14",-31.1741769215295
"UKENAN_AW_TP000063","2022-02-21",-29.0190103670413
"UKENAN_AW_TP000063","2022-02-28",-24.0354229158828
"UKENAN_AW_TP000063","2022-03-07",-24.0518354647242
"UKENAN_AW_TP000063","2022-03-14",-24.0682480135656
"UKENAN_AW_TP000063","2022-03-21",-24.0805574251966
"UKENAN_AW_TP000063","2022-03-28",-24.6191608989424
"UKENAN_AW_TP000063","2022-04-04",-31.7497086301685
"UKENAN_AW_TP000063","2022-04-11",-33.41475669793
"UKENAN_AW_TP000063","2022-04-18",-39.9943915437792
"UKENAN_AW_TP000063","2022-04-25",-22.1454549610571
"UKENAN_AW_TP000069","2021-05-03",0
"UKENAN_AW_TP000069","2021-05-10",-25.6008344932484
"UKENAN_AW_TP000069","2021-05-17",-25.1410071848825
"UKENAN_AW_TP000069","2021-05-24",-24.5386352809718
"UKENAN_AW_TP000069","2021-05-31",-35.509403895184
"UKENAN_AW_TP000069","2021-06-07",-24.4140162525823
"UKENAN_AW_TP000069","2021-06-14",-22.2210730492315
"UKENAN_AW_TP000069","2021-06-21",-23.3522866396132
"UKENAN_AW_TP000069","2021-06-28",-23.225728228583
"UKENAN_AW_TP000069","2021-07-05",-23.4006453792807
"UKENAN_AW_TP000069","2021-07-12",-23.9512153504964
"UKENAN_AW_TP000069","2021-07-19",-28.113196256593
"UKENAN_AW_TP000069","2021-07-26",-30.6435965523194
"UKENAN_AW_TP000069","2021-08-02",-31.335809478338
"UKENAN_AW_TP000069","2021-08-09",-31.7679635023845
"UKENAN_AW_TP000069","2021-08-16",-31.5041657955959
"UKENAN_AW_TP000069","2021-08-23",-31.2049944716096
"UKENAN_AW_TP000069","2021-08-30",-34.0649327317048
"UKENAN_AW_TP000069","2021-09-06",-24.1553348026742
"UKENAN_AW_TP000069","2021-09-13",-23.7877669636964
"UKENAN_AW_TP000069","2021-09-20",-24.7367433621654
"UKENAN_AW_TP000069","2021-09-27",-24.4648601158191
"UKENAN_AW_TP000069","2021-10-04",-24.2044089181511
"UKENAN_AW_TP000069","2021-10-11",-22.9145288320889
"UKENAN_AW_TP000069","2021-10-18",-23.6130005631715
"UKENAN_AW_TP000069","2021-10-25",-29.1971181358289
"UKENAN_AW_TP000069","2021-11-01",-24.9920030701845
"UKENAN_AW_TP000069","2021-11-08",-22.2346013600642
"UKENAN_AW_TP000069","2021-11-15",-21.5354699770157
"UKENAN_AW_TP000069","2021-11-22",-20.7613397274551
"UKENAN_AW_TP000069","2021-11-29",-19.9943206025788
"UKENAN_AW_TP000069","2021-12-06",-20.5042831018526
"UKENAN_AW_TP000069","2021-12-13",-21.7796086985727
"UKENAN_AW_TP000069","2021-12-20",-28.5011927919841
"UKENAN_AW_TP000069","2021-12-27",-62.9746911426505
"UKENAN_AW_TP000069","2022-01-03",-43.2630553518629
"UKENAN_AW_TP000069","2022-01-10",-24.2205013207134
"UKENAN_AW_TP000069","2022-01-17",-23.8731240642109
"UKENAN_AW_TP000069","2022-01-24",-24.2739555662821
"UKENAN_AW_TP000069","2022-01-31",-22.853890926385
"UKENAN_AW_TP000069","2022-02-07",-22.5692434807422
"UKENAN_AW_TP000069","2022-02-14",-24.1074760623621
"UKENAN_AW_TP000069","2022-02-21",-27.8383468798239
"UKENAN_AW_TP000069","2022-02-28",-22.8654631785699
"UKENAN_AW_TP000069","2022-03-07",-21.485848042796
"UKENAN_AW_TP000069","2022-03-14",-21.2527541522151
"UKENAN_AW_TP000069","2022-03-21",-22.3404628532566
"UKENAN_AW_TP000069","2022-03-28",-22.0619281067497
"UKENAN_AW_TP000069","2022-04-04",-23.2932841164888
"UKENAN_AW_TP000069","2022-04-11",-27.4774886619249
"UKENAN_AW_TP000069","2022-04-18",-40.6092033394514
"UKENAN_AW_TP000069","2022-04-25",-20.504348855424
"UKENAN_AW_TP000082","2021-05-03",0
"UKENAN_AW_TP000082","2021-05-10",-12.0107696792808
"UKENAN_AW_TP000082","2021-05-17",-9.73912425158545
"UKENAN_AW_TP000082","2021-05-24",-8.1751348286643
"UKENAN_AW_TP000082","2021-05-31",-20.7598228191158
"UKENAN_AW_TP000082","2021-06-07",-7.62540819389878
"UKENAN_AW_TP000082","2021-06-14",-5.33336894603073
"UKENAN_AW_TP000082","2021-06-21",-6.06551536042406
"UKENAN_AW_TP000082","2021-06-28",-5.77656933286978
"UKENAN_AW_TP000082","2021-07-05",-7.04966139858179
"UKENAN_AW_TP000082","2021-07-12",-7.33127909484965
"UKENAN_AW_TP000082","2021-07-19",-10.4666970891994
"UKENAN_AW_TP000082","2021-07-26",-15.8963827041245
"UKENAN_AW_TP000082","2021-08-02",-17.1904286902578
"UKENAN_AW_TP000082","2021-08-09",-17.4699288310394
"UKENAN_AW_TP000082","2021-08-16",-17.4687592360752
"UKENAN_AW_TP000082","2021-08-23",-16.6126751566755
"UKENAN_AW_TP000082","2021-08-30",-21.7519404017245
"UKENAN_AW_TP000082","2021-09-06",-8.8916212113521
"UKENAN_AW_TP000082","2021-09-13",-8.46954097076591
"UKENAN_AW_TP000082","2021-09-20",-8.48021186111332
"UKENAN_AW_TP000082","2021-09-27",-9.18051183029588
"UKENAN_AW_TP000082","2021-10-04",-10.6068825904652
"UKENAN_AW_TP000082","2021-10-11",-8.6123704093178
"UKENAN_AW_TP000082","2021-10-18",-9.0427823503231
"UKENAN_AW_TP000082","2021-10-25",-16.6102251495262
"UKENAN_AW_TP000082","2021-11-01",-11.6079136639032
"UKENAN_AW_TP000082","2021-11-08",-8.75079851106555
"UKENAN_AW_TP000082","2021-11-15",-9.45848222014503
"UKENAN_AW_TP000082","2021-11-22",-9.603512327099
"UKENAN_AW_TP000082","2021-11-29",-10.1675294543254
"UKENAN_AW_TP000082","2021-12-06",-8.60378937015147
"UKENAN_AW_TP000082","2021-12-13",-6.32255953415708
"UKENAN_AW_TP000082","2021-12-20",-16.169086909563
"UKENAN_AW_TP000082","2021-12-27",-57.8837387939607
"UKENAN_AW_TP000082","2022-01-03",-33.172906455957
"UKENAN_AW_TP000082","2022-01-10",-9.75099244120227
"UKENAN_AW_TP000082","2022-01-17",-10.0237797595566
"UKENAN_AW_TP000082","2022-01-24",-8.74126951137704
"UKENAN_AW_TP000082","2022-01-31",-8.30941093235512
"UKENAN_AW_TP000082","2022-02-07",-9.17067808324966
"UKENAN_AW_TP000082","2022-02-14",-15.7326607679055
"UKENAN_AW_TP000082","2022-02-21",-10.4640531519133
"UKENAN_AW_TP000082","2022-02-28",-6.73876409561724
"UKENAN_AW_TP000082","2022-03-07",-6.0407479077525
"UKENAN_AW_TP000082","2022-03-14",-6.32523718989214
"UKENAN_AW_TP000082","2022-03-21",-6.89351713239645
"UKENAN_AW_TP000082","2022-03-28",-6.17850509203054
"UKENAN_AW_TP000082","2022-04-04",-12.3128089000266
"UKENAN_AW_TP000082","2022-04-11",-13.1745193198051
"UKENAN_AW_TP000082","2022-04-18",-25.7493795773542
"UKENAN_AW_TP000082","2022-04-25",-3.60052992400623
"UKENAN_AW_TP000107","2021-05-03",0
"UKENAN_AW_TP000107","2021-05-10",-24.3942661775441
"UKENAN_AW_TP000107","2021-05-17",-23.358764798858
"UKENAN_AW_TP000107","2021-05-24",-23.3498089894686
"UKENAN_AW_TP000107","2021-05-31",-35.9427631241207
"UKENAN_AW_TP000107","2021-06-07",-25.0410421712626
"UKENAN_AW_TP000107","2021-06-14",-23.1377820997842
"UKENAN_AW_TP000107","2021-06-21",-23.5591705518363
"UKENAN_AW_TP000107","2021-06-28",-23.803198487585
"UKENAN_AW_TP000107","2021-07-05",-24.3897812655047
"UKENAN_AW_TP000107","2021-07-12",-24.0557278016215
"UKENAN_AW_TP000107","2021-07-19",-28.7041217205853
"UKENAN_AW_TP000107","2021-07-26",-31.9435547356964
"UKENAN_AW_TP000107","2021-08-02",-34.0552031829368
"UKENAN_AW_TP000107","2021-08-09",-33.3130605470931
"UKENAN_AW_TP000107","2021-08-16",-33.5885724709975
"UKENAN_AW_TP000107","2021-08-23",-33.0143423486294
"UKENAN_AW_TP000107","2021-08-30",-36.5807687573505
"UKENAN_AW_TP000107","2021-09-06",-25.8272586821655
"UKENAN_AW_TP000107","2021-09-13",-25.9562946249799
"UKENAN_AW_TP000107","2021-09-20",-26.5928782362512
"UKENAN_AW_TP000107","2021-09-27",-26.1205089567281
"UKENAN_AW_TP000107","2021-10-04",-26.586456272987
"UKENAN_AW_TP000107","2021-10-11",-25.3579701192125
"UKENAN_AW_TP000107","2021-10-18",-25.9613096184038
"UKENAN_AW_TP000107","2021-10-25",-31.6169858706862
"UKENAN_AW_TP000107","2021-11-01",-26.4049388363071
"UKENAN_AW_TP000107","2021-11-08",-23.673906049351
"UKENAN_AW_TP000107","2021-11-15",-24.1528871644733
"UKENAN_AW_TP000107","2021-11-22",-23.2895873219309
"UKENAN_AW_TP000107","2021-11-29",-22.6672843641917
"UKENAN_AW_TP000107","2021-12-06",-21.8429486189325
"UKENAN_AW_TP000107","2021-12-13",-21.868375652443
"UKENAN_AW_TP000107","2021-12-20",-29.4746837043724
"UKENAN_AW_TP000107","2021-12-27",-63.1547032754443
"UKENAN_AW_TP000107","2022-01-03",-43.8993527454668
"UKENAN_AW_TP000107","2022-01-10",-24.9162210414017
"UKENAN_AW_TP000107","2022-01-17",-25.2165476878906
"UKENAN_AW_TP000107","2022-01-24",-25.1598000753621
"UKENAN_AW_TP000107","2022-01-31",-25.337725324193
"UKENAN_AW_TP000107","2022-02-07",-25.4424285039231
"UKENAN_AW_TP000107","2022-02-14",-31.0488702355006
"UKENAN_AW_TP000107","2022-02-21",-28.5290859202459
"UKENAN_AW_TP000107","2022-02-28",-25.0087799045704
"UKENAN_AW_TP000107","2022-03-07",-24.4294824166629
"UKENAN_AW_TP000107","2022-03-14",-24.4159183543756
"UKENAN_AW_TP000107","2022-03-21",-25.0954234270282
"UKENAN_AW_TP000107","2022-03-28",-24.5412262890272
"UKENAN_AW_TP000107","2022-04-04",-28.4111471509758
"UKENAN_AW_TP000107","2022-04-11",-30.0775109660192
"UKENAN_AW_TP000107","2022-04-18",-39.6041064825768
"UKENAN_AW_TP000107","2022-04-25",-22.7936440606666
"UKENAN_AW_TP000115","2021-05-03",0
"UKENAN_AW_TP000115","2021-05-10",-19.1153201054886
"UKENAN_AW_TP000115","2021-05-17",-17.9836919811018
"UKENAN_AW_TP000115","2021-05-24",-17.2505764977316
"UKENAN_AW_TP000115","2021-05-31",-29.7159056235218
"UKENAN_AW_TP000115","2021-06-07",-18.9341634330414
"UKENAN_AW_TP000115","2021-06-14",-16.7793813872696
"UKENAN_AW_TP000115","2021-06-21",-17.0696845697302
"UKENAN_AW_TP000115","2021-06-28",-16.9529992561458
"UKENAN_AW_TP000115","2021-07-05",-15.6936937953773
"UKENAN_AW_TP000115","2021-07-12",-18.0679769052151
"UKENAN_AW_TP000115","2021-07-19",-20.6671643527683
"UKENAN_AW_TP000115","2021-07-26",-23.4345986742725
"UKENAN_AW_TP000115","2021-08-02",-23.8797731406895
"UKENAN_AW_TP000115","2021-08-09",-24.1369735096411
"UKENAN_AW_TP000115","2021-08-16",-23.1403455909124
"UKENAN_AW_TP000115","2021-08-23",-22.4309537823226
"UKENAN_AW_TP000115","2021-08-30",-25.4633935369786
"UKENAN_AW_TP000115","2021-09-06",-17.9128199116901
"UKENAN_AW_TP000115","2021-09-13",-17.3631484553767
"UKENAN_AW_TP000115","2021-09-20",-19.0361427329313
"UKENAN_AW_TP000115","2021-09-27",-20.5643656787496
"UKENAN_AW_TP000115","2021-10-04",-22.1057924675015
"UKENAN_AW_TP000115","2021-10-11",-20.5473913316687
"UKENAN_AW_TP000115","2021-10-18",-20.0086108607198
"UKENAN_AW_TP000115","2021-10-25",-25.2409284598796
"UKENAN_AW_TP000115","2021-11-01",-21.8646055507964
"UKENAN_AW_TP000115","2021-11-08",-21.9257963142169
"UKENAN_AW_TP000115","2021-11-15",-22.2312762525184
"UKENAN_AW_TP000115","2021-11-22",-21.5476414642337
"UKENAN_AW_TP000115","2021-11-29",-22.100333537
"UKENAN_AW_TP000115","2021-12-06",-22.1998281448551
"UKENAN_AW_TP000115","2021-12-13",-21.3629972457955
"UKENAN_AW_TP000115","2021-12-20",-28.8530054750638
"UKENAN_AW_TP000115","2021-12-27",-61.0159869676839
"UKENAN_AW_TP000115","2022-01-03",-42.4524311334937
"UKENAN_AW_TP000115","2022-01-10",-25.0410828487555
"UKENAN_AW_TP000115","2022-01-17",-23.3539208440186
"UKENAN_AW_TP000115","2022-01-24",-23.3457545708118
"UKENAN_AW_TP000115","2022-01-31",-22.3517416587206
"UKENAN_AW_TP000115","2022-02-07",-21.7745472440969
"UKENAN_AW_TP000115","2022-02-14",-27.1887209120028
"UKENAN_AW_TP000115","2022-02-21",-23.9827302805858
"UKENAN_AW_TP000115","2022-02-28",-19.9509374322916
"UKENAN_AW_TP000115","2022-03-07",-20.0764438481733
"UKENAN_AW_TP000115","2022-03-14",-20.2415577177708
"UKENAN_AW_TP000115","2022-03-21",-21.0955851167946
"UKENAN_AW_TP000115","2022-03-28",-21.0958087157904
"UKENAN_AW_TP000115","2022-04-04",-24.1142226541485
"UKENAN_AW_TP000115","2022-04-11",-25.0192367884453
"UKENAN_AW_TP000115","2022-04-18",-32.6765048288233
"UKENAN_AW_TP000115","2022-04-25",-15.6949943418839
"UKENAN_AW_TP000116","2021-05-03",0
"UKENAN_AW_TP000116","2021-05-10",-14.7101178930598
"UKENAN_AW_TP000116","2021-05-17",-13.7005620572897
"UKENAN_AW_TP000116","2021-05-24",-13.1299312966507
"UKENAN_AW_TP000116","2021-05-31",-25.438942988437
"UKENAN_AW_TP000116","2021-06-07",-13.4173497184084
"UKENAN_AW_TP000116","2021-06-14",-12.1272733711816
"UKENAN_AW_TP000116","2021-06-21",-14.1107450216853
"UKENAN_AW_TP000116","2021-06-28",-15.401517448497
"UKENAN_AW_TP000116","2021-07-05",-16.9685907426288
"UKENAN_AW_TP000116","2021-07-12",-18.5296724469327
"UKENAN_AW_TP000116","2021-07-19",-19.3988934292861
"UKENAN_AW_TP000116","2021-07-26",-21.2853863225815
"UKENAN_AW_TP000116","2021-08-02",-22.9961213564881
"UKENAN_AW_TP000116","2021-08-09",-22.4170581018312
"UKENAN_AW_TP000116","2021-08-16",-21.9893523051712
"UKENAN_AW_TP000116","2021-08-23",-21.1374100036332
"UKENAN_AW_TP000116","2021-08-30",-24.8610141878899
"UKENAN_AW_TP000116","2021-09-06",-13.8403136751617
"UKENAN_AW_TP000116","2021-09-13",-15.2594513384287
"UKENAN_AW_TP000116","2021-09-20",-14.4092945586627
"UKENAN_AW_TP000116","2021-09-27",-14.830116012019
"UKENAN_AW_TP000116","2021-10-04",-14.5523483749327
"UKENAN_AW_TP000116","2021-10-11",-14.1254539474541
"UKENAN_AW_TP000116","2021-10-18",-14.4147121322003
"UKENAN_AW_TP000116","2021-10-25",-20.1488530775595
"UKENAN_AW_TP000116","2021-11-01",-16.9879126488421
"UKENAN_AW_TP000116","2021-11-08",-14.1282881936889
"UKENAN_AW_TP000116","2021-11-15",-13.5586858302035
"UKENAN_AW_TP000116","2021-11-22",-14.4107569849887
"UKENAN_AW_TP000116","2021-11-29",-15.5562449260136
"UKENAN_AW_TP000116","2021-12-06",-14.2722686811667
"UKENAN_AW_TP000116","2021-12-13",-11.4091613653219
"UKENAN_AW_TP000116","2021-12-20",-19.2947682793176
"UKENAN_AW_TP000116","2021-12-27",-55.7381028820454
"UKENAN_AW_TP000116","2022-01-03",-35.4204349022202
"UKENAN_AW_TP000116","2022-01-10",-14.4023990929619
"UKENAN_AW_TP000116","2022-01-17",-12.7026595392026
"UKENAN_AW_TP000116","2022-01-24",-12.5468993316097
"UKENAN_AW_TP000116","2022-01-31",-12.9719607659732
"UKENAN_AW_TP000116","2022-02-07",-11.8309094812807
"UKENAN_AW_TP000116","2022-02-14",-18.5555963168157
"UKENAN_AW_TP000116","2022-02-21",-13.265587792623
"UKENAN_AW_TP000116","2022-02-28",-10.5270712297498
"UKENAN_AW_TP000116","2022-03-07",-10.9633722813673
"UKENAN_AW_TP000116","2022-03-14",-11.3953451920728
"UKENAN_AW_TP000116","2022-03-21",-12.957197586558
"UKENAN_AW_TP000116","2022-03-28",-12.8263168396191
"UKENAN_AW_TP000116","2022-04-04",-18.5535395196399
"UKENAN_AW_TP000116","2022-04-11",-19.1291877328146
"UKENAN_AW_TP000116","2022-04-18",-28.2770419884684
"UKENAN_AW_TP000116","2022-04-25",-10.5343057738094
"UKENAN_AW_TP000144","2021-05-03",0
"UKENAN_AW_TP000144","2021-05-10",-24.7960654446986
"UKENAN_AW_TP000144","2021-05-17",-24.3822456245907
"UKENAN_AW_TP000144","2021-05-24",-23.3209640041304
"UKENAN_AW_TP000144","2021-05-31",-33.7200415943441
"UKENAN_AW_TP000144","2021-06-07",-22.0685673807959
"UKENAN_AW_TP000144","2021-06-14",-19.7570468126012
"UKENAN_AW_TP000144","2021-06-21",-21.9456641714809
"UKENAN_AW_TP000144","2021-06-28",-20.6790025513434
"UKENAN_AW_TP000144","2021-07-05",-22.3976530886922
"UKENAN_AW_TP000144","2021-07-12",-23.1445539067316
"UKENAN_AW_TP000144","2021-07-19",-27.3997609984005
"UKENAN_AW_TP000144","2021-07-26",-29.3616887786715
"UKENAN_AW_TP000144","2021-08-02",-29.8216087831964
"UKENAN_AW_TP000144","2021-08-09",-30.1932899161007
"UKENAN_AW_TP000144","2021-08-16",-29.7761080397583
"UKENAN_AW_TP000144","2021-08-23",-29.3493298439411
"UKENAN_AW_TP000144","2021-08-30",-33.0713887320181
"UKENAN_AW_TP000144","2021-09-06",-21.5695077465755
"UKENAN_AW_TP000144","2021-09-13",-22.1237321497501
"UKENAN_AW_TP000144","2021-09-20",-22.0566071504264
"UKENAN_AW_TP000144","2021-09-27",-22.1782912765256
"UKENAN_AW_TP000144","2021-10-04",-23.3536094895066
"UKENAN_AW_TP000144","2021-10-11",-22.7457836421812
"UKENAN_AW_TP000144","2021-10-18",-23.5228645358389
"UKENAN_AW_TP000144","2021-10-25",-29.9380275598632
"UKENAN_AW_TP000144","2021-11-01",-23.5313300878918
"UKENAN_AW_TP000144","2021-11-08",-21.8293655754232
"UKENAN_AW_TP000144","2021-11-15",-21.533103119388
"UKENAN_AW_TP000144","2021-11-22",-21.6167702301277
"UKENAN_AW_TP000144","2021-11-29",-21.6506507115907
"UKENAN_AW_TP000144","2021-12-06",-21.5223930954533
"UKENAN_AW_TP000144","2021-12-13",-20.4089637036966
"UKENAN_AW_TP000144","2021-12-20",-29.3178043032979
"UKENAN_AW_TP000144","2021-12-27",-63.3955016142921
"UKENAN_AW_TP000144","2022-01-03",-43.3296478244564
"UKENAN_AW_TP000144","2022-01-10",-23.1032137783405
"UKENAN_AW_TP000144","2022-01-17",-22.3712310438674
"UKENAN_AW_TP000144","2022-01-24",-21.5662273964406
"UKENAN_AW_TP000144","2022-01-31",-21.1448861153408
"UKENAN_AW_TP000144","2022-02-07",-20.2936971059993
"UKENAN_AW_TP000144","2022-02-14",-20.4173312282844
"UKENAN_AW_TP000144","2022-02-21",-29.2796554074527
"UKENAN_AW_TP000144","2022-02-28",-21.8988077826535
"UKENAN_AW_TP000144","2022-03-07",-19.2978238680257
"UKENAN_AW_TP000144","2022-03-14",-19.7748251303936
"UKENAN_AW_TP000144","2022-03-21",-21.0912799895022
"UKENAN_AW_TP000144","2022-03-28",-20.5998970601932
"UKENAN_AW_TP000144","2022-04-04",-19.5627389583971
"UKENAN_AW_TP000144","2022-04-11",-24.1617293121471
"UKENAN_AW_TP000144","2022-04-18",-40.050062831721
"UKENAN_AW_TP000144","2022-04-25",-18.4116620843089
"UKENAN_AW_TP000148","2021-05-03",0
"UKENAN_AW_TP000148","2021-05-10",-19.7142857142857
"UKENAN_AW_TP000148","2021-05-17",-19.5714285714286
"UKENAN_AW_TP000148","2021-05-24",-16.8571428571429
"UKENAN_AW_TP000148","2021-05-31",-31
"UKENAN_AW_TP000148","2021-06-07",-18.1428571428571
"UKENAN_AW_TP000148","2021-06-14",-15.2857142857143
"UKENAN_AW_TP000148","2021-06-21",-15.7142857142857
"UKENAN_AW_TP000148","2021-06-28",-17.4285714285714
"UKENAN_AW_TP000148","2021-07-05",-15.8571428571429
"UKENAN_AW_TP000148","2021-07-12",-17.1428571428571
"UKENAN_AW_TP000148","2021-07-19",-21.1428571428571
"UKENAN_AW_TP000148","2021-07-26",-24.8571428571429
"UKENAN_AW_TP000148","2021-08-02",-24.4285714285714
"UKENAN_AW_TP000148","2021-08-09",-25.4285714285714
"UKENAN_AW_TP000148","2021-08-16",-22.8571428571429
"UKENAN_AW_TP000148","2021-08-23",-23.5714285714286
"UKENAN_AW_TP000148","2021-08-30",-26.8571428571429
"UKENAN_AW_TP000148","2021-09-06",-15.1428571428571
"UKENAN_AW_TP000148","2021-09-13",-16
"UKENAN_AW_TP000148","2021-09-20",-15.4285714285714
"UKENAN_AW_TP000148","2021-09-27",-16.5714285714286
"UKENAN_AW_TP000148","2021-10-04",-18.4285714285714
"UKENAN_AW_TP000148","2021-10-11",-17
"UKENAN_AW_TP000148","2021-10-18",-17.2857142857143
"UKENAN_AW_TP000148","2021-10-25",-25.4285714285714
"UKENAN_AW_TP000148","2021-11-01",-20.5714285714286
"UKENAN_AW_TP000148","2021-11-08",-17
"UKENAN_AW_TP000148","2021-11-15",-17.8571428571429
"UKENAN_AW_TP000148","2021-11-22",-19.4285714285714
"UKENAN_AW_TP000148","2021-11-29",-20.2857142857143
"UKENAN_AW_TP000148","2021-12-06",-19
"UKENAN_AW_TP000148","2021-12-13",-17
"UKENAN_AW_TP000148","2021-12-20",-25.1428571428571
"UKENAN_AW_TP000148","2021-12-27",-58.5714285714286
"UKENAN_AW_TP000148","2022-01-03",-38
"UKENAN_AW_TP000148","2022-01-10",-18.2857142857143
"UKENAN_AW_TP000148","2022-01-17",-16.4285714285714
"UKENAN_AW_TP000148","2022-01-24",-17.2857142857143
"UKENAN_AW_TP000148","2022-01-31",-16
"UKENAN_AW_TP000148","2022-02-07",-16.5714285714286
"UKENAN_AW_TP000148","2022-02-14",-22.5714285714286
"UKENAN_AW_TP000148","2022-02-21",-20
"UKENAN_AW_TP000148","2022-02-28",-15.5714285714286
"UKENAN_AW_TP000148","2022-03-07",-16.1428571428571
"UKENAN_AW_TP000148","2022-03-14",-16.7142857142857
"UKENAN_AW_TP000148","2022-03-21",-17.1428571428571
"UKENAN_AW_TP000148","2022-03-28",-16.5714285714286
"UKENAN_AW_TP000148","2022-04-04",-23.2857142857143
"UKENAN_AW_TP000148","2022-04-11",-23.2857142857143
"UKENAN_AW_TP000148","2022-04-18",-30.1428571428571
"UKENAN_AW_TP000148","2022-04-25",-12.5714285714286
"UKENAN_AW_TP000154","2021-05-03",0
"UKENAN_AW_TP000154","2021-05-10",-11.9997541372623
"UKENAN_AW_TP000154","2021-05-17",-9.71379398881023
"UKENAN_AW_TP000154","2021-05-24",-8.14351277682445
"UKENAN_AW_TP000154","2021-05-31",-20.7154330737285
"UKENAN_AW_TP000154","2021-06-07",-7.57290374785501
"UKENAN_AW_TP000154","2021-06-14",-5.28841877582942
"UKENAN_AW_TP000154","2021-06-21",-6.00262253586923
"UKENAN_AW_TP000154","2021-06-28",-5.71821951808955
"UKENAN_AW_TP000154","2021-07-05",-7.00254058162331
"UKENAN_AW_TP000154","2021-07-12",-7.28858268432125
"UKENAN_AW_TP000154","2021-07-19",-10.4313578729325
"UKENAN_AW_TP000154","2021-07-26",-15.8599293015039
"UKENAN_AW_TP000154","2021-08-02",-17.1454796787264
"UKENAN_AW_TP000154","2021-08-09",-17.4314398271784
"UKENAN_AW_TP000154","2021-08-16",-17.4316037356702
"UKENAN_AW_TP000154","2021-08-23",-16.5744608785274
"UKENAN_AW_TP000154","2021-08-30",-21.7160887076958
"UKENAN_AW_TP000154","2021-09-06",-8.86033907273348
"UKENAN_AW_TP000154","2021-09-13",-8.43217741539162
"UKENAN_AW_TP000154","2021-09-20",-8.43168568991613
"UKENAN_AW_TP000154","2021-09-27",-9.14572554146411
"UKENAN_AW_TP000154","2021-10-04",-10.5740511072978
"UKENAN_AW_TP000154","2021-10-11",-8.57487064975693
"UKENAN_AW_TP000154","2021-10-18",-9.00229471888557
"UKENAN_AW_TP000154","2021-10-25",-16.5746247870192
"UKENAN_AW_TP000154","2021-11-01",-11.5751165124947
"UKENAN_AW_TP000154","2021-11-08",-8.71772779261407
"UKENAN_AW_TP000154","2021-11-15",-9.43119396444065
"UKENAN_AW_TP000154","2021-11-22",-9.57372329031414
"UKENAN_AW_TP000154","2021-11-29",-10.1454796787264
"UKENAN_AW_TP000154","2021-12-06",-8.57421501578962
"UKENAN_AW_TP000154","2021-12-13",-6.28841877582943
"UKENAN_AW_TP000154","2021-12-20",-16.1429390971031
"UKENAN_AW_TP000154","2021-12-27",-57.8554218179787
"UKENAN_AW_TP000154","2022-01-03",-33.143021051349
"UKENAN_AW_TP000154","2022-01-10",-9.71600675344989
"UKENAN_AW_TP000154","2022-01-17",-10.0015571306724
"UKENAN_AW_TP000154","2022-01-24",-8.71625261618763
"UKENAN_AW_TP000154","2022-01-31",-8.28718946214073
"UKENAN_AW_TP000154","2022-02-07",-9.14367668531628
"UKENAN_AW_TP000154","2022-02-14",-15.7147774397612
"UKENAN_AW_TP000154","2022-02-21",-10.4302105134897
"UKENAN_AW_TP000154","2022-02-28",-6.71436766853163
"UKENAN_AW_TP000154","2022-03-07",-6.00172103916418
"UKENAN_AW_TP000154","2022-03-14",-6.28743532487846
"UKENAN_AW_TP000154","2022-03-21",-6.85837217083156
"UKENAN_AW_TP000154","2022-03-28",-6.14466013626724
"UKENAN_AW_TP000154","2022-04-04",-12.2886646385672
"UKENAN_AW_TP000154","2022-04-11",-13.1444962277754
"UKENAN_AW_TP000154","2022-04-18",-25.7145315770235
"UKENAN_AW_TP000154","2022-04-25",-3.57388719880597
"UKENAN_AW_TP000161","2021-05-03",0
"UKENAN_AW_TP000161","2021-05-10",-18.7334294657306
"UKENAN_AW_TP000161","2021-05-17",-15.9778717910859
"UKENAN_AW_TP000161","2021-05-24",-14.5182308214902
"UKENAN_AW_TP000161","2021-05-31",-28.1939717063323
"UKENAN_AW_TP000161","2021-06-07",-16.3539205230681
"UKENAN_AW_TP000161","2021-06-14",-14.3293670050496
"UKENAN_AW_TP000161","2021-06-21",-14.5602803492502
"UKENAN_AW_TP000161","2021-06-28",-15.8684069873541
"UKENAN_AW_TP000161","2021-07-05",-16.7869113682898
"UKENAN_AW_TP000161","2021-07-12",-17.2578030725915
"UKENAN_AW_TP000161","2021-07-19",-18.3228955306478
"UKENAN_AW_TP000161","2021-07-26",-23.637897969871
"UKENAN_AW_TP000161","2021-08-02",-27.4320895452558
"UKENAN_AW_TP000161","2021-08-09",-27.5879787646084
"UKENAN_AW_TP000161","2021-08-16",-26.7007701255877
"UKENAN_AW_TP000161","2021-08-23",-25.7433611386191
"UKENAN_AW_TP000161","2021-08-30",-29.7156626744864
"UKENAN_AW_TP000161","2021-09-06",-18.6870184410425
"UKENAN_AW_TP000161","2021-09-13",-18.7405894392853
"UKENAN_AW_TP000161","2021-09-20",-19.725967607873
"UKENAN_AW_TP000161","2021-09-27",-18.9792933059874
"UKENAN_AW_TP000161","2021-10-04",-18.8132462265735
"UKENAN_AW_TP000161","2021-10-11",-18.4371529231243
"UKENAN_AW_TP000161","2021-10-18",-18.8033145856932
"UKENAN_AW_TP000161","2021-10-25",-25.2994348232576
"UKENAN_AW_TP000161","2021-11-01",-18.8128284433828
"UKENAN_AW_TP000161","2021-11-08",-15.551623148422
"UKENAN_AW_TP000161","2021-11-15",-13.6947955756599
"UKENAN_AW_TP000161","2021-11-22",-14.5048834728076
"UKENAN_AW_TP000161","2021-11-29",-14.6770288103271
"UKENAN_AW_TP000161","2021-12-06",-13.8243499184383
"UKENAN_AW_TP000161","2021-12-13",-11.9311766457852
"UKENAN_AW_TP000161","2021-12-20",-23.6311112263305
"UKENAN_AW_TP000161","2021-12-27",-59.2847105098017
"UKENAN_AW_TP000161","2022-01-03",-36.9414235969576
"UKENAN_AW_TP000161","2022-01-10",-14.8438980347057
"UKENAN_AW_TP000161","2022-01-17",-14.7725602726543
"UKENAN_AW_TP000161","2022-01-24",-14.0457493363603
"UKENAN_AW_TP000161","2022-01-31",-13.4855269495096
"UKENAN_AW_TP000161","2022-02-07",-12.1374473793319
"UKENAN_AW_TP000161","2022-02-14",-19.6700158658958
"UKENAN_AW_TP000161","2022-02-21",-14.4433403150185
"UKENAN_AW_TP000161","2022-02-28",-11.2026868710842
"UKENAN_AW_TP000161","2022-03-07",-10.3025352543002
"UKENAN_AW_TP000161","2022-03-14",-11.2166202094404
"UKENAN_AW_TP000161","2022-03-21",-10.2838092860459
"UKENAN_AW_TP000161","2022-03-28",-10.4101741676387
"UKENAN_AW_TP000161","2022-04-04",-17.7149296816008
"UKENAN_AW_TP000161","2022-04-11",-20.1667355892362
"UKENAN_AW_TP000161","2022-04-18",-28.0310250107107
"UKENAN_AW_TP000161","2022-04-25",-7.70131161695598
"UKENAN_AW_TP000170","2021-05-03",0
"UKENAN_AW_TP000170","2021-05-10",-18.1609404703226
"UKENAN_AW_TP000170","2021-05-17",-18.0052084614012
"UKENAN_AW_TP000170","2021-05-24",-16.1644910885065
"UKENAN_AW_TP000170","2021-05-31",-27.9001758166923
"UKENAN_AW_TP000170","2021-06-07",-14.5010443653855
"UKENAN_AW_TP000170","2021-06-14",-12.7771484888284
"UKENAN_AW_TP000170","2021-06-21",-12.9214728653089
"UKENAN_AW_TP000170","2021-06-28",-13.4892111916015
"UKENAN_AW_TP000170","2021-07-05",-14.3206996214128
"UKENAN_AW_TP000170","2021-07-12",-14.4880741945242
"UKENAN_AW_TP000170","2021-07-19",-19.3134077754511
"UKENAN_AW_TP000170","2021-07-26",-21.8988038878659
"UKENAN_AW_TP000170","2021-08-02",-22.4713694563717
"UKENAN_AW_TP000170","2021-08-09",-22.6099645253109
"UKENAN_AW_TP000170","2021-08-16",-21.7523961268249
"UKENAN_AW_TP000170","2021-08-23",-21.4596759095399
"UKENAN_AW_TP000170","2021-08-30",-25.3111404417832
"UKENAN_AW_TP000170","2021-09-06",-14.0624372331996
"UKENAN_AW_TP000170","2021-09-13",-14.6200445510806
"UKENAN_AW_TP000170","2021-09-20",-15.0581751592816
"UKENAN_AW_TP000170","2021-09-27",-15.355532009186
"UKENAN_AW_TP000170","2021-10-04",-16.4970615453719
"UKENAN_AW_TP000170","2021-10-11",-14.3647609522694
"UKENAN_AW_TP000170","2021-10-18",-15.3486213824122
"UKENAN_AW_TP000170","2021-10-25",-22.75580045757
"UKENAN_AW_TP000170","2021-11-01",-16.4988146933862
"UKENAN_AW_TP000170","2021-11-08",-14.2349183024287
"UKENAN_AW_TP000170","2021-11-15",-15.6496684774526
"UKENAN_AW_TP000170","2021-11-22",-16.2084127924109
"UKENAN_AW_TP000170","2021-11-29",-16.0734126638107
"UKENAN_AW_TP000170","2021-12-06",-14.6609808050965
"UKENAN_AW_TP000170","2021-12-13",-12.6852189814464
"UKENAN_AW_TP000170","2021-12-20",-21.952900922337
"UKENAN_AW_TP000170","2021-12-27",-59.6048513687067
"UKENAN_AW_TP000170","2022-01-03",-37.3535439294225
"UKENAN_AW_TP000170","2022-01-10",-16.3880460806495
"UKENAN_AW_TP000170","2022-01-17",-15.8048796402339
"UKENAN_AW_TP000170","2022-01-24",-14.959665261672
"UKENAN_AW_TP000170","2022-01-31",-14.102096863186
"UKENAN_AW_TP000170","2022-02-07",-14.7927605520589
"UKENAN_AW_TP000170","2022-02-14",-14.8750785828935
"UKENAN_AW_TP000170","2022-02-21",-22.0141958122489
"UKENAN_AW_TP000170","2022-02-28",-14.7747282072352
"UKENAN_AW_TP000170","2022-03-07",-12.5228112775004
"UKENAN_AW_TP000170","2022-03-14",-13.6538352465735
"UKENAN_AW_TP000170","2022-03-21",-14.3685465022024
"UKENAN_AW_TP000170","2022-03-28",-14.3706298867629
"UKENAN_AW_TP000170","2022-04-04",-13.5754987214765
"UKENAN_AW_TP000170","2022-04-11",-18.6607968559891
"UKENAN_AW_TP000170","2022-04-18",-33.0033156864347
"UKENAN_AW_TP000170","2022-04-25",-11.0566569430165
"UKENAN_AW_TP000200","2021-05-03",0
"UKENAN_AW_TP000200","2021-05-10",-23.0835036790834
"UKENAN_AW_TP000200","2021-05-17",-22.0152048693682
"UKENAN_AW_TP000200","2021-05-24",-20.7429789936455
"UKENAN_AW_TP000200","2021-05-31",-31.8298665148041
"UKENAN_AW_TP000200","2021-06-07",-19.7695998542931
"UKENAN_AW_TP000200","2021-06-14",-18.271915077846
"UKENAN_AW_TP000200","2021-06-21",-18.3335020006757
"UKENAN_AW_TP000200","2021-06-28",-18.8190538313426
"UKENAN_AW_TP000200","2021-07-05",-18.678884848671
"UKENAN_AW_TP000200","2021-07-12",-19.3071084743722
"UKENAN_AW_TP000200","2021-07-19",-21.9995478707904
"UKENAN_AW_TP000200","2021-07-26",-26.8351201494436
"UKENAN_AW_TP000200","2021-08-02",-27.9183720181587
"UKENAN_AW_TP000200","2021-08-09",-27.3393787361774
"UKENAN_AW_TP000200","2021-08-16",-27.6144544303416
"UKENAN_AW_TP000200","2021-08-23",-26.3726872594822
"UKENAN_AW_TP000200","2021-08-30",-30.9236947231256
"UKENAN_AW_TP000200","2021-09-06",-20.3134305421349
"UKENAN_AW_TP000200","2021-09-13",-19.8777127252862
"UKENAN_AW_TP000200","2021-09-20",-19.73373314132
"UKENAN_AW_TP000200","2021-09-27",-19.3883134190286
"UKENAN_AW_TP000200","2021-10-04",-19.8881539279392
"UKENAN_AW_TP000200","2021-10-11",-18.0126666532611
"UKENAN_AW_TP000200","2021-10-18",-18.1688299264947
"UKENAN_AW_TP000200","2021-10-25",-24.739759844694
"UKENAN_AW_TP000200","2021-11-01",-19.1315183831435
"UKENAN_AW_TP000200","2021-11-08",-16.5147167997603
"UKENAN_AW_TP000200","2021-11-15",-16.0357243011954
"UKENAN_AW_TP000200","2021-11-22",-15.85822473699
"UKENAN_AW_TP000200","2021-11-29",-16.027102806012
"UKENAN_AW_TP000200","2021-12-06",-15.5660966964586
"UKENAN_AW_TP000200","2021-12-13",-15.90294852612
"UKENAN_AW_TP000200","2021-12-20",-26.217209147479
"UKENAN_AW_TP000200","2021-12-27",-61.9530922573701
"UKENAN_AW_TP000200","2022-01-03",-40.1881814843819
"UKENAN_AW_TP000200","2022-01-10",-18.7506009250271
"UKENAN_AW_TP000200","2022-01-17",-18.1848029567988
"UKENAN_AW_TP000200","2022-01-24",-17.7739352003624
"UKENAN_AW_TP000200","2022-01-31",-16.6457482818737
"UKENAN_AW_TP000200","2022-02-07",-16.7953509342648
"UKENAN_AW_TP000200","2022-02-14",-22.6238488765044
"UKENAN_AW_TP000200","2022-02-21",-19.3772167056253
"UKENAN_AW_TP000200","2022-02-28",-15.266509065104
"UKENAN_AW_TP000200","2022-03-07",-15.4094872861914
"UKENAN_AW_TP000200","2022-03-14",-15.9941907977434
"UKENAN_AW_TP000200","2022-03-21",-15.2528161905714
"UKENAN_AW_TP000200","2022-03-28",-15.6330034864274
"UKENAN_AW_TP000200","2022-04-04",-21.1183798382969
"UKENAN_AW_TP000200","2022-04-11",-23.2274692854369
"UKENAN_AW_TP000200","2022-04-18",-32.7233597155388
"UKENAN_AW_TP000200","2022-04-25",-11.9154379219624
"UKENAN_AW_TP000210","2021-05-03",0
"UKENAN_AW_TP000210","2021-05-10",-17.7594014651802
"UKENAN_AW_TP000210","2021-05-17",-18.4186094986461
"UKENAN_AW_TP000210","2021-05-24",-17.7253969773796
"UKENAN_AW_TP000210","2021-05-31",-31.5050716092995
"UKENAN_AW_TP000210","2021-06-07",-20.1100707080488
"UKENAN_AW_TP000210","2021-06-14",-19.0657237578595
"UKENAN_AW_TP000210","2021-06-21",-18.9983248372994
"UKENAN_AW_TP000210","2021-06-28",-20.0962380032366
"UKENAN_AW_TP000210","2021-07-05",-19.4288070437451
"UKENAN_AW_TP000210","2021-07-12",-19.8316951319372
"UKENAN_AW_TP000210","2021-07-19",-22.8641340700101
"UKENAN_AW_TP000210","2021-07-26",-27.9019119051904
"UKENAN_AW_TP000210","2021-08-02",-29.5562242687171
"UKENAN_AW_TP000210","2021-08-09",-30.5756930280362
"UKENAN_AW_TP000210","2021-08-16",-30.2649401757381
"UKENAN_AW_TP000210","2021-08-23",-29.4180694620279
"UKENAN_AW_TP000210","2021-08-30",-33.0182088724243
"UKENAN_AW_TP000210","2021-09-06",-22.2716397223067
"UKENAN_AW_TP000210","2021-09-13",-21.4909276491797
"UKENAN_AW_TP000210","2021-09-20",-21.844919035988
"UKENAN_AW_TP000210","2021-09-27",-21.0281967612274
"UKENAN_AW_TP000210","2021-10-04",-21.4070998854437
"UKENAN_AW_TP000210","2021-10-11",-20.5177355378323
"UKENAN_AW_TP000210","2021-10-18",-20.4485113573768
"UKENAN_AW_TP000210","2021-10-25",-27.8325883337807
"UKENAN_AW_TP000210","2021-11-01",-23.8780513346566
"UKENAN_AW_TP000210","2021-11-08",-21.3250088271003
"UKENAN_AW_TP000210","2021-11-15",-21.3042480393089
"UKENAN_AW_TP000210","2021-11-22",-21.3331157781932
"UKENAN_AW_TP000210","2021-11-29",-20.6226666550479
"UKENAN_AW_TP000210","2021-12-06",-19.7541197109806
"UKENAN_AW_TP000210","2021-12-13",-18.6525145402546
"UKENAN_AW_TP000210","2021-12-20",-25.9099164607962
"UKENAN_AW_TP000210","2021-12-27",-60.0152541728108
"UKENAN_AW_TP000210","2022-01-03",-42.1339424301184
"UKENAN_AW_TP000210","2022-01-10",-21.393290533071
"UKENAN_AW_TP000210","2022-01-17",-21.8881750926169
"UKENAN_AW_TP000210","2022-01-24",-22.1116018322743
"UKENAN_AW_TP000210","2022-01-31",-21.0269313176349
"UKENAN_AW_TP000210","2022-02-07",-19.9195428431374
"UKENAN_AW_TP000210","2022-02-14",-26.7477752051474
"UKENAN_AW_TP000210","2022-02-21",-22.4183946190925
"UKENAN_AW_TP000210","2022-02-28",-19.0563117213584
"UKENAN_AW_TP000210","2022-03-07",-18.4190852654125
"UKENAN_AW_TP000210","2022-03-14",-19.5546130369639
"UKENAN_AW_TP000210","2022-03-21",-19.8462177110514
"UKENAN_AW_TP000210","2022-03-28",-19.8485419840305
"UKENAN_AW_TP000210","2022-04-04",-23.9169446964389
"UKENAN_AW_TP000210","2022-04-11",-24.4044874942282
"UKENAN_AW_TP000210","2022-04-18",-34.3089615792101
"UKENAN_AW_TP000210","2022-04-25",-16.3785842857076
"UKENAN_AW_TP000293","2021-05-03",0
"UKENAN_AW_TP000293","2021-05-10",-16.6147548341906
"UKENAN_AW_TP000293","2021-05-17",-16.6839379648298
"UKENAN_AW_TP000293","2021-05-24",-15.5665699568854
"UKENAN_AW_TP000293","2021-05-31",-29.2832344189573
"UKENAN_AW_TP000293","2021-06-07",-17.285151805711
"UKENAN_AW_TP000293","2021-06-14",-15.6633965254892
"UKENAN_AW_TP000293","2021-06-21",-16.0614387616815
"UKENAN_AW_TP000293","2021-06-28",-16.2411879564731
"UKENAN_AW_TP000293","2021-07-05",-16.8501402823402
"UKENAN_AW_TP000293","2021-07-12",-16.8455217578574
"UKENAN_AW_TP000293","2021-07-19",-19.3778607757137
"UKENAN_AW_TP000293","2021-07-26",-24.903381748367
"UKENAN_AW_TP000293","2021-08-02",-26.0861225516422
"UKENAN_AW_TP000293","2021-08-09",-26.3884811508939
"UKENAN_AW_TP000293","2021-08-16",-26.6944904708247
"UKENAN_AW_TP000293","2021-08-23",-25.8373476136819
"UKENAN_AW_TP000293","2021-08-30",-29.9066353453789
"UKENAN_AW_TP000293","2021-09-06",-18.4369185166558
"UKENAN_AW_TP000293","2021-09-13",-18.828680533961
"UKENAN_AW_TP000293","2021-09-20",-18.9177278523114
"UKENAN_AW_TP000293","2021-09-27",-19.3021930368119
"UKENAN_AW_TP000293","2021-10-04",-19.9012381458609
"UKENAN_AW_TP000293","2021-10-11",-18.0438183777264
"UKENAN_AW_TP000293","2021-10-18",-18.1216154615575
"UKENAN_AW_TP000293","2021-10-25",-24.8124935085461
"UKENAN_AW_TP000293","2021-11-01",-19.6383604567814
"UKENAN_AW_TP000293","2021-11-08",-17.2821123638472
"UKENAN_AW_TP000293","2021-11-15",-18.0606490264302
"UKENAN_AW_TP000293","2021-11-22",-18.6971335596513
"UKENAN_AW_TP000293","2021-11-29",-18.7585390620475
"UKENAN_AW_TP000293","2021-12-06",-17.3027218810629
"UKENAN_AW_TP000293","2021-12-13",-15.2297622363408
"UKENAN_AW_TP000293","2021-12-20",-23.5493743799803
"UKENAN_AW_TP000293","2021-12-27",-61.9761297244657
"UKENAN_AW_TP000293","2022-01-03",-39.1253651980072
"UKENAN_AW_TP000293","2022-01-10",-17.3012020150482
"UKENAN_AW_TP000293","2022-01-17",-17.4821004396548
"UKENAN_AW_TP000293","2022-01-24",-17.0374259758185
"UKENAN_AW_TP000293","2022-01-31",-15.9762210970209
"UKENAN_AW_TP000293","2022-02-07",-16.2827029589946
"UKENAN_AW_TP000293","2022-02-14",-22.2385387185582
"UKENAN_AW_TP000293","2022-02-21",-17.3061776815826
"UKENAN_AW_TP000293","2022-02-28",-15.0595929441341
"UKENAN_AW_TP000293","2022-03-07",-14.8088182137383
"UKENAN_AW_TP000293","2022-03-14",-15.001672482036
"UKENAN_AW_TP000293","2022-03-21",-15.1480728807383
"UKENAN_AW_TP000293","2022-03-28",-15.1714116319425
"UKENAN_AW_TP000293","2022-04-04",-19.5084386098159
"UKENAN_AW_TP000293","2022-04-11",-21.2281813368534
"UKENAN_AW_TP000293","2022-04-18",-32.2004139316822
"UKENAN_AW_TP000293","2022-04-25",-11.9040922666936
"UKENAN_AW_TP000303","2021-05-03",0
"UKENAN_AW_TP000303","2021-05-10",-25.0053200963424
"UKENAN_AW_TP000303","2021-05-17",-23.738954888984
"UKENAN_AW_TP000303","2021-05-24",-22.6118837459918
"UKENAN_AW_TP000303","2021-05-31",-35.1932342253026
"UKENAN_AW_TP000303","2021-06-07",-22.5098972670963
"UKENAN_AW_TP000303","2021-06-14",-20.3632692263662
"UKENAN_AW_TP000303","2021-06-21",-20.5168796750968
"UKENAN_AW_TP000303","2021-06-28",-22.1909331335513
"UKENAN_AW_TP000303","2021-07-05",-21.9260377216271
"UKENAN_AW_TP000303","2021-07-12",-22.7956114628581
"UKENAN_AW_TP000303","2021-07-19",-27.1886963582123
"UKENAN_AW_TP000303","2021-07-26",-30.2326351202613
"UKENAN_AW_TP000303","2021-08-02",-31.2403846240905
"UKENAN_AW_TP000303","2021-08-09",-31.5212096933572
"UKENAN_AW_TP000303","2021-08-16",-31.3774419191797
"UKENAN_AW_TP000303","2021-08-23",-31.6550553527991
"UKENAN_AW_TP000303","2021-08-30",-37.4570753164526
"UKENAN_AW_TP000303","2021-09-06",-21.8227100353614
"UKENAN_AW_TP000303","2021-09-13",-23.4881677020271
"UKENAN_AW_TP000303","2021-09-20",-24.190789535544
"UKENAN_AW_TP000303","2021-09-27",-23.3529958136705
"UKENAN_AW_TP000303","2021-10-04",-23.082013517557
"UKENAN_AW_TP000303","2021-10-11",-21.0941722968501
"UKENAN_AW_TP000303","2021-10-18",-21.5829484237511
"UKENAN_AW_TP000303","2021-10-25",-29.0896345161211
"UKENAN_AW_TP000303","2021-11-01",-24.2161462881461
"UKENAN_AW_TP000303","2021-11-08",-21.7844274813577
"UKENAN_AW_TP000303","2021-11-15",-21.637383849124
"UKENAN_AW_TP000303","2021-11-22",-21.3475473782354
"UKENAN_AW_TP000303","2021-11-29",-21.0706367662076
"UKENAN_AW_TP000303","2021-12-06",-21.0736405316789
"UKENAN_AW_TP000303","2021-12-13",-21.3739582397303
"UKENAN_AW_TP000303","2021-12-20",-31.2210505353087
"UKENAN_AW_TP000303","2021-12-27",-66.1524427591314
"UKENAN_AW_TP000303","2022-01-03",-45.4691056814674
"UKENAN_AW_TP000303","2022-01-10",-23.5057105978147
"UKENAN_AW_TP000303","2022-01-17",-22.494111039549
"UKENAN_AW_TP000303","2022-01-24",-21.91820888742
"UKENAN_AW_TP000303","2022-01-31",-20.7808001993044
"UKENAN_AW_TP000303","2022-02-07",-21.207134814901
"UKENAN_AW_TP000303","2022-02-14",-27.3721370467303
"UKENAN_AW_TP000303","2022-02-21",-23.7995258067872
"UKENAN_AW_TP000303","2022-02-28",-20.5102484888367
"UKENAN_AW_TP000303","2022-03-07",-21.0670736054061
"UKENAN_AW_TP000303","2022-03-14",-20.2335456265789
"UKENAN_AW_TP000303","2022-03-21",-21.5232385273855
"UKENAN_AW_TP000303","2022-03-28",-20.8128672225899
"UKENAN_AW_TP000303","2022-04-04",-25.9628504654869
"UKENAN_AW_TP000303","2022-04-11",-26.562080432533
"UKENAN_AW_TP000303","2022-04-18",-37.0849529305316
"UKENAN_AW_TP000303","2022-04-25",-17.4089497595908
"UKENAN_AW_TP000307","2021-05-03",0
"UKENAN_AW_TP000307","2021-05-10",-26.3668810421932
"UKENAN_AW_TP000307","2021-05-17",-26.108227407898
"UKENAN_AW_TP000307","2021-05-24",-25.5340749347768
"UKENAN_AW_TP000307","2021-05-31",-38.096922742875
"UKENAN_AW_TP000307","2021-06-07",-27.2389161758919
"UKENAN_AW_TP000307","2021-06-14",-25.9955638764052
"UKENAN_AW_TP000307","2021-06-21",-25.320946642211
"UKENAN_AW_TP000307","2021-06-28",-26.4088339701681
"UKENAN_AW_TP000307","2021-07-05",-25.4155697394245
"UKENAN_AW_TP000307","2021-07-12",-26.0333721646445
"UKENAN_AW_TP000307","2021-07-19",-30.4889890468567
"UKENAN_AW_TP000307","2021-07-26",-34.294734502854
"UKENAN_AW_TP000307","2021-08-02",-34.25552067435
"UKENAN_AW_TP000307","2021-08-09",-35.2785694582052
"UKENAN_AW_TP000307","2021-08-16",-34.6196778148506
"UKENAN_AW_TP000307","2021-08-23",-34.2794179702672
"UKENAN_AW_TP000307","2021-08-30",-36.5831878880391
"UKENAN_AW_TP000307","2021-09-06",-25.1338521234957
"UKENAN_AW_TP000307","2021-09-13",-25.4705395543246
"UKENAN_AW_TP000307","2021-09-20",-25.5840515978794
"UKENAN_AW_TP000307","2021-09-27",-26.6972873553532
"UKENAN_AW_TP000307","2021-10-04",-27.2032747611424
"UKENAN_AW_TP000307","2021-10-11",-25.527793817108
"UKENAN_AW_TP000307","2021-10-18",-26.4155697394245
"UKENAN_AW_TP000307","2021-10-25",-32.5976559085639
"UKENAN_AW_TP000307","2021-11-01",-27.4141338036032
"UKENAN_AW_TP000307","2021-11-08",-24.2794483658237
"UKENAN_AW_TP000307","2021-11-15",-24.7923347085976
"UKENAN_AW_TP000307","2021-11-22",-24.9603771132433
"UKENAN_AW_TP000307","2021-11-29",-25.4804234813046
"UKENAN_AW_TP000307","2021-12-06",-24.525948823034
"UKENAN_AW_TP000307","2021-12-13",-24.2010055110374
"UKENAN_AW_TP000307","2021-12-20",-34.0910506834589
"UKENAN_AW_TP000307","2021-12-27",-64.3963696554048
"UKENAN_AW_TP000307","2022-01-03",-45.1932580619907
"UKENAN_AW_TP000307","2022-01-10",-27.5760278627517
"UKENAN_AW_TP000307","2022-01-17",-25.2420795313937
"UKENAN_AW_TP000307","2022-01-24",-24.4421909370342
"UKENAN_AW_TP000307","2022-01-31",-22.6675028022416
"UKENAN_AW_TP000307","2022-02-07",-23.2208909393908
"UKENAN_AW_TP000307","2022-02-14",-30.5737282170901
"UKENAN_AW_TP000307","2022-02-21",-26.3104904892501
"UKENAN_AW_TP000307","2022-02-28",-22.1145389211234
"UKENAN_AW_TP000307","2022-03-07",-22.9811262514369
"UKENAN_AW_TP000307","2022-03-14",-23.2767092663529
"UKENAN_AW_TP000307","2022-03-21",-24.3610241805554
"UKENAN_AW_TP000307","2022-03-28",-23.0725859931485
"UKENAN_AW_TP000307","2022-04-04",-29.2821418719597
"UKENAN_AW_TP000307","2022-04-11",-30.2433371017084
"UKENAN_AW_TP000307","2022-04-18",-37.086466589914
"UKENAN_AW_TP000307","2022-04-25",-19.6291374857995
"UKENAN_AW_TP000308","2021-05-03",0
"UKENAN_AW_TP000308","2021-05-10",-24.4542807965774
"UKENAN_AW_TP000308","2021-05-17",-24.162385211159
"UKENAN_AW_TP000308","2021-05-24",-23.8705763039592
"UKENAN_AW_TP000308","2021-05-31",-36.7235380465944
"UKENAN_AW_TP000308","2021-06-07",-25.2852690315584
"UKENAN_AW_TP000308","2021-06-14",-22.8571686589847
"UKENAN_AW_TP000308","2021-06-21",-23.8525772893349
"UKENAN_AW_TP000308","2021-06-28",-23.2902041852707
"UKENAN_AW_TP000308","2021-07-05",-23.8549366647699
"UKENAN_AW_TP000308","2021-07-12",-25.5653899559382
"UKENAN_AW_TP000308","2021-07-19",-28.2820191919554
"UKENAN_AW_TP000308","2021-07-26",-33.4242315155999
"UKENAN_AW_TP000308","2021-08-02",-35.130795882243
"UKENAN_AW_TP000308","2021-08-09",-35.139295072611
"UKENAN_AW_TP000308","2021-08-16",-35.1365214192328
"UKENAN_AW_TP000308","2021-08-23",-34.8524411837731
"UKENAN_AW_TP000308","2021-08-30",-38.5595696912766
"UKENAN_AW_TP000308","2021-09-06",-26.2744702517917
"UKENAN_AW_TP000308","2021-09-13",-25.5676876718077
"UKENAN_AW_TP000308","2021-09-20",-25.5680387104683
"UKENAN_AW_TP000308","2021-09-27",-25.7103048018017
"UKENAN_AW_TP000308","2021-10-04",-26.6975264163563
"UKENAN_AW_TP000308","2021-10-11",-24.9855639576492
"UKENAN_AW_TP000308","2021-10-18",-29.1008137361326
"UKENAN_AW_TP000308","2021-10-25",-32.5617772406209
"UKENAN_AW_TP000308","2021-11-01",-26.8487818340037
"UKENAN_AW_TP000308","2021-11-08",-24.5602005456214
"UKENAN_AW_TP000308","2021-11-15",-23.8510592850021
"UKENAN_AW_TP000308","2021-11-22",-23.4283375137437
"UKENAN_AW_TP000308","2021-11-29",-23.4314163650639
"UKENAN_AW_TP000308","2021-12-06",-23.5683838989915
"UKENAN_AW_TP000308","2021-12-13",-24.2797292871762
"UKENAN_AW_TP000308","2021-12-20",-33.0112074349043
"UKENAN_AW_TP000308","2021-12-27",-65.4395708694366
"UKENAN_AW_TP000308","2022-01-03",-46.0044867431893
"UKENAN_AW_TP000308","2022-01-10",-25.7076655055195
"UKENAN_AW_TP000308","2022-01-17",-24.4221202959067
"UKENAN_AW_TP000308","2022-01-24",-23.8464090160046
"UKENAN_AW_TP000308","2022-01-31",-22.9888551755454
"UKENAN_AW_TP000308","2022-02-07",-23.4173329619128
"UKENAN_AW_TP000308","2022-02-14",-30.5580317438406
"UKENAN_AW_TP000308","2022-02-21",-26.5622086183509
"UKENAN_AW_TP000308","2022-02-28",-23.1337231500687
"UKENAN_AW_TP000308","2022-03-07",-23.2762139225132
"UKENAN_AW_TP000308","2022-03-14",-23.2704497420727
"UKENAN_AW_TP000308","2022-03-21",-24.9822827334956
"UKENAN_AW_TP000308","2022-03-28",-24.2680704371964
"UKENAN_AW_TP000308","2022-04-04",-29.7011403138613
"UKENAN_AW_TP000308","2022-04-11",-31.7014279435377
"UKENAN_AW_TP000308","2022-04-18",-40.4074229540786
"UKENAN_AW_TP000308","2022-04-25",-22.4020732781795
"UKENMI_ST_TP000018","2021-05-03",0
"UKENMI_ST_TP000018","2021-05-10",-21.8076358586411
"UKENMI_ST_TP000018","2021-05-17",-20.7701612718312
"UKENMI_ST_TP000018","2021-05-24",-19.6689636803135
"UKENMI_ST_TP000018","2021-05-31",-32.9511622159827
"UKENMI_ST_TP000018","2021-06-07",-19.9063933238473
"UKENMI_ST_TP000018","2021-06-14",-17.5808161551211
"UKENMI_ST_TP000018","2021-06-21",-17.7494001242794
"UKENMI_ST_TP000018","2021-06-28",-19.1556958847483
"UKENMI_ST_TP000018","2021-07-05",-19.4510216177514
"UKENMI_ST_TP000018","2021-07-12",-20.2976349646447
"UKENMI_ST_TP000018","2021-07-19",-23.7407423245092
"UKENMI_ST_TP000018","2021-07-26",-28.0487315957242
"UKENMI_ST_TP000018","2021-08-02",-28.9239640138113
"UKENMI_ST_TP000018","2021-08-09",-28.5013503802715
"UKENMI_ST_TP000018","2021-08-16",-27.1104683491557
"UKENMI_ST_TP000018","2021-08-23",-27.516378041538
"UKENMI_ST_TP000018","2021-08-30",-31.7747819427437
"UKENMI_ST_TP000018","2021-09-06",-20.566882369894
"UKENMI_ST_TP000018","2021-09-13",-19.7161002480945
"UKENMI_ST_TP000018","2021-09-20",-20.4640287985966
"UKENMI_ST_TP000018","2021-09-27",-20.5818922388816
"UKENMI_ST_TP000018","2021-10-04",-21.0142707848721
"UKENMI_ST_TP000018","2021-10-11",-19.590946598095
"UKENMI_ST_TP000018","2021-10-18",-19.5907655467765
"UKENMI_ST_TP000018","2021-10-25",-26.8006736307401
"UKENMI_ST_TP000018","2021-11-01",-21.8743455670766
"UKENMI_ST_TP000018","2021-11-08",-18.436194625313
"UKENMI_ST_TP000018","2021-11-15",-18.9753431723681
"UKENMI_ST_TP000018","2021-11-22",-18.3027749418966
"UKENMI_ST_TP000018","2021-11-29",-19.8895748172249
"UKENMI_ST_TP000018","2021-12-06",-17.9974761041174
"UKENMI_ST_TP000018","2021-12-13",-16.471161892688
"UKENMI_ST_TP000018","2021-12-20",-25.5330826652974
"UKENMI_ST_TP000018","2021-12-27",-60.7504420603817
"UKENMI_ST_TP000018","2022-01-03",-42.4660146145138
"UKENMI_ST_TP000018","2022-01-10",-20.6966782724674
"UKENMI_ST_TP000018","2022-01-17",-18.8370657282531
"UKENMI_ST_TP000018","2022-01-24",-18.6655573575305
"UKENMI_ST_TP000018","2022-01-31",-17.8198060642239
"UKENMI_ST_TP000018","2022-02-07",-17.944733952194
"UKENMI_ST_TP000018","2022-02-14",-17.5159759966122
"UKENMI_ST_TP000018","2022-02-21",-23.8631599251852
"UKENMI_ST_TP000018","2022-02-28",-19.1000651383934
"UKENMI_ST_TP000018","2022-03-07",-16.0941089460174
"UKENMI_ST_TP000018","2022-03-14",-16.2587079368724
"UKENMI_ST_TP000018","2022-03-21",-17.1441088903238
"UKENMI_ST_TP000018","2022-03-28",-17.271193836775
"UKENMI_ST_TP000018","2022-04-04",-16.5297988668356
"UKENMI_ST_TP000018","2022-04-11",-23.2909635506465
"UKENMI_ST_TP000018","2022-04-18",-38.8132302397316
"UKENMI_ST_TP000018","2022-04-25",-17.3642688138309
"UKENMI_ST_TP000036","2021-05-03",0
"UKENMI_ST_TP000036","2021-05-10",-19.6873772911506
"UKENMI_ST_TP000036","2021-05-17",-18.5042326819824
"UKENMI_ST_TP000036","2021-05-24",-17.2733261441979
"UKENMI_ST_TP000036","2021-05-31",-31.696031976654
"UKENMI_ST_TP000036","2021-06-07",-17.9470110754564
"UKENMI_ST_TP000036","2021-06-14",-15.3353453664984
"UKENMI_ST_TP000036","2021-06-21",-15.9232055124475
"UKENMI_ST_TP000036","2021-06-28",-18.0203326632495
"UKENMI_ST_TP000036","2021-07-05",-18.5942628363417
"UKENMI_ST_TP000036","2021-07-12",-18.8843169551298
"UKENMI_ST_TP000036","2021-07-19",-22.6045856291618
"UKENMI_ST_TP000036","2021-07-26",-25.9463613418211
"UKENMI_ST_TP000036","2021-08-02",-26.8261035260363
"UKENMI_ST_TP000036","2021-08-09",-26.6835335034106
"UKENMI_ST_TP000036","2021-08-16",-24.1880289627486
"UKENMI_ST_TP000036","2021-08-23",-24.7282717722911
"UKENMI_ST_TP000036","2021-08-30",-26.7578750482186
"UKENMI_ST_TP000036","2021-09-06",-16.2317645587536
"UKENMI_ST_TP000036","2021-09-13",-15.1059796279604
"UKENMI_ST_TP000036","2021-09-20",-16.6946833964422
"UKENMI_ST_TP000036","2021-09-27",-16.668721107012
"UKENMI_ST_TP000036","2021-10-04",-16.5444283165463
"UKENMI_ST_TP000036","2021-10-11",-14.8445936010957
"UKENMI_ST_TP000036","2021-10-18",-15.2617469704061
"UKENMI_ST_TP000036","2021-10-25",-23.3146575160743
"UKENMI_ST_TP000036","2021-11-01",-18.5145053297673
"UKENMI_ST_TP000036","2021-11-08",-16.0495229969914
"UKENMI_ST_TP000036","2021-11-15",-15.0529866169126
"UKENMI_ST_TP000036","2021-11-22",-15.7779074086406
"UKENMI_ST_TP000036","2021-11-29",-17.5131785892605
"UKENMI_ST_TP000036","2021-12-06",-14.08048227936
"UKENMI_ST_TP000036","2021-12-13",-14.5064576590934
"UKENMI_ST_TP000036","2021-12-20",-23.7173186538597
"UKENMI_ST_TP000036","2021-12-27",-62.4317565703309
"UKENMI_ST_TP000036","2022-01-03",-39.3914336276967
"UKENMI_ST_TP000036","2022-01-10",-17.4695405813693
"UKENMI_ST_TP000036","2022-01-17",-15.3316552670598
"UKENMI_ST_TP000036","2022-01-24",-15.2923863581767
"UKENMI_ST_TP000036","2022-01-31",-14.17231500506
"UKENMI_ST_TP000036","2022-02-07",-13.7386294036657
"UKENMI_ST_TP000036","2022-02-14",-13.0325600845605
"UKENMI_ST_TP000036","2022-02-21",-21.0565405824647
"UKENMI_ST_TP000036","2022-02-28",-14.6167701479205
"UKENMI_ST_TP000036","2022-03-07",-12.1673266541913
"UKENMI_ST_TP000036","2022-03-14",-12.7549689626927
"UKENMI_ST_TP000036","2022-03-21",-14.4797032917527
"UKENMI_ST_TP000036","2022-03-28",-15.1584027703646
"UKENMI_ST_TP000036","2022-04-04",-13.7160375028226
"UKENMI_ST_TP000036","2022-04-11",-20.345499434812
"UKENMI_ST_TP000036","2022-04-18",-37.0005977349911
"UKENMI_ST_TP000036","2022-04-25",-12.8784432950166
"UKENMI_ST_TP000056","2021-05-03",0
"UKENMI_ST_TP000056","2021-05-10",-22.7691710466462
"UKENMI_ST_TP000056","2021-05-17",-21.626457575861
"UKENMI_ST_TP000056","2021-05-24",-20.4198245328319
"UKENMI_ST_TP000056","2021-05-31",-36.3827268891361
"UKENMI_ST_TP000056","2021-06-07",-22.7923011575062
"UKENMI_ST_TP000056","2021-06-14",-20.4632740132149
"UKENMI_ST_TP000056","2021-06-21",-20.4422736181592
"UKENMI_ST_TP000056","2021-06-28",-20.8456685820732
"UKENMI_ST_TP000056","2021-07-05",-22.0432116579027
"UKENMI_ST_TP000056","2021-07-12",-22.5148531806756
"UKENMI_ST_TP000056","2021-07-19",-25.2108910039005
"UKENMI_ST_TP000056","2021-07-26",-31.4174806053562
"UKENMI_ST_TP000056","2021-08-02",-33.5685722791418
"UKENMI_ST_TP000056","2021-08-09",-32.6816819960179
"UKENMI_ST_TP000056","2021-08-16",-30.6393638754065
"UKENMI_ST_TP000056","2021-08-23",-29.3856764618202
"UKENMI_ST_TP000056","2021-08-30",-32.5383483100875
"UKENMI_ST_TP000056","2021-09-06",-22.3555826727073
"UKENMI_ST_TP000056","2021-09-13",-22.2267135550672
"UKENMI_ST_TP000056","2021-09-20",-22.6196786337532
"UKENMI_ST_TP000056","2021-09-27",-22.5202454743198
"UKENMI_ST_TP000056","2021-10-04",-21.9805861136614
"UKENMI_ST_TP000056","2021-10-11",-20.7731203486919
"UKENMI_ST_TP000056","2021-10-18",-21.0369312294957
"UKENMI_ST_TP000056","2021-10-25",-28.0355275532168
"UKENMI_ST_TP000056","2021-11-01",-22.2227191772682
"UKENMI_ST_TP000056","2021-11-08",-19.4226340087853
"UKENMI_ST_TP000056","2021-11-15",-18.1683660622469
"UKENMI_ST_TP000056","2021-11-22",-17.9687723410588
"UKENMI_ST_TP000056","2021-11-29",-18.782875217409
"UKENMI_ST_TP000056","2021-12-06",-18.4386358410667
"UKENMI_ST_TP000056","2021-12-13",-18.3517101927439
"UKENMI_ST_TP000056","2021-12-20",-25.1861928556543
"UKENMI_ST_TP000056","2021-12-27",-64.7381445155874
"UKENMI_ST_TP000056","2022-01-03",-44.3044699680397
"UKENMI_ST_TP000056","2022-01-10",-21.4742048044161
"UKENMI_ST_TP000056","2022-01-17",-19.4998208370226
"UKENMI_ST_TP000056","2022-01-24",-19.4550837537813
"UKENMI_ST_TP000056","2022-01-31",-18.22709193001
"UKENMI_ST_TP000056","2022-02-07",-18.1579558041851
"UKENMI_ST_TP000056","2022-02-14",-17.431247679455
"UKENMI_ST_TP000056","2022-02-21",-26.0609942623483
"UKENMI_ST_TP000056","2022-02-28",-19.6766715474067
"UKENMI_ST_TP000056","2022-03-07",-17.1058833333112
"UKENMI_ST_TP000056","2022-03-14",-17.3144306868714
"UKENMI_ST_TP000056","2022-03-21",-19.0832541511334
"UKENMI_ST_TP000056","2022-03-28",-19.7261242090808
"UKENMI_ST_TP000056","2022-04-04",-18.0910437844377
"UKENMI_ST_TP000056","2022-04-11",-24.9250156242499
"UKENMI_ST_TP000056","2022-04-18",-40.5476274977436
"UKENMI_ST_TP000056","2022-04-25",-18.7736793663596
"UKENMI_ST_TP000060","2021-05-03",0
"UKENMI_ST_TP000060","2021-05-10",-10.0686714367082
"UKENMI_ST_TP000060","2021-05-17",-7.21484610792177
"UKENMI_ST_TP000060","2021-05-24",-5.32857916026266
"UKENMI_ST_TP000060","2021-05-31",-23.9258739710124
"UKENMI_ST_TP000060","2021-06-07",-8.65972070041216
"UKENMI_ST_TP000060","2021-06-14",-5.39023319185034
"UKENMI_ST_TP000060","2021-06-21",-5.29612321887127
"UKENMI_ST_TP000060","2021-06-28",-7.01038744937891
"UKENMI_ST_TP000060","2021-07-05",-7.07536378349591
"UKENMI_ST_TP000060","2021-07-12",-7.14033534344001
"UKENMI_ST_TP000060","2021-07-19",-11.5526585110809
"UKENMI_ST_TP000060","2021-07-26",-18.1174353161915
"UKENMI_ST_TP000060","2021-08-02",-19.7180333327789
"UKENMI_ST_TP000060","2021-08-09",-18.672639497554
"UKENMI_ST_TP000060","2021-08-16",-16.6922339318784
"UKENMI_ST_TP000060","2021-08-23",-16.6597421841902
"UKENMI_ST_TP000060","2021-08-30",-22.4485577596493
"UKENMI_ST_TP000060","2021-09-06",-8.26360760031857
"UKENMI_ST_TP000060","2021-09-13",-6.0624425992676
"UKENMI_ST_TP000060","2021-09-20",-7.37734065265946
"UKENMI_ST_TP000060","2021-09-27",-6.02998188370331
"UKENMI_ST_TP000060","2021-10-04",-7.7734155593698
"UKENMI_ST_TP000060","2021-10-11",-6.29612560595773
"UKENMI_ST_TP000060","2021-10-18",-7.20197743959542
"UKENMI_ST_TP000060","2021-10-25",-14.2020299554974
"UKENMI_ST_TP000060","2021-11-01",-8.21823763595823
"UKENMI_ST_TP000060","2021-11-08",-5.26694661245306
"UKENMI_ST_TP000060","2021-11-15",-4.34815449789544
"UKENMI_ST_TP000060","2021-11-22",-5.17281992986883
"UKENMI_ST_TP000060","2021-11-29",-6.58516458128779
"UKENMI_ST_TP000060","2021-12-06",-5.39354594603385
"UKENMI_ST_TP000060","2021-12-13",-4.17282470404174
"UKENMI_ST_TP000060","2021-12-20",-14.5656226628654
"UKENMI_ST_TP000060","2021-12-27",-60.9254486550485
"UKENMI_ST_TP000060","2022-01-03",-33.1141034653163
"UKENMI_ST_TP000060","2022-01-10",-6.48769411239616
"UKENMI_ST_TP000060","2022-01-17",-5.90000057043188
"UKENMI_ST_TP000060","2022-01-24",-5.47141243225528
"UKENMI_ST_TP000060","2022-01-31",-3.2182137650937
"UKENMI_ST_TP000060","2022-02-07",-3.520152440874
"UKENMI_ST_TP000060","2022-02-14",-3.8220958908272
"UKENMI_ST_TP000060","2022-02-21",-11.3481401753767
"UKENMI_ST_TP000060","2022-02-28",-4.40979181987794
"UKENMI_ST_TP000060","2022-03-07",-2.28315668000036
"UKENMI_ST_TP000060","2022-03-14",-2.49099493114741
"UKENMI_ST_TP000060","2022-03-21",-3.5234962271814
"UKENMI_ST_TP000060","2022-03-28",-3.94873580487769
"UKENMI_ST_TP000060","2022-04-04",-3.37728336258459
"UKENMI_ST_TP000060","2022-04-11",-10.2961088963526
"UKENMI_ST_TP000060","2022-04-18",-31.5880925999772
"UKENMI_ST_TP000060","2022-04-25",-3.91621779923853
"UKENMI_ST_TP000062","2021-05-03",0
"UKENMI_ST_TP000062","2021-05-10",-23.9297348994526
"UKENMI_ST_TP000062","2021-05-17",-22.173350953259
"UKENMI_ST_TP000062","2021-05-24",-20.762776599477
"UKENMI_ST_TP000062","2021-05-31",-35.7551468380514
"UKENMI_ST_TP000062","2021-06-07",-22.5411205962996
"UKENMI_ST_TP000062","2021-06-14",-19.815990585223
"UKENMI_ST_TP000062","2021-06-21",-19.6292040562381
"UKENMI_ST_TP000062","2021-06-28",-21.5396457480479
"UKENMI_ST_TP000062","2021-07-05",-21.3034958222084
"UKENMI_ST_TP000062","2021-07-12",-21.9846891922438
"UKENMI_ST_TP000062","2021-07-19",-25.9414106125405
"UKENMI_ST_TP000062","2021-07-26",-30.7773593474201
"UKENMI_ST_TP000062","2021-08-02",-31.498591237154
"UKENMI_ST_TP000062","2021-08-09",-30.007444048813
"UKENMI_ST_TP000062","2021-08-16",-29.6219904101446
"UKENMI_ST_TP000062","2021-08-23",-29.6954680758869
"UKENMI_ST_TP000062","2021-08-30",-32.6856219756061
"UKENMI_ST_TP000062","2021-09-06",-21.3304920063184
"UKENMI_ST_TP000062","2021-09-13",-21.2960063017074
"UKENMI_ST_TP000062","2021-09-20",-21.0327480856584
"UKENMI_ST_TP000062","2021-09-27",-20.7693187030327
"UKENMI_ST_TP000062","2021-10-04",-21.1546852947991
"UKENMI_ST_TP000062","2021-10-11",-19.8063731173454
"UKENMI_ST_TP000062","2021-10-18",-20.3931485952097
"UKENMI_ST_TP000062","2021-10-25",-28.3692243242738
"UKENMI_ST_TP000062","2021-11-01",-21.9163905291816
"UKENMI_ST_TP000062","2021-11-08",-19.4640483137242
"UKENMI_ST_TP000062","2021-11-15",-18.6614748370476
"UKENMI_ST_TP000062","2021-11-22",-18.5341866368853
"UKENMI_ST_TP000062","2021-11-29",-19.6323412018296
"UKENMI_ST_TP000062","2021-12-06",-17.8739041063952
"UKENMI_ST_TP000062","2021-12-13",-17.9875940173182
"UKENMI_ST_TP000062","2021-12-20",-29.691105528435
"UKENMI_ST_TP000062","2021-12-27",-61.5518005068082
"UKENMI_ST_TP000062","2022-01-03",-41.7585972400003
"UKENMI_ST_TP000062","2022-01-10",-21.7655788418237
"UKENMI_ST_TP000062","2022-01-17",-20.1310524853764
"UKENMI_ST_TP000062","2022-01-24",-19.2571701635616
"UKENMI_ST_TP000062","2022-01-31",-17.9421757276473
"UKENMI_ST_TP000062","2022-02-07",-17.1574853391647
"UKENMI_ST_TP000062","2022-02-14",-16.9107508301875
"UKENMI_ST_TP000062","2022-02-21",-25.2206145229186
"UKENMI_ST_TP000062","2022-02-28",-18.1267591805426
"UKENMI_ST_TP000062","2022-03-07",-15.3089154167192
"UKENMI_ST_TP000062","2022-03-14",-16.1854653328078
"UKENMI_ST_TP000062","2022-03-21",-16.2277411744827
"UKENMI_ST_TP000062","2022-03-28",-16.1617066598388
"UKENMI_ST_TP000062","2022-04-04",-16.6136796849263
"UKENMI_ST_TP000062","2022-04-11",-25.5444898570818
"UKENMI_ST_TP000062","2022-04-18",-38.9943309387922
"UKENMI_ST_TP000062","2022-04-25",-16.1106275154585
"UKENMI_ST_TP000068","2021-05-03",0
"UKENMI_ST_TP000068","2021-05-10",-30.1030673403973
"UKENMI_ST_TP000068","2021-05-17",-31.803723185392
"UKENMI_ST_TP000068","2021-05-24",-30.4778753291348
"UKENMI_ST_TP000068","2021-05-31",-42.4165928114235
"UKENMI_ST_TP000068","2021-06-07",-31.89337555069
"UKENMI_ST_TP000068","2021-06-14",-29.8163796140925
"UKENMI_ST_TP000068","2021-06-21",-30.6600854357315
"UKENMI_ST_TP000068","2021-06-28",-31.2433927192444
"UKENMI_ST_TP000068","2021-07-05",-32.2227952107473
"UKENMI_ST_TP000068","2021-07-12",-32.68284301431
"UKENMI_ST_TP000068","2021-07-19",-35.0950552782772
"UKENMI_ST_TP000068","2021-07-26",-39.1808754915845
"UKENMI_ST_TP000068","2021-08-02",-39.9421075539644
"UKENMI_ST_TP000068","2021-08-09",-39.1407535333861
"UKENMI_ST_TP000068","2021-08-16",-39.4451391770495
"UKENMI_ST_TP000068","2021-08-23",-38.8032357656438
"UKENMI_ST_TP000068","2021-08-30",-42.7352190497903
"UKENMI_ST_TP000068","2021-09-06",-34.8480945132101
"UKENMI_ST_TP000068","2021-09-13",-33.2430488810716
"UKENMI_ST_TP000068","2021-09-20",-34.1212278600081
"UKENMI_ST_TP000068","2021-09-27",-33.2804793010225
"UKENMI_ST_TP000068","2021-10-04",-33.5826408716872
"UKENMI_ST_TP000068","2021-10-11",-31.9777464537647
"UKENMI_ST_TP000068","2021-10-18",-31.7925980930344
"UKENMI_ST_TP000068","2021-10-25",-36.9104840731736
"UKENMI_ST_TP000068","2021-11-01",-33.1782128812727
"UKENMI_ST_TP000068","2021-11-08",-30.6057756469144
"UKENMI_ST_TP000068","2021-11-15",-28.9203860255408
"UKENMI_ST_TP000068","2021-11-22",-28.7061801595638
"UKENMI_ST_TP000068","2021-11-29",-28.9925141870072
"UKENMI_ST_TP000068","2021-12-06",-28.0300933833401
"UKENMI_ST_TP000068","2021-12-13",-28.8856316080812
"UKENMI_ST_TP000068","2021-12-20",-37.7063239244165
"UKENMI_ST_TP000068","2021-12-27",-66.2157232483346
"UKENMI_ST_TP000068","2022-01-03",-49.8216345899662
"UKENMI_ST_TP000068","2022-01-10",-31.6197029511424
"UKENMI_ST_TP000068","2022-01-17",-30.2930810951411
"UKENMI_ST_TP000068","2022-01-24",-29.4367333707836
"UKENMI_ST_TP000068","2022-01-31",-28.8245314102158
"UKENMI_ST_TP000068","2022-02-07",-28.9257359526143
"UKENMI_ST_TP000068","2022-02-14",-29.2826009616716
"UKENMI_ST_TP000068","2022-02-21",-34.4367069767191
"UKENMI_ST_TP000068","2022-02-28",-29.172041604535
"UKENMI_ST_TP000068","2022-03-07",-27.2929046254211
"UKENMI_ST_TP000068","2022-03-14",-26.9116179616935
"UKENMI_ST_TP000068","2022-03-21",-28.2117613333699
"UKENMI_ST_TP000068","2022-03-28",-28.081167501116
"UKENMI_ST_TP000068","2022-04-04",-27.7499693092907
"UKENMI_ST_TP000068","2022-04-11",-33.5589659716671
"UKENMI_ST_TP000068","2022-04-18",-47.1338430510039
"UKENMI_ST_TP000068","2022-04-25",-28.5628862668049
"UKENMI_ST_TP000074","2021-05-03",0
"UKENMI_ST_TP000074","2021-05-10",-25.759153734279
"UKENMI_ST_TP000074","2021-05-17",-24.7658682002928
"UKENMI_ST_TP000074","2021-05-24",-24.0129529089628
"UKENMI_ST_TP000074","2021-05-31",-36.9679011270961
"UKENMI_ST_TP000074","2021-06-07",-25.5157147342849
"UKENMI_ST_TP000074","2021-06-14",-23.4362773081187
"UKENMI_ST_TP000074","2021-06-21",-23.617378715886
"UKENMI_ST_TP000074","2021-06-28",-25.0270915729543
"UKENMI_ST_TP000074","2021-07-05",-25.2234409195515
"UKENMI_ST_TP000074","2021-07-12",-25.134381327322
"UKENMI_ST_TP000074","2021-07-19",-26.4273418530126
"UKENMI_ST_TP000074","2021-07-26",-31.8001398836978
"UKENMI_ST_TP000074","2021-08-02",-34.6328003917208
"UKENMI_ST_TP000074","2021-08-09",-33.6013497898534
"UKENMI_ST_TP000074","2021-08-16",-32.3617527077446
"UKENMI_ST_TP000074","2021-08-23",-32.0908048315247
"UKENMI_ST_TP000074","2021-08-30",-36.4160512071458
"UKENMI_ST_TP000074","2021-09-06",-25.8457971881396
"UKENMI_ST_TP000074","2021-09-13",-25.4119431287042
"UKENMI_ST_TP000074","2021-09-20",-25.9911559674929
"UKENMI_ST_TP000074","2021-09-27",-26.4975061910812
"UKENMI_ST_TP000074","2021-10-04",-26.6704837559511
"UKENMI_ST_TP000074","2021-10-11",-25.3564455886952
"UKENMI_ST_TP000074","2021-10-18",-25.8104761961752
"UKENMI_ST_TP000074","2021-10-25",-30.7788670790799
"UKENMI_ST_TP000074","2021-11-01",-26.2868062142216
"UKENMI_ST_TP000074","2021-11-08",-23.6562762085828
"UKENMI_ST_TP000074","2021-11-15",-22.979771236213
"UKENMI_ST_TP000074","2021-11-22",-23.1317929027052
"UKENMI_ST_TP000074","2021-11-29",-22.9281611817189
"UKENMI_ST_TP000074","2021-12-06",-22.2188196430103
"UKENMI_ST_TP000074","2021-12-13",-21.6723455790502
"UKENMI_ST_TP000074","2021-12-20",-28.2207437541839
"UKENMI_ST_TP000074","2021-12-27",-64.2219869843321
"UKENMI_ST_TP000074","2022-01-03",-48.0271073496282
"UKENMI_ST_TP000074","2022-01-10",-25.9808962955134
"UKENMI_ST_TP000074","2022-01-17",-23.2275262674305
"UKENMI_ST_TP000074","2022-01-24",-22.5186402767277
"UKENMI_ST_TP000074","2022-01-31",-22.2950822599806
"UKENMI_ST_TP000074","2022-02-07",-22.5908748069191
"UKENMI_ST_TP000074","2022-02-14",-22.3893498391979
"UKENMI_ST_TP000074","2022-02-21",-28.9060329320216
"UKENMI_ST_TP000074","2022-02-28",-23.1751665964827
"UKENMI_ST_TP000074","2022-03-07",-20.6451340847922
"UKENMI_ST_TP000074","2022-03-14",-20.7190857332653
"UKENMI_ST_TP000074","2022-03-21",-21.7163760928314
"UKENMI_ST_TP000074","2022-03-28",-21.2881164355977
"UKENMI_ST_TP000074","2022-04-04",-20.3940154317721
"UKENMI_ST_TP000074","2022-04-11",-26.2778992222303
"UKENMI_ST_TP000074","2022-04-18",-40.8651201408328
"UKENMI_ST_TP000074","2022-04-25",-20.3165034310194
"UKENMI_ST_TP000099","2021-05-03",0
"UKENMI_ST_TP000099","2021-05-10",-26.8163147191377
"UKENMI_ST_TP000099","2021-05-17",-27.0936758412224
"UKENMI_ST_TP000099","2021-05-24",-26.6346835142162
"UKENMI_ST_TP000099","2021-05-31",-40.0413359594194
"UKENMI_ST_TP000099","2021-06-07",-28.3850867953772
"UKENMI_ST_TP000099","2021-06-14",-26.9595361711272
"UKENMI_ST_TP000099","2021-06-21",-28.2621333767096
"UKENMI_ST_TP000099","2021-06-28",-29.7836269036646
"UKENMI_ST_TP000099","2021-07-05",-29.7361736022568
"UKENMI_ST_TP000099","2021-07-12",-28.2780001116997
"UKENMI_ST_TP000099","2021-07-19",-32.3965771923311
"UKENMI_ST_TP000099","2021-07-26",-35.2186720019215
"UKENMI_ST_TP000099","2021-08-02",-35.8177343243651
"UKENMI_ST_TP000099","2021-08-09",-35.9467019359055
"UKENMI_ST_TP000099","2021-08-16",-35.7726549736776
"UKENMI_ST_TP000099","2021-08-23",-36.0820911197116
"UKENMI_ST_TP000099","2021-08-30",-39.8147924162757
"UKENMI_ST_TP000099","2021-09-06",-28.855431390258
"UKENMI_ST_TP000099","2021-09-13",-28.3296099739344
"UKENMI_ST_TP000099","2021-09-20",-29.8538416297953
"UKENMI_ST_TP000099","2021-09-27",-28.9747195277205
"UKENMI_ST_TP000099","2021-10-04",-29.3396207030424
"UKENMI_ST_TP000099","2021-10-11",-28.3777186673524
"UKENMI_ST_TP000099","2021-10-18",-28.7927627061008
"UKENMI_ST_TP000099","2021-10-25",-35.6269831695275
"UKENMI_ST_TP000099","2021-11-01",-30.5486500627184
"UKENMI_ST_TP000099","2021-11-08",-27.6332193373528
"UKENMI_ST_TP000099","2021-11-15",-28.0222127257441
"UKENMI_ST_TP000099","2021-11-22",-27.7241841379955
"UKENMI_ST_TP000099","2021-11-29",-27.9120083740239
"UKENMI_ST_TP000099","2021-12-06",-27.2112715205876
"UKENMI_ST_TP000099","2021-12-13",-26.7514798250811
"UKENMI_ST_TP000099","2021-12-20",-33.9620310629876
"UKENMI_ST_TP000099","2021-12-27",-66.1598150509051
"UKENMI_ST_TP000099","2022-01-03",-46.5863250039034
"UKENMI_ST_TP000099","2022-01-10",-28.3263374135047
"UKENMI_ST_TP000099","2022-01-17",-27.5701208385487
"UKENMI_ST_TP000099","2022-01-24",-27.0826300827189
"UKENMI_ST_TP000099","2022-01-31",-25.8600002371419
"UKENMI_ST_TP000099","2022-02-07",-26.2572420549819
"UKENMI_ST_TP000099","2022-02-14",-25.974600819333
"UKENMI_ST_TP000099","2022-02-21",-33.1464950276382
"UKENMI_ST_TP000099","2022-02-28",-26.7273101490112
"UKENMI_ST_TP000099","2022-03-07",-25.6675696550729
"UKENMI_ST_TP000099","2022-03-14",-25.7521843337081
"UKENMI_ST_TP000099","2022-03-21",-26.5883020623619
"UKENMI_ST_TP000099","2022-03-28",-26.392642057352
"UKENMI_ST_TP000099","2022-04-04",-24.3416930937421
"UKENMI_ST_TP000099","2022-04-11",-29.7995994142794
"UKENMI_ST_TP000099","2022-04-18",-44.4619062494793
"UKENMI_ST_TP000099","2022-04-25",-24.4779583101529
"UKENMI_ST_TP000100","2021-05-03",0
"UKENMI_ST_TP000100","2021-05-10",-15.9189258598862
"UKENMI_ST_TP000100","2021-05-17",-14.3858799685769
"UKENMI_ST_TP000100","2021-05-24",-14.6568446956475
"UKENMI_ST_TP000100","2021-05-31",-31.2977340010214
"UKENMI_ST_TP000100","2021-06-07",-16.8860098373504
"UKENMI_ST_TP000100","2021-06-14",-14.4480684516063
"UKENMI_ST_TP000100","2021-06-21",-15.2807884539762
"UKENMI_ST_TP000100","2021-06-28",-16.1671683399264
"UKENMI_ST_TP000100","2021-07-05",-16.667467854016
"UKENMI_ST_TP000100","2021-07-12",-16.6918516916256
"UKENMI_ST_TP000100","2021-07-19",-21.4179664848211
"UKENMI_ST_TP000100","2021-07-26",-26.4172267552662
"UKENMI_ST_TP000100","2021-08-02",-27.1876317864182
"UKENMI_ST_TP000100","2021-08-09",-26.7526873556038
"UKENMI_ST_TP000100","2021-08-16",-25.9869041614924
"UKENMI_ST_TP000100","2021-08-23",-25.5702423237328
"UKENMI_ST_TP000100","2021-08-30",-29.8731439041494
"UKENMI_ST_TP000100","2021-09-06",-18.0884302350957
"UKENMI_ST_TP000100","2021-09-13",-17.4947703040777
"UKENMI_ST_TP000100","2021-09-20",-18.3466319564688
"UKENMI_ST_TP000100","2021-09-27",-18.1055671707546
"UKENMI_ST_TP000100","2021-10-04",-18.9174780220718
"UKENMI_ST_TP000100","2021-10-11",-16.945589107421
"UKENMI_ST_TP000100","2021-10-18",-16.8651356119101
"UKENMI_ST_TP000100","2021-10-25",-25.7237303761272
"UKENMI_ST_TP000100","2021-11-01",-19.5586425498272
"UKENMI_ST_TP000100","2021-11-08",-16.0232152951139
"UKENMI_ST_TP000100","2021-11-15",-15.3582856872769
"UKENMI_ST_TP000100","2021-11-22",-15.9944222612367
"UKENMI_ST_TP000100","2021-11-29",-18.1522111585265
"UKENMI_ST_TP000100","2021-12-06",-14.9176073527483
"UKENMI_ST_TP000100","2021-12-13",-14.838093445672
"UKENMI_ST_TP000100","2021-12-20",-24.3188573019698
"UKENMI_ST_TP000100","2021-12-27",-60.908455977416
"UKENMI_ST_TP000100","2022-01-03",-39.6166861183712
"UKENMI_ST_TP000100","2022-01-10",-17.6439773551305
"UKENMI_ST_TP000100","2022-01-17",-16.1364882628126
"UKENMI_ST_TP000100","2022-01-24",-15.1356901158155
"UKENMI_ST_TP000100","2022-01-31",-13.8337956492211
"UKENMI_ST_TP000100","2022-02-07",-14.2730796970853
"UKENMI_ST_TP000100","2022-02-14",-13.7590942315804
"UKENMI_ST_TP000100","2022-02-21",-22.1667701854918
"UKENMI_ST_TP000100","2022-02-28",-15.4672517261253
"UKENMI_ST_TP000100","2022-03-07",-12.7153240401686
"UKENMI_ST_TP000100","2022-03-14",-13.2585806040612
"UKENMI_ST_TP000100","2022-03-21",-14.6674207314364
"UKENMI_ST_TP000100","2022-03-28",-14.3965639488414
"UKENMI_ST_TP000100","2022-04-04",-13.8180687687847
"UKENMI_ST_TP000100","2022-04-11",-21.1500204514945
"UKENMI_ST_TP000100","2022-04-18",-38.1996863861476
"UKENMI_ST_TP000100","2022-04-25",-13.7494858131162
"UKENMI_ST_TP000120","2021-05-03",0
"UKENMI_ST_TP000120","2021-05-10",-19.313188579327
"UKENMI_ST_TP000120","2021-05-17",-18.4636867791824
"UKENMI_ST_TP000120","2021-05-24",-18.4133367409909
"UKENMI_ST_TP000120","2021-05-31",-34.8578902379139
"UKENMI_ST_TP000120","2021-06-07",-21.0254198680275
"UKENMI_ST_TP000120","2021-06-14",-19.6358690677919
"UKENMI_ST_TP000120","2021-06-21",-19.26923422328
"UKENMI_ST_TP000120","2021-06-28",-20.6789098359395
"UKENMI_ST_TP000120","2021-07-05",-21.1628898001024
"UKENMI_ST_TP000120","2021-07-12",-22.2957600070508
"UKENMI_ST_TP000120","2021-07-19",-25.8149192527954
"UKENMI_ST_TP000120","2021-07-26",-28.9149730135503
"UKENMI_ST_TP000120","2021-08-02",-29.8600848176336
"UKENMI_ST_TP000120","2021-08-09",-28.7560467155712
"UKENMI_ST_TP000120","2021-08-16",-28.512232225173
"UKENMI_ST_TP000120","2021-08-23",-28.6286587219353
"UKENMI_ST_TP000120","2021-08-30",-33.4511618139183
"UKENMI_ST_TP000120","2021-09-06",-20.9240308714021
"UKENMI_ST_TP000120","2021-09-13",-21.4573219175447
"UKENMI_ST_TP000120","2021-09-20",-22.1760468328655
"UKENMI_ST_TP000120","2021-09-27",-22.0195945936665
"UKENMI_ST_TP000120","2021-10-04",-21.5762337049585
"UKENMI_ST_TP000120","2021-10-11",-21.2744243921584
"UKENMI_ST_TP000120","2021-10-18",-21.7115571703693
"UKENMI_ST_TP000120","2021-10-25",-28.3505916122392
"UKENMI_ST_TP000120","2021-11-01",-23.9719839426049
"UKENMI_ST_TP000120","2021-11-08",-20.6974500334346
"UKENMI_ST_TP000120","2021-11-15",-20.7173115804628
"UKENMI_ST_TP000120","2021-11-22",-21.3925489389733
"UKENMI_ST_TP000120","2021-11-29",-21.93779069133
"UKENMI_ST_TP000120","2021-12-06",-21.693927627565
"UKENMI_ST_TP000120","2021-12-13",-20.5224528760927
"UKENMI_ST_TP000120","2021-12-20",-29.0218354205421
"UKENMI_ST_TP000120","2021-12-27",-65.4748284924285
"UKENMI_ST_TP000120","2022-01-03",-42.7573044202667
"UKENMI_ST_TP000120","2022-01-10",-21.3820528596217
"UKENMI_ST_TP000120","2022-01-17",-19.5767758877763
"UKENMI_ST_TP000120","2022-01-24",-19.2440141566949
"UKENMI_ST_TP000120","2022-01-31",-17.7331410418463
"UKENMI_ST_TP000120","2022-02-07",-19.3388879049494
"UKENMI_ST_TP000120","2022-02-14",-18.0005056310961
"UKENMI_ST_TP000120","2022-02-21",-24.6588893387228
"UKENMI_ST_TP000120","2022-02-28",-18.7789474324297
"UKENMI_ST_TP000120","2022-03-07",-16.2091395992104
"UKENMI_ST_TP000120","2022-03-14",-16.9909089644303
"UKENMI_ST_TP000120","2022-03-21",-18.7779958024447
"UKENMI_ST_TP000120","2022-03-28",-17.1659183845045
"UKENMI_ST_TP000120","2022-04-04",-17.7664649127494
"UKENMI_ST_TP000120","2022-04-11",-23.8230351396585
"UKENMI_ST_TP000120","2022-04-18",-40.5923241009588
"UKENMI_ST_TP000120","2022-04-25",-17.7428463499237
"UKENMI_ST_TP000137","2021-05-03",0
"UKENMI_ST_TP000137","2021-05-10",-27.281913491231
"UKENMI_ST_TP000137","2021-05-17",-27.6766724776647
"UKENMI_ST_TP000137","2021-05-24",-26.665105246523
"UKENMI_ST_TP000137","2021-05-31",-38.2750432702673
"UKENMI_ST_TP000137","2021-06-07",-26.1333981096739
"UKENMI_ST_TP000137","2021-06-14",-24.6768373253567
"UKENMI_ST_TP000137","2021-06-21",-24.4181442024587
"UKENMI_ST_TP000137","2021-06-28",-25.4144223496177
"UKENMI_ST_TP000137","2021-07-05",-25.9678940832019
"UKENMI_ST_TP000137","2021-07-12",-32.6269324539987
"UKENMI_ST_TP000137","2021-07-19",-33.9071463842975
"UKENMI_ST_TP000137","2021-07-26",-30.8375793288233
"UKENMI_ST_TP000137","2021-08-02",-30.4821331399429
"UKENMI_ST_TP000137","2021-08-09",-32.3336107939783
"UKENMI_ST_TP000137","2021-08-16",-33.8480065549361
"UKENMI_ST_TP000137","2021-08-23",-30.0452217899949
"UKENMI_ST_TP000137","2021-08-30",-33.9882748855738
"UKENMI_ST_TP000137","2021-09-06",-26.0589749816694
"UKENMI_ST_TP000137","2021-09-13",-26.765738048631
"UKENMI_ST_TP000137","2021-09-20",-26.7694599014719
"UKENMI_ST_TP000137","2021-09-27",-26.9114277930418
"UKENMI_ST_TP000137","2021-10-04",-27.3204217644789
"UKENMI_ST_TP000137","2021-10-11",-26.0407743544908
"UKENMI_ST_TP000137","2021-10-18",-35.5715922400527
"UKENMI_ST_TP000137","2021-10-25",-29.2830465318525
"UKENMI_ST_TP000137","2021-11-01",-26.2095126551353
"UKENMI_ST_TP000137","2021-11-08",-25.7375838451932
"UKENMI_ST_TP000137","2021-11-15",-25.4677251637723
"UKENMI_ST_TP000137","2021-11-22",-25.3395905845871
"UKENMI_ST_TP000137","2021-11-29",-26.0377769052452
"UKENMI_ST_TP000137","2021-12-06",-24.347034290269
"UKENMI_ST_TP000137","2021-12-13",-24.9271185496432
"UKENMI_ST_TP000137","2021-12-20",-34.3775265521846
"UKENMI_ST_TP000137","2021-12-27",-68.2780337551055
"UKENMI_ST_TP000137","2022-01-03",-47.9447526565111
"UKENMI_ST_TP000137","2022-01-10",-27.0573543623795
"UKENMI_ST_TP000137","2022-01-17",-25.4751688694542
"UKENMI_ST_TP000137","2022-01-24",-25.5858272250561
"UKENMI_ST_TP000137","2022-01-31",-24.7401726574127
"UKENMI_ST_TP000137","2022-02-07",-24.306990124713
"UKENMI_ST_TP000137","2022-02-14",-30.2172001501515
"UKENMI_ST_TP000137","2022-02-21",-26.4688582043938
"UKENMI_ST_TP000137","2022-02-28",-22.3154879293742
"UKENMI_ST_TP000137","2022-03-07",-22.7505279062906
"UKENMI_ST_TP000137","2022-03-14",-23.5970717252213
"UKENMI_ST_TP000137","2022-03-21",-24.4700701866575
"UKENMI_ST_TP000137","2022-03-28",-24.186543040544
"UKENMI_ST_TP000137","2022-04-04",-24.4205612025788
"UKENMI_ST_TP000137","2022-04-11",-30.2423569043436
"UKENMI_ST_TP000137","2022-04-18",-46.269376888092
"UKENMI_ST_TP000137","2022-04-25",-23.2921886193989
"UKENMI_ST_TP000143","2021-05-03",0
"UKENMI_ST_TP000143","2021-05-10",-12.3014789483423
"UKENMI_ST_TP000143","2021-05-17",-10.1425947873495
"UKENMI_ST_TP000143","2021-05-24",-9.14718594411182
"UKENMI_ST_TP000143","2021-05-31",-24.2857623229075
"UKENMI_ST_TP000143","2021-06-07",-10.1585826010912
"UKENMI_ST_TP000143","2021-06-14",-8.30944887222615
"UKENMI_ST_TP000143","2021-06-21",-9.4282295357724
"UKENMI_ST_TP000143","2021-06-28",-10.0202658053906
"UKENMI_ST_TP000143","2021-07-05",-11.0338256765111
"UKENMI_ST_TP000143","2021-07-12",-11.0420449736987
"UKENMI_ST_TP000143","2021-07-19",-12.7342428421038
"UKENMI_ST_TP000143","2021-07-26",-15.1166060313777
"UKENMI_ST_TP000143","2021-08-02",-19.8498074121238
"UKENMI_ST_TP000143","2021-08-09",-21.2244411382857
"UKENMI_ST_TP000143","2021-08-16",-21.6128500848495
"UKENMI_ST_TP000143","2021-08-23",-20.6480467015095
"UKENMI_ST_TP000143","2021-08-30",-23.36349212975
"UKENMI_ST_TP000143","2021-09-06",-12.4639793426448
"UKENMI_ST_TP000143","2021-09-13",-12.0876874578242
"UKENMI_ST_TP000143","2021-09-20",-12.6411599488728
"UKENMI_ST_TP000143","2021-09-27",-12.6202691552607
"UKENMI_ST_TP000143","2021-10-04",-12.4966124894148
"UKENMI_ST_TP000143","2021-10-11",-10.5677603202769
"UKENMI_ST_TP000143","2021-10-18",-18.0554051876043
"UKENMI_ST_TP000143","2021-10-25",-18.5542326070986
"UKENMI_ST_TP000143","2021-11-01",-11.7120924304535
"UKENMI_ST_TP000143","2021-11-08",-9.8335959231937
"UKENMI_ST_TP000143","2021-11-15",-10.1102346949665
"UKENMI_ST_TP000143","2021-11-22",-10.0100848523434
"UKENMI_ST_TP000143","2021-11-29",-11.0864447763213
"UKENMI_ST_TP000143","2021-12-06",-8.72111195441757
"UKENMI_ST_TP000143","2021-12-13",-7.84615543966337
"UKENMI_ST_TP000143","2021-12-20",-15.7081691187344
"UKENMI_ST_TP000143","2021-12-27",-57.1323126507636
"UKENMI_ST_TP000143","2022-01-03",-35.3084507033631
"UKENMI_ST_TP000143","2022-01-10",-11.6458935284038
"UKENMI_ST_TP000143","2022-01-17",-9.54414151709936
"UKENMI_ST_TP000143","2022-01-24",-9.91929408974358
"UKENMI_ST_TP000143","2022-01-31",-8.23418967764188
"UKENMI_ST_TP000143","2022-02-07",-8.3721200085935
"UKENMI_ST_TP000143","2022-02-14",-15.3315589859654
"UKENMI_ST_TP000143","2022-02-21",-10.7004008869015
"UKENMI_ST_TP000143","2022-02-28",-6.82919971393423
"UKENMI_ST_TP000143","2022-03-07",-7.39406025133393
"UKENMI_ST_TP000143","2022-03-14",-7.69125244644732
"UKENMI_ST_TP000143","2022-03-21",-8.56197211124599
"UKENMI_ST_TP000143","2022-03-28",-8.97367424687953
"UKENMI_ST_TP000143","2022-04-04",-13.3975594752691
"UKENMI_ST_TP000143","2022-04-11",-16.2349339144409
"UKENMI_ST_TP000143","2022-04-18",-26.5026329842623
"UKENMI_ST_TP000143","2022-04-25",-5.78740290530315
"UKENMI_ST_TP000156","2021-05-03",0
"UKENMI_ST_TP000156","2021-05-10",-24.0674288009197
"UKENMI_ST_TP000156","2021-05-17",-22.8773396602331
"UKENMI_ST_TP000156","2021-05-24",-21.6444783587037
"UKENMI_ST_TP000156","2021-05-31",-35.6015874769438
"UKENMI_ST_TP000156","2021-06-07",-22.9196185334241
"UKENMI_ST_TP000156","2021-06-14",-21.0473736744633
"UKENMI_ST_TP000156","2021-06-21",-21.2110832984016
"UKENMI_ST_TP000156","2021-06-28",-22.4737563236346
"UKENMI_ST_TP000156","2021-07-05",-22.363589163178
"UKENMI_ST_TP000156","2021-07-12",-22.8593375923081
"UKENMI_ST_TP000156","2021-07-19",-27.0504635846172
"UKENMI_ST_TP000156","2021-07-26",-30.7824970656265
"UKENMI_ST_TP000156","2021-08-02",-31.8548954079303
"UKENMI_ST_TP000156","2021-08-09",-30.7706592098002
"UKENMI_ST_TP000156","2021-08-16",-30.661322437173
"UKENMI_ST_TP000156","2021-08-23",-30.4290540578016
"UKENMI_ST_TP000156","2021-08-30",-33.7723713731978
"UKENMI_ST_TP000156","2021-09-06",-23.1573707043298
"UKENMI_ST_TP000156","2021-09-13",-22.7613234415447
"UKENMI_ST_TP000156","2021-09-20",-23.0228754092655
"UKENMI_ST_TP000156","2021-09-27",-22.9079257854605
"UKENMI_ST_TP000156","2021-10-04",-23.2901266544387
"UKENMI_ST_TP000156","2021-10-11",-21.8077220599532
"UKENMI_ST_TP000156","2021-10-18",-22.1325359251468
"UKENMI_ST_TP000156","2021-10-25",-29.706565969284
"UKENMI_ST_TP000156","2021-11-01",-23.4560942238636
"UKENMI_ST_TP000156","2021-11-08",-21.0918461775955
"UKENMI_ST_TP000156","2021-11-15",-20.2897627729197
"UKENMI_ST_TP000156","2021-11-22",-20.0991162012642
"UKENMI_ST_TP000156","2021-11-29",-21.548536215163
"UKENMI_ST_TP000156","2021-12-06",-19.9991349012485
"UKENMI_ST_TP000156","2021-12-13",-19.8542704153553
"UKENMI_ST_TP000156","2021-12-20",-30.6113394422971
"UKENMI_ST_TP000156","2021-12-27",-60.7404759733511
"UKENMI_ST_TP000156","2022-01-03",-42.4728114733678
"UKENMI_ST_TP000156","2022-01-10",-23.6956761571488
"UKENMI_ST_TP000156","2022-01-17",-22.1511595776842
"UKENMI_ST_TP000156","2022-01-24",-21.321763986403
"UKENMI_ST_TP000156","2022-01-31",-19.6205096732914
"UKENMI_ST_TP000156","2022-02-07",-19.5437511349163
"UKENMI_ST_TP000156","2022-02-14",-19.3173123255445
"UKENMI_ST_TP000156","2022-02-21",-26.9529243529662
"UKENMI_ST_TP000156","2022-02-28",-20.577369147102
"UKENMI_ST_TP000156","2022-03-07",-17.544699076256
"UKENMI_ST_TP000156","2022-03-14",-17.6221559422322
"UKENMI_ST_TP000156","2022-03-21",-18.1987976602262
"UKENMI_ST_TP000156","2022-03-28",-18.3839584583215
"UKENMI_ST_TP000156","2022-04-04",-18.6077122415806
"UKENMI_ST_TP000156","2022-04-11",-26.4282557674891
"UKENMI_ST_TP000156","2022-04-18",-40.0176749886264
"UKENMI_ST_TP000156","2022-04-25",-18.4543468446407
"UKENMI_ST_TP000163","2021-05-03",0
"UKENMI_ST_TP000163","2021-05-10",-29.8907754027497
"UKENMI_ST_TP000163","2021-05-17",-28.2504502511908
"UKENMI_ST_TP000163","2021-05-24",-26.2744595079647
"UKENMI_ST_TP000163","2021-05-31",-37.1154081768704
"UKENMI_ST_TP000163","2021-06-07",-25.6999681380605
"UKENMI_ST_TP000163","2021-06-14",-24.0227502038406
"UKENMI_ST_TP000163","2021-06-21",-24.9731017643364
"UKENMI_ST_TP000163","2021-06-28",-25.9010464322458
"UKENMI_ST_TP000163","2021-07-05",-26.2090823734406
"UKENMI_ST_TP000163","2021-07-12",-26.0596013068024
"UKENMI_ST_TP000163","2021-07-19",-27.2103317913183
"UKENMI_ST_TP000163","2021-07-26",-28.7822682659984
"UKENMI_ST_TP000163","2021-08-02",-32.6562086873751
"UKENMI_ST_TP000163","2021-08-09",-34.159288604121
"UKENMI_ST_TP000163","2021-08-16",-33.9171093263063
"UKENMI_ST_TP000163","2021-08-23",-34.0374836322724
"UKENMI_ST_TP000163","2021-08-30",-36.2391000861769
"UKENMI_ST_TP000163","2021-09-06",-26.0756427408305
"UKENMI_ST_TP000163","2021-09-13",-26.1010716263273
"UKENMI_ST_TP000163","2021-09-20",-26.4441477625442
"UKENMI_ST_TP000163","2021-09-27",-25.858768889795
"UKENMI_ST_TP000163","2021-10-04",-26.0634292355624
"UKENMI_ST_TP000163","2021-10-11",-24.3357077556929
"UKENMI_ST_TP000163","2021-10-18",-29.6331129552886
"UKENMI_ST_TP000163","2021-10-25",-30.7269595283807
"UKENMI_ST_TP000163","2021-11-01",-24.139934150078
"UKENMI_ST_TP000163","2021-11-08",-20.8204706702813
"UKENMI_ST_TP000163","2021-11-15",-20.0100214332489
"UKENMI_ST_TP000163","2021-11-22",-20.6090955436177
"UKENMI_ST_TP000163","2021-11-29",-20.6471001140329
"UKENMI_ST_TP000163","2021-12-06",-19.6598377630334
"UKENMI_ST_TP000163","2021-12-13",-20.8250797054951
"UKENMI_ST_TP000163","2021-12-20",-31.127766865965
"UKENMI_ST_TP000163","2021-12-27",-62.8818919042293
"UKENMI_ST_TP000163","2022-01-03",-44.4629751699896
"UKENMI_ST_TP000163","2022-01-10",-24.377675532268
"UKENMI_ST_TP000163","2022-01-17",-22.9073429732288
"UKENMI_ST_TP000163","2022-01-24",-22.4831583246904
"UKENMI_ST_TP000163","2022-01-31",-21.1105828252801
"UKENMI_ST_TP000163","2022-02-07",-21.0307867973019
"UKENMI_ST_TP000163","2022-02-14",-27.4119751659249
"UKENMI_ST_TP000163","2022-02-21",-23.5379847045451
"UKENMI_ST_TP000163","2022-02-28",-19.1728416076931
"UKENMI_ST_TP000163","2022-03-07",-18.7061831103473
"UKENMI_ST_TP000163","2022-03-14",-18.580976901731
"UKENMI_ST_TP000163","2022-03-21",-19.0549628155899
"UKENMI_ST_TP000163","2022-03-28",-18.8938522622432
"UKENMI_ST_TP000163","2022-04-04",-25.7308112797148
"UKENMI_ST_TP000163","2022-04-11",-27.9854002797764
"UKENMI_ST_TP000163","2022-04-18",-35.3237849381498
"UKENMI_ST_TP000163","2022-04-25",-18.2715917024641
"UKENMI_ST_TP000164","2021-05-03",0
"UKENMI_ST_TP000164","2021-05-10",-14.3698862564826
"UKENMI_ST_TP000164","2021-05-17",-13.2262720905845
"UKENMI_ST_TP000164","2021-05-24",-11.9658819674833
"UKENMI_ST_TP000164","2021-05-31",-29.128014215286
"UKENMI_ST_TP000164","2021-06-07",-13.1110532468344
"UKENMI_ST_TP000164","2021-06-14",-12.1782644661092
"UKENMI_ST_TP000164","2021-06-21",-12.5765126869071
"UKENMI_ST_TP000164","2021-06-28",-12.9346465065558
"UKENMI_ST_TP000164","2021-07-05",-13.950827773887
"UKENMI_ST_TP000164","2021-07-12",-13.9421658940401
"UKENMI_ST_TP000164","2021-07-19",-18.7078880582826
"UKENMI_ST_TP000164","2021-07-26",-23.7214696975036
"UKENMI_ST_TP000164","2021-08-02",-23.3276049238143
"UKENMI_ST_TP000164","2021-08-09",-22.9839508306239
"UKENMI_ST_TP000164","2021-08-16",-21.7182080237161
"UKENMI_ST_TP000164","2021-08-23",-21.1431640437102
"UKENMI_ST_TP000164","2021-08-30",-26.4969520776771
"UKENMI_ST_TP000164","2021-09-06",-13.2469119402442
"UKENMI_ST_TP000164","2021-09-13",-12.2761535931823
"UKENMI_ST_TP000164","2021-09-20",-13.5460485626341
"UKENMI_ST_TP000164","2021-09-27",-13.1384047800417
"UKENMI_ST_TP000164","2021-10-04",-13.7875334243437
"UKENMI_ST_TP000164","2021-10-11",-13.2053371106665
"UKENMI_ST_TP000164","2021-10-18",-13.0657695268884
"UKENMI_ST_TP000164","2021-10-25",-20.2016330122221
"UKENMI_ST_TP000164","2021-11-01",-15.6886287825154
"UKENMI_ST_TP000164","2021-11-08",-12.5982780553698
"UKENMI_ST_TP000164","2021-11-15",-13.0041331009155
"UKENMI_ST_TP000164","2021-11-22",-12.591918257783
"UKENMI_ST_TP000164","2021-11-29",-14.135645751447
"UKENMI_ST_TP000164","2021-12-06",-12.0795696155184
"UKENMI_ST_TP000164","2021-12-13",-10.7259386594308
"UKENMI_ST_TP000164","2021-12-20",-19.7363656997984
"UKENMI_ST_TP000164","2021-12-27",-59.9964107020733
"UKENMI_ST_TP000164","2022-01-03",-37.6827143243879
"UKENMI_ST_TP000164","2022-01-10",-13.9368375298106
"UKENMI_ST_TP000164","2022-01-17",-12.2896967884507
"UKENMI_ST_TP000164","2022-01-24",-11.6177648088974
"UKENMI_ST_TP000164","2022-01-31",-10.248132201957
"UKENMI_ST_TP000164","2022-02-07",-10.8592896017243
"UKENMI_ST_TP000164","2022-02-14",-10.0226565162639
"UKENMI_ST_TP000164","2022-02-21",-17.6093940612796
"UKENMI_ST_TP000164","2022-02-28",-10.1340691197276
"UKENMI_ST_TP000164","2022-03-07",-8.50393691409672
"UKENMI_ST_TP000164","2022-03-14",-8.45726679603534
"UKENMI_ST_TP000164","2022-03-21",-10.1539660680553
"UKENMI_ST_TP000164","2022-03-28",-9.68354330213441
"UKENMI_ST_TP000164","2022-04-04",-9.3620127518429
"UKENMI_ST_TP000164","2022-04-11",-16.2586669069557
"UKENMI_ST_TP000164","2022-04-18",-34.4157506878343
"UKENMI_ST_TP000164","2022-04-25",-9.89741674790146
"UKENMI_ST_TP000180","2021-05-03",0
"UKENMI_ST_TP000180","2021-05-10",-22.9039020379151
"UKENMI_ST_TP000180","2021-05-17",-21.9898283833172
"UKENMI_ST_TP000180","2021-05-24",-20.9133667907974
"UKENMI_ST_TP000180","2021-05-31",-35.6367318115182
"UKENMI_ST_TP000180","2021-06-07",-21.8321008858182
"UKENMI_ST_TP000180","2021-06-14",-18.4070295582225
"UKENMI_ST_TP000180","2021-06-21",-18.8114872635569
"UKENMI_ST_TP000180","2021-06-28",-20.0616546899852
"UKENMI_ST_TP000180","2021-07-05",-20.6086772501602
"UKENMI_ST_TP000180","2021-07-12",-21.2451225191447
"UKENMI_ST_TP000180","2021-07-19",-24.8893862387912
"UKENMI_ST_TP000180","2021-07-26",-29.2334429990248
"UKENMI_ST_TP000180","2021-08-02",-30.2263582470277
"UKENMI_ST_TP000180","2021-08-09",-29.2629848280369
"UKENMI_ST_TP000180","2021-08-16",-28.6497609263879
"UKENMI_ST_TP000180","2021-08-23",-28.7329981337031
"UKENMI_ST_TP000180","2021-08-30",-33.313368611867
"UKENMI_ST_TP000180","2021-09-06",-20.6165840173236
"UKENMI_ST_TP000180","2021-09-13",-20.2418173900178
"UKENMI_ST_TP000180","2021-09-20",-20.7202513182555
"UKENMI_ST_TP000180","2021-09-27",-20.7929636950683
"UKENMI_ST_TP000180","2021-10-04",-20.8813592893798
"UKENMI_ST_TP000180","2021-10-11",-20.0915804181865
"UKENMI_ST_TP000180","2021-10-18",-19.7728553029907
"UKENMI_ST_TP000180","2021-10-25",-28.4199083235726
"UKENMI_ST_TP000180","2021-11-01",-23.02852907218
"UKENMI_ST_TP000180","2021-11-08",-19.847140910896
"UKENMI_ST_TP000180","2021-11-15",-19.540629295663
"UKENMI_ST_TP000180","2021-11-22",-20.1695038043291
"UKENMI_ST_TP000180","2021-11-29",-21.5340447378115
"UKENMI_ST_TP000180","2021-12-06",-19.324370663406
"UKENMI_ST_TP000180","2021-12-13",-17.9707342833709
"UKENMI_ST_TP000180","2021-12-20",-27.7467936498234
"UKENMI_ST_TP000180","2021-12-27",-64.477382079341
"UKENMI_ST_TP000180","2022-01-03",-42.9507072227712
"UKENMI_ST_TP000180","2022-01-10",-20.8117870869958
"UKENMI_ST_TP000180","2022-01-17",-20.0730284668757
"UKENMI_ST_TP000180","2022-01-24",-18.816402850681
"UKENMI_ST_TP000180","2022-01-31",-18.5143433689634
"UKENMI_ST_TP000180","2022-02-07",-17.8582706255508
"UKENMI_ST_TP000180","2022-02-14",-17.0982589179606
"UKENMI_ST_TP000180","2022-02-21",-24.6501750000101
"UKENMI_ST_TP000180","2022-02-28",-18.5376409845138
"UKENMI_ST_TP000180","2022-03-07",-15.645307372727
"UKENMI_ST_TP000180","2022-03-14",-16.2027956437731
"UKENMI_ST_TP000180","2022-03-21",-17.3606219269119
"UKENMI_ST_TP000180","2022-03-28",-17.1765865055597
"UKENMI_ST_TP000180","2022-04-04",-17.1185041190153
"UKENMI_ST_TP000180","2022-04-11",-23.9171982443561
"UKENMI_ST_TP000180","2022-04-18",-41.6104484424564
"UKENMI_ST_TP000180","2022-04-25",-17.2711639367842
"UKENMI_ST_TP000182","2021-05-03",0
"UKENMI_ST_TP000182","2021-05-10",-21.867066629926
"UKENMI_ST_TP000182","2021-05-17",-20.1534102650228
"UKENMI_ST_TP000182","2021-05-24",-19.0113164893028
"UKENMI_ST_TP000182","2021-05-31",-34.0207720900517
"UKENMI_ST_TP000182","2021-06-07",-21.1623433745501
"UKENMI_ST_TP000182","2021-06-14",-20.0037896760921
"UKENMI_ST_TP000182","2021-06-21",-20.9902627839449
"UKENMI_ST_TP000182","2021-06-28",-22.5431822071395
"UKENMI_ST_TP000182","2021-07-05",-21.7055663210802
"UKENMI_ST_TP000182","2021-07-12",-22.7267133048021
"UKENMI_ST_TP000182","2021-07-19",-26.4514724426863
"UKENMI_ST_TP000182","2021-07-26",-32.5159944050906
"UKENMI_ST_TP000182","2021-08-02",-31.1216286803541
"UKENMI_ST_TP000182","2021-08-09",-31.4125796778676
"UKENMI_ST_TP000182","2021-08-16",-31.1190841232302
"UKENMI_ST_TP000182","2021-08-23",-31.5395129690052
"UKENMI_ST_TP000182","2021-08-30",-33.7102008430907
"UKENMI_ST_TP000182","2021-09-06",-23.2475305688453
"UKENMI_ST_TP000182","2021-09-13",-21.8455040131433
"UKENMI_ST_TP000182","2021-09-20",-23.2738209860024
"UKENMI_ST_TP000182","2021-09-27",-22.7073610908638
"UKENMI_ST_TP000182","2021-10-04",-21.5831471139952
"UKENMI_ST_TP000182","2021-10-11",-19.8581335203987
"UKENMI_ST_TP000182","2021-10-18",-20.6012134695747
"UKENMI_ST_TP000182","2021-10-25",-26.8825358894082
"UKENMI_ST_TP000182","2021-11-01",-21.5807229948291
"UKENMI_ST_TP000182","2021-11-08",-18.1855803231585
"UKENMI_ST_TP000182","2021-11-15",-18.016164727635
"UKENMI_ST_TP000182","2021-11-22",-18.1601737110963
"UKENMI_ST_TP000182","2021-11-29",-18.7276378492876
"UKENMI_ST_TP000182","2021-12-06",-16.7517721827878
"UKENMI_ST_TP000182","2021-12-13",-16.31720067528
"UKENMI_ST_TP000182","2021-12-20",-25.9098169698211
"UKENMI_ST_TP000182","2021-12-27",-63.2016789320232
"UKENMI_ST_TP000182","2022-01-03",-43.3177367462985
"UKENMI_ST_TP000182","2022-01-10",-21.5772674730166
"UKENMI_ST_TP000182","2022-01-17",-19.5923346792349
"UKENMI_ST_TP000182","2022-01-24",-18.7360892069839
"UKENMI_ST_TP000182","2022-01-31",-17.5966740061424
"UKENMI_ST_TP000182","2022-02-07",-18.0118389805244
"UKENMI_ST_TP000182","2022-02-14",-19.094286191766
"UKENMI_ST_TP000182","2022-02-21",-25.5240572893199
"UKENMI_ST_TP000182","2022-02-28",-19.1216422601509
"UKENMI_ST_TP000182","2022-03-07",-17.5868435117233
"UKENMI_ST_TP000182","2022-03-14",-17.9820930415548
"UKENMI_ST_TP000182","2022-03-21",-18.4303254589644
"UKENMI_ST_TP000182","2022-03-28",-20.2551778200138
"UKENMI_ST_TP000182","2022-04-04",-17.6607732464983
"UKENMI_ST_TP000182","2022-04-11",-24.8726918151922
"UKENMI_ST_TP000182","2022-04-18",-40.6528514690114
"UKENMI_ST_TP000182","2022-04-25",-18.5399947208363
"UKENMI_ST_TP000184","2021-05-03",0
"UKENMI_ST_TP000184","2021-05-10",-9.17702627678053
"UKENMI_ST_TP000184","2021-05-17",-6.1824213977192
"UKENMI_ST_TP000184","2021-05-24",-4.18661764921605
"UKENMI_ST_TP000184","2021-05-31",-23.0341691666126
"UKENMI_ST_TP000184","2021-06-07",-7.61159230773805
"UKENMI_ST_TP000184","2021-06-14",-4.32647747212882
"UKENMI_ST_TP000184","2021-06-21",-4.18541874487149
"UKENMI_ST_TP000184","2021-06-28",-5.89970443709113
"UKENMI_ST_TP000184","2021-07-05",-5.9021022766424
"UKENMI_ST_TP000184","2021-07-12",-5.90450009782873
"UKENMI_ST_TP000184","2021-07-19",-10.332472039085
"UKENMI_ST_TP000184","2021-07-26",-17.1788246304574
"UKENMI_ST_TP000184","2021-08-02",-18.8889141667528
"UKENMI_ST_TP000184","2021-08-09",-17.7496537862034
"UKENMI_ST_TP000184","2021-08-16",-15.6127911952053
"UKENMI_ST_TP000184","2021-08-23",-15.6115922995161
"UKENMI_ST_TP000184","2021-08-30",-21.6037992256157
"UKENMI_ST_TP000184","2021-09-06",-7.18421969173347
"UKENMI_ST_TP000184","2021-09-13",-4.76404065774637
"UKENMI_ST_TP000184","2021-09-20",-6.18841596847037
"UKENMI_ST_TP000184","2021-09-27",-4.76284185114108
"UKENMI_ST_TP000184","2021-10-04",-6.61578845269956
"UKENMI_ST_TP000184","2021-10-11",-5.18541867328581
"UKENMI_ST_TP000184","2021-10-18",-6.04435983949312
"UKENMI_ST_TP000184","2021-10-25",-13.0443599657872
"UKENMI_ST_TP000184","2021-11-01",-7.04495940300864
"UKENMI_ST_TP000184","2021-11-08",-4.04675774740916
"UKENMI_ST_TP000184","2021-11-15",-3.04975499990231
"UKENMI_ST_TP000184","2021-11-22",-3.90569896092259
"UKENMI_ST_TP000184","2021-11-29",-5.33367097472503
"UKENMI_ST_TP000184","2021-12-06",-4.18901533593325
"UKENMI_ST_TP000184","2021-12-13",-2.90569895909548
"UKENMI_ST_TP000184","2021-12-20",-13.4705335708649
"UKENMI_ST_TP000184","2021-12-27",-60.7220786702079
"UKENMI_ST_TP000184","2022-01-03",-32.3162866326171
"UKENMI_ST_TP000184","2022-01-10",-5.33007423535005
"UKENMI_ST_TP000184","2022-01-17",-4.75804611737709
"UKENMI_ST_TP000184","2022-01-24",-4.32947467500851
"UKENMI_ST_TP000184","2022-01-31",-2.04495938690414
"UKENMI_ST_TP000184","2022-02-07",-2.33127306810893
"UKENMI_ST_TP000184","2022-02-14",-2.61758674748662
"UKENMI_ST_TP000184","2022-02-21",-10.0497549397595
"UKENMI_ST_TP000184","2022-02-28",-3.189614849402
"UKENMI_ST_TP000184","2022-03-07",-1.04735711304494
"UKENMI_ST_TP000184","2022-03-14",-1.19261209867424
"UKENMI_ST_TP000184","2022-03-21",-2.1938110563334
"UKENMI_ST_TP000184","2022-03-28",-2.7598445526887
"UKENMI_ST_TP000184","2022-04-04",-2.18841590962753
"UKENMI_ST_TP000184","2022-04-11",-9.18541869987272
"UKENMI_ST_TP000184","2022-04-18",-30.8841184830826
"UKENMI_ST_TP000184","2022-04-25",-2.75864551056026
"UKENMI_ST_TP000186","2021-05-03",0
"UKENMI_ST_TP000186","2021-05-10",-16.7141585275347
"UKENMI_ST_TP000186","2021-05-17",-15.1426804945918
"UKENMI_ST_TP000186","2021-05-24",-14.4284089121674
"UKENMI_ST_TP000186","2021-05-31",-29.4284654396122
"UKENMI_ST_TP000186","2021-06-07",-15.9997880220816
"UKENMI_ST_TP000186","2021-06-14",-13.285537637449
"UKENMI_ST_TP000186","2021-06-21",-13.2855023077959
"UKENMI_ST_TP000186","2021-06-28",-14.7141090660204
"UKENMI_ST_TP000186","2021-07-05",-15.5712519231633
"UKENMI_ST_TP000186","2021-07-12",-15.9997950880123
"UKENMI_ST_TP000186","2021-07-19",-17.7141373297429
"UKENMI_ST_TP000186","2021-07-26",-23.8570227363225
"UKENMI_ST_TP000186","2021-08-02",-25.9998304176653
"UKENMI_ST_TP000186","2021-08-09",-25.5711883297878
"UKENMI_ST_TP000186","2021-08-16",-25.8568743517796
"UKENMI_ST_TP000186","2021-08-23",-23.9998233517347
"UKENMI_ST_TP000186","2021-08-30",-27.7141867912572
"UKENMI_ST_TP000186","2021-09-06",-15.4283665165837
"UKENMI_ST_TP000186","2021-09-13",-15.5712095275796
"UKENMI_ST_TP000186","2021-09-20",-16.142623967147
"UKENMI_ST_TP000186","2021-09-27",-16.4282817254163
"UKENMI_ST_TP000186","2021-10-04",-16.4283311869306
"UKENMI_ST_TP000186","2021-10-11",-14.9998233517347
"UKENMI_ST_TP000186","2021-10-18",-14.9998657473184
"UKENMI_ST_TP000186","2021-10-25",-22.7142150549796
"UKENMI_ST_TP000186","2021-11-01",-16.1428076813429
"UKENMI_ST_TP000186","2021-11-08",-13.1427935494816
"UKENMI_ST_TP000186","2021-11-15",-13.5713296484
"UKENMI_ST_TP000186","2021-11-22",-14.9998304176653
"UKENMI_ST_TP000186","2021-11-29",-16.2855588352408
"UKENMI_ST_TP000186","2021-12-06",-14.9998586813878
"UKENMI_ST_TP000186","2021-12-13",-12.8569167473633
"UKENMI_ST_TP000186","2021-12-20",-23.7141443956735
"UKENMI_ST_TP000186","2021-12-27",-59.9999858681388
"UKENMI_ST_TP000186","2022-01-03",-39.1426098352857
"UKENMI_ST_TP000186","2022-01-10",-15.8568602199184
"UKENMI_ST_TP000186","2022-01-17",-15.4283453187919
"UKENMI_ST_TP000186","2022-01-24",-14.1425815715633
"UKENMI_ST_TP000186","2022-01-31",-13.5711741979265
"UKENMI_ST_TP000186","2022-02-07",-12.1426310330776
"UKENMI_ST_TP000186","2022-02-14",-19.8569520770163
"UKENMI_ST_TP000186","2022-02-21",-14.571202461649
"UKENMI_ST_TP000186","2022-02-28",-10.7139182858939
"UKENMI_ST_TP000186","2022-03-07",-9.28550230779593
"UKENMI_ST_TP000186","2022-03-14",-9.85695207701634
"UKENMI_ST_TP000186","2022-03-21",-12.1425533078408
"UKENMI_ST_TP000186","2022-03-28",-12.2854952418653
"UKENMI_ST_TP000186","2022-04-04",-16.7142362527714
"UKENMI_ST_TP000186","2022-04-11",-18.2856506923388
"UKENMI_ST_TP000186","2022-04-18",-29.9998516154572
"UKENMI_ST_TP000186","2022-04-25",-7.14272995610613
"UKENMI_ST_TP000199","2021-05-03",0
"UKENMI_ST_TP000199","2021-05-10",-27.1636392466479
"UKENMI_ST_TP000199","2021-05-17",-26.6232322364543
"UKENMI_ST_TP000199","2021-05-24",-27.2797271557359
"UKENMI_ST_TP000199","2021-05-31",-41.2330366899108
"UKENMI_ST_TP000199","2021-06-07",-27.7285039604092
"UKENMI_ST_TP000199","2021-06-14",-26.6566896153468
"UKENMI_ST_TP000199","2021-06-21",-26.8615221130601
"UKENMI_ST_TP000199","2021-06-28",-28.2677050226368
"UKENMI_ST_TP000199","2021-07-05",-27.9653084535235
"UKENMI_ST_TP000199","2021-07-12",-28.0074689174723
"UKENMI_ST_TP000199","2021-07-19",-31.5291350800969
"UKENMI_ST_TP000199","2021-07-26",-36.1609198487775
"UKENMI_ST_TP000199","2021-08-02",-37.037138197125
"UKENMI_ST_TP000199","2021-08-09",-36.3932902884923
"UKENMI_ST_TP000199","2021-08-16",-35.8325927969434
"UKENMI_ST_TP000199","2021-08-23",-34.9262619089569
"UKENMI_ST_TP000199","2021-08-30",-39.3239224898606
"UKENMI_ST_TP000199","2021-09-06",-29.2379483176935
"UKENMI_ST_TP000199","2021-09-13",-28.1439322302723
"UKENMI_ST_TP000199","2021-09-20",-29.2948959892305
"UKENMI_ST_TP000199","2021-09-27",-28.1646546093922
"UKENMI_ST_TP000199","2021-10-04",-27.9421433813935
"UKENMI_ST_TP000199","2021-10-11",-27.163646800284
"UKENMI_ST_TP000199","2021-10-18",-27.2686989665894
"UKENMI_ST_TP000199","2021-10-25",-35.2621962924502
"UKENMI_ST_TP000199","2021-11-01",-28.872399526556
"UKENMI_ST_TP000199","2021-11-08",-26.9004875886906
"UKENMI_ST_TP000199","2021-11-15",-26.779337909618
"UKENMI_ST_TP000199","2021-11-22",-26.7382742134514
"UKENMI_ST_TP000199","2021-11-29",-27.5350036812966
"UKENMI_ST_TP000199","2021-12-06",-27.7053211697031
"UKENMI_ST_TP000199","2021-12-13",-26.7394333620433
"UKENMI_ST_TP000199","2021-12-20",-35.5587494877411
"UKENMI_ST_TP000199","2021-12-27",-69.8798441116749
"UKENMI_ST_TP000199","2022-01-03",-49.2924778901491
"UKENMI_ST_TP000199","2022-01-10",-28.1460393100964
"UKENMI_ST_TP000199","2022-01-17",-26.8303775064857
"UKENMI_ST_TP000199","2022-01-24",-25.8008482040949
"UKENMI_ST_TP000199","2022-01-31",-25.5639749738165
"UKENMI_ST_TP000199","2022-02-07",-25.0655019945696
"UKENMI_ST_TP000199","2022-02-14",-25.3387784346129
"UKENMI_ST_TP000199","2022-02-21",-31.7225464005356
"UKENMI_ST_TP000199","2022-02-28",-25.9945926347858
"UKENMI_ST_TP000199","2022-03-07",-24.5655205712857
"UKENMI_ST_TP000199","2022-03-14",-25.0943729661937
"UKENMI_ST_TP000199","2022-03-21",-25.7595457431541
"UKENMI_ST_TP000199","2022-03-28",-25.3519077281657
"UKENMI_ST_TP000199","2022-04-04",-25.4327386804753
"UKENMI_ST_TP000199","2022-04-11",-31.4471274435158
"UKENMI_ST_TP000199","2022-04-18",-47.2127922212759
"UKENMI_ST_TP000199","2022-04-25",-24.830823833239
"UKENMI_ST_TP000207","2021-05-03",0
"UKENMI_ST_TP000207","2021-05-10",-18.3941329847987
"UKENMI_ST_TP000207","2021-05-17",-19.072188189178
"UKENMI_ST_TP000207","2021-05-24",-17.9430693979945
"UKENMI_ST_TP000207","2021-05-31",-31.4142280771334
"UKENMI_ST_TP000207","2021-06-07",-18.6466743026088
"UKENMI_ST_TP000207","2021-06-14",-16.690320622219
"UKENMI_ST_TP000207","2021-06-21",-17.446971610783
"UKENMI_ST_TP000207","2021-06-28",-19.2727618864965
"UKENMI_ST_TP000207","2021-07-05",-19.8681376182601
"UKENMI_ST_TP000207","2021-07-12",-19.7102961488553
"UKENMI_ST_TP000207","2021-07-19",-22.9277876353188
"UKENMI_ST_TP000207","2021-07-26",-26.5586273197675
"UKENMI_ST_TP000207","2021-08-02",-26.5423785490489
"UKENMI_ST_TP000207","2021-08-09",-27.6434353443473
"UKENMI_ST_TP000207","2021-08-16",-26.3788446226915
"UKENMI_ST_TP000207","2021-08-23",-26.7649934731932
"UKENMI_ST_TP000207","2021-08-30",-30.9758326346574
"UKENMI_ST_TP000207","2021-09-06",-19.338051816887
"UKENMI_ST_TP000207","2021-09-13",-18.9639630260988
"UKENMI_ST_TP000207","2021-09-20",-19.6941584726324
"UKENMI_ST_TP000207","2021-09-27",-20.6989144102826
"UKENMI_ST_TP000207","2021-10-04",-20.676573705833
"UKENMI_ST_TP000207","2021-10-11",-18.6975288581402
"UKENMI_ST_TP000207","2021-10-18",-19.3107903238221
"UKENMI_ST_TP000207","2021-10-25",-26.0907828626667
"UKENMI_ST_TP000207","2021-11-01",-20.4955229225601
"UKENMI_ST_TP000207","2021-11-08",-17.5219914413337
"UKENMI_ST_TP000207","2021-11-15",-17.3629736206851
"UKENMI_ST_TP000207","2021-11-22",-17.1118200405335
"UKENMI_ST_TP000207","2021-11-29",-19.0571729311923
"UKENMI_ST_TP000207","2021-12-06",-16.8509758664713
"UKENMI_ST_TP000207","2021-12-13",-16.1308988336332
"UKENMI_ST_TP000207","2021-12-20",-24.5899644295315
"UKENMI_ST_TP000207","2021-12-27",-60.6984758843901
"UKENMI_ST_TP000207","2022-01-03",-39.6194030715346
"UKENMI_ST_TP000207","2022-01-10",-19.0662972729577
"UKENMI_ST_TP000207","2022-01-17",-18.9206960200428
"UKENMI_ST_TP000207","2022-01-24",-17.7895736819976
"UKENMI_ST_TP000207","2022-01-31",-17.0063601449916
"UKENMI_ST_TP000207","2022-02-07",-16.5857321271542
"UKENMI_ST_TP000207","2022-02-14",-17.0893944003737
"UKENMI_ST_TP000207","2022-02-21",-23.2189696228382
"UKENMI_ST_TP000207","2022-02-28",-17.8381774889461
"UKENMI_ST_TP000207","2022-03-07",-15.6860678878328
"UKENMI_ST_TP000207","2022-03-14",-15.7820793690121
"UKENMI_ST_TP000207","2022-03-21",-16.755940684174
"UKENMI_ST_TP000207","2022-03-28",-17.1054896710313
"UKENMI_ST_TP000207","2022-04-04",-15.6937153597973
"UKENMI_ST_TP000207","2022-04-11",-21.5812894735122
"UKENMI_ST_TP000207","2022-04-18",-37.6532733092325
"UKENMI_ST_TP000207","2022-04-25",-16.2787680689919
"UKENMI_ST_TP000208","2021-05-03",0
"UKENMI_ST_TP000208","2021-05-10",-20.780488311683
"UKENMI_ST_TP000208","2021-05-17",-18.5264016959086
"UKENMI_ST_TP000208","2021-05-24",-19.2161869293315
"UKENMI_ST_TP000208","2021-05-31",-34.8442478063439
"UKENMI_ST_TP000208","2021-06-07",-21.0443339583753
"UKENMI_ST_TP000208","2021-06-14",-18.3606610614132
"UKENMI_ST_TP000208","2021-06-21",-19.6431114732204
"UKENMI_ST_TP000208","2021-06-28",-20.1917257402039
"UKENMI_ST_TP000208","2021-07-05",-21.5960392479526
"UKENMI_ST_TP000208","2021-07-12",-21.8645853313859
"UKENMI_ST_TP000208","2021-07-19",-26.9791867889054
"UKENMI_ST_TP000208","2021-07-26",-29.0243216406945
"UKENMI_ST_TP000208","2021-08-02",-30.1200306390691
"UKENMI_ST_TP000208","2021-08-09",-30.3035082823995
"UKENMI_ST_TP000208","2021-08-16",-31.009697188871
"UKENMI_ST_TP000208","2021-08-23",-30.1458135243929
"UKENMI_ST_TP000208","2021-08-30",-36.0787793334803
"UKENMI_ST_TP000208","2021-09-06",-21.5924306033204
"UKENMI_ST_TP000208","2021-09-13",-22.0298689011839
"UKENMI_ST_TP000208","2021-09-20",-21.363516355878
"UKENMI_ST_TP000208","2021-09-27",-21.3699361996697
"UKENMI_ST_TP000208","2021-10-04",-21.8060103771837
"UKENMI_ST_TP000208","2021-10-11",-21.3626585174098
"UKENMI_ST_TP000208","2021-10-18",-21.795077113977
"UKENMI_ST_TP000208","2021-10-25",-32.1520220110987
"UKENMI_ST_TP000208","2021-11-01",-24.352610465622
"UKENMI_ST_TP000208","2021-11-08",-20.3961934398226
"UKENMI_ST_TP000208","2021-11-15",-19.6860144288434
"UKENMI_ST_TP000208","2021-11-22",-21.2458156408515
"UKENMI_ST_TP000208","2021-11-29",-20.1716647305949
"UKENMI_ST_TP000208","2021-12-06",-19.7128255659026
"UKENMI_ST_TP000208","2021-12-13",-19.7022983978494
"UKENMI_ST_TP000208","2021-12-20",-30.7502088832618
"UKENMI_ST_TP000208","2021-12-27",-67.731453238518
"UKENMI_ST_TP000208","2022-01-03",-43.5778166525134
"UKENMI_ST_TP000208","2022-01-10",-21.4058969280264
"UKENMI_ST_TP000208","2022-01-17",-20.8146401726317
"UKENMI_ST_TP000208","2022-01-24",-21.2327450328182
"UKENMI_ST_TP000208","2022-01-31",-20.2222193138164
"UKENMI_ST_TP000208","2022-02-07",-19.9341536923216
"UKENMI_ST_TP000208","2022-02-14",-20.5210589072221
"UKENMI_ST_TP000208","2022-02-21",-29.0529884358123
"UKENMI_ST_TP000208","2022-02-28",-21.2260487813135
"UKENMI_ST_TP000208","2022-03-07",-18.6756968007853
"UKENMI_ST_TP000208","2022-03-14",-20.6616204491944
"UKENMI_ST_TP000208","2022-03-21",-21.7406128847982
"UKENMI_ST_TP000208","2022-03-28",-20.9205974470577
"UKENMI_ST_TP000208","2022-04-04",-19.2465155799818
"UKENMI_ST_TP000208","2022-04-11",-26.8994139873724
"UKENMI_ST_TP000208","2022-04-18",-43.3442142100005
"UKENMI_ST_TP000208","2022-04-25",-20.3244221085273
"UKENMI_ST_TP000222","2021-05-03",0
"UKENMI_ST_TP000222","2021-05-10",-23.8699923654306
"UKENMI_ST_TP000222","2021-05-17",-22.7116068458342
"UKENMI_ST_TP000222","2021-05-24",-21.1079838463447
"UKENMI_ST_TP000222","2021-05-31",-30.8608296605115
"UKENMI_ST_TP000222","2021-06-07",-20.0753239367921
"UKENMI_ST_TP000222","2021-06-14",-18.9222387670451
"UKENMI_ST_TP000222","2021-06-21",-19.0012775840241
"UKENMI_ST_TP000222","2021-06-28",-19.0552863598578
"UKENMI_ST_TP000222","2021-07-05",-18.6998430269579
"UKENMI_ST_TP000222","2021-07-12",-25.2139221191484
"UKENMI_ST_TP000222","2021-07-19",-28.587064681336
"UKENMI_ST_TP000222","2021-07-26",-26.2713689131251
"UKENMI_ST_TP000222","2021-08-02",-26.6523067860799
"UKENMI_ST_TP000222","2021-08-09",-26.7581921537298
"UKENMI_ST_TP000222","2021-08-16",-26.9738348165944
"UKENMI_ST_TP000222","2021-08-23",-24.0943032284226
"UKENMI_ST_TP000222","2021-08-30",-26.7715842391029
"UKENMI_ST_TP000222","2021-09-06",-19.3210290635939
"UKENMI_ST_TP000222","2021-09-13",-20.5186061636418
"UKENMI_ST_TP000222","2021-09-20",-20.2782288132986
"UKENMI_ST_TP000222","2021-09-27",-20.3876662222877
"UKENMI_ST_TP000222","2021-10-04",-21.7025877805196
"UKENMI_ST_TP000222","2021-10-11",-20.4655240732112
"UKENMI_ST_TP000222","2021-10-18",-27.3823880366986
"UKENMI_ST_TP000222","2021-10-25",-21.9328321019357
"UKENMI_ST_TP000222","2021-11-01",-19.6941264628551
"UKENMI_ST_TP000222","2021-11-08",-19.583313588994
"UKENMI_ST_TP000222","2021-11-15",-17.5096772410458
"UKENMI_ST_TP000222","2021-11-22",-17.148364125146
"UKENMI_ST_TP000222","2021-11-29",-17.2411266923503
"UKENMI_ST_TP000222","2021-12-06",-15.7334152998474
"UKENMI_ST_TP000222","2021-12-13",-15.6355181816228
"UKENMI_ST_TP000222","2021-12-20",-24.6194017815534
"UKENMI_ST_TP000222","2021-12-27",-58.4863895143826
"UKENMI_ST_TP000222","2022-01-03",-39.4148376260404
"UKENMI_ST_TP000222","2022-01-10",-20.8259221245515
"UKENMI_ST_TP000222","2022-01-17",-19.0776146692185
"UKENMI_ST_TP000222","2022-01-24",-18.5995559884543
"UKENMI_ST_TP000222","2022-01-31",-17.2849594217719
"UKENMI_ST_TP000222","2022-02-07",-16.4654483790748
"UKENMI_ST_TP000222","2022-02-14",-22.6116811909916
"UKENMI_ST_TP000222","2022-02-21",-19.1798276270034
"UKENMI_ST_TP000222","2022-02-28",-16.0050165985318
"UKENMI_ST_TP000222","2022-03-07",-15.7755230046692
"UKENMI_ST_TP000222","2022-03-14",-16.0163363689281
"UKENMI_ST_TP000222","2022-03-21",-16.1035576188355
"UKENMI_ST_TP000222","2022-03-28",-15.5362019883649
"UKENMI_ST_TP000222","2022-04-04",-15.2621948567888
"UKENMI_ST_TP000222","2022-04-11",-21.1705843587329
"UKENMI_ST_TP000222","2022-04-18",-36.0299409919629
"UKENMI_ST_TP000222","2022-04-25",-16.3791509260197
"UKENMI_ST_TP000225","2021-05-03",0
"UKENMI_ST_TP000225","2021-05-10",-30.9535313861088
"UKENMI_ST_TP000225","2021-05-17",-28.8086506343453
"UKENMI_ST_TP000225","2021-05-24",-29.0848226131582
"UKENMI_ST_TP000225","2021-05-31",-39.2415254844017
"UKENMI_ST_TP000225","2021-06-07",-27.9388183694392
"UKENMI_ST_TP000225","2021-06-14",-26.0870086839703
"UKENMI_ST_TP000225","2021-06-21",-27.2298456395738
"UKENMI_ST_TP000225","2021-06-28",-27.7998370403971
"UKENMI_ST_TP000225","2021-07-05",-28.7996923485582
"UKENMI_ST_TP000225","2021-07-12",-27.8037972872298
"UKENMI_ST_TP000225","2021-07-19",-29.9499682256787
"UKENMI_ST_TP000225","2021-07-26",-33.9607355052951
"UKENMI_ST_TP000225","2021-08-02",-34.5230496761018
"UKENMI_ST_TP000225","2021-08-09",-34.2392152756615
"UKENMI_ST_TP000225","2021-08-16",-34.0903713153875
"UKENMI_ST_TP000225","2021-08-23",-34.2321985829498
"UKENMI_ST_TP000225","2021-08-30",-38.5176723208118
"UKENMI_ST_TP000225","2021-09-06",-28.6499232540364
"UKENMI_ST_TP000225","2021-09-13",-28.0738168472082
"UKENMI_ST_TP000225","2021-09-20",-29.0730875327055
"UKENMI_ST_TP000225","2021-09-27",-28.0777065012058
"UKENMI_ST_TP000225","2021-10-04",-28.5067360543845
"UKENMI_ST_TP000225","2021-10-11",-27.7858947336721
"UKENMI_ST_TP000225","2021-10-18",-29.068265005467
"UKENMI_ST_TP000225","2021-10-25",-33.6577759957689
"UKENMI_ST_TP000225","2021-11-01",-28.5063425992566
"UKENMI_ST_TP000225","2021-11-08",-24.2323430289073
"UKENMI_ST_TP000225","2021-11-15",-23.234488180721
"UKENMI_ST_TP000225","2021-11-22",-21.9588227386253
"UKENMI_ST_TP000225","2021-11-29",-21.1092519467367
"UKENMI_ST_TP000225","2021-12-06",-19.6807700271077
"UKENMI_ST_TP000225","2021-12-13",-24.943908031583
"UKENMI_ST_TP000225","2021-12-20",-34.8083298862995
"UKENMI_ST_TP000225","2021-12-27",-66.552602453379
"UKENMI_ST_TP000225","2022-01-03",-45.2479466759448
"UKENMI_ST_TP000225","2022-01-10",-24.812554374407
"UKENMI_ST_TP000225","2022-01-17",-23.2447816799103
"UKENMI_ST_TP000225","2022-01-24",-22.2454206380396
"UKENMI_ST_TP000225","2022-01-31",-21.6726746232758
"UKENMI_ST_TP000225","2022-02-07",-20.8166100535377
"UKENMI_ST_TP000225","2022-02-14",-21.0971879555298
"UKENMI_ST_TP000225","2022-02-21",-28.2470592531361
"UKENMI_ST_TP000225","2022-02-28",-23.3772579288827
"UKENMI_ST_TP000225","2022-03-07",-20.9488614104778
"UKENMI_ST_TP000225","2022-03-14",-20.6747298424317
"UKENMI_ST_TP000225","2022-03-21",-24.5111326688147
"UKENMI_ST_TP000225","2022-03-28",-24.6514122221449
"UKENMI_ST_TP000225","2022-04-04",-23.7970525067386
"UKENMI_ST_TP000225","2022-04-11",-29.5196064207757
"UKENMI_ST_TP000225","2022-04-18",-43.5256050849038
"UKENMI_ST_TP000225","2022-04-25",-21.9413184175107
"UKENMI_ST_TP000241","2021-05-03",0
"UKENMI_ST_TP000241","2021-05-10",-21.3962476561143
"UKENMI_ST_TP000241","2021-05-17",-20.9466327151373
"UKENMI_ST_TP000241","2021-05-24",-19.5452237695035
"UKENMI_ST_TP000241","2021-05-31",-33.5000286966232
"UKENMI_ST_TP000241","2021-06-07",-20.1752868713638
"UKENMI_ST_TP000241","2021-06-14",-17.2987234655626
"UKENMI_ST_TP000241","2021-06-21",-19.9478254011815
"UKENMI_ST_TP000241","2021-06-28",-20.0875744959694
"UKENMI_ST_TP000241","2021-07-05",-21.8685776360473
"UKENMI_ST_TP000241","2021-07-12",-22.130619201793
"UKENMI_ST_TP000241","2021-07-19",-26.9712145533152
"UKENMI_ST_TP000241","2021-07-26",-29.2784511919413
"UKENMI_ST_TP000241","2021-08-02",-30.4414427289947
"UKENMI_ST_TP000241","2021-08-09",-29.8749890048573
"UKENMI_ST_TP000241","2021-08-16",-28.1438148238697
"UKENMI_ST_TP000241","2021-08-23",-28.045438908355
"UKENMI_ST_TP000241","2021-08-30",-32.321203499487
"UKENMI_ST_TP000241","2021-09-06",-21.6459938875496
"UKENMI_ST_TP000241","2021-09-13",-19.3749117454309
"UKENMI_ST_TP000241","2021-09-20",-19.9943598699742
"UKENMI_ST_TP000241","2021-09-27",-20.0951299880203
"UKENMI_ST_TP000241","2021-10-04",-19.9127179023086
"UKENMI_ST_TP000241","2021-10-11",-17.6490048100124
"UKENMI_ST_TP000241","2021-10-18",-17.8074517774776
"UKENMI_ST_TP000241","2021-10-25",-26.5903217167774
"UKENMI_ST_TP000241","2021-11-01",-20.7702910371544
"UKENMI_ST_TP000241","2021-11-08",-16.706154256122
"UKENMI_ST_TP000241","2021-11-15",-15.9667593003489
"UKENMI_ST_TP000241","2021-11-22",-16.2354472399362
"UKENMI_ST_TP000241","2021-11-29",-17.0789156344961
"UKENMI_ST_TP000241","2021-12-06",-16.5311597830361
"UKENMI_ST_TP000241","2021-12-13",-15.2844244740636
"UKENMI_ST_TP000241","2021-12-20",-26.1255472288953
"UKENMI_ST_TP000241","2021-12-27",-63.4079581938689
"UKENMI_ST_TP000241","2022-01-03",-41.2589820804797
"UKENMI_ST_TP000241","2022-01-10",-19.5035670223955
"UKENMI_ST_TP000241","2022-01-17",-18.8555198933957
"UKENMI_ST_TP000241","2022-01-24",-18.4293426673556
"UKENMI_ST_TP000241","2022-01-31",-16.2419557343528
"UKENMI_ST_TP000241","2022-02-07",-16.7923407933758
"UKENMI_ST_TP000241","2022-02-14",-17.153764518452
"UKENMI_ST_TP000241","2022-02-21",-25.6965455226209
"UKENMI_ST_TP000241","2022-02-28",-19.3593219208228
"UKENMI_ST_TP000241","2022-03-07",-16.2840913219671
"UKENMI_ST_TP000241","2022-03-14",-17.6343726664168
"UKENMI_ST_TP000241","2022-03-21",-18.8425107135473
"UKENMI_ST_TP000241","2022-03-28",-17.4836676332308
"UKENMI_ST_TP000241","2022-04-04",-17.4785063437113
"UKENMI_ST_TP000241","2022-04-11",-23.0513228738555
"UKENMI_ST_TP000241","2022-04-18",-40.5622015528272
"UKENMI_ST_TP000241","2022-04-25",-17.4049472714061
"UKENMI_ST_TP000256","2021-05-03",0
"UKENMI_ST_TP000256","2021-05-10",-27.3600596748225
"UKENMI_ST_TP000256","2021-05-17",-27.5101174486356
"UKENMI_ST_TP000256","2021-05-24",-27.2861519369636
"UKENMI_ST_TP000256","2021-05-31",-42.4510113303329
"UKENMI_ST_TP000256","2021-06-07",-31.7882094762978
"UKENMI_ST_TP000256","2021-06-14",-29.8017807928988
"UKENMI_ST_TP000256","2021-06-21",-30.9676838150317
"UKENMI_ST_TP000256","2021-06-28",-31.4852771604893
"UKENMI_ST_TP000256","2021-07-05",-31.4869252313142
"UKENMI_ST_TP000256","2021-07-12",-31.8432369928515
"UKENMI_ST_TP000256","2021-07-19",-34.8124595921494
"UKENMI_ST_TP000256","2021-07-26",-37.8344815534762
"UKENMI_ST_TP000256","2021-08-02",-38.5315192888777
"UKENMI_ST_TP000256","2021-08-09",-38.3573442326282
"UKENMI_ST_TP000256","2021-08-16",-39.0055685610999
"UKENMI_ST_TP000256","2021-08-23",-38.9207043879823
"UKENMI_ST_TP000256","2021-08-30",-41.3669295941301
"UKENMI_ST_TP000256","2021-09-06",-31.9750743868344
"UKENMI_ST_TP000256","2021-09-13",-31.3282980997461
"UKENMI_ST_TP000256","2021-09-20",-32.0791535246968
"UKENMI_ST_TP000256","2021-09-27",-31.2607989105241
"UKENMI_ST_TP000256","2021-10-04",-30.8899552280523
"UKENMI_ST_TP000256","2021-10-11",-29.8710473817305
"UKENMI_ST_TP000256","2021-10-18",-32.3313647295394
"UKENMI_ST_TP000256","2021-10-25",-37.9863954911382
"UKENMI_ST_TP000256","2021-11-01",-32.3462493735257
"UKENMI_ST_TP000256","2021-11-08",-29.4110252063515
"UKENMI_ST_TP000256","2021-11-15",-29.1933551207157
"UKENMI_ST_TP000256","2021-11-22",-29.3670886664895
"UKENMI_ST_TP000256","2021-11-29",-29.7961813633116
"UKENMI_ST_TP000256","2021-12-06",-28.6858288340009
"UKENMI_ST_TP000256","2021-12-13",-29.0075678195238
"UKENMI_ST_TP000256","2021-12-20",-38.2625023807626
"UKENMI_ST_TP000256","2021-12-27",-68.963279919498
"UKENMI_ST_TP000256","2022-01-03",-49.8874986307489
"UKENMI_ST_TP000256","2022-01-10",-32.3286272527571
"UKENMI_ST_TP000256","2022-01-17",-31.1345814220791
"UKENMI_ST_TP000256","2022-01-24",-30.4575308503619
"UKENMI_ST_TP000256","2022-01-31",-28.4711971373863
"UKENMI_ST_TP000256","2022-02-07",-29.238838554795
"UKENMI_ST_TP000256","2022-02-14",-29.3784827298131
"UKENMI_ST_TP000256","2022-02-21",-36.9893292875163
"UKENMI_ST_TP000256","2022-02-28",-30.5872921676748
"UKENMI_ST_TP000256","2022-03-07",-28.4188437839993
"UKENMI_ST_TP000256","2022-03-14",-29.9321782090809
"UKENMI_ST_TP000256","2022-03-21",-30.8882156028397
"UKENMI_ST_TP000256","2022-03-28",-29.5596723353982
"UKENMI_ST_TP000256","2022-04-04",-29.6944830967688
"UKENMI_ST_TP000256","2022-04-11",-35.4067877048079
"UKENMI_ST_TP000256","2022-04-18",-48.2340462476103
"UKENMI_ST_TP000256","2022-04-25",-29.3235082888996
"UKENNE_NU_TP000012","2021-05-03",0
"UKENNE_NU_TP000012","2021-05-10",-16.3049131151934
"UKENNE_NU_TP000012","2021-05-17",-14.810218557691
"UKENNE_NU_TP000012","2021-05-24",-13.5673448647679
"UKENNE_NU_TP000012","2021-05-31",-25.7168616314055
"UKENNE_NU_TP000012","2021-06-07",-12.9862507538976
"UKENNE_NU_TP000012","2021-06-14",-10.8149936148604
"UKENNE_NU_TP000012","2021-06-21",-11.4789305537373
"UKENNE_NU_TP000012","2021-06-28",-13.0457425696055
"UKENNE_NU_TP000012","2021-07-05",-14.0246902341206
"UKENNE_NU_TP000012","2021-07-12",-16.5349162451373
"UKENNE_NU_TP000012","2021-07-19",-23.0361298196463
"UKENNE_NU_TP000012","2021-07-26",-22.8357372115327
"UKENNE_NU_TP000012","2021-08-02",-22.9840885690691
"UKENNE_NU_TP000012","2021-08-09",-21.5764703766732
"UKENNE_NU_TP000012","2021-08-16",-21.355975683204
"UKENNE_NU_TP000012","2021-08-23",-21.0807579197192
"UKENNE_NU_TP000012","2021-08-30",-25.0679540874823
"UKENNE_NU_TP000012","2021-09-06",-13.741360847828
"UKENNE_NU_TP000012","2021-09-13",-13.9310184384884
"UKENNE_NU_TP000012","2021-09-20",-15.0537184045204
"UKENNE_NU_TP000012","2021-09-27",-14.9411823275395
"UKENNE_NU_TP000012","2021-10-04",-15.4130967936335
"UKENNE_NU_TP000012","2021-10-11",-13.9127098993415
"UKENNE_NU_TP000012","2021-10-18",-13.8001452195235
"UKENNE_NU_TP000012","2021-10-25",-21.5592420606519
"UKENNE_NU_TP000012","2021-11-01",-15.3659294723566
"UKENNE_NU_TP000012","2021-11-08",-12.8576821114108
"UKENNE_NU_TP000012","2021-11-15",-12.5310618009117
"UKENNE_NU_TP000012","2021-11-22",-11.764564967717
"UKENNE_NU_TP000012","2021-11-29",-14.3358521994263
"UKENNE_NU_TP000012","2021-12-06",-11.848531660248
"UKENNE_NU_TP000012","2021-12-13",-9.29797930953368
"UKENNE_NU_TP000012","2021-12-20",-19.5241512921074
"UKENNE_NU_TP000012","2021-12-27",-50.7878987818778
"UKENNE_NU_TP000012","2022-01-03",-35.9032135983636
"UKENNE_NU_TP000012","2022-01-10",-17.2635067204858
"UKENNE_NU_TP000012","2022-01-17",-14.043486264205
"UKENNE_NU_TP000012","2022-01-24",-12.2905732694171
"UKENNE_NU_TP000012","2022-01-31",-11.4172992192615
"UKENNE_NU_TP000012","2022-02-07",-10.8317840632919
"UKENNE_NU_TP000012","2022-02-14",-9.74531612765623
"UKENNE_NU_TP000012","2022-02-21",-16.901723865861
"UKENNE_NU_TP000012","2022-02-28",-10.5568656436908
"UKENNE_NU_TP000012","2022-03-07",-7.76795246373779
"UKENNE_NU_TP000012","2022-03-14",-8.1284789804662
"UKENNE_NU_TP000012","2022-03-21",-7.88611443904558
"UKENNE_NU_TP000012","2022-03-28",-7.98021610812837
"UKENNE_NU_TP000012","2022-04-04",-7.25275430564211
"UKENNE_NU_TP000012","2022-04-11",-14.8377429892273
"UKENNE_NU_TP000012","2022-04-18",-30.8532792428199
"UKENNE_NU_TP000012","2022-04-25",-9.75566024398263
"UKENNE_NU_TP000028","2021-05-03",0
"UKENNE_NU_TP000028","2021-05-10",-24.8589715264094
"UKENNE_NU_TP000028","2021-05-17",-24.1972063423704
"UKENNE_NU_TP000028","2021-05-24",-23.4917150033928
"UKENNE_NU_TP000028","2021-05-31",-35.4101740286107
"UKENNE_NU_TP000028","2021-06-07",-23.662689689079
"UKENNE_NU_TP000028","2021-06-14",-21.8588110785738
"UKENNE_NU_TP000028","2021-06-21",-22.6598488229952
"UKENNE_NU_TP000028","2021-06-28",-25.3653438841805
"UKENNE_NU_TP000028","2021-07-05",-26.2659125713866
"UKENNE_NU_TP000028","2021-07-12",-27.2746995022792
"UKENNE_NU_TP000028","2021-07-19",-29.8809081124384
"UKENNE_NU_TP000028","2021-07-26",-32.9267611947319
"UKENNE_NU_TP000028","2021-08-02",-33.1384862442847
"UKENNE_NU_TP000028","2021-08-09",-30.3699666862507
"UKENNE_NU_TP000028","2021-08-16",-29.340698027749
"UKENNE_NU_TP000028","2021-08-23",-29.7664248680288
"UKENNE_NU_TP000028","2021-08-30",-34.7008350043609
"UKENNE_NU_TP000028","2021-09-06",-24.717044266221
"UKENNE_NU_TP000028","2021-09-13",-23.8535082305458
"UKENNE_NU_TP000028","2021-09-20",-24.5794515194702
"UKENNE_NU_TP000028","2021-09-27",-24.066206599417
"UKENNE_NU_TP000028","2021-10-04",-26.120462776412
"UKENNE_NU_TP000028","2021-10-11",-23.4467756850931
"UKENNE_NU_TP000028","2021-10-18",-23.4256284074564
"UKENNE_NU_TP000028","2021-10-25",-29.9311246162124
"UKENNE_NU_TP000028","2021-11-01",-25.6012904025889
"UKENNE_NU_TP000028","2021-11-08",-23.0146680627481
"UKENNE_NU_TP000028","2021-11-15",-22.4955031333405
"UKENNE_NU_TP000028","2021-11-22",-22.8376079678204
"UKENNE_NU_TP000028","2021-11-29",-25.6036915993647
"UKENNE_NU_TP000028","2021-12-06",-22.7063823441474
"UKENNE_NU_TP000028","2021-12-13",-21.0735830340473
"UKENNE_NU_TP000028","2021-12-20",-29.8510239153549
"UKENNE_NU_TP000028","2021-12-27",-60.3993151665369
"UKENNE_NU_TP000028","2022-01-03",-44.3093247751389
"UKENNE_NU_TP000028","2022-01-10",-25.3053724751479
"UKENNE_NU_TP000028","2022-01-17",-23.733189020705
"UKENNE_NU_TP000028","2022-01-24",-22.8390023454078
"UKENNE_NU_TP000028","2022-01-31",-22.2185608896877
"UKENNE_NU_TP000028","2022-02-07",-21.1275463305825
"UKENNE_NU_TP000028","2022-02-14",-20.6041201020493
"UKENNE_NU_TP000028","2022-02-21",-26.1226980406936
"UKENNE_NU_TP000028","2022-02-28",-21.3265085861612
"UKENNE_NU_TP000028","2022-03-07",-18.9568682475639
"UKENNE_NU_TP000028","2022-03-14",-18.9350107534063
"UKENNE_NU_TP000028","2022-03-21",-19.7964000208437
"UKENNE_NU_TP000028","2022-03-28",-19.7643016628816
"UKENNE_NU_TP000028","2022-04-04",-18.8232290306479
"UKENNE_NU_TP000028","2022-04-11",-24.0380654934974
"UKENNE_NU_TP000028","2022-04-18",-40.4257330221752
"UKENNE_NU_TP000028","2022-04-25",-19.1752520708104
"UKENNE_NU_TP000030","2021-05-03",0
"UKENNE_NU_TP000030","2021-05-10",-19.1347133829828
"UKENNE_NU_TP000030","2021-05-17",-17.2806244357928
"UKENNE_NU_TP000030","2021-05-24",-15.9946556575824
"UKENNE_NU_TP000030","2021-05-31",-29.8500170672528
"UKENNE_NU_TP000030","2021-06-07",-16.1395487404082
"UKENNE_NU_TP000030","2021-06-14",-13.2852053007221
"UKENNE_NU_TP000030","2021-06-21",-14.56939263146
"UKENNE_NU_TP000030","2021-06-28",-17.8533254697017
"UKENNE_NU_TP000030","2021-07-05",-18.5665932140032
"UKENNE_NU_TP000030","2021-07-12",-18.9994910150079
"UKENNE_NU_TP000030","2021-07-19",-22.4285714285714
"UKENNE_NU_TP000030","2021-07-26",-25.2801154508007
"UKENNE_NU_TP000030","2021-08-02",-25.7109773118367
"UKENNE_NU_TP000030","2021-08-09",-24.2834238532496
"UKENNE_NU_TP000030","2021-08-16",-24.4219546236735
"UKENNE_NU_TP000030","2021-08-23",-24.2806244357928
"UKENNE_NU_TP000030","2021-08-30",-28.2816424057771
"UKENNE_NU_TP000030","2021-09-06",-16.8533254697017
"UKENNE_NU_TP000030","2021-09-13",-16.5683746614757
"UKENNE_NU_TP000030","2021-09-20",-17.281133420785
"UKENNE_NU_TP000030","2021-09-27",-16.7109773118367
"UKENNE_NU_TP000030","2021-10-04",-17.423736071146
"UKENNE_NU_TP000030","2021-10-11",-15.8502715597489
"UKENNE_NU_TP000030","2021-10-18",-16.2783340033281
"UKENNE_NU_TP000030","2021-10-25",-24.1349678754788
"UKENNE_NU_TP000030","2021-11-01",-17.9936376875981
"UKENNE_NU_TP000030","2021-11-08",-14.7086868793721
"UKENNE_NU_TP000030","2021-11-15",-15.2816424057771
"UKENNE_NU_TP000030","2021-11-22",-14.7112318043328
"UKENNE_NU_TP000030","2021-11-29",-17.9989820300157
"UKENNE_NU_TP000030","2021-12-06",-14.5691381389639
"UKENNE_NU_TP000030","2021-12-13",-14.7107228193407
"UKENNE_NU_TP000030","2021-12-20",-24.4262809961068
"UKENNE_NU_TP000030","2021-12-27",-59.7094503568603
"UKENNE_NU_TP000030","2022-01-03",-40.142348157865
"UKENNE_NU_TP000030","2022-01-10",-17.9992365225118
"UKENNE_NU_TP000030","2022-01-17",-16.28469631573
"UKENNE_NU_TP000030","2022-01-24",-14.9961826125589
"UKENNE_NU_TP000030","2022-01-31",-14.4247540411303
"UKENNE_NU_TP000030","2022-02-07",-13.8538344546939
"UKENNE_NU_TP000030","2022-02-14",-13.5683746614757
"UKENNE_NU_TP000030","2022-02-21",-20.7097048493564
"UKENNE_NU_TP000030","2022-02-28",-13.5678656764835
"UKENNE_NU_TP000030","2022-03-07",-11.2803699432967
"UKENNE_NU_TP000030","2022-03-14",-11.5673566914914
"UKENNE_NU_TP000030","2022-03-21",-13.2806244357928
"UKENNE_NU_TP000030","2022-03-28",-13.8517985147253
"UKENNE_NU_TP000030","2022-04-04",-12.9926197176138
"UKENNE_NU_TP000030","2022-04-11",-18.566084229011
"UKENNE_NU_TP000030","2022-04-18",-36.1403122178964
"UKENNE_NU_TP000030","2022-04-25",-12.5681201689796
"UKENNE_NU_TP000031","2021-05-03",0
"UKENNE_NU_TP000031","2021-05-10",-28.0561956763027
"UKENNE_NU_TP000031","2021-05-17",-26.9989784293579
"UKENNE_NU_TP000031","2021-05-24",-25.9436364423327
"UKENNE_NU_TP000031","2021-05-31",-35.7758199872905
"UKENNE_NU_TP000031","2021-06-07",-24.3831720151477
"UKENNE_NU_TP000031","2021-06-14",-22.5373743672224
"UKENNE_NU_TP000031","2021-06-21",-23.441330169489
"UKENNE_NU_TP000031","2021-06-28",-26.2059161308572
"UKENNE_NU_TP000031","2021-07-05",-26.3124678490764
"UKENNE_NU_TP000031","2021-07-12",-26.5194936163936
"UKENNE_NU_TP000031","2021-07-19",-28.2819926596868
"UKENNE_NU_TP000031","2021-07-26",-30.7394652828052
"UKENNE_NU_TP000031","2021-08-02",-31.2292336493599
"UKENNE_NU_TP000031","2021-08-09",-31.7944109015079
"UKENNE_NU_TP000031","2021-08-16",-31.7810717176613
"UKENNE_NU_TP000031","2021-08-23",-31.6995725182957
"UKENNE_NU_TP000031","2021-08-30",-35.1239355128475
"UKENNE_NU_TP000031","2021-09-06",-25.8075363980223
"UKENNE_NU_TP000031","2021-09-13",-25.2020823387703
"UKENNE_NU_TP000031","2021-09-20",-25.2524775759187
"UKENNE_NU_TP000031","2021-09-27",-24.3383132677915
"UKENNE_NU_TP000031","2021-10-04",-24.7642483167732
"UKENNE_NU_TP000031","2021-10-11",-23.7204672353524
"UKENNE_NU_TP000031","2021-10-18",-23.7172158718285
"UKENNE_NU_TP000031","2021-10-25",-30.2788715893567
"UKENNE_NU_TP000031","2021-11-01",-24.7443402562131
"UKENNE_NU_TP000031","2021-11-08",-21.9461075618364
"UKENNE_NU_TP000031","2021-11-15",-21.5941457059475
"UKENNE_NU_TP000031","2021-11-22",-21.2225018920332
"UKENNE_NU_TP000031","2021-11-29",-23.0002088329739
"UKENNE_NU_TP000031","2021-12-06",-21.3283514881129
"UKENNE_NU_TP000031","2021-12-13",-20.8149319795879
"UKENNE_NU_TP000031","2021-12-20",-29.9578965794575
"UKENNE_NU_TP000031","2021-12-27",-60.898323827731
"UKENNE_NU_TP000031","2022-01-03",-44.2569081791628
"UKENNE_NU_TP000031","2022-01-10",-25.9169322249978
"UKENNE_NU_TP000031","2022-01-17",-23.1750218335249
"UKENNE_NU_TP000031","2022-01-24",-22.3137532143068
"UKENNE_NU_TP000031","2022-01-31",-21.6063006980679
"UKENNE_NU_TP000031","2022-02-07",-21.1134172635589
"UKENNE_NU_TP000031","2022-02-14",-20.5462569144858
"UKENNE_NU_TP000031","2022-02-21",-26.9714186539354
"UKENNE_NU_TP000031","2022-02-28",-21.393303849423
"UKENNE_NU_TP000031","2022-03-07",-18.5416003174594
"UKENNE_NU_TP000031","2022-03-14",-18.8887129563145
"UKENNE_NU_TP000031","2022-03-21",-19.2277287747957
"UKENNE_NU_TP000031","2022-03-28",-19.952010256672
"UKENNE_NU_TP000031","2022-04-04",-19.7608960823223
"UKENNE_NU_TP000031","2022-04-11",-25.596780906955
"UKENNE_NU_TP000031","2022-04-18",-39.6412545553719
"UKENNE_NU_TP000031","2022-04-25",-18.7780731261522
"UKENNE_NU_TP000039","2021-05-03",0
"UKENNE_NU_TP000039","2021-05-10",-17.5912959306925
"UKENNE_NU_TP000039","2021-05-17",-16.5932409855115
"UKENNE_NU_TP000039","2021-05-24",-15.4482096331952
"UKENNE_NU_TP000039","2021-05-31",-28.8695005825093
"UKENNE_NU_TP000039","2021-06-07",-15.4436168533361
"UKENNE_NU_TP000039","2021-06-14",-14.5808031090237
"UKENNE_NU_TP000039","2021-06-21",-15.1522978235696
"UKENNE_NU_TP000039","2021-06-28",-16.0088758727254
"UKENNE_NU_TP000039","2021-07-05",-17.5722818910882
"UKENNE_NU_TP000039","2021-07-12",-20.9900257966458
"UKENNE_NU_TP000039","2021-07-19",-25.9621690169103
"UKENNE_NU_TP000039","2021-07-26",-26.9842510086913
"UKENNE_NU_TP000039","2021-08-02",-26.1409497782372
"UKENNE_NU_TP000039","2021-08-09",-24.4323099249795
"UKENNE_NU_TP000039","2021-08-16",-23.7130943221833
"UKENNE_NU_TP000039","2021-08-23",-23.4240906559498
"UKENNE_NU_TP000039","2021-08-30",-27.4224108675184
"UKENNE_NU_TP000039","2021-09-06",-15.2986271887662
"UKENNE_NU_TP000039","2021-09-13",-16.2872935883481
"UKENNE_NU_TP000039","2021-09-20",-16.0083870276966
"UKENNE_NU_TP000039","2021-09-27",-16.0122562318879
"UKENNE_NU_TP000039","2021-10-04",-16.5830297780723
"UKENNE_NU_TP000039","2021-10-11",-15.584814228675
"UKENNE_NU_TP000039","2021-10-18",-15.8732356639301
"UKENNE_NU_TP000039","2021-10-25",-23.0095659345677
"UKENNE_NU_TP000039","2021-11-01",-19.4363925067396
"UKENNE_NU_TP000039","2021-11-08",-16.7269203624164
"UKENNE_NU_TP000039","2021-11-15",-17.0140317471833
"UKENNE_NU_TP000039","2021-11-22",-17.43994639226
"UKENNE_NU_TP000039","2021-11-29",-20.71608967071
"UKENNE_NU_TP000039","2021-12-06",-17.7194183316693
"UKENNE_NU_TP000039","2021-12-13",-15.1575164818366
"UKENNE_NU_TP000039","2021-12-20",-23.5833253895928
"UKENNE_NU_TP000039","2021-12-27",-55.7227903262952
"UKENNE_NU_TP000039","2022-01-03",-39.8525351847461
"UKENNE_NU_TP000039","2022-01-10",-20.4378372507689
"UKENNE_NU_TP000039","2022-01-17",-16.3108838693538
"UKENNE_NU_TP000039","2022-01-24",-15.4518144555325
"UKENNE_NU_TP000039","2022-01-31",-13.8861856982
"UKENNE_NU_TP000039","2022-02-07",-14.5923510390127
"UKENNE_NU_TP000039","2022-02-14",-13.3126114259094
"UKENNE_NU_TP000039","2022-02-21",-21.1657246652603
"UKENNE_NU_TP000039","2022-02-28",-15.0223438313919
"UKENNE_NU_TP000039","2022-03-07",-12.739253890496
"UKENNE_NU_TP000039","2022-03-14",-13.3079602966989
"UKENNE_NU_TP000039","2022-03-21",-13.4518614622703
"UKENNE_NU_TP000039","2022-03-28",-13.4517301280375
"UKENNE_NU_TP000039","2022-04-04",-13.3081620178911
"UKENNE_NU_TP000039","2022-04-11",-18.5938333500939
"UKENNE_NU_TP000039","2022-04-18",-35.2818703539592
"UKENNE_NU_TP000039","2022-04-25",-14.0100145471542
"UKENNE_NU_TP000046","2021-05-03",0
"UKENNE_NU_TP000046","2021-05-10",-14.7364297111646
"UKENNE_NU_TP000046","2021-05-17",-14.5398480231603
"UKENNE_NU_TP000046","2021-05-24",-13.1174517404873
"UKENNE_NU_TP000046","2021-05-31",-26.0178206189196
"UKENNE_NU_TP000046","2021-06-07",-14.3690477632397
"UKENNE_NU_TP000046","2021-06-14",-13.030689776868
"UKENNE_NU_TP000046","2021-06-21",-13.4820480368862
"UKENNE_NU_TP000046","2021-06-28",-15.7926488588187
"UKENNE_NU_TP000046","2021-07-05",-15.9663197469601
"UKENNE_NU_TP000046","2021-07-12",-18.7449754911538
"UKENNE_NU_TP000046","2021-07-19",-22.4662692589953
"UKENNE_NU_TP000046","2021-07-26",-22.2766726320602
"UKENNE_NU_TP000046","2021-08-02",-23.9394574743865
"UKENNE_NU_TP000046","2021-08-09",-23.0627083350584
"UKENNE_NU_TP000046","2021-08-16",-20.8565000225751
"UKENNE_NU_TP000046","2021-08-23",-21.5449423245689
"UKENNE_NU_TP000046","2021-08-30",-26.0886137315584
"UKENNE_NU_TP000046","2021-09-06",-14.8018186013543
"UKENNE_NU_TP000046","2021-09-13",-14.9322634682063
"UKENNE_NU_TP000046","2021-09-20",-14.819325178768
"UKENNE_NU_TP000046","2021-09-27",-14.9343631729779
"UKENNE_NU_TP000046","2021-10-04",-14.8214248835395
"UKENNE_NU_TP000046","2021-10-11",-12.151446035033
"UKENNE_NU_TP000046","2021-10-18",-12.303596888842
"UKENNE_NU_TP000046","2021-10-25",-19.8924700534761
"UKENNE_NU_TP000046","2021-11-01",-14.5747991937796
"UKENNE_NU_TP000046","2021-11-08",-11.7103383620403
"UKENNE_NU_TP000046","2021-11-15",-13.0967646138122
"UKENNE_NU_TP000046","2021-11-22",-13.084290353599
"UKENNE_NU_TP000046","2021-11-29",-17.4624417547009
"UKENNE_NU_TP000046","2021-12-06",-13.3575923633082
"UKENNE_NU_TP000046","2021-12-13",-12.8037943377096
"UKENNE_NU_TP000046","2021-12-20",-23.1994523162252
"UKENNE_NU_TP000046","2021-12-27",-57.0959317061548
"UKENNE_NU_TP000046","2022-01-03",-39.8796817517571
"UKENNE_NU_TP000046","2022-01-10",-17.6133877956037
"UKENNE_NU_TP000046","2022-01-17",-15.7583446432324
"UKENNE_NU_TP000046","2022-01-24",-12.960977508719
"UKENNE_NU_TP000046","2022-01-31",-12.3824169153184
"UKENNE_NU_TP000046","2022-02-07",-12.0935220803427
"UKENNE_NU_TP000046","2022-02-14",-11.937357769615
"UKENNE_NU_TP000046","2022-02-21",-18.2580852101567
"UKENNE_NU_TP000046","2022-02-28",-11.6711257976697
"UKENNE_NU_TP000046","2022-03-07",-8.41844893042753
"UKENNE_NU_TP000046","2022-03-14",-9.38757320093513
"UKENNE_NU_TP000046","2022-03-21",-10.5469800451324
"UKENNE_NU_TP000046","2022-03-28",-10.9735757373485
"UKENNE_NU_TP000046","2022-04-04",-9.02909006622667
"UKENNE_NU_TP000046","2022-04-11",-15.7031443558601
"UKENNE_NU_TP000046","2022-04-18",-34.7841880555243
"UKENNE_NU_TP000046","2022-04-25",-10.8088266549101
"UKENNE_NU_TP000048","2021-05-03",0
"UKENNE_NU_TP000048","2021-05-10",-23.6944303014478
"UKENNE_NU_TP000048","2021-05-17",-22.7955133724293
"UKENNE_NU_TP000048","2021-05-24",-21.9889120507772
"UKENNE_NU_TP000048","2021-05-31",-34.4087160157335
"UKENNE_NU_TP000048","2021-06-07",-22.3713256756654
"UKENNE_NU_TP000048","2021-06-14",-20.3526305056313
"UKENNE_NU_TP000048","2021-06-21",-21.279010068299
"UKENNE_NU_TP000048","2021-06-28",-24.0856113899511
"UKENNE_NU_TP000048","2021-07-05",-24.7998971042368
"UKENNE_NU_TP000048","2021-07-12",-25.7075814968704
"UKENNE_NU_TP000048","2021-07-19",-28.7768182023952
"UKENNE_NU_TP000048","2021-07-26",-31.7537393005536
"UKENNE_NU_TP000048","2021-08-02",-31.8229760060784
"UKENNE_NU_TP000048","2021-08-09",-29.1966221673516
"UKENNE_NU_TP000048","2021-08-16",-28.3812533820843
"UKENNE_NU_TP000048","2021-08-23",-28.7175092032894
"UKENNE_NU_TP000048","2021-08-30",-33.4361786493826
"UKENNE_NU_TP000048","2021-09-06",-23.2053896309666
"UKENNE_NU_TP000048","2021-09-13",-22.5603406222057
"UKENNE_NU_TP000048","2021-09-20",-23.2746263364914
"UKENNE_NU_TP000048","2021-09-27",-22.7031977650629
"UKENNE_NU_TP000048","2021-10-04",-24.615265889504
"UKENNE_NU_TP000048","2021-10-11",-22.0856113899511
"UKENNE_NU_TP000048","2021-10-18",-22.1548480954759
"UKENNE_NU_TP000048","2021-10-25",-28.8142085424633
"UKENNE_NU_TP000048","2021-11-01",-24.2284685328082
"UKENNE_NU_TP000048","2021-11-08",-21.5416454521717
"UKENNE_NU_TP000048","2021-11-15",-21.1548480954759
"UKENNE_NU_TP000048","2021-11-22",-21.4218672111561
"UKENNE_NU_TP000048","2021-11-29",-24.3482467738238
"UKENNE_NU_TP000048","2021-12-06",-21.279010068299
"UKENNE_NU_TP000048","2021-12-13",-19.9845283189696
"UKENNE_NU_TP000048","2021-12-20",-28.8603663461465
"UKENNE_NU_TP000048","2021-12-27",-60.1933986783479
"UKENNE_NU_TP000048","2022-01-03",-43.4966478912923
"UKENNE_NU_TP000048","2022-01-10",-23.9889120507772
"UKENNE_NU_TP000048","2022-01-17",-22.394404577507
"UKENNE_NU_TP000048","2022-01-24",-21.4680250148393
"UKENNE_NU_TP000048","2022-01-31",-20.7768182023952
"UKENNE_NU_TP000048","2022-02-07",-19.84605490792
"UKENNE_NU_TP000048","2022-02-14",-19.3207841401746
"UKENNE_NU_TP000048","2022-02-21",-25.0263023908453
"UKENNE_NU_TP000048","2022-02-28",-19.9196753452524
"UKENNE_NU_TP000048","2022-03-07",-17.5141828185225
"UKENNE_NU_TP000048","2022-03-14",-17.5603406222057
"UKENNE_NU_TP000048","2022-03-21",-18.5559568903982
"UKENNE_NU_TP000048","2022-03-28",-18.6482724977646
"UKENNE_NU_TP000048","2022-04-04",-17.6713513996062
"UKENNE_NU_TP000048","2022-04-11",-22.8834452479881
"UKENNE_NU_TP000048","2022-04-18",-39.4966478912924
"UKENNE_NU_TP000048","2022-04-25",-17.8416711761125
"UKENNE_NU_TP000051","2021-05-03",0
"UKENNE_NU_TP000051","2021-05-10",-19.5298137239596
"UKENNE_NU_TP000051","2021-05-17",-18.6847264050025
"UKENNE_NU_TP000051","2021-05-24",-17.6709892017202
"UKENNE_NU_TP000051","2021-05-31",-34.9149750989907
"UKENNE_NU_TP000051","2021-06-07",-22.0905193251904
"UKENNE_NU_TP000051","2021-06-14",-20.4949177344509
"UKENNE_NU_TP000051","2021-06-21",-22.3492768120905
"UKENNE_NU_TP000051","2021-06-28",-24.3289947934383
"UKENNE_NU_TP000051","2021-07-05",-24.0644378050173
"UKENNE_NU_TP000051","2021-07-12",-26.0476700466087
"UKENNE_NU_TP000051","2021-07-19",-29.7376819812241
"UKENNE_NU_TP000051","2021-07-26",-30.0589210960747
"UKENNE_NU_TP000051","2021-08-02",-31.7844086960711
"UKENNE_NU_TP000051","2021-08-09",-30.6775311136731
"UKENNE_NU_TP000051","2021-08-16",-29.8088855476679
"UKENNE_NU_TP000051","2021-08-23",-29.2394742464987
"UKENNE_NU_TP000051","2021-08-30",-32.5201181587213
"UKENNE_NU_TP000051","2021-09-06",-21.5346117659705
"UKENNE_NU_TP000051","2021-09-13",-21.6493599705562
"UKENNE_NU_TP000051","2021-09-20",-24.3426876225697
"UKENNE_NU_TP000051","2021-09-27",-22.9195167537735
"UKENNE_NU_TP000051","2021-10-04",-23.6321983126203
"UKENNE_NU_TP000051","2021-10-11",-21.7782188790672
"UKENNE_NU_TP000051","2021-10-18",-22.3602124979613
"UKENNE_NU_TP000051","2021-10-25",-29.2056626670054
"UKENNE_NU_TP000051","2021-11-01",-23.3633970230315
"UKENNE_NU_TP000051","2021-11-08",-20.9483744120281
"UKENNE_NU_TP000051","2021-11-15",-20.9535966809457
"UKENNE_NU_TP000051","2021-11-22",-19.5602363322782
"UKENNE_NU_TP000051","2021-11-29",-21.5486063207282
"UKENNE_NU_TP000051","2021-12-06",-19.5294682328639
"UKENNE_NU_TP000051","2021-12-13",-18.5494100758386
"UKENNE_NU_TP000051","2021-12-20",-27.0217431501823
"UKENNE_NU_TP000051","2021-12-27",-60.6504753256774
"UKENNE_NU_TP000051","2022-01-03",-43.9346612987671
"UKENNE_NU_TP000051","2022-01-10",-23.107004205897
"UKENNE_NU_TP000051","2022-01-17",-21.1290265617994
"UKENNE_NU_TP000051","2022-01-24",-20.1238458253883
"UKENNE_NU_TP000051","2022-01-31",-19.1212325893565
"UKENNE_NU_TP000051","2022-02-07",-19.4032620598074
"UKENNE_NU_TP000051","2022-02-14",-18.8361065750107
"UKENNE_NU_TP000051","2022-02-21",-25.7063845792019
"UKENNE_NU_TP000051","2022-02-28",-19.4073765944322
"UKENNE_NU_TP000051","2022-03-07",-17.6800830357858
"UKENNE_NU_TP000051","2022-03-14",-18.0991404077801
"UKENNE_NU_TP000051","2022-03-21",-19.6720994514751
"UKENNE_NU_TP000051","2022-03-28",-18.2618386228322
"UKENNE_NU_TP000051","2022-04-04",-19.7815155489095
"UKENNE_NU_TP000051","2022-04-11",-23.8457435416709
"UKENNE_NU_TP000051","2022-04-18",-40.3879412894292
"UKENNE_NU_TP000051","2022-04-25",-18.6820343172766
"UKENNE_NU_TP000055","2021-05-03",0
"UKENNE_NU_TP000055","2021-05-10",-24.2812938200124
"UKENNE_NU_TP000055","2021-05-17",-23.4459760320353
"UKENNE_NU_TP000055","2021-05-24",-22.6681144532827
"UKENNE_NU_TP000055","2021-05-31",-34.883655538448
"UKENNE_NU_TP000055","2021-06-07",-23.0121797130971
"UKENNE_NU_TP000055","2021-06-14",-21.0886811109068
"UKENNE_NU_TP000055","2021-06-21",-21.9571741314225
"UKENNE_NU_TP000055","2021-06-28",-24.739582924978
"UKENNE_NU_TP000055","2021-07-05",-25.4622549882758
"UKENNE_NU_TP000055","2021-07-12",-26.3895846942032
"UKENNE_NU_TP000055","2021-07-19",-29.3266208075552
"UKENNE_NU_TP000055","2021-07-26",-32.3058715697839
"UKENNE_NU_TP000055","2021-08-02",-32.3883909022981
"UKENNE_NU_TP000055","2021-08-09",-29.6997143158514
"UKENNE_NU_TP000055","2021-08-16",-28.780869749944
"UKENNE_NU_TP000055","2021-08-23",-29.149888382038
"UKENNE_NU_TP000055","2021-08-30",-33.9645696127842
"UKENNE_NU_TP000055","2021-09-06",-23.8599344558438
"UKENNE_NU_TP000055","2021-09-13",-23.1482585156221
"UKENNE_NU_TP000055","2021-09-20",-23.8812572359323
"UKENNE_NU_TP000055","2021-09-27",-23.2760716801476
"UKENNE_NU_TP000055","2021-10-04",-25.2777458411254
"UKENNE_NU_TP000055","2021-10-11",-22.6614020862202
"UKENNE_NU_TP000055","2021-10-18",-22.7107024084553
"UKENNE_NU_TP000055","2021-10-25",-29.2390077388675
"UKENNE_NU_TP000055","2021-11-01",-24.8229722351019
"UKENNE_NU_TP000055","2021-11-08",-22.1822625397668
"UKENNE_NU_TP000055","2021-11-15",-21.7365833633489
"UKENNE_NU_TP000055","2021-11-22",-22.0697732110998
"UKENNE_NU_TP000055","2021-11-29",-24.9048632875561
"UKENNE_NU_TP000055","2021-12-06",-21.9137985706475
"UKENNE_NU_TP000055","2021-12-13",-20.4587697153351
"UKENNE_NU_TP000055","2021-12-20",-29.2355582131952
"UKENNE_NU_TP000055","2021-12-27",-60.2541390313834
"UKENNE_NU_TP000055","2022-01-03",-43.8526015014003
"UKENNE_NU_TP000055","2022-01-10",-24.5869726674257
"UKENNE_NU_TP000055","2022-01-17",-22.9472261229448
"UKENNE_NU_TP000055","2022-01-24",-22.0654454983174
"UKENNE_NU_TP000055","2022-01-31",-21.3600099243508
"UKENNE_NU_TP000055","2022-02-07",-20.3925237212979
"UKENNE_NU_TP000055","2022-02-14",-19.8643361723681
"UKENNE_NU_TP000055","2022-02-21",-25.4434045144448
"UKENNE_NU_TP000055","2022-02-28",-20.5240307007822
"UKENNE_NU_TP000055","2022-03-07",-18.1209258313013
"UKENNE_NU_TP000055","2022-03-14",-18.1564747581177
"UKENNE_NU_TP000055","2022-03-21",-19.0779371285612
"UKENNE_NU_TP000055","2022-03-28",-19.1177286253877
"UKENNE_NU_TP000055","2022-04-04",-18.1386479696754
"UKENNE_NU_TP000055","2022-04-11",-23.3168097500624
"UKENNE_NU_TP000055","2022-04-18",-39.8351068955188
"UKENNE_NU_TP000055","2022-04-25",-18.3632973739787
"UKENNE_YW_TP000029","2021-05-03",0
"UKENNE_YW_TP000029","2021-05-10",-34.8311088093543
"UKENNE_YW_TP000029","2021-05-17",-32.9789249782826
"UKENNE_YW_TP000029","2021-05-24",-30.9811225973973
"UKENNE_YW_TP000029","2021-05-31",-40.4215603635382
"UKENNE_YW_TP000029","2021-06-07",-29.7066900693097
"UKENNE_YW_TP000029","2021-06-14",-27.56413177149
"UKENNE_YW_TP000029","2021-06-21",-28.27518477582
"UKENNE_YW_TP000029","2021-06-28",-30.2746332027339
"UKENNE_YW_TP000029","2021-07-05",-30.2756396502993
"UKENNE_YW_TP000029","2021-07-12",-30.2816948647261
"UKENNE_YW_TP000029","2021-07-19",-30.1444456640527
"UKENNE_YW_TP000029","2021-07-26",-32.7165155502277
"UKENNE_YW_TP000029","2021-08-02",-35.4266027264333
"UKENNE_YW_TP000029","2021-08-09",-36.283063767927
"UKENNE_YW_TP000029","2021-08-16",-36.7060284734768
"UKENNE_YW_TP000029","2021-08-23",-36.5632674321919
"UKENNE_YW_TP000029","2021-08-30",-40.4190577820138
"UKENNE_YW_TP000029","2021-09-06",-32.130439758651
"UKENNE_YW_TP000029","2021-09-13",-30.8443317489647
"UKENNE_YW_TP000029","2021-09-20",-30.4214102320909
"UKENNE_YW_TP000029","2021-09-27",-29.5621268456714
"UKENNE_YW_TP000029","2021-10-04",-30.1323000000572
"UKENNE_YW_TP000029","2021-10-11",-28.7046557460416
"UKENNE_YW_TP000029","2021-10-18",-28.5651556817925
"UKENNE_YW_TP000029","2021-10-25",-33.7104459942602
"UKENNE_YW_TP000029","2021-11-01",-28.4312965591807
"UKENNE_YW_TP000029","2021-11-08",-24.4348004670118
"UKENNE_YW_TP000029","2021-11-15",-23.440910930806
"UKENNE_YW_TP000029","2021-11-22",-22.7295648014673
"UKENNE_YW_TP000029","2021-11-29",-24.1571065407082
"UKENNE_YW_TP000029","2021-12-06",-25.8574022227129
"UKENNE_YW_TP000029","2021-12-13",-27.9897176215359
"UKENNE_YW_TP000029","2021-12-20",-36.8462343023003
"UKENNE_YW_TP000029","2021-12-27",-66.4294143904547
"UKENNE_YW_TP000029","2022-01-03",-46.4321589433591
"UKENNE_YW_TP000029","2022-01-10",-30.1357455742322
"UKENNE_YW_TP000029","2022-01-17",-27.8521876608852
"UKENNE_YW_TP000029","2022-01-24",-26.569954853038
"UKENNE_YW_TP000029","2022-01-31",-25.9965307842738
"UKENNE_YW_TP000029","2022-02-07",-26.1389881012626
"UKENNE_YW_TP000029","2022-02-14",-25.5697114051083
"UKENNE_YW_TP000029","2022-02-21",-32.426629358293
"UKENNE_YW_TP000029","2022-02-28",-25.7151129961876
"UKENNE_YW_TP000029","2022-03-07",-22.2918289538423
"UKENNE_YW_TP000029","2022-03-14",-22.7209689094643
"UKENNE_YW_TP000029","2022-03-21",-25.1449722210586
"UKENNE_YW_TP000029","2022-03-28",-27.5647197432585
"UKENNE_YW_TP000029","2022-04-04",-25.5668344699431
"UKENNE_YW_TP000029","2022-04-11",-30.4290121853497
"UKENNE_YW_TP000029","2022-04-18",-42.2938092694951
"UKENNE_YW_TP000029","2022-04-25",-22.5772190354511
"UKENNE_YW_TP000054","2021-05-03",0
"UKENNE_YW_TP000054","2021-05-10",-18.4679155990597
"UKENNE_YW_TP000054","2021-05-17",-16.5084219859498
"UKENNE_YW_TP000054","2021-05-24",-15.4799762091754
"UKENNE_YW_TP000054","2021-05-31",-30.648789215571
"UKENNE_YW_TP000054","2021-06-07",-15.7506861786226
"UKENNE_YW_TP000054","2021-06-14",-14.3009783924895
"UKENNE_YW_TP000054","2021-06-21",-14.4660965440044
"UKENNE_YW_TP000054","2021-06-28",-15.0471086029747
"UKENNE_YW_TP000054","2021-07-05",-16.0253837133264
"UKENNE_YW_TP000054","2021-07-12",-16.4377419790284
"UKENNE_YW_TP000054","2021-07-19",-22.9239804577863
"UKENNE_YW_TP000054","2021-07-26",-24.7871855070467
"UKENNE_YW_TP000054","2021-08-02",-26.0634388812183
"UKENNE_YW_TP000054","2021-08-09",-24.8335122330883
"UKENNE_YW_TP000054","2021-08-16",-24.5687275334304
"UKENNE_YW_TP000054","2021-08-23",-24.4336073853808
"UKENNE_YW_TP000054","2021-08-30",-28.3776971717975
"UKENNE_YW_TP000054","2021-09-06",-15.4787356846276
"UKENNE_YW_TP000054","2021-09-13",-15.3365723182398
"UKENNE_YW_TP000054","2021-09-20",-15.6184145984043
"UKENNE_YW_TP000054","2021-09-27",-15.7520386501005
"UKENNE_YW_TP000054","2021-10-04",-16.2979999186221
"UKENNE_YW_TP000054","2021-10-11",-14.5967912358785
"UKENNE_YW_TP000054","2021-10-18",-15.8432460480529
"UKENNE_YW_TP000054","2021-10-25",-23.6573913631473
"UKENNE_YW_TP000054","2021-11-01",-18.0946808127468
"UKENNE_YW_TP000054","2021-11-08",-13.8446619799053
"UKENNE_YW_TP000054","2021-11-15",-14.1176285815818
"UKENNE_YW_TP000054","2021-11-22",-14.5120427513869
"UKENNE_YW_TP000054","2021-11-29",-16.871079258577
"UKENNE_YW_TP000054","2021-12-06",-14.0794697249744
"UKENNE_YW_TP000054","2021-12-13",-13.1247349465495
"UKENNE_YW_TP000054","2021-12-20",-22.8573608636427
"UKENNE_YW_TP000054","2021-12-27",-60.9452131955904
"UKENNE_YW_TP000054","2022-01-03",-39.3315000380472
"UKENNE_YW_TP000054","2022-01-10",-16.8510605358193
"UKENNE_YW_TP000054","2022-01-17",-14.7125273220153
"UKENNE_YW_TP000054","2022-01-24",-13.5869064660012
"UKENNE_YW_TP000054","2022-01-31",-12.0166235945453
"UKENNE_YW_TP000054","2022-02-07",-12.9861105209471
"UKENNE_YW_TP000054","2022-02-14",-13.5794411326932
"UKENNE_YW_TP000054","2022-02-21",-20.1371057247051
"UKENNE_YW_TP000054","2022-02-28",-13.6275931148951
"UKENNE_YW_TP000054","2022-03-07",-11.6674688719454
"UKENNE_YW_TP000054","2022-03-14",-12.3608530653434
"UKENNE_YW_TP000054","2022-03-21",-13.0798271376474
"UKENNE_YW_TP000054","2022-03-28",-12.798307188695
"UKENNE_YW_TP000054","2022-04-04",-12.969682014613
"UKENNE_YW_TP000054","2022-04-11",-17.4792367221761
"UKENNE_YW_TP000054","2022-04-18",-35.1846919670615
"UKENNE_YW_TP000054","2022-04-25",-10.5086123540162
"UKENNE_YW_TP000057","2021-05-03",0
"UKENNE_YW_TP000057","2021-05-10",-28.9522377051912
"UKENNE_YW_TP000057","2021-05-17",-28.2185197122701
"UKENNE_YW_TP000057","2021-05-24",-26.240038890455
"UKENNE_YW_TP000057","2021-05-31",-37.7333127275809
"UKENNE_YW_TP000057","2021-06-07",-25.9774537157407
"UKENNE_YW_TP000057","2021-06-14",-23.8424955730433
"UKENNE_YW_TP000057","2021-06-21",-24.6852126320625
"UKENNE_YW_TP000057","2021-06-28",-25.5459311766975
"UKENNE_YW_TP000057","2021-07-05",-25.8489659778477
"UKENNE_YW_TP000057","2021-07-12",-25.7200172813055
"UKENNE_YW_TP000057","2021-07-19",-29.4651595099261
"UKENNE_YW_TP000057","2021-07-26",-31.6082689827609
"UKENNE_YW_TP000057","2021-08-02",-32.6065718116919
"UKENNE_YW_TP000057","2021-08-09",-33.1474216494657
"UKENNE_YW_TP000057","2021-08-16",-33.5617321290621
"UKENNE_YW_TP000057","2021-08-23",-33.7010686045405
"UKENNE_YW_TP000057","2021-08-30",-35.8791034902829
"UKENNE_YW_TP000057","2021-09-06",-26.1175232450394
"UKENNE_YW_TP000057","2021-09-13",-25.9746027448535
"UKENNE_YW_TP000057","2021-09-20",-26.1209427173962
"UKENNE_YW_TP000057","2021-09-27",-25.9804500899061
"UKENNE_YW_TP000057","2021-10-04",-25.7077767124657
"UKENNE_YW_TP000057","2021-10-11",-24.4186159984976
"UKENNE_YW_TP000057","2021-10-18",-24.2981795471461
"UKENNE_YW_TP000057","2021-10-25",-30.8910101066903
"UKENNE_YW_TP000057","2021-11-01",-25.601494522126
"UKENNE_YW_TP000057","2021-11-08",-22.4428548858179
"UKENNE_YW_TP000057","2021-11-15",-22.3051432445497
"UKENNE_YW_TP000057","2021-11-22",-21.6124932652123
"UKENNE_YW_TP000057","2021-11-29",-26.4288612366698
"UKENNE_YW_TP000057","2021-12-06",-21.0468850907121
"UKENNE_YW_TP000057","2021-12-13",-21.591092007962
"UKENNE_YW_TP000057","2021-12-20",-31.9870553851759
"UKENNE_YW_TP000057","2021-12-27",-63.8135337436094
"UKENNE_YW_TP000057","2022-01-03",-45.3462160519926
"UKENNE_YW_TP000057","2022-01-10",-25.7239213476329
"UKENNE_YW_TP000057","2022-01-17",-23.7161339983479
"UKENNE_YW_TP000057","2022-01-24",-23.1334531255269
"UKENNE_YW_TP000057","2022-01-31",-21.5628058578042
"UKENNE_YW_TP000057","2022-02-07",-21.5758681630185
"UKENNE_YW_TP000057","2022-02-14",-27.3364713424116
"UKENNE_YW_TP000057","2022-02-21",-24.5175874522276
"UKENNE_YW_TP000057","2022-02-28",-19.9106165146514
"UKENNE_YW_TP000057","2022-03-07",-19.1758642073002
"UKENNE_YW_TP000057","2022-03-14",-19.191821144076
"UKENNE_YW_TP000057","2022-03-21",-20.047922824411
"UKENNE_YW_TP000057","2022-03-28",-19.9023251030001
"UKENNE_YW_TP000057","2022-04-04",-25.5027935511459
"UKENNE_YW_TP000057","2022-04-11",-28.116463677474
"UKENNE_YW_TP000057","2022-04-18",-36.5733095547629
"UKENNE_YW_TP000057","2022-04-25",-17.4824007852282
"UKENNE_YW_TP000063","2021-05-03",0
"UKENNE_YW_TP000063","2021-05-10",-21.7803498132042
"UKENNE_YW_TP000063","2021-05-17",-20.0106202156701
"UKENNE_YW_TP000063","2021-05-24",-19.8111754956378
"UKENNE_YW_TP000063","2021-05-31",-32.2617553001089
"UKENNE_YW_TP000063","2021-06-07",-19.6445743295452
"UKENNE_YW_TP000063","2021-06-14",-17.9022944323923
"UKENNE_YW_TP000063","2021-06-21",-18.0731058821943
"UKENNE_YW_TP000063","2021-06-28",-20.1943905564473
"UKENNE_YW_TP000063","2021-07-05",-20.4808992678963
"UKENNE_YW_TP000063","2021-07-12",-21.2744976013619
"UKENNE_YW_TP000063","2021-07-19",-22.4215139095439
"UKENNE_YW_TP000063","2021-07-26",-25.2277938107682
"UKENNE_YW_TP000063","2021-08-02",-27.3883847017511
"UKENNE_YW_TP000063","2021-08-09",-27.9997701845976
"UKENNE_YW_TP000063","2021-08-16",-26.9904529915663
"UKENNE_YW_TP000063","2021-08-23",-26.7066035960647
"UKENNE_YW_TP000063","2021-08-30",-31.7461954666475
"UKENNE_YW_TP000063","2021-09-06",-21.7016438474718
"UKENNE_YW_TP000063","2021-09-13",-19.4751722895618
"UKENNE_YW_TP000063","2021-09-20",-20.412023432395
"UKENNE_YW_TP000063","2021-09-27",-20.0674253021782
"UKENNE_YW_TP000063","2021-10-04",-20.1689958756438
"UKENNE_YW_TP000063","2021-10-11",-19.196890368705
"UKENNE_YW_TP000063","2021-10-18",-19.8972288364601
"UKENNE_YW_TP000063","2021-10-25",-26.3314255613449
"UKENNE_YW_TP000063","2021-11-01",-21.7569220694973
"UKENNE_YW_TP000063","2021-11-08",-18.7236123474491
"UKENNE_YW_TP000063","2021-11-15",-18.2968659331679
"UKENNE_YW_TP000063","2021-11-22",-18.3827041217351
"UKENNE_YW_TP000063","2021-11-29",-19.5622449764776
"UKENNE_YW_TP000063","2021-12-06",-17.7279571119582
"UKENNE_YW_TP000063","2021-12-13",-16.759351380157
"UKENNE_YW_TP000063","2021-12-20",-25.0554268630233
"UKENNE_YW_TP000063","2021-12-27",-61.2847232082184
"UKENNE_YW_TP000063","2022-01-03",-41.304911289894
"UKENNE_YW_TP000063","2022-01-10",-20.7015778760549
"UKENNE_YW_TP000063","2022-01-17",-19.0127067805339
"UKENNE_YW_TP000063","2022-01-24",-17.7730593711531
"UKENNE_YW_TP000063","2022-01-31",-16.586435784608
"UKENNE_YW_TP000063","2022-02-07",-16.7560172662423
"UKENNE_YW_TP000063","2022-02-14",-17.5350533690935
"UKENNE_YW_TP000063","2022-02-21",-24.1445320935898
"UKENNE_YW_TP000063","2022-02-28",-18.1105675115354
"UKENNE_YW_TP000063","2022-03-07",-15.910215996033
"UKENNE_YW_TP000063","2022-03-14",-16.3103975752267
"UKENNE_YW_TP000063","2022-03-21",-17.2818482221594
"UKENNE_YW_TP000063","2022-03-28",-17.0713452119686
"UKENNE_YW_TP000063","2022-04-04",-16.76808241245
"UKENNE_YW_TP000063","2022-04-11",-21.4962202136411
"UKENNE_YW_TP000063","2022-04-18",-37.3316508465663
"UKENNE_YW_TP000063","2022-04-25",-15.6284016821479
"UKENNE_YW_TP000082","2021-05-03",0
"UKENNE_YW_TP000082","2021-05-10",-24.0135243966374
"UKENNE_YW_TP000082","2021-05-17",-23.1415446381138
"UKENNE_YW_TP000082","2021-05-24",-22.0593531736591
"UKENNE_YW_TP000082","2021-05-31",-35.5672033601576
"UKENNE_YW_TP000082","2021-06-07",-23.4539004871596
"UKENNE_YW_TP000082","2021-06-14",-20.6790720828139
"UKENNE_YW_TP000082","2021-06-21",-21.7532325539577
"UKENNE_YW_TP000082","2021-06-28",-21.9516605408142
"UKENNE_YW_TP000082","2021-07-05",-22.366858371132
"UKENNE_YW_TP000082","2021-07-12",-23.0388238513295
"UKENNE_YW_TP000082","2021-07-19",-26.5158610506
"UKENNE_YW_TP000082","2021-07-26",-28.9260995918399
"UKENNE_YW_TP000082","2021-08-02",-30.6960773446127
"UKENNE_YW_TP000082","2021-08-09",-30.6607027350089
"UKENNE_YW_TP000082","2021-08-16",-30.8022159753721
"UKENNE_YW_TP000082","2021-08-23",-30.3886098180879
"UKENNE_YW_TP000082","2021-08-30",-34.7905516569306
"UKENNE_YW_TP000082","2021-09-06",-24.3524954845745
"UKENNE_YW_TP000082","2021-09-13",-22.7665935952286
"UKENNE_YW_TP000082","2021-09-20",-23.066547779158
"UKENNE_YW_TP000082","2021-09-27",-23.3723078197253
"UKENNE_YW_TP000082","2021-10-04",-23.475282969088
"UKENNE_YW_TP000082","2021-10-11",-22.6310271383927
"UKENNE_YW_TP000082","2021-10-18",-23.5909081374866
"UKENNE_YW_TP000082","2021-10-25",-30.2876692776728
"UKENNE_YW_TP000082","2021-11-01",-24.8114511547624
"UKENNE_YW_TP000082","2021-11-08",-22.6865633157734
"UKENNE_YW_TP000082","2021-11-15",-21.7425049186548
"UKENNE_YW_TP000082","2021-11-22",-22.0894818859373
"UKENNE_YW_TP000082","2021-11-29",-24.6830344570586
"UKENNE_YW_TP000082","2021-12-06",-21.1713151484926
"UKENNE_YW_TP000082","2021-12-13",-20.0614254535548
"UKENNE_YW_TP000082","2021-12-20",-29.1177360214637
"UKENNE_YW_TP000082","2021-12-27",-61.2528323157243
"UKENNE_YW_TP000082","2022-01-03",-42.4299588346882
"UKENNE_YW_TP000082","2022-01-10",-24.2659160368623
"UKENNE_YW_TP000082","2022-01-17",-22.5777733404993
"UKENNE_YW_TP000082","2022-01-24",-21.8499910396175
"UKENNE_YW_TP000082","2022-01-31",-20.2797869700499
"UKENNE_YW_TP000082","2022-02-07",-20.3194211930047
"UKENNE_YW_TP000082","2022-02-14",-20.2031918460216
"UKENNE_YW_TP000082","2022-02-21",-28.7425138879282
"UKENNE_YW_TP000082","2022-02-28",-21.6802672996201
"UKENNE_YW_TP000082","2022-03-07",-19.6119234482422
"UKENNE_YW_TP000082","2022-03-14",-20.0138688747943
"UKENNE_YW_TP000082","2022-03-21",-21.1158672928357
"UKENNE_YW_TP000082","2022-03-28",-21.0277290448538
"UKENNE_YW_TP000082","2022-04-04",-21.0704348397722
"UKENNE_YW_TP000082","2022-04-11",-25.5580893752551
"UKENNE_YW_TP000082","2022-04-18",-39.7722635877001
"UKENNE_YW_TP000082","2022-04-25",-19.4646729405635
"UKENNE_YW_TP000086","2021-05-03",0
"UKENNE_YW_TP000086","2021-05-10",-18.2081664964789
"UKENNE_YW_TP000086","2021-05-17",-16.8079482039302
"UKENNE_YW_TP000086","2021-05-24",-15.789359719841
"UKENNE_YW_TP000086","2021-05-31",-32.8064369115085
"UKENNE_YW_TP000086","2021-06-07",-19.4289954396272
"UKENNE_YW_TP000086","2021-06-14",-16.7229565837607
"UKENNE_YW_TP000086","2021-06-21",-17.7165686644028
"UKENNE_YW_TP000086","2021-06-28",-18.5368771687533
"UKENNE_YW_TP000086","2021-07-05",-19.0979650825221
"UKENNE_YW_TP000086","2021-07-12",-18.8697685034611
"UKENNE_YW_TP000086","2021-07-19",-21.2562265565654
"UKENNE_YW_TP000086","2021-07-26",-25.4176098398528
"UKENNE_YW_TP000086","2021-08-02",-27.811200714402
"UKENNE_YW_TP000086","2021-08-09",-27.2689377694893
"UKENNE_YW_TP000086","2021-08-16",-26.6074038315793
"UKENNE_YW_TP000086","2021-08-23",-27.2463950699364
"UKENNE_YW_TP000086","2021-08-30",-31.6805425409801
"UKENNE_YW_TP000086","2021-09-06",-19.7783778839295
"UKENNE_YW_TP000086","2021-09-13",-17.6694523271574
"UKENNE_YW_TP000086","2021-09-20",-19.1422329543321
"UKENNE_YW_TP000086","2021-09-27",-18.8970708629184
"UKENNE_YW_TP000086","2021-10-04",-19.1798797380668
"UKENNE_YW_TP000086","2021-10-11",-18.0521279276076
"UKENNE_YW_TP000086","2021-10-18",-19.5803314502473
"UKENNE_YW_TP000086","2021-10-25",-26.592297583399
"UKENNE_YW_TP000086","2021-11-01",-21.5546493298254
"UKENNE_YW_TP000086","2021-11-08",-17.6734027467118
"UKENNE_YW_TP000086","2021-11-15",-17.879058273744
"UKENNE_YW_TP000086","2021-11-22",-17.6450497507921
"UKENNE_YW_TP000086","2021-11-29",-21.0237715267959
"UKENNE_YW_TP000086","2021-12-06",-17.0500331164193
"UKENNE_YW_TP000086","2021-12-13",-16.161867045404
"UKENNE_YW_TP000086","2021-12-20",-26.7650688667279
"UKENNE_YW_TP000086","2021-12-27",-64.3192794842591
"UKENNE_YW_TP000086","2022-01-03",-42.4928829814765
"UKENNE_YW_TP000086","2022-01-10",-20.3132075094785
"UKENNE_YW_TP000086","2022-01-17",-18.4552524576619
"UKENNE_YW_TP000086","2022-01-24",-17.7409666325649
"UKENNE_YW_TP000086","2022-01-31",-17.1027261902967
"UKENNE_YW_TP000086","2022-02-07",-16.567086437907
"UKENNE_YW_TP000086","2022-02-14",-16.2879959436776
"UKENNE_YW_TP000086","2022-02-21",-25.532345471369
"UKENNE_YW_TP000086","2022-02-28",-17.9919409334298
"UKENNE_YW_TP000086","2022-03-07",-15.0643296590356
"UKENNE_YW_TP000086","2022-03-14",-15.759791416413
"UKENNE_YW_TP000086","2022-03-21",-16.5051013199044
"UKENNE_YW_TP000086","2022-03-28",-16.7653671337742
"UKENNE_YW_TP000086","2022-04-04",-15.4054670691605
"UKENNE_YW_TP000086","2022-04-11",-21.8610481214514
"UKENNE_YW_TP000086","2022-04-18",-38.229772283781
"UKENNE_YW_TP000086","2022-04-25",-15.0829190881989
"UKENNE_YW_TP000094","2021-05-03",0
"UKENNE_YW_TP000094","2021-05-10",-20.6731593875789
"UKENNE_YW_TP000094","2021-05-17",-18.8222299920421
"UKENNE_YW_TP000094","2021-05-24",-16.4144367891029
"UKENNE_YW_TP000094","2021-05-31",-28.7720635093921
"UKENNE_YW_TP000094","2021-06-07",-14.0766024900573
"UKENNE_YW_TP000094","2021-06-14",-12.6294943348899
"UKENNE_YW_TP000094","2021-06-21",-12.5031056266126
"UKENNE_YW_TP000094","2021-06-28",-13.7827356342848
"UKENNE_YW_TP000094","2021-07-05",-14.2134966188821
"UKENNE_YW_TP000094","2021-07-12",-13.787167070973
"UKENNE_YW_TP000094","2021-07-19",-16.6362805366809
"UKENNE_YW_TP000094","2021-07-26",-20.4992626981971
"UKENNE_YW_TP000094","2021-08-02",-23.4905956842297
"UKENNE_YW_TP000094","2021-08-09",-23.2007624848081
"UKENNE_YW_TP000094","2021-08-16",-22.6272830261705
"UKENNE_YW_TP000094","2021-08-23",-22.7783567355899
"UKENNE_YW_TP000094","2021-08-30",-27.6292404128971
"UKENNE_YW_TP000094","2021-09-06",-16.6149822582667
"UKENNE_YW_TP000094","2021-09-13",-14.4724678664265
"UKENNE_YW_TP000094","2021-09-20",-14.3542044892326
"UKENNE_YW_TP000094","2021-09-27",-13.9276508076865
"UKENNE_YW_TP000094","2021-10-04",-14.635749050731
"UKENNE_YW_TP000094","2021-10-11",-13.3520820160206
"UKENNE_YW_TP000094","2021-10-18",-14.2194406886366
"UKENNE_YW_TP000094","2021-10-25",-22.7681353236202
"UKENNE_YW_TP000094","2021-11-01",-17.4865110367246
"UKENNE_YW_TP000094","2021-11-08",-13.4866509025806
"UKENNE_YW_TP000094","2021-11-15",-13.4907055999438
"UKENNE_YW_TP000094","2021-11-22",-13.9090420677837
"UKENNE_YW_TP000094","2021-11-29",-16.7744808287767
"UKENNE_YW_TP000094","2021-12-06",-13.4784740949851
"UKENNE_YW_TP000094","2021-12-13",-12.1989928369558
"UKENNE_YW_TP000094","2021-12-20",-22.2088717758026
"UKENNE_YW_TP000094","2021-12-27",-62.1774119538763
"UKENNE_YW_TP000094","2022-01-03",-39.1923813686891
"UKENNE_YW_TP000094","2022-01-10",-16.3417610470569
"UKENNE_YW_TP000094","2022-01-17",-13.7805667311619
"UKENNE_YW_TP000094","2022-01-24",-13.0662189806635
"UKENNE_YW_TP000094","2022-01-31",-11.9314881584652
"UKENNE_YW_TP000094","2022-02-07",-11.500949146233
"UKENNE_YW_TP000094","2022-02-14",-11.0745962734484
"UKENNE_YW_TP000094","2022-02-21",-19.7968417266392
"UKENNE_YW_TP000094","2022-02-28",-12.6479344746936
"UKENNE_YW_TP000094","2022-03-07",-10.6336945918542
"UKENNE_YW_TP000094","2022-03-14",-11.2072620125319
"UKENNE_YW_TP000094","2022-03-21",-12.3439335218476
"UKENNE_YW_TP000094","2022-03-28",-12.6295777937409
"UKENNE_YW_TP000094","2022-04-04",-11.9049898741239
"UKENNE_YW_TP000094","2022-04-11",-18.0538911087525
"UKENNE_YW_TP000094","2022-04-18",-37.0165922668303
"UKENNE_YW_TP000094","2022-04-25",-12.0416949052493
"UKENNE_YW_TP000095","2021-05-03",0
"UKENNE_YW_TP000095","2021-05-10",-17.6026901720224
"UKENNE_YW_TP000095","2021-05-17",-16.5236641944639
"UKENNE_YW_TP000095","2021-05-24",-15.4754638294621
"UKENNE_YW_TP000095","2021-05-31",-28.999128023926
"UKENNE_YW_TP000095","2021-06-07",-15.9357328466644
"UKENNE_YW_TP000095","2021-06-14",-12.9517996349983
"UKENNE_YW_TP000095","2021-06-21",-13.8567068691059
"UKENNE_YW_TP000095","2021-06-28",-15.1428571428571
"UKENNE_YW_TP000095","2021-07-05",-14.9517996349983
"UKENNE_YW_TP000095","2021-07-12",-16.5870593717255
"UKENNE_YW_TP000095","2021-07-19",-18.2696474973804
"UKENNE_YW_TP000095","2021-07-26",-23.6352597367272
"UKENNE_YW_TP000095","2021-08-02",-26.8419480448829
"UKENNE_YW_TP000095","2021-08-09",-25.8892764338107
"UKENNE_YW_TP000095","2021-08-16",-24.333478662679
"UKENNE_YW_TP000095","2021-08-23",-23.7933116918442
"UKENNE_YW_TP000095","2021-08-30",-29.9361688347014
"UKENNE_YW_TP000095","2021-09-06",-19.0160667883339
"UKENNE_YW_TP000095","2021-09-13",-16.2696474973804
"UKENNE_YW_TP000095","2021-09-20",-16.6982189259518
"UKENNE_YW_TP000095","2021-09-27",-16.2062523201188
"UKENNE_YW_TP000095","2021-10-04",-16.3013450860112
"UKENNE_YW_TP000095","2021-10-11",-16.1272263425602
"UKENNE_YW_TP000095","2021-10-18",-15.9044712460706
"UKENNE_YW_TP000095","2021-10-25",-22.4276994524974
"UKENNE_YW_TP000095","2021-11-01",-17.0942207898184
"UKENNE_YW_TP000095","2021-11-08",-14.5861873956515
"UKENNE_YW_TP000095","2021-11-15",-13.9192300702935
"UKENNE_YW_TP000095","2021-11-22",-14.0937848017814
"UKENNE_YW_TP000095","2021-11-29",-14.998256047852
"UKENNE_YW_TP000095","2021-12-06",-13.7286085504716
"UKENNE_YW_TP000095","2021-12-13",-12.6812801615439
"UKENNE_YW_TP000095","2021-12-20",-22.998692035889
"UKENNE_YW_TP000095","2021-12-27",-61.7611781151764
"UKENNE_YW_TP000095","2022-01-03",-39.2053803440448
"UKENNE_YW_TP000095","2022-01-10",-16.4589610530913
"UKENNE_YW_TP000095","2022-01-17",-14.8719016813658
"UKENNE_YW_TP000095","2022-01-24",-13.6812801615439
"UKENNE_YW_TP000095","2022-01-31",-13.1893135557109
"UKENNE_YW_TP000095","2022-02-07",-12.332170698568
"UKENNE_YW_TP000095","2022-02-14",-12.8080705160672
"UKENNE_YW_TP000095","2022-02-21",-19.9509276589243
"UKENNE_YW_TP000095","2022-02-28",-13.840204092735
"UKENNE_YW_TP000095","2022-03-07",-11.6973469498778
"UKENNE_YW_TP000095","2022-03-14",-11.8241373044011
"UKENNE_YW_TP000095","2022-03-21",-12.7290445385086
"UKENNE_YW_TP000095","2022-03-28",-12.2049443560078
"UKENNE_YW_TP000095","2022-04-04",-11.332170698568
"UKENNE_YW_TP000095","2022-04-11",-16.6491465848761
"UKENNE_YW_TP000095","2022-04-18",-35.3803710635697
"UKENNE_YW_TP000095","2022-04-25",-11.5227922183899
"UKENNE_YW_TP000096","2021-05-03",0
"UKENNE_YW_TP000096","2021-05-10",-23.5079838983114
"UKENNE_YW_TP000096","2021-05-17",-22.7455235099034
"UKENNE_YW_TP000096","2021-05-24",-21.849409310682
"UKENNE_YW_TP000096","2021-05-31",-35.8879370895375
"UKENNE_YW_TP000096","2021-06-07",-23.6771876164104
"UKENNE_YW_TP000096","2021-06-14",-20.810981387808
"UKENNE_YW_TP000096","2021-06-21",-21.9255015674356
"UKENNE_YW_TP000096","2021-06-28",-22.0783230747251
"UKENNE_YW_TP000096","2021-07-05",-22.5164450591496
"UKENNE_YW_TP000096","2021-07-12",-23.2774577270426
"UKENNE_YW_TP000096","2021-07-19",-26.8972634578784
"UKENNE_YW_TP000096","2021-07-26",-29.2787677506548
"UKENNE_YW_TP000096","2021-08-02",-30.9644532542522
"UKENNE_YW_TP000096","2021-08-09",-30.8396517421812
"UKENNE_YW_TP000096","2021-08-16",-30.8485507198544
"UKENNE_YW_TP000096","2021-08-23",-30.5436084766446
"UKENNE_YW_TP000096","2021-08-30",-34.8207244057724
"UKENNE_YW_TP000096","2021-09-06",-24.4199046202353
"UKENNE_YW_TP000096","2021-09-13",-22.763652767081
"UKENNE_YW_TP000096","2021-09-20",-23.1922849578263
"UKENNE_YW_TP000096","2021-09-27",-23.5823674507726
"UKENNE_YW_TP000096","2021-10-04",-23.8390490304053
"UKENNE_YW_TP000096","2021-10-11",-22.8775331880903
"UKENNE_YW_TP000096","2021-10-18",-23.9158216515346
"UKENNE_YW_TP000096","2021-10-25",-30.7919513882347
"UKENNE_YW_TP000096","2021-11-01",-25.2108103814254
"UKENNE_YW_TP000096","2021-11-08",-23.1629350331564
"UKENNE_YW_TP000096","2021-11-15",-22.2017515373288
"UKENNE_YW_TP000096","2021-11-22",-22.6771490237572
"UKENNE_YW_TP000096","2021-11-29",-25.2872145776727
"UKENNE_YW_TP000096","2021-12-06",-21.6391858651789
"UKENNE_YW_TP000096","2021-12-13",-20.4389567893292
"UKENNE_YW_TP000096","2021-12-20",-29.5067268011727
"UKENNE_YW_TP000096","2021-12-27",-61.4826515373963
"UKENNE_YW_TP000096","2022-01-03",-42.7187386505331
"UKENNE_YW_TP000096","2022-01-10",-24.6304092059322
"UKENNE_YW_TP000096","2022-01-17",-22.9349250269221
"UKENNE_YW_TP000096","2022-01-24",-22.2297737962287
"UKENNE_YW_TP000096","2022-01-31",-20.696588304547
"UKENNE_YW_TP000096","2022-02-07",-20.6773018485592
"UKENNE_YW_TP000096","2022-02-14",-20.603230660538
"UKENNE_YW_TP000096","2022-02-21",-29.1336381111681
"UKENNE_YW_TP000096","2022-02-28",-21.9632073011514
"UKENNE_YW_TP000096","2022-03-07",-20.0774114812159
"UKENNE_YW_TP000096","2022-03-14",-20.5628724363264
"UKENNE_YW_TP000096","2022-03-21",-21.6198994091911
"UKENNE_YW_TP000096","2022-03-28",-21.4772556027325
"UKENNE_YW_TP000096","2022-04-04",-21.0886051250393
"UKENNE_YW_TP000096","2022-04-11",-25.7643452015955
"UKENNE_YW_TP000096","2022-04-18",-40.4026476460429
"UKENNE_YW_TP000096","2022-04-25",-20.0679320374957
"UKENNE_YW_TP000098","2021-05-03",0
"UKENNE_YW_TP000098","2021-05-10",-32.2819504174192
"UKENNE_YW_TP000098","2021-05-17",-31.2802358388739
"UKENNE_YW_TP000098","2021-05-24",-29.4319175264211
"UKENNE_YW_TP000098","2021-05-31",-39.623962689395
"UKENNE_YW_TP000098","2021-06-07",-29.1598925724022
"UKENNE_YW_TP000098","2021-06-14",-27.1524986927283
"UKENNE_YW_TP000098","2021-06-21",-27.5869021304514
"UKENNE_YW_TP000098","2021-06-28",-28.2977756571749
"UKENNE_YW_TP000098","2021-07-05",-28.5855140077764
"UKENNE_YW_TP000098","2021-07-12",-28.8740515606057
"UKENNE_YW_TP000098","2021-07-19",-28.7854459221449
"UKENNE_YW_TP000098","2021-07-26",-32.3431178202788
"UKENNE_YW_TP000098","2021-08-02",-34.6247243664825
"UKENNE_YW_TP000098","2021-08-09",-35.6078616859642
"UKENNE_YW_TP000098","2021-08-16",-35.7476025391605
"UKENNE_YW_TP000098","2021-08-23",-35.4616793703393
"UKENNE_YW_TP000098","2021-08-30",-39.610578546831
"UKENNE_YW_TP000098","2021-09-06",-30.4455350050488
"UKENNE_YW_TP000098","2021-09-13",-28.7310800974241
"UKENNE_YW_TP000098","2021-09-20",-29.1566671082667
"UKENNE_YW_TP000098","2021-09-27",-28.315347985077
"UKENNE_YW_TP000098","2021-10-04",-28.0377715973876
"UKENNE_YW_TP000098","2021-10-11",-27.3199220322884
"UKENNE_YW_TP000098","2021-10-18",-27.8970444844933
"UKENNE_YW_TP000098","2021-10-25",-33.0704747561344
"UKENNE_YW_TP000098","2021-11-01",-28.4858301156248
"UKENNE_YW_TP000098","2021-11-08",-25.2121425591998
"UKENNE_YW_TP000098","2021-11-15",-24.7786710366747
"UKENNE_YW_TP000098","2021-11-22",-24.3625851186251
"UKENNE_YW_TP000098","2021-11-29",-25.8095522194209
"UKENNE_YW_TP000098","2021-12-06",-24.2090464484666
"UKENNE_YW_TP000098","2021-12-13",-24.7531108163662
"UKENNE_YW_TP000098","2021-12-20",-34.3186806644545
"UKENNE_YW_TP000098","2021-12-27",-64.9428389581283
"UKENNE_YW_TP000098","2022-01-03",-46.4939967853369
"UKENNE_YW_TP000098","2022-01-10",-28.1937078008065
"UKENNE_YW_TP000098","2022-01-17",-26.7582077875348
"UKENNE_YW_TP000098","2022-01-24",-25.9028026383047
"UKENNE_YW_TP000098","2022-01-31",-24.3330201304018
"UKENNE_YW_TP000098","2022-02-07",-24.753995256369
"UKENNE_YW_TP000098","2022-02-14",-24.8923922311666
"UKENNE_YW_TP000098","2022-02-21",-31.7755614661498
"UKENNE_YW_TP000098","2022-02-28",-25.4779332640065
"UKENNE_YW_TP000098","2022-03-07",-22.7741213137712
"UKENNE_YW_TP000098","2022-03-14",-22.921656541727
"UKENNE_YW_TP000098","2022-03-21",-23.6421822116337
"UKENNE_YW_TP000098","2022-03-28",-24.0635640891298
"UKENNE_YW_TP000098","2022-04-04",-28.559863845016
"UKENNE_YW_TP000098","2022-04-11",-30.8862017867197
"UKENNE_YW_TP000098","2022-04-18",-39.0018974045557
"UKENNE_YW_TP000098","2022-04-25",-21.230349893333
"UKENNE_YW_TP000102","2021-05-03",0
"UKENNE_YW_TP000102","2021-05-10",-18.17027607696
"UKENNE_YW_TP000102","2021-05-17",-16.5956217485781
"UKENNE_YW_TP000102","2021-05-24",-16.4543774841976
"UKENNE_YW_TP000102","2021-05-31",-30.5811058422884
"UKENNE_YW_TP000102","2021-06-07",-18.7126728358091
"UKENNE_YW_TP000102","2021-06-14",-16.5746543283818
"UKENNE_YW_TP000102","2021-06-21",-16.8587557356195
"UKENNE_YW_TP000102","2021-06-28",-18.5794929638118
"UKENNE_YW_TP000102","2021-07-05",-20.2776498933311
"UKENNE_YW_TP000102","2021-07-12",-21.5585255436155
"UKENNE_YW_TP000102","2021-07-19",-25.5278808525594
"UKENNE_YW_TP000102","2021-07-26",-27.2534567161815
"UKENNE_YW_TP000102","2021-08-02",-26.5714285714286
"UKENNE_YW_TP000102","2021-08-09",-26.0129030278131
"UKENNE_YW_TP000102","2021-08-16",-25.5762672068585
"UKENNE_YW_TP000102","2021-08-23",-25.8555299786662
"UKENNE_YW_TP000102","2021-08-30",-30.0096772708598
"UKENNE_YW_TP000102","2021-09-06",-19.4430873348612
"UKENNE_YW_TP000102","2021-09-13",-19.982258336757
"UKENNE_YW_TP000102","2021-09-20",-19.9935484860935
"UKENNE_YW_TP000102","2021-09-27",-19.4253456716182
"UKENNE_YW_TP000102","2021-10-04",-19.7094470788558
"UKENNE_YW_TP000102","2021-10-11",-18.4269585500948
"UKENNE_YW_TP000102","2021-10-18",-19.282488528761
"UKENNE_YW_TP000102","2021-10-25",-26.2776498933311
"UKENNE_YW_TP000102","2021-11-01",-21
"UKENNE_YW_TP000102","2021-11-08",-17.8587557356195
"UKENNE_YW_TP000102","2021-11-15",-17.7126728358091
"UKENNE_YW_TP000102","2021-11-22",-18.1380185074272
"UKENNE_YW_TP000102","2021-11-29",-22.247005202275
"UKENNE_YW_TP000102","2021-12-06",-18.129954115044
"UKENNE_YW_TP000102","2021-12-13",-17.6933182940894
"UKENNE_YW_TP000102","2021-12-20",-24.847465586283
"UKENNE_YW_TP000102","2021-12-27",-60.2921657996208
"UKENNE_YW_TP000102","2022-01-03",-41.5617513005688
"UKENNE_YW_TP000102","2022-01-10",-20.8458527078064
"UKENNE_YW_TP000102","2022-01-17",-18.1428571428571
"UKENNE_YW_TP000102","2022-01-24",-16.8571428571429
"UKENNE_YW_TP000102","2022-01-31",-15.1493086567637
"UKENNE_YW_TP000102","2022-02-07",-15.1509215352403
"UKENNE_YW_TP000102","2022-02-14",-16.4317971855247
"UKENNE_YW_TP000102","2022-02-21",-23.0032257569533
"UKENNE_YW_TP000102","2022-02-28",-16.4382486994312
"UKENNE_YW_TP000102","2022-03-07",-15.4253456716182
"UKENNE_YW_TP000102","2022-03-14",-16.8426269508531
"UKENNE_YW_TP000102","2022-03-21",-17.7013826864726
"UKENNE_YW_TP000102","2022-03-28",-17.5569126651388
"UKENNE_YW_TP000102","2022-04-04",-16.134792750474
"UKENNE_YW_TP000102","2022-04-11",-21.5585255436155
"UKENNE_YW_TP000102","2022-04-18",-37.7078342003792
"UKENNE_YW_TP000102","2022-04-25",-16.129954115044
"UKENNE_YW_TP000107","2021-05-03",0
"UKENNE_YW_TP000107","2021-05-10",-21.2957739527463
"UKENNE_YW_TP000107","2021-05-17",-19.6276888252192
"UKENNE_YW_TP000107","2021-05-24",-17.6656623622169
"UKENNE_YW_TP000107","2021-05-31",-30.2638940503066
"UKENNE_YW_TP000107","2021-06-07",-16.2036644122572
"UKENNE_YW_TP000107","2021-06-14",-14.4865300515059
"UKENNE_YW_TP000107","2021-06-21",-14.6066165458481
"UKENNE_YW_TP000107","2021-06-28",-15.7665792168764
"UKENNE_YW_TP000107","2021-07-05",-16.182227498018
"UKENNE_YW_TP000107","2021-07-12",-16.0674990370108
"UKENNE_YW_TP000107","2021-07-19",-18.9052863622193
"UKENNE_YW_TP000107","2021-07-26",-22.4010235995936
"UKENNE_YW_TP000107","2021-08-02",-25.0940625329918
"UKENNE_YW_TP000107","2021-08-09",-24.9234023290646
"UKENNE_YW_TP000107","2021-08-16",-24.437333984066
"UKENNE_YW_TP000107","2021-08-23",-24.4459790745635
"UKENNE_YW_TP000107","2021-08-30",-29.2370154621593
"UKENNE_YW_TP000107","2021-09-06",-18.4036932832038
"UKENNE_YW_TP000107","2021-09-13",-16.3535891500761
"UKENNE_YW_TP000107","2021-09-20",-16.4046590620063
"UKENNE_YW_TP000107","2021-09-27",-16.1268653477775
"UKENNE_YW_TP000107","2021-10-04",-16.6750853901941
"UKENNE_YW_TP000107","2021-10-11",-15.4971920578255
"UKENNE_YW_TP000107","2021-10-18",-16.368693417658
"UKENNE_YW_TP000107","2021-10-25",-24.4078926359658
"UKENNE_YW_TP000107","2021-11-01",-19.1482177231727
"UKENNE_YW_TP000107","2021-11-08",-15.5823847135718
"UKENNE_YW_TP000107","2021-11-15",-15.3727216902409
"UKENNE_YW_TP000107","2021-11-22",-15.7553648790711
"UKENNE_YW_TP000107","2021-11-29",-18.4270790478279
"UKENNE_YW_TP000107","2021-12-06",-15.2101104367773
"UKENNE_YW_TP000107","2021-12-13",-13.9736475956411
"UKENNE_YW_TP000107","2021-12-20",-23.6504885679421
"UKENNE_YW_TP000107","2021-12-27",-61.8940859150555
"UKENNE_YW_TP000107","2022-01-03",-39.923395231413
"UKENNE_YW_TP000107","2022-01-10",-18.1161535110193
"UKENNE_YW_TP000107","2022-01-17",-15.7881309374491
"UKENNE_YW_TP000107","2022-01-24",-15.0242001378794
"UKENNE_YW_TP000107","2022-01-31",-13.8066583475566
"UKENNE_YW_TP000107","2022-02-07",-13.5117541671904
"UKENNE_YW_TP000107","2022-02-14",-13.2491930333499
"UKENNE_YW_TP000107","2022-02-21",-21.7592722560593
"UKENNE_YW_TP000107","2022-02-28",-14.7217180889478
"UKENNE_YW_TP000107","2022-03-07",-12.687306082666
"UKENNE_YW_TP000107","2022-03-14",-13.2164823521102
"UKENNE_YW_TP000107","2022-03-21",-14.3356719181116
"UKENNE_YW_TP000107","2022-03-28",-14.5042207490559
"UKENNE_YW_TP000107","2022-04-04",-13.9142138628834
"UKENNE_YW_TP000107","2022-04-11",-19.6559180976762
"UKENNE_YW_TP000107","2022-04-18",-37.5430920214057
"UKENNE_YW_TP000107","2022-04-25",-13.6764700183079
"UKENNE_YW_TP000112","2021-05-03",0
"UKENNE_YW_TP000112","2021-05-10",-16.7978082876636
"UKENNE_YW_TP000112","2021-05-17",-16.97325876473
"UKENNE_YW_TP000112","2021-05-24",-16.8341831140332
"UKENNE_YW_TP000112","2021-05-31",-32.2680045379895
"UKENNE_YW_TP000112","2021-06-07",-20.4408186995517
"UKENNE_YW_TP000112","2021-06-14",-18.4702702190024
"UKENNE_YW_TP000112","2021-06-21",-18.9313912295817
"UKENNE_YW_TP000112","2021-06-28",-20.0700249357304
"UKENNE_YW_TP000112","2021-07-05",-21.3835322858255
"UKENNE_YW_TP000112","2021-07-12",-21.6697495451531
"UKENNE_YW_TP000112","2021-07-19",-23.2698592126644
"UKENNE_YW_TP000112","2021-07-26",-27.6993886945797
"UKENNE_YW_TP000112","2021-08-02",-29.2118910878803
"UKENNE_YW_TP000112","2021-08-09",-28.4697322865882
"UKENNE_YW_TP000112","2021-08-16",-28.8439927055857
"UKENNE_YW_TP000112","2021-08-23",-28.816188426804
"UKENNE_YW_TP000112","2021-08-30",-32.5856383291199
"UKENNE_YW_TP000112","2021-09-06",-19.6649911021591
"UKENNE_YW_TP000112","2021-09-13",-19.7289759096982
"UKENNE_YW_TP000112","2021-09-20",-20.2968188019632
"UKENNE_YW_TP000112","2021-09-27",-19.4083069033527
"UKENNE_YW_TP000112","2021-10-04",-19.7234739210102
"UKENNE_YW_TP000112","2021-10-11",-19.4967421947551
"UKENNE_YW_TP000112","2021-10-18",-18.7492255878911
"UKENNE_YW_TP000112","2021-10-25",-26.4616141939589
"UKENNE_YW_TP000112","2021-11-01",-21.7209258172733
"UKENNE_YW_TP000112","2021-11-08",-18.5258601850283
"UKENNE_YW_TP000112","2021-11-15",-18.1526862425364
"UKENNE_YW_TP000112","2021-11-22",-18.3797533202306
"UKENNE_YW_TP000112","2021-11-29",-20.61086519692
"UKENNE_YW_TP000112","2021-12-06",-18.0634095001665
"UKENNE_YW_TP000112","2021-12-13",-16.6913261743368
"UKENNE_YW_TP000112","2021-12-20",-22.3758878641503
"UKENNE_YW_TP000112","2021-12-27",-63.0976378534478
"UKENNE_YW_TP000112","2022-01-03",-45.0670405484965
"UKENNE_YW_TP000112","2022-01-10",-22.4996938569572
"UKENNE_YW_TP000112","2022-01-17",-18.0665825331427
"UKENNE_YW_TP000112","2022-01-24",-16.9234332859198
"UKENNE_YW_TP000112","2022-01-31",-15.6944284801558
"UKENNE_YW_TP000112","2022-02-07",-15.8929165087223
"UKENNE_YW_TP000112","2022-02-14",-16.5203675906156
"UKENNE_YW_TP000112","2022-02-21",-23.1507967121661
"UKENNE_YW_TP000112","2022-02-28",-16.6057166445552
"UKENNE_YW_TP000112","2022-03-07",-15.6964395635286
"UKENNE_YW_TP000112","2022-03-14",-17.3005154255125
"UKENNE_YW_TP000112","2022-03-21",-18.0989554006684
"UKENNE_YW_TP000112","2022-03-28",-17.7573324716295
"UKENNE_YW_TP000112","2022-04-04",-16.3829297875239
"UKENNE_YW_TP000112","2022-04-11",-21.9854936003029
"UKENNE_YW_TP000112","2022-04-18",-38.208598428193
"UKENNE_YW_TP000112","2022-04-25",-15.4388191353208
"UKENNE_YW_TP000119","2021-05-03",0
"UKENNE_YW_TP000119","2021-05-10",-20.4285709011626
"UKENNE_YW_TP000119","2021-05-17",-20.8571410075136
"UKENNE_YW_TP000119","2021-05-24",-20.5714268599637
"UKENNE_YW_TP000119","2021-05-31",-32.5714276572616
"UKENNE_YW_TP000119","2021-06-07",-22.2857120557664
"UKENNE_YW_TP000119","2021-06-14",-20.7142832887273
"UKENNE_YW_TP000119","2021-06-21",-21.9999969133314
"UKENNE_YW_TP000119","2021-06-28",-23.5714257759443
"UKENNE_YW_TP000119","2021-07-05",-23.8571404231683
"UKENNE_YW_TP000119","2021-07-12",-24.714283388764
"UKENNE_YW_TP000119","2021-07-19",-30.142852976632
"UKENNE_YW_TP000119","2021-07-26",-29.9999973238711
"UKENNE_YW_TP000119","2021-08-02",-30.4285690753149
"UKENNE_YW_TP000119","2021-08-09",-30.2857120790383
"UKENNE_YW_TP000119","2021-08-16",-29.999997451133
"UKENNE_YW_TP000119","2021-08-23",-29.2857121429241
"UKENNE_YW_TP000119","2021-08-30",-31.999999085833
"UKENNE_YW_TP000119","2021-09-06",-22.9999982801189
"UKENNE_YW_TP000119","2021-09-13",-23.4285687757144
"UKENNE_YW_TP000119","2021-09-20",-23.9999973555591
"UKENNE_YW_TP000119","2021-09-27",-23.4285688861439
"UKENNE_YW_TP000119","2021-10-04",-23.7142831208515
"UKENNE_YW_TP000119","2021-10-11",-22.4285689371506
"UKENNE_YW_TP000119","2021-10-18",-25.9999958015772
"UKENNE_YW_TP000119","2021-10-25",-29.2857122003703
"UKENNE_YW_TP000119","2021-11-01",-23.9999981696894
"UKENNE_YW_TP000119","2021-11-08",-21.5714263563364
"UKENNE_YW_TP000119","2021-11-15",-21.7142832228649
"UKENNE_YW_TP000119","2021-11-22",-21.571426326625
"UKENNE_YW_TP000119","2021-11-29",-21.9999989501549
"UKENNE_YW_TP000119","2021-12-06",-21.2857119601926
"UKENNE_YW_TP000119","2021-12-13",-19.5714267752923
"UKENNE_YW_TP000119","2021-12-20",-27.1428554422947
"UKENNE_YW_TP000119","2021-12-27",-60.9999997682385
"UKENNE_YW_TP000119","2022-01-03",-42.8571417666839
"UKENNE_YW_TP000119","2022-01-10",-22.857141279889
"UKENNE_YW_TP000119","2022-01-17",-20.8571412011475
"UKENNE_YW_TP000119","2022-01-24",-20.1428551382312
"UKENNE_YW_TP000119","2022-01-31",-19.5714260735682
"UKENNE_YW_TP000119","2022-02-07",-19.5714261245749
"UKENNE_YW_TP000119","2022-02-14",-24.857137816855
"UKENNE_YW_TP000119","2022-02-21",-22.5714289349149
"UKENNE_YW_TP000119","2022-02-28",-18.8571416815029
"UKENNE_YW_TP000119","2022-03-07",-18.7142836076465
"UKENNE_YW_TP000119","2022-03-14",-19.4285694006736
"UKENNE_YW_TP000119","2022-03-21",-20.5714264202222
"UKENNE_YW_TP000119","2022-03-28",-20.2857121706588
"UKENNE_YW_TP000119","2022-04-04",-23.714280839897
"UKENNE_YW_TP000119","2022-04-11",-25.4285686672615
"UKENNE_YW_TP000119","2022-04-18",-35.0000014519686
"UKENNE_YW_TP000119","2022-04-25",-18.1428555145966
"UKENNE_YW_TP000141","2021-05-03",0
"UKENNE_YW_TP000141","2021-05-10",-27.2186346251707
"UKENNE_YW_TP000141","2021-05-17",-26.3368356540377
"UKENNE_YW_TP000141","2021-05-24",-24.5385789671819
"UKENNE_YW_TP000141","2021-05-31",-36.7150995208293
"UKENNE_YW_TP000141","2021-06-07",-24.5313344653629
"UKENNE_YW_TP000141","2021-06-14",-22.4642615880508
"UKENNE_YW_TP000141","2021-06-21",-23.1253547540231
"UKENNE_YW_TP000141","2021-06-28",-24.0468826056591
"UKENNE_YW_TP000141","2021-07-05",-24.5164125056722
"UKENNE_YW_TP000141","2021-07-12",-24.4825776677405
"UKENNE_YW_TP000141","2021-07-19",-28.4069455043206
"UKENNE_YW_TP000141","2021-07-26",-30.6973168080411
"UKENNE_YW_TP000141","2021-08-02",-31.7997367638984
"UKENNE_YW_TP000141","2021-08-09",-32.014943458122
"UKENNE_YW_TP000141","2021-08-16",-32.2895963216882
"UKENNE_YW_TP000141","2021-08-23",-32.3735164015236
"UKENNE_YW_TP000141","2021-08-30",-34.9056981773586
"UKENNE_YW_TP000141","2021-09-06",-24.6083441379054
"UKENNE_YW_TP000141","2021-09-13",-24.37850087447
"UKENNE_YW_TP000141","2021-09-20",-24.6143699276681
"UKENNE_YW_TP000141","2021-09-27",-24.5197038266284
"UKENNE_YW_TP000141","2021-10-04",-24.3630509638598
"UKENNE_YW_TP000141","2021-10-11",-23.0827577307852
"UKENNE_YW_TP000141","2021-10-18",-23.1495549872659
"UKENNE_YW_TP000141","2021-10-25",-30.0194235576231
"UKENNE_YW_TP000141","2021-11-01",-24.6927129955817
"UKENNE_YW_TP000141","2021-11-08",-21.3414795370234
"UKENNE_YW_TP000141","2021-11-15",-21.2518902383747
"UKENNE_YW_TP000141","2021-11-22",-20.7862102165549
"UKENNE_YW_TP000141","2021-11-29",-25.0795630460207
"UKENNE_YW_TP000141","2021-12-06",-20.28518311619
"UKENNE_YW_TP000141","2021-12-13",-20.5103744152355
"UKENNE_YW_TP000141","2021-12-20",-30.4945144614246
"UKENNE_YW_TP000141","2021-12-27",-63.6735384469157
"UKENNE_YW_TP000141","2022-01-03",-44.8801571050708
"UKENNE_YW_TP000141","2022-01-10",-24.5964323835405
"UKENNE_YW_TP000141","2022-01-17",-22.4614421962814
"UKENNE_YW_TP000141","2022-01-24",-21.7692759764443
"UKENNE_YW_TP000141","2022-01-31",-20.2413302978514
"UKENNE_YW_TP000141","2022-02-07",-20.4041354057168
"UKENNE_YW_TP000141","2022-02-14",-25.1473577340812
"UKENNE_YW_TP000141","2022-02-21",-24.1860516648501
"UKENNE_YW_TP000141","2022-02-28",-19.2423815084399
"UKENNE_YW_TP000141","2022-03-07",-18.2494301868222
"UKENNE_YW_TP000141","2022-03-14",-18.4001870802825
"UKENNE_YW_TP000141","2022-03-21",-19.2577870702401
"UKENNE_YW_TP000141","2022-03-28",-19.064323182823
"UKENNE_YW_TP000141","2022-04-04",-23.5168269497097
"UKENNE_YW_TP000141","2022-04-11",-26.561011840176
"UKENNE_YW_TP000141","2022-04-18",-36.8187430254636
"UKENNE_YW_TP000141","2022-04-25",-16.7351381823942
"UKENNW_UU_TP000012","2021-05-03",0
"UKENNW_UU_TP000012","2021-05-10",-21.1888958651526
"UKENNW_UU_TP000012","2021-05-17",-20.8734791779574
"UKENNW_UU_TP000012","2021-05-24",-19.4449077493859
"UKENNW_UU_TP000012","2021-05-31",-32.7009196336193
"UKENNW_UU_TP000012","2021-06-07",-19.6979493934712
"UKENNW_UU_TP000012","2021-06-14",-19.1131547413762
"UKENNW_UU_TP000012","2021-06-21",-20.3914434267202
"UKENNW_UU_TP000012","2021-06-28",-21.2471011637891
"UKENNW_UU_TP000012","2021-07-05",-21.5268749692072
"UKENNW_UU_TP000012","2021-07-12",-24.3676815055355
"UKENNW_UU_TP000012","2021-07-19",-28.2574970043074
"UKENNW_UU_TP000012","2021-07-26",-27.8348660560322
"UKENNW_UU_TP000012","2021-08-02",-27.8259553355879
"UKENNW_UU_TP000012","2021-08-09",-29.2560118842333
"UKENNW_UU_TP000012","2021-08-16",-29.5268749692072
"UKENNW_UU_TP000012","2021-08-23",-30.2352202031967
"UKENNW_UU_TP000012","2021-08-30",-31.520934488911
"UKENNW_UU_TP000012","2021-09-06",-22.2426458035669
"UKENNW_UU_TP000012","2021-09-13",-20.4062946274607
"UKENNW_UU_TP000012","2021-09-20",-22.3914434267202
"UKENNW_UU_TP000012","2021-09-27",-22.2574970043074
"UKENNW_UU_TP000012","2021-10-04",-22.9777231988893
"UKENNW_UU_TP000012","2021-10-11",-21.2708630849738
"UKENNW_UU_TP000012","2021-10-18",-20.7053749938414
"UKENNW_UU_TP000012","2021-10-25",-29.4122351077569
"UKENNW_UU_TP000012","2021-11-01",-22.8437767764764
"UKENNW_UU_TP000012","2021-11-08",-20.8393214162543
"UKENNW_UU_TP000012","2021-11-15",-20.6934940332491
"UKENNW_UU_TP000012","2021-11-22",-21.5417261699476
"UKENNW_UU_TP000012","2021-11-29",-23.5640029710583
"UKENNW_UU_TP000012","2021-12-06",-22.9584166379267
"UKENNW_UU_TP000012","2021-12-13",-21.1339464224129
"UKENNW_UU_TP000012","2021-12-20",-30.8437767764764
"UKENNW_UU_TP000012","2021-12-27",-63.27680356527
"UKENNW_UU_TP000012","2022-01-03",-43.1309761822648
"UKENNW_UU_TP000012","2022-01-10",-22.8764494181055
"UKENNW_UU_TP000012","2022-01-17",-19.1814702647824
"UKENNW_UU_TP000012","2022-01-24",-18.4582738300524
"UKENNW_UU_TP000012","2022-01-31",-16.7410178756186
"UKENNW_UU_TP000012","2022-02-07",-17.7306220351002
"UKENNW_UU_TP000012","2022-02-14",-24.1740446644121
"UKENNW_UU_TP000012","2022-02-21",-19.586279772169
"UKENNW_UU_TP000012","2022-02-28",-16.3020506065288
"UKENNW_UU_TP000012","2022-03-07",-16.8749642980314
"UKENNW_UU_TP000012","2022-03-14",-19.583309532021
"UKENNW_UU_TP000012","2022-03-21",-19.5758839316507
"UKENNW_UU_TP000012","2022-03-28",-18.7142857142857
"UKENNW_UU_TP000012","2022-04-04",-21.6085565732798
"UKENNW_UU_TP000012","2022-04-11",-25.2916547660105
"UKENNW_UU_TP000012","2022-04-18",-32.552122010466
"UKENNW_UU_TP000012","2022-04-25",-14.4374821490157
"UKENNW_UU_TP000017","2021-05-03",0
"UKENNW_UU_TP000017","2021-05-10",-24.7143088270625
"UKENNW_UU_TP000017","2021-05-17",-23.000026414602
"UKENNW_UU_TP000017","2021-05-24",-22.7143011228036
"UKENNW_UU_TP000017","2021-05-31",-35.285718688148
"UKENNW_UU_TP000017","2021-06-07",-22.7143044246288
"UKENNW_UU_TP000017","2021-06-14",-20.1428714507666
"UKENNW_UU_TP000017","2021-06-21",-21.8571505614018
"UKENNW_UU_TP000017","2021-06-28",-23.5714263702117
"UKENNW_UU_TP000017","2021-07-05",-24.285718688148
"UKENNW_UU_TP000017","2021-07-12",-24.0000033018253
"UKENNW_UU_TP000017","2021-07-19",-28.8571439577513
"UKENNW_UU_TP000017","2021-07-26",-31
"UKENNW_UU_TP000017","2021-08-02",-31.2857219899732
"UKENNW_UU_TP000017","2021-08-09",-31.4285769316135
"UKENNW_UU_TP000017","2021-08-16",-30.2857197887564
"UKENNW_UU_TP000017","2021-08-23",-30.1428571428571
"UKENNW_UU_TP000017","2021-08-30",-33.2857175875395
"UKENNW_UU_TP000017","2021-09-06",-21.8571560644439
"UKENNW_UU_TP000017","2021-09-13",-22.00002091156
"UKENNW_UU_TP000017","2021-09-20",-22.5714417787296
"UKENNW_UU_TP000017","2021-09-27",-22.0000198109515
"UKENNW_UU_TP000017","2021-10-04",-21.7143077264541
"UKENNW_UU_TP000017","2021-10-11",-21.1428780544171
"UKENNW_UU_TP000017","2021-10-18",-21.1428780544171
"UKENNW_UU_TP000017","2021-10-25",-29.28572419119
"UKENNW_UU_TP000017","2021-11-01",-24.1428659477245
"UKENNW_UU_TP000017","2021-11-08",-21.2857263924069
"UKENNW_UU_TP000017","2021-11-15",-20.571442879338
"UKENNW_UU_TP000017","2021-11-22",-20.8571527626186
"UKENNW_UU_TP000017","2021-11-29",-22.0000088048673
"UKENNW_UU_TP000017","2021-12-06",-22.2857164869311
"UKENNW_UU_TP000017","2021-12-13",-20.8571483601849
"UKENNW_UU_TP000017","2021-12-20",-29.1428648471161
"UKENNW_UU_TP000017","2021-12-27",-61.8571505614018
"UKENNW_UU_TP000017","2022-01-03",-44.2857131851059
"UKENNW_UU_TP000017","2022-01-10",-23.8571428571429
"UKENNW_UU_TP000017","2022-01-17",-22.2857197887564
"UKENNW_UU_TP000017","2022-01-24",-21.4285725291798
"UKENNW_UU_TP000017","2022-01-31",-20.1428681489413
"UKENNW_UU_TP000017","2022-02-07",-19.7142978209783
"UKENNW_UU_TP000017","2022-02-14",-19.5714439799464
"UKENNW_UU_TP000017","2022-02-21",-28.1428604446824
"UKENNW_UU_TP000017","2022-02-28",-21.2857230905816
"UKENNW_UU_TP000017","2022-03-07",-19.0000066036505
"UKENNW_UU_TP000017","2022-03-14",-19.1428670483329
"UKENNW_UU_TP000017","2022-03-21",-20.571429672037
"UKENNW_UU_TP000017","2022-03-28",-20.1428648471161
"UKENNW_UU_TP000017","2022-04-04",-20.0000396219031
"UKENNW_UU_TP000017","2022-04-11",-25.0000220121684
"UKENNW_UU_TP000017","2022-04-18",-40.4285428127525
"UKENNW_UU_TP000017","2022-04-25",-18.7142879155026
"UKENNW_UU_TP000018","2021-05-03",0
"UKENNW_UU_TP000018","2021-05-10",-19.2047092017866
"UKENNW_UU_TP000018","2021-05-17",-17.9254070311784
"UKENNW_UU_TP000018","2021-05-24",-17.8901623098642
"UKENNW_UU_TP000018","2021-05-31",-30.2998947908414
"UKENNW_UU_TP000018","2021-06-07",-18.2079884923994
"UKENNW_UU_TP000018","2021-06-14",-16.9333987539948
"UKENNW_UU_TP000018","2021-06-21",-17.9483053947081
"UKENNW_UU_TP000018","2021-06-28",-17.5477444004714
"UKENNW_UU_TP000018","2021-07-05",-16.286911654694
"UKENNW_UU_TP000018","2021-07-12",-15.1903168351626
"UKENNW_UU_TP000018","2021-07-19",-22.9921508554961
"UKENNW_UU_TP000018","2021-07-26",-24.5539275228774
"UKENNW_UU_TP000018","2021-08-02",-23.6032815008805
"UKENNW_UU_TP000018","2021-08-09",-22.9211737755996
"UKENNW_UU_TP000018","2021-08-16",-23.0088196367999
"UKENNW_UU_TP000018","2021-08-23",-22.5824685258873
"UKENNW_UU_TP000018","2021-08-30",-26.5795678184175
"UKENNW_UU_TP000018","2021-09-06",-14.829725303895
"UKENNW_UU_TP000018","2021-09-13",-14.3274518750379
"UKENNW_UU_TP000018","2021-09-20",-15.2714947069771
"UKENNW_UU_TP000018","2021-09-27",-15.6822164855612
"UKENNW_UU_TP000018","2021-10-04",-17.2306977640285
"UKENNW_UU_TP000018","2021-10-11",-15.8374958960623
"UKENNW_UU_TP000018","2021-10-18",-17.1029299396993
"UKENNW_UU_TP000018","2021-10-25",-24.6758740277368
"UKENNW_UU_TP000018","2021-11-01",-20.0886894534445
"UKENNW_UU_TP000018","2021-11-08",-16.3513719635286
"UKENNW_UU_TP000018","2021-11-15",-15.7727546768423
"UKENNW_UU_TP000018","2021-11-22",-17.2976725686226
"UKENNW_UU_TP000018","2021-11-29",-17.7878885048604
"UKENNW_UU_TP000018","2021-12-06",-16.3376169109549
"UKENNW_UU_TP000018","2021-12-13",-16.305921463307
"UKENNW_UU_TP000018","2021-12-20",-24.3761025644097
"UKENNW_UU_TP000018","2021-12-27",-59.4616792802611
"UKENNW_UU_TP000018","2022-01-03",-41.0808034707043
"UKENNW_UU_TP000018","2022-01-10",-20.1509369933578
"UKENNW_UU_TP000018","2022-01-17",-18.5398139541771
"UKENNW_UU_TP000018","2022-01-24",-16.9798395108085
"UKENNW_UU_TP000018","2022-01-31",-15.5290528899915
"UKENNW_UU_TP000018","2022-02-07",-14.7340454865793
"UKENNW_UU_TP000018","2022-02-14",-22.8830083332361
"UKENNW_UU_TP000018","2022-02-21",-19.1459025357215
"UKENNW_UU_TP000018","2022-02-28",-14.7000698311141
"UKENNW_UU_TP000018","2022-03-07",-14.8758799922738
"UKENNW_UU_TP000018","2022-03-14",-15.9786909610398
"UKENNW_UU_TP000018","2022-03-21",-16.4575409170622
"UKENNW_UU_TP000018","2022-03-28",-16.8863166801894
"UKENNW_UU_TP000018","2022-04-04",-22.3294172004636
"UKENNW_UU_TP000018","2022-04-11",-25.1208470705092
"UKENNW_UU_TP000018","2022-04-18",-33.6152544803398
"UKENNW_UU_TP000018","2022-04-25",-15.4883118273794
"UKENNW_UU_TP000019","2021-05-03",0
"UKENNW_UU_TP000019","2021-05-10",-22.9550561972498
"UKENNW_UU_TP000019","2021-05-17",-22.3357501826863
"UKENNW_UU_TP000019","2021-05-24",-22.295891896802
"UKENNW_UU_TP000019","2021-05-31",-34.3132682518077
"UKENNW_UU_TP000019","2021-06-07",-22.9792801256474
"UKENNW_UU_TP000019","2021-06-14",-20.4716832826758
"UKENNW_UU_TP000019","2021-06-21",-21.0791707155392
"UKENNW_UU_TP000019","2021-06-28",-22.195078123737
"UKENNW_UU_TP000019","2021-07-05",-22.162710500888
"UKENNW_UU_TP000019","2021-07-12",-21.5329910920102
"UKENNW_UU_TP000019","2021-07-19",-24.2423906385257
"UKENNW_UU_TP000019","2021-07-26",-27.7200513835693
"UKENNW_UU_TP000019","2021-08-02",-27.8932773118719
"UKENNW_UU_TP000019","2021-08-09",-29.2408691674105
"UKENNW_UU_TP000019","2021-08-16",-28.0129151904687
"UKENNW_UU_TP000019","2021-08-23",-27.6005912410649
"UKENNW_UU_TP000019","2021-08-30",-33.036675981396
"UKENNW_UU_TP000019","2021-09-06",-21.8532152436421
"UKENNW_UU_TP000019","2021-09-13",-20.5450992636435
"UKENNW_UU_TP000019","2021-09-20",-21.6786818893416
"UKENNW_UU_TP000019","2021-09-27",-21.5045553572781
"UKENNW_UU_TP000019","2021-10-04",-21.7047671952032
"UKENNW_UU_TP000019","2021-10-11",-20.1755943964823
"UKENNW_UU_TP000019","2021-10-18",-20.4631544962148
"UKENNW_UU_TP000019","2021-10-25",-28.4707131664176
"UKENNW_UU_TP000019","2021-11-01",-23.3407558378126
"UKENNW_UU_TP000019","2021-11-08",-20.6478916243337
"UKENNW_UU_TP000019","2021-11-15",-19.5872966400657
"UKENNW_UU_TP000019","2021-11-22",-20.0462458303864
"UKENNW_UU_TP000019","2021-11-29",-20.7755650931308
"UKENNW_UU_TP000019","2021-12-06",-19.708499038309
"UKENNW_UU_TP000019","2021-12-13",-18.4828269125655
"UKENNW_UU_TP000019","2021-12-20",-26.0645793412152
"UKENNW_UU_TP000019","2021-12-27",-61.1091203279234
"UKENNW_UU_TP000019","2022-01-03",-44.742669123743
"UKENNW_UU_TP000019","2022-01-10",-22.8563488270726
"UKENNW_UU_TP000019","2022-01-17",-20.4499649627641
"UKENNW_UU_TP000019","2022-01-24",-19.7853612010152
"UKENNW_UU_TP000019","2022-01-31",-18.7519811222001
"UKENNW_UU_TP000019","2022-02-07",-18.7899246094361
"UKENNW_UU_TP000019","2022-02-14",-24.6444824416234
"UKENNW_UU_TP000019","2022-02-21",-22.4875365838339
"UKENNW_UU_TP000019","2022-02-28",-17.9738764086608
"UKENNW_UU_TP000019","2022-03-07",-17.7097562112401
"UKENNW_UU_TP000019","2022-03-14",-17.9878540248532
"UKENNW_UU_TP000019","2022-03-21",-18.675038314235
"UKENNW_UU_TP000019","2022-03-28",-18.8794683799123
"UKENNW_UU_TP000019","2022-04-04",-23.9427574258217
"UKENNW_UU_TP000019","2022-04-11",-25.7793524145021
"UKENNW_UU_TP000019","2022-04-18",-35.1569134581947
"UKENNW_UU_TP000019","2022-04-25",-16.6976154599398
"UKENNW_UU_TP000023","2021-05-03",0
"UKENNW_UU_TP000023","2021-05-10",-24.7617861973895
"UKENNW_UU_TP000023","2021-05-17",-23.0542862664043
"UKENNW_UU_TP000023","2021-05-24",-22.7459527030216
"UKENNW_UU_TP000023","2021-05-31",-35.2947619967817
"UKENNW_UU_TP000023","2021-06-07",-22.7527384863221
"UKENNW_UU_TP000023","2021-06-14",-20.1722622038261
"UKENNW_UU_TP000023","2021-06-21",-21.8729763515108
"UKENNW_UU_TP000023","2021-06-28",-23.5669047158949
"UKENNW_UU_TP000023","2021-07-05",-24.2947619967817
"UKENNW_UU_TP000023","2021-07-12",-24.0067857833005
"UKENNW_UU_TP000023","2021-07-19",-28.8594047849097
"UKENNW_UU_TP000023","2021-07-26",-31
"UKENNW_UU_TP000023","2021-08-02",-31.3015477800822
"UKENNW_UU_TP000023","2021-08-09",-31.4398810674057
"UKENNW_UU_TP000023","2021-08-16",-30.2970239245485
"UKENNW_UU_TP000023","2021-08-23",-30.1428571428571
"UKENNW_UU_TP000023","2021-08-30",-33.2925000690148
"UKENNW_UU_TP000023","2021-09-06",-21.884285990345
"UKENNW_UU_TP000023","2021-09-13",-22.0429766275701
"UKENNW_UU_TP000023","2021-09-20",-22.5985717046307
"UKENNW_UU_TP000023","2021-09-27",-22.0407146998032
"UKENNW_UU_TP000023","2021-10-04",-21.7595242696226
"UKENNW_UU_TP000023","2021-10-11",-21.1858337704272
"UKENNW_UU_TP000023","2021-10-18",-21.1858337704272
"UKENNW_UU_TP000023","2021-10-25",-29.3060716356159
"UKENNW_UU_TP000023","2021-11-01",-24.1609525649919
"UKENNW_UU_TP000023","2021-11-08",-21.3105954911496
"UKENNW_UU_TP000023","2021-11-15",-20.6008336323976
"UKENNW_UU_TP000023","2021-11-22",-20.8775002070445
"UKENNW_UU_TP000023","2021-11-29",-22.0180954221348
"UKENNW_UU_TP000023","2021-12-06",-22.290238141248
"UKENNW_UU_TP000023","2021-12-13",-20.8684524959771
"UKENNW_UU_TP000023","2021-12-20",-29.1586906372251
"UKENNW_UU_TP000023","2021-12-27",-61.8729763515108
"UKENNW_UU_TP000023","2022-01-03",-44.2834523579474
"UKENNW_UU_TP000023","2022-01-10",-23.8571428571429
"UKENNW_UU_TP000023","2022-01-17",-22.2970239245485
"UKENNW_UU_TP000023","2022-01-24",-21.4308333563383
"UKENNW_UU_TP000023","2022-01-31",-20.1654764205256
"UKENNW_UU_TP000023","2022-02-07",-19.739166919721
"UKENNW_UU_TP000023","2022-02-14",-19.6030955601644
"UKENNW_UU_TP000023","2022-02-21",-28.1496429261577
"UKENNW_UU_TP000023","2022-02-28",-21.3038097078491
"UKENNW_UU_TP000023","2022-03-07",-19.0135715666011
"UKENNW_UU_TP000023","2022-03-14",-19.1632144927588
"UKENNW_UU_TP000023","2022-03-21",-20.5736904991954
"UKENNW_UU_TP000023","2022-03-28",-20.1586906372251
"UKENNW_UU_TP000023","2022-04-04",-20.0814293996065
"UKENNW_UU_TP000023","2022-04-11",-25.0452385553369
"UKENNW_UU_TP000023","2022-04-18",-40.3697613066334
"UKENNW_UU_TP000023","2022-04-25",-18.7188095698194
"UKENNW_UU_TP000024","2021-05-03",0
"UKENNW_UU_TP000024","2021-05-10",-12.7780993863301
"UKENNW_UU_TP000024","2021-05-17",-12.0683096536896
"UKENNW_UU_TP000024","2021-05-24",-10.0830667815313
"UKENNW_UU_TP000024","2021-05-31",-25.868539593293
"UKENNW_UU_TP000024","2021-06-07",-11.8126886283089
"UKENNW_UU_TP000024","2021-06-14",-10.9098524927693
"UKENNW_UU_TP000024","2021-06-21",-11.3648902363409
"UKENNW_UU_TP000024","2021-06-28",-12.6492059132333
"UKENNW_UU_TP000024","2021-07-05",-12.699668233115
"UKENNW_UU_TP000024","2021-07-12",-12.7360646732046
"UKENNW_UU_TP000024","2021-07-19",-16.4512392777135
"UKENNW_UU_TP000024","2021-07-26",-19.6941151091495
"UKENNW_UU_TP000024","2021-08-02",-20.1862149302338
"UKENNW_UU_TP000024","2021-08-09",-19.0426080862559
"UKENNW_UU_TP000024","2021-08-16",-16.6585631010888
"UKENNW_UU_TP000024","2021-08-23",-16.1323189561615
"UKENNW_UU_TP000024","2021-08-30",-21.0508754167473
"UKENNW_UU_TP000024","2021-09-06",-10.3656347334248
"UKENNW_UU_TP000024","2021-09-13",-10.4962191228393
"UKENNW_UU_TP000024","2021-09-20",-11.2373514682382
"UKENNW_UU_TP000024","2021-09-27",-10.2385985874781
"UKENNW_UU_TP000024","2021-10-04",-11.5649995610885
"UKENNW_UU_TP000024","2021-10-11",-9.59827875898768
"UKENNW_UU_TP000024","2021-10-18",-11.4549044819818
"UKENNW_UU_TP000024","2021-10-25",-18.8338090088035
"UKENNW_UU_TP000024","2021-11-01",-12.6412620821991
"UKENNW_UU_TP000024","2021-11-08",-9.75880667599066
"UKENNW_UU_TP000024","2021-11-15",-10.1570230966097
"UKENNW_UU_TP000024","2021-11-22",-8.93567147912641
"UKENNW_UU_TP000024","2021-11-29",-10.9172218386689
"UKENNW_UU_TP000024","2021-12-06",-8.84573239171438
"UKENNW_UU_TP000024","2021-12-13",-7.99535456250685
"UKENNW_UU_TP000024","2021-12-20",-18.9269816310661
"UKENNW_UU_TP000024","2021-12-27",-58.3071188397066
"UKENNW_UU_TP000024","2022-01-03",-36.977916630226
"UKENNW_UU_TP000024","2022-01-10",-13.1681661702741
"UKENNW_UU_TP000024","2022-01-17",-11.3235811898755
"UKENNW_UU_TP000024","2022-01-24",-9.69066893405122
"UKENNW_UU_TP000024","2022-01-31",-8.62072444679577
"UKENNW_UU_TP000024","2022-02-07",-8.20472462003492
"UKENNW_UU_TP000024","2022-02-14",-15.9017475891814
"UKENNW_UU_TP000024","2022-02-21",-11.9179178655483
"UKENNW_UU_TP000024","2022-02-28",-7.9139274951361
"UKENNW_UU_TP000024","2022-03-07",-7.386393978372
"UKENNW_UU_TP000024","2022-03-14",-8.63846377918258
"UKENNW_UU_TP000024","2022-03-21",-8.50402996541816
"UKENNW_UU_TP000024","2022-03-28",-8.19547899613982
"UKENNW_UU_TP000024","2022-04-04",-14.9714643352786
"UKENNW_UU_TP000024","2022-04-11",-16.4782364519287
"UKENNW_UU_TP000024","2022-04-18",-27.993551947987
"UKENNW_UU_TP000024","2022-04-25",-7.31023928976645
"UKENNW_UU_TP000026","2021-05-03",0
"UKENNW_UU_TP000026","2021-05-10",-21.1845807828715
"UKENNW_UU_TP000026","2021-05-17",-20.0822588978418
"UKENNW_UU_TP000026","2021-05-24",-19.7169578572204
"UKENNW_UU_TP000026","2021-05-31",-35.2620987015229
"UKENNW_UU_TP000026","2021-06-07",-23.8288175634103
"UKENNW_UU_TP000026","2021-06-14",-21.5837016628949
"UKENNW_UU_TP000026","2021-06-21",-21.7234936324151
"UKENNW_UU_TP000026","2021-06-28",-23.1407677652196
"UKENNW_UU_TP000026","2021-07-05",-23.6344049742171
"UKENNW_UU_TP000026","2021-07-12",-23.030495956809
"UKENNW_UU_TP000026","2021-07-19",-26.3647959114809
"UKENNW_UU_TP000026","2021-07-26",-30.33160576664
"UKENNW_UU_TP000026","2021-08-02",-30.6850958143836
"UKENNW_UU_TP000026","2021-08-09",-30.8961797800753
"UKENNW_UU_TP000026","2021-08-16",-30.0531371743109
"UKENNW_UU_TP000026","2021-08-23",-29.3304425553213
"UKENNW_UU_TP000026","2021-08-30",-33.1095690783325
"UKENNW_UU_TP000026","2021-09-06",-21.7459186386712
"UKENNW_UU_TP000026","2021-09-13",-21.7885909468296
"UKENNW_UU_TP000026","2021-09-20",-22.8520308097727
"UKENNW_UU_TP000026","2021-09-27",-22.5726314945546
"UKENNW_UU_TP000026","2021-10-04",-22.7786142204234
"UKENNW_UU_TP000026","2021-10-11",-21.316766750813
"UKENNW_UU_TP000026","2021-10-18",-21.6831649450128
"UKENNW_UU_TP000026","2021-10-25",-29.5818567211384
"UKENNW_UU_TP000026","2021-11-01",-24.1101330666934
"UKENNW_UU_TP000026","2021-11-08",-21.2155698963478
"UKENNW_UU_TP000026","2021-11-15",-20.7570257381575
"UKENNW_UU_TP000026","2021-11-22",-21.1187078121667
"UKENNW_UU_TP000026","2021-11-29",-22.4688329461695
"UKENNW_UU_TP000026","2021-12-06",-21.2126283087184
"UKENNW_UU_TP000026","2021-12-13",-21.0318482754007
"UKENNW_UU_TP000026","2021-12-20",-29.7501081253
"UKENNW_UU_TP000026","2021-12-27",-63.5321832844281
"UKENNW_UU_TP000026","2022-01-03",-45.4818708031057
"UKENNW_UU_TP000026","2022-01-10",-24.4929493743455
"UKENNW_UU_TP000026","2022-01-17",-22.5600876120751
"UKENNW_UU_TP000026","2022-01-24",-21.7038441750634
"UKENNW_UU_TP000026","2022-01-31",-20.5541565232585
"UKENNW_UU_TP000026","2022-02-07",-20.1658067348581
"UKENNW_UU_TP000026","2022-02-14",-24.2416775740007
"UKENNW_UU_TP000026","2022-02-21",-25.3353602970123
"UKENNW_UU_TP000026","2022-02-28",-19.8025131663719
"UKENNW_UU_TP000026","2022-03-07",-19.5970278536608
"UKENNW_UU_TP000026","2022-03-14",-19.8537006169872
"UKENNW_UU_TP000026","2022-03-21",-20.8470799135532
"UKENNW_UU_TP000026","2022-03-28",-20.0708228408066
"UKENNW_UU_TP000026","2022-04-04",-23.4151565946241
"UKENNW_UU_TP000026","2022-04-11",-26.6291029472413
"UKENNW_UU_TP000026","2022-04-18",-39.1593989041678
"UKENNW_UU_TP000026","2022-04-25",-19.4223349883416
"UKENNW_UU_TP000027","2021-05-03",0
"UKENNW_UU_TP000027","2021-05-10",-29.5697882315775
"UKENNW_UU_TP000027","2021-05-17",-28.9976490833344
"UKENNW_UU_TP000027","2021-05-24",-27.4260969845163
"UKENNW_UU_TP000027","2021-05-31",-37.8558838756438
"UKENNW_UU_TP000027","2021-06-07",-27.4267522384261
"UKENNW_UU_TP000027","2021-06-14",-25.9977044062391
"UKENNW_UU_TP000027","2021-06-21",-25.8552914381272
"UKENNW_UU_TP000027","2021-06-28",-27.2836990532212
"UKENNW_UU_TP000027","2021-07-05",-27.1408832740702
"UKENNW_UU_TP000027","2021-07-12",-28.9979187182587
"UKENNW_UU_TP000027","2021-07-19",-33.7123483848425
"UKENNW_UU_TP000027","2021-07-26",-34.4266700747427
"UKENNW_UU_TP000027","2021-08-02",-33.855022366932
"UKENNW_UU_TP000027","2021-08-09",-34.5692688727482
"UKENNW_UU_TP000027","2021-08-16",-33.7119149364407
"UKENNW_UU_TP000027","2021-08-23",-33.5693091588361
"UKENNW_UU_TP000027","2021-08-30",-35.9976877779148
"UKENNW_UU_TP000027","2021-09-06",-26.7117430657457
"UKENNW_UU_TP000027","2021-09-13",-27.2829917092617
"UKENNW_UU_TP000027","2021-09-20",-28.4259653999091
"UKENNW_UU_TP000027","2021-09-27",-27.7122103345253
"UKENNW_UU_TP000027","2021-10-04",-28.1407758611158
"UKENNW_UU_TP000027","2021-10-11",-25.9982485004503
"UKENNW_UU_TP000027","2021-10-18",-25.9983419542062
"UKENNW_UU_TP000027","2021-10-25",-33.1413258573079
"UKENNW_UU_TP000027","2021-11-01",-27.9983269173894
"UKENNW_UU_TP000027","2021-11-08",-26.4267382792276
"UKENNW_UU_TP000027","2021-11-15",-25.426764606117
"UKENNW_UU_TP000027","2021-11-22",-25.4270669838008
"UKENNW_UU_TP000027","2021-11-29",-25.2846722853607
"UKENNW_UU_TP000027","2021-12-06",-23.7127141426486
"UKENNW_UU_TP000027","2021-12-13",-22.4277163357297
"UKENNW_UU_TP000027","2021-12-20",-29.5706062711863
"UKENNW_UU_TP000027","2021-12-27",-62.5707357005568
"UKENNW_UU_TP000027","2022-01-03",-46.7129053606338
"UKENNW_UU_TP000027","2022-01-10",-27.1418011833051
"UKENNW_UU_TP000027","2022-01-17",-25.4270900778352
"UKENNW_UU_TP000027","2022-01-24",-23.9986856955963
"UKENNW_UU_TP000027","2022-01-31",-23.569892975406
"UKENNW_UU_TP000027","2022-02-07",-24.4269794320258
"UKENNW_UU_TP000027","2022-02-14",-29.9986405851458
"UKENNW_UU_TP000027","2022-02-21",-25.5701513202577
"UKENNW_UU_TP000027","2022-02-28",-22.8557501358
"UKENNW_UU_TP000027","2022-03-07",-23.1417689544348
"UKENNW_UU_TP000027","2022-03-14",-24.1414977280029
"UKENNW_UU_TP000027","2022-03-21",-24.4274139580459
"UKENNW_UU_TP000027","2022-03-28",-23.2846223505477
"UKENNW_UU_TP000027","2022-04-04",-28.2850332188043
"UKENNW_UU_TP000027","2022-04-11",-29.9989821712992
"UKENNW_UU_TP000027","2022-04-18",-36.9988296478943
"UKENNW_UU_TP000027","2022-04-25",-20.7133452249057
"UKENNW_UU_TP000038","2021-05-03",0
"UKENNW_UU_TP000038","2021-05-10",-27.2814076371922
"UKENNW_UU_TP000038","2021-05-17",-25.9964282795766
"UKENNW_UU_TP000038","2021-05-24",-25.8528122768047
"UKENNW_UU_TP000038","2021-05-31",-36.9978405779538
"UKENNW_UU_TP000038","2021-06-07",-25.9965065262189
"UKENNW_UU_TP000038","2021-06-14",-23.8536817427444
"UKENNW_UU_TP000038","2021-06-21",-23.4255279308282
"UKENNW_UU_TP000038","2021-06-28",-23.9975294914346
"UKENNW_UU_TP000038","2021-07-05",-24.5694042013601
"UKENNW_UU_TP000038","2021-07-12",-24.8548007283847
"UKENNW_UU_TP000038","2021-07-19",-28.4266708362062
"UKENNW_UU_TP000038","2021-07-26",-31.1413241397545
"UKENNW_UU_TP000038","2021-08-02",-32.4262521376708
"UKENNW_UU_TP000038","2021-08-09",-33.1402692382455
"UKENNW_UU_TP000038","2021-08-16",-31.9973997003517
"UKENNW_UU_TP000038","2021-08-23",-32.5686836473171
"UKENNW_UU_TP000038","2021-08-30",-34.4273349022307
"UKENNW_UU_TP000038","2021-09-06",-23.4271076526442
"UKENNW_UU_TP000038","2021-09-13",-23.1415829694355
"UKENNW_UU_TP000038","2021-09-20",-23.7128264346902
"UKENNW_UU_TP000038","2021-09-27",-23.1419243184674
"UKENNW_UU_TP000038","2021-10-04",-23.7131195090791
"UKENNW_UU_TP000038","2021-10-11",-21.9989629391638
"UKENNW_UU_TP000038","2021-10-18",-23.2841586683772
"UKENNW_UU_TP000038","2021-10-25",-30.2841825881149
"UKENNW_UU_TP000038","2021-11-01",-24.9984045476647
"UKENNW_UU_TP000038","2021-11-08",-21.9984888197652
"UKENNW_UU_TP000038","2021-11-15",-22.1410208461679
"UKENNW_UU_TP000038","2021-11-22",-21.7125851551685
"UKENNW_UU_TP000038","2021-11-29",-23.5694951724345
"UKENNW_UU_TP000038","2021-12-06",-22.5693955380921
"UKENNW_UU_TP000038","2021-12-13",-22.283416264663
"UKENNW_UU_TP000038","2021-12-20",-30.1414938716079
"UKENNW_UU_TP000038","2021-12-27",-64.7134916214768
"UKENNW_UU_TP000038","2022-01-03",-45.5692650882184
"UKENNW_UU_TP000038","2022-01-10",-25.1399418012981
"UKENNW_UU_TP000038","2022-01-17",-23.7118477887261
"UKENNW_UU_TP000038","2022-01-24",-22.9974369912339
"UKENNW_UU_TP000038","2022-01-31",-20.998281099357
"UKENNW_UU_TP000038","2022-02-07",-21.2834931789986
"UKENNW_UU_TP000038","2022-02-14",-21.7120283985681
"UKENNW_UU_TP000038","2022-02-21",-28.5694391048588
"UKENNW_UU_TP000038","2022-02-28",-21.570026123972
"UKENNW_UU_TP000038","2022-03-07",-20.4263018235895
"UKENNW_UU_TP000038","2022-03-14",-20.5692831793176
"UKENNW_UU_TP000038","2022-03-21",-22.1400890635712
"UKENNW_UU_TP000038","2022-03-28",-21.9976501840817
"UKENNW_UU_TP000038","2022-04-04",-26.565759007856
"UKENNW_UU_TP000038","2022-04-11",-28.8539067896887
"UKENNW_UU_TP000038","2022-04-18",-38.4294063083295
"UKENNW_UU_TP000038","2022-04-25",-19.2843703320986
"UKENNW_UU_TP000047","2021-05-03",0
"UKENNW_UU_TP000047","2021-05-10",-27.709969396626
"UKENNW_UU_TP000047","2021-05-17",-26.4236384941032
"UKENNW_UU_TP000047","2021-05-24",-24.7114081691793
"UKENNW_UU_TP000047","2021-05-31",-35.8563207013982
"UKENNW_UU_TP000047","2021-06-07",-25.1393629809422
"UKENNW_UU_TP000047","2021-06-14",-21.9973279938297
"UKENNW_UU_TP000047","2021-06-21",-22.8557040845896
"UKENNW_UU_TP000047","2021-06-28",-23.2861253635866
"UKENNW_UU_TP000047","2021-07-05",-24.8563207013982
"UKENNW_UU_TP000047","2021-07-12",-24.4279548117629
"UKENNW_UU_TP000047","2021-07-19",-28.9997944610638
"UKENNW_UU_TP000047","2021-07-26",-31
"UKENNW_UU_TP000047","2021-08-02",-32.2842755131611
"UKENNW_UU_TP000047","2021-08-09",-32.1418294481763
"UKENNW_UU_TP000047","2021-08-16",-30.9989723053191
"UKENNW_UU_TP000047","2021-08-23",-30.1428571428571
"UKENNW_UU_TP000047","2021-08-30",-33.7136690974772
"UKENNW_UU_TP000047","2021-09-06",-23.5689621041945
"UKENNW_UU_TP000047","2021-09-13",-24.7103804744984
"UKENNW_UU_TP000047","2021-09-20",-24.2832478184802
"UKENNW_UU_TP000047","2021-09-27",-24.5677288705774
"UKENNW_UU_TP000047","2021-10-04",-24.5673177927051
"UKENNW_UU_TP000047","2021-10-11",-23.8532376173555
"UKENNW_UU_TP000047","2021-10-18",-23.8532376173555
"UKENNW_UU_TP000047","2021-10-25",-30.569578721003
"UKENNW_UU_TP000047","2021-11-01",-25.2840699742249
"UKENNW_UU_TP000047","2021-11-08",-22.8548819288449
"UKENNW_UU_TP000047","2021-11-15",-22.4258994224011
"UKENNW_UU_TP000047","2021-11-22",-22.1410072924316
"UKENNW_UU_TP000047","2021-11-29",-23.1412128313677
"UKENNW_UU_TP000047","2021-12-06",-22.5710174935562
"UKENNW_UU_TP000047","2021-12-13",-21.5704008767477
"UKENNW_UU_TP000047","2021-12-20",-30.1414183703039
"UKENNW_UU_TP000047","2021-12-27",-62.8557040845896
"UKENNW_UU_TP000047","2022-01-03",-44.1430626817933
"UKENNW_UU_TP000047","2022-01-10",-23.8571428571429
"UKENNW_UU_TP000047","2022-01-17",-22.9989723053191
"UKENNW_UU_TP000047","2022-01-24",-21.5712230324924
"UKENNW_UU_TP000047","2022-01-31",-21.5693731820668
"UKENNW_UU_TP000047","2022-02-07",-21.2834533574164
"UKENNW_UU_TP000047","2022-02-14",-21.5685510263221
"UKENNW_UU_TP000047","2022-02-21",-28.57081195462
"UKENNW_UU_TP000047","2022-02-28",-22.426927117082
"UKENNW_UU_TP000047","2022-03-07",-19.8559096235258
"UKENNW_UU_TP000047","2022-03-14",-20.4267215781459
"UKENNW_UU_TP000047","2022-03-21",-20.7140801753495
"UKENNW_UU_TP000047","2022-03-28",-21.1414183703039
"UKENNW_UU_TP000047","2022-04-04",-25.1354577411548
"UKENNW_UU_TP000047","2022-04-11",-27.8530320784194
"UKENNW_UU_TP000047","2022-04-18",-36.7196297266263
"UKENNW_UU_TP000047","2022-04-25",-18.9995889221276
"UKENNW_UU_TP000050","2021-05-03",0
"UKENNW_UU_TP000050","2021-05-10",-18.2526864306721
"UKENNW_UU_TP000050","2021-05-17",-16.2756535501535
"UKENNW_UU_TP000050","2021-05-24",-15.0190677557503
"UKENNW_UU_TP000050","2021-05-31",-25.9359074972712
"UKENNW_UU_TP000050","2021-06-07",-13.3333804958671
"UKENNW_UU_TP000050","2021-06-14",-11.1707896854694
"UKENNW_UU_TP000050","2021-06-21",-11.6086947316796
"UKENNW_UU_TP000050","2021-06-28",-12.1230618963217
"UKENNW_UU_TP000050","2021-07-05",-11.7566193902605
"UKENNW_UU_TP000050","2021-07-12",-12.709523357751
"UKENNW_UU_TP000050","2021-07-19",-15.8895111588407
"UKENNW_UU_TP000050","2021-07-26",-18.6580595035967
"UKENNW_UU_TP000050","2021-08-02",-17.8089800195072
"UKENNW_UU_TP000050","2021-08-09",-18.7447520147599
"UKENNW_UU_TP000050","2021-08-16",-17.9794371219447
"UKENNW_UU_TP000050","2021-08-23",-17.6188297631271
"UKENNW_UU_TP000050","2021-08-30",-20.3398473997489
"UKENNW_UU_TP000050","2021-09-06",-10.5031379042255
"UKENNW_UU_TP000050","2021-09-13",-11.4959713062647
"UKENNW_UU_TP000050","2021-09-20",-12.1889268838384
"UKENNW_UU_TP000050","2021-09-27",-12.2956180809963
"UKENNW_UU_TP000050","2021-10-04",-12.8280819304095
"UKENNW_UU_TP000050","2021-10-11",-11.3299499629127
"UKENNW_UU_TP000050","2021-10-18",-12.8127840219545
"UKENNW_UU_TP000050","2021-10-25",-17.8999112087424
"UKENNW_UU_TP000050","2021-11-01",-14.0811013169767
"UKENNW_UU_TP000050","2021-11-08",-11.6759591073544
"UKENNW_UU_TP000050","2021-11-15",-11.8837439490379
"UKENNW_UU_TP000050","2021-11-22",-13.0224708648617
"UKENNW_UU_TP000050","2021-11-29",-13.864512894563
"UKENNW_UU_TP000050","2021-12-06",-13.7230551398639
"UKENNW_UU_TP000050","2021-12-13",-12.4948369365609
"UKENNW_UU_TP000050","2021-12-20",-19.5555664709131
"UKENNW_UU_TP000050","2021-12-27",-53.2284216427623
"UKENNW_UU_TP000050","2022-01-03",-35.2476526972372
"UKENNW_UU_TP000050","2022-01-10",-17.0850618868396
"UKENNW_UU_TP000050","2022-01-17",-14.755050344932
"UKENNW_UU_TP000050","2022-01-24",-13.9997008263937
"UKENNW_UU_TP000050","2022-01-31",-12.6193598000356
"UKENNW_UU_TP000050","2022-02-07",-13.0029342783346
"UKENNW_UU_TP000050","2022-02-14",-19.5887639831257
"UKENNW_UU_TP000050","2022-02-21",-15.1587931663962
"UKENNW_UU_TP000050","2022-02-28",-11.5919974350666
"UKENNW_UU_TP000050","2022-03-07",-11.242754838684
"UKENNW_UU_TP000050","2022-03-14",-12.3413147253478
"UKENNW_UU_TP000050","2022-03-21",-11.959071697766
"UKENNW_UU_TP000050","2022-03-28",-11.6508929056359
"UKENNW_UU_TP000050","2022-04-04",-15.3755786698234
"UKENNW_UU_TP000050","2022-04-11",-16.699557983474
"UKENNW_UU_TP000050","2022-04-18",-24.2837507054957
"UKENNW_UU_TP000050","2022-04-25",-7.97880536530648
"UKENNW_UU_TP000067","2021-05-03",0
"UKENNW_UU_TP000067","2021-05-10",-28.0800317429106
"UKENNW_UU_TP000067","2021-05-17",-27.2225844295112
"UKENNW_UU_TP000067","2021-05-24",-28.804663091807
"UKENNW_UU_TP000067","2021-05-31",-38.0989501242712
"UKENNW_UU_TP000067","2021-06-07",-24.9978504918933
"UKENNW_UU_TP000067","2021-06-14",-23.6719442312346
"UKENNW_UU_TP000067","2021-06-21",-24.2656688540288
"UKENNW_UU_TP000067","2021-06-28",-25.6578964591576
"UKENNW_UU_TP000067","2021-07-05",-26.006707683695
"UKENNW_UU_TP000067","2021-07-12",-26.0066315120625
"UKENNW_UU_TP000067","2021-07-19",-28.5398514366933
"UKENNW_UU_TP000067","2021-07-26",-30.7881573477238
"UKENNW_UU_TP000067","2021-08-02",-31.3217633083796
"UKENNW_UU_TP000067","2021-08-09",-32.5980777756594
"UKENNW_UU_TP000067","2021-08-16",-32.4184583259277
"UKENNW_UU_TP000067","2021-08-23",-31.7576414474065
"UKENNW_UU_TP000067","2021-08-30",-35.4043019348115
"UKENNW_UU_TP000067","2021-09-06",-24.1542466186678
"UKENNW_UU_TP000067","2021-09-13",-24.1897527844269
"UKENNW_UU_TP000067","2021-09-20",-24.4972346279693
"UKENNW_UU_TP000067","2021-09-27",-25.2558500916158
"UKENNW_UU_TP000067","2021-10-04",-25.2557739199834
"UKENNW_UU_TP000067","2021-10-11",-24.1036690716833
"UKENNW_UU_TP000067","2021-10-18",-24.2736982738993
"UKENNW_UU_TP000067","2021-10-25",-31.5844527343572
"UKENNW_UU_TP000067","2021-11-01",-26.4059753985656
"UKENNW_UU_TP000067","2021-11-08",-24.2459549272971
"UKENNW_UU_TP000067","2021-11-15",-23.5329251238535
"UKENNW_UU_TP000067","2021-11-22",-23.604165970269
"UKENNW_UU_TP000067","2021-11-29",-25.1139446430442
"UKENNW_UU_TP000067","2021-12-06",-23.5696112590955
"UKENNW_UU_TP000067","2021-12-13",-23.0210540433457
"UKENNW_UU_TP000067","2021-12-20",-30.5830451710701
"UKENNW_UU_TP000067","2021-12-27",-66.1565612214949
"UKENNW_UU_TP000067","2022-01-03",-47.2875123626427
"UKENNW_UU_TP000067","2022-01-10",-25.9091373831937
"UKENNW_UU_TP000067","2022-01-17",-23.7447400366126
"UKENNW_UU_TP000067","2022-01-24",-23.2900241749004
"UKENNW_UU_TP000067","2022-01-31",-22.6507801777832
"UKENNW_UU_TP000067","2022-02-07",-21.9901534980698
"UKENNW_UU_TP000067","2022-02-14",-22.697864396821
"UKENNW_UU_TP000067","2022-02-21",-28.6870812075201
"UKENNW_UU_TP000067","2022-02-28",-22.915906644879
"UKENNW_UU_TP000067","2022-03-07",-21.9288449806961
"UKENNW_UU_TP000067","2022-03-14",-22.0819772249409
"UKENNW_UU_TP000067","2022-03-21",-23.0997492355919
"UKENNW_UU_TP000067","2022-03-28",-22.4101237589808
"UKENNW_UU_TP000067","2022-04-04",-22.1308129309784
"UKENNW_UU_TP000067","2022-04-11",-26.8700205454893
"UKENNW_UU_TP000067","2022-04-18",-42.5256851692512
"UKENNW_UU_TP000067","2022-04-25",-21.3112930700211
"UKENNW_UU_TP000068","2021-05-03",0
"UKENNW_UU_TP000068","2021-05-10",-18.2430801976313
"UKENNW_UU_TP000068","2021-05-17",-17.5379684284366
"UKENNW_UU_TP000068","2021-05-24",-15.9673026914004
"UKENNW_UU_TP000068","2021-05-31",-30.656089930503
"UKENNW_UU_TP000068","2021-06-07",-16.2496042901305
"UKENNW_UU_TP000068","2021-06-14",-15.552797467798
"UKENNW_UU_TP000068","2021-06-21",-16.6693630308464
"UKENNW_UU_TP000068","2021-06-28",-17.3366739174542
"UKENNW_UU_TP000068","2021-07-05",-16.5234078215434
"UKENNW_UU_TP000068","2021-07-12",-16.6857304284708
"UKENNW_UU_TP000068","2021-07-19",-22.5089100759392
"UKENNW_UU_TP000068","2021-07-26",-24.093126249434
"UKENNW_UU_TP000068","2021-08-02",-24.3793840817555
"UKENNW_UU_TP000068","2021-08-09",-24.4971189670903
"UKENNW_UU_TP000068","2021-08-16",-22.9741504492368
"UKENNW_UU_TP000068","2021-08-23",-22.3407134876723
"UKENNW_UU_TP000068","2021-08-30",-26.556113733158
"UKENNW_UU_TP000068","2021-09-06",-14.5530872397607
"UKENNW_UU_TP000068","2021-09-13",-15.0442539100667
"UKENNW_UU_TP000068","2021-09-20",-14.3033358546811
"UKENNW_UU_TP000068","2021-09-27",-14.0082020389403
"UKENNW_UU_TP000068","2021-10-04",-15.6603024246325
"UKENNW_UU_TP000068","2021-10-11",-14.6003328860469
"UKENNW_UU_TP000068","2021-10-18",-15.5684136135566
"UKENNW_UU_TP000068","2021-10-25",-23.0461920043784
"UKENNW_UU_TP000068","2021-11-01",-18.2915300610938
"UKENNW_UU_TP000068","2021-11-08",-13.8895799513919
"UKENNW_UU_TP000068","2021-11-15",-13.0320018725429
"UKENNW_UU_TP000068","2021-11-22",-12.9185081144904
"UKENNW_UU_TP000068","2021-11-29",-15.2430339261493
"UKENNW_UU_TP000068","2021-12-06",-13.5093280366298
"UKENNW_UU_TP000068","2021-12-13",-12.618233329507
"UKENNW_UU_TP000068","2021-12-20",-22.7157912493053
"UKENNW_UU_TP000068","2021-12-27",-61.535057992188
"UKENNW_UU_TP000068","2022-01-03",-40.3557088822387
"UKENNW_UU_TP000068","2022-01-10",-16.5911297147406
"UKENNW_UU_TP000068","2022-01-17",-13.8566860266586
"UKENNW_UU_TP000068","2022-01-24",-12.5262051748764
"UKENNW_UU_TP000068","2022-01-31",-11.1750122310865
"UKENNW_UU_TP000068","2022-02-07",-11.7258014363895
"UKENNW_UU_TP000068","2022-02-14",-19.8564380012275
"UKENNW_UU_TP000068","2022-02-21",-15.3363013688248
"UKENNW_UU_TP000068","2022-02-28",-10.9031280646792
"UKENNW_UU_TP000068","2022-03-07",-11.2826093628989
"UKENNW_UU_TP000068","2022-03-14",-12.1960434548346
"UKENNW_UU_TP000068","2022-03-21",-13.1259098174017
"UKENNW_UU_TP000068","2022-03-28",-13.1897114222321
"UKENNW_UU_TP000068","2022-04-04",-19.3897444351916
"UKENNW_UU_TP000068","2022-04-11",-20.5711246155254
"UKENNW_UU_TP000068","2022-04-18",-32.0299296460885
"UKENNW_UU_TP000068","2022-04-25",-10.304887578538
"UKENNW_UU_TP000076","2021-05-03",0
"UKENNW_UU_TP000076","2021-05-10",-25.5699803867684
"UKENNW_UU_TP000076","2021-05-17",-27.4254927114995
"UKENNW_UU_TP000076","2021-05-24",-26.9968077266848
"UKENNW_UU_TP000076","2021-05-31",-39.2844260664384
"UKENNW_UU_TP000076","2021-06-07",-29.2828911843759
"UKENNW_UU_TP000076","2021-06-14",-26.9971817862366
"UKENNW_UU_TP000076","2021-06-21",-27.5683099771968
"UKENNW_UU_TP000076","2021-06-28",-27.5688924211381
"UKENNW_UU_TP000076","2021-07-05",-29.4250425518984
"UKENNW_UU_TP000076","2021-07-12",-28.2835831191885
"UKENNW_UU_TP000076","2021-07-19",-32.5690568629958
"UKENNW_UU_TP000076","2021-07-26",-33.141163528715
"UKENNW_UU_TP000076","2021-08-02",-33.5690340695269
"UKENNW_UU_TP000076","2021-08-09",-33.5695574971098
"UKENNW_UU_TP000076","2021-08-16",-34.7116266437035
"UKENNW_UU_TP000076","2021-08-23",-35.1402298186909
"UKENNW_UU_TP000076","2021-08-30",-37.5688973087131
"UKENNW_UU_TP000076","2021-09-06",-27.9967666162204
"UKENNW_UU_TP000076","2021-09-13",-28.1400112480498
"UKENNW_UU_TP000076","2021-09-20",-29.4259257874097
"UKENNW_UU_TP000076","2021-09-27",-29.1398565813421
"UKENNW_UU_TP000076","2021-10-04",-29.2827365176682
"UKENNW_UU_TP000076","2021-10-11",-28.5683824229756
"UKENNW_UU_TP000076","2021-10-18",-29.4257438507595
"UKENNW_UU_TP000076","2021-10-25",-36.7114129606375
"UKENNW_UU_TP000076","2021-11-01",-31.7115855332391
"UKENNW_UU_TP000076","2021-11-08",-28.853800804695
"UKENNW_UU_TP000076","2021-11-15",-27.8541333426809
"UKENNW_UU_TP000076","2021-11-22",-28.5689424845495
"UKENNW_UU_TP000076","2021-11-29",-28.9973226124223
"UKENNW_UU_TP000076","2021-12-06",-28.7112529952532
"UKENNW_UU_TP000076","2021-12-13",-28.2826681372613
"UKENNW_UU_TP000076","2021-12-20",-36.4254296297692
"UKENNW_UU_TP000076","2021-12-27",-65.2845082873672
"UKENNW_UU_TP000076","2022-01-03",-47.9981700361457
"UKENNW_UU_TP000076","2022-01-10",-29.9974365797671
"UKENNW_UU_TP000076","2022-01-17",-27.9974915307535
"UKENNW_UU_TP000076","2022-01-24",-27.7115948972876
"UKENNW_UU_TP000076","2022-01-31",-27.9961064278237
"UKENNW_UU_TP000076","2022-02-07",-27.7108292833915
"UKENNW_UU_TP000076","2022-02-14",-34.7112346782577
"UKENNW_UU_TP000076","2022-02-21",-30.1403527389826
"UKENNW_UU_TP000076","2022-02-28",-26.8540596635974
"UKENNW_UU_TP000076","2022-03-07",-26.2831687713753
"UKENNW_UU_TP000076","2022-03-14",-27.7112253142092
"UKENNW_UU_TP000076","2022-03-21",-27.5687922943153
"UKENNW_UU_TP000076","2022-03-28",-28.2827186117743
"UKENNW_UU_TP000076","2022-04-04",-32.8544841976622
"UKENNW_UU_TP000076","2022-04-11",-34.9971317228252
"UKENNW_UU_TP000076","2022-04-18",-39.5693389264688
"UKENNW_UU_TP000076","2022-04-25",-24.853782076598
"UKENNW_UU_TP000078","2021-05-03",0
"UKENNW_UU_TP000078","2021-05-10",-21.8891601482338
"UKENNW_UU_TP000078","2021-05-17",-21.1801049142153
"UKENNW_UU_TP000078","2021-05-24",-21.5923463363917
"UKENNW_UU_TP000078","2021-05-31",-36.0562851048087
"UKENNW_UU_TP000078","2021-06-07",-23.3808878305721
"UKENNW_UU_TP000078","2021-06-14",-21.9131842182468
"UKENNW_UU_TP000078","2021-06-21",-23.3202349240872
"UKENNW_UU_TP000078","2021-06-28",-24.7364275336235
"UKENNW_UU_TP000078","2021-07-05",-24.8718370205492
"UKENNW_UU_TP000078","2021-07-12",-25.1298202948566
"UKENNW_UU_TP000078","2021-07-19",-28.2564271265164
"UKENNW_UU_TP000078","2021-07-26",-31.5452367410872
"UKENNW_UU_TP000078","2021-08-02",-31.8218071287203
"UKENNW_UU_TP000078","2021-08-09",-31.7356315720198
"UKENNW_UU_TP000078","2021-08-16",-30.8625357264578
"UKENNW_UU_TP000078","2021-08-23",-30.0228625765198
"UKENNW_UU_TP000078","2021-08-30",-35.3296803010523
"UKENNW_UU_TP000078","2021-09-06",-24.0447821099101
"UKENNW_UU_TP000078","2021-09-13",-23.8515137338072
"UKENNW_UU_TP000078","2021-09-20",-24.5793156388822
"UKENNW_UU_TP000078","2021-09-27",-24.8513540087413
"UKENNW_UU_TP000078","2021-10-04",-24.719458961635
"UKENNW_UU_TP000078","2021-10-11",-23.2869142183499
"UKENNW_UU_TP000078","2021-10-18",-23.5727682634969
"UKENNW_UU_TP000078","2021-10-25",-30.4699256136918
"UKENNW_UU_TP000078","2021-11-01",-24.9132684042208
"UKENNW_UU_TP000078","2021-11-08",-22.4754732150352
"UKENNW_UU_TP000078","2021-11-15",-22.5783401539145
"UKENNW_UU_TP000078","2021-11-22",-22.8675886777463
"UKENNW_UU_TP000078","2021-11-29",-23.3004726694613
"UKENNW_UU_TP000078","2021-12-06",-23.4039981395673
"UKENNW_UU_TP000078","2021-12-13",-21.5584737476815
"UKENNW_UU_TP000078","2021-12-20",-29.2617574349499
"UKENNW_UU_TP000078","2021-12-27",-63.7335761158069
"UKENNW_UU_TP000078","2022-01-03",-46.2062706208005
"UKENNW_UU_TP000078","2022-01-10",-24.8888099159787
"UKENNW_UU_TP000078","2022-01-17",-22.0422877444362
"UKENNW_UU_TP000078","2022-01-24",-21.0541677573107
"UKENNW_UU_TP000078","2022-01-31",-20.8843577607376
"UKENNW_UU_TP000078","2022-02-07",-21.0268357238983
"UKENNW_UU_TP000078","2022-02-14",-21.9109687020419
"UKENNW_UU_TP000078","2022-02-21",-27.6454675606746
"UKENNW_UU_TP000078","2022-02-28",-21.8333457314444
"UKENNW_UU_TP000078","2022-03-07",-19.8834398436139
"UKENNW_UU_TP000078","2022-03-14",-19.8928830588586
"UKENNW_UU_TP000078","2022-03-21",-21.2976768251035
"UKENNW_UU_TP000078","2022-03-28",-21.0347623876923
"UKENNW_UU_TP000078","2022-04-04",-25.0709210307745
"UKENNW_UU_TP000078","2022-04-11",-28.0293345801484
"UKENNW_UU_TP000078","2022-04-18",-37.4473009653116
"UKENNW_UU_TP000078","2022-04-25",-18.4653892724767
"UKENNW_UU_TP000084","2021-05-03",0
"UKENNW_UU_TP000084","2021-05-10",-27.2874403844781
"UKENNW_UU_TP000084","2021-05-17",-26.0026563952568
"UKENNW_UU_TP000084","2021-05-24",-25.8594504949948
"UKENNW_UU_TP000084","2021-05-31",-37.0081079812122
"UKENNW_UU_TP000084","2021-06-07",-26.0121569600071
"UKENNW_UU_TP000084","2021-06-14",-23.8660048969796
"UKENNW_UU_TP000084","2021-06-21",-23.4364953389667
"UKENNW_UU_TP000084","2021-06-28",-24.0084868428001
"UKENNW_UU_TP000084","2021-07-05",-24.5812857265322
"UKENNW_UU_TP000084","2021-07-12",-24.8665314199109
"UKENNW_UU_TP000084","2021-07-19",-28.4352464155993
"UKENNW_UU_TP000084","2021-07-26",-31.1483004538535
"UKENNW_UU_TP000084","2021-08-02",-32.4353727768257
"UKENNW_UU_TP000084","2021-08-09",-33.1502123984449
"UKENNW_UU_TP000084","2021-08-16",-32.0076970984671
"UKENNW_UU_TP000084","2021-08-23",-32.5783395637667
"UKENNW_UU_TP000084","2021-08-30",-34.437148585007
"UKENNW_UU_TP000084","2021-09-06",-23.4376913830704
"UKENNW_UU_TP000084","2021-09-13",-23.1535790255674
"UKENNW_UU_TP000084","2021-09-20",-23.7246315960663
"UKENNW_UU_TP000084","2021-09-27",-23.1532904765288
"UKENNW_UU_TP000084","2021-10-04",-23.7233492921943
"UKENNW_UU_TP000084","2021-10-11",-22.0098316602421
"UKENNW_UU_TP000084","2021-10-18",-23.2943792559234
"UKENNW_UU_TP000084","2021-10-25",-30.2956721125249
"UKENNW_UU_TP000084","2021-11-01",-25.0089797905689
"UKENNW_UU_TP000084","2021-11-08",-22.0100749683077
"UKENNW_UU_TP000084","2021-11-15",-22.15153591577
"UKENNW_UU_TP000084","2021-11-22",-21.7257988689871
"UKENNW_UU_TP000084","2021-11-29",-23.5815871598515
"UKENNW_UU_TP000084","2021-12-06",-22.5804323292008
"UKENNW_UU_TP000084","2021-12-13",-22.2944799012831
"UKENNW_UU_TP000084","2021-12-20",-30.150901276413
"UKENNW_UU_TP000084","2021-12-27",-64.7213480061712
"UKENNW_UU_TP000084","2022-01-03",-45.5819659950921
"UKENNW_UU_TP000084","2022-01-10",-25.1526719187321
"UKENNW_UU_TP000084","2022-01-17",-23.7219879786149
"UKENNW_UU_TP000084","2022-01-24",-23.0074928933088
"UKENNW_UU_TP000084","2022-01-31",-21.00841321996
"UKENNW_UU_TP000084","2022-02-07",-21.293843928926
"UKENNW_UU_TP000084","2022-02-14",-21.7291146472639
"UKENNW_UU_TP000084","2022-02-21",-28.5750941320085
"UKENNW_UU_TP000084","2022-02-28",-21.5793442606455
"UKENNW_UU_TP000084","2022-03-07",-20.4366136462393
"UKENNW_UU_TP000084","2022-03-14",-20.5799558775694
"UKENNW_UU_TP000084","2022-03-21",-22.1508416509346
"UKENNW_UU_TP000084","2022-03-28",-22.0076276967188
"UKENNW_UU_TP000084","2022-04-04",-26.5769323999791
"UKENNW_UU_TP000084","2022-04-11",-28.8647534748365
"UKENNW_UU_TP000084","2022-04-18",-38.4360613203447
"UKENNW_UU_TP000084","2022-04-25",-19.2942529221304
"UKENNW_UU_TP000095","2021-05-03",0
"UKENNW_UU_TP000095","2021-05-10",-24.7142857142857
"UKENNW_UU_TP000095","2021-05-17",-23
"UKENNW_UU_TP000095","2021-05-24",-22.7142857142857
"UKENNW_UU_TP000095","2021-05-31",-35.2857142857143
"UKENNW_UU_TP000095","2021-06-07",-22.7142857142857
"UKENNW_UU_TP000095","2021-06-14",-20.1428571428571
"UKENNW_UU_TP000095","2021-06-21",-21.8571428571429
"UKENNW_UU_TP000095","2021-06-28",-23.5714285714286
"UKENNW_UU_TP000095","2021-07-05",-24.2857142857143
"UKENNW_UU_TP000095","2021-07-12",-24
"UKENNW_UU_TP000095","2021-07-19",-28.8571428571429
"UKENNW_UU_TP000095","2021-07-26",-31
"UKENNW_UU_TP000095","2021-08-02",-31.2857142857143
"UKENNW_UU_TP000095","2021-08-09",-31.4285714285714
"UKENNW_UU_TP000095","2021-08-16",-30.2857142857143
"UKENNW_UU_TP000095","2021-08-23",-30.1428571428571
"UKENNW_UU_TP000095","2021-08-30",-33.2857142857143
"UKENNW_UU_TP000095","2021-09-06",-21.8571428571429
"UKENNW_UU_TP000095","2021-09-13",-22
"UKENNW_UU_TP000095","2021-09-20",-22.5714285714286
"UKENNW_UU_TP000095","2021-09-27",-22
"UKENNW_UU_TP000095","2021-10-04",-21.7142857142857
"UKENNW_UU_TP000095","2021-10-11",-21.1428571428571
"UKENNW_UU_TP000095","2021-10-18",-21.1428571428571
"UKENNW_UU_TP000095","2021-10-25",-29.2857142857143
"UKENNW_UU_TP000095","2021-11-01",-24.1428571428571
"UKENNW_UU_TP000095","2021-11-08",-21.2857142857143
"UKENNW_UU_TP000095","2021-11-15",-20.5714285714286
"UKENNW_UU_TP000095","2021-11-22",-20.8571428571429
"UKENNW_UU_TP000095","2021-11-29",-22
"UKENNW_UU_TP000095","2021-12-06",-22.2857142857143
"UKENNW_UU_TP000095","2021-12-13",-20.8571428571429
"UKENNW_UU_TP000095","2021-12-20",-29.1428571428571
"UKENNW_UU_TP000095","2021-12-27",-61.8571428571429
"UKENNW_UU_TP000095","2022-01-03",-44.2857142857143
"UKENNW_UU_TP000095","2022-01-10",-23.8571428571429
"UKENNW_UU_TP000095","2022-01-17",-22.2857142857143
"UKENNW_UU_TP000095","2022-01-24",-21.4285714285714
"UKENNW_UU_TP000095","2022-01-31",-20.1428571428571
"UKENNW_UU_TP000095","2022-02-07",-19.7142857142857
"UKENNW_UU_TP000095","2022-02-14",-19.5714285714286
"UKENNW_UU_TP000095","2022-02-21",-28.1428571428571
"UKENNW_UU_TP000095","2022-02-28",-21.2857142857143
"UKENNW_UU_TP000095","2022-03-07",-19
"UKENNW_UU_TP000095","2022-03-14",-19.1428571428571
"UKENNW_UU_TP000095","2022-03-21",-20.5714285714286
"UKENNW_UU_TP000095","2022-03-28",-20.1428571428571
"UKENNW_UU_TP000095","2022-04-04",-20
"UKENNW_UU_TP000095","2022-04-11",-25
"UKENNW_UU_TP000095","2022-04-18",-40.4285714285714
"UKENNW_UU_TP000095","2022-04-25",-18.7142857142857
"UKENNW_UU_TP000102","2021-05-03",0
"UKENNW_UU_TP000102","2021-05-10",-15.5118309583959
"UKENNW_UU_TP000102","2021-05-17",-13.4334316400451
"UKENNW_UU_TP000102","2021-05-24",-13.39743029598
"UKENNW_UU_TP000102","2021-05-31",-27.7723131884593
"UKENNW_UU_TP000102","2021-06-07",-15.9585328794655
"UKENNW_UU_TP000102","2021-06-14",-13.9889555651665
"UKENNW_UU_TP000102","2021-06-21",-14.2754082943833
"UKENNW_UU_TP000102","2021-06-28",-14.3140909938144
"UKENNW_UU_TP000102","2021-07-05",-14.5334683181191
"UKENNW_UU_TP000102","2021-07-12",-14.6221691931718
"UKENNW_UU_TP000102","2021-07-19",-20.0253658627066
"UKENNW_UU_TP000102","2021-07-26",-22.1009719324752
"UKENNW_UU_TP000102","2021-08-02",-22.0665488886403
"UKENNW_UU_TP000102","2021-08-09",-22.7226244409928
"UKENNW_UU_TP000102","2021-08-16",-22.8507053435631
"UKENNW_UU_TP000102","2021-08-23",-22.3649638003022
"UKENNW_UU_TP000102","2021-08-30",-25.6495276154089
"UKENNW_UU_TP000102","2021-09-06",-14.243425493019
"UKENNW_UU_TP000102","2021-09-13",-15.2562180493001
"UKENNW_UU_TP000102","2021-09-20",-15.5063067494091
"UKENNW_UU_TP000102","2021-09-27",-14.5040572835423
"UKENNW_UU_TP000102","2021-10-04",-15.4465858147451
"UKENNW_UU_TP000102","2021-10-11",-14.6813190781727
"UKENNW_UU_TP000102","2021-10-18",-15.0265084996818
"UKENNW_UU_TP000102","2021-10-25",-22.7489383601884
"UKENNW_UU_TP000102","2021-11-01",-17.2557468385184
"UKENNW_UU_TP000102","2021-11-08",-13.9639409977334
"UKENNW_UU_TP000102","2021-11-15",-13.2479546445622
"UKENNW_UU_TP000102","2021-11-22",-12.8620679512663
"UKENNW_UU_TP000102","2021-11-29",-14.4768453137917
"UKENNW_UU_TP000102","2021-12-06",-13.4054551650756
"UKENNW_UU_TP000102","2021-12-13",-11.5164281913877
"UKENNW_UU_TP000102","2021-12-20",-21.4726716493623
"UKENNW_UU_TP000102","2021-12-27",-56.3594790791953
"UKENNW_UU_TP000102","2022-01-03",-36.8803229765059
"UKENNW_UU_TP000102","2022-01-10",-15.8517144358509
"UKENNW_UU_TP000102","2022-01-17",-13.9416723641765
"UKENNW_UU_TP000102","2022-01-24",-12.5627705064257
"UKENNW_UU_TP000102","2022-01-31",-11.9790258487552
"UKENNW_UU_TP000102","2022-02-07",-12.2969896785327
"UKENNW_UU_TP000102","2022-02-14",-19.4677884769277
"UKENNW_UU_TP000102","2022-02-21",-14.3149395125553
"UKENNW_UU_TP000102","2022-02-28",-10.2671794383246
"UKENNW_UU_TP000102","2022-03-07",-9.91807258731751
"UKENNW_UU_TP000102","2022-03-14",-10.8497489946818
"UKENNW_UU_TP000102","2022-03-21",-11.5800939886781
"UKENNW_UU_TP000102","2022-03-28",-11.0088704381375
"UKENNW_UU_TP000102","2022-04-04",-15.9553902642733
"UKENNW_UU_TP000102","2022-04-11",-18.1428126009768
"UKENNW_UU_TP000102","2022-04-18",-27.6673456929817
"UKENNW_UU_TP000102","2022-04-25",-8.86099127439107
"UKENNW_UU_TP000103","2021-05-03",0
"UKENNW_UU_TP000103","2021-05-10",-16.0775396698903
"UKENNW_UU_TP000103","2021-05-17",-14.3499168885982
"UKENNW_UU_TP000103","2021-05-24",-12.5319653873934
"UKENNW_UU_TP000103","2021-05-31",-27.8940313189434
"UKENNW_UU_TP000103","2021-06-07",-14.1006318898234
"UKENNW_UU_TP000103","2021-06-14",-11.1516315277133
"UKENNW_UU_TP000103","2021-06-21",-12.1662351435189
"UKENNW_UU_TP000103","2021-06-28",-13.2068186021898
"UKENNW_UU_TP000103","2021-07-05",-14.2853229158766
"UKENNW_UU_TP000103","2021-07-12",-14.4016189035142
"UKENNW_UU_TP000103","2021-07-19",-19.0553218366651
"UKENNW_UU_TP000103","2021-07-26",-22.7241638253933
"UKENNW_UU_TP000103","2021-08-02",-21.7474513159326
"UKENNW_UU_TP000103","2021-08-09",-22.1155544260946
"UKENNW_UU_TP000103","2021-08-16",-20.8665267081448
"UKENNW_UU_TP000103","2021-08-23",-20.6443630712401
"UKENNW_UU_TP000103","2021-08-30",-25.3647849939053
"UKENNW_UU_TP000103","2021-09-06",-12.7436396656544
"UKENNW_UU_TP000103","2021-09-13",-12.0582450816957
"UKENNW_UU_TP000103","2021-09-20",-12.8537834766343
"UKENNW_UU_TP000103","2021-09-27",-12.5244601120584
"UKENNW_UU_TP000103","2021-10-04",-12.9646095622441
"UKENNW_UU_TP000103","2021-10-11",-11.4240625598139
"UKENNW_UU_TP000103","2021-10-18",-11.9819047958074
"UKENNW_UU_TP000103","2021-10-25",-20.6832882001634
"UKENNW_UU_TP000103","2021-11-01",-14.3418472854943
"UKENNW_UU_TP000103","2021-11-08",-10.6064423332209
"UKENNW_UU_TP000103","2021-11-15",-11.1911068793839
"UKENNW_UU_TP000103","2021-11-22",-10.5947189282696
"UKENNW_UU_TP000103","2021-11-29",-11.8110758805311
"UKENNW_UU_TP000103","2021-12-06",-9.77859562781028
"UKENNW_UU_TP000103","2021-12-13",-9.39942220459102
"UKENNW_UU_TP000103","2021-12-20",-19.2680834503226
"UKENNW_UU_TP000103","2021-12-27",-56.5565389034353
"UKENNW_UU_TP000103","2022-01-03",-36.1225601026782
"UKENNW_UU_TP000103","2022-01-10",-14.2269338522624
"UKENNW_UU_TP000103","2022-01-17",-12.0800469323041
"UKENNW_UU_TP000103","2022-01-24",-11.2375520990288
"UKENNW_UU_TP000103","2022-01-31",-10.4712626549409
"UKENNW_UU_TP000103","2022-02-07",-9.88332594797985
"UKENNW_UU_TP000103","2022-02-14",-10.5292356713025
"UKENNW_UU_TP000103","2022-02-21",-19.656227816408
"UKENNW_UU_TP000103","2022-02-28",-11.8321364666924
"UKENNW_UU_TP000103","2022-03-07",-9.67514289564936
"UKENNW_UU_TP000103","2022-03-14",-9.86785012314922
"UKENNW_UU_TP000103","2022-03-21",-11.6049283575036
"UKENNW_UU_TP000103","2022-03-28",-10.6714480202916
"UKENNW_UU_TP000103","2022-04-04",-9.91051839661752
"UKENNW_UU_TP000103","2022-04-11",-15.8546299220608
"UKENNW_UU_TP000103","2022-04-18",-33.1938217345014
"UKENNW_UU_TP000103","2022-04-25",-10.6465601471531
"UKENNW_UU_TP000110","2021-05-03",0
"UKENNW_UU_TP000110","2021-05-10",-29.0260442927247
"UKENNW_UU_TP000110","2021-05-17",-28.8542095096659
"UKENNW_UU_TP000110","2021-05-24",-27.4331622340819
"UKENNW_UU_TP000110","2021-05-31",-38.0562557935513
"UKENNW_UU_TP000110","2021-06-07",-26.9696828794408
"UKENNW_UU_TP000110","2021-06-14",-25.3917061475507
"UKENNW_UU_TP000110","2021-06-21",-26.0762645711297
"UKENNW_UU_TP000110","2021-06-28",-28.0103083836905
"UKENNW_UU_TP000110","2021-07-05",-28.0987188100788
"UKENNW_UU_TP000110","2021-07-12",-28.2951014397178
"UKENNW_UU_TP000110","2021-07-19",-31.4927238797073
"UKENNW_UU_TP000110","2021-07-26",-33.631678260441
"UKENNW_UU_TP000110","2021-08-02",-34.0943980790054
"UKENNW_UU_TP000110","2021-08-09",-34.8706125618954
"UKENNW_UU_TP000110","2021-08-16",-34.3873453775726
"UKENNW_UU_TP000110","2021-08-23",-34.2192058458613
"UKENNW_UU_TP000110","2021-08-30",-36.3300923064256
"UKENNW_UU_TP000110","2021-09-06",-27.8007045100176
"UKENNW_UU_TP000110","2021-09-13",-27.942802351392
"UKENNW_UU_TP000110","2021-09-20",-27.9180281627908
"UKENNW_UU_TP000110","2021-09-27",-27.9177796094405
"UKENNW_UU_TP000110","2021-10-04",-27.9947186752566
"UKENNW_UU_TP000110","2021-10-11",-27.0326149006319
"UKENNW_UU_TP000110","2021-10-18",-27.4447598045784
"UKENNW_UU_TP000110","2021-10-25",-32.4063605217362
"UKENNW_UU_TP000110","2021-11-01",-27.5032010192974
"UKENNW_UU_TP000110","2021-11-08",-24.8689218620103
"UKENNW_UU_TP000110","2021-11-15",-24.3891732070671
"UKENNW_UU_TP000110","2021-11-22",-24.138983616711
"UKENNW_UU_TP000110","2021-11-29",-24.5911381415514
"UKENNW_UU_TP000110","2021-12-06",-24.2370931045694
"UKENNW_UU_TP000110","2021-12-13",-23.7344781378854
"UKENNW_UU_TP000110","2021-12-20",-30.6532133316504
"UKENNW_UU_TP000110","2021-12-27",-62.0340185045639
"UKENNW_UU_TP000110","2022-01-03",-46.9720524719478
"UKENNW_UU_TP000110","2022-01-10",-28.1148147584535
"UKENNW_UU_TP000110","2022-01-17",-25.8028776068505
"UKENNW_UU_TP000110","2022-01-24",-25.4734224156657
"UKENNW_UU_TP000110","2022-01-31",-24.1987245635077
"UKENNW_UU_TP000110","2022-02-07",-24.6221692018169
"UKENNW_UU_TP000110","2022-02-14",-25.5480752816585
"UKENNW_UU_TP000110","2022-02-21",-29.8663861779575
"UKENNW_UU_TP000110","2022-02-28",-24.7289043787129
"UKENNW_UU_TP000110","2022-03-07",-22.7110119049868
"UKENNW_UU_TP000110","2022-03-14",-23.1057255977677
"UKENNW_UU_TP000110","2022-03-21",-23.5350173624164
"UKENNW_UU_TP000110","2022-03-28",-22.962203320577
"UKENNW_UU_TP000110","2022-04-04",-24.4986040829354
"UKENNW_UU_TP000110","2022-04-11",-28.963586391771
"UKENNW_UU_TP000110","2022-04-18",-40.3812435196212
"UKENNW_UU_TP000110","2022-04-25",-22.1482569169306
"UKENNW_UU_TP000115","2021-05-03",0
"UKENNW_UU_TP000115","2021-05-10",-24.99885289876
"UKENNW_UU_TP000115","2021-05-17",-24.5633607051983
"UKENNW_UU_TP000115","2021-05-24",-24.5598297245582
"UKENNW_UU_TP000115","2021-05-31",-38.516690029014
"UKENNW_UU_TP000115","2021-06-07",-27.9539036424287
"UKENNW_UU_TP000115","2021-06-14",-24.6785184108505
"UKENNW_UU_TP000115","2021-06-21",-26.0669972268633
"UKENNW_UU_TP000115","2021-06-28",-26.3801152815201
"UKENNW_UU_TP000115","2021-07-05",-27.3748224547694
"UKENNW_UU_TP000115","2021-07-12",-28.0821331701601
"UKENNW_UU_TP000115","2021-07-19",-29.5149076779941
"UKENNW_UU_TP000115","2021-07-26",-33.7919927231941
"UKENNW_UU_TP000115","2021-08-02",-33.9441337364601
"UKENNW_UU_TP000115","2021-08-09",-35.069340016953
"UKENNW_UU_TP000115","2021-08-16",-34.6465977222437
"UKENNW_UU_TP000115","2021-08-23",-34.6481902346835
"UKENNW_UU_TP000115","2021-08-30",-36.9316365557459
"UKENNW_UU_TP000115","2021-09-06",-27.6382569497047
"UKENNW_UU_TP000115","2021-09-13",-27.3442039321743
"UKENNW_UU_TP000115","2021-09-20",-27.8943278777167
"UKENNW_UU_TP000115","2021-09-27",-27.7674847098956
"UKENNW_UU_TP000115","2021-10-04",-28.8990308702815
"UKENNW_UU_TP000115","2021-10-11",-28.0251830524734
"UKENNW_UU_TP000115","2021-10-18",-27.6227940836753
"UKENNW_UU_TP000115","2021-10-25",-34.8968938187334
"UKENNW_UU_TP000115","2021-11-01",-29.3486937691038
"UKENNW_UU_TP000115","2021-11-08",-26.9097249871132
"UKENNW_UU_TP000115","2021-11-15",-26.8940807764797
"UKENNW_UU_TP000115","2021-11-22",-27.3144587693772
"UKENNW_UU_TP000115","2021-11-29",-27.0528793594778
"UKENNW_UU_TP000115","2021-12-06",-26.7601093008913
"UKENNW_UU_TP000115","2021-12-13",-25.4912223887983
"UKENNW_UU_TP000115","2021-12-20",-30.943128672718
"UKENNW_UU_TP000115","2021-12-27",-65.1095497304096
"UKENNW_UU_TP000115","2022-01-03",-49.3573148253751
"UKENNW_UU_TP000115","2022-01-10",-29.7454115157099
"UKENNW_UU_TP000115","2022-01-17",-27.0528284415908
"UKENNW_UU_TP000115","2022-01-24",-26.1981920234668
"UKENNW_UU_TP000115","2022-01-31",-24.7770802446003
"UKENNW_UU_TP000115","2022-02-07",-25.0527454237936
"UKENNW_UU_TP000115","2022-02-14",-30.5440751047075
"UKENNW_UU_TP000115","2022-02-21",-29.1138031697871
"UKENNW_UU_TP000115","2022-02-28",-24.2317124101811
"UKENNW_UU_TP000115","2022-03-07",-24.6186033018115
"UKENNW_UU_TP000115","2022-03-14",-25.17862430606
"UKENNW_UU_TP000115","2022-03-21",-25.3511853278414
"UKENNW_UU_TP000115","2022-03-28",-25.3372353876302
"UKENNW_UU_TP000115","2022-04-04",-29.3054420215346
"UKENNW_UU_TP000115","2022-04-11",-32.4716052797172
"UKENNW_UU_TP000115","2022-04-18",-40.5179039216049
"UKENNW_UU_TP000115","2022-04-25",-23.3397100937987
"UKENNW_UU_TP000116","2021-05-03",0
"UKENNW_UU_TP000116","2021-05-10",-29.565844195306
"UKENNW_UU_TP000116","2021-05-17",-28.715870451678
"UKENNW_UU_TP000116","2021-05-24",-28.3072169482312
"UKENNW_UU_TP000116","2021-05-31",-41.5532717043756
"UKENNW_UU_TP000116","2021-06-07",-33.3508277515542
"UKENNW_UU_TP000116","2021-06-14",-29.4394585297354
"UKENNW_UU_TP000116","2021-06-21",-28.3056798204702
"UKENNW_UU_TP000116","2021-06-28",-29.1437591379566
"UKENNW_UU_TP000116","2021-07-05",-30.335582852052
"UKENNW_UU_TP000116","2021-07-12",-30.3212446248914
"UKENNW_UU_TP000116","2021-07-19",-32.3380266527438
"UKENNW_UU_TP000116","2021-07-26",-33.9447709881122
"UKENNW_UU_TP000116","2021-08-02",-35.9727600234222
"UKENNW_UU_TP000116","2021-08-09",-37.1484891275636
"UKENNW_UU_TP000116","2021-08-16",-36.4653236685527
"UKENNW_UU_TP000116","2021-08-23",-36.5686695417506
"UKENNW_UU_TP000116","2021-08-30",-39.2166768520022
"UKENNW_UU_TP000116","2021-09-06",-28.5859766993992
"UKENNW_UU_TP000116","2021-09-13",-29.0832703338748
"UKENNW_UU_TP000116","2021-09-20",-29.7778004123818
"UKENNW_UU_TP000116","2021-09-27",-29.116834389514
"UKENNW_UU_TP000116","2021-10-04",-29.1024961623534
"UKENNW_UU_TP000116","2021-10-11",-27.8138082700874
"UKENNW_UU_TP000116","2021-10-18",-28.351142979624
"UKENNW_UU_TP000116","2021-10-25",-35.8879525601498
"UKENNW_UU_TP000116","2021-11-01",-30.2908164642334
"UKENNW_UU_TP000116","2021-11-08",-27.84912870924
"UKENNW_UU_TP000116","2021-11-15",-27.1133356544752
"UKENNW_UU_TP000116","2021-11-22",-28.1509376049083
"UKENNW_UU_TP000116","2021-11-29",-28.6202422055794
"UKENNW_UU_TP000116","2021-12-06",-27.6393057434684
"UKENNW_UU_TP000116","2021-12-13",-27.4910311921895
"UKENNW_UU_TP000116","2021-12-20",-35.0743495127794
"UKENNW_UU_TP000116","2021-12-27",-68.1159464237842
"UKENNW_UU_TP000116","2022-01-03",-51.2603929819958
"UKENNW_UU_TP000116","2022-01-10",-30.8716956610464
"UKENNW_UU_TP000116","2022-01-17",-28.4443461323626
"UKENNW_UU_TP000116","2022-01-24",-27.6212971373081
"UKENNW_UU_TP000116","2022-01-31",-26.0122666161011
"UKENNW_UU_TP000116","2022-02-07",-26.0869360350433
"UKENNW_UU_TP000116","2022-02-14",-30.8762680340328
"UKENNW_UU_TP000116","2022-02-21",-30.3811989499951
"UKENNW_UU_TP000116","2022-02-28",-25.8533195413831
"UKENNW_UU_TP000116","2022-03-07",-25.0661207898356
"UKENNW_UU_TP000116","2022-03-14",-25.2902866601408
"UKENNW_UU_TP000116","2022-03-21",-26.5102570230901
"UKENNW_UU_TP000116","2022-03-28",-26.233463556442
"UKENNW_UU_TP000116","2022-04-04",-30.3550232584518
"UKENNW_UU_TP000116","2022-04-11",-33.2780723296693
"UKENNW_UU_TP000116","2022-04-18",-41.5315544646575
"UKENNW_UU_TP000116","2022-04-25",-23.641215064462
"UKENNW_UU_TP000124","2021-05-03",0
"UKENNW_UU_TP000124","2021-05-10",-25.6273235853123
"UKENNW_UU_TP000124","2021-05-17",-25.0554591499399
"UKENNW_UU_TP000124","2021-05-24",-25.1132195166303
"UKENNW_UU_TP000124","2021-05-31",-37.4139957337573
"UKENNW_UU_TP000124","2021-06-07",-27.5993600242492
"UKENNW_UU_TP000124","2021-06-14",-24.7726233182569
"UKENNW_UU_TP000124","2021-06-21",-24.3199356037582
"UKENNW_UU_TP000124","2021-06-28",-25.9078423177529
"UKENNW_UU_TP000124","2021-07-05",-26.6885692174566
"UKENNW_UU_TP000124","2021-07-12",-27.1347030002965
"UKENNW_UU_TP000124","2021-07-19",-28.4835520881992
"UKENNW_UU_TP000124","2021-07-26",-32.5286342313427
"UKENNW_UU_TP000124","2021-08-02",-32.7965661126799
"UKENNW_UU_TP000124","2021-08-09",-33.4525686246567
"UKENNW_UU_TP000124","2021-08-16",-33.1750281787552
"UKENNW_UU_TP000124","2021-08-23",-33.1634231743043
"UKENNW_UU_TP000124","2021-08-30",-35.5414330144406
"UKENNW_UU_TP000124","2021-09-06",-25.9852193603481
"UKENNW_UU_TP000124","2021-09-13",-25.1962608324752
"UKENNW_UU_TP000124","2021-09-20",-24.8476392707775
"UKENNW_UU_TP000124","2021-09-27",-25.283311804953
"UKENNW_UU_TP000124","2021-10-04",-25.9399324855462
"UKENNW_UU_TP000124","2021-10-11",-24.3789411886323
"UKENNW_UU_TP000124","2021-10-18",-25.2992017843786
"UKENNW_UU_TP000124","2021-10-25",-31.8997936587977
"UKENNW_UU_TP000124","2021-11-01",-27.3742918389749
"UKENNW_UU_TP000124","2021-11-08",-24.5280645630681
"UKENNW_UU_TP000124","2021-11-15",-24.0241894039589
"UKENNW_UU_TP000124","2021-11-22",-23.9127133845029
"UKENNW_UU_TP000124","2021-11-29",-24.5592574547201
"UKENNW_UU_TP000124","2021-12-06",-24.1207705609911
"UKENNW_UU_TP000124","2021-12-13",-23.5958615936611
"UKENNW_UU_TP000124","2021-12-20",-30.1675033530232
"UKENNW_UU_TP000124","2021-12-27",-64.4509928391931
"UKENNW_UU_TP000124","2022-01-03",-47.1277185452408
"UKENNW_UU_TP000124","2022-01-10",-26.2830962759124
"UKENNW_UU_TP000124","2022-01-17",-24.4888070261598
"UKENNW_UU_TP000124","2022-01-24",-23.925568613018
"UKENNW_UU_TP000124","2022-01-31",-22.7755045229491
"UKENNW_UU_TP000124","2022-02-07",-22.6238203399817
"UKENNW_UU_TP000124","2022-02-14",-24.3039422234731
"UKENNW_UU_TP000124","2022-02-21",-29.7043397987603
"UKENNW_UU_TP000124","2022-02-28",-23.6686127396238
"UKENNW_UU_TP000124","2022-03-07",-22.0985827523125
"UKENNW_UU_TP000124","2022-03-14",-22.0711313646534
"UKENNW_UU_TP000124","2022-03-21",-23.5355020798548
"UKENNW_UU_TP000124","2022-03-28",-22.9753351523679
"UKENNW_UU_TP000124","2022-04-04",-25.9307586910604
"UKENNW_UU_TP000124","2022-04-11",-29.9935949045488
"UKENNW_UU_TP000124","2022-04-18",-39.3376698221354
"UKENNW_UU_TP000124","2022-04-25",-21.2114938609189
"UKENNW_UU_TP000133","2021-05-03",0
"UKENNW_UU_TP000133","2021-05-10",-21.919790909565
"UKENNW_UU_TP000133","2021-05-17",-21.188209290288
"UKENNW_UU_TP000133","2021-05-24",-21.5706660232032
"UKENNW_UU_TP000133","2021-05-31",-35.9815744428771
"UKENNW_UU_TP000133","2021-06-07",-23.3380814503813
"UKENNW_UU_TP000133","2021-06-14",-21.8447048198244
"UKENNW_UU_TP000133","2021-06-21",-23.2203780782233
"UKENNW_UU_TP000133","2021-06-28",-24.6042978895509
"UKENNW_UU_TP000133","2021-07-05",-24.7540803393966
"UKENNW_UU_TP000133","2021-07-12",-24.9902274754871
"UKENNW_UU_TP000133","2021-07-19",-28.2100071053964
"UKENNW_UU_TP000133","2021-07-26",-31.4428706513344
"UKENNW_UU_TP000133","2021-08-02",-31.7273203233839
"UKENNW_UU_TP000133","2021-08-09",-31.6464774483769
"UKENNW_UU_TP000133","2021-08-16",-30.8342327347122
"UKENNW_UU_TP000133","2021-08-23",-30.0282481488071
"UKENNW_UU_TP000133","2021-08-30",-35.2264198893803
"UKENNW_UU_TP000133","2021-09-06",-23.9076799123183
"UKENNW_UU_TP000133","2021-09-13",-23.731644428384
"UKENNW_UU_TP000133","2021-09-20",-24.4185871193189
"UKENNW_UU_TP000133","2021-09-27",-24.6896431533571
"UKENNW_UU_TP000133","2021-10-04",-24.5966870656656
"UKENNW_UU_TP000133","2021-10-11",-23.1608880373257
"UKENNW_UU_TP000133","2021-10-18",-23.462520131711
"UKENNW_UU_TP000133","2021-10-25",-30.4169900124611
"UKENNW_UU_TP000133","2021-11-01",-24.8347721900352
"UKENNW_UU_TP000133","2021-11-08",-22.3785618370108
"UKENNW_UU_TP000133","2021-11-15",-22.4536452473315
"UKENNW_UU_TP000133","2021-11-22",-22.7218291812585
"UKENNW_UU_TP000133","2021-11-29",-23.1823897426309
"UKENNW_UU_TP000133","2021-12-06",-23.2185760839093
"UKENNW_UU_TP000133","2021-12-13",-21.4173855969653
"UKENNW_UU_TP000133","2021-12-20",-29.1687165683502
"UKENNW_UU_TP000133","2021-12-27",-63.7258334362363
"UKENNW_UU_TP000133","2022-01-03",-46.1685433512038
"UKENNW_UU_TP000133","2022-01-10",-24.784270834704
"UKENNW_UU_TP000133","2022-01-17",-21.989348738842
"UKENNW_UU_TP000133","2022-01-24",-20.9382455302323
"UKENNW_UU_TP000133","2022-01-31",-20.78815214946
"UKENNW_UU_TP000133","2022-02-07",-20.8968963490813
"UKENNW_UU_TP000133","2022-02-14",-22.0989005443487
"UKENNW_UU_TP000133","2022-02-21",-27.3925650133938
"UKENNW_UU_TP000133","2022-02-28",-21.6574892913884
"UKENNW_UU_TP000133","2022-03-07",-19.7487509760527
"UKENNW_UU_TP000133","2022-03-14",-19.7989214541482
"UKENNW_UU_TP000133","2022-03-21",-21.1924618639697
"UKENNW_UU_TP000133","2022-03-28",-20.9005194546162
"UKENNW_UU_TP000133","2022-04-04",-25.0160939596694
"UKENNW_UU_TP000133","2022-04-11",-27.9374809701774
"UKENNW_UU_TP000133","2022-04-18",-37.3269655975596
"UKENNW_UU_TP000133","2022-04-25",-18.314895368065
"UKENSO_SW_TP000001","2021-05-03",0
"UKENSO_SW_TP000001","2021-05-10",-32.9590860073186
"UKENSO_SW_TP000001","2021-05-17",-33.3636505200359
"UKENSO_SW_TP000001","2021-05-24",-32.057014303407
"UKENSO_SW_TP000001","2021-05-31",-41.7115594653753
"UKENSO_SW_TP000001","2021-06-07",-32.1608223906363
"UKENSO_SW_TP000001","2021-06-14",-30.7894710513192
"UKENSO_SW_TP000001","2021-06-21",-31.5141710189508
"UKENSO_SW_TP000001","2021-06-28",-31.1827143061817
"UKENSO_SW_TP000001","2021-07-05",-32.0057533751375
"UKENSO_SW_TP000001","2021-07-12",-32.4892173025392
"UKENSO_SW_TP000001","2021-07-19",-33.8949606027895
"UKENSO_SW_TP000001","2021-07-26",-36.5914350206244
"UKENSO_SW_TP000001","2021-08-02",-38.8058985470656
"UKENSO_SW_TP000001","2021-08-09",-39.8644460290005
"UKENSO_SW_TP000001","2021-08-16",-39.2829936077557
"UKENSO_SW_TP000001","2021-08-23",-38.9465744676659
"UKENSO_SW_TP000001","2021-08-30",-41.9509172868487
"UKENSO_SW_TP000001","2021-09-06",-33.358710823547
"UKENSO_SW_TP000001","2021-09-13",-32.5841215878179
"UKENSO_SW_TP000001","2021-09-20",-33.2697369442277
"UKENSO_SW_TP000001","2021-09-27",-32.3011953077363
"UKENSO_SW_TP000001","2021-10-04",-33.221832920247
"UKENSO_SW_TP000001","2021-10-11",-31.2398877988187
"UKENSO_SW_TP000001","2021-10-18",-32.2006878089175
"UKENSO_SW_TP000001","2021-10-25",-35.624233823829
"UKENSO_SW_TP000001","2021-11-01",-30.9564849447948
"UKENSO_SW_TP000001","2021-11-08",-28.5366167739277
"UKENSO_SW_TP000001","2021-11-15",-27.9673770016998
"UKENSO_SW_TP000001","2021-11-22",-27.89674662694
"UKENSO_SW_TP000001","2021-11-29",-27.9938741675045
"UKENSO_SW_TP000001","2021-12-06",-26.9591439706107
"UKENSO_SW_TP000001","2021-12-13",-27.6232434374921
"UKENSO_SW_TP000001","2021-12-20",-38.2408922395346
"UKENSO_SW_TP000001","2021-12-27",-67.0141216350079
"UKENSO_SW_TP000001","2022-01-03",-48.7036302141618
"UKENSO_SW_TP000001","2022-01-10",-30.6452351245875
"UKENSO_SW_TP000001","2022-01-17",-28.9217199686824
"UKENSO_SW_TP000001","2022-01-24",-29.5918712443961
"UKENSO_SW_TP000001","2022-01-31",-28.1236958212564
"UKENSO_SW_TP000001","2022-02-07",-27.564371320734
"UKENSO_SW_TP000001","2022-02-14",-27.4932359401404
"UKENSO_SW_TP000001","2022-02-21",-34.6149033810428
"UKENSO_SW_TP000001","2022-02-28",-28.3920426112355
"UKENSO_SW_TP000001","2022-03-07",-25.4255675946967
"UKENSO_SW_TP000001","2022-03-14",-25.9375744529082
"UKENSO_SW_TP000001","2022-03-21",-26.314008392802
"UKENSO_SW_TP000001","2022-03-28",-28.0123852183125
"UKENSO_SW_TP000001","2022-04-04",-26.7166606839194
"UKENSO_SW_TP000001","2022-04-11",-33.0740161324364
"UKENSO_SW_TP000001","2022-04-18",-46.4005620338497
"UKENSO_SW_TP000001","2022-04-25",-26.1135853477861
"UKENSO_SW_TP000004","2021-05-03",0
"UKENSO_SW_TP000004","2021-05-10",-26.4921826501309
"UKENSO_SW_TP000004","2021-05-17",-26.4312264628002
"UKENSO_SW_TP000004","2021-05-24",-24.9570671931498
"UKENSO_SW_TP000004","2021-05-31",-36.8823614924863
"UKENSO_SW_TP000004","2021-06-07",-24.8307998006926
"UKENSO_SW_TP000004","2021-06-14",-23.2217352769873
"UKENSO_SW_TP000004","2021-06-21",-24.2667072424004
"UKENSO_SW_TP000004","2021-06-28",-25.2802611006519
"UKENSO_SW_TP000004","2021-07-05",-24.7154782243924
"UKENSO_SW_TP000004","2021-07-12",-25.7007377218044
"UKENSO_SW_TP000004","2021-07-19",-26.5627278632534
"UKENSO_SW_TP000004","2021-07-26",-31.6249623583632
"UKENSO_SW_TP000004","2021-08-02",-32.7917384802552
"UKENSO_SW_TP000004","2021-08-09",-33.6352459615597
"UKENSO_SW_TP000004","2021-08-16",-33.3947018909571
"UKENSO_SW_TP000004","2021-08-23",-32.6181396485729
"UKENSO_SW_TP000004","2021-08-30",-36.2845849237615
"UKENSO_SW_TP000004","2021-09-06",-25.1702533915004
"UKENSO_SW_TP000004","2021-09-13",-25.9237013144421
"UKENSO_SW_TP000004","2021-09-20",-25.8486837547787
"UKENSO_SW_TP000004","2021-09-27",-25.874842506313
"UKENSO_SW_TP000004","2021-10-04",-26.7552908340521
"UKENSO_SW_TP000004","2021-10-11",-25.3686252178502
"UKENSO_SW_TP000004","2021-10-18",-25.5152894280481
"UKENSO_SW_TP000004","2021-10-25",-31.3500704141945
"UKENSO_SW_TP000004","2021-11-01",-26.7072365470049
"UKENSO_SW_TP000004","2021-11-08",-23.592123091202
"UKENSO_SW_TP000004","2021-11-15",-23.6411995847689
"UKENSO_SW_TP000004","2021-11-22",-23.9920676237166
"UKENSO_SW_TP000004","2021-11-29",-23.6414767035121
"UKENSO_SW_TP000004","2021-12-06",-23.1974822388344
"UKENSO_SW_TP000004","2021-12-13",-23.467903052112
"UKENSO_SW_TP000004","2021-12-20",-32.4807303267764
"UKENSO_SW_TP000004","2021-12-27",-63.936368767341
"UKENSO_SW_TP000004","2022-01-03",-42.9623634760983
"UKENSO_SW_TP000004","2022-01-10",-24.0901163991742
"UKENSO_SW_TP000004","2022-01-17",-23.2676653042531
"UKENSO_SW_TP000004","2022-01-24",-23.0930465267608
"UKENSO_SW_TP000004","2022-01-31",-23.0557241814685
"UKENSO_SW_TP000004","2022-02-07",-23.0366187303629
"UKENSO_SW_TP000004","2022-02-14",-22.9148333019145
"UKENSO_SW_TP000004","2022-02-21",-31.5145470904363
"UKENSO_SW_TP000004","2022-02-28",-23.3362843150523
"UKENSO_SW_TP000004","2022-03-07",-21.4857371528803
"UKENSO_SW_TP000004","2022-03-14",-22.9099235226822
"UKENSO_SW_TP000004","2022-03-21",-22.7313868472838
"UKENSO_SW_TP000004","2022-03-28",-21.3852397320333
"UKENSO_SW_TP000004","2022-04-04",-21.5578639305333
"UKENSO_SW_TP000004","2022-04-11",-26.9712643887098
"UKENSO_SW_TP000004","2022-04-18",-41.0646147667796
"UKENSO_SW_TP000004","2022-04-25",-19.7631065448481
"UKENSO_SW_TP000008","2021-05-03",0
"UKENSO_SW_TP000008","2021-05-10",-20.5758421496009
"UKENSO_SW_TP000008","2021-05-17",-19.958163917459
"UKENSO_SW_TP000008","2021-05-24",-18.2202358029908
"UKENSO_SW_TP000008","2021-05-31",-30.7420277799177
"UKENSO_SW_TP000008","2021-06-07",-16.4069460481386
"UKENSO_SW_TP000008","2021-06-14",-14.8246892902247
"UKENSO_SW_TP000008","2021-06-21",-15.5434713590948
"UKENSO_SW_TP000008","2021-06-28",-17.0168220232409
"UKENSO_SW_TP000008","2021-07-05",-17.0425521195622
"UKENSO_SW_TP000008","2021-07-12",-18.6180757722766
"UKENSO_SW_TP000008","2021-07-19",-18.9632438318374
"UKENSO_SW_TP000008","2021-07-26",-23.8829261608141
"UKENSO_SW_TP000008","2021-08-02",-25.9381495396474
"UKENSO_SW_TP000008","2021-08-09",-27.1408989238336
"UKENSO_SW_TP000008","2021-08-16",-26.4692128932322
"UKENSO_SW_TP000008","2021-08-23",-26.6216408244119
"UKENSO_SW_TP000008","2021-08-30",-30.0505288724727
"UKENSO_SW_TP000008","2021-09-06",-17.2269236310882
"UKENSO_SW_TP000008","2021-09-13",-16.8153040134443
"UKENSO_SW_TP000008","2021-09-20",-16.8897604394873
"UKENSO_SW_TP000008","2021-09-27",-16.7702496824237
"UKENSO_SW_TP000008","2021-10-04",-18.220321989339
"UKENSO_SW_TP000008","2021-10-11",-16.7692816027968
"UKENSO_SW_TP000008","2021-10-18",-17.2839690500523
"UKENSO_SW_TP000008","2021-10-25",-24.7779224439629
"UKENSO_SW_TP000008","2021-11-01",-19.4724235722502
"UKENSO_SW_TP000008","2021-11-08",-16.7079481595024
"UKENSO_SW_TP000008","2021-11-15",-17.050941920319
"UKENSO_SW_TP000008","2021-11-22",-16.3984842660433
"UKENSO_SW_TP000008","2021-11-29",-16.8306830860071
"UKENSO_SW_TP000008","2021-12-06",-16.1724767183253
"UKENSO_SW_TP000008","2021-12-13",-16.4726678780478
"UKENSO_SW_TP000008","2021-12-20",-26.5501993111434
"UKENSO_SW_TP000008","2021-12-27",-63.0387330535064
"UKENSO_SW_TP000008","2022-01-03",-38.7952019164284
"UKENSO_SW_TP000008","2022-01-10",-16.8964080314429
"UKENSO_SW_TP000008","2022-01-17",-15.758282369181
"UKENSO_SW_TP000008","2022-01-24",-14.4384171035624
"UKENSO_SW_TP000008","2022-01-31",-13.7929072667508
"UKENSO_SW_TP000008","2022-02-07",-14.3614337778401
"UKENSO_SW_TP000008","2022-02-14",-13.8333937690278
"UKENSO_SW_TP000008","2022-02-21",-24.3987343829423
"UKENSO_SW_TP000008","2022-02-28",-15.5274565361772
"UKENSO_SW_TP000008","2022-03-07",-12.9504035185988
"UKENSO_SW_TP000008","2022-03-14",-14.4999105860045
"UKENSO_SW_TP000008","2022-03-21",-15.9002770136705
"UKENSO_SW_TP000008","2022-03-28",-15.1113644127393
"UKENSO_SW_TP000008","2022-04-04",-14.6882377060485
"UKENSO_SW_TP000008","2022-04-11",-22.5947017853608
"UKENSO_SW_TP000008","2022-04-18",-40.2129457649027
"UKENSO_SW_TP000008","2022-04-25",-13.9065250778912
"UKENSO_SW_TP000011","2021-05-03",0
"UKENSO_SW_TP000011","2021-05-10",-20.2714371092822
"UKENSO_SW_TP000011","2021-05-17",-19.2690193015834
"UKENSO_SW_TP000011","2021-05-24",-17.5821855138201
"UKENSO_SW_TP000011","2021-05-31",-30.0685838794813
"UKENSO_SW_TP000011","2021-06-07",-17.6482722480124
"UKENSO_SW_TP000011","2021-06-14",-15.2247452255301
"UKENSO_SW_TP000011","2021-06-21",-16.0812575319118
"UKENSO_SW_TP000011","2021-06-28",-17.9152161643762
"UKENSO_SW_TP000011","2021-07-05",-16.9421210564141
"UKENSO_SW_TP000011","2021-07-12",-18.2221812643472
"UKENSO_SW_TP000011","2021-07-19",-18.9452320520816
"UKENSO_SW_TP000011","2021-07-26",-21.6794657209633
"UKENSO_SW_TP000011","2021-08-02",-24.3731520508227
"UKENSO_SW_TP000011","2021-08-09",-24.1211743201731
"UKENSO_SW_TP000011","2021-08-16",-23.688230794412
"UKENSO_SW_TP000011","2021-08-23",-23.6738742803896
"UKENSO_SW_TP000011","2021-08-30",-28.8029010646398
"UKENSO_SW_TP000011","2021-09-06",-17.0707052015255
"UKENSO_SW_TP000011","2021-09-13",-16.3688843489787
"UKENSO_SW_TP000011","2021-09-20",-17.8030263390547
"UKENSO_SW_TP000011","2021-09-27",-16.9489944775793
"UKENSO_SW_TP000011","2021-10-04",-18.6358073862735
"UKENSO_SW_TP000011","2021-10-11",-15.7974140194118
"UKENSO_SW_TP000011","2021-10-18",-17.6320658398449
"UKENSO_SW_TP000011","2021-10-25",-26.1807737048028
"UKENSO_SW_TP000011","2021-11-01",-19.6275267101018
"UKENSO_SW_TP000011","2021-11-08",-17.1771365537201
"UKENSO_SW_TP000011","2021-11-15",-17.3311765777246
"UKENSO_SW_TP000011","2021-11-22",-17.4821264851309
"UKENSO_SW_TP000011","2021-11-29",-19.4402554073787
"UKENSO_SW_TP000011","2021-12-06",-17.0310848989188
"UKENSO_SW_TP000011","2021-12-13",-17.7360167471331
"UKENSO_SW_TP000011","2021-12-20",-26.7491956759098
"UKENSO_SW_TP000011","2021-12-27",-60.0807981923903
"UKENSO_SW_TP000011","2022-01-03",-37.7921817017002
"UKENSO_SW_TP000011","2022-01-10",-18.1915348258807
"UKENSO_SW_TP000011","2022-01-17",-16.8964457950258
"UKENSO_SW_TP000011","2022-01-24",-16.0593344087557
"UKENSO_SW_TP000011","2022-01-31",-15.4654148006173
"UKENSO_SW_TP000011","2022-02-07",-15.5976360968115
"UKENSO_SW_TP000011","2022-02-14",-15.7485860042178
"UKENSO_SW_TP000011","2022-02-21",-25.5999703882337
"UKENSO_SW_TP000011","2022-02-28",-17.0342794108629
"UKENSO_SW_TP000011","2022-03-07",-15.3030941004411
"UKENSO_SW_TP000011","2022-03-14",-16.4484108091354
"UKENSO_SW_TP000011","2022-03-21",-15.487759683843
"UKENSO_SW_TP000011","2022-03-28",-15.7729269350728
"UKENSO_SW_TP000011","2022-04-04",-14.3449860572625
"UKENSO_SW_TP000011","2022-04-11",-20.5034399365951
"UKENSO_SW_TP000011","2022-04-18",-36.5089061027539
"UKENSO_SW_TP000011","2022-04-25",-13.3468777095459
"UKENSO_SW_TP000013","2021-05-03",0
"UKENSO_SW_TP000013","2021-05-10",-20.6331348894641
"UKENSO_SW_TP000013","2021-05-17",-20.7462957827826
"UKENSO_SW_TP000013","2021-05-24",-19.346801758642
"UKENSO_SW_TP000013","2021-05-31",-34.1628055443387
"UKENSO_SW_TP000013","2021-06-07",-20.7665723208859
"UKENSO_SW_TP000013","2021-06-14",-17.5289997157704
"UKENSO_SW_TP000013","2021-06-21",-18.1204087462834
"UKENSO_SW_TP000013","2021-06-28",-18.4544406648441
"UKENSO_SW_TP000013","2021-07-05",-19.6576014963799
"UKENSO_SW_TP000013","2021-07-12",-22.659706297077
"UKENSO_SW_TP000013","2021-07-19",-23.0168514643185
"UKENSO_SW_TP000013","2021-07-26",-28.4132791330013
"UKENSO_SW_TP000013","2021-08-02",-29.8273434088461
"UKENSO_SW_TP000013","2021-08-09",-30.7599790207283
"UKENSO_SW_TP000013","2021-08-16",-30.0956658923525
"UKENSO_SW_TP000013","2021-08-23",-29.5883895307925
"UKENSO_SW_TP000013","2021-08-30",-31.774721781889
"UKENSO_SW_TP000013","2021-09-06",-19.7776376636063
"UKENSO_SW_TP000013","2021-09-13",-19.8059748373684
"UKENSO_SW_TP000013","2021-09-20",-20.4423622604094
"UKENSO_SW_TP000013","2021-09-27",-20.1977626511081
"UKENSO_SW_TP000013","2021-10-04",-21.9096065956493
"UKENSO_SW_TP000013","2021-10-11",-19.2820423071355
"UKENSO_SW_TP000013","2021-10-18",-20.091225312662
"UKENSO_SW_TP000013","2021-10-25",-27.7704606587405
"UKENSO_SW_TP000013","2021-11-01",-22.6521900424027
"UKENSO_SW_TP000013","2021-11-08",-18.9668615189576
"UKENSO_SW_TP000013","2021-11-15",-18.6933678101056
"UKENSO_SW_TP000013","2021-11-22",-18.8765435524192
"UKENSO_SW_TP000013","2021-11-29",-20.6007395584568
"UKENSO_SW_TP000013","2021-12-06",-18.3471900424462
"UKENSO_SW_TP000013","2021-12-13",-20.1570932328828
"UKENSO_SW_TP000013","2021-12-20",-29.6083827445063
"UKENSO_SW_TP000013","2021-12-27",-65.8796346820384
"UKENSO_SW_TP000013","2022-01-03",-41.6333285281535
"UKENSO_SW_TP000013","2022-01-10",-19.8042138320508
"UKENSO_SW_TP000013","2022-01-17",-18.1506654489688
"UKENSO_SW_TP000013","2022-01-24",-18.7758007508665
"UKENSO_SW_TP000013","2022-01-31",-16.7000342006838
"UKENSO_SW_TP000013","2022-02-07",-16.6631969832216
"UKENSO_SW_TP000013","2022-02-14",-16.0646260057218
"UKENSO_SW_TP000013","2022-02-21",-26.9532331032459
"UKENSO_SW_TP000013","2022-02-28",-16.9713918689149
"UKENSO_SW_TP000013","2022-03-07",-14.1980904028245
"UKENSO_SW_TP000013","2022-03-14",-15.0952909031764
"UKENSO_SW_TP000013","2022-03-21",-17.3094098762714
"UKENSO_SW_TP000013","2022-03-28",-16.0425315571082
"UKENSO_SW_TP000013","2022-04-04",-15.4354952570628
"UKENSO_SW_TP000013","2022-04-11",-22.3646704737018
"UKENSO_SW_TP000013","2022-04-18",-39.9308300019049
"UKENSO_SW_TP000013","2022-04-25",-14.5277609996537
"UKENSO_SW_TP000016","2021-05-03",0
"UKENSO_SW_TP000016","2021-05-10",-13.7142857142857
"UKENSO_SW_TP000016","2021-05-17",-11.5714285714286
"UKENSO_SW_TP000016","2021-05-24",-9.42857142857143
"UKENSO_SW_TP000016","2021-05-31",-22
"UKENSO_SW_TP000016","2021-06-07",-6.85714285714286
"UKENSO_SW_TP000016","2021-06-14",-5.14285714285714
"UKENSO_SW_TP000016","2021-06-21",-4
"UKENSO_SW_TP000016","2021-06-28",-5.14285714285714
"UKENSO_SW_TP000016","2021-07-05",-4.14285714285714
"UKENSO_SW_TP000016","2021-07-12",-4.85714285714286
"UKENSO_SW_TP000016","2021-07-19",-7.28571428571429
"UKENSO_SW_TP000016","2021-07-26",-12.8571428571429
"UKENSO_SW_TP000016","2021-08-02",-15.2857142857143
"UKENSO_SW_TP000016","2021-08-09",-14.4285714285714
"UKENSO_SW_TP000016","2021-08-16",-13.2857142857143
"UKENSO_SW_TP000016","2021-08-23",-12.1428571428571
"UKENSO_SW_TP000016","2021-08-30",-14.7142857142857
"UKENSO_SW_TP000016","2021-09-06",-5
"UKENSO_SW_TP000016","2021-09-13",-5.28571428571429
"UKENSO_SW_TP000016","2021-09-20",-9.28571428571429
"UKENSO_SW_TP000016","2021-09-27",-7.28571428571429
"UKENSO_SW_TP000016","2021-10-04",-9.71428571428572
"UKENSO_SW_TP000016","2021-10-11",-8.85714285714286
"UKENSO_SW_TP000016","2021-10-18",-15.5714285714286
"UKENSO_SW_TP000016","2021-10-25",-17.7142857142857
"UKENSO_SW_TP000016","2021-11-01",-10.8571428571429
"UKENSO_SW_TP000016","2021-11-08",-9.71428571428572
"UKENSO_SW_TP000016","2021-11-15",-10.1428571428571
"UKENSO_SW_TP000016","2021-11-22",-9.42857142857143
"UKENSO_SW_TP000016","2021-11-29",-10.7142857142857
"UKENSO_SW_TP000016","2021-12-06",-9.85714285714286
"UKENSO_SW_TP000016","2021-12-13",-8
"UKENSO_SW_TP000016","2021-12-20",-16.5714285714286
"UKENSO_SW_TP000016","2021-12-27",-54.7142857142857
"UKENSO_SW_TP000016","2022-01-03",-29.2857142857143
"UKENSO_SW_TP000016","2022-01-10",-10.4285714285714
"UKENSO_SW_TP000016","2022-01-17",-9
"UKENSO_SW_TP000016","2022-01-24",-8.71428571428571
"UKENSO_SW_TP000016","2022-01-31",-7.28571428571429
"UKENSO_SW_TP000016","2022-02-07",-7.71428571428571
"UKENSO_SW_TP000016","2022-02-14",-7.85714285714286
"UKENSO_SW_TP000016","2022-02-21",-18.4285714285714
"UKENSO_SW_TP000016","2022-02-28",-8.85714285714286
"UKENSO_SW_TP000016","2022-03-07",-6.71428571428571
"UKENSO_SW_TP000016","2022-03-14",-7.71428571428571
"UKENSO_SW_TP000016","2022-03-21",-9.57142857142857
"UKENSO_SW_TP000016","2022-03-28",-8.14285714285714
"UKENSO_SW_TP000016","2022-04-04",-8
"UKENSO_SW_TP000016","2022-04-11",-13.2857142857143
"UKENSO_SW_TP000016","2022-04-18",-26.2857142857143
"UKENSO_SW_TP000016","2022-04-25",-4.42857142857143
"UKENSO_SW_TP000022","2021-05-03",0
"UKENSO_SW_TP000022","2021-05-10",-18.2826562817975
"UKENSO_SW_TP000022","2021-05-17",-18.0097263240242
"UKENSO_SW_TP000022","2021-05-24",-15.3112829415963
"UKENSO_SW_TP000022","2021-05-31",-27.4224554207378
"UKENSO_SW_TP000022","2021-06-07",-14.7907155257948
"UKENSO_SW_TP000022","2021-06-14",-12.1145066391952
"UKENSO_SW_TP000022","2021-06-21",-12.2351292862241
"UKENSO_SW_TP000022","2021-06-28",-12.1525834668813
"UKENSO_SW_TP000022","2021-07-05",-12.4224554207378
"UKENSO_SW_TP000022","2021-07-12",-14.1017223112542
"UKENSO_SW_TP000022","2021-07-19",-16.3715942651107
"UKENSO_SW_TP000022","2021-07-26",-22.289048445768
"UKENSO_SW_TP000022","2021-08-02",-22.9113381728237
"UKENSO_SW_TP000022","2021-08-09",-23.0097263240242
"UKENSO_SW_TP000022","2021-08-16",-23.0319608198525
"UKENSO_SW_TP000022","2021-08-23",-23.6256238871094
"UKENSO_SW_TP000022","2021-08-30",-25.49860907611
"UKENSO_SW_TP000022","2021-09-06",-12.7684810299665
"UKENSO_SW_TP000022","2021-09-13",-13.7367963662509
"UKENSO_SW_TP000022","2021-09-20",-14.5208435719384
"UKENSO_SW_TP000022","2021-09-27",-14.9652573323676
"UKENSO_SW_TP000022","2021-10-04",-16.0161184879947
"UKENSO_SW_TP000022","2021-10-11",-14.197052458538
"UKENSO_SW_TP000022","2021-10-18",-15.2034446225085
"UKENSO_SW_TP000022","2021-10-25",-23.3621440972234
"UKENSO_SW_TP000022","2021-11-01",-17.933572668652
"UKENSO_SW_TP000022","2021-11-08",-14.6542505469082
"UKENSO_SW_TP000022","2021-11-15",-15.209836786479
"UKENSO_SW_TP000022","2021-11-22",-16.0161184879947
"UKENSO_SW_TP000022","2021-11-29",-15.9844338242791
"UKENSO_SW_TP000022","2021-12-06",-16.0828219754796
"UKENSO_SW_TP000022","2021-12-13",-14.4733165763649
"UKENSO_SW_TP000022","2021-12-20",-23.5336278998794
"UKENSO_SW_TP000022","2021-12-27",-57.5969972273106
"UKENSO_SW_TP000022","2022-01-03",-34.9177303367942
"UKENSO_SW_TP000022","2022-01-10",-15.4797087403354
"UKENSO_SW_TP000022","2022-01-17",-14.1876022906506
"UKENSO_SW_TP000022","2022-01-24",-13.682877206707
"UKENSO_SW_TP000022","2022-01-31",-13.7367963662509
"UKENSO_SW_TP000022","2022-02-07",-13.7304042022804
"UKENSO_SW_TP000022","2022-02-14",-22.2795982778807
"UKENSO_SW_TP000022","2022-02-21",-17.4002209249095
"UKENSO_SW_TP000022","2022-02-28",-11.9844338242791
"UKENSO_SW_TP000022","2022-03-07",-12.6320160510799
"UKENSO_SW_TP000022","2022-03-14",-13.933572668652
"UKENSO_SW_TP000022","2022-03-21",-14.6320160510799
"UKENSO_SW_TP000022","2022-03-28",-15.2479136141651
"UKENSO_SW_TP000022","2022-04-04",-21.4669244123944
"UKENSO_SW_TP000022","2022-04-11",-22.143133298994
"UKENSO_SW_TP000022","2022-04-18",-27.0161184879947
"UKENSO_SW_TP000022","2022-04-25",-10.5875470594233
"UKENSO_SW_TP000025","2021-05-03",0
"UKENSO_SW_TP000025","2021-05-10",-25.7148022691265
"UKENSO_SW_TP000025","2021-05-17",-24.7496965575771
"UKENSO_SW_TP000025","2021-05-24",-24.1347302029826
"UKENSO_SW_TP000025","2021-05-31",-36.6466230507268
"UKENSO_SW_TP000025","2021-06-07",-25.1683560426626
"UKENSO_SW_TP000025","2021-06-14",-23.427864727314
"UKENSO_SW_TP000025","2021-06-21",-23.1429106121042
"UKENSO_SW_TP000025","2021-06-28",-23.8994871245628
"UKENSO_SW_TP000025","2021-07-05",-23.6206230113878
"UKENSO_SW_TP000025","2021-07-12",-24.9055398689239
"UKENSO_SW_TP000025","2021-07-19",-26.9538753204166
"UKENSO_SW_TP000025","2021-07-26",-31.6789592895873
"UKENSO_SW_TP000025","2021-08-02",-33.0760445312878
"UKENSO_SW_TP000025","2021-08-09",-34.7442605877844
"UKENSO_SW_TP000025","2021-08-16",-33.3540755007056
"UKENSO_SW_TP000025","2021-08-23",-32.951272207165
"UKENSO_SW_TP000025","2021-08-30",-35.0932220408541
"UKENSO_SW_TP000025","2021-09-06",-24.72642240587
"UKENSO_SW_TP000025","2021-09-13",-24.3025222459538
"UKENSO_SW_TP000025","2021-09-20",-24.466088318566
"UKENSO_SW_TP000025","2021-09-27",-24.8902901851856
"UKENSO_SW_TP000025","2021-10-04",-25.170283881828
"UKENSO_SW_TP000025","2021-10-11",-24.2837696870065
"UKENSO_SW_TP000025","2021-10-18",-25.5712591327506
"UKENSO_SW_TP000025","2021-10-25",-31.6606871887117
"UKENSO_SW_TP000025","2021-11-01",-27.881879501883
"UKENSO_SW_TP000025","2021-11-08",-23.8670913763456
"UKENSO_SW_TP000025","2021-11-15",-23.3265045926819
"UKENSO_SW_TP000025","2021-11-22",-22.6630605849503
"UKENSO_SW_TP000025","2021-11-29",-24.0250370828276
"UKENSO_SW_TP000025","2021-12-06",-23.0578471382892
"UKENSO_SW_TP000025","2021-12-13",-23.0292663285412
"UKENSO_SW_TP000025","2021-12-20",-31.5060953285064
"UKENSO_SW_TP000025","2021-12-27",-65.6380926776044
"UKENSO_SW_TP000025","2022-01-03",-44.2543731876978
"UKENSO_SW_TP000025","2022-01-10",-24.7250265872031
"UKENSO_SW_TP000025","2022-01-17",-23.1689575671653
"UKENSO_SW_TP000025","2022-01-24",-22.8957593480275
"UKENSO_SW_TP000025","2022-01-31",-22.0229612259334
"UKENSO_SW_TP000025","2022-02-07",-22.4395813723111
"UKENSO_SW_TP000025","2022-02-14",-28.9307653947974
"UKENSO_SW_TP000025","2022-02-21",-25.9167998759038
"UKENSO_SW_TP000025","2022-02-28",-21.3279544198478
"UKENSO_SW_TP000025","2022-03-07",-20.9269814473801
"UKENSO_SW_TP000025","2022-03-14",-21.0774797433782
"UKENSO_SW_TP000025","2022-03-21",-22.0798569454645
"UKENSO_SW_TP000025","2022-03-28",-21.5271900338635
"UKENSO_SW_TP000025","2022-04-04",-27.4202742214186
"UKENSO_SW_TP000025","2022-04-11",-29.5482913397124
"UKENSO_SW_TP000025","2022-04-18",-37.3203438099504
"UKENSO_SW_TP000025","2022-04-25",-18.5225736674743
"UKENSO_SW_TP000026","2021-05-03",0
"UKENSO_SW_TP000026","2021-05-10",-25.5512060180512
"UKENSO_SW_TP000026","2021-05-17",-25.2643891841932
"UKENSO_SW_TP000026","2021-05-24",-24.4057887902742
"UKENSO_SW_TP000026","2021-05-31",-37.264666832843
"UKENSO_SW_TP000026","2021-06-07",-24.835948577146
"UKENSO_SW_TP000026","2021-06-14",-21.9786979634125
"UKENSO_SW_TP000026","2021-06-21",-23.404963784474
"UKENSO_SW_TP000026","2021-06-28",-22.2657306559473
"UKENSO_SW_TP000026","2021-07-05",-21.9807879514348
"UKENSO_SW_TP000026","2021-07-12",-24.2646744237068
"UKENSO_SW_TP000026","2021-07-19",-26.4099445585923
"UKENSO_SW_TP000026","2021-07-26",-31.2673033009886
"UKENSO_SW_TP000026","2021-08-02",-33.1218641814376
"UKENSO_SW_TP000026","2021-08-09",-33.6926838980852
"UKENSO_SW_TP000026","2021-08-16",-32.4100297552045
"UKENSO_SW_TP000026","2021-08-23",-32.5525246906376
"UKENSO_SW_TP000026","2021-08-30",-34.8386399088153
"UKENSO_SW_TP000026","2021-09-06",-23.123475122503
"UKENSO_SW_TP000026","2021-09-13",-22.9785981963343
"UKENSO_SW_TP000026","2021-09-20",-23.1224957518666
"UKENSO_SW_TP000026","2021-09-27",-25.120683545377
"UKENSO_SW_TP000026","2021-10-04",-25.1216929833359
"UKENSO_SW_TP000026","2021-10-11",-23.4066215463976
"UKENSO_SW_TP000026","2021-10-18",-25.2633550563393
"UKENSO_SW_TP000026","2021-10-25",-32.4081863348094
"UKENSO_SW_TP000026","2021-11-01",-27.264257857714
"UKENSO_SW_TP000026","2021-11-08",-23.6921966490032
"UKENSO_SW_TP000026","2021-11-15",-23.5506496311117
"UKENSO_SW_TP000026","2021-11-22",-24.9768231430759
"UKENSO_SW_TP000026","2021-11-29",-25.4047545029608
"UKENSO_SW_TP000026","2021-12-06",-24.690507673174
"UKENSO_SW_TP000026","2021-12-13",-23.5483520131142
"UKENSO_SW_TP000026","2021-12-20",-31.4092036559744
"UKENSO_SW_TP000026","2021-12-27",-65.8454857027603
"UKENSO_SW_TP000026","2022-01-03",-42.8414841132423
"UKENSO_SW_TP000026","2022-01-10",-23.4088018730603
"UKENSO_SW_TP000026","2022-01-17",-22.9781032235057
"UKENSO_SW_TP000026","2022-01-24",-22.4077382891453
"UKENSO_SW_TP000026","2022-01-31",-22.6922419246297
"UKENSO_SW_TP000026","2022-02-07",-22.6929508919844
"UKENSO_SW_TP000026","2022-02-14",-29.551220159502
"UKENSO_SW_TP000026","2022-02-21",-26.4067978827376
"UKENSO_SW_TP000026","2022-02-28",-21.4073914760614
"UKENSO_SW_TP000026","2022-03-07",-22.121167996338
"UKENSO_SW_TP000026","2022-03-14",-22.8349913108962
"UKENSO_SW_TP000026","2022-03-21",-23.263617124613
"UKENSO_SW_TP000026","2022-03-28",-22.8349066192391
"UKENSO_SW_TP000026","2022-04-04",-28.2663775675632
"UKENSO_SW_TP000026","2022-04-11",-29.9809025243783
"UKENSO_SW_TP000026","2022-04-18",-37.5531957340403
"UKENSO_SW_TP000026","2022-04-25",-18.4079008561066
"UKENSO_SW_TP000028","2021-05-03",0
"UKENSO_SW_TP000028","2021-05-10",-16.4514603188551
"UKENSO_SW_TP000028","2021-05-17",-15.6396704739786
"UKENSO_SW_TP000028","2021-05-24",-13.9703795691433
"UKENSO_SW_TP000028","2021-05-31",-26.1369033720081
"UKENSO_SW_TP000028","2021-06-07",-13.8629456585514
"UKENSO_SW_TP000028","2021-06-14",-10.9940206432356
"UKENSO_SW_TP000028","2021-06-21",-11.543916377898
"UKENSO_SW_TP000028","2021-06-28",-11.7201652734405
"UKENSO_SW_TP000028","2021-07-05",-11.1370057156698
"UKENSO_SW_TP000028","2021-07-12",-13.4320357194151
"UKENSO_SW_TP000028","2021-07-19",-16.0815949938252
"UKENSO_SW_TP000028","2021-07-26",-21.729455405556
"UKENSO_SW_TP000028","2021-08-02",-21.2679527707769
"UKENSO_SW_TP000028","2021-08-09",-21.6968312303334
"UKENSO_SW_TP000028","2021-08-16",-22.5226905721169
"UKENSO_SW_TP000028","2021-08-23",-22.6871828954019
"UKENSO_SW_TP000028","2021-08-30",-24.6202202886231
"UKENSO_SW_TP000028","2021-09-06",-12.534600659867
"UKENSO_SW_TP000028","2021-09-13",-11.6205017336928
"UKENSO_SW_TP000028","2021-09-20",-13.2132840404796
"UKENSO_SW_TP000028","2021-09-27",-14.334454831078
"UKENSO_SW_TP000028","2021-10-04",-15.5343703866282
"UKENSO_SW_TP000028","2021-10-11",-12.994225330559
"UKENSO_SW_TP000028","2021-10-18",-14.7438063475328
"UKENSO_SW_TP000028","2021-10-25",-22.4342718863183
"UKENSO_SW_TP000028","2021-11-01",-16.7417236961221
"UKENSO_SW_TP000028","2021-11-08",-13.2367971849947
"UKENSO_SW_TP000028","2021-11-15",-13.7315124710513
"UKENSO_SW_TP000028","2021-11-22",-14.4767490837958
"UKENSO_SW_TP000028","2021-11-29",-14.676843740754
"UKENSO_SW_TP000028","2021-12-06",-13.9602962736496
"UKENSO_SW_TP000028","2021-12-13",-12.9840396914035
"UKENSO_SW_TP000028","2021-12-20",-22.65574586455
"UKENSO_SW_TP000028","2021-12-27",-58.2812291043057
"UKENSO_SW_TP000028","2022-01-03",-34.1053384115791
"UKENSO_SW_TP000028","2022-01-10",-14.7337486379545
"UKENSO_SW_TP000028","2022-01-17",-13.139062781165
"UKENSO_SW_TP000028","2022-01-24",-12.9316327139249
"UKENSO_SW_TP000028","2022-01-31",-13.1173252570755
"UKENSO_SW_TP000028","2022-02-07",-13.6884979693498
"UKENSO_SW_TP000028","2022-02-14",-21.081825267064
"UKENSO_SW_TP000028","2022-02-21",-16.896107137998
"UKENSO_SW_TP000028","2022-02-28",-11.5578579452279
"UKENSO_SW_TP000028","2022-03-07",-12.6125522614406
"UKENSO_SW_TP000028","2022-03-14",-13.3579423896777
"UKENSO_SW_TP000028","2022-03-21",-13.1150890901723
"UKENSO_SW_TP000028","2022-03-28",-13.136417239615
"UKENSO_SW_TP000028","2022-04-04",-19.7629750878186
"UKENSO_SW_TP000028","2022-04-11",-21.0726374786102
"UKENSO_SW_TP000028","2022-04-18",-26.3582238347474
"UKENSO_SW_TP000028","2022-04-25",-9.31304992388897
"UKENSO_SW_TP000030","2021-05-03",0
"UKENSO_SW_TP000030","2021-05-10",-11.8274723277432
"UKENSO_SW_TP000030","2021-05-17",-10.4982243568006
"UKENSO_SW_TP000030","2021-05-24",-8.41017873070463
"UKENSO_SW_TP000030","2021-05-31",-23.3543343488442
"UKENSO_SW_TP000030","2021-06-07",-10.3863819364919
"UKENSO_SW_TP000030","2021-06-14",-7.68857396093246
"UKENSO_SW_TP000030","2021-06-21",-7.15543197958784
"UKENSO_SW_TP000030","2021-06-28",-8.92096414855377
"UKENSO_SW_TP000030","2021-07-05",-9.92566923790368
"UKENSO_SW_TP000030","2021-07-12",-10.5737585830722
"UKENSO_SW_TP000030","2021-07-19",-14.4955067712242
"UKENSO_SW_TP000030","2021-07-26",-19.1124946988717
"UKENSO_SW_TP000030","2021-08-02",-20.1876906443064
"UKENSO_SW_TP000030","2021-08-09",-20.2127887828687
"UKENSO_SW_TP000030","2021-08-16",-19.9030009113917
"UKENSO_SW_TP000030","2021-08-23",-19.7826447938986
"UKENSO_SW_TP000030","2021-08-30",-22.9459596809379
"UKENSO_SW_TP000030","2021-09-06",-10.0399821480723
"UKENSO_SW_TP000030","2021-09-13",-8.9587325577146
"UKENSO_SW_TP000030","2021-09-20",-9.16951686168278
"UKENSO_SW_TP000030","2021-09-27",-9.71079168460528
"UKENSO_SW_TP000030","2021-10-04",-9.20097564584776
"UKENSO_SW_TP000030","2021-10-11",-7.8704904429739
"UKENSO_SW_TP000030","2021-10-18",-8.63115925991325
"UKENSO_SW_TP000030","2021-10-25",-17.9418683518401
"UKENSO_SW_TP000030","2021-11-01",-12.2903992639299
"UKENSO_SW_TP000030","2021-11-08",-7.70479413526228
"UKENSO_SW_TP000030","2021-11-15",-8.25935037371289
"UKENSO_SW_TP000030","2021-11-22",-8.21408007207343
"UKENSO_SW_TP000030","2021-11-29",-7.51810497797801
"UKENSO_SW_TP000030","2021-12-06",-7.53160669921334
"UKENSO_SW_TP000030","2021-12-13",-6.58554461191235
"UKENSO_SW_TP000030","2021-12-20",-16.733273896351
"UKENSO_SW_TP000030","2021-12-27",-58.4196471684573
"UKENSO_SW_TP000030","2022-01-03",-32.2619809433093
"UKENSO_SW_TP000030","2022-01-10",-7.69884763760757
"UKENSO_SW_TP000030","2022-01-17",-6.41302088854451
"UKENSO_SW_TP000030","2022-01-24",-6.30767809500775
"UKENSO_SW_TP000030","2022-01-31",-5.51024994958297
"UKENSO_SW_TP000030","2022-02-07",-5.79614158378101
"UKENSO_SW_TP000030","2022-02-14",-14.2141864155437
"UKENSO_SW_TP000030","2022-02-21",-9.99841105085788
"UKENSO_SW_TP000030","2022-02-28",-5.28416601438193
"UKENSO_SW_TP000030","2022-03-07",-5.15627614723691
"UKENSO_SW_TP000030","2022-03-14",-5.80948710391855
"UKENSO_SW_TP000030","2022-03-21",-7.20721044863784
"UKENSO_SW_TP000030","2022-03-28",-6.43343989842178
"UKENSO_SW_TP000030","2022-04-04",-14.1072464640204
"UKENSO_SW_TP000030","2022-04-11",-15.9573454091831
"UKENSO_SW_TP000030","2022-04-18",-26.471328099772
"UKENSO_SW_TP000030","2022-04-25",-3.15554572398995
"UKENSO_SW_TP000033","2021-05-03",0
"UKENSO_SW_TP000033","2021-05-10",-24.2690718626128
"UKENSO_SW_TP000033","2021-05-17",-24.8418109711797
"UKENSO_SW_TP000033","2021-05-24",-22.5582128086314
"UKENSO_SW_TP000033","2021-05-31",-34.9939995299972
"UKENSO_SW_TP000033","2021-06-07",-22.4210384229869
"UKENSO_SW_TP000033","2021-06-14",-19.7077225844972
"UKENSO_SW_TP000033","2021-06-21",-19.9946807511183
"UKENSO_SW_TP000033","2021-06-28",-20.7069381818469
"UKENSO_SW_TP000033","2021-07-05",-20.5613964483088
"UKENSO_SW_TP000033","2021-07-12",-20.8526745697376
"UKENSO_SW_TP000033","2021-07-19",-21.999722535204
"UKENSO_SW_TP000033","2021-07-26",-28.5664665285784
"UKENSO_SW_TP000033","2021-08-02",-30.1359493704307
"UKENSO_SW_TP000033","2021-08-09",-32.2753935090573
"UKENSO_SW_TP000033","2021-08-16",-32.4158497753412
"UKENSO_SW_TP000033","2021-08-23",-33.4146320255574
"UKENSO_SW_TP000033","2021-08-30",-33.2786532387314
"UKENSO_SW_TP000033","2021-09-06",-22.98686575718
"UKENSO_SW_TP000033","2021-09-13",-21.8482058509489
"UKENSO_SW_TP000033","2021-09-20",-22.7037266831559
"UKENSO_SW_TP000033","2021-09-27",-22.7084399904062
"UKENSO_SW_TP000033","2021-10-04",-24.7028792729833
"UKENSO_SW_TP000033","2021-10-11",-22.8464549493933
"UKENSO_SW_TP000033","2021-10-18",-23.8502013319048
"UKENSO_SW_TP000033","2021-10-25",-30.4245133984606
"UKENSO_SW_TP000033","2021-11-01",-26.1347636467059
"UKENSO_SW_TP000033","2021-11-08",-22.1355163732611
"UKENSO_SW_TP000033","2021-11-15",-20.1398065603181
"UKENSO_SW_TP000033","2021-11-22",-19.7160795678841
"UKENSO_SW_TP000033","2021-11-29",-21.7132287934474
"UKENSO_SW_TP000033","2021-12-06",-20.2857270381319
"UKENSO_SW_TP000033","2021-12-13",-19.9968198462095
"UKENSO_SW_TP000033","2021-12-20",-31.8422734035137
"UKENSO_SW_TP000033","2021-12-27",-63.4323022635512
"UKENSO_SW_TP000033","2022-01-03",-40.7143296278756
"UKENSO_SW_TP000033","2022-01-10",-21.707108621737
"UKENSO_SW_TP000033","2022-01-17",-22.1333286604749
"UKENSO_SW_TP000033","2022-01-24",-21.2779056331972
"UKENSO_SW_TP000033","2022-01-31",-20.7068525975258
"UKENSO_SW_TP000033","2022-02-07",-19.8528996124854
"UKENSO_SW_TP000033","2022-02-14",-28.2761034184683
"UKENSO_SW_TP000033","2022-02-21",-24.7073833165764
"UKENSO_SW_TP000033","2022-02-28",-19.9916561178568
"UKENSO_SW_TP000033","2022-03-07",-20.5638035686439
"UKENSO_SW_TP000033","2022-03-14",-20.9929734918252
"UKENSO_SW_TP000033","2022-03-21",-20.1406168336097
"UKENSO_SW_TP000033","2022-03-28",-19.2845131012715
"UKENSO_SW_TP000033","2022-04-04",-27.847439472478
"UKENSO_SW_TP000033","2022-04-11",-30.987317481477
"UKENSO_SW_TP000033","2022-04-18",-35.5704547251827
"UKENSO_SW_TP000033","2022-04-25",-18.1332717162606
"UKENSO_SW_TP000083","2021-05-03",0
"UKENSO_SW_TP000083","2021-05-10",-25.5179277957275
"UKENSO_SW_TP000083","2021-05-17",-25.3208133943289
"UKENSO_SW_TP000083","2021-05-24",-24.8155392347172
"UKENSO_SW_TP000083","2021-05-31",-37.6103414462818
"UKENSO_SW_TP000083","2021-06-07",-27.4279378682648
"UKENSO_SW_TP000083","2021-06-14",-25.0414585118407
"UKENSO_SW_TP000083","2021-06-21",-25.826952390946
"UKENSO_SW_TP000083","2021-06-28",-26.4419462602489
"UKENSO_SW_TP000083","2021-07-05",-26.7647351483926
"UKENSO_SW_TP000083","2021-07-12",-27.6277990584487
"UKENSO_SW_TP000083","2021-07-19",-29.2011769634569
"UKENSO_SW_TP000083","2021-07-26",-33.6489001345342
"UKENSO_SW_TP000083","2021-08-02",-33.9192090621814
"UKENSO_SW_TP000083","2021-08-09",-34.8483049696797
"UKENSO_SW_TP000083","2021-08-16",-34.3154037439029
"UKENSO_SW_TP000083","2021-08-23",-34.0451505933951
"UKENSO_SW_TP000083","2021-08-30",-36.7256240926436
"UKENSO_SW_TP000083","2021-09-06",-26.1448321561809
"UKENSO_SW_TP000083","2021-09-13",-26.9271478191242
"UKENSO_SW_TP000083","2021-09-20",-26.5863662263522
"UKENSO_SW_TP000083","2021-09-27",-27.5827299219372
"UKENSO_SW_TP000083","2021-10-04",-27.2768220953667
"UKENSO_SW_TP000083","2021-10-11",-26.2237512652694
"UKENSO_SW_TP000083","2021-10-18",-26.6932103179444
"UKENSO_SW_TP000083","2021-10-25",-32.9190323449223
"UKENSO_SW_TP000083","2021-11-01",-28.8146324440523
"UKENSO_SW_TP000083","2021-11-08",-25.7400222024307
"UKENSO_SW_TP000083","2021-11-15",-25.6728415340841
"UKENSO_SW_TP000083","2021-11-22",-27.2830087184937
"UKENSO_SW_TP000083","2021-11-29",-26.70042862389
"UKENSO_SW_TP000083","2021-12-06",-25.7190279988994
"UKENSO_SW_TP000083","2021-12-13",-26.0227892921264
"UKENSO_SW_TP000083","2021-12-20",-33.2184847706824
"UKENSO_SW_TP000083","2021-12-27",-64.580362994383
"UKENSO_SW_TP000083","2022-01-03",-44.8286795971003
"UKENSO_SW_TP000083","2022-01-10",-27.5991284607187
"UKENSO_SW_TP000083","2022-01-17",-25.9828232708179
"UKENSO_SW_TP000083","2022-01-24",-25.7565621638367
"UKENSO_SW_TP000083","2022-01-31",-24.5408343198631
"UKENSO_SW_TP000083","2022-02-07",-24.8675949273405
"UKENSO_SW_TP000083","2022-02-14",-25.8854109147097
"UKENSO_SW_TP000083","2022-02-21",-33.879045841109
"UKENSO_SW_TP000083","2022-02-28",-26.9105535548338
"UKENSO_SW_TP000083","2022-03-07",-25.7360275228133
"UKENSO_SW_TP000083","2022-03-14",-26.4834175944497
"UKENSO_SW_TP000083","2022-03-21",-26.7527301339128
"UKENSO_SW_TP000083","2022-03-28",-26.1378251175646
"UKENSO_SW_TP000083","2022-04-04",-24.0792096293559
"UKENSO_SW_TP000083","2022-04-11",-29.5703181735789
"UKENSO_SW_TP000083","2022-04-18",-43.1286490957223
"UKENSO_SW_TP000083","2022-04-25",-24.0433937778547
"UKENSO_SW_TP000090","2021-05-03",0
"UKENSO_SW_TP000090","2021-05-10",-14.6254646359963
"UKENSO_SW_TP000090","2021-05-17",-13.6327854632332
"UKENSO_SW_TP000090","2021-05-24",-13.0617822783681
"UKENSO_SW_TP000090","2021-05-31",-25.5106463252746
"UKENSO_SW_TP000090","2021-06-07",-12.3765630343705
"UKENSO_SW_TP000090","2021-06-14",-9.23928170122347
"UKENSO_SW_TP000090","2021-06-21",-10.6634867828987
"UKENSO_SW_TP000090","2021-06-28",-11.797574996579
"UKENSO_SW_TP000090","2021-07-05",-11.8047319317122
"UKENSO_SW_TP000090","2021-07-12",-12.2400639083494
"UKENSO_SW_TP000090","2021-07-19",-13.2437410979692
"UKENSO_SW_TP000090","2021-07-26",-18.8067719957013
"UKENSO_SW_TP000090","2021-08-02",-20.5175856074908
"UKENSO_SW_TP000090","2021-08-09",-22.0804960475333
"UKENSO_SW_TP000090","2021-08-16",-20.6522443898823
"UKENSO_SW_TP000090","2021-08-23",-20.2256516583285
"UKENSO_SW_TP000090","2021-08-30",-23.222604535267
"UKENSO_SW_TP000090","2021-09-06",-11.7949913645899
"UKENSO_SW_TP000090","2021-09-13",-11.2301921868686
"UKENSO_SW_TP000090","2021-09-20",-13.2233970319332
"UKENSO_SW_TP000090","2021-09-27",-13.5081476929891
"UKENSO_SW_TP000090","2021-10-04",-13.9353327937207
"UKENSO_SW_TP000090","2021-10-11",-12.0812728878952
"UKENSO_SW_TP000090","2021-10-18",-12.3696466074879
"UKENSO_SW_TP000090","2021-10-25",-20.0802833542515
"UKENSO_SW_TP000090","2021-11-01",-15.2272282312452
"UKENSO_SW_TP000090","2021-11-08",-12.6507715634841
"UKENSO_SW_TP000090","2021-11-15",-13.3595508483182
"UKENSO_SW_TP000090","2021-11-22",-13.5119076429182
"UKENSO_SW_TP000090","2021-11-29",-13.2285939800046
"UKENSO_SW_TP000090","2021-12-06",-12.0868769197029
"UKENSO_SW_TP000090","2021-12-13",-10.953605927147
"UKENSO_SW_TP000090","2021-12-20",-18.2470127027074
"UKENSO_SW_TP000090","2021-12-27",-55.2051070945345
"UKENSO_SW_TP000090","2022-01-03",-33.3595832157936
"UKENSO_SW_TP000090","2022-01-10",-12.0991644763009
"UKENSO_SW_TP000090","2022-01-17",-10.5280457933813
"UKENSO_SW_TP000090","2022-01-24",-11.2363173384713
"UKENSO_SW_TP000090","2022-01-31",-11.2307205425521
"UKENSO_SW_TP000090","2022-02-07",-11.3739927824325
"UKENSO_SW_TP000090","2022-02-14",-10.9521582323358
"UKENSO_SW_TP000090","2022-02-21",-18.8143672903201
"UKENSO_SW_TP000090","2022-02-28",-12.0927454996221
"UKENSO_SW_TP000090","2022-03-07",-10.0982370870271
"UKENSO_SW_TP000090","2022-03-14",-11.0930527047491
"UKENSO_SW_TP000090","2022-03-21",-10.9549877024803
"UKENSO_SW_TP000090","2022-03-28",-10.3781620554921
"UKENSO_SW_TP000090","2022-04-04",-9.2423951508917
"UKENSO_SW_TP000090","2022-04-11",-15.0974750887118
"UKENSO_SW_TP000090","2022-04-18",-31.3613533649073
"UKENSO_SW_TP000090","2022-04-25",-9.51962485722245
"UKENSO_SW_TP000091","2021-05-03",0
"UKENSO_SW_TP000091","2021-05-10",-21.0444548797347
"UKENSO_SW_TP000091","2021-05-17",-19.0520048202253
"UKENSO_SW_TP000091","2021-05-24",-17.3802538979974
"UKENSO_SW_TP000091","2021-05-31",-30.0535157099629
"UKENSO_SW_TP000091","2021-06-07",-16.726264897455
"UKENSO_SW_TP000091","2021-06-14",-14.2897343304536
"UKENSO_SW_TP000091","2021-06-21",-15.5795945629269
"UKENSO_SW_TP000091","2021-06-28",-16.1005292038677
"UKENSO_SW_TP000091","2021-07-05",-18.2321761002658
"UKENSO_SW_TP000091","2021-07-12",-18.6627440593655
"UKENSO_SW_TP000091","2021-07-19",-17.5820002913944
"UKENSO_SW_TP000091","2021-07-26",-23.0476295449125
"UKENSO_SW_TP000091","2021-08-02",-24.3758786226845
"UKENSO_SW_TP000091","2021-08-09",-24.4315167651954
"UKENSO_SW_TP000091","2021-08-16",-23.7649100549905
"UKENSO_SW_TP000091","2021-08-23",-24.5668239675619
"UKENSO_SW_TP000091","2021-08-30",-27.1868533654841
"UKENSO_SW_TP000091","2021-09-06",-16.8958914412125
"UKENSO_SW_TP000091","2021-09-13",-16.8497997697206
"UKENSO_SW_TP000091","2021-09-20",-17.2296174860957
"UKENSO_SW_TP000091","2021-09-27",-17.0428180879774
"UKENSO_SW_TP000091","2021-10-04",-18.943723330996
"UKENSO_SW_TP000091","2021-10-11",-16.0383393861304
"UKENSO_SW_TP000091","2021-10-18",-16.9955482818359
"UKENSO_SW_TP000091","2021-10-25",-25.0850965677984
"UKENSO_SW_TP000091","2021-11-01",-19.9031850694664
"UKENSO_SW_TP000091","2021-11-08",-16.4261162409355
"UKENSO_SW_TP000091","2021-11-15",-16.9065890631981
"UKENSO_SW_TP000091","2021-11-22",-17.8522054981881
"UKENSO_SW_TP000091","2021-11-29",-18.5188886512442
"UKENSO_SW_TP000091","2021-12-06",-18.512413418869
"UKENSO_SW_TP000091","2021-12-13",-17.4739481307189
"UKENSO_SW_TP000091","2021-12-20",-26.0432272859167
"UKENSO_SW_TP000091","2021-12-27",-59.252343750419
"UKENSO_SW_TP000091","2022-01-03",-38.9473836369644
"UKENSO_SW_TP000091","2022-01-10",-19.9845179047623
"UKENSO_SW_TP000091","2022-01-17",-19.2319197880291
"UKENSO_SW_TP000091","2022-01-24",-19.4589246925889
"UKENSO_SW_TP000091","2022-01-31",-18.6082570678213
"UKENSO_SW_TP000091","2022-02-07",-18.2315870329411
"UKENSO_SW_TP000091","2022-02-14",-24.9437997738473
"UKENSO_SW_TP000091","2022-02-21",-22.89919200841
"UKENSO_SW_TP000091","2022-02-28",-16.03501183525
"UKENSO_SW_TP000091","2022-03-07",-15.8900052761621
"UKENSO_SW_TP000091","2022-03-14",-17.3725510718042
"UKENSO_SW_TP000091","2022-03-21",-17.0020999570624
"UKENSO_SW_TP000091","2022-03-28",-16.3863199324333
"UKENSO_SW_TP000091","2022-04-04",-22.6170615858128
"UKENSO_SW_TP000091","2022-04-11",-24.2888889508921
"UKENSO_SW_TP000091","2022-04-18",-31.6238695732761
"UKENSO_SW_TP000091","2022-04-25",-13.8924874474809
"UKENSW_SWS_TP000002","2021-05-03",0
"UKENSW_SWS_TP000002","2021-05-10",-19.7138999551122
"UKENSW_SWS_TP000002","2021-05-17",-17.4281393782971
"UKENSW_SWS_TP000002","2021-05-24",-16.1425948266192
"UKENSW_SWS_TP000002","2021-05-31",-27.4285868589384
"UKENSW_SWS_TP000002","2021-06-07",-15.714223992818
"UKENSW_SWS_TP000002","2021-06-14",-13.428417124902
"UKENSW_SWS_TP000002","2021-06-21",-13.9998765570645
"UKENSW_SWS_TP000002","2021-06-28",-15.428170239031
"UKENSW_SWS_TP000002","2021-07-05",-14.9999228481653
"UKENSW_SWS_TP000002","2021-07-12",-15.2856062731457
"UKENSW_SWS_TP000002","2021-07-19",-16.8570039838404
"UKENSW_SWS_TP000002","2021-07-26",-19.2857142857143
"UKENSW_SWS_TP000002","2021-08-02",-21.857096566042
"UKENSW_SWS_TP000002","2021-08-09",-22.2856371338796
"UKENSW_SWS_TP000002","2021-08-16",-20.5714748625294
"UKENSW_SWS_TP000002","2021-08-23",-20.1427799910224
"UKENSW_SWS_TP000002","2021-08-30",-25.8569422623726
"UKENSW_SWS_TP000002","2021-09-06",-16.856849680171
"UKENSW_SWS_TP000002","2021-09-13",-15.5712125462914
"UKENSW_SWS_TP000002","2021-09-20",-15.8569268320057
"UKENSW_SWS_TP000002","2021-09-27",-14.9999074177984
"UKENSW_SWS_TP000002","2021-10-04",-18.1425639658853
"UKENSW_SWS_TP000002","2021-10-11",-15.5712588373922
"UKENSW_SWS_TP000002","2021-10-18",-16.9995525193587
"UKENSW_SWS_TP000002","2021-10-25",-24.8568959712718
"UKENSW_SWS_TP000002","2021-11-01",-18.1426565480869
"UKENSW_SWS_TP000002","2021-11-08",-18.1425022444175
"UKENSW_SWS_TP000002","2021-11-15",-18.5711353944567
"UKENSW_SWS_TP000002","2021-11-22",-18.7141468409833
"UKENSW_SWS_TP000002","2021-11-29",-18.8569268320057
"UKENSW_SWS_TP000002","2021-12-06",-17.4285714285714
"UKENSW_SWS_TP000002","2021-12-13",-14.9997068230281
"UKENSW_SWS_TP000002","2021-12-20",-24.1427336999216
"UKENSW_SWS_TP000002","2021-12-27",-60.7140079676808
"UKENSW_SWS_TP000002","2022-01-03",-38.142625687353
"UKENSW_SWS_TP000002","2022-01-10",-19.14264111772
"UKENSW_SWS_TP000002","2022-01-17",-16.1427491302886
"UKENSW_SWS_TP000002","2022-01-24",-15.9999382785322
"UKENSW_SWS_TP000002","2022-01-31",-16.428432555269
"UKENSW_SWS_TP000002","2022-02-07",-16.7140233980477
"UKENSW_SWS_TP000002","2022-02-14",-16.2855754124118
"UKENSW_SWS_TP000002","2022-02-21",-27.4283708338012
"UKENSW_SWS_TP000002","2022-02-28",-16.5712125462914
"UKENSW_SWS_TP000002","2022-03-07",-13.8569885534735
"UKENSW_SWS_TP000002","2022-03-14",-15.2855754124118
"UKENSW_SWS_TP000002","2022-03-21",-18.4283091123334
"UKENSW_SWS_TP000002","2022-03-28",-16.7140542587816
"UKENSW_SWS_TP000002","2022-04-04",-14.7141005498824
"UKENSW_SWS_TP000002","2022-04-11",-20.1427028391877
"UKENSW_SWS_TP000002","2022-04-18",-34.1427182695547
"UKENSW_SWS_TP000002","2022-04-25",-12.4282628212326
"UKENSW_SWS_TP000016","2021-05-03",0
"UKENSW_SWS_TP000016","2021-05-10",-16.1428571428571
"UKENSW_SWS_TP000016","2021-05-17",-13.4285714285714
"UKENSW_SWS_TP000016","2021-05-24",-13.7142857142857
"UKENSW_SWS_TP000016","2021-05-31",-27.5714285714286
"UKENSW_SWS_TP000016","2021-06-07",-15.1428571428571
"UKENSW_SWS_TP000016","2021-06-14",-12
"UKENSW_SWS_TP000016","2021-06-21",-12.8571428571429
"UKENSW_SWS_TP000016","2021-06-28",-11.7142857142857
"UKENSW_SWS_TP000016","2021-07-05",-14.2857142857143
"UKENSW_SWS_TP000016","2021-07-12",-14.2857142857143
"UKENSW_SWS_TP000016","2021-07-19",-15.5714285714286
"UKENSW_SWS_TP000016","2021-07-26",-19.2857142857143
"UKENSW_SWS_TP000016","2021-08-02",-21.4285714285714
"UKENSW_SWS_TP000016","2021-08-09",-21.5714285714286
"UKENSW_SWS_TP000016","2021-08-16",-21
"UKENSW_SWS_TP000016","2021-08-23",-19.4285714285714
"UKENSW_SWS_TP000016","2021-08-30",-24
"UKENSW_SWS_TP000016","2021-09-06",-14.1428571428571
"UKENSW_SWS_TP000016","2021-09-13",-13.5714285714286
"UKENSW_SWS_TP000016","2021-09-20",-13.8571428571429
"UKENSW_SWS_TP000016","2021-09-27",-14.1428571428571
"UKENSW_SWS_TP000016","2021-10-04",-15.4285714285714
"UKENSW_SWS_TP000016","2021-10-11",-14
"UKENSW_SWS_TP000016","2021-10-18",-12.8571428571429
"UKENSW_SWS_TP000016","2021-10-25",-22.5714285714286
"UKENSW_SWS_TP000016","2021-11-01",-16.2857142857143
"UKENSW_SWS_TP000016","2021-11-08",-14.8571428571429
"UKENSW_SWS_TP000016","2021-11-15",-15.8571428571429
"UKENSW_SWS_TP000016","2021-11-22",-17.4285714285714
"UKENSW_SWS_TP000016","2021-11-29",-16.8571428571429
"UKENSW_SWS_TP000016","2021-12-06",-17.4285714285714
"UKENSW_SWS_TP000016","2021-12-13",-12.2857142857143
"UKENSW_SWS_TP000016","2021-12-20",-23
"UKENSW_SWS_TP000016","2021-12-27",-58.1428571428571
"UKENSW_SWS_TP000016","2022-01-03",-36
"UKENSW_SWS_TP000016","2022-01-10",-17.1428571428571
"UKENSW_SWS_TP000016","2022-01-17",-15.1428571428571
"UKENSW_SWS_TP000016","2022-01-24",-15.4285714285714
"UKENSW_SWS_TP000016","2022-01-31",-15.1428571428571
"UKENSW_SWS_TP000016","2022-02-07",-14.2857142857143
"UKENSW_SWS_TP000016","2022-02-14",-15
"UKENSW_SWS_TP000016","2022-02-21",-25.5714285714286
"UKENSW_SWS_TP000016","2022-02-28",-14.5714285714286
"UKENSW_SWS_TP000016","2022-03-07",-12.4285714285714
"UKENSW_SWS_TP000016","2022-03-14",-14
"UKENSW_SWS_TP000016","2022-03-21",-16
"UKENSW_SWS_TP000016","2022-03-28",-14.5714285714286
"UKENSW_SWS_TP000016","2022-04-04",-13
"UKENSW_SWS_TP000016","2022-04-11",-18.7142857142857
"UKENSW_SWS_TP000016","2022-04-18",-32.8571428571429
"UKENSW_SWS_TP000016","2022-04-25",-9.57142857142857
"UKENSW_SWS_TP000024","2021-05-03",0
"UKENSW_SWS_TP000024","2021-05-10",-21.2857142857143
"UKENSW_SWS_TP000024","2021-05-17",-18.8571428571429
"UKENSW_SWS_TP000024","2021-05-24",-15.7142857142857
"UKENSW_SWS_TP000024","2021-05-31",-24.2857142857143
"UKENSW_SWS_TP000024","2021-06-07",-10.1428571428571
"UKENSW_SWS_TP000024","2021-06-14",-7.71428571428571
"UKENSW_SWS_TP000024","2021-06-21",-9.28571428571429
"UKENSW_SWS_TP000024","2021-06-28",-10.8571428571429
"UKENSW_SWS_TP000024","2021-07-05",-10.8571428571429
"UKENSW_SWS_TP000024","2021-07-12",-10.8571428571429
"UKENSW_SWS_TP000024","2021-07-19",-11
"UKENSW_SWS_TP000024","2021-07-26",-16.5714285714286
"UKENSW_SWS_TP000024","2021-08-02",-17.4285714285714
"UKENSW_SWS_TP000024","2021-08-09",-17.5714285714286
"UKENSW_SWS_TP000024","2021-08-16",-17.7142857142857
"UKENSW_SWS_TP000024","2021-08-23",-18
"UKENSW_SWS_TP000024","2021-08-30",-21.1428571428571
"UKENSW_SWS_TP000024","2021-09-06",-10.4285714285714
"UKENSW_SWS_TP000024","2021-09-13",-8.85714285714286
"UKENSW_SWS_TP000024","2021-09-20",-10.8571428571429
"UKENSW_SWS_TP000024","2021-09-27",-11.5714285714286
"UKENSW_SWS_TP000024","2021-10-04",-12.8571428571429
"UKENSW_SWS_TP000024","2021-10-11",-10.1428571428571
"UKENSW_SWS_TP000024","2021-10-18",-11.5714285714286
"UKENSW_SWS_TP000024","2021-10-25",-20.2857142857143
"UKENSW_SWS_TP000024","2021-11-01",-14.1428571428571
"UKENSW_SWS_TP000024","2021-11-08",-11.7142857142857
"UKENSW_SWS_TP000024","2021-11-15",-12.5714285714286
"UKENSW_SWS_TP000024","2021-11-22",-11.8571428571429
"UKENSW_SWS_TP000024","2021-11-29",-12.7142857142857
"UKENSW_SWS_TP000024","2021-12-06",-12.5714285714286
"UKENSW_SWS_TP000024","2021-12-13",-11.8571428571429
"UKENSW_SWS_TP000024","2021-12-20",-20.7142857142857
"UKENSW_SWS_TP000024","2021-12-27",-57.8571428571428
"UKENSW_SWS_TP000024","2022-01-03",-33.8571428571428
"UKENSW_SWS_TP000024","2022-01-10",-14.5714285714286
"UKENSW_SWS_TP000024","2022-01-17",-13
"UKENSW_SWS_TP000024","2022-01-24",-13.1428571428571
"UKENSW_SWS_TP000024","2022-01-31",-11.4285714285714
"UKENSW_SWS_TP000024","2022-02-07",-12
"UKENSW_SWS_TP000024","2022-02-14",-12.4285714285714
"UKENSW_SWS_TP000024","2022-02-21",-22.1428571428571
"UKENSW_SWS_TP000024","2022-02-28",-12.4285714285714
"UKENSW_SWS_TP000024","2022-03-07",-11
"UKENSW_SWS_TP000024","2022-03-14",-12.2857142857143
"UKENSW_SWS_TP000024","2022-03-21",-12.5714285714286
"UKENSW_SWS_TP000024","2022-03-28",-10.2857142857143
"UKENSW_SWS_TP000024","2022-04-04",-9.71428571428571
"UKENSW_SWS_TP000024","2022-04-11",-17.4285714285714
"UKENSW_SWS_TP000024","2022-04-18",-32
"UKENSW_SWS_TP000024","2022-04-25",-8.42857142857143
"UKENSW_SWS_TP000025","2021-05-03",0
"UKENSW_SWS_TP000025","2021-05-10",-22.2857142857143
"UKENSW_SWS_TP000025","2021-05-17",-21.7142857142857
"UKENSW_SWS_TP000025","2021-05-24",-21.2857142857143
"UKENSW_SWS_TP000025","2021-05-31",-31.2857142857143
"UKENSW_SWS_TP000025","2021-06-07",-20
"UKENSW_SWS_TP000025","2021-06-14",-18.2857142857143
"UKENSW_SWS_TP000025","2021-06-21",-19.7142857142857
"UKENSW_SWS_TP000025","2021-06-28",-20.7142857142857
"UKENSW_SWS_TP000025","2021-07-05",-20.1428571428571
"UKENSW_SWS_TP000025","2021-07-12",-20.2857142857143
"UKENSW_SWS_TP000025","2021-07-19",-21.5714285714286
"UKENSW_SWS_TP000025","2021-07-26",-24.7142857142857
"UKENSW_SWS_TP000025","2021-08-02",-25.7142857142857
"UKENSW_SWS_TP000025","2021-08-09",-26.5714285714286
"UKENSW_SWS_TP000025","2021-08-16",-26.2857142857143
"UKENSW_SWS_TP000025","2021-08-23",-25.5714285714286
"UKENSW_SWS_TP000025","2021-08-30",-29.2857142857143
"UKENSW_SWS_TP000025","2021-09-06",-20.1428571428571
"UKENSW_SWS_TP000025","2021-09-13",-19.7142857142857
"UKENSW_SWS_TP000025","2021-09-20",-21
"UKENSW_SWS_TP000025","2021-09-27",-20.8571428571429
"UKENSW_SWS_TP000025","2021-10-04",-22
"UKENSW_SWS_TP000025","2021-10-11",-20.5714285714286
"UKENSW_SWS_TP000025","2021-10-18",-21.2857142857143
"UKENSW_SWS_TP000025","2021-10-25",-27.2857142857143
"UKENSW_SWS_TP000025","2021-11-01",-22.5714285714286
"UKENSW_SWS_TP000025","2021-11-08",-21.7142857142857
"UKENSW_SWS_TP000025","2021-11-15",-21.8571428571429
"UKENSW_SWS_TP000025","2021-11-22",-21.8571428571429
"UKENSW_SWS_TP000025","2021-11-29",-22.7142857142857
"UKENSW_SWS_TP000025","2021-12-06",-21.7142857142857
"UKENSW_SWS_TP000025","2021-12-13",-20.8571428571429
"UKENSW_SWS_TP000025","2021-12-20",-29.5714285714286
"UKENSW_SWS_TP000025","2021-12-27",-61.4285714285714
"UKENSW_SWS_TP000025","2022-01-03",-40
"UKENSW_SWS_TP000025","2022-01-10",-22.7142857142857
"UKENSW_SWS_TP000025","2022-01-17",-21.8571428571429
"UKENSW_SWS_TP000025","2022-01-24",-22
"UKENSW_SWS_TP000025","2022-01-31",-21.1428571428571
"UKENSW_SWS_TP000025","2022-02-07",-21.2857142857143
"UKENSW_SWS_TP000025","2022-02-14",-20.5714285714286
"UKENSW_SWS_TP000025","2022-02-21",-30
"UKENSW_SWS_TP000025","2022-02-28",-20.5714285714286
"UKENSW_SWS_TP000025","2022-03-07",-18.8571428571429
"UKENSW_SWS_TP000025","2022-03-14",-19.5714285714286
"UKENSW_SWS_TP000025","2022-03-21",-20.8571428571429
"UKENSW_SWS_TP000025","2022-03-28",-19.7142857142857
"UKENSW_SWS_TP000025","2022-04-04",-18.4285714285714
"UKENSW_SWS_TP000025","2022-04-11",-24
"UKENSW_SWS_TP000025","2022-04-18",-36.5714285714286
"UKENSW_SWS_TP000025","2022-04-25",-17.2857142857143
"UKENSW_SWS_TP000051","2021-05-03",0
"UKENSW_SWS_TP000051","2021-05-10",-19.0169161186526
"UKENSW_SWS_TP000051","2021-05-17",-17.1549400847518
"UKENSW_SWS_TP000051","2021-05-24",-17.6732037118437
"UKENSW_SWS_TP000051","2021-05-31",-31.8767539926741
"UKENSW_SWS_TP000051","2021-06-07",-18.176967808662
"UKENSW_SWS_TP000051","2021-06-14",-13.9081696416003
"UKENSW_SWS_TP000051","2021-06-21",-15.7532295568484
"UKENSW_SWS_TP000051","2021-06-28",-16.1818009854199
"UKENSW_SWS_TP000051","2021-07-05",-17.4385162105869
"UKENSW_SWS_TP000051","2021-07-12",-19.0123613703944
"UKENSW_SWS_TP000051","2021-07-19",-19.7435632033327
"UKENSW_SWS_TP000051","2021-07-26",-24.5692904115493
"UKENSW_SWS_TP000051","2021-08-02",-26.9906120749839
"UKENSW_SWS_TP000051","2021-08-09",-27.4143503267975
"UKENSW_SWS_TP000051","2021-08-16",-26.138302394599
"UKENSW_SWS_TP000051","2021-08-23",-25.5692904115493
"UKENSW_SWS_TP000051","2021-08-30",-31.5306249974863
"UKENSW_SWS_TP000051","2021-09-06",-18.4505991524816
"UKENSW_SWS_TP000051","2021-09-13",-16.7677290871221
"UKENSW_SWS_TP000051","2021-09-20",-18.7145641427854
"UKENSW_SWS_TP000051","2021-09-27",-18.1697180435252
"UKENSW_SWS_TP000051","2021-10-04",-19.1745512202831
"UKENSW_SWS_TP000051","2021-10-11",-17.1842175737988
"UKENSW_SWS_TP000051","2021-10-18",-18.2980756561087
"UKENSW_SWS_TP000051","2021-10-25",-26.9930286633629
"UKENSW_SWS_TP000051","2021-11-01",-21.3053254212455
"UKENSW_SWS_TP000051","2021-11-08",-18.4699318595131
"UKENSW_SWS_TP000051","2021-11-15",-18.0365272541838
"UKENSW_SWS_TP000051","2021-11-22",-18.7532295568484
"UKENSW_SWS_TP000051","2021-11-29",-18.6079558256124
"UKENSW_SWS_TP000051","2021-12-06",-17.4940977433025
"UKENSW_SWS_TP000051","2021-12-13",-17.4530157408605
"UKENSW_SWS_TP000051","2021-12-20",-26.5910397069598
"UKENSW_SWS_TP000051","2021-12-27",-62.2739097723193
"UKENSW_SWS_TP000051","2022-01-03",-39.026860900668
"UKENSW_SWS_TP000051","2022-01-10",-19.3560737772032
"UKENSW_SWS_TP000051","2022-01-17",-18.6417880629175
"UKENSW_SWS_TP000051","2022-01-24",-17.9371687021476
"UKENSW_SWS_TP000051","2022-01-31",-17.4868479781657
"UKENSW_SWS_TP000051","2022-02-07",-17.9009198764635
"UKENSW_SWS_TP000051","2022-02-14",-18.176967808662
"UKENSW_SWS_TP000051","2022-02-21",-27.729063673059
"UKENSW_SWS_TP000051","2022-02-28",-18.1745512202831
"UKENSW_SWS_TP000051","2022-03-07",-15.9105862299792
"UKENSW_SWS_TP000051","2022-03-14",-18.3294913050349
"UKENSW_SWS_TP000051","2022-03-21",-18.7556461452274
"UKENSW_SWS_TP000051","2022-03-28",-19.0171945471523
"UKENSW_SWS_TP000051","2022-04-04",-17.3029088328666
"UKENSW_SWS_TP000051","2022-04-11",-23.7242304963012
"UKENSW_SWS_TP000051","2022-04-18",-39.8260056367163
"UKENSW_SWS_TP000051","2022-04-25",-17.4360996222079
"UKENSW_SWS_TP000055","2021-05-03",0
"UKENSW_SWS_TP000055","2021-05-10",-22.2857142857143
"UKENSW_SWS_TP000055","2021-05-17",-21.7142857142857
"UKENSW_SWS_TP000055","2021-05-24",-21.2857142857143
"UKENSW_SWS_TP000055","2021-05-31",-31.2857142857143
"UKENSW_SWS_TP000055","2021-06-07",-20
"UKENSW_SWS_TP000055","2021-06-14",-18.2857142857143
"UKENSW_SWS_TP000055","2021-06-21",-19.7142857142857
"UKENSW_SWS_TP000055","2021-06-28",-20.7142857142857
"UKENSW_SWS_TP000055","2021-07-05",-20.1428571428571
"UKENSW_SWS_TP000055","2021-07-12",-20.2857142857143
"UKENSW_SWS_TP000055","2021-07-19",-21.5714285714286
"UKENSW_SWS_TP000055","2021-07-26",-24.7142857142857
"UKENSW_SWS_TP000055","2021-08-02",-25.7142857142857
"UKENSW_SWS_TP000055","2021-08-09",-26.5714285714286
"UKENSW_SWS_TP000055","2021-08-16",-26.2857142857143
"UKENSW_SWS_TP000055","2021-08-23",-25.5714285714286
"UKENSW_SWS_TP000055","2021-08-30",-29.2857142857143
"UKENSW_SWS_TP000055","2021-09-06",-20.1428571428571
"UKENSW_SWS_TP000055","2021-09-13",-19.7142857142857
"UKENSW_SWS_TP000055","2021-09-20",-21
"UKENSW_SWS_TP000055","2021-09-27",-20.8571428571429
"UKENSW_SWS_TP000055","2021-10-04",-22
"UKENSW_SWS_TP000055","2021-10-11",-20.5714285714286
"UKENSW_SWS_TP000055","2021-10-18",-21.2857142857143
"UKENSW_SWS_TP000055","2021-10-25",-27.2857142857143
"UKENSW_SWS_TP000055","2021-11-01",-22.5714285714286
"UKENSW_SWS_TP000055","2021-11-08",-21.7142857142857
"UKENSW_SWS_TP000055","2021-11-15",-21.8571428571429
"UKENSW_SWS_TP000055","2021-11-22",-21.8571428571429
"UKENSW_SWS_TP000055","2021-11-29",-22.7142857142857
"UKENSW_SWS_TP000055","2021-12-06",-21.7142857142857
"UKENSW_SWS_TP000055","2021-12-13",-20.8571428571429
"UKENSW_SWS_TP000055","2021-12-20",-29.5714285714286
"UKENSW_SWS_TP000055","2021-12-27",-61.4285714285714
"UKENSW_SWS_TP000055","2022-01-03",-40
"UKENSW_SWS_TP000055","2022-01-10",-22.7142857142857
"UKENSW_SWS_TP000055","2022-01-17",-21.8571428571429
"UKENSW_SWS_TP000055","2022-01-24",-22
"UKENSW_SWS_TP000055","2022-01-31",-21.1428571428571
"UKENSW_SWS_TP000055","2022-02-07",-21.2857142857143
"UKENSW_SWS_TP000055","2022-02-14",-20.5714285714286
"UKENSW_SWS_TP000055","2022-02-21",-30
"UKENSW_SWS_TP000055","2022-02-28",-20.5714285714286
"UKENSW_SWS_TP000055","2022-03-07",-18.8571428571429
"UKENSW_SWS_TP000055","2022-03-14",-19.5714285714286
"UKENSW_SWS_TP000055","2022-03-21",-20.8571428571429
"UKENSW_SWS_TP000055","2022-03-28",-19.7142857142857
"UKENSW_SWS_TP000055","2022-04-04",-18.4285714285714
"UKENSW_SWS_TP000055","2022-04-11",-24
"UKENSW_SWS_TP000055","2022-04-18",-36.5714285714286
"UKENSW_SWS_TP000055","2022-04-25",-17.2857142857143
"UKENSW_SWS_TP000058","2021-05-03",0
"UKENSW_SWS_TP000058","2021-05-10",-18.5694486221118
"UKENSW_SWS_TP000058","2021-05-17",-15.1440451124472
"UKENSW_SWS_TP000058","2021-05-24",-14.1430551377888
"UKENSW_SWS_TP000058","2021-05-31",-28.574794485267
"UKENSW_SWS_TP000058","2021-06-07",-14.5761804497887
"UKENSW_SWS_TP000058","2021-06-14",-12.5743984954037
"UKENSW_SWS_TP000058","2021-06-21",-14.0015839594534
"UKENSW_SWS_TP000058","2021-06-28",-13.5738045106086
"UKENSW_SWS_TP000058","2021-07-05",-15.0025739341117
"UKENSW_SWS_TP000058","2021-07-12",-17.1442431073789
"UKENSW_SWS_TP000058","2021-07-19",-18.8583308267329
"UKENSW_SWS_TP000058","2021-07-26",-23.0017819543851
"UKENSW_SWS_TP000058","2021-08-02",-24.2886842096894
"UKENSW_SWS_TP000058","2021-08-09",-24.8581328318012
"UKENSW_SWS_TP000058","2021-08-16",-23.8583308267329
"UKENSW_SWS_TP000058","2021-08-23",-24.287100250236
"UKENSW_SWS_TP000058","2021-08-30",-28.4315413525465
"UKENSW_SWS_TP000058","2021-09-06",-17.4305513778882
"UKENSW_SWS_TP000058","2021-09-13",-14.8603107760496
"UKENSW_SWS_TP000058","2021-09-20",-15.8593208013913
"UKENSW_SWS_TP000058","2021-09-27",-15.7172556382608
"UKENSW_SWS_TP000058","2021-10-04",-17.5724185460869
"UKENSW_SWS_TP000058","2021-10-11",-14.575388470062
"UKENSW_SWS_TP000058","2021-10-18",-14.2902681691428
"UKENSW_SWS_TP000058","2021-10-25",-22.0065338327452
"UKENSW_SWS_TP000058","2021-11-01",-16.4337192967949
"UKENSW_SWS_TP000058","2021-11-08",-12.010295736447
"UKENSW_SWS_TP000058","2021-11-15",-11.7241854608694
"UKENSW_SWS_TP000058","2021-11-22",-11.8676365885215
"UKENSW_SWS_TP000058","2021-11-29",-12.1523608995774
"UKENSW_SWS_TP000058","2021-12-06",-12.0100977415153
"UKENSW_SWS_TP000058","2021-12-13",-11.4382731802234
"UKENSW_SWS_TP000058","2021-12-20",-24.148994985739
"UKENSW_SWS_TP000058","2021-12-27",-60.8603107760496
"UKENSW_SWS_TP000058","2022-01-03",-37.147807016149
"UKENSW_SWS_TP000058","2022-01-10",-15.4353032562483
"UKENSW_SWS_TP000058","2022-01-17",-13.5791503737638
"UKENSW_SWS_TP000058","2022-01-24",-14.4345112765216
"UKENSW_SWS_TP000058","2022-01-31",-13.1485989958757
"UKENSW_SWS_TP000058","2022-02-07",-13.5771704244471
"UKENSW_SWS_TP000058","2022-02-14",-12.8634786949564
"UKENSW_SWS_TP000058","2022-02-21",-21.0112857111054
"UKENSW_SWS_TP000058","2022-02-28",-13.2924461133912
"UKENSW_SWS_TP000058","2022-03-07",-11.0093057617886
"UKENSW_SWS_TP000058","2022-03-14",-11.1541428539625
"UKENSW_SWS_TP000058","2022-03-21",-11.8674385935898
"UKENSW_SWS_TP000058","2022-03-28",-12.2958120272296
"UKENSW_SWS_TP000058","2022-04-04",-11.7218095216893
"UKENSW_SWS_TP000058","2022-04-11",-19.8620927304347
"UKENSW_SWS_TP000058","2022-04-18",-36.1482030060123
"UKENSW_SWS_TP000058","2022-04-25",-11.2932380931179
"UKENSW_SWS_TP000059","2021-05-03",0
"UKENSW_SWS_TP000059","2021-05-10",-18.5058410310995
"UKENSW_SWS_TP000059","2021-05-17",-15.1822096670546
"UKENSW_SWS_TP000059","2021-05-24",-14.1494158968901
"UKENSW_SWS_TP000059","2021-05-31",-28.682927389988
"UKENSW_SWS_TP000059","2021-06-07",-14.7288386682183
"UKENSW_SWS_TP000059","2021-06-14",-12.6698098819222
"UKENSW_SWS_TP000059","2021-06-21",-14.0524700322633
"UKENSW_SWS_TP000059","2021-06-28",-13.6501336198235
"UKENSW_SWS_TP000059","2021-07-05",-15.0852638024278
"UKENSW_SWS_TP000059","2021-07-12",-17.1887684210875
"UKENSW_SWS_TP000059","2021-07-19",-18.8964953813403
"UKENSW_SWS_TP000059","2021-07-26",-23.0590287862962
"UKENSW_SWS_TP000059","2021-08-02",-24.3840955962079
"UKENSW_SWS_TP000059","2021-08-09",-24.8899366273074
"UKENSW_SWS_TP000059","2021-08-16",-23.8964953813403
"UKENSW_SWS_TP000059","2021-08-23",-24.3316255639446
"UKENSW_SWS_TP000059","2021-08-30",-28.526952739065
"UKENSW_SWS_TP000059","2021-09-06",-17.4941589689005
"UKENSW_SWS_TP000059","2021-09-13",-14.9620829216694
"UKENSW_SWS_TP000059","2021-09-20",-15.9292891515048
"UKENSW_SWS_TP000059","2021-09-27",-15.8126670247793
"UKENSW_SWS_TP000059","2021-10-04",-17.6042223415931
"UKENSW_SWS_TP000059","2021-10-11",-14.7026036520867
"UKENSW_SWS_TP000059","2021-10-18",-14.4365656284712
"UKENSW_SWS_TP000059","2021-10-25",-22.2164388830859
"UKENSW_SWS_TP000059","2021-11-01",-16.599099033427
"UKENSW_SWS_TP000059","2021-11-08",-12.3410552097112
"UKENSW_SWS_TP000059","2021-11-15",-12.0422234159311
"UKENSW_SWS_TP000059","2021-11-22",-12.2047568208869
"UKENSW_SWS_TP000059","2021-11-29",-12.4576773364367
"UKENSW_SWS_TP000059","2021-12-06",-12.3344964556783
"UKENSW_SWS_TP000059","2021-12-13",-11.7499503761839
"UKENSW_SWS_TP000059","2021-12-20",-24.3461785178773
"UKENSW_SWS_TP000059","2021-12-27",-60.9620829216694
"UKENSW_SWS_TP000059","2022-01-03",-37.3068259936798
"UKENSW_SWS_TP000059","2022-01-10",-15.6515690656903
"UKENSW_SWS_TP000059","2022-01-17",-13.827219978712
"UKENSW_SWS_TP000059","2022-01-24",-14.6253340495586
"UKENSW_SWS_TP000059","2022-01-31",-13.3330610098115
"UKENSW_SWS_TP000059","2022-02-07",-13.7616324383829
"UKENSW_SWS_TP000059","2022-02-14",-13.0670229861959
"UKENSW_SWS_TP000059","2022-02-21",-21.3738489798757
"UKENSW_SWS_TP000059","2022-02-28",-13.5087119228331
"UKENSW_SWS_TP000059","2022-03-07",-11.3082614395466
"UKENSW_SWS_TP000059","2022-03-14",-11.5167061227328
"UKENSW_SWS_TP000059","2022-03-21",-12.198198066854
"UKENSW_SWS_TP000059","2022-03-28",-12.6202107413925
"UKENSW_SWS_TP000059","2022-04-04",-11.9635183675362
"UKENSW_SWS_TP000059","2022-04-11",-20.0211117079655
"UKENSW_SWS_TP000059","2022-04-18",-36.3199435017456
"UKENSW_SWS_TP000059","2022-04-25",-11.5349469389648
"UKENSW_SWS_TP000064","2021-05-03",0
"UKENSW_SWS_TP000064","2021-05-10",-21.2857142857143
"UKENSW_SWS_TP000064","2021-05-17",-18.8571428571429
"UKENSW_SWS_TP000064","2021-05-24",-15.7142857142857
"UKENSW_SWS_TP000064","2021-05-31",-24.2857142857143
"UKENSW_SWS_TP000064","2021-06-07",-10.1428571428571
"UKENSW_SWS_TP000064","2021-06-14",-7.71428571428571
"UKENSW_SWS_TP000064","2021-06-21",-9.28571428571429
"UKENSW_SWS_TP000064","2021-06-28",-10.8571428571429
"UKENSW_SWS_TP000064","2021-07-05",-10.8571428571429
"UKENSW_SWS_TP000064","2021-07-12",-10.8571428571429
"UKENSW_SWS_TP000064","2021-07-19",-11
"UKENSW_SWS_TP000064","2021-07-26",-16.5714285714286
"UKENSW_SWS_TP000064","2021-08-02",-17.4285714285714
"UKENSW_SWS_TP000064","2021-08-09",-17.5714285714286
"UKENSW_SWS_TP000064","2021-08-16",-17.7142857142857
"UKENSW_SWS_TP000064","2021-08-23",-18
"UKENSW_SWS_TP000064","2021-08-30",-21.1428571428571
"UKENSW_SWS_TP000064","2021-09-06",-10.4285714285714
"UKENSW_SWS_TP000064","2021-09-13",-8.85714285714286
"UKENSW_SWS_TP000064","2021-09-20",-10.8571428571429
"UKENSW_SWS_TP000064","2021-09-27",-11.5714285714286
"UKENSW_SWS_TP000064","2021-10-04",-12.8571428571429
"UKENSW_SWS_TP000064","2021-10-11",-10.1428571428571
"UKENSW_SWS_TP000064","2021-10-18",-11.5714285714286
"UKENSW_SWS_TP000064","2021-10-25",-20.2857142857143
"UKENSW_SWS_TP000064","2021-11-01",-14.1428571428571
"UKENSW_SWS_TP000064","2021-11-08",-11.7142857142857
"UKENSW_SWS_TP000064","2021-11-15",-12.5714285714286
"UKENSW_SWS_TP000064","2021-11-22",-11.8571428571429
"UKENSW_SWS_TP000064","2021-11-29",-12.7142857142857
"UKENSW_SWS_TP000064","2021-12-06",-12.5714285714286
"UKENSW_SWS_TP000064","2021-12-13",-11.8571428571429
"UKENSW_SWS_TP000064","2021-12-20",-20.7142857142857
"UKENSW_SWS_TP000064","2021-12-27",-57.8571428571429
"UKENSW_SWS_TP000064","2022-01-03",-33.8571428571429
"UKENSW_SWS_TP000064","2022-01-10",-14.5714285714286
"UKENSW_SWS_TP000064","2022-01-17",-13
"UKENSW_SWS_TP000064","2022-01-24",-13.1428571428571
"UKENSW_SWS_TP000064","2022-01-31",-11.4285714285714
"UKENSW_SWS_TP000064","2022-02-07",-12
"UKENSW_SWS_TP000064","2022-02-14",-12.4285714285714
"UKENSW_SWS_TP000064","2022-02-21",-22.1428571428571
"UKENSW_SWS_TP000064","2022-02-28",-12.4285714285714
"UKENSW_SWS_TP000064","2022-03-07",-11
"UKENSW_SWS_TP000064","2022-03-14",-12.2857142857143
"UKENSW_SWS_TP000064","2022-03-21",-12.5714285714286
"UKENSW_SWS_TP000064","2022-03-28",-10.2857142857143
"UKENSW_SWS_TP000064","2022-04-04",-9.71428571428571
"UKENSW_SWS_TP000064","2022-04-11",-17.4285714285714
"UKENSW_SWS_TP000064","2022-04-18",-32
"UKENSW_SWS_TP000064","2022-04-25",-8.42857142857143
"UKENSW_SWS_TP000075","2021-05-03",0
"UKENSW_SWS_TP000075","2021-05-10",-19.7466087969626
"UKENSW_SWS_TP000075","2021-05-17",-17.6922769528446
"UKENSW_SWS_TP000075","2021-05-24",-15.204013040656
"UKENSW_SWS_TP000075","2021-05-31",-25.2845324826014
"UKENSW_SWS_TP000075","2021-06-07",-12.4126908072385
"UKENSW_SWS_TP000075","2021-06-14",-9.12446239648389
"UKENSW_SWS_TP000075","2021-06-21",-10.206396073442
"UKENSW_SWS_TP000075","2021-06-28",-10.6098797942137
"UKENSW_SWS_TP000075","2021-07-05",-10.3612322488807
"UKENSW_SWS_TP000075","2021-07-12",-12.0375272407468
"UKENSW_SWS_TP000075","2021-07-19",-13.7367549760924
"UKENSW_SWS_TP000075","2021-07-26",-16.8794064583514
"UKENSW_SWS_TP000075","2021-08-02",-18.8930277944113
"UKENSW_SWS_TP000075","2021-08-09",-18.9487962814096
"UKENSW_SWS_TP000075","2021-08-16",-18.2205300703439
"UKENSW_SWS_TP000075","2021-08-23",-17.8794064583514
"UKENSW_SWS_TP000075","2021-08-30",-21.7374211370561
"UKENSW_SWS_TP000075","2021-09-06",-12.0988098673659
"UKENSW_SWS_TP000075","2021-09-13",-12.0739278201644
"UKENSW_SWS_TP000075","2021-09-20",-11.0644107521468
"UKENSW_SWS_TP000075","2021-09-27",-12.0102845686269
"UKENSW_SWS_TP000075","2021-10-04",-13.220017409502
"UKENSW_SWS_TP000075","2021-10-11",-11.8401847536498
"UKENSW_SWS_TP000075","2021-10-18",-11.335785380361
"UKENSW_SWS_TP000075","2021-10-25",-19.0480696304483
"UKENSW_SWS_TP000075","2021-11-01",-14.6880162033732
"UKENSW_SWS_TP000075","2021-11-08",-13.1886183088633
"UKENSW_SWS_TP000075","2021-11-15",-12.4875947699175
"UKENSW_SWS_TP000075","2021-11-22",-13.3192907585407
"UKENSW_SWS_TP000075","2021-11-29",-13.0213917796466
"UKENSW_SWS_TP000075","2021-12-06",-13.5634227146349
"UKENSW_SWS_TP000075","2021-12-13",-11.2789394112026
"UKENSW_SWS_TP000075","2021-12-20",-20.2496952748842
"UKENSW_SWS_TP000075","2021-12-27",-54.1742264908869
"UKENSW_SWS_TP000075","2022-01-03",-33.0430413803677
"UKENSW_SWS_TP000075","2022-01-10",-15.6052107048531
"UKENSW_SWS_TP000075","2022-01-17",-14.8532934288679
"UKENSW_SWS_TP000075","2022-01-24",-14.6839119353308
"UKENSW_SWS_TP000075","2022-01-31",-12.9979463753252
"UKENSW_SWS_TP000075","2022-02-07",-12.6467930344732
"UKENSW_SWS_TP000075","2022-02-14",-12.3625153916391
"UKENSW_SWS_TP000075","2022-02-21",-21.0824687456675
"UKENSW_SWS_TP000075","2022-02-28",-12.2952805329011
"UKENSW_SWS_TP000075","2022-03-07",-11.3422235020201
"UKENSW_SWS_TP000075","2022-03-14",-13.1757152942434
"UKENSW_SWS_TP000075","2022-03-21",-13.4367010328781
"UKENSW_SWS_TP000075","2022-03-28",-12.4228740362199
"UKENSW_SWS_TP000075","2022-04-04",-10.6458690524349
"UKENSW_SWS_TP000075","2022-04-11",-16.6720342423947
"UKENSW_SWS_TP000075","2022-04-18",-30.6433027669182
"UKENSW_SWS_TP000075","2022-04-25",-10.2187342667436
"UKENSW_WXW_TP000004","2021-05-03",0
"UKENSW_WXW_TP000004","2021-05-10",-31.9653158537916
"UKENSW_WXW_TP000004","2021-05-17",-30.8576016550186
"UKENSW_WXW_TP000004","2021-05-24",-29.7088092994362
"UKENSW_WXW_TP000004","2021-05-31",-38.850433035119
"UKENSW_WXW_TP000004","2021-06-07",-28.2961288830403
"UKENSW_WXW_TP000004","2021-06-14",-27.2178999435186
"UKENSW_WXW_TP000004","2021-06-21",-28.0256265600979
"UKENSW_WXW_TP000004","2021-06-28",-28.881345831764
"UKENSW_WXW_TP000004","2021-07-05",-30.2549676196329
"UKENSW_WXW_TP000004","2021-07-12",-30.5494841884068
"UKENSW_WXW_TP000004","2021-07-19",-32.3501036765968
"UKENSW_WXW_TP000004","2021-07-26",-34.8398199615502
"UKENSW_WXW_TP000004","2021-08-02",-35.5496611932753
"UKENSW_WXW_TP000004","2021-08-09",-35.8367263161251
"UKENSW_WXW_TP000004","2021-08-16",-35.6379708808029
"UKENSW_WXW_TP000004","2021-08-23",-35.4578414019779
"UKENSW_WXW_TP000004","2021-08-30",-38.7009998283971
"UKENSW_WXW_TP000004","2021-09-06",-29.3772725822355
"UKENSW_WXW_TP000004","2021-09-13",-28.8409602710496
"UKENSW_WXW_TP000004","2021-09-20",-29.8029246461282
"UKENSW_WXW_TP000004","2021-09-27",-28.7050528248124
"UKENSW_WXW_TP000004","2021-10-04",-28.3569520875332
"UKENSW_WXW_TP000004","2021-10-11",-26.5896604159378
"UKENSW_WXW_TP000004","2021-10-18",-27.2826358995774
"UKENSW_WXW_TP000004","2021-10-25",-32.4000464423463
"UKENSW_WXW_TP000004","2021-11-01",-27.6351843869976
"UKENSW_WXW_TP000004","2021-11-08",-25.095506318508
"UKENSW_WXW_TP000004","2021-11-15",-23.5377759747641
"UKENSW_WXW_TP000004","2021-11-22",-23.7919062542808
"UKENSW_WXW_TP000004","2021-11-29",-23.6835230211834
"UKENSW_WXW_TP000004","2021-12-06",-22.8681903239567
"UKENSW_WXW_TP000004","2021-12-13",-23.9576280966018
"UKENSW_WXW_TP000004","2021-12-20",-35.408411096246
"UKENSW_WXW_TP000004","2021-12-27",-66.4042375372426
"UKENSW_WXW_TP000004","2022-01-03",-46.2965958672061
"UKENSW_WXW_TP000004","2022-01-10",-26.8563490502333
"UKENSW_WXW_TP000004","2022-01-17",-25.5083916105382
"UKENSW_WXW_TP000004","2022-01-24",-24.9374710502341
"UKENSW_WXW_TP000004","2022-01-31",-23.9513880482794
"UKENSW_WXW_TP000004","2022-02-07",-23.9877019043166
"UKENSW_WXW_TP000004","2022-02-14",-24.4126856637082
"UKENSW_WXW_TP000004","2022-02-21",-32.60452422889
"UKENSW_WXW_TP000004","2022-02-28",-24.8027247601752
"UKENSW_WXW_TP000004","2022-03-07",-22.8440290310649
"UKENSW_WXW_TP000004","2022-03-14",-23.6624168594382
"UKENSW_WXW_TP000004","2022-03-21",-23.750468059154
"UKENSW_WXW_TP000004","2022-03-28",-23.8163375883055
"UKENSW_WXW_TP000004","2022-04-04",-23.5122577626228
"UKENSW_WXW_TP000004","2022-04-11",-29.395635275643
"UKENSW_WXW_TP000004","2022-04-18",-43.6412918645715
"UKENSW_WXW_TP000004","2022-04-25",-22.6910544720202
"UKENSW_WXW_TP000005","2021-05-03",0
"UKENSW_WXW_TP000005","2021-05-10",-33.6656556549238
"UKENSW_WXW_TP000005","2021-05-17",-30.9988773449819
"UKENSW_WXW_TP000005","2021-05-24",-29.1722035019464
"UKENSW_WXW_TP000005","2021-05-31",-38.8908434864759
"UKENSW_WXW_TP000005","2021-06-07",-28.5342051432396
"UKENSW_WXW_TP000005","2021-06-14",-26.0988533563517
"UKENSW_WXW_TP000005","2021-06-21",-27.376615685332
"UKENSW_WXW_TP000005","2021-06-28",-27.2613827165135
"UKENSW_WXW_TP000005","2021-07-05",-27.9840396739307
"UKENSW_WXW_TP000005","2021-07-12",-28.9623306778472
"UKENSW_WXW_TP000005","2021-07-19",-32.3602672477018
"UKENSW_WXW_TP000005","2021-07-26",-34.9941823367705
"UKENSW_WXW_TP000005","2021-08-02",-36.8505795254354
"UKENSW_WXW_TP000005","2021-08-09",-37.7055716045211
"UKENSW_WXW_TP000005","2021-08-16",-37.002106555001
"UKENSW_WXW_TP000005","2021-08-23",-36.9853016759262
"UKENSW_WXW_TP000005","2021-08-30",-40.5312449340908
"UKENSW_WXW_TP000005","2021-09-06",-30.1988379488648
"UKENSW_WXW_TP000005","2021-09-13",-30.1925392697576
"UKENSW_WXW_TP000005","2021-09-20",-29.9367313653049
"UKENSW_WXW_TP000005","2021-09-27",-28.9508081431928
"UKENSW_WXW_TP000005","2021-10-04",-28.8340652431958
"UKENSW_WXW_TP000005","2021-10-11",-27.2466717352891
"UKENSW_WXW_TP000005","2021-10-18",-27.8806173358628
"UKENSW_WXW_TP000005","2021-10-25",-33.3576329196301
"UKENSW_WXW_TP000005","2021-11-01",-26.0889875022593
"UKENSW_WXW_TP000005","2021-11-08",-21.8364675922358
"UKENSW_WXW_TP000005","2021-11-15",-20.3084132143849
"UKENSW_WXW_TP000005","2021-11-22",-20.1808177683154
"UKENSW_WXW_TP000005","2021-11-29",-19.3496896061737
"UKENSW_WXW_TP000005","2021-12-06",-17.5162539990442
"UKENSW_WXW_TP000005","2021-12-13",-19.3355080066864
"UKENSW_WXW_TP000005","2021-12-20",-35.1768206305219
"UKENSW_WXW_TP000005","2021-12-27",-67.1252987874272
"UKENSW_WXW_TP000005","2022-01-03",-46.7729661431085
"UKENSW_WXW_TP000005","2022-01-10",-26.3249745692187
"UKENSW_WXW_TP000005","2022-01-17",-23.7907010960953
"UKENSW_WXW_TP000005","2022-01-24",-23.6352094399766
"UKENSW_WXW_TP000005","2022-01-31",-24.1576140323408
"UKENSW_WXW_TP000005","2022-02-07",-23.3258303330364
"UKENSW_WXW_TP000005","2022-02-14",-23.1842629306784
"UKENSW_WXW_TP000005","2022-02-21",-32.6359684289368
"UKENSW_WXW_TP000005","2022-02-28",-23.6339449372422
"UKENSW_WXW_TP000005","2022-03-07",-20.5151161527387
"UKENSW_WXW_TP000005","2022-03-14",-20.2709236872573
"UKENSW_WXW_TP000005","2022-03-21",-20.0314894581995
"UKENSW_WXW_TP000005","2022-03-28",-18.6323626957048
"UKENSW_WXW_TP000005","2022-04-04",-17.7640794352578
"UKENSW_WXW_TP000005","2022-04-11",-29.4849139009015
"UKENSW_WXW_TP000005","2022-04-18",-43.9647052883836
"UKENSW_WXW_TP000005","2022-04-25",-18.8666460095079
"UKENSW_WXW_TP000038","2021-05-03",0
"UKENSW_WXW_TP000038","2021-05-10",-24.8558243148118
"UKENSW_WXW_TP000038","2021-05-17",-23.2843194004007
"UKENSW_WXW_TP000038","2021-05-24",-22.569512707091
"UKENSW_WXW_TP000038","2021-05-31",-34.1418603102195
"UKENSW_WXW_TP000038","2021-06-07",-21.9986968234624
"UKENSW_WXW_TP000038","2021-06-14",-20.2843342802092
"UKENSW_WXW_TP000038","2021-06-21",-20.2849776995962
"UKENSW_WXW_TP000038","2021-06-28",-21.4276819944933
"UKENSW_WXW_TP000038","2021-07-05",-21.141936815197
"UKENSW_WXW_TP000038","2021-07-12",-21.2849628197877
"UKENSW_WXW_TP000038","2021-07-19",-22.5705697069425
"UKENSW_WXW_TP000038","2021-07-26",-26.5706610917284
"UKENSW_WXW_TP000038","2021-08-02",-28.5709675976235
"UKENSW_WXW_TP000038","2021-08-09",-29.142028361978
"UKENSW_WXW_TP000038","2021-08-16",-28.142089825152
"UKENSW_WXW_TP000038","2021-08-23",-27.2852229043122
"UKENSW_WXW_TP000038","2021-08-30",-31.5705700309325
"UKENSW_WXW_TP000038","2021-09-06",-22.14129339581
"UKENSW_WXW_TP000038","2021-09-13",-21.2843955813882
"UKENSW_WXW_TP000038","2021-09-20",-22.4272834558323
"UKENSW_WXW_TP000038","2021-09-27",-21.2849623338027
"UKENSW_WXW_TP000038","2021-10-04",-23.1418601482245
"UKENSW_WXW_TP000038","2021-10-11",-21.7129972555616
"UKENSW_WXW_TP000038","2021-10-18",-22.1419520189955
"UKENSW_WXW_TP000038","2021-10-25",-28.2855297341972
"UKENSW_WXW_TP000038","2021-11-01",-23.4281565521468
"UKENSW_WXW_TP000038","2021-11-08",-21.4279267132243
"UKENSW_WXW_TP000038","2021-11-15",-21.1425341372035
"UKENSW_WXW_TP000038","2021-11-22",-21.1427791799245
"UKENSW_WXW_TP000038","2021-11-29",-21.5716115029955
"UKENSW_WXW_TP000038","2021-12-06",-21.4282788305148
"UKENSW_WXW_TP000038","2021-12-13",-21.142672105355
"UKENSW_WXW_TP000038","2021-12-20",-29.4289225738918
"UKENSW_WXW_TP000038","2021-12-27",-62.8572030243568
"UKENSW_WXW_TP000038","2022-01-03",-41.4286312717953
"UKENSW_WXW_TP000038","2022-01-10",-23.7135027067971
"UKENSW_WXW_TP000038","2022-01-17",-21.9992630898919
"UKENSW_WXW_TP000038","2022-01-24",-22.141782995267
"UKENSW_WXW_TP000038","2022-01-31",-20.5707375967059
"UKENSW_WXW_TP000038","2022-02-07",-21.2848240416611
"UKENSW_WXW_TP000038","2022-02-14",-20.9992477240984
"UKENSW_WXW_TP000038","2022-02-21",-28.5717949205475
"UKENSW_WXW_TP000038","2022-02-28",-21.5709828014219
"UKENSW_WXW_TP000038","2022-03-07",-19.5710594683945
"UKENSW_WXW_TP000038","2022-03-14",-20.57125857573
"UKENSW_WXW_TP000038","2022-03-21",-21.7134718132151
"UKENSW_WXW_TP000038","2022-03-28",-20.8564978178057
"UKENSW_WXW_TP000038","2022-04-04",-19.8566813973527
"UKENSW_WXW_TP000038","2022-04-11",-25.2853296548917
"UKENSW_WXW_TP000038","2022-04-18",-39.8566362719423
"UKENSW_WXW_TP000038","2022-04-25",-18.8563139142687
"UKENSW_WXW_TP000086","2021-05-03",0
"UKENSW_WXW_TP000086","2021-05-10",-21.2254290877686
"UKENSW_WXW_TP000086","2021-05-17",-20.7827743027207
"UKENSW_WXW_TP000086","2021-05-24",-21.0446827037576
"UKENSW_WXW_TP000086","2021-05-31",-33.7583207930675
"UKENSW_WXW_TP000086","2021-06-07",-20.7645122093556
"UKENSW_WXW_TP000086","2021-06-14",-18.8994163519034
"UKENSW_WXW_TP000086","2021-06-21",-21.1816213526583
"UKENSW_WXW_TP000086","2021-06-28",-21.1802045565026
"UKENSW_WXW_TP000086","2021-07-05",-22.0269655595942
"UKENSW_WXW_TP000086","2021-07-12",-23.5753769362813
"UKENSW_WXW_TP000086","2021-07-19",-22.9019830797676
"UKENSW_WXW_TP000086","2021-07-26",-27.6058616646472
"UKENSW_WXW_TP000086","2021-08-02",-30.5797170184872
"UKENSW_WXW_TP000086","2021-08-09",-30.0261762933663
"UKENSW_WXW_TP000086","2021-08-16",-29.8922697899425
"UKENSW_WXW_TP000086","2021-08-23",-29.6052209413167
"UKENSW_WXW_TP000086","2021-08-30",-32.5005017674739
"UKENSW_WXW_TP000086","2021-09-06",-23.2980692133133
"UKENSW_WXW_TP000086","2021-09-13",-21.6021535977122
"UKENSW_WXW_TP000086","2021-09-20",-21.8985969029866
"UKENSW_WXW_TP000086","2021-09-27",-20.7958689725727
"UKENSW_WXW_TP000086","2021-10-04",-21.3489492672072
"UKENSW_WXW_TP000086","2021-10-11",-19.6531150358059
"UKENSW_WXW_TP000086","2021-10-18",-21.2223729485389
"UKENSW_WXW_TP000086","2021-10-25",-28.3666489952514
"UKENSW_WXW_TP000086","2021-11-01",-22.5080005207287
"UKENSW_WXW_TP000086","2021-11-08",-19.9605085847409
"UKENSW_WXW_TP000086","2021-11-15",-19.6697073642516
"UKENSW_WXW_TP000086","2021-11-22",-19.5395350470995
"UKENSW_WXW_TP000086","2021-11-29",-19.8272868653568
"UKENSW_WXW_TP000086","2021-12-06",-18.5567065422552
"UKENSW_WXW_TP000086","2021-12-13",-17.8210501173244
"UKENSW_WXW_TP000086","2021-12-20",-26.843175529428
"UKENSW_WXW_TP000086","2021-12-27",-59.6178842410521
"UKENSW_WXW_TP000086","2022-01-03",-39.4280371870242
"UKENSW_WXW_TP000086","2022-01-10",-18.9695052791948
"UKENSW_WXW_TP000086","2022-01-17",-18.9778679304705
"UKENSW_WXW_TP000086","2022-01-24",-16.9992303937055
"UKENSW_WXW_TP000086","2022-01-31",-17.7061433860629
"UKENSW_WXW_TP000086","2022-02-07",-17.9593947390838
"UKENSW_WXW_TP000086","2022-02-14",-18.677443870023
"UKENSW_WXW_TP000086","2022-02-21",-27.8364011507671
"UKENSW_WXW_TP000086","2022-02-28",-19.68697228668
"UKENSW_WXW_TP000086","2022-03-07",-17.7964904037031
"UKENSW_WXW_TP000086","2022-03-14",-19.9447482038715
"UKENSW_WXW_TP000086","2022-03-21",-20.2195877654212
"UKENSW_WXW_TP000086","2022-03-28",-20.2197680246694
"UKENSW_WXW_TP000086","2022-04-04",-18.4946404528997
"UKENSW_WXW_TP000086","2022-04-11",-23.6304514862278
"UKENSW_WXW_TP000086","2022-04-18",-39.2451144624482
"UKENSW_WXW_TP000086","2022-04-25",-16.9285948986952
"UKENSW_WXW_TP000100","2021-05-03",0
"UKENSW_WXW_TP000100","2021-05-10",-21.6717994331052
"UKENSW_WXW_TP000100","2021-05-17",-20.5231163653892
"UKENSW_WXW_TP000100","2021-05-24",-19.6575088276091
"UKENSW_WXW_TP000100","2021-05-31",-32.0882787253336
"UKENSW_WXW_TP000100","2021-06-07",-19.3716925978261
"UKENSW_WXW_TP000100","2021-06-14",-17.2242831936354
"UKENSW_WXW_TP000100","2021-06-21",-17.6737628689298
"UKENSW_WXW_TP000100","2021-06-28",-18.9446823646235
"UKENSW_WXW_TP000100","2021-07-05",-20.2191016858972
"UKENSW_WXW_TP000100","2021-07-12",-20.6446500995542
"UKENSW_WXW_TP000100","2021-07-19",-23.9137454312909
"UKENSW_WXW_TP000100","2021-07-26",-27.3526130901507
"UKENSW_WXW_TP000100","2021-08-02",-27.2299606964452
"UKENSW_WXW_TP000100","2021-08-09",-26.8102924706492
"UKENSW_WXW_TP000100","2021-08-16",-26.387751097432
"UKENSW_WXW_TP000100","2021-08-23",-26.6672651530913
"UKENSW_WXW_TP000100","2021-08-30",-30.11546257608
"UKENSW_WXW_TP000100","2021-09-06",-18.8068502800757
"UKENSW_WXW_TP000100","2021-09-13",-17.5308220823666
"UKENSW_WXW_TP000100","2021-09-20",-19.8019437017106
"UKENSW_WXW_TP000100","2021-09-27",-18.8270844099312
"UKENSW_WXW_TP000100","2021-10-04",-20.2305331116018
"UKENSW_WXW_TP000100","2021-10-11",-17.9615040036523
"UKENSW_WXW_TP000100","2021-10-18",-20.2426289425918
"UKENSW_WXW_TP000100","2021-10-25",-26.6824105690961
"UKENSW_WXW_TP000100","2021-11-01",-20.3945974324097
"UKENSW_WXW_TP000100","2021-11-08",-17.839826345844
"UKENSW_WXW_TP000100","2021-11-15",-17.2669790608456
"UKENSW_WXW_TP000100","2021-11-22",-18.5487623845357
"UKENSW_WXW_TP000100","2021-11-29",-18.1288034972498
"UKENSW_WXW_TP000100","2021-12-06",-17.5556615370715
"UKENSW_WXW_TP000100","2021-12-13",-17.5358585436599
"UKENSW_WXW_TP000100","2021-12-20",-27.1192527441073
"UKENSW_WXW_TP000100","2021-12-27",-61.1535947825724
"UKENSW_WXW_TP000100","2022-01-03",-39.986466590077
"UKENSW_WXW_TP000100","2022-01-10",-20.2410195047557
"UKENSW_WXW_TP000100","2022-01-17",-18.9731906932079
"UKENSW_WXW_TP000100","2022-01-24",-18.3992544484157
"UKENSW_WXW_TP000100","2022-01-31",-17.1326944829445
"UKENSW_WXW_TP000100","2022-02-07",-17.3941708710564
"UKENSW_WXW_TP000100","2022-02-14",-17.5451457632136
"UKENSW_WXW_TP000100","2022-02-21",-28.1143250547761
"UKENSW_WXW_TP000100","2022-02-28",-18.5534496616893
"UKENSW_WXW_TP000100","2022-03-07",-16.9484653893144
"UKENSW_WXW_TP000100","2022-03-14",-18.9593081063447
"UKENSW_WXW_TP000100","2022-03-21",-18.9573243633125
"UKENSW_WXW_TP000100","2022-03-28",-17.9677841863661
"UKENSW_WXW_TP000100","2022-04-04",-16.3867740392467
"UKENSW_WXW_TP000100","2022-04-11",-23.5075886204083
"UKENSW_WXW_TP000100","2022-04-18",-38.6859098332755
"UKENSW_WXW_TP000100","2022-04-25",-17.0808004990207
"UKENSW_WXW_TP000101","2021-05-03",0
"UKENSW_WXW_TP000101","2021-05-10",-22.2857142857143
"UKENSW_WXW_TP000101","2021-05-17",-20.2857142857143
"UKENSW_WXW_TP000101","2021-05-24",-18.2857142857143
"UKENSW_WXW_TP000101","2021-05-31",-32.4285714285714
"UKENSW_WXW_TP000101","2021-06-07",-19.4285714285714
"UKENSW_WXW_TP000101","2021-06-14",-17.7142857142857
"UKENSW_WXW_TP000101","2021-06-21",-19.4285714285714
"UKENSW_WXW_TP000101","2021-06-28",-19.8571428571429
"UKENSW_WXW_TP000101","2021-07-05",-19.7142857142857
"UKENSW_WXW_TP000101","2021-07-12",-20
"UKENSW_WXW_TP000101","2021-07-19",-21.1428571428571
"UKENSW_WXW_TP000101","2021-07-26",-25.8571428571429
"UKENSW_WXW_TP000101","2021-08-02",-28.5714285714286
"UKENSW_WXW_TP000101","2021-08-09",-28.2857142857143
"UKENSW_WXW_TP000101","2021-08-16",-27.2857142857143
"UKENSW_WXW_TP000101","2021-08-23",-27
"UKENSW_WXW_TP000101","2021-08-30",-29.8571428571429
"UKENSW_WXW_TP000101","2021-09-06",-19
"UKENSW_WXW_TP000101","2021-09-13",-18.8571428571429
"UKENSW_WXW_TP000101","2021-09-20",-20
"UKENSW_WXW_TP000101","2021-09-27",-20.4285714285714
"UKENSW_WXW_TP000101","2021-10-04",-21.5714285714286
"UKENSW_WXW_TP000101","2021-10-11",-19.7142857142857
"UKENSW_WXW_TP000101","2021-10-18",-20.8571428571429
"UKENSW_WXW_TP000101","2021-10-25",-28.4285714285714
"UKENSW_WXW_TP000101","2021-11-01",-23.4285714285714
"UKENSW_WXW_TP000101","2021-11-08",-20.8571428571429
"UKENSW_WXW_TP000101","2021-11-15",-21.4285714285714
"UKENSW_WXW_TP000101","2021-11-22",-22.1428571428571
"UKENSW_WXW_TP000101","2021-11-29",-22.8571428571429
"UKENSW_WXW_TP000101","2021-12-06",-22
"UKENSW_WXW_TP000101","2021-12-13",-21.7142857142857
"UKENSW_WXW_TP000101","2021-12-20",-31.4285714285714
"UKENSW_WXW_TP000101","2021-12-27",-64
"UKENSW_WXW_TP000101","2022-01-03",-42.8571428571429
"UKENSW_WXW_TP000101","2022-01-10",-23.1428571428571
"UKENSW_WXW_TP000101","2022-01-17",-21.4285714285714
"UKENSW_WXW_TP000101","2022-01-24",-20.8571428571429
"UKENSW_WXW_TP000101","2022-01-31",-20.1428571428571
"UKENSW_WXW_TP000101","2022-02-07",-20.4285714285714
"UKENSW_WXW_TP000101","2022-02-14",-20.4285714285714
"UKENSW_WXW_TP000101","2022-02-21",-30.7142857142857
"UKENSW_WXW_TP000101","2022-02-28",-21.7142857142857
"UKENSW_WXW_TP000101","2022-03-07",-19.8571428571429
"UKENSW_WXW_TP000101","2022-03-14",-21.4285714285714
"UKENSW_WXW_TP000101","2022-03-21",-21.2857142857143
"UKENSW_WXW_TP000101","2022-03-28",-20.5714285714286
"UKENSW_WXW_TP000101","2022-04-04",-20.2857142857143
"UKENSW_WXW_TP000101","2022-04-11",-25.7142857142857
"UKENSW_WXW_TP000101","2022-04-18",-39.4285714285714
"UKENSW_WXW_TP000101","2022-04-25",-18.1428571428571
"UKENTH_TWU_TP000010","2021-05-03",0
"UKENTH_TWU_TP000010","2021-05-10",-27.5709509702329
"UKENTH_TWU_TP000010","2021-05-17",-26.5664226679893
"UKENTH_TWU_TP000010","2021-05-24",-25.9924024745792
"UKENTH_TWU_TP000010","2021-05-31",-38.9819237345866
"UKENTH_TWU_TP000010","2021-06-07",-26.2714644869216
"UKENTH_TWU_TP000010","2021-06-14",-22.7005116876842
"UKENTH_TWU_TP000010","2021-06-21",-23.9831509023251
"UKENTH_TWU_TP000010","2021-06-28",-24.269370965626
"UKENTH_TWU_TP000010","2021-07-05",-24.9843950024633
"UKENTH_TWU_TP000010","2021-07-12",-24.984794039675
"UKENTH_TWU_TP000010","2021-07-19",-29.4123413389045
"UKENTH_TWU_TP000010","2021-07-26",-33.8411219415514
"UKENTH_TWU_TP000010","2021-08-02",-34.4112179885853
"UKENTH_TWU_TP000010","2021-08-09",-35.1235196480413
"UKENTH_TWU_TP000010","2021-08-16",-34.6982023139153
"UKENTH_TWU_TP000010","2021-08-23",-34.4126925018729
"UKENTH_TWU_TP000010","2021-08-30",-37.1272391230327
"UKENTH_TWU_TP000010","2021-09-06",-23.4164772738213
"UKENTH_TWU_TP000010","2021-09-13",-24.4150983189716
"UKENTH_TWU_TP000010","2021-09-20",-24.2697131215166
"UKENTH_TWU_TP000010","2021-09-27",-24.8414574620875
"UKENTH_TWU_TP000010","2021-10-04",-24.4126655131846
"UKENTH_TWU_TP000010","2021-10-11",-23.4089287092311
"UKENTH_TWU_TP000010","2021-10-18",-23.6964348588072
"UKENTH_TWU_TP000010","2021-10-25",-31.981909225467
"UKENTH_TWU_TP000010","2021-11-01",-26.9787692463346
"UKENTH_TWU_TP000010","2021-11-08",-23.4065051178846
"UKENTH_TWU_TP000010","2021-11-15",-22.414245924999
"UKENTH_TWU_TP000010","2021-11-22",-23.2706733823607
"UKENTH_TWU_TP000010","2021-11-29",-24.2668731132881
"UKENTH_TWU_TP000010","2021-12-06",-23.2667835452209
"UKENTH_TWU_TP000010","2021-12-13",-24.8350608533156
"UKENTH_TWU_TP000010","2021-12-20",-34.1267370510288
"UKENTH_TWU_TP000010","2021-12-27",-67.2783942375351
"UKENTH_TWU_TP000010","2022-01-03",-45.7071936998679
"UKENTH_TWU_TP000010","2022-01-10",-24.5568726039986
"UKENTH_TWU_TP000010","2022-01-17",-22.8448200168315
"UKENTH_TWU_TP000010","2022-01-24",-23.1260411618849
"UKENTH_TWU_TP000010","2022-01-31",-21.5594996198063
"UKENTH_TWU_TP000010","2022-02-07",-21.5555350333459
"UKENTH_TWU_TP000010","2022-02-14",-22.1456388967339
"UKENTH_TWU_TP000010","2022-02-21",-31.8269067604858
"UKENTH_TWU_TP000010","2022-02-28",-22.6995994911317
"UKENTH_TWU_TP000010","2022-03-07",-20.9851910396712
"UKENTH_TWU_TP000010","2022-03-14",-21.5582611670179
"UKENTH_TWU_TP000010","2022-03-21",-22.1276023106347
"UKENTH_TWU_TP000010","2022-03-28",-21.6972674852085
"UKENTH_TWU_TP000010","2022-04-04",-21.8585749650253
"UKENTH_TWU_TP000010","2022-04-11",-28.4224332461574
"UKENTH_TWU_TP000010","2022-04-18",-43.8356347618944
"UKENTH_TWU_TP000010","2022-04-25",-21.6957302041903
"UKENTH_TWU_TP000013","2021-05-03",0
"UKENTH_TWU_TP000013","2021-05-10",-25.8603656939954
"UKENTH_TWU_TP000013","2021-05-17",-24.2905624208857
"UKENTH_TWU_TP000013","2021-05-24",-22.2919270161759
"UKENTH_TWU_TP000013","2021-05-31",-32.7263248572622
"UKENTH_TWU_TP000013","2021-06-07",-20.2988806996392
"UKENTH_TWU_TP000013","2021-06-14",-18.0130205334396
"UKENTH_TWU_TP000013","2021-06-21",-19.0120915913592
"UKENTH_TWU_TP000013","2021-06-28",-19.7253520932538
"UKENTH_TWU_TP000013","2021-07-05",-20.0110591901297
"UKENTH_TWU_TP000013","2021-07-12",-21.8674075716275
"UKENTH_TWU_TP000013","2021-07-19",-25.0099261679592
"UKENTH_TWU_TP000013","2021-07-26",-27.1547297496502
"UKENTH_TWU_TP000013","2021-08-02",-29.2974692764578
"UKENTH_TWU_TP000013","2021-08-09",-29.7252486369599
"UKENTH_TWU_TP000013","2021-08-16",-29.5831491834765
"UKENTH_TWU_TP000013","2021-08-23",-28.5838670071848
"UKENTH_TWU_TP000013","2021-08-30",-31.4396864021965
"UKENTH_TWU_TP000013","2021-09-06",-19.4412487763992
"UKENTH_TWU_TP000013","2021-09-13",-20.0110326584229
"UKENTH_TWU_TP000013","2021-09-20",-20.583002605342
"UKENTH_TWU_TP000013","2021-09-27",-21.0106261117791
"UKENTH_TWU_TP000013","2021-10-04",-20.4389547200564
"UKENTH_TWU_TP000013","2021-10-11",-18.5831417505327
"UKENTH_TWU_TP000013","2021-10-18",-18.8696578002154
"UKENTH_TWU_TP000013","2021-10-25",-25.8701552802954
"UKENTH_TWU_TP000013","2021-11-01",-20.5835795279502
"UKENTH_TWU_TP000013","2021-11-08",-18.4406783417269
"UKENTH_TWU_TP000013","2021-11-15",-17.8702618614041
"UKENTH_TWU_TP000013","2021-11-22",-17.8701416965036
"UKENTH_TWU_TP000013","2021-11-29",-19.4412612564149
"UKENTH_TWU_TP000013","2021-12-06",-16.8704873919165
"UKENTH_TWU_TP000013","2021-12-13",-17.4433437694237
"UKENTH_TWU_TP000013","2021-12-20",-27.0161427527579
"UKENTH_TWU_TP000013","2021-12-27",-63.5791280365942
"UKENTH_TWU_TP000013","2022-01-03",-41.0106153184013
"UKENTH_TWU_TP000013","2022-01-10",-20.1566195929074
"UKENTH_TWU_TP000013","2022-01-17",-19.2985052477525
"UKENTH_TWU_TP000013","2022-01-24",-18.7261560576929
"UKENTH_TWU_TP000013","2022-01-31",-18.4393364530143
"UKENTH_TWU_TP000013","2022-02-07",-17.0129674781463
"UKENTH_TWU_TP000013","2022-02-14",-16.8707927249103
"UKENTH_TWU_TP000013","2022-02-21",-27.4408615730082
"UKENTH_TWU_TP000013","2022-02-28",-19.0114090370005
"UKENTH_TWU_TP000013","2022-03-07",-15.7273553186667
"UKENTH_TWU_TP000013","2022-03-14",-16.870486030638
"UKENTH_TWU_TP000013","2022-03-21",-17.7273876331409
"UKENTH_TWU_TP000013","2022-03-28",-17.2967975293811
"UKENTH_TWU_TP000013","2022-04-04",-16.4423946275815
"UKENTH_TWU_TP000013","2022-04-11",-22.7297513825756
"UKENTH_TWU_TP000013","2022-04-18",-39.5828398570182
"UKENTH_TWU_TP000013","2022-04-25",-16.0140246413915
"UKENTH_TWU_TP000014","2021-05-03",-10.0375262846385
"UKENTH_TWU_TP000014","2021-05-10",-40.7573501054741
"UKENTH_TWU_TP000014","2021-05-17",-40.1290494391812
"UKENTH_TWU_TP000014","2021-05-24",-38.1971740469202
"UKENTH_TWU_TP000014","2021-05-31",-45.8115113006269
"UKENTH_TWU_TP000014","2021-06-07",-36.3709964200001
"UKENTH_TWU_TP000014","2021-06-14",-34.8008990661591
"UKENTH_TWU_TP000014","2021-06-21",-35.1165586416317
"UKENTH_TWU_TP000014","2021-06-28",-35.4240531485784
"UKENTH_TWU_TP000014","2021-07-05",-35.3700166693604
"UKENTH_TWU_TP000014","2021-07-12",-35.9241087005019
"UKENTH_TWU_TP000014","2021-07-19",-38.7641921827242
"UKENTH_TWU_TP000014","2021-07-26",-41.0506516818313
"UKENTH_TWU_TP000014","2021-08-02",-41.3222384294712
"UKENTH_TWU_TP000014","2021-08-09",-41.827573271721
"UKENTH_TWU_TP000014","2021-08-16",-41.1377742857884
"UKENTH_TWU_TP000014","2021-08-23",-40.5841976094933
"UKENTH_TWU_TP000014","2021-08-30",-43.5928395138087
"UKENTH_TWU_TP000014","2021-09-06",-35.5067323332224
"UKENTH_TWU_TP000014","2021-09-13",-35.4044073506881
"UKENTH_TWU_TP000014","2021-09-20",-35.3195633640135
"UKENTH_TWU_TP000014","2021-09-27",-34.5850633419788
"UKENTH_TWU_TP000014","2021-10-04",-34.7320197464907
"UKENTH_TWU_TP000014","2021-10-11",-33.1278945726992
"UKENTH_TWU_TP000014","2021-10-18",-33.4973583054304
"UKENTH_TWU_TP000014","2021-10-25",-36.8964322709083
"UKENTH_TWU_TP000014","2021-11-01",-33.4660341988907
"UKENTH_TWU_TP000014","2021-11-08",-31.628371519412
"UKENTH_TWU_TP000014","2021-11-15",-31.0708286640905
"UKENTH_TWU_TP000014","2021-11-22",-30.8103205758278
"UKENTH_TWU_TP000014","2021-11-29",-31.3597509995241
"UKENTH_TWU_TP000014","2021-12-06",-30.9015506602483
"UKENTH_TWU_TP000014","2021-12-13",-34.0295065063522
"UKENTH_TWU_TP000014","2021-12-20",-44.6442714577418
"UKENTH_TWU_TP000014","2021-12-27",-67.277488835733
"UKENTH_TWU_TP000014","2022-01-03",-51.589629579811
"UKENTH_TWU_TP000014","2022-01-10",-36.0933783308991
"UKENTH_TWU_TP000014","2022-01-17",-34.2515602415506
"UKENTH_TWU_TP000014","2022-01-24",-33.2557710133476
"UKENTH_TWU_TP000014","2022-01-31",-31.9688137878877
"UKENTH_TWU_TP000014","2022-02-07",-31.8299726152413
"UKENTH_TWU_TP000014","2022-02-14",-36.5280024367507
"UKENTH_TWU_TP000014","2022-02-21",-34.1079921453893
"UKENTH_TWU_TP000014","2022-02-28",-32.7858320051168
"UKENTH_TWU_TP000014","2022-03-07",-30.5987317166661
"UKENTH_TWU_TP000014","2022-03-14",-30.4914132262391
"UKENTH_TWU_TP000014","2022-03-21",-30.2512500782752
"UKENTH_TWU_TP000014","2022-03-28",-30.4602423687307
"UKENTH_TWU_TP000014","2022-04-04",-34.2037877439668
"UKENTH_TWU_TP000014","2022-04-11",-35.2275569614994
"UKENTH_TWU_TP000014","2022-04-18",-43.3581294696224
"UKENTH_TWU_TP000014","2022-04-25",-28.5704121555075
"UKENTH_TWU_TP000015","2021-05-03",0
"UKENTH_TWU_TP000015","2021-05-10",-31.3309438580396
"UKENTH_TWU_TP000015","2021-05-17",-29.8510472251461
"UKENTH_TWU_TP000015","2021-05-24",-28.8516046625907
"UKENTH_TWU_TP000015","2021-05-31",-40.5918838847465
"UKENTH_TWU_TP000015","2021-06-07",-29.5395286519394
"UKENTH_TWU_TP000015","2021-06-14",-27.6208026400497
"UKENTH_TWU_TP000015","2021-06-21",-27.7282378428325
"UKENTH_TWU_TP000015","2021-06-28",-28.6045873512349
"UKENTH_TWU_TP000015","2021-07-05",-28.8930578414488
"UKENTH_TWU_TP000015","2021-07-12",-29.3576224575811
"UKENTH_TWU_TP000015","2021-07-19",-31.7007054058247
"UKENTH_TWU_TP000015","2021-07-26",-36.2683195515233
"UKENTH_TWU_TP000015","2021-08-02",-37.7659124987138
"UKENTH_TWU_TP000015","2021-08-09",-38.1314277341825
"UKENTH_TWU_TP000015","2021-08-16",-37.7731173813296
"UKENTH_TWU_TP000015","2021-08-23",-37.233042714865
"UKENTH_TWU_TP000015","2021-08-30",-39.5782380169024
"UKENTH_TWU_TP000015","2021-09-06",-28.9909740104344
"UKENTH_TWU_TP000015","2021-09-13",-29.2708479697934
"UKENTH_TWU_TP000015","2021-09-20",-28.6365303459791
"UKENTH_TWU_TP000015","2021-09-27",-28.2947061651709
"UKENTH_TWU_TP000015","2021-10-04",-28.2590381682312
"UKENTH_TWU_TP000015","2021-10-11",-26.6724685436198
"UKENTH_TWU_TP000015","2021-10-18",-28.5532521284956
"UKENTH_TWU_TP000015","2021-10-25",-34.1186037501171
"UKENTH_TWU_TP000015","2021-11-01",-30.0790150214197
"UKENTH_TWU_TP000015","2021-11-08",-27.0219040300481
"UKENTH_TWU_TP000015","2021-11-15",-26.8283577060421
"UKENTH_TWU_TP000015","2021-11-22",-27.0599243837393
"UKENTH_TWU_TP000015","2021-11-29",-27.5272863007303
"UKENTH_TWU_TP000015","2021-12-06",-26.8481775539481
"UKENTH_TWU_TP000015","2021-12-13",-29.10859062497
"UKENTH_TWU_TP000015","2021-12-20",-39.3185520665875
"UKENTH_TWU_TP000015","2021-12-27",-66.5912562307663
"UKENTH_TWU_TP000015","2022-01-03",-49.145638376545
"UKENTH_TWU_TP000015","2022-01-10",-30.9831523691086
"UKENTH_TWU_TP000015","2022-01-17",-29.45312839762
"UKENTH_TWU_TP000015","2022-01-24",-28.5085320193918
"UKENTH_TWU_TP000015","2022-01-31",-27.30587147311
"UKENTH_TWU_TP000015","2022-02-07",-27.1324252169509
"UKENTH_TWU_TP000015","2022-02-14",-33.9719514187852
"UKENTH_TWU_TP000015","2022-02-21",-30.3045074434829
"UKENTH_TWU_TP000015","2022-02-28",-26.9529426812049
"UKENTH_TWU_TP000015","2022-03-07",-26.0673404888608
"UKENTH_TWU_TP000015","2022-03-14",-26.4943133635131
"UKENTH_TWU_TP000015","2022-03-21",-26.6424813625467
"UKENTH_TWU_TP000015","2022-03-28",-26.6095090856953
"UKENTH_TWU_TP000015","2022-04-04",-30.5780175651567
"UKENTH_TWU_TP000015","2022-04-11",-33.8358967205501
"UKENTH_TWU_TP000015","2022-04-18",-42.5228039239158
"UKENTH_TWU_TP000015","2022-04-25",-24.6058515082945
"UKENTH_TWU_TP000021","2021-05-03",0
"UKENTH_TWU_TP000021","2021-05-10",-30.5226769741233
"UKENTH_TWU_TP000021","2021-05-17",-30.909096679305
"UKENTH_TWU_TP000021","2021-05-24",-29.851616390454
"UKENTH_TWU_TP000021","2021-05-31",-43.1446890789227
"UKENTH_TWU_TP000021","2021-06-07",-33.1636995133381
"UKENTH_TWU_TP000021","2021-06-14",-30.0571707456171
"UKENTH_TWU_TP000021","2021-06-21",-30.1997183452402
"UKENTH_TWU_TP000021","2021-06-28",-30.7593427809676
"UKENTH_TWU_TP000021","2021-07-05",-31.4445064188315
"UKENTH_TWU_TP000021","2021-07-12",-32.5657573272151
"UKENTH_TWU_TP000021","2021-07-19",-36.5666732952479
"UKENTH_TWU_TP000021","2021-07-26",-40.050426094177
"UKENTH_TWU_TP000021","2021-08-02",-41.2625676615863
"UKENTH_TWU_TP000021","2021-08-09",-41.5087386856383
"UKENTH_TWU_TP000021","2021-08-16",-40.5770944804884
"UKENTH_TWU_TP000021","2021-08-23",-38.7380334280589
"UKENTH_TWU_TP000021","2021-08-30",-40.9587642446431
"UKENTH_TWU_TP000021","2021-09-06",-31.5901294626099
"UKENTH_TWU_TP000021","2021-09-13",-31.454169075233
"UKENTH_TWU_TP000021","2021-09-20",-31.2867876929409
"UKENTH_TWU_TP000021","2021-09-27",-31.9826820592793
"UKENTH_TWU_TP000021","2021-10-04",-30.6071378600966
"UKENTH_TWU_TP000021","2021-10-11",-30.0666759628247
"UKENTH_TWU_TP000021","2021-10-18",-30.5561000059672
"UKENTH_TWU_TP000021","2021-10-25",-36.9642780496627
"UKENTH_TWU_TP000021","2021-11-01",-32.1220021107069
"UKENTH_TWU_TP000021","2021-11-08",-29.3969856679467
"UKENTH_TWU_TP000021","2021-11-15",-29.502908010869
"UKENTH_TWU_TP000021","2021-11-22",-29.7533673286738
"UKENTH_TWU_TP000021","2021-11-29",-30.158330485843
"UKENTH_TWU_TP000021","2021-12-06",-29.4110887221412
"UKENTH_TWU_TP000021","2021-12-13",-31.3318447596228
"UKENTH_TWU_TP000021","2021-12-20",-41.7972062106046
"UKENTH_TWU_TP000021","2021-12-27",-69.9756278646052
"UKENTH_TWU_TP000021","2022-01-03",-52.4915655224421
"UKENTH_TWU_TP000021","2022-01-10",-33.1693707575515
"UKENTH_TWU_TP000021","2022-01-17",-31.4244279123431
"UKENTH_TWU_TP000021","2022-01-24",-30.3995941296741
"UKENTH_TWU_TP000021","2022-01-31",-29.2312967793492
"UKENTH_TWU_TP000021","2022-02-07",-28.879822498843
"UKENTH_TWU_TP000021","2022-02-14",-36.2159628787343
"UKENTH_TWU_TP000021","2022-02-21",-33.1636995133381
"UKENTH_TWU_TP000021","2022-02-28",-28.3502361075701
"UKENTH_TWU_TP000021","2022-03-07",-27.9343847827326
"UKENTH_TWU_TP000021","2022-03-14",-28.4391373913364
"UKENTH_TWU_TP000021","2022-03-21",-29.0542527406556
"UKENTH_TWU_TP000021","2022-03-28",-28.6617001439862
"UKENTH_TWU_TP000021","2022-04-04",-33.7665364180126
"UKENTH_TWU_TP000021","2022-04-11",-36.2869271353118
"UKENTH_TWU_TP000021","2022-04-18",-44.1434635676559
"UKENTH_TWU_TP000021","2022-04-25",-26.5727988602199
"UKENTH_TWU_TP000033","2021-05-03",0
"UKENTH_TWU_TP000033","2021-05-10",-26.9755544785224
"UKENTH_TWU_TP000033","2021-05-17",-26.5258936568145
"UKENTH_TWU_TP000033","2021-05-24",-25.377735489679
"UKENTH_TWU_TP000033","2021-05-31",-38.7327213112706
"UKENTH_TWU_TP000033","2021-06-07",-27.8851835870572
"UKENTH_TWU_TP000033","2021-06-14",-25.1855795087996
"UKENTH_TWU_TP000033","2021-06-21",-25.474775188751
"UKENTH_TWU_TP000033","2021-06-28",-25.8300515290706
"UKENTH_TWU_TP000033","2021-07-05",-26.6485678000297
"UKENTH_TWU_TP000033","2021-07-12",-27.440921847396
"UKENTH_TWU_TP000033","2021-07-19",-29.9434498221313
"UKENTH_TWU_TP000033","2021-07-26",-33.0825282345793
"UKENTH_TWU_TP000033","2021-08-02",-33.9885924423698
"UKENTH_TWU_TP000033","2021-08-09",-35.2972537550981
"UKENTH_TWU_TP000033","2021-08-16",-34.8734548350985
"UKENTH_TWU_TP000033","2021-08-23",-34.9946602651214
"UKENTH_TWU_TP000033","2021-08-30",-36.3768954841459
"UKENTH_TWU_TP000033","2021-09-06",-25.4102763649605
"UKENTH_TWU_TP000033","2021-09-13",-25.4992318343821
"UKENTH_TWU_TP000033","2021-09-20",-25.7532104541543
"UKENTH_TWU_TP000033","2021-09-27",-25.5827543503729
"UKENTH_TWU_TP000033","2021-10-04",-26.4468704950678
"UKENTH_TWU_TP000033","2021-10-11",-25.6818260915036
"UKENTH_TWU_TP000033","2021-10-18",-26.676944170673
"UKENTH_TWU_TP000033","2021-10-25",-33.5119064676125
"UKENTH_TWU_TP000033","2021-11-01",-28.2722331192795
"UKENTH_TWU_TP000033","2021-11-08",-25.2011854927662
"UKENTH_TWU_TP000033","2021-11-15",-25.8863277670275
"UKENTH_TWU_TP000033","2021-11-22",-25.802963701387
"UKENTH_TWU_TP000033","2021-11-29",-26.3918066236799
"UKENTH_TWU_TP000033","2021-12-06",-25.2647928313886
"UKENTH_TWU_TP000033","2021-12-13",-26.8648470845941
"UKENTH_TWU_TP000033","2021-12-20",-34.7529705123251
"UKENTH_TWU_TP000033","2021-12-27",-66.1203767959467
"UKENTH_TWU_TP000033","2022-01-03",-46.2691828518448
"UKENTH_TWU_TP000033","2022-01-10",-27.1251001327405
"UKENTH_TWU_TP000033","2022-01-17",-25.804460234269
"UKENTH_TWU_TP000033","2022-01-24",-25.6785300678705
"UKENTH_TWU_TP000033","2022-01-31",-25.0837226667737
"UKENTH_TWU_TP000033","2022-02-07",-23.9505775397496
"UKENTH_TWU_TP000033","2022-02-14",-27.0131480296879
"UKENTH_TWU_TP000033","2022-02-21",-29.9380346220653
"UKENTH_TWU_TP000033","2022-02-28",-23.8533481858693
"UKENTH_TWU_TP000033","2022-03-07",-23.0906817332785
"UKENTH_TWU_TP000033","2022-03-14",-23.2805877578606
"UKENTH_TWU_TP000033","2022-03-21",-24.2038215494161
"UKENTH_TWU_TP000033","2022-03-28",-23.6370712969738
"UKENTH_TWU_TP000033","2022-04-04",-26.7743051953243
"UKENTH_TWU_TP000033","2022-04-11",-31.5860064884076
"UKENTH_TWU_TP000033","2022-04-18",-41.9000316639794
"UKENTH_TWU_TP000033","2022-04-25",-22.1042097859867
"UKENTH_TWU_TP000050","2021-05-03",0
"UKENTH_TWU_TP000050","2021-05-10",-22.9629691369574
"UKENTH_TWU_TP000050","2021-05-17",-23.5250708554385
"UKENTH_TWU_TP000050","2021-05-24",-22.8100889652733
"UKENTH_TWU_TP000050","2021-05-31",-36.3825316910064
"UKENTH_TWU_TP000050","2021-06-07",-25.0292353379471
"UKENTH_TWU_TP000050","2021-06-14",-23.5189068306812
"UKENTH_TWU_TP000050","2021-06-21",-24.0207641463963
"UKENTH_TWU_TP000050","2021-06-28",-25.0686187510364
"UKENTH_TWU_TP000050","2021-07-05",-25.0287758137621
"UKENTH_TWU_TP000050","2021-07-12",-24.3777373817319
"UKENTH_TWU_TP000050","2021-07-19",-26.0547810633674
"UKENTH_TWU_TP000050","2021-07-26",-31.0011944725115
"UKENTH_TWU_TP000050","2021-08-02",-32.6360253227672
"UKENTH_TWU_TP000050","2021-08-09",-32.8393022910311
"UKENTH_TWU_TP000050","2021-08-16",-32.5353675859687
"UKENTH_TWU_TP000050","2021-08-23",-32.82728963026
"UKENTH_TWU_TP000050","2021-08-30",-35.3552112533432
"UKENTH_TWU_TP000050","2021-09-06",-24.464643829431
"UKENTH_TWU_TP000050","2021-09-13",-24.5209314084464
"UKENTH_TWU_TP000050","2021-09-20",-23.6757502604716
"UKENTH_TWU_TP000050","2021-09-27",-24.0881624319048
"UKENTH_TWU_TP000050","2021-10-04",-24.0270233110836
"UKENTH_TWU_TP000050","2021-10-11",-23.3456735459371
"UKENTH_TWU_TP000050","2021-10-18",-23.4336395448125
"UKENTH_TWU_TP000050","2021-10-25",-30.5261187772328
"UKENTH_TWU_TP000050","2021-11-01",-25.3074954526709
"UKENTH_TWU_TP000050","2021-11-08",-23.4735139615263
"UKENTH_TWU_TP000050","2021-11-15",-23.4613859940157
"UKENTH_TWU_TP000050","2021-11-22",-23.7102285270733
"UKENTH_TWU_TP000050","2021-11-29",-23.8833279658426
"UKENTH_TWU_TP000050","2021-12-06",-22.845212108413
"UKENTH_TWU_TP000050","2021-12-13",-23.1404442795217
"UKENTH_TWU_TP000050","2021-12-20",-31.0750427860139
"UKENTH_TWU_TP000050","2021-12-27",-63.9246567293728
"UKENTH_TWU_TP000050","2022-01-03",-43.7432237585989
"UKENTH_TWU_TP000050","2022-01-10",-23.8921940701465
"UKENTH_TWU_TP000050","2022-01-17",-23.0108878365405
"UKENTH_TWU_TP000050","2022-01-24",-22.3935582538141
"UKENTH_TWU_TP000050","2022-01-31",-23.1470820756577
"UKENTH_TWU_TP000050","2022-02-07",-22.8033545043454
"UKENTH_TWU_TP000050","2022-02-14",-23.4381839344682
"UKENTH_TWU_TP000050","2022-02-21",-30.3921410957072
"UKENTH_TWU_TP000050","2022-02-28",-23.9181928957952
"UKENTH_TWU_TP000050","2022-03-07",-22.3121774349614
"UKENTH_TWU_TP000050","2022-03-14",-23.0324752645741
"UKENTH_TWU_TP000050","2022-03-21",-23.6894046390574
"UKENTH_TWU_TP000050","2022-03-28",-22.3721296744179
"UKENTH_TWU_TP000050","2022-04-04",-23.2149192704307
"UKENTH_TWU_TP000050","2022-04-11",-27.6409299325352
"UKENTH_TWU_TP000050","2022-04-18",-42.7717689174787
"UKENTH_TWU_TP000050","2022-04-25",-22.4109638418783
"UKENTH_TWU_TP000052","2021-05-03",-12.8484608005782
"UKENTH_TWU_TP000052","2021-05-10",-39.0484251937572
"UKENTH_TWU_TP000052","2021-05-17",-38.0857010498589
"UKENTH_TWU_TP000052","2021-05-24",-36.1658125076259
"UKENTH_TWU_TP000052","2021-05-31",-44.0628242631998
"UKENTH_TWU_TP000052","2021-06-07",-33.2388214794574
"UKENTH_TWU_TP000052","2021-06-14",-31.9436193653095
"UKENTH_TWU_TP000052","2021-06-21",-32.1898084830893
"UKENTH_TWU_TP000052","2021-06-28",-32.4154417471354
"UKENTH_TWU_TP000052","2021-07-05",-32.4699842608916
"UKENTH_TWU_TP000052","2021-07-12",-33.1715108316695
"UKENTH_TWU_TP000052","2021-07-19",-34.9449127570626
"UKENTH_TWU_TP000052","2021-07-26",-38.5129383516983
"UKENTH_TWU_TP000052","2021-08-02",-39.1745265637773
"UKENTH_TWU_TP000052","2021-08-09",-39.4155915937121
"UKENTH_TWU_TP000052","2021-08-16",-38.8312832838903
"UKENTH_TWU_TP000052","2021-08-23",-38.5299591880454
"UKENTH_TWU_TP000052","2021-08-30",-42.0515449298731
"UKENTH_TWU_TP000052","2021-09-06",-32.4573914245189
"UKENTH_TWU_TP000052","2021-09-13",-32.2524366647036
"UKENTH_TWU_TP000052","2021-09-20",-32.0407163814481
"UKENTH_TWU_TP000052","2021-09-27",-31.2704020682581
"UKENTH_TWU_TP000052","2021-10-04",-31.7081987493515
"UKENTH_TWU_TP000052","2021-10-11",-30.2553865776729
"UKENTH_TWU_TP000052","2021-10-18",-31.0811632387004
"UKENTH_TWU_TP000052","2021-10-25",-35.080285190532
"UKENTH_TWU_TP000052","2021-11-01",-31.2761570429749
"UKENTH_TWU_TP000052","2021-11-08",-29.2884280685962
"UKENTH_TWU_TP000052","2021-11-15",-29.0912183559154
"UKENTH_TWU_TP000052","2021-11-22",-29.2835842061835
"UKENTH_TWU_TP000052","2021-11-29",-29.6553486811723
"UKENTH_TWU_TP000052","2021-12-06",-29.4633003660777
"UKENTH_TWU_TP000052","2021-12-13",-32.7130858293539
"UKENTH_TWU_TP000052","2021-12-20",-43.328657780134
"UKENTH_TWU_TP000052","2021-12-27",-68.1004058860066
"UKENTH_TWU_TP000052","2022-01-03",-50.8869634753759
"UKENTH_TWU_TP000052","2022-01-10",-34.2145615762223
"UKENTH_TWU_TP000052","2022-01-17",-32.2163585373085
"UKENTH_TWU_TP000052","2022-01-24",-31.0579943484663
"UKENTH_TWU_TP000052","2022-01-31",-29.5931070880238
"UKENTH_TWU_TP000052","2022-02-07",-29.756858856255
"UKENTH_TWU_TP000052","2022-02-14",-34.9518102362639
"UKENTH_TWU_TP000052","2022-02-21",-31.6690749674156
"UKENTH_TWU_TP000052","2022-02-28",-29.8561985866804
"UKENTH_TWU_TP000052","2022-03-07",-28.2966429775354
"UKENTH_TWU_TP000052","2022-03-14",-28.2586015065981
"UKENTH_TWU_TP000052","2022-03-21",-28.2281830610542
"UKENTH_TWU_TP000052","2022-03-28",-28.585184653687
"UKENTH_TWU_TP000052","2022-04-04",-33.0482587145097
"UKENTH_TWU_TP000052","2022-04-11",-34.3836778484404
"UKENTH_TWU_TP000052","2022-04-18",-42.4344106721771
"UKENTH_TWU_TP000052","2022-04-25",-26.1383840737075
"UKENTH_TWU_TP000054","2021-05-03",0
"UKENTH_TWU_TP000054","2021-05-10",-34.4325546054444
"UKENTH_TWU_TP000054","2021-05-17",-34.2243241983849
"UKENTH_TWU_TP000054","2021-05-24",-32.3935742936146
"UKENTH_TWU_TP000054","2021-05-31",-41.2335493555377
"UKENTH_TWU_TP000054","2021-06-07",-31.4727744404399
"UKENTH_TWU_TP000054","2021-06-14",-29.761000118169
"UKENTH_TWU_TP000054","2021-06-21",-30.2624593754303
"UKENTH_TWU_TP000054","2021-06-28",-30.7795343092342
"UKENTH_TWU_TP000054","2021-07-05",-30.4558302024477
"UKENTH_TWU_TP000054","2021-07-12",-31.2207033134103
"UKENTH_TWU_TP000054","2021-07-19",-33.7629911930587
"UKENTH_TWU_TP000054","2021-07-26",-38.2836856886734
"UKENTH_TWU_TP000054","2021-08-02",-39.5740098619684
"UKENTH_TWU_TP000054","2021-08-09",-40.5719051584146
"UKENTH_TWU_TP000054","2021-08-16",-39.8125160257739
"UKENTH_TWU_TP000054","2021-08-23",-39.0896546019029
"UKENTH_TWU_TP000054","2021-08-30",-41.1799816464894
"UKENTH_TWU_TP000054","2021-09-06",-32.8816395134645
"UKENTH_TWU_TP000054","2021-09-13",-32.5761902773469
"UKENTH_TWU_TP000054","2021-09-20",-32.9638517536709
"UKENTH_TWU_TP000054","2021-09-27",-32.5748694269085
"UKENTH_TWU_TP000054","2021-10-04",-31.7836796397315
"UKENTH_TWU_TP000054","2021-10-11",-30.5767322378304
"UKENTH_TWU_TP000054","2021-10-18",-30.7858847197241
"UKENTH_TWU_TP000054","2021-10-25",-35.8964874624717
"UKENTH_TWU_TP000054","2021-11-01",-31.9821968371268
"UKENTH_TWU_TP000054","2021-11-08",-29.6228895296025
"UKENTH_TWU_TP000054","2021-11-15",-29.7564648146062
"UKENTH_TWU_TP000054","2021-11-22",-29.7297101193409
"UKENTH_TWU_TP000054","2021-11-29",-30.1745050357639
"UKENTH_TWU_TP000054","2021-12-06",-29.2074737461038
"UKENTH_TWU_TP000054","2021-12-13",-31.1517585658444
"UKENTH_TWU_TP000054","2021-12-20",-40.8298104420386
"UKENTH_TWU_TP000054","2021-12-27",-66.9330582067878
"UKENTH_TWU_TP000054","2022-01-03",-51.0133268927635
"UKENTH_TWU_TP000054","2022-01-10",-33.3590752094538
"UKENTH_TWU_TP000054","2022-01-17",-31.5141755317449
"UKENTH_TWU_TP000054","2022-01-24",-30.5576014786373
"UKENTH_TWU_TP000054","2022-01-31",-29.2718744094335
"UKENTH_TWU_TP000054","2022-02-07",-29.021667038318
"UKENTH_TWU_TP000054","2022-02-14",-34.8339430400873
"UKENTH_TWU_TP000054","2022-02-21",-31.9339044103385
"UKENTH_TWU_TP000054","2022-02-28",-29.6493830438493
"UKENTH_TWU_TP000054","2022-03-07",-28.3201639180741
"UKENTH_TWU_TP000054","2022-03-14",-28.6058649415822
"UKENTH_TWU_TP000054","2022-03-21",-28.4172353111466
"UKENTH_TWU_TP000054","2022-03-28",-28.6012321939646
"UKENTH_TWU_TP000054","2022-04-04",-33.3581852267586
"UKENTH_TWU_TP000054","2022-04-11",-34.9036833040114
"UKENTH_TWU_TP000054","2022-04-18",-42.8605225904576
"UKENTH_TWU_TP000054","2022-04-25",-27.2730340367199
"UKENTH_TWU_TP000073","2021-05-03",0
"UKENTH_TWU_TP000073","2021-05-10",-35.0791528010571
"UKENTH_TWU_TP000073","2021-05-17",-32.9809638579738
"UKENTH_TWU_TP000073","2021-05-24",-30.1659707203196
"UKENTH_TWU_TP000073","2021-05-31",-39.1757282700764
"UKENTH_TWU_TP000073","2021-06-07",-27.1695871465124
"UKENTH_TWU_TP000073","2021-06-14",-24.4419013150269
"UKENTH_TWU_TP000073","2021-06-21",-24.6097089740485
"UKENTH_TWU_TP000073","2021-06-28",-26.447189061089
"UKENTH_TWU_TP000073","2021-07-05",-26.4526044531451
"UKENTH_TWU_TP000073","2021-07-12",-28.4550420795342
"UKENTH_TWU_TP000073","2021-07-19",-31.6053779212526
"UKENTH_TWU_TP000073","2021-07-26",-34.9348821168253
"UKENTH_TWU_TP000073","2021-08-02",-35.7505908086274
"UKENTH_TWU_TP000073","2021-08-09",-37.9903252596596
"UKENTH_TWU_TP000073","2021-08-16",-36.5775595176326
"UKENTH_TWU_TP000073","2021-08-23",-36.9993042695856
"UKENTH_TWU_TP000073","2021-08-30",-38.2907502695065
"UKENTH_TWU_TP000073","2021-09-06",-29.0866334554387
"UKENTH_TWU_TP000073","2021-09-13",-28.3827380356414
"UKENTH_TWU_TP000073","2021-09-20",-28.1163763145344
"UKENTH_TWU_TP000073","2021-09-27",-27.1259702009789
"UKENTH_TWU_TP000073","2021-10-04",-28.8169964422724
"UKENTH_TWU_TP000073","2021-10-11",-26.1121896475396
"UKENTH_TWU_TP000073","2021-10-18",-26.6897801942412
"UKENTH_TWU_TP000073","2021-10-25",-32.9189802591474
"UKENTH_TWU_TP000073","2021-11-01",-25.9130028993264
"UKENTH_TWU_TP000073","2021-11-08",-21.6430683597676
"UKENTH_TWU_TP000073","2021-11-15",-20.5224184076869
"UKENTH_TWU_TP000073","2021-11-22",-21.2396808596641
"UKENTH_TWU_TP000073","2021-11-29",-22.5304102774616
"UKENTH_TWU_TP000073","2021-12-06",-20.5249140315095
"UKENTH_TWU_TP000073","2021-12-13",-24.9236658077937
"UKENTH_TWU_TP000073","2021-12-20",-37.1655973282805
"UKENTH_TWU_TP000073","2021-12-27",-67.6107154921417
"UKENTH_TWU_TP000073","2022-01-03",-46.853723625074
"UKENTH_TWU_TP000073","2022-01-10",-27.1849417202814
"UKENTH_TWU_TP000073","2022-01-17",-25.728312359131
"UKENTH_TWU_TP000073","2022-01-24",-26.4129869210195
"UKENTH_TWU_TP000073","2022-01-31",-25.0118783722422
"UKENTH_TWU_TP000073","2022-02-07",-25.2816552647135
"UKENTH_TWU_TP000073","2022-02-14",-30.7637930490888
"UKENTH_TWU_TP000073","2022-02-21",-29.0324978356108
"UKENTH_TWU_TP000073","2022-02-28",-22.4526720457546
"UKENTH_TWU_TP000073","2022-03-07",-21.7578726587258
"UKENTH_TWU_TP000073","2022-03-14",-20.124566355211
"UKENTH_TWU_TP000073","2022-03-21",-19.9643650410447
"UKENTH_TWU_TP000073","2022-03-28",-20.53437518328
"UKENTH_TWU_TP000073","2022-04-04",-25.9865285236496
"UKENTH_TWU_TP000073","2022-04-11",-30.9774859818185
"UKENTH_TWU_TP000073","2022-04-18",-41.1908006346904
"UKENTH_TWU_TP000073","2022-04-25",-19.7793073258963
"UKENTH_TWU_TP000084","2021-05-03",0
"UKENTH_TWU_TP000084","2021-05-10",-35.7054609470679
"UKENTH_TWU_TP000084","2021-05-17",-35.0788215381264
"UKENTH_TWU_TP000084","2021-05-24",-33.8358425217627
"UKENTH_TWU_TP000084","2021-05-31",-43.8923527519068
"UKENTH_TWU_TP000084","2021-06-07",-33.4892302691525
"UKENTH_TWU_TP000084","2021-06-14",-31.3832774073179
"UKENTH_TWU_TP000084","2021-06-21",-31.6126279990936
"UKENTH_TWU_TP000084","2021-06-28",-32.6894587206927
"UKENTH_TWU_TP000084","2021-07-05",-32.9098955795473
"UKENTH_TWU_TP000084","2021-07-12",-33.4416041043837
"UKENTH_TWU_TP000084","2021-07-19",-36.469882235746
"UKENTH_TWU_TP000084","2021-07-26",-40.1481826406
"UKENTH_TWU_TP000084","2021-08-02",-41.6050839179342
"UKENTH_TWU_TP000084","2021-08-09",-42.1984942414164
"UKENTH_TWU_TP000084","2021-08-16",-40.8042692765801
"UKENTH_TWU_TP000084","2021-08-23",-40.6023102790105
"UKENTH_TWU_TP000084","2021-08-30",-42.5997058058734
"UKENTH_TWU_TP000084","2021-09-06",-32.5821969276303
"UKENTH_TWU_TP000084","2021-09-13",-32.5628854917702
"UKENTH_TWU_TP000084","2021-09-20",-32.155658275199
"UKENTH_TWU_TP000084","2021-09-27",-31.8854503771618
"UKENTH_TWU_TP000084","2021-10-04",-31.8141451030316
"UKENTH_TWU_TP000084","2021-10-11",-30.1001065265586
"UKENTH_TWU_TP000084","2021-10-18",-31.5990086408817
"UKENTH_TWU_TP000084","2021-10-25",-38.2001927962896
"UKENTH_TWU_TP000084","2021-11-01",-33.3862118739462
"UKENTH_TWU_TP000084","2021-11-08",-30.8616149673901
"UKENTH_TWU_TP000084","2021-11-15",-30.175302303104
"UKENTH_TWU_TP000084","2021-11-22",-30.2457789546078
"UKENTH_TWU_TP000084","2021-11-29",-30.496588570233
"UKENTH_TWU_TP000084","2021-12-06",-29.8549621703101
"UKENTH_TWU_TP000084","2021-12-13",-32.8308977432641
"UKENTH_TWU_TP000084","2021-12-20",-43.2203854650234
"UKENTH_TWU_TP000084","2021-12-27",-69.193218454525
"UKENTH_TWU_TP000084","2022-01-03",-51.6796964831237
"UKENTH_TWU_TP000084","2022-01-10",-33.7608835326621
"UKENTH_TWU_TP000084","2022-01-17",-32.3672823012521
"UKENTH_TWU_TP000084","2022-01-24",-31.0676311107258
"UKENTH_TWU_TP000084","2022-01-31",-30.0031016252341
"UKENTH_TWU_TP000084","2022-02-07",-30.333097850045
"UKENTH_TWU_TP000084","2022-02-14",-36.6334759503991
"UKENTH_TWU_TP000084","2022-02-21",-33.2046492866985
"UKENTH_TWU_TP000084","2022-02-28",-29.4316701751447
"UKENTH_TWU_TP000084","2022-03-07",-28.6546276190467
"UKENTH_TWU_TP000084","2022-03-14",-28.9257224890999
"UKENTH_TWU_TP000084","2022-03-21",-29.234700123105
"UKENTH_TWU_TP000084","2022-03-28",-29.795104781718
"UKENTH_TWU_TP000084","2022-04-04",-35.777280419207
"UKENTH_TWU_TP000084","2022-04-11",-38.0464549073342
"UKENTH_TWU_TP000084","2022-04-18",-43.710180729165
"UKENTH_TWU_TP000084","2022-04-25",-26.730308313228
"UKENTH_TWU_TP000100","2021-05-03",0
"UKENTH_TWU_TP000100","2021-05-10",-27.6491071964462
"UKENTH_TWU_TP000100","2021-05-17",-25.4709108396126
"UKENTH_TWU_TP000100","2021-05-24",-23.5981449208594
"UKENTH_TWU_TP000100","2021-05-31",-34.9969039104163
"UKENTH_TWU_TP000100","2021-06-07",-22.4407472407783
"UKENTH_TWU_TP000100","2021-06-14",-19.096045456291
"UKENTH_TWU_TP000100","2021-06-21",-19.5430246918895
"UKENTH_TWU_TP000100","2021-06-28",-19.6842886188915
"UKENTH_TWU_TP000100","2021-07-05",-20.6199097856161
"UKENTH_TWU_TP000100","2021-07-12",-20.8058030371961
"UKENTH_TWU_TP000100","2021-07-19",-25.5073539453332
"UKENTH_TWU_TP000100","2021-07-26",-29.4434150009071
"UKENTH_TWU_TP000100","2021-08-02",-29.5041376119516
"UKENTH_TWU_TP000100","2021-08-09",-30.0552791361152
"UKENTH_TWU_TP000100","2021-08-16",-30.7549493514747
"UKENTH_TWU_TP000100","2021-08-23",-29.6794257061709
"UKENTH_TWU_TP000100","2021-08-30",-32.901333909878
"UKENTH_TWU_TP000100","2021-09-06",-18.950950979638
"UKENTH_TWU_TP000100","2021-09-13",-19.4335340971112
"UKENTH_TWU_TP000100","2021-09-20",-18.8181220188149
"UKENTH_TWU_TP000100","2021-09-27",-19.238918455356
"UKENTH_TWU_TP000100","2021-10-04",-20.0996155680495
"UKENTH_TWU_TP000100","2021-10-11",-18.5114706725604
"UKENTH_TWU_TP000100","2021-10-18",-19.3660130844601
"UKENTH_TWU_TP000100","2021-10-25",-28.066843138379
"UKENTH_TWU_TP000100","2021-11-01",-22.1674566956885
"UKENTH_TWU_TP000100","2021-11-08",-18.0279768156306
"UKENTH_TWU_TP000100","2021-11-15",-17.8801754322236
"UKENTH_TWU_TP000100","2021-11-22",-19.4561143230409
"UKENTH_TWU_TP000100","2021-11-29",-19.1982940194456
"UKENTH_TWU_TP000100","2021-12-06",-18.747966039139
"UKENTH_TWU_TP000100","2021-12-13",-19.4597153370273
"UKENTH_TWU_TP000100","2021-12-20",-30.951423957929
"UKENTH_TWU_TP000100","2021-12-27",-64.9279976638457
"UKENTH_TWU_TP000100","2022-01-03",-43.8669199878341
"UKENTH_TWU_TP000100","2022-01-10",-20.6205794165192
"UKENTH_TWU_TP000100","2022-01-17",-19.7528759495408
"UKENTH_TWU_TP000100","2022-01-24",-18.6535901596824
"UKENTH_TWU_TP000100","2022-01-31",-18.3876670170101
"UKENTH_TWU_TP000100","2022-02-07",-17.0683024590733
"UKENTH_TWU_TP000100","2022-02-14",-19.1646686842005
"UKENTH_TWU_TP000100","2022-02-21",-27.8444931573983
"UKENTH_TWU_TP000100","2022-02-28",-20.2690574437714
"UKENTH_TWU_TP000100","2022-03-07",-17.0431383813871
"UKENTH_TWU_TP000100","2022-03-14",-17.4741768191838
"UKENTH_TWU_TP000100","2022-03-21",-19.1600679369029
"UKENTH_TWU_TP000100","2022-03-28",-16.9385148314546
"UKENTH_TWU_TP000100","2022-04-04",-17.3350394091175
"UKENTH_TWU_TP000100","2022-04-11",-25.0858089272948
"UKENTH_TWU_TP000100","2022-04-18",-41.3079585783844
"UKENTH_TWU_TP000100","2022-04-25",-18.2112390606971
"UKENTH_TWU_TP000102","2021-05-03",-3.15798704601987
"UKENTH_TWU_TP000102","2021-05-10",-32.674324843531
"UKENTH_TWU_TP000102","2021-05-17",-32.1393005657717
"UKENTH_TWU_TP000102","2021-05-24",-30.5906937389225
"UKENTH_TWU_TP000102","2021-05-31",-41.4563321127522
"UKENTH_TWU_TP000102","2021-06-07",-30.3145211837688
"UKENTH_TWU_TP000102","2021-06-14",-28.258978281992
"UKENTH_TWU_TP000102","2021-06-21",-28.6817844834738
"UKENTH_TWU_TP000102","2021-06-28",-29.0546338601043
"UKENTH_TWU_TP000102","2021-07-05",-29.3543763381042
"UKENTH_TWU_TP000102","2021-07-12",-29.9522663328247
"UKENTH_TWU_TP000102","2021-07-19",-32.4567697426821
"UKENTH_TWU_TP000102","2021-07-26",-37.3047840937052
"UKENTH_TWU_TP000102","2021-08-02",-38.2378804441064
"UKENTH_TWU_TP000102","2021-08-09",-38.9075904526537
"UKENTH_TWU_TP000102","2021-08-16",-38.0517413527743
"UKENTH_TWU_TP000102","2021-08-23",-37.8278133230005
"UKENTH_TWU_TP000102","2021-08-30",-39.6301878804807
"UKENTH_TWU_TP000102","2021-09-06",-29.3823637465781
"UKENTH_TWU_TP000102","2021-09-13",-29.1617623503774
"UKENTH_TWU_TP000102","2021-09-20",-29.6017825738773
"UKENTH_TWU_TP000102","2021-09-27",-28.8537350249285
"UKENTH_TWU_TP000102","2021-10-04",-29.4780456849964
"UKENTH_TWU_TP000102","2021-10-11",-27.6386723038283
"UKENTH_TWU_TP000102","2021-10-18",-30.076976402267
"UKENTH_TWU_TP000102","2021-10-25",-35.1077425326156
"UKENTH_TWU_TP000102","2021-11-01",-30.7431272242532
"UKENTH_TWU_TP000102","2021-11-08",-27.5572255390182
"UKENTH_TWU_TP000102","2021-11-15",-28.0148189885332
"UKENTH_TWU_TP000102","2021-11-22",-27.9034621672934
"UKENTH_TWU_TP000102","2021-11-29",-28.5420949902062
"UKENTH_TWU_TP000102","2021-12-06",-27.3987943266837
"UKENTH_TWU_TP000102","2021-12-13",-29.6523043375591
"UKENTH_TWU_TP000102","2021-12-20",-39.2931514673073
"UKENTH_TWU_TP000102","2021-12-27",-68.0582156902734
"UKENTH_TWU_TP000102","2022-01-03",-49.568586068305
"UKENTH_TWU_TP000102","2022-01-10",-31.0472539048107
"UKENTH_TWU_TP000102","2022-01-17",-29.3242438453057
"UKENTH_TWU_TP000102","2022-01-24",-29.1107947709995
"UKENTH_TWU_TP000102","2022-01-31",-27.406599673025
"UKENTH_TWU_TP000102","2022-02-07",-27.3764727468484
"UKENTH_TWU_TP000102","2022-02-14",-34.1991542429775
"UKENTH_TWU_TP000102","2022-02-21",-30.9470377186209
"UKENTH_TWU_TP000102","2022-02-28",-26.8065467380067
"UKENTH_TWU_TP000102","2022-03-07",-27.2756054878294
"UKENTH_TWU_TP000102","2022-03-14",-27.5145634997168
"UKENTH_TWU_TP000102","2022-03-21",-27.4513789916797
"UKENTH_TWU_TP000102","2022-03-28",-28.0513061654209
"UKENTH_TWU_TP000102","2022-04-04",-33.2706492070732
"UKENTH_TWU_TP000102","2022-04-11",-35.3070191338216
"UKENTH_TWU_TP000102","2022-04-18",-42.5398967121861
"UKENTH_TWU_TP000102","2022-04-25",-25.459648892427
"UKENTH_TWU_TP000103","2021-05-03",0
"UKENTH_TWU_TP000103","2021-05-10",-18.7246180999529
"UKENTH_TWU_TP000103","2021-05-17",-16.9115388988943
"UKENTH_TWU_TP000103","2021-05-24",-14.2931040872085
"UKENTH_TWU_TP000103","2021-05-31",-27.7998299809739
"UKENTH_TWU_TP000103","2021-06-07",-15.2665755483309
"UKENTH_TWU_TP000103","2021-06-14",-13.5055919505518
"UKENTH_TWU_TP000103","2021-06-21",-13.5707126821348
"UKENTH_TWU_TP000103","2021-06-28",-13.3475693459469
"UKENTH_TWU_TP000103","2021-07-05",-13.4832182019682
"UKENTH_TWU_TP000103","2021-07-12",-13.9185166102322
"UKENTH_TWU_TP000103","2021-07-19",-20.0191982173875
"UKENTH_TWU_TP000103","2021-07-26",-23.3888316983825
"UKENTH_TWU_TP000103","2021-08-02",-25.472808959938
"UKENTH_TWU_TP000103","2021-08-09",-25.2065267865706
"UKENTH_TWU_TP000103","2021-08-16",-24.0907260643028
"UKENTH_TWU_TP000103","2021-08-23",-23.6909357002271
"UKENTH_TWU_TP000103","2021-08-30",-26.8505477118067
"UKENTH_TWU_TP000103","2021-09-06",-16.5745811911381
"UKENTH_TWU_TP000103","2021-09-13",-17.1326637065678
"UKENTH_TWU_TP000103","2021-09-20",-17.1316772143331
"UKENTH_TWU_TP000103","2021-09-27",-17.2806727583108
"UKENTH_TWU_TP000103","2021-10-04",-17.4204292319853
"UKENTH_TWU_TP000103","2021-10-11",-17.1836439626738
"UKENTH_TWU_TP000103","2021-10-18",-17.2021469078159
"UKENTH_TWU_TP000103","2021-10-25",-23.6901052232504
"UKENTH_TWU_TP000103","2021-11-01",-18.5432117592573
"UKENTH_TWU_TP000103","2021-11-08",-16.1049737199163
"UKENTH_TWU_TP000103","2021-11-15",-15.5525426036621
"UKENTH_TWU_TP000103","2021-11-22",-15.1762079441485
"UKENTH_TWU_TP000103","2021-11-29",-14.6730027519449
"UKENTH_TWU_TP000103","2021-12-06",-13.7036675332896
"UKENTH_TWU_TP000103","2021-12-13",-13.1852342307189
"UKENTH_TWU_TP000103","2021-12-20",-21.9373508154498
"UKENTH_TWU_TP000103","2021-12-27",-54.8749029015359
"UKENTH_TWU_TP000103","2022-01-03",-36.5658679147998
"UKENTH_TWU_TP000103","2022-01-10",-17.141565671189
"UKENTH_TWU_TP000103","2022-01-17",-16.2930501138404
"UKENTH_TWU_TP000103","2022-01-24",-16.0865324481039
"UKENTH_TWU_TP000103","2022-01-31",-15.1223205135207
"UKENTH_TWU_TP000103","2022-02-07",-14.6970153811139
"UKENTH_TWU_TP000103","2022-02-14",-22.3610464059767
"UKENTH_TWU_TP000103","2022-02-21",-18.1275506235868
"UKENTH_TWU_TP000103","2022-02-28",-13.8455477256923
"UKENTH_TWU_TP000103","2022-03-07",-14.2909591828831
"UKENTH_TWU_TP000103","2022-03-14",-14.0441813122622
"UKENTH_TWU_TP000103","2022-03-21",-13.2629249399585
"UKENTH_TWU_TP000103","2022-03-28",-12.7222073258772
"UKENTH_TWU_TP000103","2022-04-04",-19.2501703348734
"UKENTH_TWU_TP000103","2022-04-11",-20.445287492779
"UKENTH_TWU_TP000103","2022-04-18",-28.5192749815967
"UKENTH_TWU_TP000103","2022-04-25",-11.3364999669025
"UKENTH_TWU_TP000106","2021-05-03",0
"UKENTH_TWU_TP000106","2021-05-10",-30.1186088024768
"UKENTH_TWU_TP000106","2021-05-17",-29.9297769931418
"UKENTH_TWU_TP000106","2021-05-24",-29.0959679481787
"UKENTH_TWU_TP000106","2021-05-31",-41.6992854586903
"UKENTH_TWU_TP000106","2021-06-07",-30.689681035939
"UKENTH_TWU_TP000106","2021-06-14",-27.6295549989291
"UKENTH_TWU_TP000106","2021-06-21",-28.0572209140265
"UKENTH_TWU_TP000106","2021-06-28",-28.7824126313829
"UKENTH_TWU_TP000106","2021-07-05",-29.2535310355048
"UKENTH_TWU_TP000106","2021-07-12",-29.8308512503346
"UKENTH_TWU_TP000106","2021-07-19",-33.9755880384986
"UKENTH_TWU_TP000106","2021-07-26",-37.5581997431353
"UKENTH_TWU_TP000106","2021-08-02",-38.2906204952593
"UKENTH_TWU_TP000106","2021-08-09",-38.3787021404673
"UKENTH_TWU_TP000106","2021-08-16",-38.1898247019643
"UKENTH_TWU_TP000106","2021-08-23",-37.7985241467968
"UKENTH_TWU_TP000106","2021-08-30",-39.7193346129863
"UKENTH_TWU_TP000106","2021-09-06",-29.356005943092
"UKENTH_TWU_TP000106","2021-09-13",-29.33689943997
"UKENTH_TWU_TP000106","2021-09-20",-29.2494199059468
"UKENTH_TWU_TP000106","2021-09-27",-29.5364218124444
"UKENTH_TWU_TP000106","2021-10-04",-28.8798932307632
"UKENTH_TWU_TP000106","2021-10-11",-27.3713131568008
"UKENTH_TWU_TP000106","2021-10-18",-27.8098059504648
"UKENTH_TWU_TP000106","2021-10-25",-35.1626023708206
"UKENTH_TWU_TP000106","2021-11-01",-30.2500024360975
"UKENTH_TWU_TP000106","2021-11-08",-27.5732862482545
"UKENTH_TWU_TP000106","2021-11-15",-27.625354782861
"UKENTH_TWU_TP000106","2021-11-22",-27.7676674963643
"UKENTH_TWU_TP000106","2021-11-29",-28.3398236406107
"UKENTH_TWU_TP000106","2021-12-06",-27.4483060542995
"UKENTH_TWU_TP000106","2021-12-13",-29.0320142925065
"UKENTH_TWU_TP000106","2021-12-20",-38.8112155332288
"UKENTH_TWU_TP000106","2021-12-27",-68.927658126604
"UKENTH_TWU_TP000106","2022-01-03",-50.3861063168353
"UKENTH_TWU_TP000106","2022-01-10",-30.592843728132
"UKENTH_TWU_TP000106","2022-01-17",-29.1015817077618
"UKENTH_TWU_TP000106","2022-01-24",-28.4341012259654
"UKENTH_TWU_TP000106","2022-01-31",-27.235987591794
"UKENTH_TWU_TP000106","2022-02-07",-26.8067867757122
"UKENTH_TWU_TP000106","2022-02-14",-33.6075976549175
"UKENTH_TWU_TP000106","2022-02-21",-30.9275948215481
"UKENTH_TWU_TP000106","2022-02-28",-26.7867548541715
"UKENTH_TWU_TP000106","2022-03-07",-26.4785794334973
"UKENTH_TWU_TP000106","2022-03-14",-26.8652336144469
"UKENTH_TWU_TP000106","2022-03-21",-26.6984903686787
"UKENTH_TWU_TP000106","2022-03-28",-26.7269445244997
"UKENTH_TWU_TP000106","2022-04-04",-32.858782215748
"UKENTH_TWU_TP000106","2022-04-11",-34.9950922708619
"UKENTH_TWU_TP000106","2022-04-18",-42.8885652045892
"UKENTH_TWU_TP000106","2022-04-25",-24.7820194666146
"UKENTH_TWU_TP000113","2021-05-03",0
"UKENTH_TWU_TP000113","2021-05-10",-32.5857548636482
"UKENTH_TWU_TP000113","2021-05-17",-31.4193478578179
"UKENTH_TWU_TP000113","2021-05-24",-29.6992097249299
"UKENTH_TWU_TP000113","2021-05-31",-39.4931033663522
"UKENTH_TWU_TP000113","2021-06-07",-28.9836283804934
"UKENTH_TWU_TP000113","2021-06-14",-27.3536803696826
"UKENTH_TWU_TP000113","2021-06-21",-27.8270229746942
"UKENTH_TWU_TP000113","2021-06-28",-27.9038135324152
"UKENTH_TWU_TP000113","2021-07-05",-27.9930845253192
"UKENTH_TWU_TP000113","2021-07-12",-28.6538808480918
"UKENTH_TWU_TP000113","2021-07-19",-31.3603406825823
"UKENTH_TWU_TP000113","2021-07-26",-35.0661620215919
"UKENTH_TWU_TP000113","2021-08-02",-36.4814648184311
"UKENTH_TWU_TP000113","2021-08-09",-36.7657719062316
"UKENTH_TWU_TP000113","2021-08-16",-36.4248516364055
"UKENTH_TWU_TP000113","2021-08-23",-35.8368626072295
"UKENTH_TWU_TP000113","2021-08-30",-38.3263400445255
"UKENTH_TWU_TP000113","2021-09-06",-29.3096594254369
"UKENTH_TWU_TP000113","2021-09-13",-29.2225376022841
"UKENTH_TWU_TP000113","2021-09-20",-29.3693015676069
"UKENTH_TWU_TP000113","2021-09-27",-28.6759086386161
"UKENTH_TWU_TP000113","2021-10-04",-28.6681769267753
"UKENTH_TWU_TP000113","2021-10-11",-27.3703659438181
"UKENTH_TWU_TP000113","2021-10-18",-28.1652327016472
"UKENTH_TWU_TP000113","2021-10-25",-32.8557144934682
"UKENTH_TWU_TP000113","2021-11-01",-29.0639270922694
"UKENTH_TWU_TP000113","2021-11-08",-26.9767910630618
"UKENTH_TWU_TP000113","2021-11-15",-26.245801591836
"UKENTH_TWU_TP000113","2021-11-22",-26.2028431686861
"UKENTH_TWU_TP000113","2021-11-29",-26.5962503477747
"UKENTH_TWU_TP000113","2021-12-06",-25.5648322152194
"UKENTH_TWU_TP000113","2021-12-13",-27.2023365015478
"UKENTH_TWU_TP000113","2021-12-20",-37.443027571981
"UKENTH_TWU_TP000113","2021-12-27",-64.1160751290735
"UKENTH_TWU_TP000113","2022-01-03",-47.3535821182741
"UKENTH_TWU_TP000113","2022-01-10",-30.0389425064475
"UKENTH_TWU_TP000113","2022-01-17",-28.5801112652139
"UKENTH_TWU_TP000113","2022-01-24",-27.5647895148542
"UKENTH_TWU_TP000113","2022-01-31",-26.4494726113087
"UKENTH_TWU_TP000113","2022-02-07",-26.177927383545
"UKENTH_TWU_TP000113","2022-02-14",-31.7824709057918
"UKENTH_TWU_TP000113","2022-02-21",-28.8128966697064
"UKENTH_TWU_TP000113","2022-02-28",-26.0969945074906
"UKENTH_TWU_TP000113","2022-03-07",-24.7996857468711
"UKENTH_TWU_TP000113","2022-03-14",-24.5931493402004
"UKENTH_TWU_TP000113","2022-03-21",-24.6772405619628
"UKENTH_TWU_TP000113","2022-03-28",-24.6481473296001
"UKENTH_TWU_TP000113","2022-04-04",-29.6844589848289
"UKENTH_TWU_TP000113","2022-04-11",-31.6685463718435
"UKENTH_TWU_TP000113","2022-04-18",-39.9627718013268
"UKENTH_TWU_TP000113","2022-04-25",-23.5437444783604
"UKENTH_TWU_TP000116","2021-05-03",0
"UKENTH_TWU_TP000116","2021-05-10",-28.5569379941655
"UKENTH_TWU_TP000116","2021-05-17",-26.7013204609451
"UKENTH_TWU_TP000116","2021-05-24",-24.2750370182573
"UKENTH_TWU_TP000116","2021-05-31",-36.2666477366839
"UKENTH_TWU_TP000116","2021-06-07",-23.9801707890084
"UKENTH_TWU_TP000116","2021-06-14",-21.978645465086
"UKENTH_TWU_TP000116","2021-06-21",-22.6944565032941
"UKENTH_TWU_TP000116","2021-06-28",-22.6982698131002
"UKENTH_TWU_TP000116","2021-07-05",-22.5577006561267
"UKENTH_TWU_TP000116","2021-07-12",-24.2727490323736
"UKENTH_TWU_TP000116","2021-07-19",-26.4209448089593
"UKENTH_TWU_TP000116","2021-07-26",-31.9740694933187
"UKENTH_TWU_TP000116","2021-08-02",-32.4117928654247
"UKENTH_TWU_TP000116","2021-08-09",-33.124553255788
"UKENTH_TWU_TP000116","2021-08-16",-32.1291292275553
"UKENTH_TWU_TP000116","2021-08-23",-31.697507151139
"UKENTH_TWU_TP000116","2021-08-30",-33.2757996802185
"UKENTH_TWU_TP000116","2021-09-06",-21.7020831229063
"UKENTH_TWU_TP000116","2021-09-13",-22.4156061752308
"UKENTH_TWU_TP000116","2021-09-20",-23.1291292275553
"UKENTH_TWU_TP000116","2021-09-27",-23.9839840988145
"UKENTH_TWU_TP000116","2021-10-04",-23.27046104649
"UKENTH_TWU_TP000116","2021-10-11",-20.7028457848675
"UKENTH_TWU_TP000116","2021-10-18",-22.6936938413329
"UKENTH_TWU_TP000116","2021-10-25",-31.2567331311881
"UKENTH_TWU_TP000116","2021-11-01",-23.8396016320349
"UKENTH_TWU_TP000116","2021-11-08",-20.5599886420103
"UKENTH_TWU_TP000116","2021-11-15",-21.551599360437
"UKENTH_TWU_TP000116","2021-11-22",-22.9725441693962
"UKENTH_TWU_TP000116","2021-11-29",-23.6914058554493
"UKENTH_TWU_TP000116","2021-12-06",-21.5462607267085
"UKENTH_TWU_TP000116","2021-12-13",-22.117689298137
"UKENTH_TWU_TP000116","2021-12-20",-31.6891178695656
"UKENTH_TWU_TP000116","2021-12-27",-65.9870347466593
"UKENTH_TWU_TP000116","2022-01-03",-43.5577006561267
"UKENTH_TWU_TP000116","2022-01-10",-22.9847467607757
"UKENTH_TWU_TP000116","2022-01-17",-21.5592259800491
"UKENTH_TWU_TP000116","2022-01-24",-21.2719863704124
"UKENTH_TWU_TP000116","2022-01-31",-21.128366565594
"UKENTH_TWU_TP000116","2022-02-07",-20.6944565032941
"UKENTH_TWU_TP000116","2022-02-14",-20.8357883222288
"UKENTH_TWU_TP000116","2022-02-21",-29.2757996802185
"UKENTH_TWU_TP000116","2022-02-28",-20.4209448089593
"UKENTH_TWU_TP000116","2022-03-07",-20.2613091029554
"UKENTH_TWU_TP000116","2022-03-14",-21.6883552076044
"UKENTH_TWU_TP000116","2022-03-21",-21.8350256602676
"UKENTH_TWU_TP000116","2022-03-28",-23.3957769642392
"UKENTH_TWU_TP000116","2022-04-04",-20.2651224127615
"UKENTH_TWU_TP000116","2022-04-11",-28.5401594310187
"UKENTH_TWU_TP000116","2022-04-18",-43.4079795556186
"UKENTH_TWU_TP000116","2022-04-25",-19.83655098419
"UKENTH_TWU_TP000122","2021-05-03",0
"UKENTH_TWU_TP000122","2021-05-10",-33.1728459980668
"UKENTH_TWU_TP000122","2021-05-17",-32.654002723081
"UKENTH_TWU_TP000122","2021-05-24",-31.1555625370321
"UKENTH_TWU_TP000122","2021-05-31",-40.5398562702284
"UKENTH_TWU_TP000122","2021-06-07",-30.4582664778632
"UKENTH_TWU_TP000122","2021-06-14",-29.5928990778346
"UKENTH_TWU_TP000122","2021-06-21",-29.6685445097492
"UKENTH_TWU_TP000122","2021-06-28",-30.0237676601078
"UKENTH_TWU_TP000122","2021-07-05",-29.0629946757092
"UKENTH_TWU_TP000122","2021-07-12",-29.7657538593451
"UKENTH_TWU_TP000122","2021-07-19",-32.7367426993545
"UKENTH_TWU_TP000122","2021-07-26",-36.0429835623163
"UKENTH_TWU_TP000122","2021-08-02",-36.5079358162341
"UKENTH_TWU_TP000122","2021-08-09",-37.6851697855929
"UKENTH_TWU_TP000122","2021-08-16",-37.6759767272867
"UKENTH_TWU_TP000122","2021-08-23",-37.0453257258055
"UKENTH_TWU_TP000122","2021-08-30",-39.9348259284058
"UKENTH_TWU_TP000122","2021-09-06",-31.1922639075084
"UKENTH_TWU_TP000122","2021-09-13",-31.0181020046037
"UKENTH_TWU_TP000122","2021-09-20",-30.1722557568007
"UKENTH_TWU_TP000122","2021-09-27",-29.7398289784959
"UKENTH_TWU_TP000122","2021-10-04",-29.7514198852195
"UKENTH_TWU_TP000122","2021-10-11",-27.9615787746924
"UKENTH_TWU_TP000122","2021-10-18",-28.8173014644307
"UKENTH_TWU_TP000122","2021-10-25",-35.005016690425
"UKENTH_TWU_TP000122","2021-11-01",-30.649951168741
"UKENTH_TWU_TP000122","2021-11-08",-27.8592929918551
"UKENTH_TWU_TP000122","2021-11-15",-28.0174031422373
"UKENTH_TWU_TP000122","2021-11-22",-27.372304972882
"UKENTH_TWU_TP000122","2021-11-29",-27.2630287605143
"UKENTH_TWU_TP000122","2021-12-06",-26.7332463541701
"UKENTH_TWU_TP000122","2021-12-13",-29.4650755996525
"UKENTH_TWU_TP000122","2021-12-20",-36.7800603669984
"UKENTH_TWU_TP000122","2021-12-27",-65.092642685787
"UKENTH_TWU_TP000122","2022-01-03",-47.441441652579
"UKENTH_TWU_TP000122","2022-01-10",-30.7375544080083
"UKENTH_TWU_TP000122","2022-01-17",-29.7988269120994
"UKENTH_TWU_TP000122","2022-01-24",-29.4613892019826
"UKENTH_TWU_TP000122","2022-01-31",-27.33292547593
"UKENTH_TWU_TP000122","2022-02-07",-27.7233326721912
"UKENTH_TWU_TP000122","2022-02-14",-27.546098021467
"UKENTH_TWU_TP000122","2022-02-21",-35.4561505541329
"UKENTH_TWU_TP000122","2022-02-28",-28.2558970029544
"UKENTH_TWU_TP000122","2022-03-07",-25.6396595966487
"UKENTH_TWU_TP000122","2022-03-14",-26.447253840769
"UKENTH_TWU_TP000122","2022-03-21",-26.5218449736193
"UKENTH_TWU_TP000122","2022-03-28",-27.6265079725375
"UKENTH_TWU_TP000122","2022-04-04",-27.4022502742539
"UKENTH_TWU_TP000122","2022-04-11",-32.3915305018439
"UKENTH_TWU_TP000122","2022-04-18",-46.4312462859494
"UKENTH_TWU_TP000122","2022-04-25",-27.3960722347427
"UKENTH_TWU_TP000125","2021-05-03",0
"UKENTH_TWU_TP000125","2021-05-10",-30.5314376405284
"UKENTH_TWU_TP000125","2021-05-17",-30.1402024905396
"UKENTH_TWU_TP000125","2021-05-24",-28.7893825061886
"UKENTH_TWU_TP000125","2021-05-31",-39.8445651594863
"UKENTH_TWU_TP000125","2021-06-07",-27.9404590088023
"UKENTH_TWU_TP000125","2021-06-14",-25.5371309384745
"UKENTH_TWU_TP000125","2021-06-21",-26.0283489888741
"UKENTH_TWU_TP000125","2021-06-28",-26.5865594782876
"UKENTH_TWU_TP000125","2021-07-05",-26.1827630165272
"UKENTH_TWU_TP000125","2021-07-12",-27.2515011009933
"UKENTH_TWU_TP000125","2021-07-19",-30.6085150010481
"UKENTH_TWU_TP000125","2021-07-26",-35.4448006722071
"UKENTH_TWU_TP000125","2021-08-02",-36.188567894825
"UKENTH_TWU_TP000125","2021-08-09",-37.1932868033911
"UKENTH_TWU_TP000125","2021-08-16",-36.5656299952287
"UKENTH_TWU_TP000125","2021-08-23",-36.3284496275217
"UKENTH_TWU_TP000125","2021-08-30",-38.6135008706621
"UKENTH_TWU_TP000125","2021-09-06",-27.7795643781049
"UKENTH_TWU_TP000125","2021-09-13",-27.7998805346531
"UKENTH_TWU_TP000125","2021-09-20",-27.728063915485
"UKENTH_TWU_TP000125","2021-09-27",-28.0334243307857
"UKENTH_TWU_TP000125","2021-10-04",-27.7432182692714
"UKENTH_TWU_TP000125","2021-10-11",-26.506262019932
"UKENTH_TWU_TP000125","2021-10-18",-26.7045165471192
"UKENTH_TWU_TP000125","2021-10-25",-33.6616793128947
"UKENTH_TWU_TP000125","2021-11-01",-28.582727898347
"UKENTH_TWU_TP000125","2021-11-08",-26.1587987255655
"UKENTH_TWU_TP000125","2021-11-15",-25.9996000453332
"UKENTH_TWU_TP000125","2021-11-22",-26.3678559359575
"UKENTH_TWU_TP000125","2021-11-29",-26.7234263125282
"UKENTH_TWU_TP000125","2021-12-06",-25.8130023698654
"UKENTH_TWU_TP000125","2021-12-13",-26.1550028687811
"UKENTH_TWU_TP000125","2021-12-20",-36.86603356873
"UKENTH_TWU_TP000125","2021-12-27",-66.5720944020583
"UKENTH_TWU_TP000125","2022-01-03",-48.4031922908955
"UKENTH_TWU_TP000125","2022-01-10",-28.0808444864959
"UKENTH_TWU_TP000125","2022-01-17",-26.6641811657943
"UKENTH_TWU_TP000125","2022-01-24",-25.5449554675979
"UKENTH_TWU_TP000125","2022-01-31",-24.6354901267327
"UKENTH_TWU_TP000125","2022-02-07",-24.9261829560383
"UKENTH_TWU_TP000125","2022-02-14",-31.4794999785301
"UKENTH_TWU_TP000125","2022-02-21",-28.2364027371385
"UKENTH_TWU_TP000125","2022-02-28",-25.057741926609
"UKENTH_TWU_TP000125","2022-03-07",-24.5662883333231
"UKENTH_TWU_TP000125","2022-03-14",-23.9600122049465
"UKENTH_TWU_TP000125","2022-03-21",-24.763697216468
"UKENTH_TWU_TP000125","2022-03-28",-24.4477343958048
"UKENTH_TWU_TP000125","2022-04-04",-30.2882833612864
"UKENTH_TWU_TP000125","2022-04-11",-32.0785026666257
"UKENTH_TWU_TP000125","2022-04-18",-39.1950665445184
"UKENTH_TWU_TP000125","2022-04-25",-21.8597065373598
"UKENTH_TWU_TP000126","2021-05-03",0
"UKENTH_TWU_TP000126","2021-05-10",-24.3293775277798
"UKENTH_TWU_TP000126","2021-05-17",-23.5047547637714
"UKENTH_TWU_TP000126","2021-05-24",-22.9614441563889
"UKENTH_TWU_TP000126","2021-05-31",-35.4978997378591
"UKENTH_TWU_TP000126","2021-06-07",-23.4217542674369
"UKENTH_TWU_TP000126","2021-06-14",-20.6804012104496
"UKENTH_TWU_TP000126","2021-06-21",-21.8520849276273
"UKENTH_TWU_TP000126","2021-06-28",-23.3036760313325
"UKENTH_TWU_TP000126","2021-07-05",-23.1411840515617
"UKENTH_TWU_TP000126","2021-07-12",-23.6287216769421
"UKENTH_TWU_TP000126","2021-07-19",-27.0105900043219
"UKENTH_TWU_TP000126","2021-07-26",-30.6764180632829
"UKENTH_TWU_TP000126","2021-08-02",-31.2229468896205
"UKENTH_TWU_TP000126","2021-08-09",-31.858299822851
"UKENTH_TWU_TP000126","2021-08-16",-31.3701710214592
"UKENTH_TWU_TP000126","2021-08-23",-31.6072265602574
"UKENTH_TWU_TP000126","2021-08-30",-34.3722499986742
"UKENTH_TWU_TP000126","2021-09-06",-23.1098808001814
"UKENTH_TWU_TP000126","2021-09-13",-23.1722826096894
"UKENTH_TWU_TP000126","2021-09-20",-23.8788876862977
"UKENTH_TWU_TP000126","2021-09-27",-23.9514451437907
"UKENTH_TWU_TP000126","2021-10-04",-23.7614854463928
"UKENTH_TWU_TP000126","2021-10-11",-22.0823560324627
"UKENTH_TWU_TP000126","2021-10-18",-22.1848759433431
"UKENTH_TWU_TP000126","2021-10-25",-28.6713010106715
"UKENTH_TWU_TP000126","2021-11-01",-24.1328630596452
"UKENTH_TWU_TP000126","2021-11-08",-21.1262816372695
"UKENTH_TWU_TP000126","2021-11-15",-21.1050209864486
"UKENTH_TWU_TP000126","2021-11-22",-21.1437250031667
"UKENTH_TWU_TP000126","2021-11-29",-22.1162745470015
"UKENTH_TWU_TP000126","2021-12-06",-21.0293493811583
"UKENTH_TWU_TP000126","2021-12-13",-21.5449923311893
"UKENTH_TWU_TP000126","2021-12-20",-30.1846975255492
"UKENTH_TWU_TP000126","2021-12-27",-65.0462399605771
"UKENTH_TWU_TP000126","2022-01-03",-45.0870041388629
"UKENTH_TWU_TP000126","2022-01-10",-23.5929743348779
"UKENTH_TWU_TP000126","2022-01-17",-22.2015078803506
"UKENTH_TWU_TP000126","2022-01-24",-21.5495271221042
"UKENTH_TWU_TP000126","2022-01-31",-20.1835062668873
"UKENTH_TWU_TP000126","2022-02-07",-20.7974234675349
"UKENTH_TWU_TP000126","2022-02-14",-27.0979092265592
"UKENTH_TWU_TP000126","2022-02-21",-23.5712128028159
"UKENTH_TWU_TP000126","2022-02-28",-19.5524225093461
"UKENTH_TWU_TP000126","2022-03-07",-19.6711483707848
"UKENTH_TWU_TP000126","2022-03-14",-19.8353497318897
"UKENTH_TWU_TP000126","2022-03-21",-20.0523486666086
"UKENTH_TWU_TP000126","2022-03-28",-20.2703808437011
"UKENTH_TWU_TP000126","2022-04-04",-25.9173928294795
"UKENTH_TWU_TP000126","2022-04-11",-27.5480132739699
"UKENTH_TWU_TP000126","2022-04-18",-36.894964472192
"UKENTH_TWU_TP000126","2022-04-25",-17.0260464952824
"UKENTH_TWU_TP000133","2021-05-03",0
"UKENTH_TWU_TP000133","2021-05-10",-30.0427717934326
"UKENTH_TWU_TP000133","2021-05-17",-28.7878354223592
"UKENTH_TWU_TP000133","2021-05-24",-27.2478547149848
"UKENTH_TWU_TP000133","2021-05-31",-39.0225615503887
"UKENTH_TWU_TP000133","2021-06-07",-27.9559826085982
"UKENTH_TWU_TP000133","2021-06-14",-25.8671644512382
"UKENTH_TWU_TP000133","2021-06-21",-26.6097897442519
"UKENTH_TWU_TP000133","2021-06-28",-26.5928230603367
"UKENTH_TWU_TP000133","2021-07-05",-25.8841514875844
"UKENTH_TWU_TP000133","2021-07-12",-26.6133531165234
"UKENTH_TWU_TP000133","2021-07-19",-32.2663982232271
"UKENTH_TWU_TP000133","2021-07-26",-34.9621666219544
"UKENTH_TWU_TP000133","2021-08-02",-35.4021616936234
"UKENTH_TWU_TP000133","2021-08-09",-35.9385231433406
"UKENTH_TWU_TP000133","2021-08-16",-34.4957795555429
"UKENTH_TWU_TP000133","2021-08-23",-34.6786008536823
"UKENTH_TWU_TP000133","2021-08-30",-37.2206266212621
"UKENTH_TWU_TP000133","2021-09-06",-28.0007774799057
"UKENTH_TWU_TP000133","2021-09-13",-27.0002188907676
"UKENTH_TWU_TP000133","2021-09-20",-27.849138210164
"UKENTH_TWU_TP000133","2021-09-27",-28.4480769833848
"UKENTH_TWU_TP000133","2021-10-04",-29.7523860217214
"UKENTH_TWU_TP000133","2021-10-11",-29.0592277739832
"UKENTH_TWU_TP000133","2021-10-18",-29.0713343812688
"UKENTH_TWU_TP000133","2021-10-25",-34.1896235589752
"UKENTH_TWU_TP000133","2021-11-01",-30.1002496910549
"UKENTH_TWU_TP000133","2021-11-08",-27.3174852046611
"UKENTH_TWU_TP000133","2021-11-15",-27.9329068619936
"UKENTH_TWU_TP000133","2021-11-22",-26.8243193962822
"UKENTH_TWU_TP000133","2021-11-29",-27.5096269085375
"UKENTH_TWU_TP000133","2021-12-06",-26.1492156406848
"UKENTH_TWU_TP000133","2021-12-13",-26.1819702016576
"UKENTH_TWU_TP000133","2021-12-20",-35.1356975396587
"UKENTH_TWU_TP000133","2021-12-27",-62.7856215071488
"UKENTH_TWU_TP000133","2022-01-03",-47.2835772457946
"UKENTH_TWU_TP000133","2022-01-10",-30.3308243857002
"UKENTH_TWU_TP000133","2022-01-17",-29.0874640679469
"UKENTH_TWU_TP000133","2022-01-24",-28.6306585603172
"UKENTH_TWU_TP000133","2022-01-31",-27.9535240500804
"UKENTH_TWU_TP000133","2022-02-07",-27.5877166564328
"UKENTH_TWU_TP000133","2022-02-14",-28.0820839258426
"UKENTH_TWU_TP000133","2022-02-21",-34.9061183514686
"UKENTH_TWU_TP000133","2022-02-28",-29.4543676291116
"UKENTH_TWU_TP000133","2022-03-07",-26.6561955400754
"UKENTH_TWU_TP000133","2022-03-14",-26.5980233453269
"UKENTH_TWU_TP000133","2022-03-21",-26.9012981470971
"UKENTH_TWU_TP000133","2022-03-28",-26.2713135809499
"UKENTH_TWU_TP000133","2022-04-04",-26.0597049811934
"UKENTH_TWU_TP000133","2022-04-11",-30.9355364095259
"UKENTH_TWU_TP000133","2022-04-18",-44.8363057179527
"UKENTH_TWU_TP000133","2022-04-25",-26.5341138309711
"UKENTH_TWU_TP000139","2021-05-03",0
"UKENTH_TWU_TP000139","2021-05-10",-24.3042438297459
"UKENTH_TWU_TP000139","2021-05-17",-24.4058029913659
"UKENTH_TWU_TP000139","2021-05-24",-24.1021001597029
"UKENTH_TWU_TP000139","2021-05-31",-37.338721276602
"UKENTH_TWU_TP000139","2021-06-07",-25.1617661830263
"UKENTH_TWU_TP000139","2021-06-14",-23.2628758423768
"UKENTH_TWU_TP000139","2021-06-21",-24.8106198838615
"UKENTH_TWU_TP000139","2021-06-28",-24.5721986609967
"UKENTH_TWU_TP000139","2021-07-05",-24.7503568695278
"UKENTH_TWU_TP000139","2021-07-12",-25.304923157081
"UKENTH_TWU_TP000139","2021-07-19",-26.3577642445412
"UKENTH_TWU_TP000139","2021-07-26",-30.6786287022235
"UKENTH_TWU_TP000139","2021-08-02",-33.9108997928146
"UKENTH_TWU_TP000139","2021-08-09",-34.2318411033788
"UKENTH_TWU_TP000139","2021-08-16",-33.9459771465926
"UKENTH_TWU_TP000139","2021-08-23",-33.7795852671269
"UKENTH_TWU_TP000139","2021-08-30",-36.3450932868207
"UKENTH_TWU_TP000139","2021-09-06",-25.160788980708
"UKENTH_TWU_TP000139","2021-09-13",-25.4222936039608
"UKENTH_TWU_TP000139","2021-09-20",-26.1369555132725
"UKENTH_TWU_TP000139","2021-09-27",-26.113497018229
"UKENTH_TWU_TP000139","2021-10-04",-25.8806972494819
"UKENTH_TWU_TP000139","2021-10-11",-24.422596124953
"UKENTH_TWU_TP000139","2021-10-18",-26.7433843410703
"UKENTH_TWU_TP000139","2021-10-25",-33.3437425792711
"UKENTH_TWU_TP000139","2021-11-01",-27.8567121547602
"UKENTH_TWU_TP000139","2021-11-08",-24.7136304441634
"UKENTH_TWU_TP000139","2021-11-15",-25.2674451975085
"UKENTH_TWU_TP000139","2021-11-22",-24.7379913671209
"UKENTH_TWU_TP000139","2021-11-29",-24.8805492900975
"UKENTH_TWU_TP000139","2021-12-06",-23.6066015779754
"UKENTH_TWU_TP000139","2021-12-13",-22.8100971782019
"UKENTH_TWU_TP000139","2021-12-20",-29.951676291026
"UKENTH_TWU_TP000139","2021-12-27",-64.8177268107326
"UKENTH_TWU_TP000139","2022-01-03",-47.0292475642762
"UKENTH_TWU_TP000139","2022-01-10",-26.2917313460617
"UKENTH_TWU_TP000139","2022-01-17",-25.6911476842775
"UKENTH_TWU_TP000139","2022-01-24",-25.9347381691958
"UKENTH_TWU_TP000139","2022-01-31",-24.1070506003963
"UKENTH_TWU_TP000139","2022-02-07",-24.648873112039
"UKENTH_TWU_TP000139","2022-02-14",-25.3337795350196
"UKENTH_TWU_TP000139","2022-02-21",-32.4745318501777
"UKENTH_TWU_TP000139","2022-02-28",-25.7975765212803
"UKENTH_TWU_TP000139","2022-03-07",-24.1963923412572
"UKENTH_TWU_TP000139","2022-03-14",-24.6541941236422
"UKENTH_TWU_TP000139","2022-03-21",-25.2669178642498
"UKENTH_TWU_TP000139","2022-03-28",-24.1594382731584
"UKENTH_TWU_TP000139","2022-04-04",-24.2491562090453
"UKENTH_TWU_TP000139","2022-04-11",-28.6416753861149
"UKENTH_TWU_TP000139","2022-04-18",-43.693684051793
"UKENTH_TWU_TP000139","2022-04-25",-23.2666934187735
"UKENTH_TWU_TP000155","2021-05-03",0
"UKENTH_TWU_TP000155","2021-05-10",-31.5576735124258
"UKENTH_TWU_TP000155","2021-05-17",-31.2882581287022
"UKENTH_TWU_TP000155","2021-05-24",-30.0128787811896
"UKENTH_TWU_TP000155","2021-05-31",-41.921383693729
"UKENTH_TWU_TP000155","2021-06-07",-30.6878977518137
"UKENTH_TWU_TP000155","2021-06-14",-27.9732564986559
"UKENTH_TWU_TP000155","2021-06-21",-28.2410897404408
"UKENTH_TWU_TP000155","2021-06-28",-28.2458760760691
"UKENTH_TWU_TP000155","2021-07-05",-27.8695217119078
"UKENTH_TWU_TP000155","2021-07-12",-30.11200368156
"UKENTH_TWU_TP000155","2021-07-19",-32.9806196272043
"UKENTH_TWU_TP000155","2021-07-26",-36.643310470106
"UKENTH_TWU_TP000155","2021-08-02",-37.6290776115051
"UKENTH_TWU_TP000155","2021-08-09",-37.8107015715992
"UKENTH_TWU_TP000155","2021-08-16",-37.8174767772392
"UKENTH_TWU_TP000155","2021-08-23",-36.7345662136504
"UKENTH_TWU_TP000155","2021-08-30",-38.6906241156978
"UKENTH_TWU_TP000155","2021-09-06",-28.1212277494924
"UKENTH_TWU_TP000155","2021-09-13",-29.2191763418876
"UKENTH_TWU_TP000155","2021-09-20",-28.3924538018406
"UKENTH_TWU_TP000155","2021-09-27",-27.5612891856486
"UKENTH_TWU_TP000155","2021-10-04",-28.5619941917471
"UKENTH_TWU_TP000155","2021-10-11",-27.6731983427962
"UKENTH_TWU_TP000155","2021-10-18",-28.6785405455102
"UKENTH_TWU_TP000155","2021-10-25",-36.6722431696757
"UKENTH_TWU_TP000155","2021-11-01",-29.8454378165563
"UKENTH_TWU_TP000155","2021-11-08",-26.7920717544087
"UKENTH_TWU_TP000155","2021-11-15",-27.9085292234538
"UKENTH_TWU_TP000155","2021-11-22",-28.2020679803898
"UKENTH_TWU_TP000155","2021-11-29",-28.7915497254894
"UKENTH_TWU_TP000155","2021-12-06",-27.2524188976728
"UKENTH_TWU_TP000155","2021-12-13",-29.6737650573197
"UKENTH_TWU_TP000155","2021-12-20",-39.8661354292733
"UKENTH_TWU_TP000155","2021-12-27",-68.1082553321247
"UKENTH_TWU_TP000155","2022-01-03",-50.0437829997366
"UKENTH_TWU_TP000155","2022-01-10",-31.1624504434409
"UKENTH_TWU_TP000155","2022-01-17",-29.2023003644262
"UKENTH_TWU_TP000155","2022-01-24",-29.2074535183153
"UKENTH_TWU_TP000155","2022-01-31",-29.4364254184509
"UKENTH_TWU_TP000155","2022-02-07",-27.7634885220655
"UKENTH_TWU_TP000155","2022-02-14",-34.8456884398614
"UKENTH_TWU_TP000155","2022-02-21",-31.3971907306118
"UKENTH_TWU_TP000155","2022-02-28",-26.6604149742533
"UKENTH_TWU_TP000155","2022-03-07",-25.4150839178324
"UKENTH_TWU_TP000155","2022-03-14",-26.2220761859061
"UKENTH_TWU_TP000155","2022-03-21",-26.9209796119022
"UKENTH_TWU_TP000155","2022-03-28",-27.0499537953361
"UKENTH_TWU_TP000155","2022-04-04",-33.0116149145572
"UKENTH_TWU_TP000155","2022-04-11",-34.6564060423095
"UKENTH_TWU_TP000155","2022-04-18",-41.6887579685706
"UKENTH_TWU_TP000155","2022-04-25",-24.6071321571293
"UKENTH_TWU_TP000159","2021-05-03",0
"UKENTH_TWU_TP000159","2021-05-10",-33.5731497726179
"UKENTH_TWU_TP000159","2021-05-17",-31.883398671489
"UKENTH_TWU_TP000159","2021-05-24",-30.3842024640726
"UKENTH_TWU_TP000159","2021-05-31",-38.997584315696
"UKENTH_TWU_TP000159","2021-06-07",-29.2823050864743
"UKENTH_TWU_TP000159","2021-06-14",-26.3247967724732
"UKENTH_TWU_TP000159","2021-06-21",-26.6647206912677
"UKENTH_TWU_TP000159","2021-06-28",-28.8910021071211
"UKENTH_TWU_TP000159","2021-07-05",-31.8351860074012
"UKENTH_TWU_TP000159","2021-07-12",-31.4484343010685
"UKENTH_TWU_TP000159","2021-07-19",-33.3552316413988
"UKENTH_TWU_TP000159","2021-07-26",-37.0531693102157
"UKENTH_TWU_TP000159","2021-08-02",-38.3782688263619
"UKENTH_TWU_TP000159","2021-08-09",-39.5823823567501
"UKENTH_TWU_TP000159","2021-08-16",-40.7153234633815
"UKENTH_TWU_TP000159","2021-08-23",-41.6092264119109
"UKENTH_TWU_TP000159","2021-08-30",-42.6514069876861
"UKENTH_TWU_TP000159","2021-09-06",-33.4989262918139
"UKENTH_TWU_TP000159","2021-09-13",-32.7127724104162
"UKENTH_TWU_TP000159","2021-09-20",-34.0506504204051
"UKENTH_TWU_TP000159","2021-09-27",-33.4100408937991
"UKENTH_TWU_TP000159","2021-10-04",-32.9363785422086
"UKENTH_TWU_TP000159","2021-10-11",-30.9601719091317
"UKENTH_TWU_TP000159","2021-10-18",-30.3504089335296
"UKENTH_TWU_TP000159","2021-10-25",-35.2414873089335
"UKENTH_TWU_TP000159","2021-11-01",-29.4174722964046
"UKENTH_TWU_TP000159","2021-11-08",-25.9757927194992
"UKENTH_TWU_TP000159","2021-11-15",-24.9442171802618
"UKENTH_TWU_TP000159","2021-11-22",-24.3886760825142
"UKENTH_TWU_TP000159","2021-11-29",-24.5202733720907
"UKENTH_TWU_TP000159","2021-12-06",-25.9179443646939
"UKENTH_TWU_TP000159","2021-12-13",-31.3366407626249
"UKENTH_TWU_TP000159","2021-12-20",-43.0201788686397
"UKENTH_TWU_TP000159","2021-12-27",-68.2885329401931
"UKENTH_TWU_TP000159","2022-01-03",-49.5604044927459
"UKENTH_TWU_TP000159","2022-01-10",-31.028354959532
"UKENTH_TWU_TP000159","2022-01-17",-29.4576761696956
"UKENTH_TWU_TP000159","2022-01-24",-27.8666269252651
"UKENTH_TWU_TP000159","2022-01-31",-27.5190813330255
"UKENTH_TWU_TP000159","2022-02-07",-27.0547582858802
"UKENTH_TWU_TP000159","2022-02-14",-27.2515391137398
"UKENTH_TWU_TP000159","2022-02-21",-34.0354819715241
"UKENTH_TWU_TP000159","2022-02-28",-26.905828668799
"UKENTH_TWU_TP000159","2022-03-07",-24.7267317556147
"UKENTH_TWU_TP000159","2022-03-14",-25.786989714893
"UKENTH_TWU_TP000159","2022-03-21",-27.248259802155
"UKENTH_TWU_TP000159","2022-03-28",-27.3989642347157
"UKENTH_TWU_TP000159","2022-04-04",-26.2687989542113
"UKENTH_TWU_TP000159","2022-04-11",-32.3443566625154
"UKENTH_TWU_TP000159","2022-04-18",-44.7500698744371
"UKENTH_TWU_TP000159","2022-04-25",-23.8178536436744
